PRT1
656
2226
4 0 2 (3072 2048 -1792 ) (3072 2048 1536 ) (2048 2048 1536 ) (2048 2048 -1792 ) 
4 0 1 (2048 2048 -1792 ) (2048 2048 1536 ) (2048 2304 1536 ) (2048 2304 -1792 ) 
4 1 12 (1024 2048 -1792 ) (1024 2048 1536 ) (1024 2304 1536 ) (1024 2304 -1792 ) 
4 1 3 (1024 2048 1536 ) (1024 2048 -1792 ) (2048 2048 -1792 ) (2048 2048 1536 ) 
4 2 4 (3072 1024 -1792 ) (3072 1024 1536 ) (2048 1024 1536 ) (2048 1024 -1792 ) 
4 2 3 (2048 2048 1536 ) (2048 2048 -1792 ) (2048 1024 -1792 ) (2048 1024 1536 ) 
4 3 17 (1024 1024 -1792 ) (1024 1024 -832 ) (1024 2048 -832 ) (1024 2048 -1792 ) 
4 3 14 (1024 1024 -832 ) (1024 1024 1536 ) (1024 2048 1536 ) (1024 2048 -832 ) 
4 3 5 (1024 1024 1536 ) (1024 1024 -1792 ) (2048 1024 -1792 ) (2048 1024 1536 ) 
4 4 6 (3072 0 -1792 ) (3072 0 1536 ) (2048 0 1536 ) (2048 0 -1792 ) 
4 4 5 (2048 1024 1536 ) (2048 1024 -1792 ) (2048 0 -1792 ) (2048 0 1536 ) 
4 5 26 (1024 0 -1792 ) (1024 0 451 ) (1024 1024 451 ) (1024 1024 -1792 ) 
4 5 25 (1024 409.018494 1536 ) (1024 438.700012 1536 ) (1024 200 451 ) (1024 188 451 ) 
4 5 23 (1024 438.700012 1536 ) (1024 1024 1536 ) (1024 1024 451 ) (1024 200 451 ) 
3 5 22 (1024 0 451 ) (1024 0 1373.909180 ) (1024 188 451 ) 
4 5 21 (1024 0 1373.909180 ) (1024 0 1536 ) (1024 409.018494 1536 ) (1024 188 451 ) 
4 5 7 (2048 0 -1792 ) (2048 0 1536 ) (1024 0 1536 ) (1024 0 -1792 ) 
4 6 8 (3072 -1024 -1792 ) (3072 -1024 1536 ) (2048 -1024 1536 ) (2048 -1024 -1792 ) 
4 6 7 (2048 -1024 -1792 ) (2048 -1024 1536 ) (2048 0 1536 ) (2048 0 -1792 ) 
4 7 321 (1024 -1024 -1792 ) (1024 -1024 1536 ) (1024 0 1536 ) (1024 0 -1792 ) 
4 7 9 (1024 -1024 1536 ) (1024 -1024 -1792 ) (2048 -1024 -1792 ) (2048 -1024 1536 ) 
4 8 10 (3072 -2048 -1792 ) (3072 -2048 1536 ) (2048 -2048 1536 ) (2048 -2048 -1792 ) 
4 8 9 (2048 -1024 1536 ) (2048 -1024 -1792 ) (2048 -2048 -1792 ) (2048 -2048 1536 ) 
4 9 638 (1024 -2048 -1792 ) (1024 -2048 -832 ) (1024 -1024 -832 ) (1024 -1024 -1792 ) 
4 9 635 (1024 -2048 -832 ) (1024 -2048 1536 ) (1024 -1024 1536 ) (1024 -1024 -832 ) 
4 9 11 (1024 -2048 1536 ) (1024 -2048 -1792 ) (2048 -2048 -1792 ) (2048 -2048 1536 ) 
4 10 11 (2048 -2048 1536 ) (2048 -2048 -1792 ) (2048 -2304 -1792 ) (2048 -2304 1536 ) 
4 11 642 (1024 -2304 -1792 ) (1024 -2304 1536 ) (1024 -2048 1536 ) (1024 -2048 -1792 ) 
4 12 17 (1024 2048 -1792 ) (1024 2048 -832 ) (0 2048 -832 ) (0 2048 -1792 ) 
4 12 15 (512 2048 1536 ) (0 2048 1536 ) (0 2048 -832 ) (512 2048 -832 ) 
4 12 14 (1024 2048 -832 ) (1024 2048 1536 ) (512 2048 1536 ) (512 2048 -832 ) 
4 12 13 (0 2048 -1792 ) (0 2048 1536 ) (0 2304 1536 ) (0 2304 -1792 ) 
4 13 309 (-1024 2048 -1792 ) (-1024 2048 1536 ) (-1024 2304 1536 ) (-1024 2304 -1792 ) 
4 13 20 (0 2048 -1792 ) (0 2048 -832 ) (-1024 2048 -832 ) (-1024 2048 -1792 ) 
4 13 18 (0 2048 -832 ) (0 2048 1536 ) (-1024 2048 1536 ) (-1024 2048 -832 ) 
4 14 35 (512 1024 43 ) (512 1024 -832 ) (608 1024 -832 ) (608 1024 43 ) 
4 14 34 (512 1024 91 ) (512 1024 43 ) (608 1024 43 ) (608 1024 91 ) 
4 14 31 (608 1024 451 ) (512 1024 451 ) (512 1024 91 ) (608 1024 91 ) 
4 14 30 (608 1024 43 ) (608 1024 -832 ) (656 1024 -832 ) (656 1024 43 ) 
4 14 29 (608 1024 91 ) (608 1024 43 ) (656 1024 43 ) (656 1024 91 ) 
4 14 27 (656 1024 451 ) (608 1024 451 ) (608 1024 91 ) (656 1024 91 ) 
4 14 26 (1024 1024 -832 ) (1024 1024 451 ) (656 1024 451 ) (656 1024 -832 ) 
4 14 23 (1024 1024 451 ) (1024 1024 1536 ) (512 1024 1536 ) (512 1024 451 ) 
4 14 17 (1024 1024 -832 ) (512 1024 -832 ) (512 2048 -832 ) (1024 2048 -832 ) 
4 14 16 (512 1024 0 ) (512 1024 1536 ) (512 1536 1536 ) (512 1536 0 ) 
4 14 15 (512 2048 -832 ) (512 1536 -832 ) (512 1536 1536 ) (512 2048 1536 ) 
4 15 18 (0 1536 1536 ) (0 2048 1536 ) (0 2048 -832 ) (0 1536 -832 ) 
4 15 17 (0 1536 -832 ) (0 2048 -832 ) (512 2048 -832 ) (512 1536 -832 ) 
4 15 16 (512 1536 0 ) (512 1536 1536 ) (0 1536 1536 ) (0 1536 0 ) 
4 16 194 (0 1024 91 ) (0 1024 0 ) (416 1024 0 ) (416 1024 91 ) 
4 16 61 (0 1024 451 ) (0 1024 91 ) (416 1024 91 ) (416 1024 451 ) 
4 16 60 (416 1024 1536 ) (241.018524 1024 1536 ) (20 1024 451 ) (416 1024 451 ) 
4 16 59 (241.018524 1024 1536 ) (0 1024 1536 ) (0 1024 451 ) (20 1024 451 ) 
4 16 51 (416 1024 91 ) (416 1024 0 ) (464 1024 0 ) (464 1024 91 ) 
4 16 43 (416 1024 451 ) (416 1024 91 ) (464 1024 91 ) (464 1024 451 ) 
4 16 36 (464 1024 0 ) (512 1024 0 ) (512 1024 43 ) (464 1024 43 ) 
4 16 34 (512 1024 43 ) (512 1024 91 ) (464 1024 91 ) (464 1024 43 ) 
4 16 31 (512 1024 91 ) (512 1024 451 ) (464 1024 451 ) (464 1024 91 ) 
3 16 24 (416 1024 509.908936 ) (416 1024 451 ) (428 1024 451 ) 
5 16 23 (512 1024 1536 ) (416 1024 1536 ) (416 1024 509.908936 ) (428 1024 451 ) (512 1024 451 ) 
4 16 19 (0 1024 0 ) (0 1024 1536 ) (0 1536 1536 ) (0 1536 0 ) 
4 17 198 (416 1024 -832 ) (0 1024 -832 ) (0 1024 -1792 ) (416 1024 -1792 ) 
4 17 58 (464 1024 -832 ) (416 1024 -832 ) (416 1024 -1792 ) (464 1024 -1792 ) 
4 17 42 (608 1024 -832 ) (464 1024 -832 ) (464 1024 -1792 ) (608 1024 -1792 ) 
4 17 30 (656 1024 -832 ) (608 1024 -832 ) (608 1024 -1792 ) (656 1024 -1792 ) 
4 17 26 (1024 1024 -1792 ) (1024 1024 -832 ) (656 1024 -832 ) (656 1024 -1792 ) 
4 17 20 (0 1024 -1792 ) (0 1024 -832 ) (0 2048 -832 ) (0 2048 -1792 ) 
4 18 311 (-1024 1536 1536 ) (-1024 2048 1536 ) (-1024 2048 -832 ) (-1024 1536 -832 ) 
4 18 20 (-1024 2048 -832 ) (0 2048 -832 ) (0 1536 -832 ) (-1024 1536 -832 ) 
4 18 19 (0 1536 0 ) (0 1536 1536 ) (-1024 1536 1536 ) (-1024 1536 0 ) 
4 19 312 (-1024 1024 0 ) (-1024 1024 1536 ) (-1024 1536 1536 ) (-1024 1536 0 ) 
4 19 216 (-112 1024 0 ) (-16 1024 0 ) (-16 1024 31 ) (-112 1024 31 ) 
4 19 218 (-1024 1024 31 ) (-1024 1024 0 ) (-112 1024 0 ) (-112 1024 31 ) 
4 19 215 (-1024 1024 1536 ) (-1024 1024 31 ) (-16 1024 31 ) (-16 1024 1536 ) 
4 19 212 (-16 1024 0 ) (0 1024 0 ) (0 1024 91 ) (-16 1024 91 ) 
4 19 199 (0 1024 91 ) (0 1024 1536 ) (-16 1024 1536 ) (-16 1024 91 ) 
4 20 314 (-1024 1024 -1792 ) (-1024 1024 -832 ) (-1024 2048 -832 ) (-1024 2048 -1792 ) 
4 20 226 (-1024 1024 -832 ) (-1024 1024 -1792 ) (-16 1024 -1792 ) (-16 1024 -832 ) 
4 20 214 (-16 1024 -1792 ) (0 1024 -1792 ) (0 1024 -832 ) (-16 1024 -832 ) 
4 21 376 (464 0 1536 ) (416 0 1536 ) (416 0 1396.454468 ) (464 0 1396.454468 ) 
4 21 339 (416 0 1396.454468 ) (416 0 1373.909180 ) (464 0 1373.909180 ) (464 0 1396.454468 ) 
4 21 328 (608 0 1536 ) (464 0 1536 ) (464 0 1373.909180 ) (608 0 1373.909180 ) 
4 21 322 (656 0 1536 ) (608 0 1536 ) (608 0 1373.909180 ) (656 0 1373.909180 ) 
4 21 321 (1024 0 1373.909180 ) (1024 0 1536 ) (656 0 1536 ) (656 0 1373.909180 ) 
5 21 170 (416 0 1373.909180 ) (416 0 1536 ) (416 201.686996 1536 ) (416 201.686996 602.183655 ) (416 155.436829 610.855591 ) 
4 21 163 (416 191.767059 501.250031 ) (416 177.763885 501.250031 ) (416 176 509.908966 ) (416 186.060028 509.908966 ) 
3 21 162 (416 176 509.908966 ) (416 171.499985 532 ) (416 186.060028 509.908966 ) 
6 21 161 (416 201.686996 549.943237 ) (416 201.686996 518.190674 ) (416 198.236115 501.250031 ) (416 191.767059 501.250031 ) (416 171.499985 532 ) (416 162.660172 575.395508 ) 
4 21 160 (416 198.236115 501.250031 ) (416 193.031921 475.702148 ) (416 178.539993 497.440033 ) (416 177.763885 501.250031 ) 
3 21 159 (416 193.031921 475.702148 ) (416 188 451 ) (416 178.539993 497.440033 ) 
4 21 150 (416 201.686996 602.183655 ) (416 201.686996 549.943237 ) (416 162.660172 575.395508 ) (416 155.436829 610.855591 ) 
3 21 63 (416 201.686996 1536 ) (416 409.018494 1536 ) (416 201.686996 518.190674 ) 
5 21 25 (1024 188 451 ) (428 188 451 ) (416 200 509.908905 ) (416 409.019043 1536 ) (1024 409.019043 1536 ) 
5 21 22 (428 188 451 ) (1024 188 451 ) (1024 0 1373.909180 ) (416 0 1373.909058 ) (416 176 509.908936 ) 
5 22 339 (464 0 1373.909180 ) (416 0 1373.909180 ) (416 0 509.908936 ) (428 0 451 ) (464 0 451 ) 
4 22 328 (608 0 1373.909180 ) (464 0 1373.909180 ) (464 0 451 ) (608 0 451 ) 
4 22 322 (656 0 1373.909180 ) (608 0 1373.909180 ) (608 0 451 ) (656 0 451 ) 
4 22 321 (1024 0 451 ) (1024 0 1373.909180 ) (656 0 1373.909180 ) (656 0 451 ) 
4 22 174 (416 0 640 ) (416 0 652.439941 ) (416 59 643 ) (416 89.263206 623.263123 ) 
3 22 172 (416 0 652.439941 ) (416 0 681.478271 ) (416 59 643 ) 
4 22 170 (416 0 681.478271 ) (416 0 1373.909180 ) (416 155.436844 610.855530 ) (416 89.263206 623.263123 ) 
4 22 169 (416 0 607 ) (416 0 640 ) (416 89.263206 623.263123 ) (416 114.199966 607 ) 
6 22 162 (416 105.499977 607 ) (416 114.199966 607 ) (416 128 598 ) (416 171.500000 532 ) (416 176 509.908936 ) (416 170.227356 509.908936 ) 
3 22 161 (416 128 598 ) (416 162.660172 575.395508 ) (416 171.500000 532 ) 
4 22 157 (416 0 509.908905 ) (416 0 607 ) (416 105.499977 607 ) (416 170.227356 509.908936 ) 
3 22 150 (416 89.263206 623.263123 ) (416 155.436844 610.855530 ) (416 162.660172 575.395508 ) 
4 22 50 (464 0 451 ) (428 0 451 ) (428 128 451 ) (464 128 451 ) 
4 22 33 (596 0 451 ) (464 0 451 ) (464 128 451 ) (596 128 451 ) 
4 22 31 (464 176 451 ) (464 188 451 ) (608 188 451 ) (608 176 451 ) 
4 22 27 (608 176 451 ) (608 188 451 ) (656 188 451 ) (656 176 451 ) 
4 22 26 (1024 0 451 ) (656 0 451 ) (656 188 451 ) (1024 188 451 ) 
4 23 147 (416 584 525.172424 ) (416 584 509.908905 ) (416 571.040039 509.908905 ) (416 559.506226 562.335449 ) 
4 23 146 (416 584 1107.792969 ) (416 584 525.172424 ) (416 559.506226 562.335449 ) (416 475.666565 943.424988 ) 
4 23 144 (416 571.040039 509.908905 ) (416 212.959961 509.908905 ) (416 224.493790 562.335388 ) (416 475.666565 943.424988 ) 
4 23 142 (416 438.700012 1536 ) (416 584 1536 ) (416 584 1107.792969 ) (416 224.493790 562.335388 ) 
4 23 60 (416 584 1536 ) (416 1024 1536 ) (416 1024 509.908936 ) (416 584 509.908905 ) 
4 23 47 (464 416 451 ) (464 415.717987 451 ) (428 415.717987 451 ) (428 416 451 ) 
4 23 45 (464 536 451 ) (464 535.718018 451 ) (428 535.718018 451 ) (428 536 451 ) 
4 23 43 (428 1024 451 ) (464 1024 451 ) (464 656 451 ) (428 656 451 ) 
4 23 31 (464 1024 451 ) (608 1024 451 ) (608 200 451 ) (464 200 451 ) 
4 23 27 (608 1024 451 ) (656 1024 451 ) (656 200 451 ) (608 200 451 ) 
4 23 26 (656 1024 451 ) (1024 1024 451 ) (1024 200 451 ) (656 200 451 ) 
5 23 25 (428 200 451 ) (1024 200 451 ) (1024 438.700195 1536 ) (416 438.700195 1536 ) (416 212.960175 509.908936 ) 
4 23 24 (428 1024 451 ) (428 596 451 ) (416 584 509.909821 ) (416 1024 509.909821 ) 
4 24 60 (416 1024 509.908936 ) (416 1024 451 ) (416 596 451 ) (416 584 509.908905 ) 
4 24 43 (416 656 451 ) (416 1024 451 ) (428 1024 451 ) (428 656 451 ) 
3 25 184 (416 201.686996 509.908905 ) (416 200 509.908905 ) (416 201.686996 518.190735 ) 
5 25 144 (416 224.493774 562.335327 ) (416 212.959961 509.908936 ) (416 201.686996 509.908905 ) (416 201.686996 518.190735 ) (416 204.500000 532 ) 
4 25 142 (416 409.018494 1536 ) (416 438.700012 1536 ) (416 224.493774 562.335327 ) (416 204.500000 532 ) 
4 25 31 (464 200 451 ) (608 200 451 ) (608 188 451 ) (464 188 451 ) 
4 25 27 (608 200 451 ) (656 200 451 ) (656 188 451 ) (608 188 451 ) 
4 25 26 (656 200 451 ) (1024 200 451 ) (1024 188 451 ) (656 188 451 ) 
4 26 321 (1024 0 -1792 ) (1024 0 451 ) (656 0 451 ) (656 0 -1792 ) 
4 26 30 (656 0 -1792 ) (656 0 43 ) (656 1024 43 ) (656 1024 -1792 ) 
4 26 29 (656 176 91 ) (656 1024 91 ) (656 1024 43 ) (656 176 43 ) 
7 26 28 (656 0 163 ) (656 0 400.730225 ) (656 11.773373 399.060028 ) (656 34.798820 385.827850 ) (656 50.456879 366.309875 ) (656 56 343 ) (656 56 163 ) 
4 26 27 (656 176 451 ) (656 1024 451 ) (656 1024 91 ) (656 176 91 ) 
4 27 31 (608 176 451 ) (608 1024 451 ) (608 1024 91 ) (608 176 91 ) 
4 27 29 (608 232 91 ) (608 1024 91 ) (656 1024 91 ) (656 176 91 ) 
4 28 323 (656 0 163 ) (656 0 400.730225 ) (608 0 400.730225 ) (608 0 163 ) 
7 28 32 (608 0 163 ) (608 0 400.730225 ) (608 11.774011 399.059937 ) (608 34.798454 385.828308 ) (608 50.456879 366.309875 ) (608 56 343 ) (608 56 163 ) 
4 29 34 (608 232 91 ) (608 1024 91 ) (608 1024 43 ) (608 232 43 ) 
4 29 30 (608 232 43 ) (608 1024 43 ) (656 1024 43 ) (656 176 43 ) 
4 30 327 (656 0 -1792 ) (656 0 43 ) (608 0 43 ) (608 0 -1792 ) 
4 30 42 (608 0 -1792 ) (608 0 -832 ) (608 1024 -832 ) (608 1024 -1792 ) 
4 30 37 (608 0 -832 ) (608 0 43 ) (608 704 43 ) (608 704 -832 ) 
4 30 35 (608 704 43 ) (608 1024 43 ) (608 1024 -832 ) (608 704 -832 ) 
4 31 49 (464 295.859009 451 ) (464 296 451 ) (464 296 408.169983 ) (464 295.859009 409 ) 
12 31 48 (464 259.860168 451 ) (464 259.918213 451 ) (464 273.729218 448.255920 ) (464 285.265717 438.974579 ) (464 293.086884 425.321686 ) (464 296 408.169983 ) (464 296 307 ) (464 224 307 ) (464 224 409.753845 ) (464 226.911377 425.317139 ) (464 234.741928 438.981110 ) (464 246.251007 448.239990 ) 
4 31 47 (464 415.717987 451 ) (464 416 451 ) (464 416 407.338684 ) (464 415.717987 409 ) 
12 31 46 (464 379.724243 451 ) (464 379.729889 451 ) (464 393.584595 448.247437 ) (464 405.129211 438.958954 ) (464 412.948364 425.315857 ) (464 416 407.338684 ) (464 416 307 ) (464 344 307 ) (464 344 410.503174 ) (464 346.769684 425.316223 ) (464 354.601501 438.982147 ) (464 366.108704 448.239502 ) 
4 31 45 (464 535.718018 451 ) (464 536 451 ) (464 536 407.338806 ) (464 535.718018 409 ) 
11 31 44 (464 499.722168 451 ) (464 513.607361 448.241150 ) (464 525.114807 438.981201 ) (464 532.948486 425.312500 ) (464 536 407.338806 ) (464 536 307 ) (464 464 307 ) (464 464 410.501801 ) (464 466.772308 425.317047 ) (464 474.604340 438.983093 ) (464 486.111267 448.240234 ) 
4 31 43 (464 656 451 ) (464 1024 451 ) (464 1024 91 ) (464 656 91 ) 
4 31 34 (464 400 91 ) (464 1024 91 ) (608 1024 91 ) (608 232 91 ) 
4 32 329 (608 0 115 ) (608 0 448.276123 ) (596 0 448.276123 ) (596 0 115 ) 
7 32 33 (596 128 307 ) (596 128 115 ) (596 0 115 ) (596 0 448.276123 ) (596 39.553986 441.542389 ) (596 85.585442 409.798981 ) (596 116.915405 362.936951 ) 
4 33 330 (596 0 451 ) (464 0 451 ) (464 0 115 ) (596 0 115 ) 
4 33 50 (464 0 115 ) (464 0 451 ) (464 128 451 ) (464 128 115 ) 
4 34 52 (464 400 91 ) (464 704 91 ) (464 704 43 ) (464 400 43 ) 
4 34 51 (464 704 91 ) (464 1024 91 ) (464 1024 43 ) (464 704 43 ) 
4 34 38 (464 400 43 ) (464 704 43 ) (524 704 43 ) (524 330 43 ) 
4 34 37 (524 704 43 ) (608 704 43 ) (608 232 43 ) (524 330 43 ) 
4 34 36 (464 704 43 ) (464 1024 43 ) (512 1024 43 ) (512 704 43 ) 
4 34 35 (512 1024 43 ) (608 1024 43 ) (608 704 43 ) (512 704 43 ) 
4 35 42 (512 1024 -832 ) (608 1024 -832 ) (608 704 -832 ) (512 704 -832 ) 
4 35 38 (512 704 -832 ) (524 704 -832 ) (524 704 43 ) (512 704 43 ) 
4 35 37 (524 704 -832 ) (608 704 -832 ) (608 704 43 ) (524 704 43 ) 
4 35 36 (512 704 0 ) (512 704 43 ) (512 1024 43 ) (512 1024 0 ) 
4 36 51 (464 704 43 ) (464 1024 43 ) (464 1024 0 ) (464 704 0 ) 
4 36 38 (512 704 0 ) (512 704 43 ) (464 704 43 ) (464 704 0 ) 
4 37 333 (608 0 -832 ) (608 0 43 ) (524 0 43 ) (524 0 -832 ) 
4 37 42 (524 704 -832 ) (608 704 -832 ) (608 0 -832 ) (524 0 -832 ) 
4 37 39 (524 2 -137 ) (524 2 43 ) (524 62 43 ) (524 62 -137 ) 
4 37 40 (524 62 -832 ) (524 2 -832 ) (524 2 -149 ) (524 62 -149 ) 
4 37 38 (524 704 43 ) (524 704 -832 ) (524 62 -832 ) (524 62 43 ) 
4 37 41 (524 2 -832 ) (524 0 -832 ) (524 0 43 ) (524 2 43 ) 
4 38 53 (464 62 43 ) (464 704 43 ) (464 704 -832 ) (464 62 -832 ) 
4 38 42 (464 62 -832 ) (464 704 -832 ) (524 704 -832 ) (524 62 -832 ) 
4 38 39 (524 62 -137 ) (524 62 43 ) (464 62 43 ) (464 62 -137 ) 
4 38 40 (464 62 -832 ) (524 62 -832 ) (524 62 -149 ) (464 62 -149 ) 
4 39 54 (464 2 43 ) (464 62 43 ) (464 62 -137 ) (464 2 -137 ) 
4 39 41 (524 2 -137 ) (524 2 43 ) (464 2 43 ) (464 2 -137 ) 
4 40 55 (464 62 -149 ) (464 62 -832 ) (464 2 -832 ) (464 2 -149 ) 
4 40 42 (464 2 -832 ) (464 62 -832 ) (524 62 -832 ) (524 2 -832 ) 
4 40 41 (464 2 -832 ) (524 2 -832 ) (524 2 -149 ) (464 2 -149 ) 
4 41 334 (512 0 43 ) (464 0 43 ) (464 0 -832 ) (512 0 -832 ) 
4 41 333 (524 0 43 ) (512 0 43 ) (512 0 -832 ) (524 0 -832 ) 
4 41 56 (464 0 -832 ) (464 0 43 ) (464 2 43 ) (464 2 -832 ) 
4 41 42 (464 0 -832 ) (464 2 -832 ) (524 2 -832 ) (524 0 -832 ) 
4 42 336 (608 0 -1792 ) (608 0 -832 ) (464 0 -832 ) (464 0 -1792 ) 
4 42 58 (464 0 -1792 ) (464 0 -832 ) (464 1024 -832 ) (464 1024 -1792 ) 
4 43 61 (416 656 451 ) (416 1024 451 ) (416 1024 91 ) (416 656 91 ) 
4 43 52 (416 656 91 ) (416 704 91 ) (464 704 91 ) (464 656 91 ) 
4 43 51 (416 704 91 ) (416 1024 91 ) (464 1024 91 ) (464 704 91 ) 
11 44 70 (416 499.722137 451 ) (416 513.610229 448.240601 ) (416 525.112915 438.984497 ) (416 532.948486 425.312500 ) (416 536 407.338806 ) (416 536 283 ) (416 464 283 ) (416 464 410.501801 ) (416 466.772980 425.320709 ) (416 474.603149 438.983490 ) (416 486.109070 448.239807 ) 
4 44 45 (464 536 407.339844 ) (416 536 407.339844 ) (416 535.718018 409 ) (464 535.718018 409 ) 
4 45 70 (416 535.718018 451 ) (416 536 451 ) (416 536 407.338806 ) (416 535.718018 409 ) 
11 46 70 (416 379.728027 451 ) (416 393.585999 448.246490 ) (416 405.129517 438.958862 ) (416 412.948242 425.316528 ) (416 416 407.338684 ) (416 416 283 ) (416 344 283 ) (416 344 410.497681 ) (416 346.768860 425.306274 ) (416 354.607361 438.983887 ) (416 366.112366 448.239502 ) 
4 46 47 (464 416 407.333984 ) (416 416 407.333984 ) (416 415.717987 408.995331 ) (464 415.717987 408.995331 ) 
4 47 70 (416 415.717987 451 ) (416 416 451 ) (416 416 407.338684 ) (416 415.717987 409 ) 
12 48 121 (416 259.864990 451 ) (416 259.915192 451 ) (416 273.731812 448.254791 ) (416 285.259369 438.980652 ) (416 293.090271 425.310822 ) (416 296 408.178925 ) (416 296 283 ) (416 224 283 ) (416 224 409.748413 ) (416 226.911652 425.313141 ) (416 234.747345 438.986084 ) (416 246.248337 448.238464 ) 
4 48 49 (464 296 408.166901 ) (416 296 408.175903 ) (416 295.859009 409.006042 ) (464 295.859009 408.997040 ) 
4 49 121 (416 295.859009 451 ) (416 296 451 ) (416 296 408.178925 ) (416 295.859009 409.009033 ) 
4 50 394 (464 0 115 ) (464 0 451 ) (416 0 451 ) (416 0 115 ) 
4 50 191 (416 0 115 ) (416 0 451 ) (416 128 451 ) (416 128 115 ) 
4 51 194 (416 704 91 ) (416 1024 91 ) (416 1024 0 ) (416 704 0 ) 
4 51 57 (448 704 43 ) (416 704 43 ) (416 704 0 ) (448 704 0 ) 
4 51 53 (464 704 0 ) (464 704 43 ) (448 704 43 ) (448 704 0 ) 
4 51 52 (464 704 43 ) (464 704 91 ) (416 704 91 ) (416 704 43 ) 
4 52 196 (416 456 91 ) (416 512 91 ) (416 512 43 ) (416 456 43 ) 
4 52 195 (416 512 91 ) (416 704 91 ) (416 704 43 ) (416 512 43 ) 
4 52 57 (416 456 43 ) (416 704 43 ) (448 704 43 ) (448 418.666687 43 ) 
4 52 53 (448 704 43 ) (464 704 43 ) (464 400 43 ) (448 418.666687 43 ) 
4 53 58 (448 704 -832 ) (464 704 -832 ) (464 62 -832 ) (448 62 -832 ) 
4 53 57 (448 62 43 ) (448 704 43 ) (448 704 0 ) (448 62 0 ) 
4 53 54 (448 62 43 ) (448 62 -137 ) (464 62 -137 ) (464 62 43 ) 
4 53 55 (448 62 -149 ) (448 62 -832 ) (464 62 -832 ) (464 62 -149 ) 
4 54 57 (448 2 43 ) (448 62 43 ) (448 62 0 ) (448 2 0 ) 
4 54 56 (448 2 43 ) (448 2 -137 ) (464 2 -137 ) (464 2 43 ) 
4 55 58 (464 62 -832 ) (464 2 -832 ) (448 2 -832 ) (448 62 -832 ) 
4 55 56 (448 2 -149 ) (448 2 -832 ) (464 2 -832 ) (464 2 -149 ) 
4 56 484 (464 0 -832 ) (464 0 43 ) (448 0 43 ) (448 0 -832 ) 
4 56 58 (464 2 -832 ) (464 0 -832 ) (448 0 -832 ) (448 2 -832 ) 
4 56 57 (448 0 43 ) (448 2 43 ) (448 2 0 ) (448 0 0 ) 
4 57 485 (448 0 43 ) (416 0 43 ) (416 0 0 ) (448 0 0 ) 
4 57 197 (416 0 0 ) (416 0 43 ) (416 704 43 ) (416 704 0 ) 
4 58 487 (464 0 -1792 ) (464 0 -832 ) (416 0 -832 ) (416 0 -1792 ) 
4 58 198 (416 0 -1792 ) (416 0 -832 ) (416 1024 -832 ) (416 1024 -1792 ) 
4 59 206 (0 608 451 ) (0 584 451 ) (0 584 1536 ) (0 608 1536 ) 
4 59 200 (0 656 451 ) (0 608 451 ) (0 608 1536 ) (0 656 1536 ) 
4 59 199 (0 1024 1536 ) (0 1024 451 ) (0 656 451 ) (0 656 1536 ) 
3 59 142 (241.018524 584 1536 ) (177.299988 584 1536 ) (210.384613 584 1385.615234 ) 
5 59 138 (177.299988 584 1536 ) (0 584 1536 ) (0 584 451 ) (20 584 451 ) (210.384613 584 1385.615234 ) 
4 59 61 (0 656 451 ) (0 1024 451 ) (20 1024 451 ) (20 656 451 ) 
5 59 60 (20 596 451 ) (20 1024 451 ) (241.017578 1024 1536 ) (241.017578 584 1536 ) (32 584 509.909180 ) 
4 60 148 (416 584 509.909210 ) (412.890747 584 525.172485 ) (400.051666 584 525.172485 ) (410.227234 584 509.909210 ) 
3 60 147 (416 584 509.909210 ) (416 584 525.172485 ) (412.890747 584 525.172485 ) 
5 60 146 (416 584 525.172485 ) (416 584 1107.792969 ) (271.505524 584 1107.792969 ) (399.499939 584 526 ) (400.051666 584 525.172485 ) 
3 60 143 (399.499939 584 526 ) (403.039948 584 509.909210 ) (410.227234 584 509.909210 ) 
5 60 142 (416 584 1107.792969 ) (416 584 1536 ) (241.018524 584 1536 ) (210.384613 584 1385.615356 ) (271.505524 584 1107.792969 ) 
4 60 141 (35.109222 584 525.172485 ) (32 584 509.909180 ) (44.960022 584 509.909180 ) (48.317947 584 525.172485 ) 
4 60 139 (210.384613 584 1385.615356 ) (35.109222 584 525.172485 ) (48.317947 584 525.172485 ) (224 584 1323.727295 ) 
4 60 137 (44.960022 584 509.909180 ) (403.039948 584 509.909210 ) (399.682037 584 525.172485 ) (48.317947 584 525.172485 ) 
3 60 136 (399.682037 584 525.172485 ) (224 584 1323.727295 ) (48.317947 584 525.172485 ) 
4 60 61 (20 656 451 ) (20 1024 451 ) (416 1024 451 ) (416 656 451 ) 
4 61 199 (0 1024 451 ) (0 1024 91 ) (0 656 91 ) (0 656 451 ) 
4 61 195 (0 656 91 ) (0 704 91 ) (416 704 91 ) (416 656 91 ) 
4 61 194 (0 704 91 ) (0 1024 91 ) (416 1024 91 ) (416 704 91 ) 
4 62 195 (32 608 91 ) (416 608 91 ) (416 584 91 ) (32 584 91 ) 
4 62 96 (32 584 91 ) (416 584 91 ) (36.326294 584 280.836853 ) (32 584 259 ) 
10 62 70 (416 584 91 ) (416 584 259 ) (399.722290 584 333.581482 ) (357.953278 584 396.062500 ) (296.581635 584 438.383606 ) (224.015671 584 450.992767 ) (149.915741 584 438.377808 ) (88.540741 584 396.054382 ) (46.776539 584 333.584198 ) (36.326294 584 280.836853 ) 
3 63 231 (0 201.686996 518.190796 ) (0 201.686996 549.943237 ) (0 207.396576 546.219604 ) 
4 63 229 (0 201.686996 549.943237 ) (0 201.686996 571.918152 ) (0 212.631454 571.918152 ) (0 207.396576 546.219604 ) 
5 63 227 (0 201.686996 571.918152 ) (0 201.686996 1536 ) (0 224 1536 ) (0 224 627.727356 ) (0 212.631454 571.918152 ) 
3 63 207 (0 224 1536 ) (0 409.018494 1536 ) (0 224 627.727356 ) 
4 63 178 (0 201.686996 1536 ) (0 201.686996 518.190857 ) (46.781982 201.686996 518.190857 ) (270.700012 201.686996 1536 ) 
4 63 170 (416 201.686996 602.183655 ) (416 201.686996 1536 ) (270.700012 201.686996 1536 ) (65.260406 201.686996 602.183716 ) 
3 63 166 (64.462158 201.686996 549.943237 ) (53.767509 201.686996 549.943237 ) (48.499992 201.686996 526 ) 
5 63 161 (404.706146 201.686996 518.190796 ) (416 201.686996 518.190796 ) (416 201.686996 549.943237 ) (394.232513 201.686996 549.943237 ) (399.500031 201.686996 526 ) 
3 63 160 (401.218048 201.686996 518.190796 ) (404.706146 201.686996 518.190796 ) (399.500031 201.686996 526 ) 
5 63 152 (46.781982 201.686996 518.190857 ) (401.218048 201.686996 518.190796 ) (394.232513 201.686996 549.943237 ) (64.462158 201.686996 549.943237 ) (48.499992 201.686996 526 ) 
4 63 150 (416 201.686996 549.943237 ) (416 201.686996 602.183655 ) (65.260406 201.686996 602.183716 ) (53.767509 201.686996 549.943237 ) 
4 63 144 (416 201.686996 518.187073 ) (414.313721 201.686996 518.187073 ) (411.499634 204.501068 532.001648 ) (416 204.501068 532.001648 ) 
4 63 142 (398.179596 204.501068 532.001648 ) (177.299973 409.019043 1536 ) (416 409.019043 1536 ) (416 204.501068 532.001648 ) 
4 63 138 (0 378.384918 1385.614136 ) (0 409.019043 1536 ) (177.299973 409.019043 1536 ) (210.384872 378.384918 1385.614136 ) 
4 63 134 (36.500355 204.501068 532.001648 ) (125.036446 293.037079 966.633423 ) (302.560638 293.037079 966.633423 ) (398.179626 204.501068 532.001587 ) 
4 63 133 (33.686279 201.686996 518.187073 ) (0 201.686996 518.187073 ) (0 293.037079 966.633423 ) (125.036446 293.037079 966.633423 ) 
4 63 64 (0 293.037079 966.633423 ) (0 378.384918 1385.614136 ) (210.384872 378.384918 1385.614136 ) (302.560638 293.037079 966.633423 ) 
4 64 207 (0 293.036560 966.634155 ) (0 378.384613 1385.615479 ) (0 464 996.454590 ) (0 464 707.241394 ) 
3 64 206 (0 464 996.454590 ) (0 559.506165 562.335510 ) (0 464 707.241394 ) 
3 64 145 (335.594666 392 816.482727 ) (391.507263 559.506226 562.335388 ) (307.667419 475.666504 943.424988 ) 
4 64 142 (210.384399 378.383636 1385.619873 ) (302.560791 293.035095 966.636292 ) (335.594666 392 816.482727 ) (307.667419 475.666504 943.424988 ) 
4 64 139 (210.385742 378.384766 1385.617188 ) (224 392 1323.730713 ) (56.493500 559.506958 562.334229 ) (42.679192 559.506958 562.334229 ) 
4 64 138 (210.385742 378.384766 1385.617188 ) (42.679192 559.506958 562.334229 ) (0 559.506958 562.334229 ) (0 378.384766 1385.617188 ) 
3 64 136 (224 392 1323.730713 ) (391.508057 559.507019 562.334229 ) (56.493500 559.506958 562.334229 ) 
4 64 134 (307.664246 308.333191 943.423584 ) (302.558258 293.036316 966.632690 ) (125.036301 293.036316 966.632690 ) (120.308510 308.333221 943.423584 ) 
4 64 133 (125.036301 293.036316 966.632690 ) (0 293.036316 966.632690 ) (0 308.333221 943.423584 ) (120.308510 308.333221 943.423584 ) 
4 64 131 (389.843353 554.531067 569.881897 ) (383.657074 535.997742 598.001465 ) (367.998993 535.997742 598.001465 ) (386.532379 554.531067 569.881897 ) 
3 64 127 (391.502289 559.501038 562.341309 ) (389.843353 554.531067 569.881897 ) (386.532379 554.531067 569.881897 ) 
4 64 126 (383.657074 535.997742 598.001465 ) (307.664246 308.333191 943.423584 ) (121.217590 308.333221 943.423584 ) (351.499084 535.997742 598.001465 ) 
4 64 104 (42.679146 559.505859 562.333984 ) (56.492867 559.505859 562.333984 ) (80 535.998657 598 ) (45.339836 550.897095 575.395569 ) 
3 64 103 (25.312098 559.505859 562.333984 ) (42.679146 559.505859 562.333984 ) (45.339836 550.897095 575.395569 ) 
4 64 102 (0 559.505859 562.333984 ) (25.312098 559.505859 562.333984 ) (80.002235 535.997742 598.001465 ) (0 535.997742 598.001465 ) 
5 64 101 (96.500969 535.997742 598.001465 ) (224 409.947601 789.250000 ) (121.217590 308.333221 943.423584 ) (0 308.333221 943.423584 ) (0 535.997742 598.001465 ) 
5 64 87 (351.499146 535.997803 598.001404 ) (338.807831 523.450745 617.038330 ) (269.449158 493.637482 662.272278 ) (123.813667 508.995422 638.970581 ) (96.500885 535.997803 598.001404 ) 
3 64 86 (269.449158 493.637482 662.272278 ) (178.772720 454.660919 721.409119 ) (123.813667 508.995422 638.970581 ) 
3 64 85 (338.807831 523.450745 617.038330 ) (224 409.947601 789.250000 ) (178.772720 454.660919 721.409119 ) 
3 65 130 (304.875000 355.241943 667.940430 ) (304.875092 405.627411 667.940430 ) (293.868469 380.557007 684.450195 ) 
5 65 128 (276.043549 296 711.187256 ) (304.874908 296 667.940369 ) (304.875000 355.241943 667.940430 ) (293.868469 380.557007 684.450195 ) (276.043610 339.956268 711.187256 ) 
4 65 119 (304.875580 296 667.940491 ) (302.950836 296 670.827576 ) (233.243393 296 670.827576 ) (250.772507 296 659.283997 ) 
4 65 118 (302.950836 296 670.827576 ) (276.044128 296 711.187622 ) (224 296 676.914673 ) (233.243393 296 670.827576 ) 
4 65 110 (214.756622 296 670.827576 ) (180.042786 296 647.967224 ) (250.772507 296 659.283997 ) (233.243393 296 670.827576 ) 
3 65 109 (224 296 676.914673 ) (214.756622 296 670.827576 ) (233.243393 296 670.827576 ) 
3 65 86 (180.042160 435.958221 647.967163 ) (235.442780 380.557831 684.450317 ) (269.449158 414.235687 662.272278 ) 
4 65 85 (235.442780 380.557831 684.450317 ) (276.042358 339.958435 711.186523 ) (304.873291 405.628967 667.940125 ) (269.449158 414.235687 662.272278 ) 
5 65 81 (276.042908 339.957092 711.185730 ) (183.914200 432.085815 650.516113 ) (180.043884 418.492645 647.967407 ) (180.043884 296 647.967407 ) (276.042908 296 711.185730 ) 
3 65 79 (183.914200 432.085815 650.516113 ) (180.043884 435.956116 647.967407 ) (180.043884 418.492645 647.967407 ) 
4 65 76 (189.466232 350.332489 649.475037 ) (304.873169 378.372192 667.940186 ) (304.873199 355.241516 667.940186 ) (189.466232 326.928406 649.475037 ) 
4 65 75 (304.873199 355.241516 667.940186 ) (304.873230 296 667.940186 ) (189.466232 296 649.475037 ) (189.466232 326.928406 649.475037 ) 
4 65 73 (180.048843 324.617920 647.968262 ) (180.048843 348.044403 647.968262 ) (189.466232 350.332489 649.475037 ) (189.466232 326.928406 649.475037 ) 
4 65 72 (180.048843 296 647.968262 ) (180.048843 324.617920 647.968262 ) (189.466232 326.928406 649.475037 ) (189.466232 296 649.475037 ) 
4 65 67 (180.048843 435.948151 647.968262 ) (180.048843 435.957031 647.968262 ) (250.771042 418.774139 659.283813 ) (223.996887 392 655 ) 
5 65 66 (180.048843 348.044403 647.968262 ) (180.048843 348.051758 647.968262 ) (250.771042 418.774139 659.283813 ) (304.873169 405.629303 667.940186 ) (304.873169 378.372192 667.940186 ) 
4 66 130 (310.646332 418.772919 659.283630 ) (304.875092 405.627411 667.940430 ) (304.875061 378.372498 667.940430 ) (318.190857 348.041992 647.966675 ) 
3 66 88 (250.771042 418.773773 659.283752 ) (269.449127 414.235687 662.272278 ) (274.031494 418.773773 659.283752 ) 
4 66 85 (269.449127 414.235687 662.272278 ) (304.873291 405.628967 667.940125 ) (310.644196 418.773804 659.283752 ) (274.031494 418.773773 659.283752 ) 
4 66 76 (304.874695 378.370575 667.937927 ) (189.473419 350.332275 649.473694 ) (197.508987 348.044373 647.967041 ) (318.188629 348.044403 647.967041 ) 
3 66 73 (189.473419 350.332275 649.473694 ) (180.056747 348.044373 647.967041 ) (197.508987 348.044373 647.967041 ) 
5 66 68 (318.191406 348.046875 647.966797 ) (267.937073 348.046875 647.966797 ) (223.989838 391.993805 654.998291 ) (223.998138 392.002106 655 ) (313.501221 392.002106 655 ) 
4 66 67 (223.998138 392.002106 655 ) (250.769775 418.773773 659.283081 ) (310.644592 418.773773 659.283081 ) (313.501221 392.002106 655 ) 
3 67 130 (318.191040 435.957947 647.966675 ) (310.646332 418.772919 659.283630 ) (313.502075 392 655 ) 
4 67 88 (180.042160 435.958221 647.967163 ) (250.771042 418.773773 659.283752 ) (274.031494 418.773773 659.283752 ) (291.384552 435.959167 647.966553 ) 
4 67 85 (274.031494 418.773773 659.283752 ) (310.644196 418.773804 659.283752 ) (318.189087 435.959381 647.966431 ) (291.384552 435.959167 647.966553 ) 
5 67 68 (313.500000 392 655 ) (224 392 655 ) (223.989761 392.010223 654.998352 ) (267.937256 435.957977 647.966736 ) (318.188873 435.957977 647.966736 ) 
5 68 130 (324.191467 449.625488 638.966125 ) (318.191040 435.957947 647.966675 ) (313.502075 392 655 ) (318.190857 348.041992 647.966675 ) (324.191223 334.374481 638.966125 ) 
3 68 90 (267.937683 435.958954 647.966675 ) (291.384552 435.959167 647.966553 ) (299.006592 443.507568 642.995667 ) 
4 68 85 (291.384552 435.959167 647.966553 ) (318.189087 435.959381 647.966431 ) (324.189056 449.625977 638.966492 ) (299.006592 443.507568 642.995667 ) 
3 68 78 (291.383820 348.044403 647.967041 ) (267.935425 348.044403 647.967041 ) (299.006561 340.495270 642.995667 ) 
4 68 77 (324.188995 334.376892 638.966492 ) (318.188629 348.044403 647.967041 ) (291.383820 348.044403 647.967041 ) (299.006561 340.495270 642.995667 ) 
4 68 69 (324.189453 334.377838 638.965820 ) (299.007813 340.496002 642.994873 ) (299.006958 443.506897 642.995422 ) (324.189148 449.625244 638.966309 ) 
4 69 130 (338.811859 482.927216 617.035706 ) (324.191467 449.625488 638.966125 ) (324.191223 334.374481 638.966125 ) (338.811218 301.073334 617.036133 ) 
3 69 85 (299.006592 443.507568 642.995667 ) (324.189056 449.625977 638.966492 ) (338.807800 482.924347 617.038330 ) 
4 69 77 (330.499634 320.002594 629.500488 ) (324.188995 334.376892 638.966492 ) (299.006561 340.495270 642.995667 ) (319.699249 320.002472 629.500427 ) 
4 69 74 (335.428558 308.775604 622.107117 ) (330.499634 320.002594 629.500488 ) (319.699249 320.002472 629.500427 ) (329.263062 310.531067 623.263184 ) 
3 69 71 (338.807709 301.078613 617.038391 ) (335.428558 308.775604 622.107117 ) (329.263062 310.531067 623.263184 ) 
4 70 121 (416 296 91 ) (416 296 451 ) (32 296 451 ) (32 296 283 ) 
9 70 108 (416 296 451 ) (416 296 451.002625 ) (399.500000 296 526.003906 ) (357.504608 296 588.996948 ) (320 296 613.695129 ) (128 296 613.695129 ) (90.500000 296 589 ) (48.500000 296 526 ) (32 296 451 ) 
4 70 100 (416 296 91 ) (32 296 283 ) (32 344 283 ) (416 344 91 ) 
4 70 99 (32 344 283 ) (32 416 283 ) (416 416 91 ) (416 344 91 ) 
4 70 98 (32 416 283 ) (32 464 283 ) (416 464 91 ) (416 416 91 ) 
4 70 97 (32 464 283 ) (32 536 283 ) (416 536 91 ) (416 464 91 ) 
4 70 96 (32 536 283 ) (32 584 283 ) (416 584 91 ) (416 536 91 ) 
4 70 95 (32 344.282043 282.996094 ) (32 344 282.996094 ) (32 344 451 ) (32 344.282043 451 ) 
11 70 94 (32 416 282.996094 ) (32 344.282043 282.996094 ) (32 344.282043 409 ) (32 347.053192 425.322021 ) (32 354.874695 438.969452 ) (32 366.402710 448.243561 ) (32 380.275970 451 ) (32 393.885559 448.240570 ) (32 405.414246 438.967560 ) (32 413.226074 425.334076 ) (32 416 410.502533 ) 
11 70 92 (32 536 282.996094 ) (32 464.140991 282.996094 ) (32 464.140991 409 ) (32 466.912689 425.316193 ) (32 474.749298 438.989502 ) (32 486.248352 448.240265 ) (32 500.139191 451 ) (32 513.751038 448.238983 ) (32 525.261841 438.978149 ) (32 533.087524 425.322876 ) (32 536 409.748810 ) 
4 71 130 (335.430786 296 622.106689 ) (338.811157 296 617.036133 ) (338.811218 301.073364 617.036133 ) (335.430847 308.773132 622.106689 ) 
3 71 120 (338.812378 296 617.035339 ) (335.431549 296 622.106567 ) (329.263031 296 623.263184 ) 
4 71 74 (335.428772 308.775970 622.106812 ) (329.263733 310.531281 623.262756 ) (329.263702 296 623.262756 ) (335.428772 296 622.106812 ) 
3 72 119 (297.043518 296 629.304321 ) (296 296 629.499939 ) (296.297211 296 629.304321 ) 
5 72 110 (296 296 629.499939 ) (189.466583 296 649.475037 ) (180.042786 296 647.967224 ) (151.702805 296 629.304321 ) (296.297211 296 629.304321 ) 
3 72 82 (151.703369 296 629.304321 ) (180.043884 296 647.967407 ) (180.043884 324.616669 647.967407 ) 
3 72 75 (189.460938 326.929169 649.475586 ) (189.460938 296 649.475586 ) (297.041748 296 629.304321 ) 
4 72 73 (172.499908 317 643 ) (180.042999 324.616241 647.967285 ) (189.465820 326.927979 649.474976 ) (224 317 643 ) 
3 73 83 (172.500671 317 643 ) (180.043884 324.616669 647.967407 ) (180.043884 348.043060 647.967407 ) 
4 73 76 (197.505722 348.045441 647.967224 ) (189.460938 350.335938 649.475586 ) (189.460938 326.929169 649.475586 ) (223.997894 317 643 ) 
4 74 130 (333.501953 296 625 ) (335.430786 296 622.106689 ) (335.430847 308.773132 622.106689 ) (330.502045 320 629.499939 ) 
4 74 120 (335.431549 296 622.106567 ) (333.502625 296 625 ) (326.600037 296 625 ) (329.263031 296 623.263184 ) 
4 74 77 (330.500000 320 629.500000 ) (319.699951 320 629.500000 ) (326.599945 296 625 ) (333.500000 296 625 ) 
3 75 128 (304.874908 296 667.940369 ) (330.632355 296 629.304321 ) (304.875031 355.241943 667.940430 ) 
5 75 119 (330.633026 296 629.304321 ) (304.875580 296 667.940491 ) (250.772522 296 659.283997 ) (296 296 629.499939 ) (297.043518 296 629.304321 ) 
3 75 110 (250.772522 296 659.283997 ) (189.466583 296 649.475037 ) (296 296 629.499939 ) 
4 75 77 (330.632813 296 629.304504 ) (320 296 629.304504 ) (299 317 643 ) (321.501648 317 643 ) 
4 75 76 (224 317 643 ) (189.465912 326.927917 649.474915 ) (304.873260 355.241211 667.940125 ) (321.501648 317 643 ) 
4 76 130 (318.190887 348.041992 647.966675 ) (304.875061 378.372498 667.940430 ) (304.875031 355.241943 667.940430 ) (321.501953 317 643 ) 
4 76 78 (299 317.003906 643 ) (298.979553 317.003906 643 ) (267.942413 348.040741 647.965881 ) (291.385620 348.040741 647.965881 ) 
4 76 77 (321.496094 317.003906 643 ) (299 317.003906 643 ) (291.385620 348.040741 647.965881 ) (318.189453 348.040741 647.965881 ) 
5 77 130 (330.632355 296 629.304321 ) (333.501953 296 625 ) (330.502045 320 629.499939 ) (318.190887 348.041992 647.966675 ) (321.501953 317 643 ) 
4 77 120 (333.502625 296 625 ) (330.633026 296 629.304321 ) (320 296 629.304321 ) (326.600037 296 625 ) 
4 77 78 (299.001404 316.997620 642.996460 ) (299 317 642.998047 ) (291.384338 348.038116 647.964172 ) (299.002319 340.494324 642.996338 ) 
3 79 102 (123.816780 370.512207 638.971069 ) (131.513458 432.086487 650.516235 ) (123.816635 449.618134 638.971008 ) 
4 79 86 (123.813644 449.619751 638.970520 ) (131.510864 432.087189 650.516357 ) (183.913177 432.087219 650.516357 ) (180.042068 435.958313 647.967102 ) 
4 79 81 (180.042786 418.489197 647.967224 ) (183.914063 432.085938 650.516602 ) (131.511047 432.085938 650.516602 ) (123.813675 370.507294 638.970581 ) 
4 79 80 (149 392 643 ) (123.813637 370.506439 638.970459 ) (123.813660 449.618835 638.970520 ) (149 443.499359 643 ) 
3 80 113 (114.499977 296 625 ) (109.192253 296 617.038391 ) (121.400047 296 625 ) 
5 80 102 (109.197418 296 617.041748 ) (114.502892 296 625 ) (123.816780 370.512207 638.971069 ) (123.816635 449.618134 638.971008 ) (109.196968 482.918457 617.041504 ) 
3 80 89 (109.192253 482.924042 617.038452 ) (123.813644 449.619751 638.970520 ) (149 443.500214 643 ) 
4 80 84 (149 392 643 ) (123.813675 370.507294 638.970581 ) (114.500214 296 625 ) (121.400581 296 625 ) 
3 81 128 (256.745575 296 740.134094 ) (276.043549 296 711.187256 ) (276.043610 339.956268 711.187256 ) 
5 81 118 (276.044128 296 711.187622 ) (256.746460 296 740.134155 ) (191.256104 296 740.134155 ) (171.957611 296 711.186462 ) (224 296 676.914673 ) 
4 81 112 (145.051697 296 670.827576 ) (123.813675 296 638.970581 ) (180.042816 296 647.967285 ) (214.756607 296 670.827576 ) 
4 81 111 (171.957611 296 711.186462 ) (145.051697 296 670.827576 ) (214.756607 296 670.827576 ) (224 296 676.914673 ) 
4 81 102 (123.816925 296 638.971069 ) (191.258804 296 740.134155 ) (131.513458 432.086487 650.516235 ) (123.816780 370.512207 638.971069 ) 
4 81 86 (131.510864 432.087189 650.516357 ) (178.772675 324.435242 721.409058 ) (235.442795 380.557831 684.450317 ) (183.913177 432.087219 650.516357 ) 
5 81 85 (178.772675 324.435242 721.409058 ) (191.256439 296 740.134705 ) (256.743561 296 740.134705 ) (276.042358 339.958435 711.186523 ) (235.442795 380.557831 684.450317 ) 
5 81 84 (123.813911 310.822021 638.970886 ) (123.813911 370.506744 638.970886 ) (149.001297 392 643 ) (149.001175 317.005341 643 ) (148.995773 317 643 ) 
3 81 83 (180.050781 348.054932 647.968750 ) (180.050781 324.618713 647.968750 ) (148.995773 317 643 ) 
4 81 82 (123.813911 296 638.970886 ) (123.813911 310.822021 638.970886 ) (180.050781 324.618713 647.968750 ) (180.050781 296 647.968750 ) 
4 82 112 (123.813675 296 638.970581 ) (117.369522 296 629.304321 ) (151.702805 296 629.304321 ) (180.042816 296 647.967285 ) 
3 82 102 (117.372444 296 629.304321 ) (123.816925 296 638.971069 ) (123.816895 310.822266 638.971069 ) 
5 82 84 (117.371162 296 629.306763 ) (123.814957 310.820770 638.972473 ) (148.981750 316.995026 643 ) (148.998672 316.995026 643 ) (128.003677 296 629.306763 ) 
3 82 83 (148.981750 316.995026 643 ) (180.046219 324.616180 647.969482 ) (172.498413 316.994965 643 ) 
4 84 113 (117.369522 296 629.304321 ) (114.499977 296 625 ) (121.400047 296 625 ) (128 296 629.304321 ) 
4 84 102 (114.502892 296 625 ) (117.372444 296 629.304321 ) (123.816895 310.822266 638.971069 ) (123.816780 370.512207 638.971069 ) 
4 85 132 (247.153763 296 754.521790 ) (256.745575 296 740.134094 ) (338.811829 482.927185 617.035767 ) (338.811951 506.811951 617.035645 ) 
5 85 126 (224 296 789.251160 ) (247.153763 296 754.521790 ) (338.811951 506.811951 617.035645 ) (338.812012 523.456909 617.035583 ) (224 409.950775 789.251404 ) 
3 85 118 (256.746460 296 740.134155 ) (224.001282 296 789.251953 ) (191.256104 296 740.134155 ) 
4 85 102 (191.258804 296 740.134155 ) (200.850494 296 754.521729 ) (178.774582 346.774628 721.407837 ) (178.774597 324.436218 721.407837 ) 
5 85 101 (200.850494 296 754.521729 ) (224 296 789.246094 ) (224 409.951416 789.246094 ) (178.774521 454.662964 721.407898 ) (178.774582 346.774628 721.407837 ) 
4 85 90 (299 443.503998 642.996582 ) (291.379791 435.956512 647.966858 ) (298.995758 467 643 ) (299 467.005188 642.996582 ) 
4 85 88 (291.379791 435.956512 647.966858 ) (269.445709 414.234375 662.271729 ) (269.445709 437.449982 662.271729 ) (298.995758 467 643 ) 
4 85 87 (269.445709 437.449982 662.271729 ) (269.445709 493.637939 662.271729 ) (338.811035 523.453125 617.033447 ) (338.811035 506.815338 617.033447 ) 
4 85 86 (269.445709 414.234375 662.271729 ) (178.771240 324.436035 721.407227 ) (178.771240 454.663452 721.407227 ) (269.445709 493.637939 662.271729 ) 
4 86 102 (123.816635 473.177765 638.971008 ) (123.816650 449.618073 638.971008 ) (178.774597 324.436218 721.407837 ) (178.774582 346.774628 721.407837 ) 
4 86 101 (178.774521 454.662964 721.407898 ) (123.816605 508.996368 638.971008 ) (123.816635 473.177765 638.971008 ) (178.774582 346.774628 721.407837 ) 
4 86 89 (149 443.503967 643 ) (123.813385 449.623352 638.970093 ) (123.813385 473.179169 638.970093 ) (149 467 643 ) 
4 86 88 (269.453125 437.448883 662.272461 ) (269.453125 414.238281 662.272461 ) (180.036835 435.963135 647.965820 ) (149 467 643 ) 
4 86 87 (269.453125 493.640625 662.272461 ) (269.453125 437.448883 662.272461 ) (123.813385 473.179169 638.970093 ) (123.813385 508.996948 638.970093 ) 
3 87 126 (351.504852 536.005432 597.996460 ) (338.812012 523.456909 617.035583 ) (338.811951 506.811951 617.035645 ) 
3 87 101 (123.816605 508.996368 638.971008 ) (96.502548 536 598 ) (123.816635 473.177765 638.971008 ) 
4 87 89 (148.981079 467.005096 643 ) (123.815048 473.179169 638.972595 ) (109.192314 506.811462 617.038513 ) (148.998672 467.005096 643 ) 
3 87 88 (269.445313 437.451172 662.273438 ) (148.981079 467.005096 643 ) (299 467.005127 643 ) 
4 88 90 (298.991669 467.007813 642.998047 ) (299.002869 467.007813 642.998047 ) (291.385925 435.959045 647.965942 ) (267.942017 435.959045 647.965942 ) 
4 89 102 (109.196976 482.918427 617.041504 ) (123.816650 449.618073 638.971008 ) (123.816635 473.177765 638.971008 ) (109.196938 506.803009 617.041504 ) 
4 91 207 (0 296 451 ) (0 296 453.250000 ) (0 464 453.250031 ) (0 464 451 ) 
4 91 206 (0 489.044464 453.250031 ) (0 583.504944 453.250031 ) (0 584 451 ) (0 500.140808 451 ) 
4 91 204 (0 464 453.250031 ) (0 471.657898 453.250031 ) (0 471.275665 451 ) (0 464 451 ) 
4 91 201 (0 471.657898 453.250031 ) (0 489.044464 453.250031 ) (0 500.140808 451 ) (0 471.275665 451 ) 
4 91 138 (20 584 451.002380 ) (0 584 451.002380 ) (0 583.505493 453.250031 ) (29.460001 573.783691 497.440033 ) 
4 91 105 (29.459999 296 497.440002 ) (0 296 453.250000 ) (0 296 451 ) (20 296 451 ) 
4 91 103 (0 296 453.245148 ) (29.458607 296 497.433197 ) (29.458834 573.784424 497.434326 ) (0 583.505859 453.246063 ) 
4 91 95 (20 344.282043 451 ) (20 344 451 ) (0 344 451 ) (0 344.282043 451 ) 
11 92 202 (0 500.135956 451 ) (0 513.749146 448.240448 ) (0 525.262695 438.977448 ) (0 533.087280 425.324127 ) (0 536 409.748718 ) (0 536 299 ) (0 464.140991 299 ) (0 464.140991 409 ) (0 466.912659 425.316162 ) (0 474.747589 438.986481 ) (0 486.251892 448.241516 ) 
4 92 93 (32 464.140991 283.003906 ) (32 464.140991 409 ) (0 464.140991 409 ) (0 464.140991 299.003540 ) 
11 94 208 (0 380.277069 451 ) (0 393.885620 448.240875 ) (0 405.417969 438.964905 ) (0 413.225037 425.339752 ) (0 416 410.502563 ) (0 416 299 ) (0 344.282043 299 ) (0 344.282043 409 ) (0 347.052612 425.318542 ) (0 354.877045 438.971130 ) (0 366.402618 448.243225 ) 
4 94 95 (32 344.282043 283.003906 ) (32 344.282043 409 ) (0 344.282043 409 ) (0 344.282043 299.003540 ) 
4 95 209 (0 344 451 ) (0 344.282043 451 ) (0 344.282043 299 ) (0 344 299 ) 
4 96 195 (32 584 91 ) (416 584 91 ) (416 536 91 ) (32 536 91 ) 
4 96 97 (416 536 91.001953 ) (32 536 283.001953 ) (32 536 91 ) (416 536 91 ) 
4 97 196 (416 512 91 ) (416 464 91 ) (409.142883 464 91 ) (368 512 91 ) 
4 97 195 (32 536 91 ) (416 536 91 ) (416 512 91 ) (32 512 91 ) 
4 97 98 (416 464 91.001953 ) (32 464 283.001953 ) (32 464 91 ) (416 464 91 ) 
3 98 196 (409.142914 464 91 ) (416 464 91 ) (416 456 91 ) 
4 98 99 (416 416 91.001953 ) (32 416 283.001953 ) (32 416 91 ) (416 416 91 ) 
4 99 100 (416 344 91.001953 ) (32 344 283.001953 ) (32 344 91 ) (416 344 91 ) 
3 100 124 (32 296 91 ) (416 296 91 ) (32 296 283 ) 
5 101 207 (0 296 754.521729 ) (0 296 887.363647 ) (0 308.333496 943.424988 ) (0 464 707.241455 ) (0 464 644.956543 ) 
3 101 206 (0 464 707.241455 ) (0 536 598 ) (0 464 644.956543 ) 
4 101 134 (158.588913 296 887.366699 ) (121.214890 308.333496 943.427734 ) (120.309372 308.333496 943.427734 ) (108.889519 296 887.366699 ) 
4 101 133 (120.309372 308.333496 943.427734 ) (0 308.333496 943.427734 ) (0 296 887.366638 ) (108.889519 296 887.366699 ) 
4 101 126 (121.214844 308.333008 943.429688 ) (158.587601 296 887.370544 ) (224 296 789.251160 ) (224 409.950775 789.251404 ) 
6 101 118 (224.001282 296 789.251953 ) (158.593750 296 887.363281 ) (108.888824 296 887.363281 ) (84.705513 296 768.645203 ) (106.152306 296 754.521729 ) (200.847809 296 754.521729 ) 
3 101 114 (84.705513 296 768.645203 ) (81.828506 296 754.521729 ) (106.152306 296 754.521729 ) 
4 101 105 (108.888824 296 887.363281 ) (0 296 887.363281 ) (0 296 754.521729 ) (81.828506 296 754.521729 ) 
5 101 102 (0 536.003906 597.996094 ) (79.994011 536.003906 597.996094 ) (109.193611 506.804138 617.039307 ) (200.847656 296 754.519531 ) (0 296 754.519531 ) 
4 102 207 (0 296 545.826111 ) (0 296 754.521729 ) (0 464 644.956543 ) (0 464 545.826111 ) 
5 102 206 (0 464 644.956543 ) (0 536 598 ) (0 559.506165 562.335510 ) (0 563.138245 545.826111 ) (0 464 545.826111 ) 
3 102 138 (0 563.138733 545.826111 ) (0 559.506958 562.334229 ) (25.312475 559.506958 562.334229 ) 
3 102 118 (171.957642 296 711.186462 ) (200.847809 296 754.521729 ) (106.152298 296 754.521729 ) 
4 102 117 (80 296 598 ) (109.192284 296 617.038452 ) (117.369553 296 629.304382 ) (100.632454 296 629.304382 ) 
4 102 116 (45.339840 296 575.395569 ) (80 296 598 ) (100.632454 296 629.304382 ) (56.321266 296 629.304382 ) 
4 102 115 (117.369553 296 629.304382 ) (145.051712 296 670.827576 ) (64.779694 296 670.827576 ) (56.321266 296 629.304382 ) 
5 102 114 (145.051712 296 670.827576 ) (171.957642 296 711.186462 ) (106.152298 296 754.521729 ) (81.828499 296 754.521729 ) (64.779694 296 670.827576 ) 
4 102 105 (0 296 754.521729 ) (0 296 545.826111 ) (45.339840 296 575.395569 ) (81.828499 296 754.521729 ) 
4 102 104 (45.338863 550.898071 575.390808 ) (79.994095 536.002014 597.991028 ) (79.996887 296 597.995239 ) (45.339195 296 575.392395 ) 
5 102 103 (0 563.139038 545.822510 ) (25.308594 559.507813 562.328125 ) (45.338863 550.898071 575.390808 ) (45.339195 296 575.392395 ) (0 296 545.823364 ) 
4 103 207 (0 296 453.250000 ) (0 296 545.826111 ) (0 464 545.826111 ) (0 464 453.250031 ) 
5 103 206 (0 464 545.826111 ) (0 563.138245 545.826111 ) (0 583.504944 453.250031 ) (0 489.044464 453.250031 ) (0 464 458.328491 ) 
4 103 204 (0 471.657898 453.250031 ) (0 464 453.250031 ) (0 464 458.328491 ) (0 472.236847 456.658234 ) 
3 103 201 (0 489.044464 453.250031 ) (0 471.657898 453.250031 ) (0 472.236847 456.658234 ) 
5 103 138 (0 583.505493 453.250031 ) (0 563.138733 545.826111 ) (25.312475 559.506958 562.334229 ) (42.679192 559.506958 562.334229 ) (29.459999 573.783691 497.440033 ) 
4 103 105 (0 296 545.826111 ) (0 296 453.250000 ) (29.459997 296 497.440002 ) (45.339836 296 575.395569 ) 
5 103 104 (36.498623 566.180481 531.997864 ) (42.678787 559.506287 562.335327 ) (45.340328 550.895203 575.400391 ) (45.340332 296 575.400391 ) (36.498623 296 531.997864 ) 
3 104 140 (42.679192 559.506958 562.334229 ) (56.493019 559.506958 562.334229 ) (36.499989 566.180481 532 ) 
4 104 116 (80 296 598 ) (45.339836 296 575.395569 ) (41.543816 296 556.760559 ) (61.466751 296 569.880554 ) 
3 104 107 (41.543816 296 556.760559 ) (36.499992 296 532 ) (61.466751 296 569.880554 ) 
5 105 231 (0 201.686996 451 ) (0 201.686996 458.668182 ) (0 219.247894 538.490479 ) (0 224 535.391235 ) (0 224 451 ) 
3 105 229 (0 219.247894 538.490479 ) (0 224 560.090942 ) (0 224 535.391235 ) 
4 105 207 (0 224 560.090942 ) (0 296 887.363647 ) (0 296 451 ) (0 224 451 ) 
4 105 186 (0 201.686996 458.668182 ) (0 201.686996 451 ) (20 201.686996 451 ) (21.562042 201.686996 458.668182 ) 
4 105 133 (0 201.686996 458.673309 ) (21.563082 201.686996 458.673309 ) (108.889511 296 887.366699 ) (0 296 887.366638 ) 
4 105 123 (20 224.282013 451 ) (20 224 451 ) (0 224 451 ) (0 224.282013 451 ) 
3 105 118 (84.705513 296 768.645142 ) (108.888908 296 887.363647 ) (84.705513 269.881927 768.645142 ) 
5 105 116 (41.543835 296 556.760620 ) (56.321274 296 629.304382 ) (49.944458 248 598 ) (42.679447 224.493790 562.335449 ) (41.543835 223.267334 556.760620 ) 
3 105 115 (56.321274 296 629.304382 ) (64.779709 296 670.827576 ) (49.944458 248 598 ) 
4 105 114 (64.779709 296 670.827576 ) (84.705513 296 768.645142 ) (84.705513 269.881927 768.645142 ) (42.679447 224.493790 562.335449 ) 
4 105 107 (36.500004 296 532 ) (41.543835 296 556.760620 ) (41.543835 223.267334 556.760620 ) (36.500008 217.820007 532 ) 
4 106 134 (375.277954 224.492264 562.333069 ) (371.947754 225.591232 567.328369 ) (57.591232 225.591232 567.328369 ) (50.005821 224.492264 562.333069 ) 
3 106 129 (371.949280 225.590637 567.328003 ) (375.280029 224.491486 562.331909 ) (370.247589 229.466766 569.880554 ) 
3 106 114 (50.005653 224.493881 562.335571 ) (57.588593 225.592545 567.329224 ) (61.462738 229.466721 569.880493 ) 
4 106 109 (61.463020 229.463013 569.874939 ) (57.591599 225.591583 567.325439 ) (371.949707 225.591599 567.325500 ) (370.250031 229.463058 569.875000 ) 
4 106 107 (50.001205 224.493088 562.332214 ) (61.457031 229.464844 569.876953 ) (61.464378 229.464844 569.876953 ) (56.491760 224.493103 562.332275 ) 
4 107 135 (56.492279 224.492264 562.333069 ) (50.005821 224.492264 562.333069 ) (41.543816 223.266296 556.760559 ) (36.499992 217.818939 532 ) 
6 107 116 (41.543774 296 556.763062 ) (41.543774 223.267883 556.763062 ) (50.005653 224.493881 562.335571 ) (61.462738 229.466721 569.880493 ) (61.469776 229.473755 569.885132 ) (61.469780 296 569.885132 ) 
4 108 185 (32 201.686996 451 ) (416 201.686996 451 ) (414.313019 201.686996 458.668152 ) (33.687012 201.686996 458.668182 ) 
4 108 125 (415.998993 224 451 ) (416 201.686996 451 ) (32 201.686996 451 ) (32 224 451 ) 
4 108 121 (32 296 451 ) (415.996094 296 451 ) (415.998993 224 451 ) (32 224 451 ) 
4 109 134 (371.947754 225.591232 567.328369 ) (357.499939 230.359039 589 ) (224 249.700348 676.914673 ) (57.591232 225.591232 567.328369 ) 
5 109 129 (359.451294 229.714981 586.075012 ) (371.949280 225.590637 567.328003 ) (370.247589 229.466766 569.880554 ) (357.502411 242.067184 588.998474 ) (357.502258 234.197830 588.998596 ) 
3 109 128 (357.502167 230.358185 588.998657 ) (359.451294 229.714981 586.075012 ) (357.502258 234.197830 588.998596 ) 
5 109 118 (223.998840 249.701035 676.913879 ) (357.501770 230.359375 588.997375 ) (357.501770 242.066452 588.997375 ) (233.241013 296 670.827576 ) (223.998856 296 676.913879 ) 
4 109 114 (57.588593 225.592545 567.329224 ) (90.503250 230.361404 589.004883 ) (90.503242 242.071411 589.004883 ) (61.462738 229.466721 569.880493 ) 
5 109 111 (90.503250 230.361404 589.004883 ) (224 249.703125 676.917969 ) (224 296 676.917969 ) (214.751678 296 670.827576 ) (90.503242 242.071411 589.004883 ) 
4 109 110 (104.163284 248 598 ) (214.751358 296 670.826904 ) (233.244720 296 670.826904 ) (343.835663 248 598 ) 
3 110 119 (296.294861 296 629.304382 ) (233.241013 296 670.827576 ) (343.830963 248 598 ) 
3 110 112 (214.751678 296 670.827576 ) (151.698334 296 629.304382 ) (104.162521 248 598 ) 
3 111 134 (224 249.700348 676.914673 ) (171.957672 257.240173 711.186523 ) (90.500031 230.359009 589 ) 
4 111 118 (171.956909 257.240784 711.185364 ) (223.998840 249.701035 676.913879 ) (223.998856 296 676.913879 ) (171.956909 296 711.185425 ) 
5 111 114 (90.500000 242.066895 588.998047 ) (90.500000 230.359589 588.998047 ) (171.958237 257.242188 711.186401 ) (171.958237 296 711.186401 ) (145.052582 296 670.827576 ) 
4 111 112 (214.757065 296 670.827393 ) (104.164253 248 598 ) (96.500969 248 598 ) (145.053497 296 670.828247 ) 
3 112 115 (96.501266 248 598 ) (145.052582 296 670.827576 ) (117.370667 296 629.304382 ) 
3 112 113 (109.185410 277.182312 617.033997 ) (117.367020 296 629.306396 ) (128.003387 296 629.306580 ) 
3 113 117 (109.194382 277.194397 617.039856 ) (117.370667 296 629.304382 ) (109.194366 296 617.039856 ) 
5 114 134 (171.957672 257.240173 711.186523 ) (84.705505 269.881165 768.645264 ) (42.678963 224.492264 562.333130 ) (50.005833 224.492264 562.333130 ) (90.500031 230.359009 589 ) 
4 114 118 (84.701164 296 768.646484 ) (84.701164 269.882233 768.646484 ) (171.956909 257.240784 711.185364 ) (171.956909 296 711.185425 ) 
5 114 116 (61.462170 229.462967 569.873596 ) (50.012440 224.493378 562.333557 ) (42.678871 224.493347 562.333435 ) (49.943512 248.001984 598.001282 ) (80 248.001846 598.001221 ) 
4 114 115 (145.053589 296 670.823853 ) (96.503601 248.001770 598.001221 ) (49.943512 248.001984 598.001282 ) (64.775864 296 670.825073 ) 
5 115 117 (80.008972 248.005859 598.005859 ) (80.003891 248.005859 598.005859 ) (100.634491 296 629.307495 ) (117.367226 296 629.307495 ) (109.184830 277.180664 617.033569 ) 
4 115 116 (80.003891 248.005859 598.005859 ) (49.945633 248.005859 598.005859 ) (56.322769 296 629.307495 ) (100.634491 296 629.307495 ) 
3 116 135 (42.678963 224.492264 562.333130 ) (41.543816 223.266296 556.760559 ) (50.005833 224.492264 562.333130 ) 
4 116 117 (100.635208 296 629.311523 ) (80.005859 248.007813 598.011719 ) (79.996719 247.998672 597.997864 ) (79.996681 296 597.997864 ) 
4 118 134 (357.499939 230.359039 589 ) (158.588913 296 887.366699 ) (108.889511 296 887.366699 ) (84.705505 269.881165 768.645264 ) 
4 118 132 (236.040634 270.440491 771.190979 ) (244.323914 267.707001 758.766052 ) (256.745605 296 740.134094 ) (247.153824 296 754.521729 ) 
3 118 129 (357.502258 234.197830 588.998596 ) (357.502411 242.067184 588.998474 ) (351.501404 248 598 ) 
6 118 128 (244.323914 267.707001 758.766052 ) (357.502167 230.358185 588.998657 ) (357.502258 234.197830 588.998596 ) (351.501404 248 598 ) (302.950134 296 670.827576 ) (256.745605 296 740.134094 ) 
3 118 126 (158.587601 296 887.370544 ) (236.040634 270.440491 771.190979 ) (247.153824 296 754.521729 ) 
4 118 119 (343.823822 248 598 ) (233.235657 296 670.826660 ) (302.948914 296 670.826660 ) (351.499756 248 598 ) 
3 119 128 (330.632385 296 629.304382 ) (302.950134 296 670.827576 ) (351.501404 248 598 ) 
3 119 120 (319.996857 296 629.306396 ) (330.629089 296 629.306396 ) (338.810425 277.186401 617.036682 ) 
3 120 130 (338.811310 296 617.036011 ) (330.632385 296 629.304382 ) (338.810883 277.188965 617.036316 ) 
4 121 125 (416 224 91 ) (416 224 451 ) (32 224 451 ) (32 224 283 ) 
4 121 124 (416 224 91 ) (32 224 283 ) (32 296 283 ) (416 296 91 ) 
11 121 122 (32 296 282.996094 ) (32 224.282013 282.996094 ) (32 224.282013 409 ) (32 227.052094 425.316406 ) (32 234.881546 438.978180 ) (32 246.393387 448.241669 ) (32 260.278015 451 ) (32 273.885376 448.240112 ) (32 285.399445 438.977173 ) (32 293.226898 425.318420 ) (32 296 410.496704 ) 
4 121 123 (32 224.282013 282.996094 ) (32 224 282.996094 ) (32 224 451 ) (32 224.282013 451 ) 
11 122 210 (0 260.278076 451 ) (0 273.881714 448.241791 ) (0 285.398621 438.976654 ) (0 293.228455 425.313721 ) (0 296 410.500366 ) (0 296 299 ) (0 224.282013 299 ) (0 224.282013 409 ) (0 227.052094 425.316406 ) (0 234.881149 438.977478 ) (0 246.393982 448.241791 ) 
4 122 123 (0 224.282013 298.996277 ) (32 224.282013 282.996094 ) (32 224.282013 409 ) (0 224.282013 409 ) 
4 123 211 (0 224 299 ) (0 224 451 ) (0 224.282013 451 ) (0 224.282013 299 ) 
3 124 125 (32 224 91 ) (416 224 91 ) (32 224 283 ) 
5 125 189 (45.514320 201.686996 91 ) (416 201.686996 91 ) (416 201.686996 259 ) (401.226044 201.686996 333.580963 ) (359.458008 201.686996 396.059967 ) 
6 125 188 (32 201.686996 91 ) (45.514320 201.686996 91 ) (226.541168 201.686996 266.904297 ) (90.051079 201.686996 396.065857 ) (48.275658 201.686996 333.578003 ) (32 201.686996 259 ) 
6 125 187 (226.541168 201.686996 266.904297 ) (359.455627 201.686996 396.057678 ) (298.065857 201.686996 438.391846 ) (224.011658 201.686996 450.998016 ) (151.418442 201.686996 438.383698 ) (90.051079 201.686996 396.065857 ) 
3 126 145 (383.661011 536 598 ) (335.594666 392 816.482727 ) (354.761322 334.579163 729.361450 ) 
4 126 142 (335.594666 392 816.482727 ) (307.667297 308.333496 943.424927 ) (345.558960 270.441833 771.190125 ) (354.761322 334.579163 729.361450 ) 
4 126 134 (345.560272 270.441132 771.190552 ) (307.667969 308.333496 943.427734 ) (121.214890 308.333496 943.427734 ) (236.039673 270.441132 771.190552 ) 
4 126 132 (253.851044 270.437500 771.191406 ) (236.039063 270.437500 771.191406 ) (338.807709 506.805420 617.038452 ) (368 535.997803 598 ) 
4 126 131 (345.558594 270.437500 771.191406 ) (253.851044 270.437500 771.191406 ) (368.001678 536.001709 597.997375 ) (383.660553 536.001709 597.997375 ) 
4 127 145 (391.507263 559.506226 562.335388 ) (389.847321 554.533325 569.880493 ) (357.006226 327.853668 719.157288 ) (391.507355 224.493408 562.333618 ) 
3 127 142 (357.006226 327.853668 719.157288 ) (348.292450 267.708344 758.765198 ) (391.507355 224.493408 562.333618 ) 
3 127 134 (391.509735 224.491577 562.329956 ) (348.293732 267.707642 758.765747 ) (262.040710 267.707642 758.765686 ) 
4 127 131 (389.843750 554.531250 569.882813 ) (386.531738 554.531250 569.882813 ) (262.040771 267.710938 758.765625 ) (348.291534 267.710938 758.765625 ) 
4 127 130 (311.021454 380.561310 684.453125 ) (368.003418 511.845337 597.997803 ) (368.003235 247.998581 597.997803 ) (368.001709 248 598 ) 
4 127 129 (391.505127 224.496643 562.339722 ) (391.505127 224.494843 562.339722 ) (375.860596 229.716873 586.076294 ) (368.001709 248 598 ) 
3 127 128 (262.039734 267.709473 758.770142 ) (311.021454 380.561310 684.453125 ) (375.860596 229.716873 586.076294 ) 
4 128 134 (375.859283 229.715607 586.075439 ) (262.040710 267.707642 758.765686 ) (244.322891 267.707642 758.765686 ) (359.449707 229.715607 586.075439 ) 
4 128 132 (293.864502 380.558228 684.451111 ) (244.322266 267.710938 758.765625 ) (262.040771 267.710938 758.765625 ) (311.020813 380.558228 684.451111 ) 
5 128 130 (293.863281 380.550781 684.449219 ) (311.019531 380.550781 684.449219 ) (367.993896 248.003555 598.005371 ) (367.991669 248.003555 598.005371 ) (338.800873 277.194580 617.042908 ) 
4 128 129 (367.993896 248.003555 598.005371 ) (375.854004 229.717545 586.079712 ) (359.443115 229.717529 586.079590 ) (351.492706 248.003448 598.005188 ) 
4 129 134 (391.507660 224.492279 562.333130 ) (375.859283 229.715607 586.075439 ) (359.449707 229.715607 586.075439 ) (375.277954 224.492249 562.333069 ) 
4 130 132 (338.803955 482.921265 617.040894 ) (293.864502 380.558228 684.451111 ) (311.020813 380.558228 684.451111 ) (368 511.835083 598 ) 
4 131 145 (389.847321 554.533325 569.880493 ) (383.661011 536 598 ) (354.761322 334.579132 729.361450 ) (357.006226 327.853699 719.157288 ) 
4 131 142 (354.761322 334.579132 729.361450 ) (345.558960 270.441833 771.190125 ) (348.292450 267.708344 758.765198 ) (357.006226 327.853699 719.157288 ) 
4 131 134 (348.293732 267.707642 758.765747 ) (345.560272 270.441132 771.190552 ) (253.851593 270.441132 771.190552 ) (262.040710 267.707642 758.765686 ) 
4 131 132 (368.002350 511.844391 597.998413 ) (262.039307 267.709717 758.770020 ) (253.854736 270.441650 771.188843 ) (368.003662 536.001709 597.997498 ) 
4 132 134 (253.851593 270.441132 771.190552 ) (236.039673 270.441132 771.190552 ) (244.322891 267.707642 758.765686 ) (262.040710 267.707642 758.765686 ) 
4 133 231 (0 201.686996 458.668182 ) (0 201.686996 518.190796 ) (0 207.396576 546.219604 ) (0 219.247894 538.490479 ) 
5 133 229 (0 207.396576 546.219604 ) (0 212.631454 571.918152 ) (0 224 571.918152 ) (0 224 560.090942 ) (0 219.247894 538.490479 ) 
3 133 227 (0 212.631454 571.918152 ) (0 224 627.727356 ) (0 224 571.918152 ) 
4 133 207 (0 224 627.727356 ) (0 293.036560 966.634155 ) (0 308.333496 943.424988 ) (0 224 560.090942 ) 
4 133 186 (0 201.686996 518.190857 ) (0 201.686996 458.668182 ) (21.562037 201.686996 458.668182 ) (33.687042 201.686996 518.190857 ) 
3 133 135 (36.499157 217.820023 531.998657 ) (42.679024 224.494263 562.336121 ) (36.499397 204.499969 532 ) 
4 133 134 (42.679024 224.494263 562.336121 ) (120.308594 308.333984 943.425781 ) (125.036461 293.036804 966.635315 ) (36.499397 204.499969 532 ) 
4 134 142 (302.560791 293.035095 966.636292 ) (398.181702 204.497223 531.995728 ) (391.506958 224.493790 562.335388 ) (307.667297 308.333496 943.424927 ) 
3 134 135 (36.506802 204.509369 532.010315 ) (42.684570 224.496094 562.335938 ) (56.494156 224.496094 562.335938 ) 
5 136 146 (307.667419 475.666504 943.424988 ) (391.507263 559.506165 562.335449 ) (399.501587 583.456116 525.997681 ) (399.501587 584 525.997681 ) (271.506439 584 1107.792969 ) 
3 136 143 (399.501587 583.456116 525.997681 ) (399.683136 584 525.172424 ) (399.501587 584 525.997681 ) 
4 136 142 (224 392 1323.729126 ) (307.667419 475.666504 943.424988 ) (271.506439 584 1107.792969 ) (224 584 1323.729126 ) 
4 136 139 (56.495640 559.502380 562.341187 ) (224 391.997070 1323.730469 ) (224 584 1323.730469 ) (48.318527 584 525.172424 ) 
4 136 137 (49.818848 579.500244 531.998657 ) (48.316864 584 525.171448 ) (399.682617 584 525.171875 ) (398.180695 579.500183 532 ) 
3 137 148 (399.501587 583.456116 525.997681 ) (398.181061 579.500000 532 ) (399.501587 580.722717 525.997620 ) 
4 137 143 (403.041077 584 509.909119 ) (399.683136 584 525.172424 ) (399.501587 583.456116 525.997681 ) (399.501587 580.722717 525.997620 ) 
3 137 141 (49.820587 579.500000 532 ) (48.318527 584 525.172424 ) (44.960602 584 509.909088 ) 
4 138 207 (0 378.384613 1385.615479 ) (0 409.018494 1536 ) (0 464 1536 ) (0 464 996.454590 ) 
4 138 206 (0 464 1536 ) (0 584 1536 ) (0 584 451 ) (0 464 996.454590 ) 
5 138 142 (177.300781 409.016602 1536 ) (210.384399 378.383636 1385.619873 ) (210.384995 378.384247 1385.617188 ) (210.385010 584 1385.617310 ) (177.300781 584 1536 ) 
3 138 141 (32 584 509.909058 ) (35.109058 584 525.172363 ) (36.499809 579.500183 532 ) 
3 138 140 (42.679153 559.506653 562.334656 ) (36.499809 566.180359 532 ) (36.499809 579.500183 532 ) 
4 138 139 (210.384766 378.384766 1385.617188 ) (42.679153 559.506653 562.334656 ) (35.109058 584 525.172363 ) (210.384766 584 1385.617188 ) 
4 139 142 (210.384995 378.384247 1385.617188 ) (224 392 1323.729126 ) (224 584 1323.729126 ) (210.385010 584 1385.617310 ) 
5 139 141 (36.499065 579.501587 531.998535 ) (35.108765 584 525.173401 ) (48.318909 584 525.174194 ) (49.821156 579.499451 532.002563 ) (36.500957 579.499695 532.001404 ) 
3 139 140 (42.679688 559.503906 562.339844 ) (36.499065 579.501587 531.998535 ) (56.494965 559.505615 562.338074 ) 
4 142 146 (307.664429 475.666809 943.423584 ) (271.503540 584 1107.791260 ) (416 584 1107.791260 ) (416 475.666809 943.423584 ) 
5 142 145 (411.499146 204.503906 532.003906 ) (411.497406 204.503906 532.003906 ) (391.502655 224.498672 562.340820 ) (307.664429 475.666809 943.423584 ) (327.691437 475.666809 943.423584 ) 
4 142 144 (416 204.503906 532.003906 ) (411.499146 204.503906 532.003906 ) (327.691437 475.666809 943.423584 ) (416 475.666809 943.423584 ) 
4 143 148 (410.225891 584 509.909119 ) (400.050446 584 525.172424 ) (399.496124 583.451965 526.003906 ) (399.496124 580.721436 526.003906 ) 
3 143 146 (400.050446 584 525.172424 ) (399.496124 584 526.003906 ) (399.496124 583.451965 526.003906 ) 
3 144 184 (416 201.686996 509.909027 ) (416 201.686996 518.190796 ) (414.312988 201.686996 518.190796 ) 
3 144 147 (416 559.507629 562.333191 ) (416 571.041016 509.908997 ) (405.320984 559.507629 562.333191 ) 
4 144 146 (327.690979 475.666992 943.425781 ) (416 475.666992 943.425781 ) (416 559.507629 562.333191 ) (405.320984 559.507629 562.333191 ) 
3 144 145 (327.691406 475.666992 943.425781 ) (411.500732 566.180725 531.998901 ) (411.500519 204.499985 532 ) 
4 145 149 (391.510376 559.508667 562.329163 ) (391.509521 559.507813 562.333008 ) (405.320953 559.507629 562.333252 ) (411.499969 566.180969 532 ) 
4 145 146 (391.509521 559.507813 562.333008 ) (307.666290 475.666992 943.425781 ) (327.690979 475.666992 943.425781 ) (405.320953 559.507629 562.333252 ) 
3 146 149 (405.320831 559.505859 562.333984 ) (391.507813 559.505859 562.333984 ) (411.499939 579.498596 532 ) 
5 146 148 (398.180817 579.500549 531.997192 ) (399.501892 583.458984 525.991272 ) (400.049133 584 525.170410 ) (412.891174 584 525.170410 ) (411.500549 579.500610 531.997070 ) 
4 146 147 (416 559.505859 562.333984 ) (405.320831 559.505859 562.333984 ) (412.891174 584 525.170410 ) (416 584 525.170410 ) 
3 147 149 (405.321289 559.507813 562.332031 ) (411.500336 579.500244 531.998657 ) (411.499573 566.180481 532 ) 
3 147 148 (411.500336 579.500244 531.998657 ) (412.891052 584 525.171448 ) (416 584 509.908081 ) 
3 150 181 (64.339241 128 598 ) (69.897148 89.263130 623.263123 ) (68.857628 114.463585 618.538025 ) 
4 150 180 (59.366264 162.660187 575.395508 ) (64.339241 128 598 ) (68.857628 114.463585 618.538025 ) (67.167480 155.436829 610.855530 ) 
4 150 178 (65.259659 201.686996 602.183655 ) (53.766762 201.686996 549.943237 ) (59.366264 162.660187 575.395508 ) (67.167480 155.436829 610.855530 ) 
4 150 170 (416 201.686996 602.182251 ) (65.262932 201.686996 602.182251 ) (69.900291 89.266174 623.261169 ) (416 89.266174 623.261169 ) 
3 150 169 (416 89.263680 623.263672 ) (329.260193 89.263680 623.263672 ) (416 114.201416 607 ) 
5 150 166 (80.002281 128 598.001526 ) (61.717255 146.284042 586.076477 ) (53.768139 201.686996 549.944153 ) (64.462769 201.686996 549.944153 ) (96.501007 128 598.001526 ) 
3 150 165 (96.501030 127.998962 598.001526 ) (90.500031 141.801270 589 ) (104.168976 127.998962 598.001526 ) 
4 150 164 (395.436798 108.289490 610.855530 ) (380.203400 103.909874 613.711792 ) (383.659668 128 598.001465 ) (398.055237 128 598.001465 ) 
4 150 162 (416 128 598.001465 ) (416 114.201416 607 ) (395.436798 108.289490 610.855530 ) (398.055237 128 598.001465 ) 
4 150 161 (394.232239 201.686996 549.944153 ) (416 201.686996 549.944153 ) (416 128 598.001465 ) (383.659668 128 598.001465 ) 
3 150 154 (368 128 598.001465 ) (354.463501 96.509644 618.538025 ) (329.263000 89.264488 623.263123 ) 
4 150 153 (368 128 598.001465 ) (383.659668 128 598.001465 ) (380.203400 103.909874 613.711792 ) (354.463501 96.509644 618.538025 ) 
5 150 152 (104.168976 127.998962 598.001526 ) (90.500031 141.801270 589 ) (64.462769 201.686996 549.944153 ) (394.232239 201.686996 549.944153 ) (383.659668 128 598.001465 ) 
3 150 151 (118.737579 89.263672 623.263672 ) (69.898438 89.263672 623.263672 ) (61.717255 146.284042 586.076477 ) 
4 151 363 (124.499939 0 640 ) (73.579987 0 640 ) (61.716751 0 586.076111 ) (109.192238 0 617.038391 ) 
5 151 351 (144.399963 0 640 ) (130.247589 0 640 ) (123.813644 0 638.970520 ) (112.571411 0 622.107178 ) (118.736938 0 623.263184 ) 
3 151 350 (130.247589 0 640 ) (124.499939 0 640 ) (123.813644 0 638.970520 ) 
3 151 349 (112.571411 0 622.107178 ) (109.192238 0 617.038391 ) (118.736938 0 623.263184 ) 
5 151 181 (61.715881 0 586.075562 ) (73.579254 0 640 ) (69.897148 89.263130 623.263123 ) (64.339233 128 598 ) (61.715885 135.859283 586.075562 ) 
3 151 180 (64.339233 128 598 ) (61.715885 146.284027 586.075562 ) (61.715885 135.859283 586.075562 ) 
5 151 173 (69.900291 89.266174 623.261169 ) (71.515457 50.110699 630.602844 ) (130.239044 0 639.998596 ) (144.397766 0 639.998596 ) (118.733826 89.266174 623.261169 ) 
3 151 171 (71.515457 50.110699 630.602844 ) (73.582520 0 639.998596 ) (130.239044 0 639.998596 ) 
4 151 167 (61.714851 0 586.074219 ) (61.714844 135.860184 586.074219 ) (80 128 597.998596 ) (80 0 597.998657 ) 
3 151 166 (61.714844 135.860184 586.074219 ) (61.714844 146.289063 586.074219 ) (80.005905 127.998001 598.003052 ) 
4 152 178 (48.498894 201.686996 525.998352 ) (46.776047 201.686996 518.167236 ) (41.403522 196.712433 493.746643 ) (48.498898 175.455612 525.998352 ) 
5 152 166 (90.503517 141.795059 589.002319 ) (64.463547 201.686996 549.942383 ) (48.499023 201.686996 525.995605 ) (48.499023 175.457458 525.995605 ) (90.503517 133.930313 589.002319 ) 
3 152 165 (90.500000 141.800781 589 ) (90.500000 133.931854 589 ) (104.165573 128 598 ) 
4 152 161 (399.499725 201.686996 526 ) (394.231903 201.686996 549.944885 ) (383.659607 128 598.001404 ) (399.499847 175.454361 526 ) 
4 152 160 (406.593689 196.706635 493.755493 ) (401.214905 201.686996 518.204224 ) (399.499725 201.686996 526 ) (399.499847 175.454361 526 ) 
5 152 156 (406.591797 196.707031 493.753906 ) (398.178040 171.500183 532 ) (52.499313 171.500214 531.998962 ) (48.500000 175.454071 526 ) (41.405365 196.708664 493.751648 ) 
3 152 153 (391.503235 151.503036 562.339905 ) (383.658203 128 598 ) (368 128 598 ) 
3 153 340 (391.506195 0 562.335327 ) (380.203369 0 613.711853 ) (354.463440 0 618.538086 ) 
4 153 169 (380.203766 103.911339 613.710144 ) (354.464783 96.511452 618.536194 ) (354.464539 0 618.536560 ) (380.203735 0 613.710327 ) 
5 153 164 (391.506073 151.506119 562.335571 ) (383.659607 128 598.001404 ) (380.203461 103.910156 613.711304 ) (380.203461 101.025795 613.711304 ) (391.506073 135.276306 562.335571 ) 
4 153 158 (380.203461 101.025795 613.711304 ) (380.203461 0 613.711304 ) (391.506165 0 562.335449 ) (391.506073 135.276306 562.335571 ) 
4 153 154 (368.001526 128.001526 597.998962 ) (368.001587 0 597.998901 ) (354.464661 0 618.537842 ) (354.464661 96.500000 618.537842 ) 
4 154 356 (368 0 598 ) (354.463440 0 618.538086 ) (335.428619 0 622.107117 ) (338.807800 0 617.038330 ) 
3 154 345 (335.428619 0 622.107117 ) (329.263123 0 623.263123 ) (338.807800 0 617.038330 ) 
4 154 169 (354.464783 96.511452 618.536194 ) (329.266724 89.267067 623.260803 ) (329.265564 0 623.261475 ) (354.464539 0 618.536560 ) 
10 155 347 (416 0 451 ) (399.499969 0 526 ) (357.499969 0 589 ) (296 0 629.499939 ) (240 0 640 ) (208 0 640 ) (152 0 629.500061 ) (90.500038 0 589 ) (48.500015 0 526 ) (32 0 451 ) 
4 155 191 (416 176 451 ) (416 0 451 ) (32 0 451 ) (32 176 451 ) 
5 156 178 (41.403522 196.712433 493.746643 ) (32 188.004776 451 ) (32 188 451 ) (48.498898 172.722549 525.998352 ) (48.498898 175.455612 525.998352 ) 
3 156 168 (48.499023 175.457458 525.995605 ) (48.499023 172.723114 525.995605 ) (52.501987 171.499985 532 ) 
3 156 163 (399.499817 175.454361 526 ) (398.179871 171.499985 532 ) (399.499817 172.722153 526 ) 
5 156 160 (410.564758 193.029724 475.705414 ) (406.593689 196.706635 493.755493 ) (399.499817 175.454361 526 ) (399.499817 172.722153 526 ) (405.783112 178.539993 497.440033 ) 
3 156 159 (415.998413 187.998535 451.007172 ) (410.564758 193.029724 475.705414 ) (405.783112 178.539993 497.440033 ) 
3 157 339 (416 0 509.908905 ) (416 0 607 ) (395.436798 0 610.855591 ) 
4 157 169 (395.437103 0 610.854004 ) (416 0 606.998352 ) (416 105.501060 606.998352 ) (395.437103 102.930725 610.853882 ) 
3 157 162 (395.436127 102.927444 610.858826 ) (416 105.497925 607.003113 ) (416 170.227356 509.908936 ) 
4 157 158 (395.437195 102.927277 610.855469 ) (411.500519 155.498199 532 ) (411.500519 0 532 ) (395.437195 0 610.855469 ) 
4 158 369 (411.499939 0 532 ) (395.436798 0 610.855591 ) (380.203369 0 613.711853 ) (391.506195 0 562.335327 ) 
4 158 169 (380.203766 101.026573 613.710144 ) (380.203735 0 613.710327 ) (395.437103 0 610.854004 ) (395.437103 102.930725 610.853882 ) 
4 158 164 (391.508087 135.278290 562.332581 ) (380.204102 101.023438 613.714844 ) (395.436127 102.927444 610.858826 ) (411.499969 155.499969 532 ) 
4 159 160 (410.566406 193.031250 475.703125 ) (405.784332 178.539993 497.440033 ) (416 178.539978 497.440002 ) (416 193.031250 475.703125 ) 
4 160 163 (416 177.764282 501.248047 ) (416 191.768356 501.248047 ) (399.496094 175.451981 526.003906 ) (399.496094 172.721420 526.003906 ) 
5 160 161 (416 191.768356 501.248047 ) (416 198.235703 501.248047 ) (404.704865 201.686996 518.190735 ) (399.496094 201.686996 526.003906 ) (399.496094 175.451981 526.003906 ) 
3 161 184 (414.312836 201.686996 518.191467 ) (416 201.686996 518.191467 ) (416 200 509.908936 ) 
5 161 164 (383.658691 128.002640 597.998291 ) (391.503662 151.505035 562.339233 ) (411.498077 171.499420 532.002930 ) (411.499390 171.499420 532.002930 ) (398.055878 128.002640 597.998291 ) 
5 161 163 (398.177673 171.499451 532.002747 ) (399.500000 175.460938 525.992188 ) (416 191.773407 501.242218 ) (416 186.061264 509.908966 ) (411.499390 171.499420 532.002930 ) 
3 161 162 (416 186.061264 509.908966 ) (416 128.002655 597.998291 ) (398.055878 128.002640 597.998291 ) 
4 162 169 (416 114.202667 606.998352 ) (395.437103 108.290886 610.853882 ) (395.437103 102.930725 610.853882 ) (416 105.501060 606.998352 ) 
6 162 164 (398.057434 128.008591 597.994324 ) (411.498260 171.497681 532.011353 ) (411.500824 171.500229 531.998840 ) (411.500732 155.500732 531.998901 ) (395.437347 102.929695 610.855469 ) (395.437439 108.288315 610.855469 ) 
3 162 163 (411.498260 171.497681 532.011353 ) (416 186.063461 509.911713 ) (416 176 509.911621 ) 
4 164 169 (395.437103 108.290886 610.853882 ) (380.203766 103.911339 613.710144 ) (380.203766 101.026573 613.710144 ) (395.437103 102.930725 610.853882 ) 
3 165 166 (96.500900 128.001068 597.998413 ) (90.503517 141.795059 589.002319 ) (90.503517 133.930298 589.002319 ) 
4 166 180 (49.819260 171.499985 532 ) (61.715885 135.859283 586.075562 ) (61.715885 146.284027 586.075562 ) (59.366264 162.660172 575.395508 ) 
5 166 178 (53.766762 201.686996 549.943237 ) (48.498894 201.686996 525.998352 ) (48.498898 175.455612 525.998352 ) (49.819260 171.499985 532 ) (59.366264 162.660172 575.395508 ) 
3 166 168 (48.500000 175.457031 526.003906 ) (52.504864 171.497803 532.010864 ) (49.821499 171.497894 532.010315 ) 
3 166 167 (80 128.002823 597.998108 ) (61.716385 135.861557 586.074524 ) (56.493263 151.509705 562.334595 ) 
3 167 364 (80 0 598 ) (61.716751 0 586.076111 ) (56.493790 0 562.335388 ) 
4 167 181 (56.492664 0 562.333679 ) (61.715881 0 586.075562 ) (61.715885 135.859283 586.075562 ) (56.492664 151.507355 562.333679 ) 
3 168 178 (48.498898 175.455612 525.998352 ) (48.498898 172.722549 525.998352 ) (49.819260 171.499985 532 ) 
4 169 369 (389.499939 0 640 ) (374.420013 0 640 ) (380.203369 0 613.711853 ) (395.436768 0 610.855591 ) 
4 169 356 (340.318176 0 640 ) (323.500061 0 640 ) (335.428528 0 622.107117 ) (354.463440 0 618.538086 ) 
4 169 345 (323.500061 0 640 ) (303.600006 0 640 ) (329.263000 0 623.263184 ) (335.428528 0 622.107117 ) 
4 169 340 (374.420013 0 640 ) (340.318176 0 640 ) (354.463440 0 618.538086 ) (380.203369 0 613.711853 ) 
4 169 339 (416 0 607 ) (416 0 640 ) (389.499939 0 640 ) (395.436768 0 610.855591 ) 
5 169 174 (303.602112 0 639.998596 ) (416 0 639.998596 ) (416 89.266174 623.261169 ) (329.273407 89.266174 623.261169 ) (329.263214 89.255981 623.263062 ) 
4 170 376 (416 0 1396.454468 ) (416 0 1536 ) (270.700012 0 1536 ) (240 0 1396.454468 ) 
4 170 369 (237.615326 0 1385.615112 ) (224 0 1323.727295 ) (365.294739 0 681.478271 ) (381.050659 0 681.478271 ) 
4 170 365 (224 0 1323.727295 ) (111.694992 0 813.250000 ) (240 0 813.250000 ) (312.409760 0 921.864624 ) 
4 170 363 (111.694992 0 813.250000 ) (82.705215 0 681.478271 ) (152.152176 0 681.478271 ) (240 0 813.250000 ) 
4 170 360 (336.304993 0 813.250000 ) (330.253113 0 840.758545 ) (258.339050 0 840.758545 ) (240 0 813.250000 ) 
3 170 359 (330.253113 0 840.758545 ) (312.409760 0 921.864624 ) (258.339050 0 840.758545 ) 
4 170 356 (295.847839 0 681.478271 ) (312.980225 0 681.478271 ) (233.025681 0 802.788574 ) (224 0 789.250061 ) 
4 170 352 (152.152176 0 681.478271 ) (230.929977 0 681.478271 ) (276.042389 0 711.186462 ) (224 0 789.250061 ) 
4 170 342 (230.929977 0 681.478271 ) (295.847839 0 681.478271 ) (281.934784 0 702.347839 ) (262.620789 0 702.347839 ) 
3 170 341 (281.934784 0 702.347839 ) (276.042389 0 711.186462 ) (262.620789 0 702.347839 ) 
5 170 340 (312.980225 0 681.478271 ) (365.294739 0 681.478271 ) (336.304993 0 813.250000 ) (240 0 813.250000 ) (233.025681 0 802.788574 ) 
5 170 339 (416 0 681.478271 ) (416 0 1396.454468 ) (240 0 1396.454468 ) (237.615326 0 1385.615112 ) (381.050659 0 681.478271 ) 
4 170 181 (68.857628 114.463577 618.538025 ) (69.897148 89.263123 623.263123 ) (82.704468 0 681.478271 ) (107.064766 0 792.206909 ) 
4 170 180 (67.167480 155.436829 610.855530 ) (68.857628 114.463577 618.538025 ) (107.064766 0 792.206909 ) (235.039230 0 1373.909180 ) 
5 170 178 (270.699219 0 1536 ) (270.699219 201.686996 1536 ) (65.259659 201.686996 602.183655 ) (67.167480 155.436829 610.855530 ) (235.039230 0 1373.909180 ) 
4 170 174 (329.262268 89.263680 623.263672 ) (416 89.263680 623.263672 ) (416 59.001907 643 ) (299 59.001915 643 ) 
5 170 173 (71.508904 78.011986 630.601746 ) (69.894531 89.263672 623.263672 ) (118.737610 89.263672 623.263672 ) (149 59.001923 643 ) (148.995575 59.001923 643 ) 
4 170 172 (416 59.001907 643 ) (416 0 681.479248 ) (389.492554 0 681.479248 ) (148.995575 59.001923 643 ) 
3 170 171 (82.701950 0 681.479248 ) (71.508904 78.011986 630.601746 ) (389.492554 0 681.479248 ) 
4 171 369 (381.050659 0 681.478271 ) (365.294739 0 681.478271 ) (366.117310 0 677.739136 ) (381.316925 0 680.171082 ) 
4 171 363 (152.152176 0 681.478271 ) (82.705215 0 681.478271 ) (73.579987 0 640 ) (124.499939 0 640 ) 
4 171 356 (312.980225 0 681.478271 ) (295.847839 0 681.478271 ) (304.873291 0 667.940063 ) (320.278534 0 670.404907 ) 
5 171 352 (230.929962 0 681.478271 ) (152.152176 0 681.478271 ) (128.499969 0 646 ) (167.747849 0 646 ) (180.042618 0 647.967163 ) 
4 171 350 (128.499969 0 646 ) (124.499939 0 640 ) (130.247574 0 640 ) (167.747849 0 646 ) 
4 171 342 (295.847839 0 681.478271 ) (230.929962 0 681.478271 ) (180.042618 0 647.967163 ) (304.873291 0 667.940063 ) 
4 171 340 (365.294739 0 681.478271 ) (312.980225 0 681.478271 ) (320.278534 0 670.404907 ) (366.117310 0 677.739136 ) 
3 171 339 (389.486786 0 681.478271 ) (381.050659 0 681.478271 ) (381.316925 0 680.171082 ) 
4 171 181 (71.511742 50.121456 630.602234 ) (73.579254 0 640 ) (82.704468 0 681.478271 ) (71.511749 78.009865 630.602234 ) 
5 171 173 (130.251953 0 640 ) (71.511719 50.125000 630.601563 ) (71.512352 78.003868 630.601624 ) (149 58.993729 643 ) (149 0 643 ) 
3 171 172 (149.010895 58.990875 643.001404 ) (389.462616 0 681.473755 ) (208.001511 0 652.439941 ) 
4 172 369 (381.316956 0 680.171082 ) (366.117371 0 677.739136 ) (371.683167 0 652.439941 ) (386.965912 0 652.439941 ) 
4 172 356 (320.278534 0 670.404907 ) (304.873291 0 667.940063 ) (315.206696 0 652.439941 ) (332.119080 0 652.439941 ) 
4 172 344 (239.997696 0 657.559998 ) (207.997406 0 652.439941 ) (315.206696 0 652.439941 ) (311.793335 0 657.559998 ) 
3 172 343 (304.873291 0 667.940063 ) (239.997696 0 657.559998 ) (311.793335 0 657.559998 ) 
4 172 340 (366.117371 0 677.739136 ) (320.278534 0 670.404907 ) (332.119080 0 652.439941 ) (371.683167 0 652.439941 ) 
5 172 339 (416 0 652.439941 ) (416 0 681.478271 ) (389.486786 0 681.478271 ) (381.316956 0 680.171082 ) (386.965912 0 652.439941 ) 
4 172 175 (298.979492 58.996101 643 ) (299 58.996101 643 ) (284.526306 0 652.439331 ) (239.983490 0 652.439331 ) 
4 172 174 (299 58.996101 643 ) (416 58.996109 643 ) (416 0 652.439331 ) (284.526306 0 652.439331 ) 
3 173 351 (149 0 643 ) (130.247574 0 640 ) (144.399902 0 640 ) 
3 173 181 (69.897148 89.263123 623.263123 ) (71.511742 50.121456 630.602234 ) (71.511749 78.009865 630.602234 ) 
4 174 369 (386.965912 0 652.439941 ) (371.683197 0 652.439941 ) (374.420013 0 640 ) (389.499939 0 640 ) 
4 174 356 (332.119080 0 652.439941 ) (315.206696 0 652.439941 ) (323.500031 0 640 ) (340.318146 0 640 ) 
4 174 345 (315.206696 0 652.439941 ) (284.525330 0 652.439941 ) (303.600037 0 640 ) (323.500031 0 640 ) 
4 174 340 (371.683197 0 652.439941 ) (332.119080 0 652.439941 ) (340.318146 0 640 ) (374.420013 0 640 ) 
4 174 339 (416 0 640 ) (416 0 652.439941 ) (386.965912 0 652.439941 ) (389.499939 0 640 ) 
4 174 175 (284.522491 0 652.441040 ) (298.996643 58.997864 643.001343 ) (299.004944 59.006153 642.995911 ) (299.005035 0 642.995850 ) 
3 175 346 (284.525330 0 652.439941 ) (239.979782 0 652.439941 ) (299.006714 0 642.995605 ) 
3 176 231 (0 180.592606 487.363647 ) (0 195.407394 487.363647 ) (0 188 451 ) 
3 176 186 (8 188 451 ) (0 188 451 ) (0 195.407104 487.363647 ) 
3 176 178 (8 188 451 ) (0 195.408737 487.367859 ) (0 180.591705 487.367859 ) 
3 177 381 (0 0 487.363647 ) (0 0 451 ) (8 0 451 ) 
4 177 237 (0 0 451 ) (0 0 487.363647 ) (0 168 487.363647 ) (0 176 451 ) 
4 177 193 (6.500000 0 451 ) (0 0 451 ) (0 176 451 ) (6.500000 176 451 ) 
4 178 391 (270.700012 0 1536 ) (241.018524 0 1536 ) (208 0 1373.909180 ) (235.040009 0 1373.909180 ) 
4 178 387 (241.018524 0 1536 ) (0 0 1536 ) (0 0 1373.909058 ) (208 0 1373.909180 ) 
6 178 231 (0 201.686996 549.943237 ) (0 201.686996 518.190796 ) (0 195.407394 487.363647 ) (0 180.592606 487.363647 ) (0 163.368530 571.918152 ) (0 167.992081 571.918152 ) 
3 178 229 (0 201.686996 571.918152 ) (0 201.686996 549.943237 ) (0 167.992081 571.918152 ) 
5 178 227 (0 0 1373.909180 ) (0 0 1536 ) (0 201.686996 1536 ) (0 201.686996 571.918152 ) (0 163.368530 571.918152 ) 
5 178 186 (20 188 451 ) (8 188 451 ) (0 195.407104 487.363647 ) (0 201.686996 518.191467 ) (33.687153 201.686996 518.191467 ) 
3 178 183 (3.500025 171.499786 532 ) (0 170.418045 537.310242 ) (0 171.499649 532 ) 
3 178 182 (3.500025 171.499786 532 ) (0 168 549.181763 ) (0 170.418045 537.310242 ) 
4 178 180 (49.820564 171.499619 532 ) (235.040161 0 1373.907959 ) (208 0 1373.907959 ) (36.500320 171.499634 532 ) 
4 178 179 (20 188 451 ) (208 0 1373.907959 ) (0 0 1373.908325 ) (0 168 549.181763 ) 
4 179 387 (0 0 1373.909058 ) (0 0 813.250000 ) (93.791672 0 813.250000 ) (208 0 1373.909180 ) 
4 179 382 (0 0 813.250000 ) (0 0 549.181824 ) (20 0 451 ) (93.791672 0 813.250000 ) 
4 179 235 (0 0 549.181763 ) (0 0 571.918152 ) (0 145.190338 571.918152 ) (0 160.175644 549.181824 ) 
4 179 234 (0 145.190338 571.918152 ) (0 163.368546 571.918152 ) (0 168 549.181824 ) (0 160.175644 549.181824 ) 
3 179 227 (0 0 571.918152 ) (0 0 1373.909180 ) (0 163.368546 571.918152 ) 
4 179 182 (0 168 549.175964 ) (3.498317 171.497345 532.002380 ) (3.498318 0 532.002380 ) (0 0 549.175964 ) 
3 179 181 (36.499435 171.500580 532 ) (89.504730 0 792.206909 ) (36.499420 0 532 ) 
3 179 180 (36.499435 171.500580 532 ) (208 0 1373.911499 ) (89.504730 0 792.206909 ) 
4 180 392 (111.694992 0 813.250000 ) (117.746880 0 840.758545 ) (99.395264 0 840.758545 ) (93.791664 0 813.250000 ) 
4 180 391 (117.746880 0 840.758545 ) (235.040009 0 1373.909180 ) (208 0 1373.909180 ) (99.395264 0 840.758545 ) 
4 180 385 (107.065514 0 792.206909 ) (111.694992 0 813.250000 ) (93.791664 0 813.250000 ) (89.505096 0 792.206848 ) 
4 180 181 (89.506149 0 792.207153 ) (36.500977 171.500000 532 ) (56.493774 151.506241 562.335388 ) (107.065521 0 792.206909 ) 
4 181 385 (56.493771 0 562.335327 ) (107.065514 0 792.206909 ) (89.505096 0 792.206848 ) (36.499989 0 532 ) 
3 182 383 (0 0 549.181824 ) (0 0 537.310181 ) (3.500051 0 532 ) 
4 182 235 (0 0 537.310242 ) (0 0 549.181763 ) (0 160.175659 549.181824 ) (0 168 537.310181 ) 
4 182 234 (0 160.175659 549.181824 ) (0 168 549.181824 ) (0 170.418304 537.310181 ) (0 168 537.310181 ) 
4 182 183 (0 170.421753 537.310669 ) (3.501948 171.503906 531.998047 ) (3.501948 171.501312 531.998047 ) (0 168 537.310669 ) 
3 183 234 (0 168 537.310181 ) (0 170.418304 537.310181 ) (0 171.500000 532 ) 
3 186 231 (0 201.686996 518.190796 ) (0 201.686996 451 ) (0 188 451 ) 
6 187 190 (226.538040 176.188019 266.899261 ) (359.455444 176.188019 396.055481 ) (298.061279 176.188019 438.392639 ) (223.997543 176.188019 451 ) (151.427597 176.188019 438.389709 ) (90.046371 176.188019 396.062317 ) 
4 187 189 (359.455322 176.188019 396.055542 ) (226.537766 176.188019 266.899536 ) (226.540894 201.686996 266.904541 ) (359.455566 201.686996 396.057739 ) 
4 187 188 (90.046181 176.188019 396.059662 ) (90.050880 201.686996 396.063202 ) (226.538956 201.686996 266.904236 ) (226.535828 176.188019 266.899200 ) 
6 188 190 (32 176.188019 259.018036 ) (32 176.188019 91 ) (45.516369 176.188019 91 ) (226.538040 176.188019 266.899261 ) (90.049057 176.188019 396.059784 ) (48.269222 176.188019 333.566498 ) 
4 188 189 (226.537766 176.188019 266.899536 ) (45.515289 176.188019 91 ) (45.513252 201.686996 91 ) (226.540894 201.686996 266.904541 ) 
5 189 190 (45.516369 176.188019 91 ) (416 176.188019 91 ) (416 176.188019 259 ) (401.226471 176.188019 333.578827 ) (359.458191 176.188019 396.058167 ) 
4 190 191 (32 176 451 ) (32 176 115 ) (416 176 115 ) (416 176 451 ) 
4 191 395 (416 0 115 ) (416 0 451 ) (32 0 451 ) (32 0 115 ) 
7 191 192 (32 176.188019 258.051056 ) (32 176.188019 115 ) (32 0 115 ) (32 0 448.276123 ) (32 58.073200 438.389648 ) (32 119.448891 396.066101 ) (32 161.222748 333.581329 ) 
4 192 398 (6.500000 0 448.276123 ) (6.500000 0 115 ) (32 0 115 ) (32 0 448.276123 ) 
7 192 193 (6.500000 176 259 ) (6.500000 176 115 ) (6.500000 0 115 ) (6.500000 0 448.276123 ) (6.500000 58.071888 438.389893 ) (6.500000 119.449753 396.064850 ) (6.500000 161.222733 333.581390 ) 
4 193 399 (6.500000 0 451 ) (0 0 451 ) (0 0 115 ) (6.500000 0 115 ) 
4 193 242 (0 0 115 ) (0 0 451 ) (0 176 451 ) (0 176 115 ) 
4 194 212 (0 1024 91 ) (0 1024 0 ) (0 704 0 ) (0 704 91 ) 
4 194 197 (416 704 0 ) (416 704 43 ) (0 704 43 ) (0 704 0 ) 
4 194 195 (416 704 43 ) (416 704 91 ) (0 704 91 ) (0 704 43 ) 
4 195 212 (0 512 91 ) (0 704 91 ) (0 704 43 ) (0 512 43 ) 
4 195 197 (0 704 43 ) (416 704 43 ) (416 512 43 ) (0 512 43 ) 
4 195 196 (368 512 43 ) (416 512 43 ) (416 512 91 ) (368 512 91 ) 
3 196 197 (416 512 43 ) (416 456 43 ) (368 512 43 ) 
4 197 485 (416 0 0 ) (416 0 43 ) (0 0 43 ) (0 0 0 ) 
4 197 255 (0 0 0 ) (0 0 43 ) (0 224 43 ) (0 224 0 ) 
4 197 213 (0 224 43 ) (0 512 43 ) (0 512 0 ) (0 224 0 ) 
4 197 212 (0 512 43 ) (0 704 43 ) (0 704 0 ) (0 512 0 ) 
4 198 487 (416 0 -1792 ) (416 0 -832 ) (0 0 -832 ) (0 0 -1792 ) 
4 198 256 (0 224 -1792 ) (0 0 -1792 ) (0 0 -832 ) (0 224 -832 ) 
4 198 214 (0 1024 -832 ) (0 1024 -1792 ) (0 224 -1792 ) (0 224 -832 ) 
4 199 215 (-16 1024 1536 ) (-16 1024 91 ) (-16 656 91 ) (-16 656 1536 ) 
4 199 212 (-16 656 91 ) (-16 1024 91 ) (0 1024 91 ) (0 656 91 ) 
4 199 200 (0 656 451 ) (0 656 1536 ) (-16 656 1536 ) (-16 656 451 ) 
4 200 215 (-16 608 451 ) (-16 608 1536 ) (-16 656 1536 ) (-16 656 451 ) 
4 200 206 (-16 608 1536 ) (-16 608 451 ) (0 608 451 ) (0 608 1536 ) 
4 201 219 (-16 471.275665 451 ) (-16 472.236938 456.658752 ) (-16 482 454.679016 ) (-16 482 451 ) 
3 201 215 (-16 482 454.679016 ) (-16 500.143097 451 ) (-16 482 451 ) 
4 201 206 (-16 500.141876 451 ) (-16 472.236908 456.658508 ) (0 472.236816 456.657959 ) (0 500.139130 451 ) 
4 201 204 (0 472.236847 456.658264 ) (-16 472.236938 456.658783 ) (-16 471.275665 451 ) (0 471.275665 451 ) 
6 202 219 (-16 464 307 ) (-16 464 408.170227 ) (-16 466.912659 425.316132 ) (-16 474.746704 438.984924 ) (-16 482 444.820099 ) (-16 482 307 ) 
10 202 215 (-16 482 444.820099 ) (-16 486.253693 448.242126 ) (-16 500.134949 451 ) (-16 500.143097 451 ) (-16 513.748230 448.241180 ) (-16 525.263184 438.976990 ) (-16 533.087158 425.324768 ) (-16 536 409.748779 ) (-16 536 307 ) (-16 482 307 ) 
4 202 203 (-16 464.140991 409 ) (-16 464 408.170319 ) (0 464 408.170319 ) (0 464.140991 409 ) 
4 203 219 (-16 464 408.170227 ) (-16 464 420.234192 ) (-16 464.140991 420.480194 ) (-16 464.140991 409 ) 
4 203 205 (-16 464.140991 420.483337 ) (-16 464 420.237335 ) (0 464 420.237335 ) (0 464.140991 420.483337 ) 
4 204 219 (-16 464.140991 458.300415 ) (-16 472.236938 456.658752 ) (-16 471.275665 451 ) (-16 464.140991 451 ) 
4 204 206 (-16 472.236908 456.658508 ) (-16 464 458.328766 ) (0 464 458.328217 ) (0 472.236816 456.657959 ) 
4 204 205 (0 464.140991 451 ) (0 464.140991 458.299927 ) (-16 464.140991 458.300476 ) (-16 464.140991 451 ) 
4 205 219 (-16 464 420.234192 ) (-16 464 458.329010 ) (-16 464.140991 458.300415 ) (-16 464.140991 420.480194 ) 
4 205 207 (-16 464 458.329102 ) (-16 464 451 ) (0 464 451 ) (0 464 458.328522 ) 
4 206 219 (-16 464 458.329010 ) (-16 464 1536 ) (-16 482 1536 ) (-16 482 454.679016 ) 
5 206 215 (-16 482 1536 ) (-16 608 1536 ) (-16 608 451 ) (-16 500.143097 451 ) (-16 482 454.679016 ) 
4 206 207 (-16 464 1536 ) (-16 464 458.329102 ) (0 464 458.328522 ) (0 464 1536 ) 
4 207 231 (0 224 451 ) (0 224 535.391296 ) (-16 224 535.391235 ) (-16 224 451 ) 
4 207 229 (0 224 535.391296 ) (0 224 571.918152 ) (-16 224 582.352905 ) (-16 224 535.391235 ) 
4 207 227 (0 224 571.918152 ) (0 224 1536 ) (-16 224 1536 ) (-16 224 582.352905 ) 
4 207 219 (-16 224 451 ) (-16 224 1536 ) (-16 464 1536 ) (-16 464 451 ) 
4 207 211 (0 224 451 ) (-16 224 451 ) (-16 224.282013 451 ) (0 224.282013 451 ) 
4 207 209 (-16 344 451 ) (-16 344.282043 451 ) (0 344.282043 451 ) (0 344 451 ) 
11 208 219 (-16 380.277985 451 ) (-16 393.885651 448.241058 ) (-16 405.419769 438.963654 ) (-16 413.224487 425.342621 ) (-16 416 410.502472 ) (-16 416 307 ) (-16 344.282043 307 ) (-16 344.282043 409 ) (-16 347.052307 425.316803 ) (-16 354.878174 438.971863 ) (-16 366.402649 448.243134 ) 
4 208 209 (-16 344.282043 307.001953 ) (0 344.282043 299.001953 ) (0 344.282043 409 ) (-16 344.282043 409 ) 
4 209 219 (-16 344 307 ) (-16 344 451 ) (-16 344.282043 451 ) (-16 344.282043 307 ) 
11 210 219 (-16 260.281982 451 ) (-16 273.879913 448.242645 ) (-16 285.398224 438.976349 ) (-16 293.229248 425.311310 ) (-16 296 410.502167 ) (-16 296 307 ) (-16 224.282013 307 ) (-16 224.282013 409 ) (-16 227.052078 425.316406 ) (-16 234.880936 438.977112 ) (-16 246.394318 448.241852 ) 
4 210 211 (-16 224.282013 307.001953 ) (0 224.282013 299.001953 ) (0 224.282013 409 ) (-16 224.282013 409 ) 
4 211 219 (-16 224 307 ) (-16 224 451 ) (-16 224.282013 451 ) (-16 224.282013 307 ) 
4 212 217 (-16 542 0 ) (-16 512 0 ) (-16 512 19 ) (-16 542 19 ) 
4 212 216 (-16 1024 31 ) (-16 1024 0 ) (-16 542 0 ) (-16 542 31 ) 
4 212 215 (-16 1024 91 ) (-16 1024 31 ) (-16 512 31 ) (-16 512 91 ) 
4 212 213 (-16 512 0 ) (0 512 0 ) (0 512 43 ) (-16 512 43 ) 
4 213 255 (0 224 0 ) (0 224 43 ) (-16 224 43 ) (-16 224 0 ) 
5 213 219 (-16 422.214294 0 ) (-16 224 0 ) (-16 224 43 ) (-16 482 43 ) (-16 482 31 ) 
4 213 217 (-16 512 0 ) (-16 482 0 ) (-16 482 19 ) (-16 512 19 ) 
4 213 215 (-16 482 31 ) (-16 482 43 ) (-16 512 43 ) (-16 512 31 ) 
4 214 256 (0 224 -1792 ) (0 224 -832 ) (-16 224 -832 ) (-16 224 -1792 ) 
4 214 226 (-16 1024 -832 ) (-16 1024 -1792 ) (-16 224 -1792 ) (-16 224 -832 ) 
4 215 315 (-1024 1024 1536 ) (-1024 1024 31 ) (-1024 482 31 ) (-1024 482 1536 ) 
4 215 221 (-112 482 31 ) (-64 482 31 ) (-64 482 115 ) (-112 482 115 ) 
4 215 223 (-1024 482 115 ) (-1024 482 31 ) (-112 482 31 ) (-112 482 115 ) 
4 215 220 (-64 482 1536 ) (-1024 482 1536 ) (-1024 482 115 ) (-64 482 115 ) 
4 215 219 (-16 482 31 ) (-16 482 1536 ) (-64 482 1536 ) (-64 482 31 ) 
4 215 216 (-112 542 31 ) (-112 1024 31 ) (-16 1024 31 ) (-16 542 31 ) 
4 215 218 (-112 482 31 ) (-1024 482 31 ) (-1024 1024 31 ) (-112 1024 31 ) 
4 216 217 (-112 542 19 ) (-112 542 0 ) (-16 542 0 ) (-16 542 19 ) 
4 216 218 (-112 1024 0 ) (-112 542 0 ) (-112 542 31 ) (-112 1024 31 ) 
4 217 222 (-112 482 0 ) (-64 482 0 ) (-64 482 19 ) (-112 482 19 ) 
4 217 218 (-112 542 0 ) (-112 482 0 ) (-112 482 19 ) (-112 542 19 ) 
4 218 315 (-1024 1024 31 ) (-1024 1024 0 ) (-1024 482 0 ) (-1024 482 31 ) 
4 218 223 (-1024 482 0 ) (-112 482 0 ) (-112 482 31 ) (-1024 482 31 ) 
4 219 255 (-64 224 0 ) (-16 224 0 ) (-16 224 43 ) (-64 224 43 ) 
4 219 254 (-16 224 43 ) (-16 224 91 ) (-64 224 91 ) (-64 224 43 ) 
8 219 241 (-16 224 307 ) (-16 224 409 ) (-19.052021 224 425.316833 ) (-26.879650 224 438.975677 ) (-38.396793 224 448.242462 ) (-52 224 451 ) (-64 224 448.616241 ) (-64 224 307 ) 
4 219 231 (-16 224 451 ) (-16 224 535.391235 ) (-64 224 535.391296 ) (-64 224 451 ) 
4 219 229 (-16 224 535.391235 ) (-16 224 582.352905 ) (-64 224 613.657227 ) (-64 224 535.391296 ) 
4 219 227 (-16 224 582.352905 ) (-16 224 1536 ) (-64 224 1536 ) (-64 224 613.657227 ) 
4 219 224 (-64 320 0 ) (-64 224 0 ) (-64 224 91 ) (-64 320 91 ) 
3 219 221 (-64 482 115 ) (-64 482 31 ) (-64 320 115 ) 
4 219 222 (-64 458.857147 19 ) (-64 422.214294 0 ) (-64 320 0 ) (-64 320 19 ) 
4 219 220 (-64 482 1536 ) (-64 482 115 ) (-64 224 115 ) (-64 224 1536 ) 
4 220 315 (-1024 224 115 ) (-1024 224 1536 ) (-1024 482 1536 ) (-1024 482 115 ) 
4 220 304 (-1024 224 1536 ) (-1024 224 115 ) (-640 224 115 ) (-640 224 1536 ) 
4 220 300 (-640 224 115 ) (-592 224 115 ) (-592 224 619 ) (-640 224 619 ) 
4 220 298 (-592 224 619 ) (-592 224 745 ) (-640 224 745 ) (-640 224 619 ) 
4 220 297 (-592 224 745 ) (-592 224 1536 ) (-640 224 1536 ) (-640 224 745 ) 
4 220 267 (-592 224 115 ) (-448 224 115 ) (-448 224 745 ) (-592 224 745 ) 
4 220 266 (-448 224 745 ) (-448 224 1536 ) (-592 224 1536 ) (-592 224 745 ) 
4 220 261 (-448 224 115 ) (-400 224 115 ) (-400 224 451 ) (-448 224 451 ) 
4 220 260 (-400 224 451 ) (-400 224 619 ) (-448 224 619 ) (-448 224 451 ) 
4 220 258 (-400 224 619 ) (-400 224 745 ) (-448 224 745 ) (-448 224 619 ) 
4 220 257 (-400 224 745 ) (-400 224 1536 ) (-448 224 1536 ) (-448 224 745 ) 
4 220 247 (-327.859009 224 451 ) (-328 224 451 ) (-328 224 408.169342 ) (-327.859009 224 409 ) 
11 220 246 (-258.911560 224 425.315979 ) (-266.739349 224 438.976624 ) (-278.249359 224 448.236847 ) (-291.872437 224 451 ) (-305.744629 224 448.243469 ) (-317.253845 224 438.984467 ) (-325.089447 224 425.311981 ) (-328 224 408.169342 ) (-328 224 307 ) (-256 224 307 ) (-256 224 409.748596 ) 
4 220 244 (-207.858994 224 451 ) (-208 224 451 ) (-208 224 408.169464 ) (-207.858994 224 409 ) 
11 220 243 (-136 224 307 ) (-136 224 409.753845 ) (-138.909927 224 425.309357 ) (-146.745682 224 438.984161 ) (-158.257339 224 448.243286 ) (-171.854950 224 451 ) (-185.740753 224 448.243622 ) (-197.253998 224 438.981995 ) (-205.089172 224 425.310944 ) (-208 224 408.169464 ) (-208 224 307 ) 
7 220 241 (-64 224 307 ) (-64 224 448.616241 ) (-65.884323 224 448.241913 ) (-77.396652 224 438.980286 ) (-85.228996 224 425.314117 ) (-88 224 409 ) (-88 224 307 ) 
4 220 231 (-64 224 451 ) (-64 224 535.391296 ) (-400 224 535.391296 ) (-400 224 451 ) 
5 220 229 (-64 224 535.391296 ) (-64 224 613.657227 ) (-183.998657 224 691.917114 ) (-400 224 551.045654 ) (-400 224 535.391296 ) 
3 220 228 (-183.998657 224 691.917114 ) (-400 224 832.787415 ) (-400 224 551.045654 ) 
4 220 227 (-64 224 613.657227 ) (-64 224 1536 ) (-400 224 1536 ) (-400 224 832.787415 ) 
4 220 225 (-112 224 115 ) (-1024 224 115 ) (-1024 320 115 ) (-112 320 115 ) 
4 220 221 (-112 482 115 ) (-64 482 115 ) (-64 320 115 ) (-112 320 115 ) 
4 220 223 (-1024 482 115 ) (-112 482 115 ) (-112 320 115 ) (-1024 320 115 ) 
3 221 223 (-112 320 115 ) (-112 482 115 ) (-112 482 31 ) 
4 222 224 (-112 320 0 ) (-64 320 0 ) (-64 320 19 ) (-112 320 19 ) 
4 222 223 (-112 320 0 ) (-112 320 19 ) (-112 482 19 ) (-112 482 0 ) 
4 223 315 (-1024 320 115 ) (-1024 482 115 ) (-1024 482 0 ) (-1024 320 0 ) 
4 223 225 (-1024 320 0 ) (-112 320 0 ) (-112 320 115 ) (-1024 320 115 ) 
4 224 255 (-112 224 0 ) (-64 224 0 ) (-64 224 43 ) (-112 224 43 ) 
4 224 254 (-64 224 43 ) (-64 224 91 ) (-112 224 91 ) (-112 224 43 ) 
4 224 225 (-112 320 91 ) (-112 320 0 ) (-112 224 0 ) (-112 224 91 ) 
4 225 315 (-1024 224 0 ) (-1024 224 115 ) (-1024 320 115 ) (-1024 320 0 ) 
4 225 305 (-664 224 0 ) (-640 224 0 ) (-640 224 103 ) (-664 224 103 ) 
4 225 307 (-1024 224 103 ) (-1024 224 0 ) (-664 224 0 ) (-664 224 103 ) 
4 225 304 (-1024 224 115 ) (-1024 224 103 ) (-640 224 103 ) (-640 224 115 ) 
4 225 302 (-640 224 0 ) (-592 224 0 ) (-592 224 91 ) (-640 224 91 ) 
4 225 300 (-592 224 91 ) (-592 224 115 ) (-640 224 115 ) (-640 224 91 ) 
4 225 267 (-592 224 0 ) (-448 224 0 ) (-448 224 115 ) (-592 224 115 ) 
4 225 264 (-448 224 0 ) (-400 224 0 ) (-400 224 91 ) (-448 224 91 ) 
4 225 261 (-400 224 91 ) (-400 224 115 ) (-448 224 115 ) (-448 224 91 ) 
4 225 255 (-400 224 0 ) (-112 224 0 ) (-112 224 43 ) (-400 224 43 ) 
4 225 254 (-112 224 43 ) (-112 224 91 ) (-400 224 91 ) (-400 224 43 ) 
4 226 318 (-1024 224 -1792 ) (-1024 224 -832 ) (-1024 1024 -832 ) (-1024 1024 -1792 ) 
4 226 308 (-1024 224 -832 ) (-1024 224 -1792 ) (-640 224 -1792 ) (-640 224 -832 ) 
4 226 303 (-640 224 -1792 ) (-592 224 -1792 ) (-592 224 -832 ) (-640 224 -832 ) 
4 226 270 (-592 224 -1792 ) (-448 224 -1792 ) (-448 224 -832 ) (-592 224 -832 ) 
4 226 265 (-448 224 -1792 ) (-400 224 -1792 ) (-400 224 -832 ) (-448 224 -832 ) 
4 226 256 (-400 224 -1792 ) (-16 224 -1792 ) (-16 224 -832 ) (-400 224 -832 ) 
4 227 488 (0 0 571.918152 ) (0 0 1536 ) (-400 0 1536 ) (-400 0 832.787354 ) 
5 227 257 (-400 224 1536 ) (-400 224 832.787354 ) (-400 53.835983 832.787415 ) (-400 0 927 ) (-400 0 1536 ) 
5 227 235 (0 145.188538 571.920837 ) (0 0 571.920837 ) (-40.009022 0 598.013672 ) (-40.009010 127.979050 598.013672 ) (-39.988045 128 598 ) 
4 227 234 (0 163.367981 571.920837 ) (0 145.188538 571.920837 ) (-39.988045 128 598 ) (-5.327850 162.660187 575.395508 ) 
4 227 233 (-108.976517 0 642.992432 ) (-123.462685 0 652.439941 ) (-108.987976 59 643 ) (-108.976547 59.011559 642.992493 ) 
3 227 231 (0 167.988022 571.920837 ) (0 163.367981 571.920837 ) (-5.327850 162.660187 575.395508 ) 
3 227 230 (-123.462685 0 652.439941 ) (-167.988159 0 681.478271 ) (-108.987976 59 643 ) 
5 227 229 (-183.996582 224 691.918518 ) (0 224 571.920837 ) (0 167.988022 571.920837 ) (-167.988159 0 681.478271 ) (-183.996582 0 691.918518 ) 
4 227 228 (-400 0 832.790161 ) (-400 224 832.790161 ) (-183.996582 224 691.918518 ) (-183.996582 0 691.918518 ) 
4 228 527 (-289.269043 0 623.262024 ) (-244.529922 0 652.439941 ) (-346.965942 0 652.439941 ) (-355.436829 0 610.855591 ) 
3 228 491 (-362.659637 0 575.398254 ) (-289.269043 0 623.262024 ) (-355.436829 0 610.855591 ) 
4 228 490 (-400 0 652.439941 ) (-400 0 551.045654 ) (-362.659637 0 575.398254 ) (-346.965942 0 652.439941 ) 
4 228 489 (-183.998688 0 691.917114 ) (-400 0 832.787354 ) (-400 0 652.439941 ) (-244.529922 0 652.439941 ) 
4 228 260 (-400 224 619 ) (-400 224 551.045654 ) (-400 104 551.045654 ) (-400 104 619 ) 
4 228 258 (-400 224 745 ) (-400 224 619 ) (-400 104 619 ) (-400 104 745 ) 
4 228 259 (-400 56 619 ) (-400 0 619 ) (-400 0 745 ) (-400 56 745 ) 
4 228 257 (-400 224 832.787354 ) (-400 224 745 ) (-400 104 745 ) (-400 53.835983 832.787415 ) 
5 228 239 (-400 0 551.045349 ) (-400 167.620407 551.045349 ) (-362.663391 162.660172 575.395508 ) (-327.997345 127.993835 598.003967 ) (-327.997375 0 598.003967 ) 
4 228 232 (-259.006317 59.002197 642.998535 ) (-259.004181 59 643 ) (-244.529617 0 652.439941 ) (-259.006439 0 642.998474 ) 
3 228 231 (-400 167.620407 551.045349 ) (-400 199.997116 551.045349 ) (-362.663391 162.660172 575.395508 ) 
3 228 230 (-259.004181 59 643 ) (-200.004639 0 681.478210 ) (-244.529617 0 652.439941 ) 
5 228 229 (-400 199.997116 551.045349 ) (-400 224 551.045349 ) (-183.994141 224 691.919922 ) (-183.994141 0 691.919922 ) (-200.004639 0 681.478210 ) 
3 229 489 (-167.992386 0 681.478271 ) (-183.998688 0 691.917114 ) (-200.004852 0 681.478210 ) 
3 229 260 (-400 224 551.045654 ) (-400 224 535.391296 ) (-400 199.996674 551.045654 ) 
4 229 240 (-328 128 598 ) (-342.898529 162.660217 575.395325 ) (-338.158905 162.660217 575.395325 ) (-303.833771 128 598 ) 
3 229 239 (-327.998016 127.995193 598.002991 ) (-362.662781 162.660202 575.395386 ) (-342.898529 162.660217 575.395325 ) 
4 229 234 (-338.158905 162.660217 575.395325 ) (-5.327957 162.660324 575.394836 ) (-39.987682 128 598 ) (-303.833771 128 598 ) 
6 229 231 (-362.662781 162.660202 575.395386 ) (-400 199.997726 551.044800 ) (-400 224 535.391113 ) (0 224 535.390625 ) (0 167.988281 571.920044 ) (-5.327957 162.660324 575.394836 ) 
4 229 230 (-200.003784 0 681.478088 ) (-259.003113 59 643 ) (-108.988914 59 643 ) (-167.988281 0 681.478027 ) 
4 230 489 (-123.466873 0 652.439941 ) (-167.992386 0 681.478271 ) (-200.004852 0 681.478210 ) (-244.529892 0 652.439941 ) 
4 230 233 (-109.023621 58.998043 643 ) (-108.992325 58.998043 643 ) (-123.466209 0 652.439636 ) (-168.021515 0 652.439697 ) 
4 230 232 (-244.533905 0 652.439697 ) (-259.007813 58.998039 643 ) (-258.997009 58.998039 643 ) (-199.998932 0 652.439697 ) 
5 231 260 (-400 224 535.391296 ) (-400 224 451 ) (-400 188 451 ) (-400 167.620331 551.045654 ) (-400 199.996674 551.045654 ) 
3 231 240 (-338.159241 162.660034 575.395142 ) (-342.898651 162.660034 575.395142 ) (-346.533325 163.783386 569.880493 ) 
5 231 239 (-342.898651 162.660034 575.395142 ) (-362.664063 162.660034 575.395142 ) (-400 167.620163 551.045410 ) (-400 170.955750 534.670715 ) (-346.533325 163.783386 569.880493 ) 
4 231 236 (-400 171.499664 532 ) (-400 188 451 ) (-388 188 451 ) (-371.499878 171.499680 532 ) 
6 231 234 (0 163.367889 571.920288 ) (-5.328125 162.660034 575.395142 ) (-338.159241 162.660034 575.395142 ) (-400 170.955750 534.670715 ) (-400 171.499664 532 ) (0 171.499786 532 ) 
3 232 533 (-199.997101 0 652.439941 ) (-234.346390 0 652.439941 ) (-218.530945 0 649.474487 ) 
4 232 530 (-234.346390 0 652.439941 ) (-244.529892 0 652.439941 ) (-259.006836 0 642.998352 ) (-218.530945 0 649.474487 ) 
3 233 534 (-108.982086 0 642.993347 ) (-123.466873 0 652.439941 ) (-168.023224 0 652.439941 ) 
3 234 260 (-400 169.739731 534.670776 ) (-400 170.955963 534.670776 ) (-400 171.500000 532 ) 
4 234 240 (-303.832947 128 598 ) (-338.155396 162.657440 575.397278 ) (-346.533752 163.781372 569.879822 ) (-346.533813 146.533798 569.879822 ) 
4 234 239 (-346.533752 163.781372 569.879822 ) (-400 170.953674 534.670349 ) (-400 169.740005 534.670349 ) (-346.533813 146.533798 569.879822 ) 
3 234 238 (-346.538849 146.538071 569.872131 ) (-366.457306 155.183380 556.755127 ) (-371.500336 171.500320 531.998413 ) 
4 234 236 (-366.457306 155.183380 556.755127 ) (-400 169.742096 534.666016 ) (-400 171.500336 531.998352 ) (-371.500336 171.500320 531.998413 ) 
4 234 235 (-39.992859 128 598 ) (-40 128 598 ) (0 168 537.310242 ) (0 145.189896 571.918152 ) 
4 235 522 (0 0 555.743896 ) (0 0 571.918152 ) (-40.005890 0 598.008911 ) (-21.466829 0 569.880615 ) 
4 235 501 (0 0 537.310181 ) (0 0 555.743896 ) (-17.592421 0 567.329163 ) (-16.493757 0 562.335266 ) 
3 235 493 (-17.592421 0 567.329163 ) (-21.466829 0 569.880615 ) (-16.493757 0 562.335266 ) 
4 236 490 (-366.456177 0 556.760620 ) (-400 0 534.670776 ) (-400 0 451 ) (-388 0 451 ) 
5 236 260 (-400 188 451 ) (-400 104 451 ) (-400 104 534.670776 ) (-400 169.739731 534.670776 ) (-400 171.500000 532 ) 
4 236 239 (-366.456268 155.180847 556.760132 ) (-400 169.740005 534.670349 ) (-400 0 534.670349 ) (-366.456268 0 556.760132 ) 
4 236 238 (-371.500000 171.500000 532 ) (-366.456055 155.179688 556.761719 ) (-366.456055 0 556.761719 ) (-371.500092 0 532 ) 
11 237 492 (0 0 451 ) (0 0 487.363647 ) (-8.500007 0 526 ) (-50.499992 0 589 ) (-112 0 629.499939 ) (-168 0 640 ) (-200 0 640 ) (-256 0 629.500000 ) (-317.499939 0 589 ) (-359.500000 0 526 ) (-376 0 451 ) 
4 237 248 (-208 0 451 ) (-374.687012 0 451 ) (-374.687012 176 451 ) (-208 176 451 ) 
4 237 245 (-88 0 451 ) (-208 0 451 ) (-208 176 451 ) (-88 176 451 ) 
4 237 242 (0 176 451 ) (0 0 451 ) (-88 0 451 ) (-88 176 451 ) 
3 238 506 (-346.533264 0 569.880615 ) (-366.456177 0 556.760620 ) (-371.500000 0 532 ) 
4 238 239 (-346.532684 146.533310 569.880554 ) (-366.456268 155.180847 556.760132 ) (-366.456268 0 556.760132 ) (-346.533813 0 569.879761 ) 
4 239 512 (-327.997070 0 598.004395 ) (-362.659637 0 575.398254 ) (-366.456177 0 556.760620 ) (-346.533356 0 569.880493 ) 
4 239 490 (-362.659637 0 575.398254 ) (-400 0 551.045654 ) (-400 0 534.670776 ) (-366.456177 0 556.760620 ) 
4 239 260 (-400 104 551.045654 ) (-400 167.620331 551.045654 ) (-400 170.955963 534.670776 ) (-400 104 534.670776 ) 
4 239 240 (-346.533203 146.535645 569.876953 ) (-346.533203 163.781250 569.876953 ) (-342.894562 162.656723 575.397766 ) (-327.997986 128 598 ) 
11 241 242 (-88 176 409 ) (-88 176 283 ) (-16 176 283 ) (-16 176 409 ) (-19.051180 176 425.312317 ) (-26.885435 176 438.982758 ) (-38.392338 176 448.241302 ) (-52.003777 176 451 ) (-65.888046 176 448.241913 ) (-77.393913 176 438.985474 ) (-85.228905 176 425.314697 ) 
4 242 537 (0 0 115 ) (0 0 247 ) (-88 0 247 ) (-88 0 115 ) 
4 242 535 (0 0 247 ) (0 0 451 ) (-88 0 451 ) (-88 0 247 ) 
4 242 245 (-88 0 115 ) (-88 0 451 ) (-88 176 451 ) (-88 176 115 ) 
11 243 245 (-208 176 408.169464 ) (-208 176 283 ) (-136 176 283 ) (-136 176 409.748444 ) (-138.910675 176 425.307983 ) (-146.750488 176 438.989838 ) (-158.250961 176 448.239960 ) (-171.859009 176 450.998779 ) (-185.747650 176 448.241058 ) (-197.249252 176 438.988800 ) (-205.089523 176 425.308838 ) 
4 243 244 (-208 224 408.167969 ) (-208 176 408.167969 ) (-207.858994 176 408.998322 ) (-207.858994 224 408.998322 ) 
4 244 245 (-208 176 451 ) (-208 176 408.169464 ) (-207.858994 176 409 ) (-207.858994 176 451 ) 
4 245 537 (-208 0 247 ) (-208 0 115 ) (-88 0 115 ) (-88 0 247 ) 
4 245 535 (-88 0 451 ) (-208 0 451 ) (-208 0 247 ) (-88 0 247 ) 
4 245 253 (-208 0 115 ) (-208 0 247 ) (-208 176 247 ) (-208 176 115 ) 
4 245 252 (-208 0 247 ) (-208 0 259 ) (-208 146 259 ) (-208 146 247 ) 
4 245 250 (-208 146 259 ) (-208 176 259 ) (-208 176 247 ) (-208 146 247 ) 
4 245 248 (-208 0 259 ) (-208 0 451 ) (-208 176 451 ) (-208 176 259 ) 
4 246 247 (-328 224 408.171875 ) (-328 176 408.171875 ) (-327.859009 176 409.002289 ) (-327.859009 224 409.002289 ) 
11 246 248 (-258.911285 176 425.314453 ) (-266.739197 176 438.975311 ) (-278.250000 176 448.236176 ) (-291.871490 176 450.998108 ) (-305.747650 176 448.241669 ) (-317.253387 176 438.985504 ) (-325.089417 176 425.312225 ) (-328 176 408.169342 ) (-328 176 283 ) (-256 176 283 ) (-256 176 409.748535 ) 
4 247 248 (-327.859009 176 451 ) (-328 176 451 ) (-328 176 408.169342 ) (-327.859009 176 409 ) 
4 248 536 (-232 0 451 ) (-374.687012 0 451 ) (-374.687012 0 259 ) (-232 0 259 ) 
4 248 535 (-208 0 451 ) (-232 0 451 ) (-232 0 259 ) (-208 0 259 ) 
4 248 252 (-208 146 259 ) (-208 0 259 ) (-232 0 259 ) (-232 146 259 ) 
4 248 250 (-208 176 259 ) (-208 146 259 ) (-232 146 259 ) (-232 176 259 ) 
4 248 251 (-262 146 259 ) (-374.687012 146 259 ) (-374.687012 176 259 ) (-262 176 259 ) 
6 248 249 (-374.687012 176 259 ) (-374.687012 0 259 ) (-374.687012 0 448.276123 ) (-374.687012 58.052044 438.393250 ) (-374.687012 119.462570 396.045685 ) (-374.687012 161.222733 333.581390 ) 
4 249 538 (-400 0 448.276123 ) (-400 0 259 ) (-374.687012 0 259 ) (-374.687012 0 448.276123 ) 
4 249 262 (-400 56 259 ) (-400 20 259 ) (-400 20 331 ) (-400 56 331 ) 
4 249 251 (-400 146 259 ) (-400 176 259 ) (-374.687012 176 259 ) (-374.687012 146 259 ) 
4 250 253 (-232 176 247 ) (-208 176 247 ) (-208 146 247 ) (-232 146 247 ) 
4 250 252 (-232 146 247 ) (-208 146 247 ) (-208 146 259 ) (-232 146 259 ) 
4 251 253 (-400 146 247 ) (-400 176 247 ) (-262 176 247 ) (-262 146 247 ) 
4 252 535 (-232 0 247 ) (-208 0 247 ) (-208 0 259 ) (-232 0 259 ) 
4 252 253 (-232 146 247 ) (-208 146 247 ) (-208 0 247 ) (-232 0 247 ) 
4 253 539 (-400 0 247 ) (-400 0 115 ) (-374.687012 0 115 ) (-374.687012 0 247 ) 
4 253 537 (-374.687012 0 115 ) (-208 0 115 ) (-208 0 247 ) (-374.687012 0 247 ) 
4 253 263 (-400 0 115 ) (-400 0 211 ) (-400 14 211 ) (-400 14 115 ) 
4 254 540 (-16 0 91 ) (-400 0 91 ) (-400 0 43 ) (-16 0 43 ) 
4 254 264 (-400 224 91 ) (-400 224 43 ) (-400 0 43 ) (-400 0 91 ) 
4 254 255 (-400 0 43 ) (-400 224 43 ) (-16 224 43 ) (-16 0 43 ) 
4 255 541 (0 0 0 ) (0 0 43 ) (-400 0 43 ) (-400 0 0 ) 
4 255 264 (-400 224 43 ) (-400 224 0 ) (-400 0 0 ) (-400 0 43 ) 
4 256 542 (0 0 -1792 ) (0 0 -832 ) (-400 0 -832 ) (-400 0 -1792 ) 
4 256 265 (-400 224 -832 ) (-400 224 -1792 ) (-400 0 -1792 ) (-400 0 -832 ) 
4 257 545 (-400 0 927 ) (-400 0 1536 ) (-448 0 1536 ) (-448 0 927 ) 
4 257 271 (-448 56 829 ) (-448 0 927 ) (-448 0 1536 ) (-448 56 1536 ) 
5 257 266 (-448 224 1536 ) (-448 224 745 ) (-448 104 745 ) (-448 56 829 ) (-448 56 1536 ) 
4 257 258 (-448 104 745 ) (-448 224 745 ) (-400 224 745 ) (-400 104 745 ) 
4 258 267 (-448 224 745 ) (-448 224 619 ) (-448 104 619 ) (-448 104 745 ) 
4 258 260 (-448 104 619 ) (-448 224 619 ) (-400 224 619 ) (-400 104 619 ) 
4 259 547 (-400 0 619 ) (-400 0 745 ) (-448 0 745 ) (-448 0 619 ) 
4 259 273 (-448 56 619 ) (-448 0 619 ) (-448 0 745 ) (-448 56 745 ) 
4 260 267 (-448 224 619 ) (-448 224 451 ) (-448 104 451 ) (-448 104 619 ) 
4 260 261 (-448 176 451 ) (-448 224 451 ) (-400 224 451 ) (-400 176 451 ) 
4 261 267 (-448 224 451 ) (-448 224 91 ) (-448 176 91 ) (-448 176 451 ) 
4 261 264 (-448 176 91 ) (-448 224 91 ) (-400 224 91 ) (-400 176 91 ) 
4 262 286 (-448 56 307 ) (-448 56 259 ) (-448 20 259 ) (-448 20 307 ) 
4 262 285 (-448 20 331 ) (-448 56 331 ) (-448 56 307 ) (-448 20 307 ) 
4 263 566 (-400 0 115 ) (-400 0 211 ) (-448 0 211 ) (-448 0 115 ) 
4 263 294 (-448 0 115 ) (-448 0 211 ) (-448 14 211 ) (-448 14 115 ) 
4 264 568 (-400 0 0 ) (-400 0 91 ) (-448 0 91 ) (-448 0 0 ) 
4 264 295 (-448 56 0 ) (-448 0 0 ) (-448 0 91 ) (-448 56 91 ) 
4 264 269 (-448 104 0 ) (-448 56 0 ) (-448 56 91 ) (-448 104 91 ) 
4 264 267 (-448 224 91 ) (-448 224 0 ) (-448 104 0 ) (-448 104 91 ) 
4 265 569 (-400 0 -1792 ) (-400 0 -832 ) (-448 0 -832 ) (-448 0 -1792 ) 
4 265 296 (-448 56 -1792 ) (-448 0 -1792 ) (-448 0 -832 ) (-448 56 -832 ) 
4 265 270 (-448 224 -832 ) (-448 224 -1792 ) (-448 56 -1792 ) (-448 56 -832 ) 
5 266 297 (-592 224 1536 ) (-592 224 745 ) (-592 104 745 ) (-592 56 829 ) (-592 56 1536 ) 
4 266 271 (-592 56 1536 ) (-592 56 829 ) (-448 56 829 ) (-448 56 1536 ) 
4 266 267 (-592 104 745 ) (-592 224 745 ) (-448 224 745 ) (-448 104 745 ) 
4 267 302 (-592 224 91 ) (-592 224 0 ) (-592 104 0 ) (-592 104 91 ) 
4 267 300 (-592 224 619 ) (-592 224 91 ) (-592 104 91 ) (-592 104 619 ) 
4 267 298 (-592 224 745 ) (-592 224 619 ) (-592 104 619 ) (-592 104 745 ) 
4 267 268 (-448 104 619 ) (-448 104 745 ) (-592 104 745 ) (-592 104 619 ) 
4 267 269 (-592 104 0 ) (-448 104 0 ) (-448 104 91 ) (-592 104 91 ) 
4 268 273 (-592 56 745 ) (-592 56 619 ) (-448 56 619 ) (-448 56 745 ) 
4 269 302 (-592 104 0 ) (-592 56 0 ) (-592 56 91 ) (-592 104 91 ) 
4 269 295 (-592 56 91 ) (-592 56 0 ) (-448 56 0 ) (-448 56 91 ) 
4 270 303 (-592 224 -832 ) (-592 224 -1792 ) (-592 56 -1792 ) (-592 56 -832 ) 
4 270 296 (-592 56 -832 ) (-592 56 -1792 ) (-448 56 -1792 ) (-448 56 -832 ) 
4 271 545 (-448 0 927 ) (-448 0 1536 ) (-592 0 1536 ) (-592 0 927 ) 
4 271 297 (-592 0 927 ) (-592 0 1536 ) (-592 56 1536 ) (-592 56 829 ) 
4 272 543 (-448 0 745 ) (-448 0 844.166687 ) (-592 0 844.166687 ) (-592 0 745 ) 
4 272 273 (-592 0 745 ) (-592 56 745 ) (-448 56 745 ) (-448 0 745 ) 
4 273 552 (-484 0 619 ) (-592 0 619 ) (-592 0 613 ) (-484 0 613 ) 
4 273 549 (-448 0 613 ) (-448 0 619 ) (-484 0 619 ) (-484 0 613 ) 
4 273 547 (-448 0 619 ) (-448 0 745 ) (-592 0 745 ) (-592 0 619 ) 
4 273 299 (-592 0 619 ) (-592 0 745 ) (-592 56 745 ) (-592 56 619 ) 
4 273 274 (-484 56 613 ) (-448 56 613 ) (-448 0 613 ) (-484 0 613 ) 
4 274 549 (-448 0 601 ) (-448 0 613 ) (-484 0 613 ) (-484 0 601 ) 
4 274 281 (-448 20 601 ) (-448 0 601 ) (-484 0 601 ) (-484 20 601 ) 
4 275 280 (-448 20 433 ) (-448 20 589 ) (-484 20 589 ) (-484 20 433 ) 
4 275 279 (-484 20 433 ) (-484 20 463 ) (-484 56 463 ) (-484 56 433 ) 
4 275 278 (-484 20 463 ) (-484 20 475 ) (-484 56 475 ) (-484 56 463 ) 
4 275 276 (-484 20 475 ) (-484 20 589 ) (-484 56 589 ) (-484 56 475 ) 
4 276 283 (-556 20 601 ) (-592 20 601 ) (-592 20 475 ) (-556 20 475 ) 
4 276 282 (-484 20 475 ) (-484 20 601 ) (-556 20 601 ) (-556 20 475 ) 
4 276 278 (-556 56 475 ) (-484 56 475 ) (-484 20 475 ) (-556 20 475 ) 
4 277 285 (-592 20 421 ) (-592 56 421 ) (-484 56 421 ) (-484 20 421 ) 
4 277 284 (-592 20 421 ) (-556 20 421 ) (-556 20 463 ) (-592 20 463 ) 
3 277 282 (-556 20 421 ) (-484 20 421 ) (-556 20 463 ) 
4 278 282 (-484 20 463 ) (-484 20 475 ) (-556 20 475 ) (-535.428528 20 463 ) 
4 278 279 (-535.428528 56 463 ) (-484 56 463 ) (-484 20 463 ) (-535.428528 20 463 ) 
3 279 282 (-484 20 433 ) (-484 20 463 ) (-535.428528 20 463 ) 
4 280 550 (-448 0 421.333344 ) (-448 0 577.333374 ) (-484 0 577.333374 ) (-484 0 421.333344 ) 
4 280 282 (-484 20 589 ) (-484 20 433 ) (-484 0 421.333344 ) (-484 0 577.333374 ) 
4 281 549 (-448 0 589.333313 ) (-448 0 601 ) (-484 0 601 ) (-484 0 589.333313 ) 
3 281 282 (-484 20 601 ) (-484 0 589.333313 ) (-484 0 601 ) 
4 282 553 (-484 0 601 ) (-556 0 601 ) (-556 0 421 ) (-484 0 421 ) 
4 282 291 (-556 20 421 ) (-484 20 421 ) (-484 0 421 ) (-556 0 421 ) 
4 282 284 (-556 20 462.991821 ) (-556 20 421 ) (-556 0 421 ) (-556 0 474.658508 ) 
4 282 283 (-556 20 601 ) (-556 20 475 ) (-556 0 486.666687 ) (-556 0 601 ) 
4 283 554 (-556 0 601 ) (-592 0 601 ) (-592 0 486.666687 ) (-556 0 486.666687 ) 
4 284 555 (-592 0 474.658508 ) (-592 0 421 ) (-556 0 421 ) (-556 0 474.658508 ) 
4 284 292 (-592 0 421 ) (-592 20 421 ) (-556 20 421 ) (-556 0 421 ) 
4 285 292 (-556 20 421 ) (-592 20 421 ) (-592 20 307 ) (-556 20 307 ) 
4 285 291 (-484 20 421 ) (-556 20 421 ) (-556 20 307 ) (-484 20 307 ) 
4 285 290 (-448 20 307 ) (-448 20 421 ) (-484 20 421 ) (-484 20 307 ) 
4 285 287 (-484 20 307 ) (-556 20 307 ) (-556 56 307 ) (-484 56 307 ) 
4 285 286 (-448 20 307 ) (-484 20 307 ) (-484 56 307 ) (-448 56 307 ) 
4 286 290 (-484 20 259 ) (-448 20 259 ) (-448 20 307 ) (-484 20 307 ) 
4 286 289 (-484 20 265 ) (-484 20 295 ) (-484 56 295 ) (-484 56 265 ) 
4 286 287 (-484 20 295 ) (-484 20 307 ) (-484 56 307 ) (-484 56 295 ) 
4 287 291 (-484 20 295 ) (-484 20 307 ) (-556 20 307 ) (-535.428528 20 295 ) 
4 287 289 (-535.428528 56 295 ) (-484 56 295 ) (-484 20 295 ) (-535.428528 20 295 ) 
4 288 293 (-592 20 259 ) (-556 20 259 ) (-556 20 295 ) (-592 20 295 ) 
3 288 291 (-556 20 259 ) (-494.285706 20 259 ) (-556 20 295 ) 
3 289 291 (-484 20 265 ) (-484 20 295 ) (-535.428589 20 295 ) 
4 290 551 (-448 0 259 ) (-448 0 409.333313 ) (-484 0 409.333344 ) (-484 0 259 ) 
4 290 291 (-484 20 421 ) (-484 20 259 ) (-484 0 259 ) (-484 0 409.333313 ) 
4 291 553 (-484 0 421 ) (-556 0 421 ) (-556 0 259 ) (-484 0 259 ) 
4 291 293 (-556 20 295 ) (-556 20 259 ) (-556 0 259 ) (-556 0 306.666656 ) 
4 291 292 (-556 20 421 ) (-556 20 307 ) (-556 0 318.666656 ) (-556 0 421 ) 
4 292 555 (-556 0 421 ) (-592 0 421 ) (-592 0 318.666656 ) (-556 0 318.666656 ) 
4 293 556 (-592 0 306.666656 ) (-592 0 259 ) (-556 0 259 ) (-556 0 306.666656 ) 
4 294 567 (-448 0 115 ) (-448 0 247 ) (-592 0 247 ) (-592 0 115 ) 
4 294 301 (-592 0 115 ) (-592 0 211 ) (-592 20 211 ) (-592 20 115 ) 
4 295 568 (-448 0 0 ) (-448 0 91 ) (-592 0 91 ) (-592 0 0 ) 
4 295 302 (-592 0 0 ) (-592 0 91 ) (-592 56 91 ) (-592 56 0 ) 
4 296 569 (-448 0 -1792 ) (-448 0 -832 ) (-592 0 -832 ) (-592 0 -1792 ) 
4 296 303 (-592 0 -1792 ) (-592 0 -832 ) (-592 56 -832 ) (-592 56 -1792 ) 
4 297 545 (-592 0 927 ) (-592 0 1536 ) (-640 0 1536 ) (-640 0 927 ) 
5 297 304 (-640 224 1536 ) (-640 224 745 ) (-640 104 745 ) (-640 0 927 ) (-640 0 1536 ) 
4 297 298 (-640 104 745 ) (-640 224 745 ) (-592 224 745 ) (-592 104 745 ) 
4 298 304 (-640 224 745 ) (-640 224 619 ) (-640 104 619 ) (-640 104 745 ) 
4 298 300 (-640 104 619 ) (-640 224 619 ) (-592 224 619 ) (-592 104 619 ) 
4 299 547 (-592 0 619 ) (-592 0 745 ) (-640 0 745 ) (-640 0 619 ) 
4 299 304 (-640 56 619 ) (-640 0 619 ) (-640 0 745 ) (-640 56 745 ) 
4 300 305 (-640 224 103 ) (-640 224 91 ) (-640 104 91 ) (-640 104 103 ) 
4 300 304 (-640 224 619 ) (-640 224 103 ) (-640 104 103 ) (-640 104 619 ) 
4 300 302 (-640 104 91 ) (-640 224 91 ) (-592 224 91 ) (-592 104 91 ) 
4 301 570 (-592 0 115 ) (-592 0 211 ) (-640 0 211 ) (-640 0 115 ) 
4 301 304 (-640 0 115 ) (-640 0 211 ) (-640 20 211 ) (-640 20 115 ) 
4 302 574 (-592 0 0 ) (-592 0 91 ) (-640 0 91 ) (-640 0 0 ) 
4 302 306 (-640 20 0 ) (-640 0 0 ) (-640 0 91 ) (-640 20 91 ) 
4 302 305 (-640 224 91 ) (-640 224 0 ) (-640 20 0 ) (-640 20 91 ) 
4 303 575 (-592 0 -1792 ) (-592 0 -832 ) (-640 0 -832 ) (-640 0 -1792 ) 
4 303 308 (-640 224 -832 ) (-640 224 -1792 ) (-640 0 -1792 ) (-640 0 -832 ) 
4 304 571 (-640 0 103 ) (-640 0 619 ) (-664 0 619 ) (-664 0 103 ) 
4 304 572 (-664 0 619 ) (-1024 0 619 ) (-1024 0 103 ) (-664 0 103 ) 
4 304 548 (-640 0 619 ) (-640 0 1536 ) (-1024 0 1536 ) (-1024 0 619 ) 
4 304 315 (-1024 0 103 ) (-1024 0 1536 ) (-1024 224 1536 ) (-1024 224 103 ) 
4 304 305 (-664 224 103 ) (-640 224 103 ) (-640 20 103 ) (-664 20 103 ) 
4 304 307 (-1024 0 103 ) (-1024 224 103 ) (-664 224 103 ) (-664 0 103 ) 
4 305 306 (-664 20 91 ) (-664 20 0 ) (-640 20 0 ) (-640 20 91 ) 
4 305 307 (-664 224 0 ) (-664 20 0 ) (-664 20 103 ) (-664 224 103 ) 
4 306 574 (-640 0 0 ) (-640 0 91 ) (-664 0 91 ) (-664 0 0 ) 
4 306 307 (-664 20 0 ) (-664 0 0 ) (-664 0 91 ) (-664 20 91 ) 
4 307 574 (-1024 0 91 ) (-1024 0 0 ) (-664 0 0 ) (-664 0 91 ) 
4 307 572 (-664 0 103 ) (-1024 0 103 ) (-1024 0 91 ) (-664 0 91 ) 
4 307 315 (-1024 0 0 ) (-1024 0 103 ) (-1024 224 103 ) (-1024 224 0 ) 
4 308 575 (-640 0 -1792 ) (-640 0 -832 ) (-1024 0 -832 ) (-1024 0 -1792 ) 
4 308 318 (-1024 0 -1792 ) (-1024 0 -832 ) (-1024 224 -832 ) (-1024 224 -1792 ) 
4 309 314 (-1024 2048 -1792 ) (-1024 2048 -832 ) (-2048 2048 -832 ) (-2048 2048 -1792 ) 
4 309 311 (-1024 2048 -832 ) (-1024 2048 1536 ) (-1280 2048 1536 ) (-1280 2048 -832 ) 
4 309 313 (-1280 2048 1536 ) (-2048 2048 1536 ) (-2048 2048 -832 ) (-1280 2048 -832 ) 
4 309 310 (-2048 2048 -1792 ) (-2048 2048 1536 ) (-2048 2304 1536 ) (-2048 2304 -1792 ) 
4 310 319 (-2048 2048 -1792 ) (-2048 2048 1536 ) (-2560 2048 1536 ) (-2560 2048 -1792 ) 
4 311 314 (-1280 2048 -832 ) (-1024 2048 -832 ) (-1024 1536 -832 ) (-1280 1536 -832 ) 
4 311 312 (-1280 1536 1536 ) (-1280 1536 0 ) (-1024 1536 0 ) (-1024 1536 1536 ) 
4 311 313 (-1280 2048 -832 ) (-1280 1536 -832 ) (-1280 1536 1536 ) (-1280 2048 1536 ) 
4 312 315 (-1024 1024 0 ) (-1024 1024 1536 ) (-1280 1024 1536 ) (-1280 1024 0 ) 
4 312 313 (-1280 1024 0 ) (-1280 1024 1536 ) (-1280 1536 1536 ) (-1280 1536 0 ) 
4 313 319 (-2048 2048 1536 ) (-2048 2048 -832 ) (-2048 1024 -832 ) (-2048 1024 1536 ) 
4 313 316 (-2048 1024 0 ) (-2048 1024 -832 ) (-1280 1024 -832 ) (-1280 1024 0 ) 
4 313 315 (-1280 1024 1536 ) (-2048 1024 1536 ) (-2048 1024 0 ) (-1280 1024 0 ) 
4 313 314 (-2048 1024 -832 ) (-2048 2048 -832 ) (-1280 2048 -832 ) (-1280 1024 -832 ) 
4 314 319 (-2048 2048 -832 ) (-2048 2048 -1792 ) (-2048 1024 -1792 ) (-2048 1024 -832 ) 
4 314 318 (-1024 1024 -1792 ) (-1024 1024 -832 ) (-2048 1024 -832 ) (-2048 1024 -1792 ) 
4 315 644 (-1024 0 0 ) (-1024 0 1536 ) (-2048 0 1536 ) (-2048 0 0 ) 
4 315 320 (-2048 0 0 ) (-2048 0 1536 ) (-2048 1024 1536 ) (-2048 1024 0 ) 
4 315 317 (-1280 0 0 ) (-2048 0 0 ) (-2048 704 0 ) (-1280 704 0 ) 
4 315 316 (-1280 704 0 ) (-2048 704 0 ) (-2048 1024 0 ) (-1280 1024 0 ) 
4 316 320 (-2048 704 0 ) (-2048 1024 0 ) (-2048 1024 -832 ) (-2048 704 -832 ) 
4 316 318 (-2048 704 -832 ) (-2048 1024 -832 ) (-1280 1024 -832 ) (-1280 704 -832 ) 
4 316 317 (-2048 704 -832 ) (-1280 704 -832 ) (-1280 704 0 ) (-2048 704 0 ) 
4 317 645 (-1280 0 0 ) (-2048 0 0 ) (-2048 0 -832 ) (-1280 0 -832 ) 
4 317 320 (-2048 0 -832 ) (-2048 0 0 ) (-2048 704 0 ) (-2048 704 -832 ) 
4 317 318 (-1280 0 -832 ) (-2048 0 -832 ) (-2048 704 -832 ) (-1280 704 -832 ) 
4 318 647 (-1024 0 -1792 ) (-1024 0 -832 ) (-2048 0 -832 ) (-2048 0 -1792 ) 
4 318 320 (-2048 0 -1792 ) (-2048 0 -832 ) (-2048 1024 -832 ) (-2048 1024 -1792 ) 
4 319 320 (-2048 1024 -1792 ) (-2048 1024 1536 ) (-2560 1024 1536 ) (-2560 1024 -1792 ) 
4 320 652 (-2048 0 -1792 ) (-2048 0 1536 ) (-2560 0 1536 ) (-2560 0 -1792 ) 
4 321 638 (1024 -1024 -1792 ) (1024 -1024 -832 ) (656 -1024 -832 ) (656 -1024 -1792 ) 
4 321 635 (1024 -1024 -832 ) (1024 -1024 1536 ) (656 -1024 1536 ) (656 -1024 -832 ) 
4 321 327 (656 0 43 ) (656 0 -1792 ) (656 -1024 -1792 ) (656 -1024 43 ) 
4 321 326 (656 -256 43 ) (656 -1024 43 ) (656 -1024 91 ) (656 -256 91 ) 
4 321 324 (656 -208 451 ) (656 -208 1536 ) (656 -88 1536 ) (656 -88 451 ) 
4 321 325 (656 -208 91 ) (656 -1024 91 ) (656 -1024 1536 ) (656 -208 1536 ) 
8 321 323 (656 0 400.730225 ) (656 0 163 ) (656 -88 163 ) (656 -88 343 ) (656 -81.895157 366.308899 ) (656 -66.231010 385.833832 ) (656 -43.217987 399.059418 ) (656 -16 403 ) 
4 321 322 (656 0 1536 ) (656 0 451 ) (656 -88 451 ) (656 -88 1536 ) 
4 322 328 (608 0 1536 ) (608 0 451 ) (608 -88 451 ) (608 -88 1536 ) 
4 322 324 (608 -88 1536 ) (608 -88 451 ) (656 -88 451 ) (656 -88 1536 ) 
8 323 329 (608 0 400.730225 ) (608 0 163 ) (608 -88 163 ) (608 -88 343 ) (608 -81.895210 366.308685 ) (608 -66.233406 385.830688 ) (608 -43.214394 399.059753 ) (608 -16 403 ) 
4 324 328 (608 -208 1536 ) (608 -88 1536 ) (608 -88 451 ) (608 -208 451 ) 
4 324 325 (656 -208 451 ) (656 -208 1536 ) (608 -208 1536 ) (608 -208 451 ) 
4 325 635 (656 -1024 91 ) (656 -1024 1536 ) (608 -1024 1536 ) (608 -1024 91 ) 
4 325 331 (608 -1024 91 ) (608 -1024 451 ) (608 -208 451 ) (608 -208 91 ) 
4 325 328 (608 -1024 451 ) (608 -1024 1536 ) (608 -208 1536 ) (608 -208 451 ) 
4 325 326 (608 -1024 91 ) (608 -304 91 ) (656 -256 91 ) (656 -1024 91 ) 
4 326 635 (656 -1024 43 ) (656 -1024 91 ) (608 -1024 91 ) (608 -1024 43 ) 
4 326 332 (608 -1024 43 ) (608 -1024 91 ) (608 -304 91 ) (608 -304 43 ) 
4 326 327 (608 -1024 43 ) (608 -304 43 ) (656 -256 43 ) (656 -1024 43 ) 
4 327 638 (656 -1024 -1792 ) (656 -1024 -832 ) (608 -1024 -832 ) (608 -1024 -1792 ) 
4 327 635 (656 -1024 -832 ) (656 -1024 43 ) (608 -1024 43 ) (608 -1024 -832 ) 
4 327 336 (608 -1024 -1792 ) (608 -1024 -832 ) (608 0 -832 ) (608 0 -1792 ) 
4 327 333 (608 -1024 -832 ) (608 -1024 43 ) (608 0 43 ) (608 0 -832 ) 
4 328 636 (512 -1024 1536 ) (464 -1024 1536 ) (464 -1024 451 ) (512 -1024 451 ) 
4 328 635 (608 -1024 451 ) (608 -1024 1536 ) (512 -1024 1536 ) (512 -1024 451 ) 
4 328 438 (464 -328 451 ) (464 -1024 451 ) (464 -1024 1536 ) (464 -328 1536 ) 
4 328 400 (464 -233.313019 451 ) (464 -328 451 ) (464 -328 1536 ) (464 -233.313019 1536 ) 
5 328 376 (464 0 1536 ) (464 0 1396.454468 ) (464 -191.499969 526 ) (464 -233.313019 463.280518 ) (464 -233.313019 1536 ) 
5 328 375 (464 -191.499969 526 ) (464 -208 451 ) (464 -232 451 ) (464 -233.313019 456.968262 ) (464 -233.313019 463.280518 ) 
3 328 339 (464 0 1396.454468 ) (464 0 451 ) (464 -208 451 ) 
3 328 337 (464 -232 451 ) (464 -233.313019 451 ) (464 -233.313019 456.968262 ) 
4 328 331 (464 -1024 451 ) (464 -208 451 ) (608 -208 451 ) (608 -1024 451 ) 
4 328 330 (464 -160 451 ) (464 0 451 ) (596 0 451 ) (596 -160 451 ) 
8 329 330 (596 -160 115 ) (596 -160 307 ) (596 -147.791412 362.936890 ) (596 -116.462379 409.796448 ) (596 -70.430611 441.539001 ) (596 -15.992580 450.998718 ) (596 0 448.276123 ) (596 0 115 ) 
4 330 394 (464 0 451 ) (464 0 115 ) (464 -160 115 ) (464 -160 451 ) 
4 331 636 (512 -1024 451 ) (464 -1024 451 ) (464 -1024 91 ) (512 -1024 91 ) 
4 331 635 (608 -1024 91 ) (608 -1024 451 ) (512 -1024 451 ) (512 -1024 91 ) 
4 331 444 (464 -688 91 ) (464 -1024 91 ) (464 -1024 451 ) (464 -688 451 ) 
4 331 443 (464 -496.140991 451 ) (464 -496 451 ) (464 -496 408.169830 ) (464 -496.140991 409 ) 
11 331 442 (464 -568 307 ) (464 -568 409.753693 ) (464 -565.090210 425.311371 ) (464 -557.254822 438.983795 ) (464 -545.749146 448.239380 ) (464 -532.133911 451 ) (464 -518.258545 448.243103 ) (464 -506.736237 438.973145 ) (464 -498.912933 425.318329 ) (464 -496 408.169830 ) (464 -496 307 ) 
4 331 441 (464 -376.282043 451 ) (464 -376 451 ) (464 -376 407.338318 ) (464 -376.282043 409 ) 
11 331 440 (464 -448 307 ) (464 -448 410.502686 ) (464 -445.228607 425.322754 ) (464 -437.404419 438.974396 ) (464 -425.885956 448.240845 ) (464 -412.275116 451 ) (464 -398.409180 448.245392 ) (464 -386.870789 438.961914 ) (464 -379.051727 425.319275 ) (464 -376 407.338318 ) (464 -376 307 ) 
4 331 402 (464 -256.282043 451 ) (464 -256 451 ) (464 -256 407.338989 ) (464 -256.282043 409 ) 
11 331 401 (464 -328 307 ) (464 -328 410.502106 ) (464 -325.228729 425.313965 ) (464 -317.394531 438.982574 ) (464 -305.885681 448.240662 ) (464 -292.280060 451 ) (464 -278.392944 448.240784 ) (464 -266.877747 438.974609 ) (464 -259.052856 425.319977 ) (464 -256 407.338989 ) (464 -256 307 ) 
4 331 332 (464 -1024 91 ) (464 -448 91 ) (608 -304 91 ) (608 -1024 91 ) 
4 332 636 (512 -1024 91 ) (464 -1024 91 ) (464 -1024 43 ) (512 -1024 43 ) 
4 332 635 (608 -1024 43 ) (608 -1024 91 ) (512 -1024 91 ) (512 -1024 43 ) 
4 332 486 (464 -704 43 ) (464 -1024 43 ) (464 -1024 91 ) (464 -704 91 ) 
4 332 482 (464 -448 43 ) (464 -544 43 ) (464 -544 91 ) (464 -448 91 ) 
4 332 483 (464 -544 43 ) (464 -704 43 ) (464 -704 91 ) (464 -544 91 ) 
4 332 335 (464 -1024 43 ) (464 -704 43 ) (512 -704 43 ) (512 -1024 43 ) 
4 332 334 (464 -704 43 ) (464 -448 43 ) (512 -400 43 ) (512 -704 43 ) 
4 332 333 (512 -400 43 ) (608 -304 43 ) (608 -1024 43 ) (512 -1024 43 ) 
4 333 635 (608 -1024 -832 ) (608 -1024 43 ) (512 -1024 43 ) (512 -1024 -832 ) 
4 333 336 (512 0 -832 ) (608 0 -832 ) (608 -1024 -832 ) (512 -1024 -832 ) 
4 333 335 (512 -1024 0 ) (512 -1024 43 ) (512 -704 43 ) (512 -704 0 ) 
4 333 334 (512 0 -832 ) (512 -704 -832 ) (512 -704 43 ) (512 0 43 ) 
4 334 484 (464 0 43 ) (464 0 -832 ) (464 -704 -832 ) (464 -704 43 ) 
4 334 336 (464 -704 -832 ) (464 0 -832 ) (512 0 -832 ) (512 -704 -832 ) 
4 334 335 (512 -704 0 ) (512 -704 43 ) (464 -704 43 ) (464 -704 0 ) 
4 335 636 (512 -1024 43 ) (464 -1024 43 ) (464 -1024 0 ) (512 -1024 0 ) 
4 335 486 (464 -1024 0 ) (464 -1024 43 ) (464 -704 43 ) (464 -704 0 ) 
4 336 638 (608 -1024 -1792 ) (608 -1024 -832 ) (464 -1024 -832 ) (464 -1024 -1792 ) 
4 336 487 (464 0 -832 ) (464 0 -1792 ) (464 -1024 -1792 ) (464 -1024 -832 ) 
4 337 400 (428 -233.313019 451 ) (464 -233.313019 451 ) (464 -233.313019 456.968262 ) (426.784241 -233.313019 456.968262 ) 
4 337 375 (464 -232 451 ) (449.500031 -232 451 ) (445.521149 -233.313019 456.968292 ) (464 -233.313019 456.968292 ) 
4 337 373 (449.500031 -232 451 ) (428 -232 451 ) (426.784241 -233.313019 456.968292 ) (445.521149 -233.313019 456.968292 ) 
4 338 408 (32 -233.313019 451 ) (416 -233.313019 451 ) (414.686951 -233.313019 456.968262 ) (33.313004 -233.313019 456.968262 ) 
4 339 394 (428 0 451 ) (464 0 451 ) (464 -160 451 ) (428 -160 451 ) 
3 339 391 (237.614960 -2.384232 1385.617065 ) (240 0 1396.454468 ) (237.614960 0 1385.617065 ) 
5 339 376 (240 0 1396.458008 ) (237.615448 -2.385525 1385.614746 ) (412.722504 -191.501022 525.998474 ) (464 -191.501022 525.998413 ) (464 0 1396.458008 ) 
5 339 375 (412.722504 -191.501022 525.998474 ) (418.539948 -197.783859 497.440063 ) (449.500031 -208 451 ) (464 -208 451 ) (464 -191.501022 525.998413 ) 
3 339 373 (418.539948 -197.783859 497.440063 ) (428 -208 451 ) (449.500031 -208 451 ) 
4 339 369 (411.499847 -190.180603 532 ) (237.615280 -2.385345 1385.615112 ) (237.615280 0 1385.615112 ) (411.499847 0 532 ) 
3 340 369 (391.507416 0 562.333496 ) (336.305786 0 813.250000 ) (391.507385 -167.277573 562.333679 ) 
3 340 363 (233.026978 -6.975616 802.786560 ) (240.002594 0 813.250000 ) (233.026978 0 802.786560 ) 
3 340 361 (355.454071 -130.812790 617.035156 ) (391.506683 -167.279877 562.334656 ) (379.472565 -130.812866 617.035095 ) 
5 340 360 (240.003891 0 813.253906 ) (233.026321 -6.977569 802.787537 ) (355.454071 -130.812790 617.035156 ) (379.472565 -130.812866 617.035095 ) (336.304260 0 813.254089 ) 
4 340 356 (367.998566 -143.498093 598 ) (233.023438 -6.972656 802.789063 ) (233.023438 0 802.789063 ) (367.998566 0 598 ) 
3 341 358 (338.809906 -130.812775 617.035156 ) (276.042358 -68.045090 711.186462 ) (133.072433 -130.812256 617.035522 ) 
4 341 356 (276.044159 -68.040245 711.187622 ) (338.809113 -130.805206 617.040100 ) (281.937317 0 702.347839 ) (276.044128 0 711.187622 ) 
4 341 353 (152 -122.496574 629.499939 ) (180.042236 -110.185280 647.967163 ) (180.042236 -83.383759 647.967163 ) (152 -111.700203 629.499939 ) 
5 341 352 (180.042236 -110.185280 647.967163 ) (276.042969 -68.039063 711.187500 ) (276.042969 0 711.187500 ) (262.619873 0 702.347839 ) (180.042236 -83.383759 647.967163 ) 
3 341 348 (133.083160 -130.801239 617.042725 ) (152 -122.496574 629.499939 ) (152 -111.700203 629.499939 ) 
4 341 345 (299.001160 -91.004570 643 ) (321.501801 -91.004494 643 ) (338.806396 -130.805069 617.042358 ) (338.801697 -130.805069 617.042358 ) 
4 341 343 (172.497223 -91.005020 643 ) (180.040756 -83.387894 647.966858 ) (304.874451 -52.761597 667.940308 ) (321.501801 -91.004494 643 ) 
4 341 342 (180.040756 -83.387894 647.966858 ) (262.623108 0 702.350098 ) (281.934601 0 702.350037 ) (304.874451 -52.761597 667.940308 ) 
3 342 356 (304.875549 0 667.940491 ) (281.937317 0 702.347839 ) (304.875549 -52.757931 667.940491 ) 
3 342 352 (180.042175 -83.383820 647.967102 ) (262.619873 0 702.347839 ) (180.042236 0 647.967163 ) 
3 342 344 (207.997818 0 652.439941 ) (239.997772 0 657.559998 ) (223.997803 -16 655 ) 
5 342 343 (304.875000 -52.760742 667.940430 ) (180.046875 -83.384766 647.967773 ) (180.046875 -59.951286 647.967773 ) (239.997772 0 657.559998 ) (304.875000 0 667.940430 ) 
4 343 356 (311.795868 0 657.559998 ) (304.875549 0 667.940491 ) (304.875549 -52.757931 667.940491 ) (321.502533 -91 643 ) 
3 343 355 (172.499573 -91 643 ) (180.042175 -83.383820 647.967102 ) (180.042191 -59.955574 647.967102 ) 
5 343 346 (299.001465 -91.003906 643 ) (298.985229 -91.003906 643 ) (223.984985 -16.003223 655 ) (223.989227 -15.998974 655 ) (280.600189 -15.998975 655 ) 
4 343 345 (321.500000 -91.003906 643 ) (299.001465 -91.003906 643 ) (280.600189 -15.998975 655 ) (313.499786 -15.998975 655 ) 
4 343 344 (223.989227 -15.998974 655 ) (239.988190 0 657.559631 ) (311.793304 0 657.559631 ) (313.499786 -15.998975 655 ) 
3 344 356 (315.209229 0 652.439941 ) (311.795868 0 657.559998 ) (313.502533 -16 655 ) 
5 344 346 (280.599976 -15.996094 655 ) (224 -15.996094 655 ) (223.989761 -15.985856 654.998352 ) (239.975555 0 652.440613 ) (284.524292 0 652.440613 ) 
4 344 345 (313.500000 -15.996094 655 ) (280.599976 -15.996094 655 ) (284.524292 0 652.440613 ) (315.206238 0 652.440613 ) 
6 345 356 (338.809113 -130.805206 617.040100 ) (338.812195 -130.808304 617.035461 ) (338.812164 0 617.035522 ) (315.209229 0 652.439941 ) (313.502533 -16 655 ) (321.502533 -91 643 ) 
5 345 346 (299.005341 -91.003387 642.995850 ) (299.001953 -91 642.998047 ) (280.597656 -15.984375 655 ) (284.519165 0 652.443481 ) (299.006195 0 642.995728 ) 
4 347 395 (32 -208 451 ) (32 0 451 ) (416 0 451 ) (416 -208 451 ) 
3 348 363 (109.194923 -130.807709 617.038452 ) (112.574448 -127.428177 622.107727 ) (112.574448 -123.034798 622.107727 ) 
4 348 358 (112.572899 -127.430969 622.107422 ) (109.191582 -130.812286 617.035461 ) (133.072372 -130.812286 617.035461 ) (152 -122.502625 629.500000 ) 
4 348 353 (112.570313 -127.429199 622.107422 ) (152.003906 -122.500000 629.500977 ) (152.003906 -111.698608 629.500977 ) (118.734131 -121.263245 623.263123 ) 
3 348 351 (112.570313 -123.035263 622.107422 ) (112.570313 -127.429199 622.107422 ) (118.734131 -121.263245 623.263123 ) 
4 348 349 (112.572502 -123.035744 622.108765 ) (118.739990 -121.262543 623.265198 ) (109.197403 -130.805161 617.041809 ) (109.194496 -130.805161 617.041809 ) 
4 349 363 (109.196945 -130.803070 617.041504 ) (112.574448 -123.034798 622.107727 ) (112.574432 0 622.107727 ) (109.196938 0 617.041504 ) 
4 349 351 (112.570313 0 622.107422 ) (112.570313 -123.035263 622.107422 ) (118.737854 -121.262177 623.263794 ) (118.737854 0 623.263794 ) 
3 350 363 (123.816597 -37.488838 638.971008 ) (128.502594 0 646 ) (123.816597 0 638.971008 ) 
3 350 352 (167.748093 0 646 ) (128.495819 0 646 ) (123.808456 -37.497272 638.969727 ) 
4 350 351 (149 -16 643 ) (123.813805 -37.492142 638.970703 ) (123.813805 0 638.970703 ) (149 0 643 ) 
4 351 363 (112.574448 -127.428177 622.107727 ) (123.816597 -37.488838 638.971008 ) (123.816597 0 638.971008 ) (112.574432 0 622.107727 ) 
4 351 354 (118.737740 -121.262367 623.263672 ) (149 -15.998649 643 ) (123.808456 -37.497272 638.969727 ) (113.337387 -121.262131 623.263855 ) 
5 351 353 (112.566406 -127.429688 622.107422 ) (112.574219 -127.429688 622.107422 ) (118.736206 -121.267700 623.262695 ) (118.737740 -121.262367 623.263672 ) (113.337387 -121.262131 623.263855 ) 
5 352 363 (123.816628 -116.185997 638.971008 ) (224.001343 -16.001266 789.248047 ) (224.001328 0 789.248108 ) (128.502594 0 646 ) (123.816597 -37.488838 638.971008 ) 
4 352 358 (224 -16.003254 789.249023 ) (123.815117 -116.188751 638.970764 ) (180.042847 -110.191139 647.967285 ) (276.042358 -68.045090 711.186462 ) 
4 352 356 (224 -15.996094 789.253906 ) (276.044159 -68.040245 711.187622 ) (276.044128 0 711.187622 ) (224 0 789.253906 ) 
3 352 355 (180.039063 -59.963554 647.965820 ) (180.039063 -83.385803 647.965820 ) (149 -91 643 ) 
4 352 354 (123.813103 -37.491661 638.969666 ) (149 -16 643 ) (149 -91 643 ) (123.813103 -97.179871 638.969666 ) 
4 352 353 (180.039063 -83.385803 647.965820 ) (180.039063 -110.189453 647.965820 ) (123.813103 -116.187119 638.969666 ) (123.813103 -97.179871 638.969666 ) 
4 353 363 (112.574448 -127.428177 622.107727 ) (123.816628 -116.185997 638.971008 ) (123.816620 -97.177849 638.971008 ) (113.345192 -121.262085 623.263855 ) 
4 353 358 (123.815117 -116.188751 638.970764 ) (112.572899 -127.430969 622.107422 ) (152 -122.502625 629.500000 ) (180.042847 -110.191139 647.967285 ) 
3 353 355 (149 -91.001228 643 ) (180.042603 -83.385574 647.967102 ) (172.499359 -91.002403 643 ) 
4 353 354 (118.739159 -121.262695 623.264648 ) (113.343102 -121.262695 623.264648 ) (123.813644 -97.180428 638.970459 ) (149 -91.001228 643 ) 
3 354 363 (123.816620 -97.177849 638.971008 ) (123.816597 -37.488838 638.971008 ) (113.345192 -121.262085 623.263855 ) 
4 356 363 (224.001343 -16.001266 789.248047 ) (233.026978 -6.975616 802.786560 ) (233.026978 0 802.786560 ) (224.001328 0 789.248108 ) 
3 356 362 (338.812531 -130.812714 617.035217 ) (368 -143.502914 598 ) (355.454071 -130.812775 617.035156 ) 
5 356 360 (233.026321 -6.977569 802.787537 ) (224 -16.003254 789.249023 ) (338.807800 -130.810654 617.038330 ) (338.812531 -130.812714 617.035217 ) (355.454071 -130.812775 617.035156 ) 
3 357 371 (375.276855 -183.507248 562.333740 ) (224 -133.585693 789.250000 ) (72.722458 -183.507263 562.333740 ) 
3 357 366 (72.732368 -183.500122 562.344604 ) (88.555450 -178.278488 586.079224 ) (96.502625 -160 598 ) 
4 357 365 (88.555450 -178.278488 586.079224 ) (224.001312 -133.581238 789.248047 ) (224.001312 -33.950111 789.248047 ) (96.502625 -160 598 ) 
3 357 359 (224 -33.948822 789.250000 ) (224 -133.584976 789.250000 ) (375.276428 -183.506226 562.335327 ) 
3 357 358 (224 -33.953125 789.246094 ) (351.498566 -160.003052 597.998047 ) (96.500931 -160.003128 597.997986 ) 
4 358 365 (96.502632 -160 598 ) (224.001312 -33.950111 789.248047 ) (224.001312 -16.001289 789.248047 ) (109.194969 -130.807648 617.038574 ) 
4 358 360 (338.804688 -130.800781 617.042969 ) (224 -15.996094 789.250000 ) (224 -33.948822 789.250000 ) (351.499969 -160 598 ) 
4 359 377 (391.506531 -183.507248 562.333740 ) (312.409729 -104.410492 921.864624 ) (224 -133.585693 789.250000 ) (375.276855 -183.507248 562.333740 ) 
4 359 369 (312.410339 -104.407394 921.865479 ) (391.505920 -183.502960 562.340332 ) (330.253906 0 840.758545 ) (312.410339 0 921.865540 ) 
5 359 365 (224.001312 -133.581238 789.248047 ) (312.410156 -104.406250 921.861328 ) (312.410156 0 921.861328 ) (258.341644 0 840.758545 ) (224.001312 -33.950111 789.248047 ) 
4 359 361 (368.002136 -160.005035 597.996765 ) (383.660706 -160.005020 597.996765 ) (391.504761 -183.504730 562.342041 ) (391.501831 -183.504730 562.342041 ) 
5 359 360 (351.501953 -160.005051 597.996704 ) (224 -33.951904 789.249756 ) (258.342041 0 840.763000 ) (330.252136 0 840.763000 ) (383.660706 -160.005020 597.996765 ) 
4 360 369 (379.472351 -130.807709 617.038452 ) (336.305786 0 813.250000 ) (330.253906 0 840.758545 ) (383.660767 -160 598 ) 
4 360 365 (258.341644 0 840.758545 ) (240.002594 0 813.250000 ) (224.001312 -16.001289 789.248047 ) (224.001312 -33.950111 789.248047 ) 
5 360 362 (367.997406 -159.996094 598.003906 ) (367.993958 -159.996094 598.003906 ) (338.812378 -130.814575 617.035339 ) (338.808685 -130.806076 617.040894 ) (355.450287 -130.806076 617.040894 ) 
4 360 361 (383.660156 -159.996094 598.003906 ) (367.997406 -159.996094 598.003906 ) (355.450287 -130.806076 617.040894 ) (379.471008 -130.806076 617.040894 ) 
5 361 369 (391.505920 -183.502960 562.340332 ) (391.507385 -183.504425 562.333679 ) (391.507385 -167.277573 562.333679 ) (379.472351 -130.807709 617.038452 ) (383.660767 -160 598 ) 
4 361 362 (368.003479 -160.001511 597.997681 ) (368.001953 -160 598 ) (355.453888 -130.807709 617.038452 ) (368.003418 -143.501495 597.997803 ) 
3 363 385 (61.715767 -151.448990 586.075500 ) (111.694168 0 813.250000 ) (61.715763 0 586.075500 ) 
3 363 367 (68.520142 -130.812225 617.035522 ) (61.707386 -151.455917 586.070007 ) (109.187881 -130.812225 617.035522 ) 
5 363 365 (109.194603 -130.809296 617.039917 ) (240.003906 0 813.253906 ) (111.690308 0 813.253906 ) (68.520142 -130.812225 617.035522 ) (109.187881 -130.812225 617.035522 ) 
4 363 364 (79.995361 -143.502777 597.992920 ) (61.715706 -151.450455 586.071411 ) (61.715702 0 586.071411 ) (79.995346 0 597.992920 ) 
4 364 385 (56.492512 -167.276962 562.333435 ) (61.715767 -151.448990 586.075500 ) (61.715763 0 586.075500 ) (56.492508 0 562.333435 ) 
3 364 368 (80 -143.502594 598 ) (61.707386 -151.455917 586.070007 ) (56.481346 -167.291611 562.316467 ) 
4 365 392 (117.746056 0 840.758545 ) (111.694168 0 813.250000 ) (68.527763 -130.806671 617.039124 ) (64.339157 -160 598 ) 
5 365 391 (61.715908 -178.283234 586.076111 ) (224 -16 1323.729004 ) (224 0 1323.729126 ) (117.746056 0 840.758545 ) (64.339157 -160 598 ) 
4 365 377 (224 -16 1323.726685 ) (135.590424 -104.410553 921.864380 ) (224 -133.585693 789.250000 ) (312.409729 -104.410492 921.864624 ) 
4 365 371 (135.590424 -104.410553 921.864380 ) (61.716934 -178.284042 586.075684 ) (88.550423 -178.284027 586.075684 ) (224 -133.585693 789.250000 ) 
4 365 369 (224 -15.997070 1323.730469 ) (312.410339 -104.407394 921.865479 ) (312.410339 0 921.865540 ) (224 0 1323.730469 ) 
5 365 367 (68.527344 -130.808594 617.041016 ) (109.191406 -130.808594 617.041016 ) (109.187714 -130.817093 617.035461 ) (80.008492 -159.996307 598.005554 ) (64.340576 -159.996307 598.005554 ) 
4 365 366 (96.501099 -159.996307 598.005554 ) (88.550613 -178.282425 586.079834 ) (61.717560 -178.282425 586.079834 ) (64.340576 -159.996307 598.005554 ) 
3 366 391 (56.492950 -183.506195 562.335388 ) (61.715908 -178.283234 586.076111 ) (64.339157 -160 598 ) 
4 366 371 (61.716934 -178.284042 586.075684 ) (56.493717 -183.507263 562.333740 ) (72.722511 -183.507233 562.333801 ) (88.550423 -178.284027 586.075684 ) 
4 366 368 (79.996971 -160.001953 597.998047 ) (79.998726 -160.001953 597.998047 ) (56.494125 -183.505829 562.336975 ) (61.716969 -167.859451 586.076294 ) 
3 366 367 (64.339844 -160.001953 597.998047 ) (79.996971 -160.001953 597.998047 ) (61.716969 -167.859451 586.076294 ) 
4 367 392 (61.715771 -167.859314 586.075500 ) (64.339157 -160 598 ) (68.527763 -130.806671 617.039124 ) (61.715771 -151.448975 586.075500 ) 
4 367 368 (79.997292 -160 597.995850 ) (61.716133 -167.858078 586.073364 ) (61.716110 -151.451141 586.073242 ) (79.997162 -143.502869 597.995667 ) 
4 368 392 (56.492950 -183.506195 562.335388 ) (61.715771 -167.859314 586.075500 ) (61.715771 -151.448975 586.075500 ) (56.492516 -167.276947 562.333435 ) 
4 369 391 (224 -16 1323.729004 ) (237.614960 -2.384232 1385.617065 ) (237.614960 0 1385.617065 ) (224 0 1323.729126 ) 
3 369 379 (391.506165 -183.506882 562.335449 ) (411.499969 -190.180679 532 ) (405.320862 -183.507248 562.333801 ) 
4 369 377 (237.615448 -2.385525 1385.614746 ) (224 -16 1323.726685 ) (391.506165 -183.506882 562.335449 ) (405.320862 -183.507248 562.333801 ) 
3 370 386 (32 -220 451 ) (37.433617 -225.031921 475.702118 ) (42.215950 -210.539993 497.440002 ) 
3 370 374 (405.783936 -210.539978 497.440063 ) (410.566437 -225.031921 475.702148 ) (416.001099 -220 451 ) 
4 370 372 (37.437500 -225.031250 475.703125 ) (410.562500 -225.031250 475.703125 ) (405.780396 -210.539993 497.440002 ) (42.218391 -210.539993 497.440002 ) 
3 371 416 (135.590210 -233.313019 921.864624 ) (57.592407 -233.313019 567.329163 ) (276.042358 -233.313019 711.186462 ) 
3 371 413 (57.592407 -233.313019 567.329163 ) (48.499985 -233.313019 526 ) (90.500015 -233.313019 589 ) 
6 371 403 (48.499985 -233.313019 526 ) (46.378044 -233.313019 516.354797 ) (401.621887 -233.313019 516.354858 ) (399.499939 -233.313019 526 ) (276.042358 -233.313019 711.186462 ) (90.500015 -233.313019 589 ) 
5 371 391 (41.404629 -228.708786 493.752167 ) (46.377205 -233.313019 516.354797 ) (135.589600 -233.313019 921.865601 ) (135.589600 -104.409554 921.865601 ) (56.492935 -183.506195 562.335388 ) 
5 371 377 (375.276123 -183.504623 562.337830 ) (135.590576 -104.408386 921.866211 ) (135.590164 -233.313019 921.866760 ) (399.499329 -233.313019 526.002930 ) (399.499329 -207.452591 526.002991 ) 
4 371 374 (399.500977 -207.455826 525.998047 ) (399.500977 -233.313019 525.998047 ) (401.622559 -233.313019 516.354858 ) (406.595306 -228.708771 493.752167 ) 
5 371 372 (395.496796 -203.499023 532.004822 ) (399.500000 -207.457031 526 ) (406.593750 -228.710205 493.754761 ) (41.406067 -228.710205 493.754761 ) (49.821587 -203.499207 532.003784 ) 
4 372 393 (37.433617 -225.031921 475.702118 ) (41.404629 -228.708786 493.752167 ) (49.819138 -203.500015 532 ) (42.215950 -210.539993 497.440002 ) 
3 372 378 (395.501312 -203.499985 532 ) (399.499329 -207.452591 526.002991 ) (399.499329 -204.721603 526.002991 ) 
5 372 374 (399.500977 -204.722610 525.998047 ) (399.500977 -207.455826 525.998047 ) (406.595306 -228.708771 493.752167 ) (410.566437 -225.031921 475.702148 ) (405.783936 -210.539978 497.440063 ) 
3 373 400 (426.784241 -233.313019 456.968262 ) (445.521179 -233.313019 456.968262 ) (418.540009 -233.313019 497.440033 ) 
3 373 376 (418.539398 -210.538055 497.442871 ) (418.539398 -233.313019 497.442841 ) (441.314301 -233.313019 463.280457 ) 
6 373 375 (445.531555 -233.313019 456.954590 ) (449.501282 -232.003006 451 ) (449.501312 -207.998947 451 ) (418.539398 -197.781509 497.442871 ) (418.539398 -210.538055 497.442871 ) (441.314301 -233.313019 463.280457 ) 
3 373 374 (418.541077 -229.459961 497.439819 ) (418.541077 -210.540024 497.439819 ) (428.001038 -220 451 ) 
3 374 422 (405.930115 -233.313019 516.354858 ) (399.499939 -233.313019 526 ) (401.621887 -233.313019 516.354858 ) 
4 374 378 (399.499329 -204.721619 526.002991 ) (399.499329 -207.452545 526.002991 ) (418.539398 -226.276276 497.442841 ) (418.539398 -210.539429 497.442871 ) 
5 374 377 (399.499329 -207.452545 526.002991 ) (399.499329 -233.313019 526.002930 ) (405.931366 -233.313019 516.354858 ) (418.539398 -229.460571 497.442841 ) (418.539398 -226.276276 497.442841 ) 
4 375 400 (464 -233.313019 456.968262 ) (464 -233.313019 463.280518 ) (441.313019 -233.313019 463.280518 ) (445.521179 -233.313019 456.968262 ) 
5 375 376 (418.539368 -210.539383 497.442871 ) (441.313019 -233.313019 463.282410 ) (464 -233.313019 463.282410 ) (464 -191.496094 526.007813 ) (412.720612 -191.496094 526.007813 ) 
3 376 426 (414.686981 -233.313019 516.354797 ) (416 -233.313019 509.909119 ) (416 -233.313019 516.354858 ) 
5 376 425 (416 -233.313019 1536 ) (270.700012 -233.313019 1536 ) (237.615341 -233.313019 1385.615112 ) (414.686981 -233.313019 516.354797 ) (416 -233.313019 516.354858 ) 
6 376 400 (464 -233.313019 463.280518 ) (464 -233.313019 1536 ) (416 -233.313019 1536 ) (416 -233.313019 509.909119 ) (418.540009 -233.313019 497.440002 ) (441.313019 -233.313019 463.280518 ) 
5 376 391 (237.614960 -233.313019 1385.617065 ) (270.699219 -233.313019 1536 ) (270.699219 0 1536 ) (240 0 1396.454468 ) (237.614960 -2.384231 1385.617065 ) 
3 376 379 (405.322205 -183.507492 562.333435 ) (411.501770 -190.181442 531.997314 ) (411.500916 -203.500000 532 ) 
4 376 378 (418.539948 -210.539429 497.442810 ) (418.541016 -210.542969 497.437500 ) (418.541016 -226.279800 497.437500 ) (411.500916 -203.500000 532 ) 
6 376 377 (237.616211 -2.384766 1385.617188 ) (405.322205 -183.507492 562.333435 ) (418.541016 -226.279800 497.437500 ) (418.541016 -229.459488 497.437500 ) (414.687500 -233.313019 516.354858 ) (237.615891 -233.313019 1385.616699 ) 
5 377 425 (237.615341 -233.313019 1385.615112 ) (224 -233.313019 1323.727295 ) (399.499969 -233.313019 526 ) (405.930115 -233.313019 516.354858 ) (414.686981 -233.313019 516.354797 ) 
4 377 416 (224 -233.313019 1323.727295 ) (135.590210 -233.313019 921.864624 ) (276.042358 -233.313019 711.186462 ) (348.291626 -233.313019 758.765259 ) 
3 377 403 (276.042358 -233.313019 711.186462 ) (399.499969 -233.313019 526 ) (348.291626 -233.313019 758.765259 ) 
4 377 391 (135.589600 -233.313019 921.865601 ) (237.614960 -233.313019 1385.617065 ) (237.614960 -2.384231 1385.617065 ) (135.589600 -104.409554 921.865601 ) 
4 377 379 (405.320313 -183.503906 562.351563 ) (411.499481 -203.496338 532.017883 ) (411.488220 -203.496338 532.017883 ) (391.494995 -183.503113 562.352417 ) 
3 377 378 (411.499481 -203.496338 532.017883 ) (418.542969 -226.285156 497.441406 ) (395.492340 -203.496460 532.017334 ) 
4 380 587 (0 -220 451 ) (0 -233.313019 451 ) (0 -233.313019 487.363647 ) (0 -212.592590 487.363647 ) 
3 380 435 (0 -233.313019 487.363647 ) (0 -233.313019 451 ) (8 -233.313019 451 ) 
4 380 389 (0 -217.254715 487.367920 ) (0 -232.916565 487.367920 ) (0.132334 -233.313019 486.766388 ) (5.299230 -233.313019 463.280457 ) 
3 380 388 (0 -232.916565 487.367920 ) (0 -233.313019 487.367920 ) (0.132334 -233.313019 486.766388 ) 
5 380 384 (8 -233.313019 451 ) (8 -220 451 ) (0 -212.591721 487.367920 ) (0 -217.254715 487.367920 ) (5.299230 -233.313019 463.280457 ) 
4 381 492 (0 0 487.363647 ) (0 0 451 ) (0 -208 451 ) (0 -200 487.363647 ) 
4 381 399 (0 -208 451 ) (0 0 451 ) (6.500000 0 451 ) (6.500000 -208 451 ) 
4 382 522 (0 0 571.918152 ) (0 0 555.743958 ) (0 -171.670700 555.743958 ) (0 -160.887878 571.918152 ) 
4 382 501 (0 0 555.743958 ) (0 0 549.181763 ) (0 -176.045471 549.181763 ) (0 -171.670700 555.743958 ) 
3 382 488 (0 0 813.249939 ) (0 0 571.918152 ) (0 -160.887878 571.918152 ) 
3 382 435 (20 -233.313019 451 ) (22.501579 -233.313019 463.280487 ) (17.498417 -233.313019 463.280487 ) 
5 382 387 (17.498419 -233.313019 463.280487 ) (22.501583 -233.313019 463.280487 ) (93.791702 0 813.250122 ) (0 0 813.250427 ) (0 -176.045578 549.181763 ) 
3 382 386 (29.457550 -210.541687 497.431702 ) (25.030251 -225.031021 475.697662 ) (20 -220 451 ) 
3 382 385 (93.789795 0 813.244812 ) (36.498882 -187.497360 531.998291 ) (36.498863 0 531.998230 ) 
4 382 384 (20 -220 451 ) (20 -233.313019 451 ) (17.498419 -233.313019 463.278534 ) (10.540161 -210.540558 497.437256 ) 
4 382 383 (3.499459 -187.498276 532 ) (0 -176.045502 549.179810 ) (0 0 549.179810 ) (3.499452 0 532 ) 
4 383 501 (0 0 549.181763 ) (0 0 537.310242 ) (0 -183.959824 537.310242 ) (0 -176.045471 549.181763 ) 
3 383 390 (3.500020 -187.500168 532 ) (0 -176.045578 549.181763 ) (0 -183.959915 537.310242 ) 
3 384 587 (0 -212.592590 487.363647 ) (0 -217.257553 487.363647 ) (0 -210.540024 497.439941 ) 
4 384 435 (5.298297 -233.313019 463.280457 ) (8 -233.313019 451 ) (20 -233.313019 451 ) (17.498417 -233.313019 463.280487 ) 
5 384 389 (0 -217.250320 487.374603 ) (5.300690 -233.313019 463.280518 ) (17.498419 -233.313019 463.280487 ) (10.539970 -210.539963 497.440125 ) (0 -210.539978 497.440125 ) 
4 385 392 (56.493126 -167.277115 562.334351 ) (111.694580 0 813.250061 ) (93.791702 0 813.250122 ) (36.500008 -187.500015 532 ) 
4 386 393 (37.434036 -225.031921 475.702148 ) (42.216377 -210.539978 497.440063 ) (29.460014 -210.539978 497.440033 ) (25.031921 -225.031921 475.702118 ) 
4 387 605 (0 -233.313019 965.565308 ) (0 -233.313019 1536 ) (0 -208 1536 ) (0 -208 1114.575806 ) 
4 387 603 (0 -233.313019 585.483398 ) (0 -233.313019 965.565308 ) (0 -208 1114.575806 ) (0 -208 629.660583 ) 
4 387 601 (0 -208 549.181763 ) (0 -233.313019 549.181763 ) (0 -233.313019 585.483398 ) (0 -208 629.660583 ) 
4 387 526 (0 -160.887878 571.918152 ) (0 -171.670700 555.743958 ) (0 -187.850571 555.743958 ) (0 -177.190277 571.918152 ) 
4 387 524 (0 -187.850571 555.743958 ) (0 -208 555.743958 ) (0 -208 571.918152 ) (0 -177.190277 571.918152 ) 
3 387 518 (0 -208 550.475586 ) (0 -208 555.743958 ) (0 -200 555.743958 ) 
4 387 504 (0 -171.670700 555.743958 ) (0 -176.045471 549.181763 ) (0 -192.175644 549.181763 ) (0 -187.850555 555.743958 ) 
5 387 502 (0 -192.175644 549.181763 ) (0 -208 549.181763 ) (0 -208 550.475586 ) (0 -200 555.743958 ) (0 -187.850555 555.743958 ) 
5 387 488 (0 0 1536 ) (0 0 813.249939 ) (0 -160.887878 571.918152 ) (0 -208 571.918152 ) (0 -208 1536 ) 
6 387 435 (0 -233.313019 1536 ) (0 -233.313019 549.181824 ) (17.498423 -233.313019 463.280487 ) (22.501577 -233.313019 463.280487 ) (32 -233.313019 509.909119 ) (32 -233.313019 1536 ) 
3 387 425 (210.384613 -233.313019 1385.615234 ) (241.018524 -233.313019 1536 ) (177.299988 -233.313019 1536 ) 
5 387 416 (41.543819 -233.313019 556.760620 ) (210.384613 -233.313019 1385.615234 ) (177.299988 -233.313019 1536 ) (32 -233.313019 1536 ) (32 -233.313019 550.475708 ) 
3 387 412 (32 -233.313019 509.909119 ) (41.543819 -233.313019 556.760620 ) (32 -233.313019 550.475708 ) 
4 387 393 (25.031160 -225.031906 475.702118 ) (29.459244 -210.540009 497.439972 ) (36.498909 -203.501083 531.998291 ) (28.708027 -228.708771 493.752197 ) 
4 387 392 (36.498917 -187.501083 531.998352 ) (93.790924 0 813.249878 ) (99.394547 0 840.758545 ) (36.498909 -203.501083 531.998291 ) 
5 387 391 (99.394547 0 840.758545 ) (241.017838 0 1536 ) (241.017838 -233.313019 1536 ) (33.312286 -233.313019 516.354919 ) (28.708027 -228.708771 493.752197 ) 
4 387 390 (0 -176.045547 549.179626 ) (3.499413 -187.498154 532 ) (3.499582 -203.500031 532 ) (0 -192.177032 549.179626 ) 
4 387 389 (10.540158 -210.540573 497.437164 ) (17.498413 -233.313019 463.278564 ) (12.713843 -233.313019 486.766388 ) (3.499582 -203.500031 532 ) 
3 387 388 (12.713843 -233.313019 486.766388 ) (0 -233.313019 549.179626 ) (0 -192.177032 549.179626 ) 
4 388 601 (0 -233.313019 506.513336 ) (0 -233.313019 549.181763 ) (0 -208 549.181763 ) (0 -208 526.877319 ) 
5 388 587 (0 -232.919373 487.363647 ) (0 -233.313019 487.363647 ) (0 -233.313019 506.513336 ) (0 -208 526.877319 ) (0 -208 525.172363 ) 
3 388 502 (0 -208 549.181763 ) (0 -192.175644 549.181763 ) (0 -208 525.172363 ) 
4 388 435 (0 -233.313019 549.181824 ) (0 -233.313019 487.363647 ) (0.131395 -233.313019 486.766388 ) (12.714251 -233.313019 486.766418 ) 
4 388 390 (0 -192.176758 549.186523 ) (3.499051 -203.498077 532.009399 ) (3.493715 -203.498077 532.009399 ) (0 -200.004318 537.310242 ) 
5 388 389 (3.499051 -203.498077 532.009399 ) (12.713882 -233.313019 486.772949 ) (0.129949 -233.313019 486.772980 ) (0 -232.923706 487.363647 ) (0 -203.498093 532.009338 ) 
5 389 587 (0 -210.540024 497.439941 ) (0 -217.257553 487.363647 ) (0 -232.919373 487.363647 ) (0 -208 525.172363 ) (0 -208 509.909088 ) 
3 389 503 (0 -208 525.172363 ) (0 -203.499985 532 ) (0 -208 509.909088 ) 
4 389 435 (0.131395 -233.313019 486.766388 ) (5.298297 -233.313019 463.280457 ) (17.498423 -233.313019 463.280487 ) (12.714251 -233.313019 486.766418 ) 
4 390 504 (0 -176.045471 549.181763 ) (0 -183.959824 537.310242 ) (0 -200 537.310242 ) (0 -192.175644 549.181763 ) 
4 391 425 (224 -233.313019 1323.727295 ) (270.700012 -233.313019 1536 ) (241.018524 -233.313019 1536 ) (210.384613 -233.313019 1385.615356 ) 
4 391 416 (57.592411 -233.313019 567.329163 ) (224 -233.313019 1323.727295 ) (210.384613 -233.313019 1385.615356 ) (41.543808 -233.313019 556.760559 ) 
5 391 413 (48.499992 -233.313019 526 ) (57.592411 -233.313019 567.329163 ) (41.543808 -233.313019 556.760559 ) (33.313019 -233.313019 516.354858 ) (42.069878 -233.313019 516.354797 ) 
3 391 403 (46.378052 -233.313019 516.354797 ) (48.499992 -233.313019 526 ) (42.069878 -233.313019 516.354797 ) 
5 391 393 (49.821239 -203.498779 532.005981 ) (41.406250 -228.708984 493.755859 ) (28.707031 -228.708984 493.755859 ) (36.496380 -203.506256 531.994507 ) (36.503819 -203.498825 532.005798 ) 
4 391 392 (117.747696 0 840.763611 ) (56.493645 -183.509125 562.335205 ) (36.496380 -203.506256 531.994507 ) (99.393578 0 840.762695 ) 
4 394 395 (416 -160 115 ) (416 -160 451 ) (416 0 451 ) (416 0 115 ) 
8 395 398 (32 -16 451 ) (32 0 448.276123 ) (32 0 115 ) (32 -207.811996 115 ) (32 -207.811996 259.879456 ) (32 -191.728424 333.575836 ) (32 -149.954041 396.060913 ) (32 -88.567734 438.391113 ) 
11 395 396 (32 -207.811996 259 ) (32 -207.811996 115 ) (416 -207.811996 115 ) (416 -207.811996 259 ) (401.226868 -207.811996 333.576691 ) (359.459137 -207.811996 396.055298 ) (298.067810 -207.811996 438.390503 ) (224.010559 -207.811996 450.998199 ) (151.421188 -207.811996 438.384705 ) (90.051468 -207.811996 396.064758 ) (48.274330 -207.811996 333.575531 ) 
4 396 436 (36.719223 -233.313019 280.640381 ) (32 -233.313019 259.015015 ) (32 -233.313019 115 ) (368 -233.313019 115 ) 
11 396 429 (416 -233.313019 115 ) (416 -233.313019 259 ) (401.227722 -233.313019 333.572388 ) (359.458313 -233.313019 396.053467 ) (298.063202 -233.313019 438.391296 ) (224 -233.313019 451 ) (151.429672 -233.313019 438.389526 ) (90.051949 -233.313019 396.064087 ) (48.269012 -233.313019 333.566162 ) (36.719223 -233.313019 280.640381 ) (368 -233.313019 115 ) 
4 396 397 (32 -233.313019 115 ) (32 -207.811996 115 ) (416 -207.811996 115 ) (416 -233.313019 115 ) 
4 397 436 (32 -233.313019 91 ) (416 -233.313019 91 ) (368 -233.313019 115 ) (32 -233.313019 115 ) 
3 397 429 (416 -233.313019 91 ) (416 -233.313019 115 ) (368 -233.313019 115 ) 
8 398 399 (6.500000 -208 115 ) (6.500000 -208 259 ) (6.500000 -191.723236 333.581604 ) (6.500000 -149.951080 396.063354 ) (6.500000 -88.578094 438.384338 ) (6.500000 -15.985219 450.997467 ) (6.500000 0 448.276123 ) (6.500000 0 115 ) 
4 399 537 (0 0 247 ) (0 0 115 ) (0 -208 115 ) (0 -208 247 ) 
4 399 535 (0 0 451 ) (0 0 247 ) (0 -208 247 ) (0 -208 451 ) 
5 400 438 (464 -328 451 ) (464 -328 1536 ) (416 -328 1536 ) (416 -328 509.908936 ) (428 -328 451 ) 
5 400 426 (416 -233.313019 516.354858 ) (416 -233.313019 509.908936 ) (416 -244.959961 509.908936 ) (416 -328 887.363647 ) (416 -328 981.181885 ) 
4 400 425 (416 -233.313019 1536 ) (416 -233.313019 516.354858 ) (416 -328 981.181885 ) (416 -328 1536 ) 
3 400 423 (416 -244.959961 509.908936 ) (416 -328 509.908905 ) (416 -328 887.363647 ) 
4 400 402 (428 -256.282043 451 ) (428 -256 451 ) (464 -256 451 ) (464 -256.282043 451 ) 
11 401 429 (416 -328 283 ) (416 -328 410.496704 ) (416 -325.226196 425.322113 ) (416 -317.396973 438.982056 ) (416 -305.888733 448.239655 ) (416 -292.280975 451 ) (416 -278.388092 448.239227 ) (416 -266.880280 438.979004 ) (416 -259.052856 425.319977 ) (416 -256 407.338989 ) (416 -256 283 ) 
4 401 402 (464 -256 407.341797 ) (416 -256 407.341797 ) (416 -256.282043 409.003082 ) (464 -256.282043 409.003082 ) 
4 402 429 (416 -256.282043 451 ) (416 -256 451 ) (416 -256 407.338989 ) (416 -256.282043 409 ) 
4 403 425 (399.500000 -233.313019 526 ) (348.291626 -233.313019 758.765259 ) (348.291626 -282.692902 758.765198 ) (399.500000 -235.277771 526 ) 
3 403 422 (401.621918 -233.313019 516.354858 ) (399.500000 -233.313019 526 ) (399.500000 -235.277771 526 ) 
4 403 416 (348.292969 -282.692993 758.765625 ) (348.292969 -233.313019 758.765625 ) (90.499359 -233.313019 589 ) (90.499359 -248.110916 589 ) 
3 403 413 (90.500000 -248.110718 588.998047 ) (90.500000 -233.313019 588.998047 ) (42.070515 -233.313019 516.354858 ) 
4 403 404 (90.503906 -248.111328 589.003906 ) (52.500431 -236.499161 531.998718 ) (398.181183 -236.499756 532 ) (348.292969 -282.692383 758.765625 ) 
3 404 445 (367.637939 -328 670.827515 ) (348.291626 -328 758.765259 ) (214.756546 -328 670.827515 ) 
4 404 427 (398.179993 -236.499985 532 ) (348.291626 -282.692902 758.765198 ) (348.291626 -299.708344 758.765198 ) (391.506195 -256.493774 562.335327 ) 
4 404 424 (348.291626 -299.708344 758.765198 ) (348.291626 -328 758.765198 ) (367.637909 -328 670.827515 ) (391.506195 -256.493774 562.335327 ) 
5 404 416 (214.757370 -328 670.827515 ) (348.292969 -328 758.765625 ) (348.292969 -282.692993 758.765625 ) (90.499359 -248.110916 589 ) (90.499352 -274.067596 589 ) 
4 404 414 (90.500000 -262.359558 588.998047 ) (90.500000 -248.110718 588.998047 ) (52.500721 -236.499985 532 ) (72.724625 -256.493774 562.335388 ) 
3 404 410 (90.500000 -274.066895 588.998047 ) (90.500000 -262.359558 588.998047 ) (72.724625 -256.493774 562.335388 ) 
4 404 406 (368 -280.001648 598.001038 ) (320.001282 -328 670.825623 ) (214.749252 -328 670.825684 ) (104.162422 -280.001465 598 ) 
3 404 405 (391.505707 -256.495087 562.336121 ) (367.636841 -328 670.825562 ) (320.001282 -328 670.825623 ) 
3 405 448 (391.506195 -328 562.335388 ) (374.499207 -328 639.640015 ) (340.555420 -328 639.640015 ) 
4 405 445 (374.499207 -328 639.640015 ) (367.637939 -328 670.827515 ) (320 -328 670.827515 ) (340.555420 -328 639.640015 ) 
3 405 424 (391.506165 -256.493896 562.335510 ) (367.637909 -328 670.827515 ) (391.506165 -328 562.335510 ) 
4 405 407 (367.994598 -280.009308 598.006042 ) (367.997559 -280.006348 598.001587 ) (367.997559 -328 598.001587 ) (347.366119 -328 629.304321 ) 
3 405 406 (320.003906 -328 670.819214 ) (367.994598 -280.009308 598.006042 ) (347.366119 -328 629.304321 ) 
4 406 456 (304.152069 -328 639.639954 ) (167.397644 -328 639.639954 ) (151.702789 -328 629.304321 ) (320 -328 629.304321 ) 
4 406 452 (347.367584 -328 629.304321 ) (340.555450 -328 639.639954 ) (304.152069 -328 639.639954 ) (320 -328 629.304321 ) 
4 406 445 (340.555450 -328 639.639954 ) (320 -328 670.827515 ) (214.756546 -328 670.827515 ) (167.397644 -328 639.639954 ) 
3 406 417 (151.703583 -328 629.304321 ) (214.757370 -328 670.827515 ) (104.167358 -280 598 ) 
3 406 407 (367.997070 -280 598.001221 ) (347.364990 -328 629.305054 ) (319.998871 -328 629.305054 ) 
3 407 452 (368 -328 598 ) (347.367584 -328 629.304321 ) (320 -328 629.304321 ) 
8 408 459 (416 -328 451 ) (399.500000 -328 526 ) (357.499908 -328 589 ) (320 -328 613.695129 ) (128 -328 613.695129 ) (90.500000 -328 589 ) (48.500004 -328 526 ) (32 -328 451 ) 
4 408 429 (32 -328 451 ) (32 -233.313019 451 ) (416 -233.313019 451 ) (416 -328 451 ) 
3 409 449 (41.543835 -328 556.760620 ) (32 -328 550.475647 ) (32 -328 509.909119 ) 
4 409 435 (32 -328 509.909119 ) (32 -328 550.475647 ) (32 -253.884644 550.475647 ) (32 -244.959991 509.909119 ) 
4 409 419 (32 -253.884521 550.475098 ) (32 -328 550.475098 ) (41.543694 -328 556.759949 ) (41.543694 -255.267197 556.759949 ) 
3 409 412 (32 -244.960388 509.909088 ) (32 -253.885132 550.475464 ) (41.543789 -255.267792 556.760437 ) 
4 409 411 (36.499252 -249.817352 531.998840 ) (41.543236 -255.264847 556.760193 ) (41.543236 -328 556.760193 ) (36.499252 -328 531.998840 ) 
3 410 416 (90.499352 -274.067596 589 ) (90.499352 -262.359802 589 ) (50.010082 -256.493805 562.335388 ) 
3 410 414 (90.500000 -262.360352 589 ) (72.724121 -256.494324 562.336182 ) (50.011036 -256.494476 562.336426 ) 
3 410 411 (50.010128 -256.492188 562.335938 ) (56.494148 -256.492188 562.335938 ) (61.466698 -261.464752 569.880493 ) 
3 411 450 (61.466782 -328 569.880615 ) (41.543835 -328 556.760620 ) (36.499992 -328 532 ) 
5 411 419 (41.543694 -328 556.759949 ) (61.466122 -328 569.879639 ) (61.466148 -261.466156 569.879639 ) (50.010082 -256.493805 562.335388 ) (41.543694 -255.267197 556.759949 ) 
4 411 415 (36.499989 -249.820435 532 ) (41.543789 -255.267792 556.760437 ) (50.011036 -256.494476 562.336426 ) (56.494427 -256.494446 562.336365 ) 
4 412 435 (32 -253.884644 550.475647 ) (32 -233.313019 550.475647 ) (32 -233.313019 509.909119 ) (32 -244.959991 509.909119 ) 
4 412 419 (32 -248.676804 550.475098 ) (32 -253.884521 550.475098 ) (41.543694 -255.267197 556.759949 ) (41.543694 -252.819077 556.759949 ) 
4 412 416 (32 -233.313019 550.475098 ) (32 -248.676804 550.475098 ) (41.543694 -252.819077 556.759949 ) (41.543694 -233.313019 556.759949 ) 
4 412 415 (41.542969 -255.264648 556.761719 ) (36.498882 -249.816971 531.998291 ) (36.499218 -236.499985 532 ) (41.542969 -252.820236 556.761719 ) 
3 412 414 (36.499218 -236.499985 532 ) (41.542969 -241.544052 556.761719 ) (41.542969 -252.820236 556.761719 ) 
3 412 413 (33.312454 -233.313019 516.354858 ) (41.542969 -233.313019 556.761719 ) (41.542969 -241.544052 556.761719 ) 
4 413 416 (90.499352 -248.110931 589 ) (90.499359 -233.313019 589 ) (41.543694 -233.313019 556.759949 ) (41.543694 -241.543701 556.759949 ) 
4 413 414 (41.542969 -241.543945 556.761719 ) (36.499107 -236.500076 532 ) (52.502708 -236.500427 532 ) (90.504089 -248.111954 589.002686 ) 
5 414 416 (50.010082 -256.493805 562.335388 ) (90.499352 -262.359802 589 ) (90.499352 -248.110931 589 ) (41.543694 -241.543701 556.759949 ) (41.543694 -252.819077 556.759949 ) 
5 414 415 (41.538437 -252.818848 556.757019 ) (36.496094 -236.501953 532.001953 ) (36.501320 -236.501953 532.001953 ) (56.494148 -256.496094 562.335938 ) (50.010128 -256.496094 562.335938 ) 
3 415 419 (41.543694 -255.267197 556.759949 ) (50.010082 -256.493805 562.335388 ) (41.543694 -252.819077 556.759949 ) 
5 416 445 (348.291626 -328 758.765259 ) (177.299957 -328 1536 ) (32 -328 1536 ) (32 -328 670.827576 ) (214.756577 -328 670.827515 ) 
5 416 435 (32 -328 670.827515 ) (32 -328 1536 ) (32 -233.313019 1536 ) (32 -233.313019 550.475647 ) (32 -248.677155 550.475647 ) 
4 416 427 (299.359955 -328 981.181824 ) (320 -328 887.363647 ) (348.291626 -299.708344 758.765198 ) (348.291626 -282.692902 758.765198 ) 
5 416 425 (348.291626 -233.313019 758.765259 ) (177.299927 -233.313019 1536 ) (177.299927 -328 1536 ) (299.359955 -328 981.181824 ) (348.291626 -282.692902 758.765198 ) 
3 416 424 (320 -328 887.363647 ) (348.291626 -328 758.765198 ) (348.291626 -299.708344 758.765198 ) 
4 416 420 (96.501434 -280.003387 598.002197 ) (145.049622 -328 670.824463 ) (127.998001 -328 670.824524 ) (80.001389 -280.003296 598.002075 ) 
4 416 419 (32 -248.678864 550.475464 ) (61.466644 -261.468536 569.880432 ) (127.998001 -328 670.824524 ) (32 -328 670.824707 ) 
4 416 417 (104.169930 -280.003418 598.002197 ) (214.751144 -328 670.824280 ) (145.049622 -328 670.824463 ) (96.501434 -280.003387 598.002197 ) 
4 417 456 (151.702850 -328 629.304321 ) (167.397690 -328 639.639954 ) (143.847961 -328 639.639954 ) (128 -328 629.304321 ) 
5 417 455 (143.847961 -328 639.639954 ) (127.997620 -328 639.639954 ) (123.813683 -328 638.970520 ) (117.369553 -328 629.304321 ) (128 -328 629.304321 ) 
3 417 454 (127.997620 -328 639.639954 ) (124.259972 -328 639.639954 ) (123.813683 -328 638.970520 ) 
4 417 445 (167.397690 -328 639.639954 ) (214.756577 -328 670.827515 ) (145.051682 -328 670.827515 ) (124.259972 -328 639.639954 ) 
3 417 420 (145.053940 -328 670.830444 ) (96.498611 -279.996796 597.997864 ) (117.369705 -328 629.304321 ) 
3 417 418 (117.369537 -328 629.304138 ) (109.192451 -309.192688 617.038574 ) (128 -328 629.304199 ) 
3 418 455 (128 -328 629.304321 ) (117.369553 -328 629.304321 ) (109.192299 -328 617.038452 ) 
3 418 421 (109.192497 -328 617.038574 ) (117.369705 -328 629.304321 ) (109.192505 -309.192566 617.038574 ) 
4 419 450 (41.543831 -328 556.760620 ) (61.466759 -328 569.880554 ) (107.444572 -328 639.640015 ) (58.426674 -328 639.640015 ) 
4 419 449 (32 -328 639.640015 ) (32 -328 550.475647 ) (41.543831 -328 556.760620 ) (58.426674 -328 639.640015 ) 
4 419 445 (32 -328 670.827576 ) (32 -328 639.640015 ) (107.444572 -328 639.640015 ) (128 -328 670.827515 ) 
3 419 435 (32 -328 550.475647 ) (32 -328 670.827515 ) (32 -248.677155 550.475647 ) 
3 419 421 (80 -279.998108 597.998779 ) (100.633034 -328 629.304321 ) (80.001114 -328 598 ) 
3 419 420 (80 -279.998108 597.998779 ) (128.001694 -328 670.829224 ) (100.633034 -328 629.304321 ) 
4 420 455 (117.369553 -328 629.304321 ) (123.813683 -328 638.970520 ) (105.021622 -328 635.963806 ) (100.632423 -328 629.304321 ) 
4 420 454 (123.813683 -328 638.970520 ) (124.259972 -328 639.639954 ) (107.444542 -328 639.639954 ) (105.021622 -328 635.963806 ) 
4 420 445 (124.259972 -328 639.639954 ) (145.051682 -328 670.827515 ) (128 -328 670.827515 ) (107.444542 -328 639.639954 ) 
4 420 421 (100.634201 -328 629.302979 ) (80.004509 -280.006592 598.002930 ) (109.192284 -309.195435 617.038452 ) (117.368187 -328 629.302307 ) 
4 421 455 (109.192307 -328 617.038452 ) (117.369553 -328 629.304321 ) (100.632423 -328 629.304321 ) (80 -328 598 ) 
3 422 425 (405.931396 -233.313019 516.354858 ) (399.500000 -233.313019 526.001953 ) (399.500000 -235.278168 526.001953 ) 
3 423 447 (416 -328 509.908997 ) (416 -328 639.640015 ) (389.573303 -328 639.639954 ) 
4 423 445 (416 -328 639.640015 ) (416 -328 887.363647 ) (339.111053 -328 887.363708 ) (389.573303 -328 639.639954 ) 
3 423 426 (339.111938 -328 887.359253 ) (416 -328 887.359314 ) (416 -244.960938 509.908936 ) 
3 423 424 (339.111145 -328 887.366333 ) (411.500763 -249.819275 531.998779 ) (411.500763 -328 531.998779 ) 
4 424 448 (411.499969 -328 532 ) (389.573303 -328 639.640015 ) (374.499207 -328 639.640015 ) (391.506226 -328 562.335327 ) 
4 424 445 (389.573303 -328 639.640015 ) (339.111053 -328 887.363708 ) (320 -328 887.363708 ) (374.499207 -328 639.640015 ) 
3 424 428 (391.506195 -256.494781 562.335449 ) (405.320099 -256.495209 562.337585 ) (411.499969 -249.820953 532 ) 
4 424 427 (391.506195 -256.494781 562.335449 ) (320 -328 887.359253 ) (339.111938 -328 887.359253 ) (405.320099 -256.495209 562.337585 ) 
4 425 445 (416 -328 981.181885 ) (416 -328 1536 ) (177.299957 -328 1536 ) (299.359985 -328 981.181885 ) 
4 425 427 (299.360474 -328 981.179382 ) (398.179749 -236.500778 532.001099 ) (411.499756 -236.500763 532.001160 ) (320 -328 981.179382 ) 
4 425 426 (414.687500 -233.313019 516.352234 ) (416 -233.313019 516.352234 ) (416 -328 981.179382 ) (320 -328 981.179382 ) 
4 426 445 (416 -328 887.363647 ) (416 -328 981.181885 ) (320 -328 981.181885 ) (339.111053 -328 887.363708 ) 
3 426 428 (411.500458 -236.499542 532 ) (411.500366 -249.819290 532 ) (405.321106 -256.492889 562.333984 ) 
4 426 427 (320 -328 981.183960 ) (411.500458 -236.499542 532 ) (405.321106 -256.492889 562.333984 ) (339.110779 -328 887.366333 ) 
4 427 445 (320 -328 981.181885 ) (299.359985 -328 981.181885 ) (320 -328 887.363708 ) (339.111053 -328 887.363708 ) 
3 427 428 (411.494080 -236.507294 532.009033 ) (405.317108 -256.493103 562.332336 ) (391.508179 -256.493103 562.332336 ) 
4 429 460 (416 -328 91 ) (416 -328 451 ) (32 -328 451 ) (32 -328 283 ) 
4 429 437 (416 -256 91 ) (416 -328 91 ) (32 -328 283 ) (32 -256 283 ) 
4 429 436 (32 -233.313019 283 ) (416 -233.313019 91 ) (416 -256 91 ) (32 -256 283 ) 
4 429 434 (32 -328 408.169983 ) (32 -328 451 ) (32 -327.859009 451 ) (32 -327.859009 409 ) 
12 429 431 (32 -256 282.996094 ) (32 -328 282.996094 ) (32 -328 408.169983 ) (32 -325.087799 425.313293 ) (32 -317.255341 438.982758 ) (32 -305.744751 448.242859 ) (32 -291.871063 451 ) (32 -291.861969 451 ) (32 -278.255676 448.241333 ) (32 -266.746429 438.982910 ) (32 -258.910095 425.308167 ) (32 -256 409.748627 ) 
4 430 603 (0 -320.724335 451 ) (0 -319.763245 456.657623 ) (0 -308.443695 454.362579 ) (0 -310.370422 451 ) 
4 430 601 (0 -308.443695 454.362579 ) (0 -300.212646 452.693726 ) (0 -302.318024 451 ) (0 -310.370422 451 ) 
3 430 587 (0 -300.212646 452.693726 ) (0 -291.858765 451 ) (0 -302.318024 451 ) 
4 430 435 (20 -291.861664 451 ) (0 -291.859650 451 ) (0 -319.763245 456.657440 ) (21.152355 -319.763336 456.657013 ) 
4 430 432 (21.152206 -319.763702 456.656281 ) (0 -319.763611 456.656708 ) (0 -320.724548 451 ) (20 -320.724548 451 ) 
12 431 590 (0 -327.859009 324.205444 ) (0 -327.859009 409 ) (0 -325.087524 425.315186 ) (0 -317.256439 438.982269 ) (0 -305.746033 448.242218 ) (0 -291.869110 451 ) (0 -291.858765 451 ) (0 -278.257446 448.242340 ) (0 -266.747009 438.982971 ) (0 -258.908875 425.305054 ) (0 -256 409.752136 ) (0 -256 324.221313 ) 
4 431 589 (0 -256 299 ) (0 -327.859009 299 ) (0 -327.859009 324.205444 ) (0 -256 324.221313 ) 
4 431 607 (0 -327.859009 299 ) (0 -328 299 ) (0 -328 408.170105 ) (0 -327.859009 409 ) 
4 431 434 (32 -328 408.171967 ) (32 -327.859009 409.001923 ) (11.444839 -327.859009 409.001923 ) (11.275773 -328 408.171967 ) 
4 431 433 (0 -327.859009 409.001923 ) (0 -328 408.171967 ) (11.275773 -328 408.171967 ) (11.444839 -327.859009 409.001923 ) 
4 432 605 (0 -327.859009 458.299042 ) (0 -319.763245 456.657623 ) (0 -320.724335 451 ) (0 -327.859009 451 ) 
4 432 435 (21.152355 -319.763336 456.657013 ) (0 -319.763245 456.657440 ) (0 -328 458.327454 ) (21.492537 -328 458.326996 ) 
4 432 433 (20 -327.859009 451 ) (21.486465 -327.859009 458.298615 ) (0 -327.859009 458.299072 ) (0 -327.859009 451 ) 
4 433 607 (0 -328 408.170105 ) (0 -328 458.327637 ) (0 -327.859009 458.299042 ) (0 -327.859009 409 ) 
4 433 461 (0 -328 458.327637 ) (0 -328 451 ) (20 -328 451 ) (21.492569 -328 458.327179 ) 
4 433 434 (11.277187 -328 408.183228 ) (11.446256 -327.859009 409.013184 ) (21.485628 -327.859009 458.297150 ) (21.491451 -328 458.325745 ) 
5 435 605 (0 -233.313019 1536 ) (0 -233.313019 965.565430 ) (0 -319.763245 456.657623 ) (0 -328 458.327637 ) (0 -328 1536 ) 
4 435 603 (0 -233.313019 965.565430 ) (0 -233.313019 585.483398 ) (0 -308.443695 454.362579 ) (0 -319.763245 456.657623 ) 
4 435 601 (0 -233.313019 585.483398 ) (0 -233.313019 506.513367 ) (0 -300.212585 452.693726 ) (0 -308.443695 454.362579 ) 
4 435 587 (0 -233.313019 506.513367 ) (0 -233.313019 451 ) (0 -291.858704 451 ) (0 -300.212585 452.693726 ) 
5 435 461 (0 -328 639.639954 ) (0 -328 458.327637 ) (21.492569 -328 458.327179 ) (32 -328 509.909088 ) (32 -328 639.640015 ) 
4 435 445 (32 -328 1536 ) (0 -328 1536 ) (0 -328 639.639954 ) (32 -328 639.640015 ) 
4 436 437 (32 -256 91 ) (416 -256 91 ) (416 -256 91.001953 ) (32 -256 283.001953 ) 
3 437 472 (32 -328 91 ) (416 -328 91 ) (32 -328 283 ) 
5 438 636 (464 -1024 451 ) (464 -1024 1536 ) (416 -1024 1536 ) (416 -1024 509.908936 ) (428 -1024 451 ) 
4 438 480 (416 -640 509.908936 ) (416 -688 509.908936 ) (416 -688 1536 ) (416 -640 1536 ) 
4 438 481 (416 -688 509.908936 ) (416 -1024 509.908905 ) (416 -1024 1536 ) (416 -688 1536 ) 
5 438 447 (416 -328 639.640015 ) (416 -328 509.908936 ) (416 -640 509.908936 ) (416 -640 620.440002 ) (416 -424 655 ) 
3 438 446 (416 -640 620.440002 ) (416 -640 689.559937 ) (416 -424 655 ) 
4 438 445 (416 -328 1536 ) (416 -328 639.640015 ) (416 -640 689.559937 ) (416 -640 1536 ) 
4 438 444 (464 -688 451 ) (464 -1024 451 ) (428 -1024 451 ) (428 -688 451 ) 
4 438 441 (464 -376 451 ) (464 -376.282043 451 ) (428 -376.282043 451 ) (428 -376 451 ) 
4 438 439 (428 -628 451 ) (428 -1024 451 ) (416 -1024 509.911682 ) (416 -616 509.911652 ) 
3 439 636 (416 -1024 509.908936 ) (416 -1024 451 ) (428 -1024 451 ) 
4 439 480 (416 -640 451 ) (416 -688 451 ) (416 -688 509.908936 ) (416 -640 509.908936 ) 
4 439 481 (416 -688 451 ) (416 -1024 451 ) (416 -1024 509.908905 ) (416 -688 509.908936 ) 
4 439 478 (416 -628 451 ) (416 -640 451 ) (416 -640 509.908936 ) (416 -616 509.908936 ) 
4 439 444 (416 -1024 451 ) (416 -688 451 ) (428 -688 451 ) (428 -1024 451 ) 
11 440 460 (416 -448 283 ) (416 -448 410.502716 ) (416 -445.231171 425.308990 ) (416 -437.394470 438.982452 ) (416 -425.886414 448.240509 ) (416 -412.275116 451 ) (416 -398.410522 448.245667 ) (416 -386.873413 438.963226 ) (416 -379.050964 425.314667 ) (416 -376 407.338318 ) (416 -376 283 ) 
4 440 441 (464 -376 407.337891 ) (416 -376 407.337891 ) (416 -376.282043 409 ) (464 -376.282043 409 ) 
4 441 460 (416 -376.282043 451 ) (416 -376 451 ) (416 -376 407.338318 ) (416 -376.282043 409 ) 
11 442 460 (416 -568 283 ) (416 -568 409.748474 ) (416 -565.089172 425.311646 ) (416 -557.252686 438.986053 ) (416 -545.750610 448.238708 ) (416 -532.135498 451 ) (416 -518.251648 448.241547 ) (416 -506.739655 438.979889 ) (416 -498.910919 425.315613 ) (416 -496 408.178955 ) (416 -496 283 ) 
4 442 443 (464 -496 408.166534 ) (416 -496 408.175537 ) (416 -496.140991 409.005554 ) (464 -496.140991 408.996552 ) 
4 443 460 (416 -496.140991 451 ) (416 -496 451 ) (416 -496 408.178955 ) (416 -496.140991 409.008972 ) 
4 444 636 (464 -1024 91 ) (464 -1024 451 ) (416 -1024 451 ) (416 -1024 91 ) 
4 444 486 (464 -704 91 ) (464 -1024 91 ) (416 -1024 91 ) (416 -704 91 ) 
4 444 483 (464 -688 91 ) (464 -704 91 ) (416 -704 91 ) (416 -688 91 ) 
4 444 481 (416 -688 91 ) (416 -1024 91 ) (416 -1024 451 ) (416 -688 451 ) 
4 445 625 (0 -448 658.839966 ) (0 -640 689.559937 ) (0 -640 1536 ) (0 -448 1536 ) 
4 445 623 (0 -328 1536 ) (0 -328 639.640015 ) (0 -448 658.839966 ) (0 -448 1536 ) 
4 445 480 (416 -640 689.559937 ) (416 -640 1536 ) (0 -640 1536 ) (0 -640 689.559937 ) 
4 445 465 (0 -424.001221 655 ) (0 -406.429291 652.188293 ) (32 -406.429291 652.188293 ) (32 -424.001221 655 ) 
4 445 462 (0 -406.429291 652.188293 ) (0 -376 647.319641 ) (32 -376 647.319641 ) (32 -406.429291 652.188293 ) 
4 445 461 (0 -376 647.319641 ) (0 -328 639.639648 ) (32 -328 639.639648 ) (32 -376 647.319641 ) 
5 445 457 (299 -349 643 ) (280.600189 -424.001221 655 ) (223.996429 -424.001221 655 ) (223.988510 -423.993286 654.998535 ) (298.982117 -349 643 ) 
4 445 456 (143.847382 -328 639.639648 ) (304.152466 -328 639.639648 ) (299 -349 643 ) (149 -349 643 ) 
3 445 455 (127.995468 -328 639.639648 ) (143.847382 -328 639.639648 ) (149 -349.005249 643 ) 
4 445 454 (107.444305 -328 639.639648 ) (127.995468 -328 639.639648 ) (223.996429 -424.001221 655 ) (117.568085 -424.001221 655 ) 
4 445 452 (304.152466 -328 639.639648 ) (340.555634 -328 639.639648 ) (330.431946 -424.001221 655 ) (280.600189 -424.001221 655 ) 
4 445 450 (58.426598 -328 639.639648 ) (107.444305 -328 639.639648 ) (117.568085 -424.001221 655 ) (61.555511 -424.001221 655 ) 
4 445 449 (32 -328 639.639648 ) (58.426598 -328 639.639648 ) (61.555511 -424.001221 655 ) (32 -424.001221 655 ) 
4 445 448 (340.555634 -328 639.639648 ) (389.573364 -328 639.639648 ) (386.444427 -424.001221 655 ) (330.431946 -424.001221 655 ) 
4 445 447 (389.573364 -328 639.639648 ) (416 -328 639.639648 ) (416 -424.001221 655 ) (386.444427 -424.001221 655 ) 
4 445 446 (416 -640 689.559570 ) (0 -640 689.559570 ) (0 -424.001221 655 ) (416 -424.001221 655 ) 
4 446 625 (0 -640 620.440002 ) (0 -640 689.559937 ) (0 -448 658.839966 ) (0 -448 651.160034 ) 
3 446 623 (0 -448 658.839966 ) (0 -424 655 ) (0 -448 651.160034 ) 
4 446 480 (416 -640 620.440002 ) (416 -640 689.559937 ) (0 -640 689.559937 ) (0 -640 620.440002 ) 
4 446 478 (393.484406 -640 620.440002 ) (54.515533 -640 620.440002 ) (55.297775 -616 624.279968 ) (392.702179 -616 624.279968 ) 
4 446 477 (54.515533 -640 620.440002 ) (0 -640 620.440002 ) (0 -616 624.279968 ) (55.297775 -616 624.279968 ) 
4 446 469 (0 -616 624.279968 ) (0 -496 643.479858 ) (32 -496 643.479858 ) (32 -616 624.279968 ) 
4 446 468 (0 -496 643.479858 ) (0 -448 651.159851 ) (32 -448 651.159851 ) (32 -496 643.479858 ) 
4 446 465 (0 -447.717987 651.204956 ) (0 -424.001953 655 ) (32 -424.001953 655 ) (32 -447.717987 651.204956 ) 
4 446 466 (0 -448 651.159851 ) (0 -447.717987 651.204956 ) (32 -447.717987 651.204956 ) (32 -448 651.159851 ) 
5 446 457 (223.994476 -424.001953 655 ) (280.600647 -424.001953 655 ) (299 -499 643 ) (298.980408 -499 643 ) (223.988495 -424.007935 654.998535 ) 
4 446 454 (117.567894 -424.001953 655 ) (223.994476 -424.001953 655 ) (148.996872 -499 643 ) (109.659012 -499 643 ) 
4 446 453 (299 -499 643 ) (309.789490 -542.978760 635.963318 ) (105.021286 -542.978760 635.963318 ) (109.659012 -499 643 ) 
4 446 452 (280.600647 -424.001953 655 ) (330.432098 -424.001953 655 ) (342.978699 -542.978760 635.963318 ) (309.789490 -542.978760 635.963318 ) 
4 446 451 (342.978699 -542.978760 635.963318 ) (350.679077 -616 624.279968 ) (97.320892 -616 624.279968 ) (105.021286 -542.978760 635.963318 ) 
4 446 450 (61.555466 -424.001953 655 ) (117.567894 -424.001953 655 ) (97.320892 -616 624.279968 ) (55.297791 -616 624.279968 ) 
4 446 449 (32 -424.001953 655 ) (61.555466 -424.001953 655 ) (55.297791 -616 624.279968 ) (32 -616 624.279968 ) 
4 446 448 (330.432098 -424.001953 655 ) (386.444489 -424.001953 655 ) (392.702179 -616 624.279968 ) (350.679077 -616 624.279968 ) 
4 446 447 (416 -640 620.440002 ) (393.484406 -640 620.440002 ) (386.444489 -424.001953 655 ) (416 -424.001953 655 ) 
3 447 480 (416 -640 509.908997 ) (416 -640 620.440002 ) (393.484406 -640 620.440002 ) 
4 447 478 (416 -640 509.914063 ) (393.485107 -640 620.437500 ) (392.702881 -616 624.277466 ) (416 -616 509.913971 ) 
4 447 458 (416 -615.998901 509.913971 ) (416 -616 509.913971 ) (412.891693 -616 525.172485 ) (411.501190 -611.501160 531.998291 ) 
3 447 451 (412.891693 -616 525.172485 ) (411.501190 -616 531.998291 ) (411.501190 -611.501160 531.998291 ) 
5 447 448 (392.702881 -616 624.277466 ) (386.445068 -423.996094 654.998047 ) (389.573822 -328 639.638672 ) (411.501007 -328 531.998413 ) (411.501190 -616 531.998291 ) 
3 448 478 (411.495575 -616 532.006653 ) (392.699219 -616 624.277344 ) (350.680786 -616 624.277344 ) 
5 448 452 (367.997681 -568 598.001404 ) (342.977264 -542.978638 635.963440 ) (330.430420 -424 655 ) (340.554108 -328 639.639954 ) (367.997650 -328 598.001526 ) 
4 448 451 (411.496094 -611.497437 532.003906 ) (411.496094 -616 532.003906 ) (350.677704 -616 624.280029 ) (342.977264 -542.978638 635.963440 ) 
3 449 477 (55.297241 -616 624.277344 ) (32 -616 624.277344 ) (32 -616 509.909088 ) 
4 449 469 (32 -616 509.909088 ) (32 -616 624.280029 ) (32 -496 643.480042 ) (32 -496 509.909088 ) 
4 449 468 (32 -496 643.480042 ) (32 -448 651.160034 ) (32 -448 509.909088 ) (32 -496 509.909088 ) 
5 449 465 (32 -447.717987 651.205139 ) (32 -424 655 ) (32 -406.429230 652.188660 ) (32 -430.585541 509.909088 ) (32 -447.717987 509.909088 ) 
4 449 466 (32 -448 651.160034 ) (32 -447.717987 651.205139 ) (32 -447.717987 509.909088 ) (32 -448 509.909088 ) 
4 449 462 (32 -406.429230 652.188660 ) (32 -376 647.319946 ) (32 -376 509.909058 ) (32 -430.585541 509.909088 ) 
4 449 461 (32 -376 647.319946 ) (32 -328 639.639954 ) (32 -328 509.909058 ) (32 -376 509.909058 ) 
3 449 458 (32 -616 509.909637 ) (36.499832 -611.500122 532 ) (35.109070 -616 525.172363 ) 
3 449 451 (36.499832 -611.500122 532 ) (36.499832 -616 532 ) (35.109070 -616 525.172363 ) 
5 449 450 (36.499828 -328 532 ) (58.426559 -328 639.640015 ) (61.555450 -424 655 ) (55.297676 -616 624.280029 ) (36.499832 -616 532 ) 
3 450 478 (97.319153 -616 624.277344 ) (55.297241 -616 624.277344 ) (36.499992 -616 532 ) 
4 450 455 (80.001701 -328 598.001099 ) (105.022476 -328 635.963928 ) (105.022522 -509.788544 635.963989 ) (80 -568 598 ) 
5 450 454 (105.022476 -328 635.963928 ) (107.445335 -328 639.640015 ) (117.568916 -424 655 ) (109.659889 -499 643 ) (105.022522 -509.788544 635.963989 ) 
3 450 453 (109.659889 -499 643 ) (105.022156 -542.978699 635.963440 ) (80 -568 598 ) 
4 450 451 (36.496094 -616 531.992188 ) (36.496094 -611.505188 531.992188 ) (105.022156 -542.978699 635.963440 ) (97.321777 -616 624.280029 ) 
6 451 478 (412.887787 -616 525.172363 ) (411.495575 -616 532.006653 ) (350.680786 -616 624.277344 ) (97.319153 -616 624.277344 ) (36.499992 -616 532 ) (35.109192 -616 525.172424 ) 
4 451 458 (35.107914 -616 525.170105 ) (36.498634 -611.500488 531.997192 ) (411.501282 -611.501282 531.993347 ) (412.891724 -616 525.167725 ) 
4 451 453 (79.998413 -567.997681 598.001526 ) (105.018929 -542.977173 635.963684 ) (309.788666 -542.976135 635.963867 ) (367.995239 -567.995361 598.002991 ) 
3 451 452 (309.788666 -542.976135 635.963867 ) (342.978485 -542.975952 635.963867 ) (368 -567.997559 598 ) 
5 452 457 (299.001953 -499 643 ) (280.601959 -424 655 ) (299.002045 -349 643 ) (299.009216 -348.992798 642.995300 ) (299.009247 -499.007233 642.995239 ) 
3 452 456 (299.002045 -349 643 ) (304.154053 -328 639.639954 ) (320.002045 -328 629.304321 ) 
4 452 453 (367.998413 -567.998718 598.002380 ) (309.791504 -542.979004 635.963379 ) (299.001953 -499 643 ) (367.998413 -567.996338 598.002380 ) 
4 453 455 (80 -568 598 ) (105.020950 -509.789368 635.963745 ) (148.996643 -499 643 ) (149 -499 643 ) 
3 453 454 (105.020950 -509.789368 635.963745 ) (109.658272 -499 643 ) (148.996643 -499 643 ) 
5 454 455 (148.998901 -499.001648 643 ) (105.021301 -509.790833 635.963318 ) (105.021309 -328 635.963318 ) (128 -328 639.640015 ) (149 -349 643 ) 
3 455 456 (128.001770 -328 629.304321 ) (143.850052 -328 639.640137 ) (149.002167 -349 643 ) 
4 458 478 (415.997070 -616 509.908905 ) (412.887787 -616 525.172363 ) (35.109192 -616 525.172424 ) (32 -616 509.909088 ) 
4 459 460 (32 -616 451 ) (32 -328 451 ) (416 -328 451 ) (416 -616 451 ) 
10 460 479 (416 -616 91 ) (416 -616 259 ) (401.224976 -616 333.581055 ) (359.467896 -616 396.042236 ) (298.053650 -616 438.392944 ) (224.013153 -616 450.997772 ) (151.419540 -616 438.383392 ) (90.049797 -616 396.064240 ) (48.276745 -616 333.582764 ) (36.722393 -616 280.638794 ) 
4 460 476 (416 -616 91 ) (32 -616 283 ) (32 -568 283 ) (416 -568 91 ) 
4 460 475 (32 -568 283 ) (32 -496 283 ) (416 -496 91 ) (416 -568 91 ) 
4 460 474 (32 -496 283 ) (32 -448 283 ) (416 -448 91 ) (416 -496 91 ) 
4 460 473 (32 -448 283 ) (32 -376 283 ) (416 -376 91 ) (416 -448 91 ) 
4 460 472 (32 -376 283 ) (32 -328 283 ) (416 -328 91 ) (416 -376 91 ) 
4 460 471 (32 -567.718018 282.996094 ) (32 -568 282.996094 ) (32 -568 451 ) (32 -567.718018 451 ) 
11 460 470 (32 -496 282.996094 ) (32 -567.718018 282.996094 ) (32 -567.718018 409 ) (32 -564.947571 425.315216 ) (32 -557.115173 438.979706 ) (32 -545.606323 448.241364 ) (32 -531.723083 451 ) (32 -518.118591 448.241547 ) (32 -506.598083 438.972900 ) (32 -498.771484 425.315613 ) (32 -496 410.502014 ) 
4 460 467 (32 -448 419.996613 ) (32 -448 451 ) (32 -447.717987 451 ) (32 -447.717987 420.488678 ) 
4 460 464 (32 -448 407.338959 ) (32 -448 419.996613 ) (32 -447.717987 420.488678 ) (32 -447.717987 409 ) 
11 460 463 (32 -376 282.996094 ) (32 -448 282.996094 ) (32 -448 407.338959 ) (32 -444.946381 425.324554 ) (32 -437.127075 438.967651 ) (32 -425.595032 448.244598 ) (32 -411.727112 451 ) (32 -398.114105 448.240326 ) (32 -386.604462 438.981049 ) (32 -378.770172 425.308533 ) (32 -376 410.497040 ) 
4 461 623 (0 -328 639.640015 ) (0 -328 467.635437 ) (0 -376 458.098328 ) (0 -376 647.320007 ) 
4 461 620 (0 -328 467.635437 ) (0 -328 451 ) (0 -376 451 ) (0 -376 458.098328 ) 
5 461 462 (32 -376 509.909088 ) (32 -376 647.319946 ) (0 -376 647.319946 ) (0 -376 451 ) (20 -376 451 ) 
5 462 623 (0 -440.587189 451 ) (0 -406.429230 652.188660 ) (0 -376 647.320007 ) (0 -376 458.098328 ) (0 -411.725739 451 ) 
3 462 620 (0 -376 458.098328 ) (0 -376 451 ) (0 -411.725739 451 ) 
5 462 465 (32 -430.585419 509.909088 ) (32 -406.429138 652.188660 ) (0 -406.429138 652.188660 ) (0 -440.587036 451 ) (20 -440.587036 451 ) 
11 463 621 (0 -376 299 ) (0 -447.717987 299 ) (0 -447.717987 409 ) (0 -444.946686 425.322754 ) (0 -437.125458 438.969238 ) (0 -425.595978 448.244141 ) (0 -411.725739 451 ) (0 -398.114044 448.240631 ) (0 -386.600037 438.977844 ) (0 -378.770386 425.313446 ) (0 -376 410.500702 ) 
4 463 622 (0 -447.717987 299 ) (0 -448 299 ) (0 -448 407.338898 ) (0 -447.717987 409 ) 
4 463 464 (0 -448 407.337891 ) (32 -448 407.337891 ) (32 -447.717987 408.998932 ) (0 -447.717987 408.998932 ) 
4 464 622 (0 -448 407.338898 ) (0 -448 419.995331 ) (0 -447.717987 420.487396 ) (0 -447.717987 409 ) 
4 464 467 (13.684532 -448 419.996796 ) (32 -448 419.997559 ) (32 -447.717987 420.489594 ) (13.784763 -447.717987 420.488861 ) 
4 464 466 (0 -448 419.996246 ) (13.684532 -448 419.996796 ) (13.784763 -447.717987 420.488861 ) (0 -447.717987 420.488281 ) 
5 465 623 (0 -447.717987 651.205139 ) (0 -424 655 ) (0 -406.429230 652.188660 ) (0 -440.587189 451 ) (0 -447.717987 451 ) 
5 465 466 (20 -447.717987 451 ) (32 -447.717987 509.906616 ) (32 -447.717987 651.205078 ) (0 -447.717987 651.205078 ) (0 -447.717987 451 ) 
4 466 624 (0 -448 443.792664 ) (0 -448 451 ) (0 -447.717987 451 ) (0 -447.717987 443.848694 ) 
4 466 623 (0 -448 451 ) (0 -448 651.160034 ) (0 -447.717987 651.205139 ) (0 -447.717987 451 ) 
4 466 622 (0 -448 419.995331 ) (0 -448 443.792664 ) (0 -447.717987 443.848694 ) (0 -447.717987 420.487396 ) 
5 466 468 (32 -448 509.909058 ) (32 -448 651.159973 ) (0 -448 651.159912 ) (0 -448 451 ) (20 -448 451 ) 
4 466 467 (20 -448 451 ) (13.684570 -448 420 ) (13.784825 -447.717987 420.492249 ) (20 -447.717987 451 ) 
4 468 625 (0 -496 451 ) (0 -496 643.480042 ) (0 -448 651.160034 ) (0 -448 451 ) 
5 468 469 (32 -496 509.909088 ) (32 -496 643.480042 ) (0 -496 643.480042 ) (0 -496 451 ) (20 -496 451 ) 
4 469 625 (0 -616 451 ) (0 -616 624.280029 ) (0 -496 643.480042 ) (0 -496 451 ) 
5 469 477 (32 -616 624.277344 ) (0 -616 624.277344 ) (0 -616 451 ) (20 -616 451 ) (32 -616 509.909088 ) 
4 469 471 (20 -567.718018 451 ) (20 -568 451 ) (0 -568 451 ) (0 -567.718018 451 ) 
11 470 626 (0 -496 299 ) (0 -567.718018 299 ) (0 -567.718018 409 ) (0 -564.947754 425.314087 ) (0 -557.116028 438.977386 ) (0 -545.603210 448.242249 ) (0 -531.724365 451 ) (0 -518.118286 448.241638 ) (0 -506.602142 438.976532 ) (0 -498.770477 425.310364 ) (0 -496 410.502167 ) 
4 470 471 (32 -567.718018 283.003906 ) (32 -567.718018 409 ) (0 -567.718018 409 ) (0 -567.718018 299.003540 ) 
4 471 627 (0 -567.718018 299 ) (0 -568 299 ) (0 -568 451 ) (0 -567.718018 451 ) 
4 472 473 (32 -376 91 ) (416 -376 91 ) (416 -376 91.001953 ) (32 -376 283.001953 ) 
4 473 474 (32 -448 91 ) (416 -448 91 ) (416 -448 91.001953 ) (32 -448 283.001953 ) 
4 474 475 (32 -496 91 ) (416 -496 91 ) (416 -496 91.001953 ) (32 -496 283.001953 ) 
3 475 482 (416 -496 91 ) (416 -544 91 ) (368 -544 91 ) 
4 475 483 (416 -544 91 ) (416 -568 91 ) (32 -568 91 ) (32 -544 91 ) 
4 475 476 (32 -568 91 ) (416 -568 91 ) (416 -568 91.001953 ) (32 -568 283.001953 ) 
4 476 483 (32 -568 91 ) (416 -568 91 ) (416 -616 91 ) (32 -616 91 ) 
4 476 479 (32 -616 91 ) (416 -616 91 ) (36.722382 -616 280.638794 ) (32 -616 259 ) 
4 477 625 (0 -640 451 ) (0 -640 620.440002 ) (0 -616 624.280029 ) (0 -616 451 ) 
4 477 480 (54.515533 -640 620.440002 ) (0 -640 620.440002 ) (0 -640 451 ) (20 -640 451 ) 
5 477 478 (20 -640 451 ) (20 -628 451 ) (32 -616 509.908936 ) (55.297787 -616 624.280029 ) (54.515560 -640 620.440002 ) 
5 478 480 (416 -640 451 ) (416 -640 509.908997 ) (393.484406 -640 620.440002 ) (54.515533 -640 620.440002 ) (20 -640 451 ) 
4 479 483 (32 -616 91 ) (416 -616 91 ) (416 -640 91 ) (32 -640 91 ) 
4 480 625 (0 -688 1536 ) (0 -640 1536 ) (0 -640 451 ) (0 -688 451 ) 
4 480 481 (416 -688 451 ) (416 -688 1536 ) (0 -688 1536 ) (0 -688 451 ) 
4 481 636 (0 -1024 1536 ) (0 -1024 91 ) (416 -1024 91 ) (416 -1024 1536 ) 
4 481 628 (0 -1024 91 ) (0 -1024 451 ) (0 -688 451 ) (0 -688 91 ) 
4 481 625 (0 -1024 451 ) (0 -1024 1536 ) (0 -688 1536 ) (0 -688 451 ) 
4 481 486 (0 -1024 91 ) (0 -704 91 ) (416 -704 91 ) (416 -1024 91 ) 
4 481 483 (0 -704 91 ) (0 -688 91 ) (416 -688 91 ) (416 -704 91 ) 
3 482 485 (448 -544 43 ) (368 -544 43 ) (448 -464 43 ) 
4 482 484 (464 -448 43 ) (464 -544 43 ) (448 -544 43 ) (448 -464 43 ) 
4 482 483 (368 -544 43 ) (464 -544 43 ) (464 -544 91 ) (368 -544 91 ) 
4 483 630 (0 -704 91 ) (0 -544 91 ) (0 -544 43 ) (0 -704 43 ) 
4 483 486 (464 -704 43 ) (464 -704 91 ) (0 -704 91 ) (0 -704 43 ) 
4 483 485 (448 -704 43 ) (0 -704 43 ) (0 -544 43 ) (448 -544 43 ) 
4 483 484 (464 -704 43 ) (448 -704 43 ) (448 -544 43 ) (464 -544 43 ) 
4 484 487 (448 0 -832 ) (464 0 -832 ) (464 -704 -832 ) (448 -704 -832 ) 
4 484 486 (464 -704 0 ) (464 -704 43 ) (448 -704 43 ) (448 -704 0 ) 
4 484 485 (448 -704 0 ) (448 -704 43 ) (448 0 43 ) (448 0 0 ) 
4 485 632 (0 -208 0 ) (0 -704 0 ) (0 -704 43 ) (0 -208 43 ) 
4 485 541 (0 0 43 ) (0 0 0 ) (0 -208 0 ) (0 -208 43 ) 
4 485 486 (448 -704 0 ) (448 -704 43 ) (0 -704 43 ) (0 -704 0 ) 
4 486 636 (464 -1024 0 ) (464 -1024 91 ) (0 -1024 91 ) (0 -1024 0 ) 
4 486 633 (0 -1024 0 ) (0 -1024 91 ) (0 -704 91 ) (0 -704 0 ) 
4 487 638 (464 -1024 -1792 ) (464 -1024 -832 ) (0 -1024 -832 ) (0 -1024 -1792 ) 
4 487 634 (0 -1024 -1792 ) (0 -1024 -832 ) (0 -208 -832 ) (0 -208 -1792 ) 
4 487 542 (0 -208 -832 ) (0 0 -832 ) (0 0 -1792 ) (0 -208 -1792 ) 
4 488 613 (-136 -208 1536 ) (-166.981445 -208 1536 ) (-320.756073 -208 781.106567 ) (-136 -208 660.613647 ) 
4 488 612 (-166.981445 -208 1536 ) (-400 -208 1536 ) (-400 -208 832.787354 ) (-320.756073 -208 781.106567 ) 
4 488 610 (-88 -208 1536 ) (-136 -208 1536 ) (-136 -208 660.613647 ) (-88 -208 629.309326 ) 
4 488 605 (0 -208 1114.575928 ) (0 -208 1536 ) (-16 -208 1536 ) (-16 -208 1114.575928 ) 
4 488 606 (-16 -208 1536 ) (-88 -208 1536 ) (-88 -208 1114.575806 ) (-16 -208 1114.575928 ) 
4 488 603 (0 -208 629.660583 ) (0 -208 1114.575928 ) (-16 -208 1114.575928 ) (-16 -208 629.661255 ) 
4 488 604 (-16 -208 1114.575928 ) (-88 -208 1114.575806 ) (-88 -208 629.664368 ) (-16 -208 629.661255 ) 
4 488 601 (0 -208 571.918152 ) (0 -208 629.660583 ) (-16 -208 629.661255 ) (-16 -208 582.352905 ) 
4 488 602 (-16 -208 629.661255 ) (-88 -208 629.664368 ) (-88 -208 629.309326 ) (-16 -208 582.352905 ) 
4 488 576 (-400 -208 832.787415 ) (-400 -208 1536 ) (-400 -88 1536 ) (-400 -88 832.787354 ) 
4 488 546 (-400 -39.431923 913.994019 ) (-400 -88 1000 ) (-400 -88 1081 ) (-400 -16 955 ) 
4 488 545 (-400 -88 1536 ) (-400 0 1536 ) (-400 0 927 ) (-400 -88 1081 ) 
4 488 544 (-400 -85.838303 832.787354 ) (-400 -88 832.787354 ) (-400 -88 1000 ) (-400 -39.432369 913.994873 ) 
5 488 534 (-123.462769 0 652.439941 ) (-108.976624 0 642.992493 ) (-108.976707 -91.011513 642.992554 ) (-108.988136 -91 643 ) (-127.388123 -16 655 ) 
3 488 532 (-108.988136 -91 643 ) (-138.538452 -61.449799 662.271912 ) (-127.388123 -16 655 ) 
4 488 531 (-78.720085 -121.268105 623.259949 ) (-78.720100 -208 623.259949 ) (-174.492111 -208 685.719910 ) (-138.538452 -61.449799 662.271912 ) 
5 488 526 (0 -160.886124 571.920837 ) (0 -177.188507 571.920837 ) (-39.988209 -160 598 ) (-40.008915 -159.979202 598.013550 ) (-40.009007 -143.490921 598.013672 ) 
4 488 525 (-39.988209 -160 598 ) (-78.720085 -143.351349 623.259949 ) (-78.720085 -126.660027 623.259949 ) (-69.180496 -130.807678 617.038513 ) 
4 488 524 (0 -177.188507 571.920837 ) (0 -208 571.920837 ) (-78.720100 -208 623.259949 ) (-78.720085 -143.351349 623.259949 ) 
3 488 523 (-69.180534 -130.807648 617.038513 ) (-78.720085 -126.660027 623.259949 ) (-78.720085 -121.268105 623.259949 ) 
4 488 522 (-40.008991 0 598.013611 ) (0 0 571.920837 ) (0 -160.886124 571.920837 ) (-40.008972 -143.490936 598.013611 ) 
4 488 489 (-400 -208 832.790161 ) (-400 0 832.790161 ) (-123.462769 0 652.439941 ) (-174.492111 -208 685.719910 ) 
3 489 613 (-174.496307 -208 685.719910 ) (-320.756042 -208 781.106567 ) (-340.186646 -208 685.719971 ) 
4 489 612 (-320.756042 -208 781.106567 ) (-400 -208 832.787354 ) (-400 -208 685.719971 ) (-340.186646 -208 685.719971 ) 
4 489 580 (-400 -208 685.719971 ) (-400 -208 745 ) (-400 -136 745 ) (-400 -136 674.199951 ) 
5 489 576 (-400 -208 745 ) (-400 -208 832.787415 ) (-400 -88 832.787354 ) (-400 -88 829.004517 ) (-400 -136.004303 745 ) 
3 489 544 (-400 -88 832.787354 ) (-400 -85.838303 832.787354 ) (-400 -88 829.004517 ) 
4 489 547 (-400 0 745 ) (-400 0 652.439941 ) (-400 -88 666.519958 ) (-400 -88 745 ) 
5 489 534 (-123.467720 0 652.439941 ) (-127.393074 -16 655 ) (-183.997314 -16 655 ) (-184.010254 -15.987124 654.997864 ) (-168.023331 0 652.439941 ) 
4 489 533 (-183.997314 -16 655 ) (-248 -16 655 ) (-234.346619 0 652.439941 ) (-199.997223 0 652.439941 ) 
4 489 532 (-127.393074 -16 655 ) (-138.543411 -61.449768 662.271912 ) (-286.783752 -61.449776 662.271912 ) (-248 -16 655 ) 
5 489 531 (-138.543411 -61.449768 662.271912 ) (-174.497101 -208 685.719971 ) (-340.186646 -208 685.719971 ) (-342.822723 -127.120415 672.779236 ) (-286.783752 -61.449776 662.271912 ) 
3 489 530 (-244.529968 0 652.439941 ) (-234.346619 0 652.439941 ) (-242.256027 -9.268837 653.922974 ) 
4 489 527 (-342.822723 -127.120415 672.779236 ) (-346.965942 0 652.439941 ) (-244.529968 0 652.439941 ) (-242.256027 -9.268837 653.922974 ) 
4 489 490 (-340.186646 -208 685.719971 ) (-400 -208 685.719971 ) (-400 0 652.439941 ) (-346.965942 0 652.439941 ) 
4 490 612 (-340.186646 -208 685.719971 ) (-400 -208 685.719971 ) (-400 -208 451 ) (-388 -208 451 ) 
4 490 581 (-400 -208 451 ) (-400 -208 619 ) (-400 -136 619 ) (-400 -136 451 ) 
4 490 580 (-400 -208 619 ) (-400 -208 685.719971 ) (-400 -136 674.199951 ) (-400 -136 619 ) 
4 490 547 (-400 -88 666.519958 ) (-400 0 652.439941 ) (-400 0 619 ) (-400 -88 619 ) 
3 490 531 (-342.822754 -127.133720 672.779175 ) (-340.187134 -208 685.717773 ) (-342.822784 -208 672.779175 ) 
5 490 527 (-355.436829 0 610.855591 ) (-346.966370 0 652.437805 ) (-342.822754 -127.133720 672.779175 ) (-342.822784 -208 672.779175 ) (-355.436829 -208 610.855591 ) 
3 490 517 (-362.659607 -208 575.398254 ) (-367.736450 -208 550.475586 ) (-362.659607 -170.154541 575.398254 ) 
5 490 516 (-355.436829 -134.929611 610.855591 ) (-355.436829 -208 610.855591 ) (-362.659607 -208 575.398254 ) (-362.659607 -170.154541 575.398254 ) (-359.888885 -149.500031 589 ) 
3 490 513 (-355.436829 -116.311890 610.855591 ) (-355.436829 -134.929611 610.855591 ) (-359.888885 -149.500031 589 ) 
4 490 512 (-366.456177 0 556.760620 ) (-362.659607 0 575.398254 ) (-362.659607 -170.154495 575.398254 ) (-366.456177 -198.456177 556.760559 ) 
3 490 511 (-372.890808 -208 525.172363 ) (-376 -208 509.909058 ) (-371.499969 -203.499878 532 ) 
3 490 510 (-371.499969 -208 532 ) (-372.890808 -208 525.172363 ) (-371.499969 -203.499878 532 ) 
5 490 509 (-366.456177 -184.732651 556.760559 ) (-366.456177 -198.456177 556.760559 ) (-367.736450 -208 550.475586 ) (-371.499969 -208 532 ) (-371.500000 -190.179977 532 ) 
4 490 507 (-366.456177 -170.992920 556.760559 ) (-366.456177 -184.732651 556.760559 ) (-371.500000 -190.179977 532 ) (-371.500000 -187.499969 532 ) 
4 490 506 (-371.500000 0 532 ) (-366.456177 0 556.760620 ) (-366.456177 -170.992920 556.760559 ) (-371.499969 -187.499893 532 ) 
4 490 491 (-362.659607 0 575.398254 ) (-355.436829 0 610.855591 ) (-355.436829 -116.311890 610.855591 ) (-362.659607 -170.154495 575.398254 ) 
4 491 527 (-355.437073 0 610.855957 ) (-355.437073 -116.311394 610.855957 ) (-289.268097 -97.471634 623.262634 ) (-289.268188 0 623.262634 ) 
3 491 516 (-359.890167 -149.504166 588.993774 ) (-362.659637 -170.149200 575.398254 ) (-341.813324 -149.504135 588.993774 ) 
4 491 513 (-289.268921 -97.467026 623.262085 ) (-355.436829 -116.306503 610.855591 ) (-359.890167 -149.504166 588.993774 ) (-341.813324 -149.504135 588.993774 ) 
4 491 512 (-327.995605 -135.821411 598.006653 ) (-362.659302 -170.150452 575.399719 ) (-362.659576 0 575.399597 ) (-327.995636 0 598.006653 ) 
4 492 536 (-232 -208 451 ) (-374.687012 -208 451 ) (-374.687012 0 451 ) (-232 0 451 ) 
4 492 535 (0 -208 451 ) (-232 -208 451 ) (-232 0 451 ) (0 0 451 ) 
4 493 522 (-21.466616 -162.246414 569.880310 ) (-17.592367 -163.947311 567.328979 ) (-17.592360 0 567.328918 ) (-21.466562 0 569.880249 ) 
4 493 501 (-17.591890 0 567.328796 ) (-17.591890 -163.947479 567.328796 ) (-16.493101 -167.277145 562.334290 ) (-16.493099 0 562.334290 ) 
3 493 498 (-16.487335 -167.284241 562.325500 ) (-17.587891 -163.949219 567.328125 ) (-21.468794 -162.245560 569.883606 ) 
4 494 518 (-330.250427 -178.537247 569.874451 ) (-331.949982 -182.408463 567.325134 ) (-36.050575 -182.408295 567.325928 ) (-37.750404 -178.536469 569.875671 ) 
3 494 508 (-331.946014 -182.407425 567.329834 ) (-330.244904 -178.532608 569.881470 ) (-335.275848 -183.506348 562.335083 ) 
3 494 497 (-37.758930 -178.533173 569.880615 ) (-36.057983 -182.407547 567.329224 ) (-32.728737 -183.506195 562.335327 ) 
4 494 495 (-32.719704 -183.507492 562.333435 ) (-36.049744 -182.408585 567.328491 ) (-331.947662 -182.408585 567.328552 ) (-335.277771 -183.507523 562.333435 ) 
5 495 613 (-136 -208 550.475586 ) (-343.182983 -208 550.475586 ) (-359.500000 -208 526 ) (-359.682098 -208 525.172424 ) (-136 -208 525.172363 ) 
4 495 610 (-88 -208 550.475586 ) (-136 -208 550.475586 ) (-136 -208 525.172363 ) (-88 -208 525.172363 ) 
3 495 601 (-9.084900 -208 526.877380 ) (-16 -208 537.250061 ) (-16 -208 526.877441 ) 
5 495 602 (-16 -208 537.250061 ) (-24.817036 -208 550.475586 ) (-88 -208 550.475586 ) (-88 -208 526.878235 ) (-16 -208 526.877441 ) 
4 495 597 (-67.831619 -208 526.877991 ) (-88 -208 526.878235 ) (-88 -208 525.172363 ) (-68.121414 -208 525.172363 ) 
5 495 587 (-8.317924 -208 525.172363 ) (-8.499998 -208 526 ) (-9.084900 -208 526.877380 ) (-67.831619 -208 526.877991 ) (-68.121414 -208 525.172363 ) 
4 495 518 (-331.949982 -182.408463 567.325134 ) (-343.185272 -208 550.472168 ) (-24.815155 -208 550.472778 ) (-36.050575 -182.408295 567.325928 ) 
5 495 510 (-343.181519 -208 550.476624 ) (-331.946014 -182.407425 567.329834 ) (-335.275848 -183.506348 562.335083 ) (-359.500336 -207.455551 525.998413 ) (-359.500336 -208 525.998413 ) 
3 495 505 (-359.500488 -208 525.998047 ) (-359.500488 -207.455811 525.998047 ) (-359.682129 -208 525.172363 ) 
3 495 502 (-8.499331 -208 526 ) (-8.317465 -208 525.172363 ) (-8.499331 -207.455154 526 ) 
5 495 499 (-8.500000 -208 525.992188 ) (-8.500000 -207.459686 525.992188 ) (-32.728737 -183.506195 562.335327 ) (-36.057983 -182.407547 567.329224 ) (-24.822283 -208 550.475647 ) 
6 495 496 (-12.508247 -203.498276 532.008484 ) (-8.498720 -207.462234 525.994202 ) (-8.319218 -208 525.178284 ) (-359.679901 -208 525.178162 ) (-359.498657 -207.457031 526.001953 ) (-355.494415 -203.498291 532.008362 ) 
4 496 613 (-136 -208 525.172363 ) (-359.682098 -208 525.172424 ) (-363.040009 -208 509.909058 ) (-136 -208 509.909058 ) 
4 496 610 (-88 -208 525.172363 ) (-136 -208 525.172363 ) (-136 -208 509.909058 ) (-88 -208 509.909058 ) 
4 496 597 (-68.121414 -208 525.172363 ) (-88 -208 525.172363 ) (-88 -208 509.909058 ) (-70.714630 -208 509.909058 ) 
4 496 587 (-4.959995 -208 509.909058 ) (-8.317924 -208 525.172363 ) (-68.121414 -208 525.172363 ) (-70.714630 -208 509.909058 ) 
3 496 511 (-359.500336 -204.722549 525.998413 ) (-359.500336 -207.455551 525.998413 ) (-355.499329 -203.500015 532 ) 
4 496 505 (-359.500488 -207.455811 525.998047 ) (-359.500488 -204.722610 525.998047 ) (-363.040070 -208 509.909088 ) (-359.682129 -208 525.172363 ) 
4 496 503 (-8.317465 -208 525.172363 ) (-4.959538 -208 509.909058 ) (-8.499331 -204.722397 526 ) (-8.499331 -207.455154 526 ) 
3 496 500 (-8.500000 -207.459686 525.992188 ) (-8.500000 -204.723816 525.992188 ) (-12.505180 -203.500000 532 ) 
3 497 524 (-21.466942 -178.533264 569.880554 ) (-17.592369 -182.407852 567.328979 ) (-17.592369 -180.214966 567.328979 ) 
5 497 518 (-17.593018 -182.399170 567.331909 ) (-21.455671 -178.536514 569.875610 ) (-37.750404 -178.536469 569.875671 ) (-36.050575 -182.408295 567.325928 ) (-17.591694 -182.408310 567.325867 ) 
3 497 502 (-17.591890 -180.215073 567.328796 ) (-17.591890 -182.408066 567.328796 ) (-16.493120 -183.506836 562.334412 ) 
4 497 499 (-36.054100 -182.407486 567.329224 ) (-32.724960 -183.506104 562.335510 ) (-16.493828 -183.506058 562.335571 ) (-17.592428 -182.407455 567.329224 ) 
5 497 498 (-17.593479 -180.218231 567.329895 ) (-16.496094 -183.505859 562.341797 ) (-16.498068 -183.505859 562.341797 ) (-21.463835 -178.540054 569.876099 ) (-21.459925 -178.540054 569.876099 ) 
4 498 526 (-21.466942 -178.533264 569.880554 ) (-17.592369 -180.214966 567.328979 ) (-17.592367 -163.947311 567.328979 ) (-21.466618 -162.246414 569.880310 ) 
4 498 504 (-17.591890 -163.947479 567.328796 ) (-17.591890 -180.215073 567.328796 ) (-16.493120 -183.506836 562.334412 ) (-16.493101 -167.277145 562.334290 ) 
5 499 601 (-8.693015 -208 526.877319 ) (-13.884625 -208 550.475586 ) (-16 -208 550.475586 ) (-16 -208 537.250061 ) (-9.084900 -208 526.877380 ) 
3 499 602 (-16 -208 550.475586 ) (-24.817036 -208 550.475586 ) (-16 -208 537.250061 ) 
3 499 587 (-8.499998 -208 526 ) (-8.693015 -208 526.877319 ) (-9.084900 -208 526.877380 ) 
4 499 518 (-36.050575 -182.408295 567.325928 ) (-24.815155 -208 550.472778 ) (-13.883972 -208 550.472778 ) (-17.591694 -182.408310 567.325867 ) 
5 499 502 (-17.591890 -182.408066 567.328796 ) (-13.884181 -208 550.475586 ) (-8.499331 -208 526 ) (-8.499331 -207.455154 526 ) (-16.493120 -183.506836 562.334412 ) 
3 499 500 (-8.498779 -207.462158 525.994141 ) (-12.508183 -203.498322 532.008240 ) (-9.821877 -203.498322 532.008240 ) 
3 500 503 (-8.499331 -207.455154 526 ) (-8.499331 -204.722397 526 ) (-9.819540 -203.499985 532 ) 
4 501 522 (0 -171.670853 555.743713 ) (0 0 555.743652 ) (-17.592360 0 567.328918 ) (-17.592367 -163.947311 567.328979 ) 
4 501 504 (-17.589291 -163.948486 567.327148 ) (-16.489733 -167.280472 562.329163 ) (0 -183.959778 537.310181 ) (0 -171.670486 555.744141 ) 
4 502 601 (0 -208 526.877319 ) (0 -208 550.475586 ) (-13.884625 -208 550.475586 ) (-8.693027 -208 526.877380 ) 
4 502 587 (0 -208 525.172363 ) (0 -208 526.877319 ) (-8.693027 -208 526.877380 ) (-8.317921 -208 525.172363 ) 
4 502 524 (-17.592369 -182.407852 567.328979 ) (0 -200 555.743713 ) (0 -187.850708 555.743713 ) (-17.592369 -180.214966 567.328979 ) 
4 502 518 (0 -199.992188 555.746216 ) (-17.593018 -182.399170 567.331909 ) (-13.883972 -208 550.472778 ) (0 -208 550.472778 ) 
4 502 504 (-16.492035 -183.511017 562.332642 ) (-17.591095 -180.218384 567.328369 ) (0 -187.853531 555.744019 ) (0 -200.003067 537.310181 ) 
4 502 503 (-8.317780 -208 525.176880 ) (-9.820291 -203.498672 532.006470 ) (0 -203.498688 532.006470 ) (0 -208 525.176880 ) 
4 503 587 (0 -208 509.909058 ) (0 -208 525.172363 ) (-8.317921 -208 525.172363 ) (-4.959993 -208 509.909058 ) 
4 504 526 (0 -187.850708 555.743713 ) (0 -171.670853 555.743713 ) (-17.592367 -163.947311 567.328979 ) (-17.592369 -180.214966 567.328979 ) 
3 505 613 (-359.500000 -208 526 ) (-370.227295 -208 509.909119 ) (-363.040009 -208 509.909119 ) 
4 505 511 (-370.226593 -208 509.909088 ) (-360.051025 -208 525.172363 ) (-359.500336 -207.455566 525.998413 ) (-359.500336 -204.722534 525.998413 ) 
3 505 510 (-360.051025 -208 525.172363 ) (-359.500336 -208 525.998413 ) (-359.500336 -207.455566 525.998413 ) 
4 506 512 (-346.535492 0 569.877258 ) (-366.456848 0 556.758301 ) (-366.457001 -170.994751 556.757874 ) (-346.535919 -162.248962 569.876526 ) 
3 506 507 (-346.531708 -162.247345 569.882874 ) (-366.455872 -170.994537 556.762085 ) (-371.499115 -187.501144 532.001343 ) 
3 507 517 (-346.533325 -178.527985 569.880493 ) (-350.413818 -182.408463 567.325073 ) (-348.217621 -182.408463 567.325073 ) 
5 507 512 (-350.403595 -182.407486 567.329529 ) (-346.536041 -178.539932 569.876465 ) (-346.535919 -162.248962 569.876526 ) (-366.457001 -170.994751 556.757874 ) (-366.457031 -184.733261 556.757813 ) 
4 507 509 (-348.215057 -182.408020 567.328918 ) (-350.406433 -182.408020 567.328918 ) (-366.456543 -184.733429 556.758850 ) (-371.499969 -190.180374 532 ) 
3 507 508 (-348.209656 -182.403809 567.331665 ) (-351.498016 -183.501434 562.342590 ) (-346.529785 -178.533279 569.880554 ) 
4 508 518 (-346.537354 -178.537277 569.874390 ) (-348.217621 -182.408463 567.325073 ) (-331.949982 -182.408463 567.325073 ) (-330.250458 -178.537308 569.874390 ) 
4 508 510 (-335.279602 -183.506790 562.334534 ) (-331.950012 -182.408020 567.328918 ) (-348.215057 -182.408020 567.328918 ) (-351.506805 -183.506790 562.334534 ) 
3 509 613 (-359.322937 -208 550.475586 ) (-367.736420 -208 550.475586 ) (-371.499939 -208 532 ) 
5 509 517 (-350.413818 -182.408463 567.325073 ) (-366.456207 -198.450851 556.760559 ) (-367.737183 -208 550.472107 ) (-359.325226 -208 550.472107 ) (-348.217621 -182.408463 567.325073 ) 
3 509 512 (-366.457031 -198.460938 556.757813 ) (-350.403595 -182.407486 567.329529 ) (-366.457031 -184.733261 556.757813 ) 
5 509 510 (-351.501892 -183.503281 562.339783 ) (-348.212433 -182.405289 567.330688 ) (-359.321442 -208 550.475647 ) (-371.500641 -208 531.996826 ) (-371.500641 -203.502075 531.996826 ) 
5 510 613 (-343.182983 -208 550.475586 ) (-359.322937 -208 550.475586 ) (-371.499939 -208 532 ) (-372.890778 -208 525.172363 ) (-360.051788 -208 525.172363 ) 
4 510 518 (-359.325226 -208 550.472107 ) (-343.185272 -208 550.472168 ) (-331.949982 -182.408463 567.325073 ) (-348.217621 -182.408463 567.325073 ) 
4 510 511 (-371.498657 -203.498535 532.006836 ) (-355.495422 -203.498596 532.006897 ) (-360.048584 -208 525.177185 ) (-372.889893 -208 525.177063 ) 
4 511 613 (-372.890778 -208 525.172363 ) (-376 -208 509.909058 ) (-370.227325 -208 509.909058 ) (-360.051788 -208 525.172363 ) 
5 512 517 (-341.813293 -149.504105 588.993774 ) (-362.659637 -170.149200 575.398254 ) (-366.456207 -198.450851 556.760559 ) (-346.533356 -178.527985 569.880493 ) (-333.935913 -149.504120 588.993774 ) 
3 512 514 (-327.997040 -135.821259 598.004456 ) (-341.813293 -149.504105 588.993774 ) (-333.935913 -149.504120 588.993774 ) 
4 513 527 (-355.437073 -116.311394 610.855957 ) (-355.437073 -134.929367 610.855957 ) (-289.268097 -126.658257 623.262634 ) (-289.268097 -97.471634 623.262634 ) 
4 513 516 (-359.890076 -149.505844 588.994141 ) (-341.812744 -149.505844 588.994141 ) (-289.268951 -126.660576 623.262085 ) (-355.436829 -134.931549 610.855591 ) 
3 513 515 (-289.265839 -126.655144 623.262695 ) (-298.804474 -130.802414 617.041931 ) (-289.266113 -121.263962 623.262634 ) 
3 513 514 (-327.998199 -143.495438 598.002747 ) (-341.808594 -149.500000 588.996094 ) (-327.998016 -135.822769 598.003052 ) 
3 514 517 (-341.812744 -149.505844 588.994141 ) (-333.935669 -149.505844 588.994141 ) (-327.997070 -143.498993 598.004456 ) 
4 515 531 (-112 -122.499847 629.500244 ) (-112 -111.699684 629.500244 ) (-184 -91 643 ) (-184 -113.500031 643 ) 
4 515 528 (-289.268097 -126.658257 623.262634 ) (-184.001953 -113.500015 643 ) (-184.001953 -91 643 ) (-289.268097 -121.263992 623.262634 ) 
3 515 523 (-112 -111.700050 629.500000 ) (-112 -122.499985 629.500000 ) (-93.077080 -130.807632 617.038513 ) 
4 515 521 (-256 -122.501953 629.500000 ) (-289.268951 -126.660576 623.262085 ) (-298.815186 -130.811127 617.036255 ) (-274.926514 -130.811127 617.036255 ) 
5 515 519 (-93.074677 -130.811111 617.036255 ) (-112.001419 -122.501808 629.500244 ) (-184 -113.501976 643 ) (-256 -122.501953 629.500000 ) (-274.926514 -130.811127 617.036255 ) 
3 516 613 (-289.269012 -208 623.262024 ) (-355.436798 -208 610.855591 ) (-362.659576 -208 575.398254 ) 
4 516 527 (-355.437073 -134.929367 610.855957 ) (-355.437073 -208 610.855957 ) (-289.268127 -208 623.262634 ) (-289.268097 -126.658257 623.262634 ) 
5 516 521 (-298.809174 -130.804199 617.040771 ) (-289.270264 -126.656815 623.261841 ) (-289.270264 -143.350098 623.261841 ) (-327.996796 -159.996765 598.004883 ) (-327.996796 -159.992523 598.004883 ) 
4 516 520 (-289.270264 -143.350098 623.261841 ) (-289.270264 -208 623.261841 ) (-327.997986 -208 598.003052 ) (-327.996796 -159.996765 598.004883 ) 
5 516 517 (-362.656250 -208 575.398438 ) (-362.656250 -170.148438 575.398438 ) (-341.804688 -149.498047 589 ) (-327.996399 -143.494400 598.005493 ) (-327.997986 -208 598.003052 ) 
4 517 613 (-327.997131 -208 598.004395 ) (-362.659576 -208 575.398254 ) (-367.736420 -208 550.475586 ) (-359.322937 -208 550.475586 ) 
5 517 520 (-346.536926 -178.537338 569.878113 ) (-346.535034 -178.532944 569.880981 ) (-327.994141 -159.993515 598.009766 ) (-327.994141 -208 598.009766 ) (-346.536163 -208 569.878601 ) 
3 517 518 (-359.324860 -208 550.476135 ) (-346.536926 -178.537338 569.878113 ) (-346.536163 -208 569.878601 ) 
6 518 613 (-136 -208 634 ) (-184 -208 643 ) (-256 -208 629.499939 ) (-346.533356 -208 569.880493 ) (-359.322937 -208 550.475586 ) (-136 -208 550.475586 ) 
5 518 610 (-88 -208 613.695190 ) (-112 -208 629.499878 ) (-136 -208 634 ) (-136 -208 550.475586 ) (-88 -208 550.475586 ) 
4 518 601 (0 -208 550.475586 ) (0 -208 555.743958 ) (-16 -208 566.280518 ) (-16 -208 550.475586 ) 
4 518 602 (-16 -208 566.280518 ) (-88 -208 613.695190 ) (-88 -208 550.475586 ) (-16 -208 550.475586 ) 
4 518 531 (-184 -208 643 ) (-112 -208 629.500244 ) (-112 -139.238434 629.500244 ) (-184 -130.340866 643 ) 
4 518 528 (-256 -208 629.500549 ) (-184.001938 -208 643 ) (-184.001953 -130.340851 643 ) (-256 -139.238251 629.500549 ) 
5 518 524 (-112 -139.238647 629.500000 ) (-112 -208 629.500000 ) (0 -208 555.743713 ) (0 -200 555.743713 ) (-21.466934 -178.533279 569.880493 ) 
5 518 520 (-346.533203 -178.535751 569.878906 ) (-346.533203 -208 569.878906 ) (-255.996521 -208 629.500671 ) (-255.996521 -139.238159 629.500671 ) (-346.530670 -178.533234 569.880554 ) 
5 518 519 (-303.843689 -160.006989 597.995422 ) (-256.004913 -139.243256 629.499023 ) (-184 -130.344910 643 ) (-111.998421 -139.242828 629.499695 ) (-64.158081 -160.006912 597.995544 ) 
4 519 531 (-112 -139.238434 629.500244 ) (-112 -122.499847 629.500244 ) (-184 -113.500031 643 ) (-184 -130.340866 643 ) 
4 519 528 (-184.001953 -130.340851 643 ) (-184.001953 -113.500015 643 ) (-256 -122.499641 629.500549 ) (-256 -139.238251 629.500549 ) 
4 519 525 (-112 -122.499985 629.500000 ) (-112 -139.238647 629.500000 ) (-64.166870 -160 598 ) (-93.077080 -130.807632 617.038513 ) 
4 519 521 (-255.996521 -139.238159 629.500671 ) (-255.996521 -122.494308 629.500671 ) (-274.911316 -130.798370 617.044617 ) (-303.830688 -160 598 ) 
4 520 613 (-256 -208 629.499939 ) (-289.269012 -208 623.262024 ) (-327.997131 -208 598.004395 ) (-346.533356 -208 569.880493 ) 
4 520 528 (-289.268127 -208 623.262634 ) (-256 -208 629.500549 ) (-256 -139.238251 629.500549 ) (-289.268097 -143.349625 623.262634 ) 
5 520 521 (-255.996552 -139.239670 629.500671 ) (-303.833313 -160.002502 597.998413 ) (-327.996582 -160.002472 597.998413 ) (-327.989349 -159.995224 598.009399 ) (-289.268951 -143.351456 623.262024 ) 
4 521 528 (-256 -139.238251 629.500549 ) (-256 -122.499641 629.500549 ) (-289.268097 -126.658257 623.262634 ) (-289.268097 -143.349625 623.262634 ) 
4 522 526 (-21.463913 -162.250488 569.876221 ) (0 -171.673676 555.741455 ) (0 -160.890213 571.917236 ) (-40.004906 -143.496704 598.007446 ) 
4 523 531 (-78.722672 -126.659500 623.260742 ) (-78.722672 -121.266907 623.260742 ) (-112 -111.699677 629.500244 ) (-112 -122.499832 629.500244 ) 
4 523 525 (-112.005157 -122.500687 629.500916 ) (-93.078476 -130.809952 617.036987 ) (-69.182892 -130.810577 617.036621 ) (-78.726563 -126.661133 623.260742 ) 
3 524 610 (-88 -208 625 ) (-112 -208 629.499878 ) (-88 -208 613.695190 ) 
4 524 601 (0 -208 555.743958 ) (0 -208 571.918152 ) (-16 -208 582.352905 ) (-16 -208 566.280518 ) 
5 524 602 (-16 -208 582.352905 ) (-78.725876 -208 623.261047 ) (-88 -208 625 ) (-88 -208 613.695190 ) (-16 -208 566.280518 ) 
4 524 531 (-112 -208 629.500244 ) (-78.722672 -208 623.260742 ) (-78.722672 -143.350845 623.260742 ) (-112 -139.238449 629.500244 ) 
5 524 526 (0 -187.854141 555.742920 ) (-21.465605 -178.537308 569.878784 ) (-39.997879 -160.004959 597.996765 ) (-39.987282 -160.004959 597.996765 ) (0 -177.193146 571.918152 ) 
4 524 525 (-64.163361 -160.004974 597.996826 ) (-112.001953 -139.241333 629.500244 ) (-78.725677 -143.353607 623.260925 ) (-39.987282 -160.004959 597.996765 ) 
4 525 531 (-78.722672 -143.350845 623.260742 ) (-78.722672 -126.659500 623.260742 ) (-112 -122.499832 629.500244 ) (-112 -139.238449 629.500244 ) 
4 527 613 (-242.255997 -208 653.922974 ) (-342.822723 -208 672.779236 ) (-355.436798 -208 610.855591 ) (-289.269012 -208 623.262024 ) 
3 527 533 (-242.255997 -9.271317 653.922852 ) (-248 -16.001640 655 ) (-242.255997 -22.731968 653.922852 ) 
4 527 532 (-248 -16.001640 655 ) (-286.782623 -61.450386 662.271484 ) (-242.256012 -74.251602 653.922852 ) (-242.255997 -22.731968 653.922852 ) 
5 527 531 (-286.782623 -61.450386 662.271484 ) (-342.822266 -127.121094 672.778809 ) (-342.822266 -208 672.778809 ) (-242.256027 -208 653.922852 ) (-242.256012 -74.251602 653.922852 ) 
6 527 530 (-259.007782 0 642.998291 ) (-244.531769 0 652.439453 ) (-242.254929 -9.281250 653.924377 ) (-242.254929 -22.722601 653.924377 ) (-259.005127 -91 643 ) (-259.007751 -91.002640 642.998291 ) 
3 527 529 (-242.254929 -22.722601 653.924377 ) (-242.254929 -74.249260 653.924377 ) (-259.005127 -91 643 ) 
4 527 528 (-289.269531 -208 623.261719 ) (-289.269531 -121.265427 623.261719 ) (-242.254929 -74.249260 653.924377 ) (-242.254929 -208 653.924377 ) 
3 528 613 (-184 -208 643 ) (-242.255997 -208 653.922974 ) (-289.269012 -208 623.262024 ) 
4 528 531 (-242.256012 -74.251610 653.922852 ) (-242.256027 -208 653.922852 ) (-184 -208 643 ) (-184 -91 643 ) 
3 528 529 (-183.996094 -91.003906 643 ) (-259.009766 -91.005630 643 ) (-242.259033 -74.254776 653.923523 ) 
3 529 532 (-242.255997 -22.731968 653.922852 ) (-242.256012 -74.251610 653.922852 ) (-184 -91 643 ) 
3 529 530 (-259.003906 -91.003906 643 ) (-242.254486 -22.731300 653.922668 ) (-218.530228 -50.530415 649.474670 ) 
5 530 533 (-234.344391 0 652.439453 ) (-242.255997 -9.271317 653.922852 ) (-242.255997 -22.731968 653.922852 ) (-218.531235 -50.534122 649.474548 ) (-218.531219 0 649.474548 ) 
5 531 613 (-136 -208 660.613647 ) (-174.496307 -208 685.719910 ) (-340.186646 -208 685.719971 ) (-342.822723 -208 672.779236 ) (-136 -208 634 ) 
4 531 610 (-88 -208 629.309387 ) (-136 -208 660.613647 ) (-136 -208 634 ) (-88 -208 625 ) 
3 531 602 (-78.725876 -208 623.261047 ) (-88 -208 629.309387 ) (-88 -208 625 ) 
4 531 532 (-183.995819 -91.003296 643 ) (-286.785156 -61.451172 662.272461 ) (-138.543472 -61.451160 662.272461 ) (-108.990128 -91.003296 643 ) 
5 532 534 (-108.988281 -91.003906 643 ) (-109.017639 -91.003906 643 ) (-184.010345 -16.011257 654.997864 ) (-183.998169 -16 655 ) (-127.391960 -16 655 ) 
3 532 533 (-218.527466 -50.528313 649.475159 ) (-247.992401 -16 655 ) (-183.998169 -16 655 ) 
11 535 614 (-171.725037 -208 451 ) (-185.595703 -208 448.243866 ) (-197.119537 -208 438.974091 ) (-204.948059 -208 425.314667 ) (-207.718002 -208 409 ) (-207.718002 -208 283 ) (-136 -208 283 ) (-136 -208 410.502167 ) (-138.771896 -208 425.320099 ) (-146.595963 -208 438.974731 ) (-158.114151 -208 448.240936 ) 
4 535 615 (-207.718002 -208 451 ) (-208 -208 451 ) (-208 -208 283 ) (-207.718002 -208 283 ) 
4 535 608 (-16 -208 307 ) (-88 -208 343 ) (-88 -208 283 ) (-16 -208 283 ) 
4 535 596 (-87.859001 -208 451 ) (-88 -208 451 ) (-88 -208 420.235779 ) (-87.859001 -208 420.481842 ) 
4 535 595 (-88 -208 420.235779 ) (-88 -208 408.170044 ) (-87.859001 -208 409 ) (-87.859001 -208 420.481842 ) 
11 535 588 (-16 -208 409.760620 ) (-18.908842 -208 425.309937 ) (-26.744091 -208 438.982697 ) (-38.254555 -208 448.240540 ) (-51.863846 -208 451 ) (-65.747711 -208 448.241699 ) (-77.259285 -208 438.980621 ) (-85.086014 -208 425.321320 ) (-88 -208 408.170044 ) (-88 -208 343 ) (-16 -208 307 ) 
4 535 537 (0 -208 247 ) (-232 -208 247 ) (-232 0 247 ) (0 0 247 ) 
4 535 536 (-232 -208 259 ) (-232 -208 451 ) (-232 0 451 ) (-232 0 259 ) 
4 536 617 (-327.717987 -208 451 ) (-328 -208 451 ) (-328 -208 407.338928 ) (-327.717987 -208 409 ) 
11 536 616 (-291.718933 -208 451 ) (-305.608063 -208 448.240570 ) (-317.110992 -208 438.986023 ) (-324.948273 -208 425.311096 ) (-328 -208 407.338928 ) (-328 -208 283 ) (-256 -208 283 ) (-256 -208 410.501953 ) (-258.771484 -208 425.315552 ) (-266.602783 -208 438.981812 ) (-278.114624 -208 448.241882 ) 
8 536 538 (-374.687012 -208 259 ) (-374.687012 -208 259.012024 ) (-374.687012 -191.725464 333.574280 ) (-374.687012 -149.938034 396.078369 ) (-374.687012 -88.581093 438.388275 ) (-374.687012 -16.002254 451 ) (-374.687012 0 448.276123 ) (-374.687012 0 259 ) 
4 537 539 (-374.687012 -208 115 ) (-374.687012 -208 247 ) (-374.687012 0 247 ) (-374.687012 0 115 ) 
4 539 566 (-400 0 211 ) (-400 0 115 ) (-400 -46 115 ) (-400 -46 211 ) 
4 540 631 (-16 -208 91 ) (-400 -208 91 ) (-400 -208 43 ) (-16 -208 43 ) 
4 540 585 (-400 -208 43 ) (-400 -208 91 ) (-400 -88 91 ) (-400 -88 43 ) 
4 540 568 (-400 -88 91 ) (-400 0 91 ) (-400 0 43 ) (-400 -88 43 ) 
4 540 541 (-16 -208 43 ) (-400 -208 43 ) (-400 0 43 ) (-16 0 43 ) 
4 541 632 (0 -208 0 ) (0 -208 43 ) (-400 -208 43 ) (-400 -208 0 ) 
4 541 585 (-400 -208 0 ) (-400 -208 43 ) (-400 -88 43 ) (-400 -88 0 ) 
4 541 568 (-400 -88 43 ) (-400 0 43 ) (-400 0 0 ) (-400 -88 0 ) 
4 542 634 (0 -208 -1792 ) (0 -208 -832 ) (-400 -208 -832 ) (-400 -208 -1792 ) 
4 542 586 (-400 -208 -1792 ) (-400 -208 -832 ) (-400 -88 -832 ) (-400 -88 -1792 ) 
4 542 569 (-400 -88 -832 ) (-400 0 -832 ) (-400 0 -1792 ) (-400 -88 -1792 ) 
4 543 547 (-448 -88 745 ) (-592 -88 745 ) (-592 0 745 ) (-448 0 745 ) 
4 544 576 (-400 -88 829.004517 ) (-400 -88 1000 ) (-640 -88 1000 ) (-640 -88 829.004517 ) 
3 544 548 (-640 -88 829.004517 ) (-640 -88 1000 ) (-640 -39.432392 913.994812 ) 
4 544 546 (-640 -39.432369 913.994873 ) (-640 -88 1000 ) (-400 -88 1000 ) (-400 -39.432369 913.994873 ) 
4 545 576 (-400 -88 1081 ) (-400 -88 1536 ) (-640 -88 1536 ) (-640 -88 1081 ) 
4 545 548 (-640 0 1536 ) (-640 0 927 ) (-640 -88 1081 ) (-640 -88 1536 ) 
4 545 546 (-400 -16 955 ) (-400 -88 1080.998779 ) (-640 -88 1080.998291 ) (-640 -16 955 ) 
4 546 576 (-400 -88 1000 ) (-400 -88 1081 ) (-640 -88 1081 ) (-640 -88 1000 ) 
4 546 548 (-640 -39.432083 913.994263 ) (-640 -88 1000 ) (-640 -88 1081 ) (-640 -16 955 ) 
4 547 578 (-592 -88 619 ) (-448 -88 619 ) (-448 -88 745 ) (-592 -88 745 ) 
4 547 562 (-556 -88 619 ) (-592 -88 619 ) (-592 -52 619 ) (-556 -52 619 ) 
4 547 557 (-448 -88 619 ) (-556 -88 619 ) (-556 -52 619 ) (-448 -52 619 ) 
4 547 552 (-592 -52 619 ) (-592 0 619 ) (-484 0 619 ) (-484 -52 619 ) 
4 547 549 (-484 0 619 ) (-448 0 619 ) (-448 -52 619 ) (-484 -52 619 ) 
4 547 548 (-640 0 745 ) (-640 0 619 ) (-640 -88 619 ) (-640 -88 745 ) 
4 548 644 (-1024 0 1536 ) (-1024 0 619 ) (-1024 -88 619 ) (-1024 -88 1536 ) 
4 548 579 (-1024 -88 745 ) (-1024 -88 619 ) (-640 -88 619 ) (-640 -88 745 ) 
4 548 577 (-1024 -88 1536 ) (-1024 -88 745 ) (-640 -88 745 ) (-640 -88 1536 ) 
4 548 573 (-640 -88 619 ) (-1024 -88 619 ) (-1024 -52 619 ) (-640 -52 619 ) 
4 548 571 (-664 0 619 ) (-640 0 619 ) (-640 -52 619 ) (-664 -52 619 ) 
4 548 572 (-1024 -52 619 ) (-1024 0 619 ) (-664 0 619 ) (-664 -52 619 ) 
4 549 557 (-448 -52 559 ) (-448 -52 619 ) (-484 -52 619 ) (-484 -52 559 ) 
4 549 553 (-484 -52 559 ) (-484 -52 601 ) (-484 0 601 ) (-484 0 589.333313 ) 
4 549 552 (-484 -52 613 ) (-484 -52 619 ) (-484 0 619 ) (-484 0 613 ) 
4 550 558 (-448 -52 391 ) (-448 -52 547 ) (-484 -52 547 ) (-484 -52 391 ) 
4 550 553 (-484 -52 391 ) (-484 -52 547 ) (-484 0 577.333313 ) (-484 0 421.333313 ) 
4 551 560 (-484 -52 259 ) (-448 -52 259 ) (-448 -52 379 ) (-484 -52 379 ) 
4 551 553 (-484 0 259 ) (-484 -52 259 ) (-484 -52 379 ) (-484 0 409.333344 ) 
4 552 562 (-592 -52 619 ) (-592 -52 613 ) (-556 -52 613 ) (-556 -52 619 ) 
4 552 557 (-556 -52 613 ) (-484 -52 613 ) (-484 -52 619 ) (-556 -52 619 ) 
3 553 561 (-484 -52 391 ) (-556 -52 391 ) (-556 -52 349 ) 
4 553 560 (-556 -52 259 ) (-484 -52 259 ) (-484 -52 379 ) (-556 -52 337 ) 
3 553 559 (-484 -52 559 ) (-556 -52 559 ) (-556 -52 517 ) 
4 553 558 (-484 -52 391 ) (-484 -52 547 ) (-556 -52 505 ) (-556 -52 391 ) 
4 553 557 (-484 -52 559 ) (-484 -52 601 ) (-556 -52 601 ) (-556 -52 559 ) 
4 553 556 (-556 0 259 ) (-556 -52 259 ) (-556 -52 337 ) (-556 0 306.666656 ) 
4 553 555 (-556 -52 349 ) (-556 -52 504.991821 ) (-556 0 474.658508 ) (-556 0 318.666656 ) 
4 553 554 (-556 -52 517 ) (-556 -52 601 ) (-556 0 601 ) (-556 0 486.666687 ) 
4 554 563 (-592 -52 601 ) (-592 -52 517 ) (-556 -52 517 ) (-556 -52 601 ) 
4 555 564 (-592 -52 504.991821 ) (-592 -52 349 ) (-556 -52 349 ) (-556 -52 504.991821 ) 
4 556 565 (-592 -52 337 ) (-592 -52 259 ) (-556 -52 259 ) (-556 -52 337 ) 
4 557 563 (-556 -52 601 ) (-556 -52 559 ) (-556 -88 559 ) (-556 -88 601 ) 
4 557 562 (-556 -52 619 ) (-556 -52 613 ) (-556 -88 613 ) (-556 -88 619 ) 
4 557 559 (-556 -88 559 ) (-556 -52 559 ) (-484 -52 559 ) (-484 -88 559 ) 
4 558 564 (-556 -52 505 ) (-556 -52 391 ) (-556 -88 391 ) (-556 -88 505 ) 
4 558 561 (-556 -88 391 ) (-556 -52 391 ) (-484 -52 391 ) (-484 -88 391 ) 
4 559 563 (-556 -52 559 ) (-556 -52 517 ) (-556 -88 517 ) (-556 -88 559 ) 
4 560 565 (-556 -52 337 ) (-556 -52 259 ) (-556 -88 259 ) (-556 -88 337 ) 
4 561 564 (-556 -52 391 ) (-556 -52 349 ) (-556 -88 349 ) (-556 -88 391 ) 
4 566 567 (-448 0 115 ) (-448 -46 115 ) (-448 -46 211 ) (-448 0 211 ) 
4 567 570 (-592 0 211 ) (-592 0 115 ) (-592 -52 115 ) (-592 -52 211 ) 
4 568 585 (-400 -88 0 ) (-400 -88 91 ) (-592 -88 91 ) (-592 -88 0 ) 
4 568 574 (-592 -88 0 ) (-592 -88 91 ) (-592 0 91 ) (-592 0 0 ) 
4 569 586 (-400 -88 -1792 ) (-400 -88 -832 ) (-592 -88 -832 ) (-592 -88 -1792 ) 
4 569 575 (-592 -88 -1792 ) (-592 -88 -832 ) (-592 0 -832 ) (-592 0 -1792 ) 
4 570 571 (-640 -52 115 ) (-640 -52 211 ) (-640 0 211 ) (-640 0 115 ) 
4 571 573 (-640 -52 103 ) (-640 -52 619 ) (-664 -52 619 ) (-664 -52 103 ) 
4 571 572 (-664 -52 103 ) (-664 -52 619 ) (-664 0 619 ) (-664 0 103 ) 
4 572 644 (-1024 0 619 ) (-1024 0 91 ) (-1024 -52 91 ) (-1024 -52 619 ) 
4 572 574 (-1024 0 91 ) (-664 0 91 ) (-664 -52 91 ) (-1024 -52 91 ) 
4 572 573 (-1024 -52 91 ) (-664 -52 91 ) (-664 -52 619 ) (-1024 -52 619 ) 
4 573 644 (-1024 -52 91 ) (-1024 -88 91 ) (-1024 -88 619 ) (-1024 -52 619 ) 
4 573 584 (-1024 -88 619 ) (-1024 -88 91 ) (-640 -88 91 ) (-640 -88 619 ) 
4 573 574 (-640 -88 91 ) (-1024 -88 91 ) (-1024 -52 91 ) (-640 -52 91 ) 
4 574 644 (-1024 0 91 ) (-1024 0 0 ) (-1024 -88 0 ) (-1024 -88 91 ) 
4 574 585 (-1024 -88 91 ) (-1024 -88 0 ) (-592 -88 0 ) (-592 -88 91 ) 
4 575 647 (-1024 0 -832 ) (-1024 0 -1792 ) (-1024 -88 -1792 ) (-1024 -88 -832 ) 
4 575 586 (-1024 -88 -832 ) (-1024 -88 -1792 ) (-592 -88 -1792 ) (-592 -88 -832 ) 
4 576 612 (-640 -208 745 ) (-400 -208 745 ) (-400 -208 1536 ) (-640 -208 1536 ) 
4 576 580 (-400 -136.004303 745 ) (-400 -208 745 ) (-640 -208 745 ) (-640 -136.004303 745 ) 
5 576 577 (-640 -136.004303 745 ) (-640 -208 745 ) (-640 -208 1536 ) (-640 -88 1536 ) (-640 -88 829.004578 ) 
4 577 644 (-1024 -208 745 ) (-1024 -208 1536 ) (-1024 -88 1536 ) (-1024 -88 745 ) 
4 577 612 (-1024 -208 1536 ) (-1024 -208 745 ) (-640 -208 745 ) (-640 -208 1536 ) 
4 577 579 (-1024 -88 745 ) (-640 -88 745 ) (-640 -136 745 ) (-1024 -136 745 ) 
4 577 580 (-640 -136 745 ) (-640 -208 745 ) (-1024 -208 745 ) (-1024 -136 745 ) 
4 578 580 (-592 -136 619 ) (-448 -136 619 ) (-448 -136 745 ) (-592 -136 745 ) 
4 579 644 (-1024 -136 745 ) (-1024 -88 745 ) (-1024 -88 619 ) (-1024 -136 619 ) 
4 579 584 (-1024 -88 619 ) (-640 -88 619 ) (-640 -136 619 ) (-1024 -136 619 ) 
4 579 580 (-1024 -136 619 ) (-640 -136 619 ) (-640 -136 745 ) (-1024 -136 745 ) 
4 580 644 (-1024 -208 619 ) (-1024 -208 745 ) (-1024 -136 745 ) (-1024 -136 619 ) 
4 580 612 (-1024 -208 745 ) (-1024 -208 619 ) (-400 -208 619 ) (-400 -208 745 ) 
4 580 583 (-592 -208 619 ) (-640 -208 619 ) (-640 -136 619 ) (-592 -136 619 ) 
4 580 584 (-640 -208 619 ) (-1024 -208 619 ) (-1024 -136 619 ) (-640 -136 619 ) 
4 580 582 (-448 -208 619 ) (-592 -208 619 ) (-592 -136 619 ) (-448 -136 619 ) 
4 580 581 (-400 -136 619 ) (-400 -208 619 ) (-448 -208 619 ) (-448 -136 619 ) 
4 581 612 (-400 -208 451 ) (-400 -208 619 ) (-448 -208 619 ) (-448 -208 451 ) 
4 581 582 (-448 -208 451 ) (-448 -208 619 ) (-448 -136 619 ) (-448 -136 451 ) 
4 582 618 (-592 -208 91 ) (-448 -208 91 ) (-448 -208 451 ) (-592 -208 451 ) 
4 582 612 (-448 -208 451 ) (-448 -208 619 ) (-592 -208 619 ) (-592 -208 451 ) 
4 582 585 (-448 -136 91 ) (-448 -208 91 ) (-592 -208 91 ) (-592 -136 91 ) 
4 582 583 (-592 -136 91 ) (-592 -208 91 ) (-592 -208 619 ) (-592 -136 619 ) 
4 583 618 (-640 -208 91 ) (-592 -208 91 ) (-592 -208 451 ) (-640 -208 451 ) 
4 583 612 (-592 -208 451 ) (-592 -208 619 ) (-640 -208 619 ) (-640 -208 451 ) 
4 583 585 (-592 -136 91 ) (-592 -208 91 ) (-640 -208 91 ) (-640 -136 91 ) 
4 583 584 (-640 -136 91 ) (-640 -208 91 ) (-640 -208 619 ) (-640 -136 619 ) 
4 584 644 (-1024 -208 91 ) (-1024 -208 619 ) (-1024 -88 619 ) (-1024 -88 91 ) 
4 584 618 (-1024 -208 451 ) (-1024 -208 91 ) (-640 -208 91 ) (-640 -208 451 ) 
4 584 612 (-1024 -208 619 ) (-1024 -208 451 ) (-640 -208 451 ) (-640 -208 619 ) 
4 584 585 (-1024 -88 91 ) (-640 -88 91 ) (-640 -208 91 ) (-1024 -208 91 ) 
4 585 644 (-1024 -208 0 ) (-1024 -208 91 ) (-1024 -88 91 ) (-1024 -88 0 ) 
4 585 632 (-1024 -208 43 ) (-1024 -208 0 ) (-400 -208 0 ) (-400 -208 43 ) 
4 585 631 (-1024 -208 91 ) (-1024 -208 43 ) (-400 -208 43 ) (-400 -208 91 ) 
4 586 647 (-1024 -208 -1792 ) (-1024 -208 -832 ) (-1024 -88 -832 ) (-1024 -88 -1792 ) 
4 586 634 (-1024 -208 -832 ) (-1024 -208 -1792 ) (-400 -208 -1792 ) (-400 -208 -832 ) 
4 587 601 (0 -208 526.876709 ) (-16 -208 526.876892 ) (-16 -302.317383 451 ) (0 -302.317139 451 ) 
4 587 602 (-16 -208 526.876892 ) (-67.831718 -208 526.877502 ) (-80.722435 -302.318298 451 ) (-16 -302.317383 451 ) 
5 587 597 (-74.392937 -256 488.262054 ) (-67.832664 -208 526.877197 ) (-70.715622 -208 509.908997 ) (-80.724327 -220 451 ) (-80.723892 -256 451 ) 
3 587 600 (-80.723328 -302.318054 451 ) (-74.392937 -256 488.262054 ) (-80.723892 -256 451 ) 
4 587 594 (-70.368813 -302.316254 451 ) (-80.718155 -302.316406 451 ) (-80.718544 -256 451 ) (-70.370491 -256 451 ) 
4 587 593 (-62.317493 -302.316132 451 ) (-70.368813 -302.316254 451 ) (-70.370491 -256 451 ) (-62.318295 -256 451 ) 
4 587 592 (-23.718193 -291.856201 451 ) (-23.716713 -256 451 ) (-16 -256 451 ) (-16 -291.856995 451 ) 
4 587 591 (-16 -302.315460 451 ) (-23.718626 -302.315582 451 ) (-23.718193 -291.856201 451 ) (-16 -291.856995 451 ) 
4 587 589 (-23.718626 -302.315582 451 ) (-62.317493 -302.316132 451 ) (-62.318295 -256 451 ) (-23.716713 -256 451 ) 
4 588 608 (-88 -256 343 ) (-88 -208 343 ) (-16 -208 307 ) (-16 -256 307 ) 
4 588 595 (-88 -208 408.178467 ) (-88 -256 408.176086 ) (-87.859001 -256 409.005951 ) (-87.859001 -208 409.008331 ) 
11 588 589 (-16 -256 409.739166 ) (-18.914936 -256 425.321075 ) (-26.743624 -256 438.982391 ) (-38.253010 -256 448.239319 ) (-51.868271 -256 451 ) (-65.738960 -256 448.244019 ) (-77.261078 -256 438.974457 ) (-85.086159 -256 425.318024 ) (-88 -256 408.167603 ) (-88 -256 343 ) (-16 -256 307.002716 ) 
4 589 611 (-88 -328 343 ) (-88 -328 408.164032 ) (-88 -256 408.167633 ) (-88 -256 343 ) 
4 589 609 (-16 -328 307 ) (-88 -328 343 ) (-88 -256 343 ) (-16 -256 307 ) 
4 589 606 (-87.857635 -327.859009 409.001953 ) (-15.863037 -327.859009 409.001953 ) (-18.914749 -325.087738 425.315613 ) (-85.085335 -325.087067 425.319519 ) 
4 589 604 (-85.083900 -325.087036 425.317566 ) (-18.914375 -325.087708 425.313629 ) (-21.471321 -317.255035 438.983643 ) (-77.254051 -317.256836 438.982819 ) 
5 589 602 (-77.256012 -317.260284 438.979370 ) (-21.470673 -317.258514 438.980164 ) (-23.718624 -302.317474 451 ) (-62.317535 -302.318024 451 ) (-77.253471 -317.254761 438.983795 ) 
5 589 600 (-88 -256 408.176086 ) (-88 -327.859009 408.172546 ) (-87.857422 -327.859009 409.011719 ) (-85.087891 -325.089844 425.312500 ) (-85.087921 -256 425.315704 ) 
4 589 594 (-85.085861 -256 425.320709 ) (-85.086090 -325.085938 425.315918 ) (-77.255806 -317.258575 438.981750 ) (-77.258934 -256 438.980164 ) 
4 589 593 (-77.261879 -256 438.976105 ) (-77.258644 -317.253906 438.977875 ) (-62.314503 -302.320313 451 ) (-62.315292 -256 451 ) 
3 589 592 (-23.716965 -256 451 ) (-23.718447 -291.856262 451 ) (-22.356983 -256 443.730164 ) 
5 589 590 (-16 -327.734528 409.732788 ) (-15.862932 -327.859009 409 ) (0 -327.859009 324.204102 ) (0 -256 324.219971 ) (-16 -256 409.748657 ) 
7 589 591 (-23.718447 -291.856262 451 ) (-23.718880 -302.316406 451 ) (-21.470728 -317.258728 438.979126 ) (-18.915117 -325.087311 425.316254 ) (-16 -327.734528 409.732788 ) (-16 -256 409.748657 ) (-22.356983 -256 443.730164 ) 
5 589 607 (-88 -327.859009 409 ) (-88 -327.859009 343.003906 ) (0 -327.859009 299.003906 ) (0 -327.859009 324.205444 ) (-15.862662 -327.859009 409 ) 
3 590 607 (0 -327.859009 324.205444 ) (0 -327.859009 409 ) (-15.862662 -327.859009 409 ) 
9 590 591 (-16 -256 409.750000 ) (-16 -327.734283 409.734131 ) (-16 -325.087280 425.316223 ) (-16 -317.255676 438.984253 ) (-16 -305.749237 448.241364 ) (-16 -291.870819 451 ) (-16 -278.252747 448.238373 ) (-16 -266.747345 438.983032 ) (-16 -258.908813 425.304443 ) 
3 591 606 (-16 -325.087769 425.315430 ) (-18.914749 -325.087738 425.315613 ) (-16 -327.734619 409.734131 ) 
4 591 604 (-18.914375 -325.087708 425.313629 ) (-16 -325.087738 425.313446 ) (-16 -317.254852 438.983734 ) (-21.471321 -317.255035 438.983643 ) 
4 591 602 (-21.470673 -317.258514 438.980164 ) (-16 -317.258331 438.980255 ) (-16 -302.317352 451 ) (-23.718624 -302.317474 451 ) 
4 591 592 (-22.355846 -256 443.730286 ) (-23.717285 -291.855469 451 ) (-16 -291.856262 451 ) (-16 -256 443.730164 ) 
3 593 602 (-62.317535 -302.318024 451 ) (-70.368805 -302.318146 451 ) (-77.253471 -317.254761 438.983795 ) 
4 593 594 (-77.255806 -317.258575 438.981750 ) (-70.369865 -302.316406 451 ) (-70.371544 -256 451 ) (-77.258934 -256 438.980164 ) 
4 594 604 (-85.085655 -325.087036 425.317566 ) (-85.083900 -325.087036 425.317566 ) (-77.254051 -317.256836 438.982819 ) (-82.764030 -317.257019 438.982727 ) 
4 594 602 (-80.722435 -302.318298 451 ) (-82.764618 -317.260468 438.979279 ) (-77.256012 -317.260284 438.979370 ) (-70.368805 -302.318146 451 ) 
5 594 600 (-85.087891 -325.089844 425.312500 ) (-82.764648 -317.253906 438.984375 ) (-80.723328 -302.318054 451 ) (-80.723892 -256 451 ) (-85.087921 -256 425.315704 ) 
4 595 599 (-88 -214.766937 420.241180 ) (-88 -226.265823 420.240448 ) (-87.859001 -226.215714 420.486511 ) (-87.859001 -214.712784 420.487244 ) 
4 595 598 (-88 -226.265823 420.240448 ) (-88 -256 420.238556 ) (-87.859001 -256 420.484619 ) (-87.859001 -226.215714 420.486511 ) 
4 595 596 (-88 -208 420.241608 ) (-88 -214.766937 420.241180 ) (-87.859001 -214.712784 420.487244 ) (-87.859001 -208 420.487671 ) 
4 595 600 (-88 -256 408.153534 ) (-87.859001 -256 408.983429 ) (-87.859001 -256 420.478851 ) (-88 -256 420.232788 ) 
4 596 599 (-88 -214.768631 420.231720 ) (-87.859001 -214.714493 420.477783 ) (-87.859001 -208 450.998230 ) (-88 -208 450.998230 ) 
4 597 602 (-67.831718 -208 526.877502 ) (-88 -208 526.877747 ) (-88 -256 488.262482 ) (-74.391998 -256 488.262299 ) 
5 597 598 (-87.859001 -208 509.918396 ) (-87.859001 -220.001724 451 ) (-87.859001 -256 451 ) (-87.859001 -256 488.263062 ) (-87.859001 -208 526.881958 ) 
4 597 600 (-80.720406 -256 451 ) (-74.389648 -256 488.261719 ) (-87.859001 -256 488.261871 ) (-87.859001 -256 451 ) 
5 598 610 (-88 -256 488.263031 ) (-88 -208 526.878235 ) (-88 -208 509.909088 ) (-88 -220 451 ) (-88 -256 451 ) 
4 598 599 (-87.859001 -226.216324 420.476776 ) (-88 -226.266449 420.230713 ) (-88 -208 509.900757 ) (-87.859001 -208 509.900757 ) 
4 598 600 (-87.859001 -256 488.261871 ) (-88 -256 488.261871 ) (-88 -256 420.232788 ) (-87.859001 -256 420.478851 ) 
7 600 611 (-88 -328 408.164032 ) (-88 -328 408.170044 ) (-88 -325.086578 425.320526 ) (-88 -317.259338 438.980927 ) (-88 -302.319214 451 ) (-88 -256 451 ) (-88 -256 408.167633 ) 
3 600 610 (-88 -302.319214 451 ) (-88 -256 488.263031 ) (-88 -256 451 ) 
4 600 606 (-88 -325.087036 425.319702 ) (-88 -327.859009 409.001953 ) (-87.857635 -327.859009 409.001953 ) (-85.085335 -325.087067 425.319519 ) 
4 600 604 (-88 -317.257202 438.982666 ) (-88 -325.087006 425.317749 ) (-85.085655 -325.087036 425.317566 ) (-82.764030 -317.257019 438.982727 ) 
4 600 602 (-88 -256 488.262482 ) (-88 -317.260651 438.979218 ) (-82.764618 -317.260468 438.979279 ) (-74.391998 -256 488.262299 ) 
4 601 603 (0 -310.369293 451 ) (0 -208 629.658813 ) (-16 -208 629.659485 ) (-16 -310.369659 451 ) 
4 601 602 (-16 -208 526.873352 ) (-16 -302.313202 451 ) (-16 -310.366852 451 ) (-16 -208 629.654419 ) 
3 602 611 (-88 -317.259338 438.980927 ) (-88 -310.372559 451 ) (-88 -302.319214 451 ) 
4 602 610 (-88 -310.372559 451 ) (-88 -208 629.664307 ) (-88 -208 526.878235 ) (-88 -302.319214 451 ) 
4 602 604 (-88 -208 629.662537 ) (-88 -317.257202 438.982666 ) (-16 -317.254852 438.983704 ) (-16 -208 629.659485 ) 
4 603 605 (0 -320.724609 451 ) (0 -208 1114.577148 ) (-16 -208 1114.577148 ) (-16 -320.724609 451 ) 
4 603 604 (-16 -208 629.654541 ) (-16 -310.366760 451 ) (-16 -320.724884 451 ) (-16 -208 1114.579590 ) 
3 604 611 (-88 -325.086578 425.320526 ) (-88 -320.724304 451 ) (-88 -310.372559 451 ) 
4 604 610 (-88 -320.724304 451 ) (-88 -208 1114.575928 ) (-88 -208 629.664307 ) (-88 -310.372559 451 ) 
4 604 606 (-88 -208 1114.577148 ) (-88 -325.087036 425.319702 ) (-16 -325.087769 425.315430 ) (-16 -208 1114.577148 ) 
5 605 606 (-16 -208 1114.588013 ) (-16 -320.726288 451 ) (-16 -327.859009 451 ) (-16 -327.859009 1536 ) (-16 -208 1536 ) 
4 605 607 (0 -327.859009 451 ) (0 -327.859009 1536 ) (-16 -327.859009 1536 ) (-16 -327.859009 451 ) 
3 606 611 (-88 -328 408.170044 ) (-88 -328 451 ) (-88 -320.724304 451 ) 
5 606 610 (-88 -328 451 ) (-88 -328 1536 ) (-88 -208 1536 ) (-88 -208 1114.575928 ) (-88 -320.724304 451 ) 
4 606 607 (-88 -327.859009 1536 ) (-88 -327.859009 409 ) (-16 -327.859009 409 ) (-16 -327.859009 1536 ) 
4 607 629 (-16 -328 1536 ) (-88 -328 1536 ) (-88 -328 343 ) (-16 -328 307 ) 
4 607 623 (0 -328 467.635468 ) (0 -328 1536 ) (-16 -328 1536 ) (-16 -328 467.635254 ) 
4 607 620 (0 -328 451 ) (0 -328 467.635468 ) (-16 -328 467.635254 ) (-16 -328 451 ) 
3 608 609 (-16 -256 307 ) (-88 -256 343 ) (-88 -256 307 ) 
4 609 631 (-16 -328 91 ) (-88 -328 91 ) (-88 -256 91 ) (-16 -256 91 ) 
4 609 629 (-88 -328 91 ) (-16 -328 91 ) (-16 -328 307 ) (-88 -328 343 ) 
4 609 611 (-88 -256 91 ) (-88 -328 91 ) (-88 -328 343 ) (-88 -256 343 ) 
4 610 629 (-88 -328 451 ) (-88 -328 1536 ) (-136 -328 1536 ) (-136 -328 451 ) 
4 610 619 (-136 -256 451 ) (-136 -328 451 ) (-136 -328 1536 ) (-136 -256 1536 ) 
5 610 613 (-136 -208 1536 ) (-136 -208 509.909058 ) (-136 -220 451 ) (-136 -256 451 ) (-136 -256 1536 ) 
4 610 611 (-136 -328 451 ) (-136 -256 451 ) (-88 -256 451 ) (-88 -328 451 ) 
4 611 631 (-88 -256 91 ) (-88 -328 91 ) (-136 -328 91 ) (-136 -256 91 ) 
4 611 629 (-136 -328 91 ) (-88 -328 91 ) (-88 -328 451 ) (-136 -328 451 ) 
4 611 619 (-136 -256 91 ) (-136 -328 91 ) (-136 -328 451 ) (-136 -256 451 ) 
4 612 644 (-1024 -208 1536 ) (-1024 -208 451 ) (-1024 -256 451 ) (-1024 -256 1536 ) 
4 612 619 (-1024 -256 1536 ) (-1024 -256 451 ) (-388 -256 451 ) (-166.981445 -256 1536 ) 
4 612 618 (-400 -256 451 ) (-1024 -256 451 ) (-1024 -208 451 ) (-400 -208 451 ) 
5 612 613 (-388 -256 451 ) (-388 -220 451 ) (-376 -208 509.909058 ) (-166.981934 -208 1536 ) (-166.981934 -256 1536 ) 
4 613 619 (-388 -256 451 ) (-136 -256 451 ) (-136 -256 1536 ) (-166.981445 -256 1536 ) 
4 613 617 (-327.717987 -256 451 ) (-328 -256 451 ) (-328 -220 451 ) (-327.717987 -220 451 ) 
4 613 615 (-207.718002 -256 451 ) (-208 -256 451 ) (-208 -220 451 ) (-207.718002 -220 451 ) 
11 614 619 (-136 -256 307 ) (-136 -256 410.502197 ) (-138.770370 -256 425.311920 ) (-146.600586 -256 438.977325 ) (-158.114136 -256 448.239777 ) (-171.728012 -256 451 ) (-185.594742 -256 448.244659 ) (-197.121368 -256 438.972656 ) (-204.947647 -256 425.317108 ) (-207.718002 -256 409 ) (-207.718002 -256 307 ) 
4 614 615 (-207.718002 -208 283 ) (-207.718002 -256 307 ) (-207.718002 -256 409 ) (-207.718002 -208 409 ) 
4 615 619 (-207.718002 -256 451 ) (-208 -256 451 ) (-208 -256 307 ) (-207.718002 -256 307 ) 
11 616 619 (-256 -256 307 ) (-256 -256 410.501953 ) (-258.771759 -256 425.317078 ) (-266.601013 -256 438.979767 ) (-278.113312 -256 448.240234 ) (-291.721649 -256 451 ) (-305.607391 -256 448.240509 ) (-317.113464 -256 438.983459 ) (-324.947876 -256 425.313538 ) (-328 -256 407.338928 ) (-328 -256 307 ) 
4 616 617 (-328 -208 407.345703 ) (-328 -256 407.345703 ) (-327.717987 -256 409.006531 ) (-327.717987 -208 409.006531 ) 
4 617 619 (-327.717987 -256 451 ) (-328 -256 451 ) (-328 -256 407.338928 ) (-327.717987 -256 409 ) 
4 618 644 (-1024 -208 451 ) (-1024 -208 91 ) (-1024 -256 91 ) (-1024 -256 451 ) 
4 618 631 (-1024 -256 91 ) (-1024 -208 91 ) (-400 -208 91 ) (-400 -256 91 ) 
4 618 619 (-1024 -256 451 ) (-1024 -256 91 ) (-400 -256 91 ) (-400 -256 451 ) 
4 619 644 (-1024 -256 1536 ) (-1024 -256 91 ) (-1024 -328 91 ) (-1024 -328 1536 ) 
4 619 631 (-1024 -328 91 ) (-1024 -256 91 ) (-136 -256 91 ) (-136 -328 91 ) 
4 619 629 (-1024 -328 1536 ) (-1024 -328 91 ) (-136 -328 91 ) (-136 -328 1536 ) 
3 620 629 (-16 -328 467.635254 ) (-16 -328 451 ) (-16 -411.724976 451 ) 
4 620 623 (0 -328 467.636353 ) (-16 -328 467.636230 ) (-16 -411.729797 451 ) (0 -411.730408 451 ) 
11 621 629 (-16 -376 307 ) (-16 -447.717987 307 ) (-16 -447.717987 409 ) (-16 -444.946869 425.321747 ) (-16 -437.124573 438.970062 ) (-16 -425.596344 448.243927 ) (-16 -411.724976 451 ) (-16 -398.114014 448.240814 ) (-16 -386.597809 438.976196 ) (-16 -378.770538 425.315979 ) (-16 -376 410.502533 ) 
4 621 622 (-16 -447.717987 409 ) (-16 -447.717987 307.003235 ) (0 -447.717987 299.003235 ) (0 -447.717987 409 ) 
4 622 629 (-16 -447.717987 307 ) (-16 -448 307 ) (-16 -448 443.792542 ) (-16 -447.717987 443.848572 ) 
4 622 624 (-16 -447.717987 443.849518 ) (-16 -448 443.793488 ) (0 -448 443.793610 ) (0 -447.717987 443.849640 ) 
5 623 629 (-16 -328 1536 ) (-16 -328 467.635254 ) (-16 -411.724976 451 ) (-16 -448 451 ) (-16 -448 1536 ) 
4 623 625 (-16 -448 1536 ) (-16 -448 451 ) (0 -448 451 ) (0 -448 1536 ) 
4 623 624 (0 -448 451 ) (-16 -448 451 ) (-16 -447.717987 451 ) (0 -447.717987 451 ) 
4 624 629 (-16 -447.717987 443.848572 ) (-16 -448 443.792542 ) (-16 -448 451 ) (-16 -447.717987 451 ) 
4 625 639 (0 -1024 451 ) (0 -1024 1536 ) (-16 -1024 1536 ) (-16 -1024 451 ) 
4 625 629 (-16 -1024 451 ) (-16 -1024 1536 ) (-16 -448 1536 ) (-16 -448 451 ) 
4 625 628 (0 -1024 451 ) (-16 -1024 451 ) (-16 -688 451 ) (0 -688 451 ) 
4 625 627 (-16 -568 451 ) (-16 -567.718018 451 ) (0 -567.718018 451 ) (0 -568 451 ) 
12 626 629 (-16 -531.725281 451 ) (-16 -531.718994 451 ) (-16 -518.119324 448.242676 ) (-16 -506.604309 438.978485 ) (-16 -498.770020 425.307800 ) (-16 -496 410.502045 ) (-16 -496 307 ) (-16 -567.718018 307 ) (-16 -567.718018 409 ) (-16 -564.947815 425.313629 ) (-16 -557.116516 438.976135 ) (-16 -545.601563 448.242706 ) 
4 626 627 (-16 -567.718018 307.001953 ) (0 -567.718018 299.001953 ) (0 -567.718018 409 ) (-16 -567.718018 409 ) 
4 627 629 (-16 -568 307 ) (-16 -568 451 ) (-16 -567.718018 451 ) (-16 -567.718018 307 ) 
4 628 639 (-16 -1024 91 ) (0 -1024 91 ) (0 -1024 451 ) (-16 -1024 451 ) 
4 628 633 (0 -1024 91 ) (-16 -1024 91 ) (-16 -704 91 ) (0 -704 91 ) 
4 628 630 (-16 -704 91 ) (-16 -688 91 ) (0 -688 91 ) (0 -704 91 ) 
4 628 629 (-16 -688 91 ) (-16 -1024 91 ) (-16 -1024 451 ) (-16 -688 451 ) 
4 629 644 (-1024 -1024 91 ) (-1024 -1024 1536 ) (-1024 -328 1536 ) (-1024 -328 91 ) 
4 629 639 (-1024 -1024 1536 ) (-1024 -1024 91 ) (-16 -1024 91 ) (-16 -1024 1536 ) 
4 629 633 (-16 -1024 91 ) (-1024 -1024 91 ) (-1024 -704 91 ) (-16 -704 91 ) 
4 629 631 (-1024 -704 91 ) (-1024 -328 91 ) (-16 -328 91 ) (-16 -704 91 ) 
4 630 633 (0 -704 43 ) (0 -704 91 ) (-16 -704 91 ) (-16 -704 43 ) 
4 630 632 (0 -704 43 ) (-16 -704 43 ) (-16 -544 43 ) (0 -544 43 ) 
4 630 631 (-16 -544 43 ) (-16 -704 43 ) (-16 -704 91 ) (-16 -544 91 ) 
4 631 644 (-1024 -704 91 ) (-1024 -208 91 ) (-1024 -208 43 ) (-1024 -704 43 ) 
4 631 633 (-16 -704 91 ) (-1024 -704 91 ) (-1024 -704 43 ) (-16 -704 43 ) 
4 631 632 (-16 -704 43 ) (-1024 -704 43 ) (-1024 -208 43 ) (-16 -208 43 ) 
4 632 644 (-1024 -208 43 ) (-1024 -208 0 ) (-1024 -704 0 ) (-1024 -704 43 ) 
4 632 633 (0 -704 0 ) (0 -704 43 ) (-1024 -704 43 ) (-1024 -704 0 ) 
4 633 644 (-1024 -1024 0 ) (-1024 -1024 91 ) (-1024 -704 91 ) (-1024 -704 0 ) 
4 633 639 (-1024 -1024 91 ) (-1024 -1024 0 ) (0 -1024 0 ) (0 -1024 91 ) 
4 634 647 (-1024 -1024 -1792 ) (-1024 -1024 -832 ) (-1024 -208 -832 ) (-1024 -208 -1792 ) 
4 634 641 (-1024 -1024 -832 ) (-1024 -1024 -1792 ) (0 -1024 -1792 ) (0 -1024 -832 ) 
4 635 642 (1024 -2048 -832 ) (1024 -2048 1536 ) (512 -2048 1536 ) (512 -2048 -832 ) 
4 635 638 (512 -1024 -832 ) (1024 -1024 -832 ) (1024 -2048 -832 ) (512 -2048 -832 ) 
4 635 636 (512 -1536 0 ) (512 -1536 1536 ) (512 -1024 1536 ) (512 -1024 0 ) 
4 635 637 (512 -1536 -832 ) (512 -2048 -832 ) (512 -2048 1536 ) (512 -1536 1536 ) 
4 636 639 (0 -1024 1536 ) (0 -1024 0 ) (0 -1536 0 ) (0 -1536 1536 ) 
4 636 637 (512 -1536 0 ) (512 -1536 1536 ) (0 -1536 1536 ) (0 -1536 0 ) 
4 637 642 (512 -2048 1536 ) (0 -2048 1536 ) (0 -2048 -832 ) (512 -2048 -832 ) 
4 637 640 (0 -1536 -832 ) (0 -2048 -832 ) (0 -2048 1536 ) (0 -1536 1536 ) 
4 637 638 (512 -1536 -832 ) (512 -2048 -832 ) (0 -2048 -832 ) (0 -1536 -832 ) 
4 638 642 (1024 -2048 -1792 ) (1024 -2048 -832 ) (0 -2048 -832 ) (0 -2048 -1792 ) 
4 638 641 (0 -1024 -832 ) (0 -1024 -1792 ) (0 -2048 -1792 ) (0 -2048 -832 ) 
4 639 648 (-1024 -1536 1536 ) (-1024 -1024 1536 ) (-1024 -1024 0 ) (-1024 -1536 0 ) 
4 639 640 (0 -1536 0 ) (0 -1536 1536 ) (-1024 -1536 1536 ) (-1024 -1536 0 ) 
4 640 649 (-1024 -2048 -832 ) (-1024 -2048 1536 ) (-1024 -1536 1536 ) (-1024 -1536 -832 ) 
4 640 643 (0 -2048 -832 ) (0 -2048 1536 ) (-1024 -2048 1536 ) (-1024 -2048 -832 ) 
4 640 641 (-1024 -2048 -832 ) (-1024 -1536 -832 ) (0 -1536 -832 ) (0 -2048 -832 ) 
4 641 651 (-1024 -2048 -1792 ) (-1024 -2048 -832 ) (-1024 -1024 -832 ) (-1024 -1024 -1792 ) 
4 641 643 (0 -2048 -1792 ) (0 -2048 -832 ) (-1024 -2048 -832 ) (-1024 -2048 -1792 ) 
4 642 643 (0 -2304 -1792 ) (0 -2304 1536 ) (0 -2048 1536 ) (0 -2048 -1792 ) 
4 643 654 (-1024 -2304 -1792 ) (-1024 -2304 1536 ) (-1024 -2048 1536 ) (-1024 -2048 -1792 ) 
4 644 652 (-2048 0 1536 ) (-2048 0 0 ) (-2048 -1024 0 ) (-2048 -1024 1536 ) 
4 644 648 (-1024 -1024 0 ) (-1024 -1024 1536 ) (-1280 -1024 1536 ) (-1280 -1024 0 ) 
4 644 650 (-1280 -1024 1536 ) (-2048 -1024 1536 ) (-2048 -1024 0 ) (-1280 -1024 0 ) 
4 644 646 (-1280 -1024 0 ) (-2048 -1024 0 ) (-2048 -704 0 ) (-1280 -704 0 ) 
4 644 645 (-2048 -704 0 ) (-2048 0 0 ) (-1280 0 0 ) (-1280 -704 0 ) 
4 645 652 (-2048 0 0 ) (-2048 0 -832 ) (-2048 -704 -832 ) (-2048 -704 0 ) 
4 645 647 (-2048 -704 -832 ) (-2048 0 -832 ) (-1280 0 -832 ) (-1280 -704 -832 ) 
4 645 646 (-2048 -704 -832 ) (-1280 -704 -832 ) (-1280 -704 0 ) (-2048 -704 0 ) 
4 646 652 (-2048 -704 -832 ) (-2048 -1024 -832 ) (-2048 -1024 0 ) (-2048 -704 0 ) 
4 646 650 (-1280 -1024 0 ) (-2048 -1024 0 ) (-2048 -1024 -832 ) (-1280 -1024 -832 ) 
4 646 647 (-2048 -1024 -832 ) (-2048 -704 -832 ) (-1280 -704 -832 ) (-1280 -1024 -832 ) 
4 647 652 (-2048 0 -832 ) (-2048 0 -1792 ) (-2048 -1024 -1792 ) (-2048 -1024 -832 ) 
4 647 651 (-1024 -1024 -1792 ) (-1024 -1024 -832 ) (-2048 -1024 -832 ) (-2048 -1024 -1792 ) 
4 648 649 (-1280 -1536 1536 ) (-1280 -1536 0 ) (-1024 -1536 0 ) (-1024 -1536 1536 ) 
4 648 650 (-1280 -1536 0 ) (-1280 -1536 1536 ) (-1280 -1024 1536 ) (-1280 -1024 0 ) 
4 649 654 (-1024 -2048 -832 ) (-1024 -2048 1536 ) (-1280 -2048 1536 ) (-1280 -2048 -832 ) 
4 649 651 (-1024 -1536 -832 ) (-1024 -2048 -832 ) (-1280 -2048 -832 ) (-1280 -1536 -832 ) 
4 649 650 (-1280 -1536 -832 ) (-1280 -2048 -832 ) (-1280 -2048 1536 ) (-1280 -1536 1536 ) 
4 650 654 (-1280 -2048 1536 ) (-2048 -2048 1536 ) (-2048 -2048 -832 ) (-1280 -2048 -832 ) 
4 650 653 (-2048 -2048 -832 ) (-2048 -2048 1536 ) (-2048 -1024 1536 ) (-2048 -1024 -832 ) 
4 650 651 (-2048 -2048 -832 ) (-2048 -1024 -832 ) (-1280 -1024 -832 ) (-1280 -2048 -832 ) 
4 651 654 (-1024 -2048 -1792 ) (-1024 -2048 -832 ) (-2048 -2048 -832 ) (-2048 -2048 -1792 ) 
4 651 653 (-2048 -2048 -1792 ) (-2048 -2048 -832 ) (-2048 -1024 -832 ) (-2048 -1024 -1792 ) 
4 652 653 (-2048 -1024 -1792 ) (-2048 -1024 1536 ) (-2560 -1024 1536 ) (-2560 -1024 -1792 ) 
4 653 655 (-2048 -2048 -1792 ) (-2048 -2048 1536 ) (-2560 -2048 1536 ) (-2560 -2048 -1792 ) 
4 654 655 (-2048 -2048 1536 ) (-2048 -2048 -1792 ) (-2048 -2304 -1792 ) (-2048 -2304 1536 ) 
