PRT1
819
2855
4 0 2 (2944 1024 -2048 ) (2944 1024 2048 ) (2048 1024 2048 ) (2048 1024 -2048 ) 
4 0 1 (2048 1024 -2048 ) (2048 1024 2048 ) (2048 1536 2048 ) (2048 1536 -2048 ) 
4 1 32 (1024 1024 -2048 ) (1024 1024 2048 ) (1024 1536 2048 ) (1024 1536 -2048 ) 
4 1 14 (1024 1024 -8 ) (1024 1024 -2048 ) (1216 1024 -2048 ) (1216 1024 -8 ) 
4 1 13 (1216 1024 -2048 ) (2048 1024 -2048 ) (2048 1024 -8 ) (1216 1024 -8 ) 
4 1 9 (1024 1024 384 ) (1024 1024 -8 ) (1172.270020 1024 -8 ) (1172.270020 1024 384 ) 
4 1 8 (1024 1024 2048 ) (1024 1024 384 ) (1172.270020 1024 384 ) (1172.270020 1024 2048 ) 
4 1 4 (1172.270020 1024 -8 ) (2048 1024 -8 ) (2048 1024 384 ) (1172.270020 1024 384 ) 
4 1 3 (2048 1024 384 ) (2048 1024 2048 ) (1172.270020 1024 2048 ) (1172.270020 1024 384 ) 
4 2 16 (2944 0 -2048 ) (2944 0 2048 ) (2048 0 2048 ) (2048 0 -2048 ) 
4 2 13 (2048 1024 -8 ) (2048 1024 -2048 ) (2048 0 -2048 ) (2048 0 -8 ) 
4 2 5 (2048 88 -8 ) (2048 0 -8 ) (2048 0 2048 ) (2048 88 2048 ) 
4 2 4 (2048 1024 384 ) (2048 1024 -8 ) (2048 88 -8 ) (2048 88 384 ) 
4 2 3 (2048 1024 2048 ) (2048 1024 384 ) (2048 88 384 ) (2048 88 2048 ) 
4 3 8 (1172.270020 1024 2048 ) (1172.270020 1024 384 ) (1172.270020 88 384 ) (1172.270020 88 2048 ) 
4 3 6 (1172.270020 88 2048 ) (1172.270020 88 384 ) (1200 88 384 ) (1200 88 2048 ) 
4 3 5 (1200 88 384 ) (2048 88 384 ) (2048 88 2048 ) (1200 88 2048 ) 
5 3 4 (2048 88 384 ) (1200 88 384 ) (1172.270020 100.709579 384 ) (1172.270020 1024 384 ) (2048 1024 384 ) 
4 4 14 (1172.270020 1024 -8 ) (1216 1024 -8 ) (1216 320 -8 ) (1172.270020 320 -8 ) 
4 4 13 (1216 1024 -8 ) (2048 1024 -8 ) (2048 88 -8 ) (1216 88 -8 ) 
4 4 9 (1172.270020 1024 384 ) (1172.270020 1024 -8 ) (1172.270020 100.709534 -8 ) (1172.270020 100.709579 384 ) 
4 4 5 (1200 88 -8 ) (2048 88 -8 ) (2048 88 384 ) (1200 88 384 ) 
4 5 17 (2048 0 -8 ) (2048 0 2048 ) (1200 0 2048 ) (1200 0 -8 ) 
4 5 13 (2048 88 -8 ) (2048 0 -8 ) (1216 0 -8 ) (1216 88 -8 ) 
7 5 7 (1200 54.153801 64 ) (1200 0 64 ) (1200 0 344 ) (1200 20.307587 340 ) (1200 38.076958 330 ) (1200 49.923096 314 ) (1200 54.153801 296 ) 
4 5 6 (1200 88 2048 ) (1200 88 384 ) (1200 0 384 ) (1200 0 2048 ) 
4 6 18 (1172.270020 0 2048 ) (1172.270020 0 384 ) (1200 0 384 ) (1200 0 2048 ) 
4 6 8 (1172.270020 0 384 ) (1172.270020 0 2048 ) (1172.270020 88 2048 ) (1172.270020 88 384 ) 
4 7 19 (1172.270020 0 344 ) (1172.270020 0 64 ) (1200 0 64 ) (1200 0 344 ) 
7 7 12 (1172.270020 0 64 ) (1172.270020 0 336 ) (1172.270020 27.415325 336 ) (1172.270020 38.076958 330 ) (1172.270020 49.923096 314 ) (1172.270020 54.153801 296 ) (1172.270020 54.153801 64 ) 
4 7 10 (1172.270020 0 336 ) (1172.270020 0 344 ) (1172.270020 20.307587 340 ) (1172.270020 27.415325 336 ) 
5 8 89 (1024 0 528 ) (1024 0 2048 ) (1024 176 2048 ) (1024 176 384 ) (1024 132 384 ) 
3 8 61 (1024 0 384 ) (1024 0 528 ) (1024 132 384 ) 
4 8 39 (1024 176 2048 ) (1024 224.076019 2048 ) (1024 224.076019 384 ) (1024 176 384 ) 
4 8 34 (1024 224.076019 2048 ) (1024 1024 2048 ) (1024 1024 384 ) (1024 224.076019 384 ) 
4 8 22 (1024 0 2048 ) (1024 0 384 ) (1172.270020 0 384 ) (1172.270020 0 2048 ) 
4 8 10 (1172 88 384 ) (1172.270020 87.867950 384 ) (1172.270020 0 384 ) (1172 0 384 ) 
4 8 9 (1024 168.666672 384 ) (1024 1024 384 ) (1172.270020 1024 384 ) (1172.270020 100.709534 384 ) 
4 9 92 (1024 176 0 ) (1024 176 -8 ) (1024 168.666687 -8 ) (1024 168.666687 0 ) 
4 9 91 (1024 168.666672 384 ) (1024 176 384 ) (1024 176 336 ) (1024 168.666672 344 ) 
4 9 62 (1024 176 336 ) (1024 176 0 ) (1024 168.666687 0 ) (1024 168.666672 344 ) 
4 9 52 (1024 1024 0 ) (1024 1024 -8 ) (1024 176 -8 ) (1024 176 0 ) 
4 9 41 (1024 224.076019 336 ) (1024 224.076019 0 ) (1024 176 0 ) (1024 176 336 ) 
4 9 39 (1024 176 384 ) (1024 224.076019 384 ) (1024 224.076019 336 ) (1024 176 336 ) 
4 9 34 (1024 224.076019 384 ) (1024 1024 384 ) (1024 1024 0 ) (1024 224.076019 0 ) 
4 9 14 (1024 320 -8 ) (1024 1024 -8 ) (1172.270020 1024 -8 ) (1172.270020 320 -8 ) 
4 10 24 (1172 0 336 ) (1172.270020 0 336 ) (1172.270020 0 384 ) (1172 0 384 ) 
4 10 12 (1172 88 336 ) (1172.270020 87.867943 336 ) (1172.270020 0 336 ) (1172 0 336 ) 
4 11 63 (1024 88 336 ) (1024 160.355530 336 ) (1024 160.355530 0 ) (1024 88 0 ) 
4 11 12 (1024 88 0 ) (1172 88 0 ) (1172 88 336 ) (1024 88 336 ) 
4 12 63 (1024 0 0 ) (1024 0 336 ) (1024 88 336 ) (1024 88 0 ) 
4 12 25 (1024 0 336 ) (1024 0 0 ) (1172.270020 0 0 ) (1172.270020 0 336 ) 
4 13 27 (2048 0 -2048 ) (2048 0 -8 ) (1216 0 -8 ) (1216 0 -2048 ) 
4 13 15 (1216 320 -2048 ) (1216 0 -2048 ) (1216 0 -256 ) (1216 320 -256 ) 
4 13 14 (1216 1024 -2048 ) (1216 320 -2048 ) (1216 320 -8 ) (1216 1024 -8 ) 
4 14 58 (1024 1024 -256 ) (1024 1024 -2048 ) (1024 320 -2048 ) (1024 320 -256 ) 
4 14 57 (1024 320 -8 ) (1024 1024 -8 ) (1024 1024 -256 ) (1024 320 -256 ) 
4 14 15 (1024 320 -2048 ) (1216 320 -2048 ) (1216 320 -256 ) (1024 320 -256 ) 
4 15 93 (1024 0 -2048 ) (1024 0 -256 ) (1024 176 -256 ) (1024 176 -2048 ) 
4 15 58 (1024 176 -256 ) (1024 320 -256 ) (1024 320 -2048 ) (1024 176 -2048 ) 
4 15 28 (1024 0 -256 ) (1024 0 -2048 ) (1216 0 -2048 ) (1216 0 -256 ) 
4 16 30 (2944 -1024 -2048 ) (2944 -1024 2048 ) (2048 -1024 2048 ) (2048 -1024 -2048 ) 
4 16 27 (2048 0 -8 ) (2048 0 -2048 ) (2048 -1024 -2048 ) (2048 -1024 -8 ) 
4 16 17 (2048 0 2048 ) (2048 0 -8 ) (2048 -1024 -8 ) (2048 -1024 2048 ) 
4 17 31 (2048 -1024 -8 ) (2048 -1024 2048 ) (1200 -1024 2048 ) (1200 -1024 -8 ) 
4 17 29 (1216 -1024 -8 ) (1200 -1024 -8 ) (1200 -448 -8 ) (1216 -448 -8 ) 
4 17 27 (2048 0 -8 ) (2048 -1024 -8 ) (1216 -1024 -8 ) (1216 0 -8 ) 
4 17 21 (1200 -88 -8 ) (1200 -1024 -8 ) (1200 -1024 384 ) (1200 -88 384 ) 
4 17 20 (1200 -1024 384 ) (1200 -1024 2048 ) (1200 -88 2048 ) (1200 -88 384 ) 
7 17 19 (1200 0 344 ) (1200 0 64 ) (1200 -54.153900 64 ) (1200 -54.153900 296 ) (1200 -49.923096 314 ) (1200 -38.076931 330 ) (1200 -20.307663 340 ) 
4 17 18 (1200 0 2048 ) (1200 0 384 ) (1200 -88 384 ) (1200 -88 2048 ) 
4 18 22 (1172.270020 -88 384 ) (1172.270020 -88 2048 ) (1172.270020 0 2048 ) (1172.270020 0 384 ) 
4 18 20 (1172.270020 -88 2048 ) (1172.270020 -88 384 ) (1200 -88 384 ) (1200 -88 2048 ) 
7 19 25 (1172.270020 0 336 ) (1172.270020 0 64 ) (1172.270020 -54.153900 64 ) (1172.270020 -54.153900 296 ) (1172.270020 -49.923096 314 ) (1172.270020 -38.076931 330 ) (1172.270020 -27.415348 336 ) 
4 19 24 (1172.270020 0 344 ) (1172.270020 0 336 ) (1172.270020 -27.415348 336 ) (1172.270020 -20.307663 340 ) 
4 20 31 (1172.270020 -1024 2048 ) (1172.270020 -1024 384 ) (1200 -1024 384 ) (1200 -1024 2048 ) 
4 20 22 (1172.270020 -1024 384 ) (1172.270020 -1024 2048 ) (1172.270020 -88 2048 ) (1172.270020 -88 384 ) 
4 20 21 (1172.270020 -1024 384 ) (1172.270020 -100.709534 384 ) (1200 -88 384 ) (1200 -1024 384 ) 
4 21 31 (1172.270020 -1024 384 ) (1172.270020 -1024 -8 ) (1200 -1024 -8 ) (1200 -1024 384 ) 
4 21 29 (1200 -1024 -8 ) (1172.270020 -1024 -8 ) (1172.270020 -448 -8 ) (1200 -448 -8 ) 
4 21 23 (1172.270020 -100.709579 -8 ) (1172.270020 -1024 -8 ) (1172.270020 -1024 384 ) (1172.270020 -100.709534 384 ) 
4 22 456 (1024 -1024 384 ) (1024 -1024 2048 ) (1024 -176 2048 ) (1024 -176 384 ) 
5 22 450 (1024 -176 2048 ) (1024 0 2048 ) (1024 0 528 ) (1024 -132 384 ) (1024 -176 384 ) 
3 22 416 (1024 0 528 ) (1024 0 384 ) (1024 -132 384 ) 
4 22 31 (1024 -1024 2048 ) (1024 -1024 384 ) (1172.270020 -1024 384 ) (1172.270020 -1024 2048 ) 
4 22 24 (1172 0 384 ) (1172.270020 0 384 ) (1172.270020 -87.867996 384 ) (1172 -88 384 ) 
4 22 23 (1024 -1024 384 ) (1024 -168.666687 384 ) (1172.270020 -100.709595 384 ) (1172.270020 -1024 384 ) 
4 23 488 (1024 -1024 -8 ) (1024 -1024 0 ) (1024 -176 0 ) (1024 -176 -8 ) 
4 23 481 (1024 -352.076019 336 ) (1024 -304 336 ) (1024 -304 0 ) (1024 -352.076019 0 ) 
4 23 473 (1024 -304 336 ) (1024 -224 336 ) (1024 -224 0 ) (1024 -304 0 ) 
4 23 487 (1024 -1024 0 ) (1024 -1024 336 ) (1024 -352.076019 336 ) (1024 -352.076019 0 ) 
4 23 470 (1024 -176 112 ) (1024 -176 0 ) (1024 -208 0 ) (1024 -208 112 ) 
4 23 472 (1024 -208 0 ) (1024 -224 0 ) (1024 -224 112 ) (1024 -208 112 ) 
4 23 463 (1024 -176 252 ) (1024 -176 112 ) (1024 -224 112 ) (1024 -224 252 ) 
4 23 460 (1024 -224 336 ) (1024 -208 336 ) (1024 -208 252 ) (1024 -224 252 ) 
4 23 458 (1024 -208 336 ) (1024 -176 336 ) (1024 -176 252 ) (1024 -208 252 ) 
4 23 456 (1024 -1024 336 ) (1024 -1024 384 ) (1024 -176 384 ) (1024 -176 336 ) 
4 23 453 (1024 -168.666672 0 ) (1024 -168.666672 -8 ) (1024 -176 -8 ) (1024 -176 0 ) 
4 23 452 (1024 -176 384 ) (1024 -168.666687 384 ) (1024 -168.666687 344 ) (1024 -176 336 ) 
4 23 417 (1024 -168.666687 344 ) (1024 -168.666672 0 ) (1024 -176 0 ) (1024 -176 336 ) 
4 23 31 (1024 -1024 384 ) (1024 -1024 -8 ) (1172.270020 -1024 -8 ) (1172.270020 -1024 384 ) 
4 23 29 (1172.270020 -1024 -8 ) (1024 -1024 -8 ) (1024 -448 -8 ) (1172.270020 -448 -8 ) 
4 24 25 (1172 0 336 ) (1172.270020 0 336 ) (1172.270020 -87.867989 336 ) (1172 -88 336 ) 
4 25 418 (1024 0 336 ) (1024 0 0 ) (1024 -88 0 ) (1024 -88 336 ) 
4 25 26 (1024 -88 0 ) (1172 -88 0 ) (1172 -88 336 ) (1024 -88 336 ) 
4 26 418 (1024 -88 0 ) (1024 -160.355530 0 ) (1024 -160.355530 336 ) (1024 -88 336 ) 
4 27 31 (2048 -1024 -2048 ) (2048 -1024 -8 ) (1216 -1024 -8 ) (1216 -1024 -2048 ) 
4 27 28 (1216 0 -2048 ) (1216 -448 -2048 ) (1216 -448 -256 ) (1216 0 -256 ) 
4 27 29 (1216 -448 -2048 ) (1216 -1024 -2048 ) (1216 -1024 -8 ) (1216 -448 -8 ) 
4 28 491 (1024 -176 -2048 ) (1024 -448 -2048 ) (1024 -448 -256 ) (1024 -176 -256 ) 
4 28 454 (1024 0 -256 ) (1024 0 -2048 ) (1024 -176 -2048 ) (1024 -176 -256 ) 
4 28 29 (1024 -448 -2048 ) (1216 -448 -2048 ) (1216 -448 -256 ) (1024 -448 -256 ) 
4 29 492 (1024 -1024 -2048 ) (1024 -1024 -8 ) (1024 -448 -8 ) (1024 -448 -2048 ) 
4 29 31 (1216 -1024 -8 ) (1024 -1024 -8 ) (1024 -1024 -2048 ) (1216 -1024 -2048 ) 
4 30 31 (2048 -1536 -2048 ) (2048 -1536 2048 ) (2048 -1024 2048 ) (2048 -1024 -2048 ) 
4 31 809 (1024 -1536 -2048 ) (1024 -1536 2048 ) (1024 -1024 2048 ) (1024 -1024 -2048 ) 
4 32 59 (448 1024 -8 ) (0 1024 -8 ) (0 1024 -2048 ) (448 1024 -2048 ) 
4 32 58 (1024 1024 -2048 ) (1024 1024 -256 ) (448 1024 -256 ) (448 1024 -2048 ) 
4 32 57 (1024 1024 -256 ) (1024 1024 -8 ) (448 1024 -8 ) (448 1024 -256 ) 
4 32 55 (560 1024 0 ) (512 1024 0 ) (512 1024 -8 ) (560 1024 -8 ) 
4 32 56 (512 1024 0 ) (0 1024 0 ) (0 1024 -8 ) (512 1024 -8 ) 
4 32 53 (960 1024 0 ) (608 1024 0 ) (608 1024 -8 ) (960 1024 -8 ) 
4 32 52 (1024 1024 -8 ) (1024 1024 0 ) (960 1024 0 ) (960 1024 -8 ) 
4 32 54 (608 1024 0 ) (560 1024 0 ) (560 1024 -8 ) (608 1024 -8 ) 
4 32 35 (960 1024 2048 ) (912 1024 2048 ) (912 1024 0 ) (960 1024 0 ) 
4 32 34 (1024 1024 0 ) (1024 1024 2048 ) (960 1024 2048 ) (960 1024 0 ) 
4 32 38 (912 1024 2048 ) (0 1024 2048 ) (0 1024 0 ) (912 1024 0 ) 
4 32 33 (0 1024 -2048 ) (0 1024 2048 ) (0 1536 2048 ) (0 1536 -2048 ) 
4 33 408 (-1024 1024 -2048 ) (-1024 1024 2048 ) (-1024 1536 2048 ) (-1024 1536 -2048 ) 
4 33 407 (-1024 1024 -256 ) (-1024 1024 -2048 ) (-512 1024 -2048 ) (-512 1024 -256 ) 
4 33 405 (-1024 1024 2048 ) (-1024 1024 -256 ) (-512 1024 -256 ) (-512 1024 2048 ) 
4 33 403 (-512 1024 -2048 ) (-464 1024 -2048 ) (-464 1024 -8 ) (-512 1024 -8 ) 
4 33 402 (-464 1024 -8 ) (-464 1024 0 ) (-512 1024 0 ) (-512 1024 -8 ) 
4 33 400 (-464 1024 0 ) (-464 1024 112 ) (-512 1024 112 ) (-512 1024 0 ) 
4 33 398 (-464 1024 112 ) (-464 1024 844 ) (-512 1024 844 ) (-512 1024 112 ) 
4 33 395 (-464 1024 1095.078125 ) (-464 1024 2048 ) (-512 1024 2048 ) (-512 1024 1012 ) 
4 33 389 (-464 1024 844 ) (-464 1024 1095.078125 ) (-512 1024 1012 ) (-512 1024 844 ) 
4 33 170 (-464 1024 -2048 ) (-208 1024 -2048 ) (-208 1024 -8 ) (-464 1024 -8 ) 
4 33 169 (-208 1024 -8 ) (-208 1024 2048 ) (-464 1024 2048 ) (-464 1024 -8 ) 
4 33 167 (-208 1024 -2048 ) (-160 1024 -2048 ) (-160 1024 -8 ) (-208 1024 -8 ) 
4 33 166 (-160 1024 -8 ) (-160 1024 0 ) (-208 1024 0 ) (-208 1024 -8 ) 
4 33 164 (-160 1024 0 ) (-160 1024 112 ) (-208 1024 112 ) (-208 1024 0 ) 
4 33 150 (-160 1024 112 ) (-160 1024 336 ) (-208 1024 336 ) (-208 1024 112 ) 
4 33 149 (-160 1024 336 ) (-160 1024 844 ) (-208 1024 844 ) (-208 1024 336 ) 
4 33 146 (-160 1024 1012 ) (-160 1024 2048 ) (-208 1024 2048 ) (-208 1024 1095.078247 ) 
4 33 140 (-160 1024 844 ) (-160 1024 1012 ) (-208 1024 1095.078247 ) (-208 1024 844 ) 
4 33 96 (-160 1024 -2048 ) (0 1024 -2048 ) (0 1024 -8 ) (-160 1024 -8 ) 
4 33 95 (0 1024 -8 ) (0 1024 2048 ) (-160 1024 2048 ) (-160 1024 -8 ) 
4 34 52 (960 1024 0 ) (1024 1024 0 ) (1024 224.076019 0 ) (960 224.076019 0 ) 
4 34 42 (960 224.076019 0 ) (1008 224.076019 0 ) (1008 224.076019 336 ) (960 224.076019 336 ) 
4 34 41 (1008 224.076019 0 ) (1024 224.076019 0 ) (1024 224.076019 336 ) (1008 224.076019 336 ) 
4 34 40 (992 224.076019 2048 ) (960 224.076019 2048 ) (960 224.076019 336 ) (992 224.076019 336 ) 
4 34 39 (1024 224.076019 336 ) (1024 224.076019 2048 ) (992 224.076019 2048 ) (992 224.076019 336 ) 
4 34 37 (960 224.076019 201.811066 ) (960 224.076019 2048 ) (960 280 2048 ) (960 280 176 ) 
4 34 36 (960 280 0 ) (960 224.076019 0 ) (960 224.076019 185.811081 ) (960 280 160 ) 
4 34 35 (960 1024 0 ) (960 280 0 ) (960 280 2048 ) (960 1024 2048 ) 
4 35 53 (912 1024 0 ) (960 1024 0 ) (960 280 0 ) (912 280 0 ) 
4 35 37 (912 280 2048 ) (912 280 176 ) (960 280 176 ) (960 280 2048 ) 
4 35 36 (912 280 160 ) (912 280 0 ) (960 280 0 ) (960 280 160 ) 
4 35 38 (912 1024 0 ) (912 280 0 ) (912 280 2048 ) (912 1024 2048 ) 
4 36 53 (960 280 0 ) (960 224.076019 0 ) (912 224.076019 0 ) (912 280 0 ) 
4 36 38 (912 280 0 ) (912 224.076019 0 ) (912 224.076019 185.811081 ) (912 280 160 ) 
4 37 40 (960 224.076019 336 ) (960 224.076019 2048 ) (912 224.076019 2048 ) (912 224.076019 336 ) 
4 37 38 (912 224.076019 201.811066 ) (912 224.076019 2048 ) (912 280 2048 ) (912 280 176 ) 
4 38 95 (0 1024 2048 ) (0 1024 0 ) (0 224.076019 0 ) (0 224.076019 2048 ) 
4 38 55 (512 1024 0 ) (560 1024 0 ) (560 224.076019 0 ) (512 224.076019 0 ) 
4 38 56 (0 224.076019 0 ) (0 1024 0 ) (512 1024 0 ) (512 224.076019 0 ) 
4 38 53 (608 1024 0 ) (912 1024 0 ) (912 224.076019 0 ) (608 224.076019 0 ) 
4 38 54 (560 1024 0 ) (608 1024 0 ) (608 224.076019 0 ) (560 224.076019 0 ) 
4 38 50 (560 224.076019 0 ) (608 224.076019 0 ) (608 224.076019 112 ) (560 224.076019 112 ) 
4 38 51 (512 224.076019 0 ) (560 224.076019 0 ) (560 224.076019 112 ) (512 224.076019 112 ) 
4 38 49 (48 224.076019 252 ) (0 224.076019 252 ) (0 224.076019 136.038025 ) (48 224.076019 136.038010 ) 
4 38 48 (432 224.076019 252 ) (368 224.076019 252 ) (368 224.076019 136.038025 ) (432 224.076019 136.038010 ) 
4 38 47 (608 224.076019 112 ) (608 224.076019 252 ) (560 224.076019 252 ) (560 224.076019 112 ) 
6 38 46 (0 224.076019 277.813629 ) (0 224.076019 252 ) (48 224.076019 252 ) (45.166584 224.076019 266.667084 ) (32.666611 224.076019 277.666962 ) (16 224.076019 281.333008 ) 
7 38 45 (370.833069 224.076019 266.667053 ) (368 224.076019 252 ) (432 224.076019 252 ) (429.166962 224.076019 266.667023 ) (416.666992 224.076019 277.666992 ) (400 224.076019 281.333008 ) (383.333008 224.076019 277.666992 ) 
4 38 44 (608 224.076019 252 ) (608 224.076019 336 ) (576 224.076019 336 ) (576 224.076019 252 ) 
9 38 43 (752 224.076019 0 ) (816 224.076019 0 ) (816 224.076019 140 ) (813.165588 224.076019 154.666168 ) (800.663757 224.076019 165.667847 ) (784 224.076019 169.333008 ) (767.330139 224.076019 165.666367 ) (754.832947 224.076019 154.667953 ) (752 224.076019 140 ) 
4 38 40 (912 224.076019 336 ) (912 224.076019 2048 ) (0 224.076019 2048 ) (0 224.076019 336 ) 
4 39 91 (1024 176 336 ) (1024 176 384 ) (1008 176 384 ) (1008 176 336 ) 
4 39 89 (1024 176 384 ) (1024 176 2048 ) (992 176 2048 ) (992 176 384 ) 
4 39 42 (992 208 336 ) (992 224.076019 336 ) (1008 224.076019 336 ) (1008 208 336 ) 
4 39 41 (1024 176 336 ) (1008 176 336 ) (1008 224.076019 336 ) (1024 224.076019 336 ) 
5 39 40 (992 224.076019 336 ) (992 224 336 ) (992 176 389.142883 ) (992 176 2048 ) (992 224.076019 2048 ) 
5 40 98 (0 176 389.142883 ) (0 176 2048 ) (0 224.076019 2048 ) (0 224.076019 336 ) (0 224 336 ) 
4 40 90 (992 176 2048 ) (0 176 2048 ) (0 176 389.142944 ) (992 176 389.142883 ) 
4 41 62 (1024 176 0 ) (1024 176 336 ) (1008 176 336 ) (1008 176 0 ) 
4 41 52 (1024 176 0 ) (1008 176 0 ) (1008 224.076019 0 ) (1024 224.076019 0 ) 
4 41 42 (1008 208 336 ) (1008 224.076019 336 ) (1008 224.076019 0 ) (1008 208 0 ) 
4 42 52 (960 208 0 ) (960 224.076019 0 ) (1008 224.076019 0 ) (1008 208 0 ) 
9 43 82 (752 176 0 ) (816 176 0 ) (816 176 140 ) (813.164612 176 154.670990 ) (800.669800 176 165.666489 ) (784 176 169.333115 ) (767.335144 176 165.667709 ) (754.832214 176 154.664230 ) (752 176 140 ) 
4 43 53 (752 208 0 ) (752 224.076019 0 ) (816 224.076019 0 ) (816 208 0 ) 
4 44 47 (576 224.076019 252 ) (608 224.076019 252 ) (608 208 252 ) (576 208 252 ) 
7 45 73 (370.833069 176 266.667053 ) (368 176 252 ) (432 176 252 ) (429.166962 176 266.667023 ) (416.666992 176 277.666992 ) (400 176 281.333008 ) (383.333008 176 277.666992 ) 
4 45 48 (368 224.076019 252 ) (432 224.076019 252 ) (432 176 252 ) (368 176 252 ) 
4 46 99 (0 176 252 ) (0 176 277.813629 ) (0 224.076019 277.813629 ) (0 224.076019 252 ) 
6 46 73 (0 176 277.813629 ) (0 176 252 ) (48 176 252 ) (45.166584 176 266.667084 ) (32.666611 176 277.666962 ) (16 176 281.333008 ) 
4 46 49 (0 224.076019 252 ) (48 224.076019 252 ) (48 176 252 ) (0 176 252 ) 
4 47 50 (560 224.076019 112 ) (608 224.076019 112 ) (608 208 112 ) (560 208 112 ) 
4 48 83 (368 176 112 ) (432 176 112 ) (432 176 164 ) (368 176 164 ) 
4 48 81 (432 176 176 ) (432 176 224 ) (368 176 224 ) (368 176 176 ) 
4 48 73 (432 176 224 ) (432 176 252 ) (368 176 252 ) (368 176 224 ) 
4 49 99 (0 176 112 ) (0 176 252 ) (0 224.076019 252 ) (0 224.076019 136.038025 ) 
4 49 87 (0 176 176 ) (0 176 124 ) (48 176 124 ) (48 176 176 ) 
4 49 81 (0 176 224 ) (0 176 176 ) (48 176 176 ) (48 176 224 ) 
4 49 73 (0 176 252 ) (0 176 224 ) (48 176 224 ) (48 176 252 ) 
4 50 54 (560 208 0 ) (560 224.076019 0 ) (608 224.076019 0 ) (608 208 0 ) 
4 50 51 (560 208 112 ) (560 224.076019 112 ) (560 224.076019 0 ) (560 208 0 ) 
4 51 83 (512 176 0 ) (560 176 0 ) (560 176 112 ) (512 176 112 ) 
4 52 92 (1024 176 -8 ) (1024 176 0 ) (1008 176 0 ) (1008 176 -8 ) 
4 52 57 (960 320 -8 ) (960 1024 -8 ) (1024 1024 -8 ) (1024 320 -8 ) 
4 52 53 (960 1024 -8 ) (960 208 -8 ) (960 208 0 ) (960 1024 0 ) 
4 53 57 (608 320 -8 ) (608 1024 -8 ) (960 1024 -8 ) (960 320 -8 ) 
4 53 54 (608 1024 -8 ) (608 208 -8 ) (608 208 0 ) (608 1024 0 ) 
4 54 57 (560 320 -8 ) (560 1024 -8 ) (608 1024 -8 ) (608 320 -8 ) 
4 54 55 (560 1024 -8 ) (560 224 -8 ) (560 224 0 ) (560 1024 0 ) 
4 55 57 (512 320 -8 ) (512 1024 -8 ) (560 1024 -8 ) (560 320 -8 ) 
4 55 56 (512 1024 -8 ) (512 224 -8 ) (512 224 0 ) (512 1024 0 ) 
4 56 100 (0 224 -8 ) (0 176 -8 ) (0 176 0 ) (0 224 0 ) 
4 56 95 (0 1024 0 ) (0 1024 -8 ) (0 224 -8 ) (0 224 0 ) 
4 56 59 (0 409.599976 -8 ) (0 1024 -8 ) (448 1024 -8 ) (448 320 -8 ) 
4 56 57 (448 320 -8 ) (448 1024 -8 ) (512 1024 -8 ) (512 320 -8 ) 
4 57 59 (448 320 -8 ) (448 1024 -8 ) (448 1024 -256 ) (448 320 -256 ) 
4 57 58 (448 320 -256 ) (448 1024 -256 ) (1024 1024 -256 ) (1024 320 -256 ) 
4 58 93 (1024 176 -2048 ) (1024 176 -256 ) (448 176 -256 ) (448 176 -2048 ) 
4 58 60 (448 176 -2048 ) (448 176 -256 ) (448 320 -256 ) (448 320 -2048 ) 
4 58 59 (448 320 -256 ) (448 1024 -256 ) (448 1024 -2048 ) (448 320 -2048 ) 
4 59 96 (0 1024 -8 ) (0 1024 -2048 ) (0 409.599976 -2048 ) (0 409.599976 -8 ) 
4 59 60 (0 409.599609 -2048 ) (448 320 -2048 ) (448 320 -256 ) (0 409.599915 -494.933380 ) 
4 60 101 (0 224 -2048 ) (0 176 -2048 ) (0 176 -494.933350 ) (0 224 -494.933350 ) 
4 60 97 (0 409.599976 -2048 ) (0 224 -2048 ) (0 224 -494.933350 ) (0 409.599976 -494.933380 ) 
4 60 94 (448 176 -2048 ) (448 176 -256 ) (0 176 -494.933380 ) (0 176 -2048 ) 
4 61 416 (1024 0 384 ) (1024 0 528 ) (960 0 528 ) (960 0 384 ) 
4 61 89 (992 0 527.998047 ) (1024 0 527.998047 ) (1024 131.998184 384 ) (992 131.998199 384 ) 
3 61 64 (960 0 528 ) (960 132 384 ) (960 0 384 ) 
3 62 92 (1008 176 0 ) (1024 176 0 ) (1024 168.666687 0 ) 
3 62 91 (1024 176 335.998016 ) (1008 176 335.998016 ) (1024 168.666687 343.997986 ) 
4 63 418 (1024 0 0 ) (1024 0 336 ) (960 0 336 ) (960 0 0 ) 
4 63 82 (960 176 176 ) (960 176 0 ) (960 136 0 ) (960 136 176 ) 
4 63 86 (960 136 0 ) (960 0 0 ) (960 0 176 ) (960 136 176 ) 
4 63 80 (960 176 212 ) (960 176 176 ) (960 0 176 ) (960 0 212 ) 
4 63 78 (960 176 336 ) (960 176 224 ) (960 0 224 ) (960 0 336 ) 
3 64 432 (646.399963 0 528 ) (590.400024 0 528 ) (618.400024 0 515.272766 ) 
4 64 427 (784 0 440 ) (836.799988 0 416 ) (960 0 416 ) (960 0 440 ) 
5 64 426 (960 0 528 ) (646.399963 0 528 ) (618.400024 0 515.272766 ) (784 0 440 ) (960 0 440 ) 
3 64 425 (836.799988 0 416 ) (960 0 360 ) (960 0 416 ) 
4 64 77 (784.004395 80.664597 439.998138 ) (922.297119 138.286545 377.137573 ) (784.011108 0 439.995087 ) (784.004395 0 439.998138 ) 
3 64 74 (590.409424 0 527.996216 ) (784.004395 80.664597 439.998138 ) (784.004395 0 439.998138 ) 
3 65 102 (0 36.789219 423.272736 ) (0 96 423.272736 ) (0 138.293213 377.134583 ) 
3 65 71 (101.506050 138.293365 377.134521 ) (0 96 423.273621 ) (0 36.787300 423.273621 ) 
4 66 430 (0 0 408.727264 ) (0 0 336 ) (192 0 336 ) (16 0 416 ) 
4 66 104 (0 0 336 ) (0 0 408.727264 ) (0 16 408.727264 ) (0 176 336 ) 
4 66 73 (0 0 336 ) (0 176 336 ) (192 176 336 ) (192 0 336 ) 
6 67 436 (153.599976 0 528 ) (0 0 528 ) (0 0 447.273590 ) (16.012691 0 439.995087 ) (68.789215 0 439.995087 ) (208 0 503.272736 ) 
3 67 432 (68.789215 0 439.995087 ) (347.210754 0 439.995117 ) (208 0 503.272736 ) 
3 67 102 (0 0 447.273590 ) (0 0 528 ) (0 74 447.273590 ) 
3 67 75 (485.498199 138.288971 377.136475 ) (153.604523 0 527.997192 ) (347.209106 0 439.995117 ) 
4 67 71 (16.004658 80.664551 439.998230 ) (154.297668 138.286758 377.137512 ) (16.011520 0 439.995117 ) (16.004662 0 439.998230 ) 
4 67 70 (0 73.995926 447.273102 ) (16.004658 80.664551 439.998230 ) (16.004662 0 439.998230 ) (0 0 447.273102 ) 
5 67 68 (16.007813 0 439.995209 ) (154.300781 138.292969 377.134766 ) (261.704987 138.292419 377.135406 ) (373.604156 26.396324 427.998108 ) (347.207825 0 439.996429 ) 
3 68 437 (16.012691 0 439.995087 ) (42.400955 0 428 ) (68.789215 0 439.995087 ) 
6 68 434 (42.400955 0 428 ) (68.801872 0 416 ) (347.208008 0 416 ) (373.604126 0 427.998108 ) (347.210754 0 439.995117 ) (68.789215 0 439.995087 ) 
4 68 431 (68.801872 0 416 ) (192.001923 0 360 ) (224.006653 0 360 ) (347.208008 0 416 ) 
3 68 76 (373.603302 26.394173 427.997772 ) (347.209106 0 439.995117 ) (373.603302 0 427.997772 ) 
3 69 419 (276.799957 0 360 ) (523.200012 0 360 ) (400 0 416 ) 
4 69 72 (523.199585 123.200027 360 ) (523.199585 0 360 ) (276.799957 0 360 ) (276.799957 123.200035 360 ) 
4 70 438 (0 0 440 ) (0 0 432.723389 ) (16.005234 0 439.998474 ) (16.001915 0 440 ) 
3 70 436 (0 0 447.273590 ) (0 0 440 ) (16.001915 0 440 ) 
3 70 103 (0 0 432.723389 ) (0 0 439.995117 ) (0 15.997795 432.723389 ) 
5 70 102 (0 0 439.995117 ) (0 0 447.273590 ) (0 74 447.273590 ) (0 87.336845 432.723389 ) (0 15.997795 432.723389 ) 
5 70 71 (0 15.997211 432.723633 ) (0 87.337433 432.723633 ) (16.005857 80.664063 440 ) (16.005859 0 440 ) (15.997231 0 439.995087 ) 
4 71 102 (0 15.997800 432.723389 ) (0 87.336845 432.723389 ) (0 96 423.272736 ) (0 36.789223 423.272736 ) 
4 72 419 (224 0 336 ) (576 0 336 ) (523.200012 0 360 ) (276.799957 0 360 ) 
4 72 73 (224 176 336 ) (576 176 336 ) (576 0 336 ) (224 0 336 ) 
3 73 439 (0 0 336 ) (0 0 234.181824 ) (224 0 336 ) 
5 73 419 (0 0 234.181824 ) (0 0 224 ) (822.400024 0 224 ) (576 0 336 ) (224 0 336 ) 
4 73 105 (0 0 224 ) (0 0 287.049988 ) (0 176 287.049988 ) (0 176 224 ) 
4 73 104 (0 0 287.049988 ) (0 0 336 ) (0 176 336 ) (0 176 287.049988 ) 
4 73 81 (0 176 224 ) (822.400024 176 224 ) (822.400024 0 224 ) (0 0 224 ) 
5 73 79 (592 176 328.726929 ) (576.004639 176 335.997192 ) (575.998474 175.997421 336 ) (575.998413 0 336 ) (592 0 328.726929 ) 
4 73 78 (822.398438 0 224 ) (822.398438 176 224 ) (592 176 328.726929 ) (592 0 328.726929 ) 
3 74 436 (262.399933 0 528 ) (206.399994 0 528 ) (234.399979 0 515.272705 ) 
3 74 433 (400 0 440 ) (426.399963 0 428 ) (452.799927 0 440 ) 
6 74 432 (590.400024 0 528 ) (262.399933 0 528 ) (234.399979 0 515.272705 ) (400 0 440 ) (452.799927 0 440 ) (618.400024 0 515.272705 ) 
4 74 428 (757.604309 0 427.998047 ) (784.004272 0 439.998047 ) (784 0 440 ) (731.200012 0 440 ) 
4 74 426 (784 0 440 ) (618.400024 0 515.272705 ) (592 0 503.272705 ) (731.200012 0 440 ) 
6 74 422 (426.399963 0 428 ) (576 0 360 ) (608.008545 0 360 ) (757.604309 0 427.998047 ) (731.200012 0 440 ) (452.799927 0 440 ) 
3 74 421 (731.200012 0 440 ) (592 0 503.272705 ) (452.799927 0 440 ) 
4 74 77 (645.702942 138.296890 377.132874 ) (784.004822 80.667969 439.997742 ) (784.004822 0 439.997742 ) (784 0 439.995087 ) 
3 74 75 (206.410156 0 527.996094 ) (538.297607 138.286423 377.137634 ) (400.011658 0 439.995087 ) 
4 75 436 (206.399994 0 528 ) (153.599976 0 528 ) (208 0 503.272705 ) (234.399963 0 515.272705 ) 
4 75 432 (208 0 503.272705 ) (347.210754 0 439.995087 ) (400.010712 0 439.995087 ) (234.399963 0 515.272705 ) 
3 75 76 (347.210938 0 439.996094 ) (373.605133 26.394194 427.998566 ) (399.998718 0 439.995544 ) 
3 76 434 (347.210754 0 439.995087 ) (373.604126 0 427.998108 ) (399.997772 0 439.995087 ) 
5 78 423 (592 0 328.727295 ) (822.400024 0 224 ) (960 0 224 ) (960 0 336 ) (784 0 416 ) 
4 78 81 (822.400024 176 224 ) (912 176 224 ) (912 0 224 ) (822.400024 0 224 ) 
4 78 79 (608.003845 176 336 ) (592.001953 176 328.726410 ) (592.001953 0 328.726410 ) (608.003845 0 336 ) 
3 79 424 (576 0 336 ) (592 0 328.727295 ) (608 0 336 ) 
4 80 440 (912 0 176 ) (960 0 176 ) (960 0 212 ) (912 0 212 ) 
4 80 82 (912 176 176 ) (960 176 176 ) (960 136 176 ) (912 136 176 ) 
4 80 86 (960 136 176 ) (960 0 176 ) (912 0 176 ) (912 136 176 ) 
4 80 81 (912 176 176 ) (912 0 176 ) (912 0 212 ) (912 176 212 ) 
4 81 441 (0 0 224 ) (0 0 176 ) (912 0 176 ) (912 0 224 ) 
4 81 105 (0 0 176 ) (0 0 224 ) (0 176 224 ) (0 176 176 ) 
4 81 87 (0 0 176 ) (0 176 176 ) (128 176 176 ) (128 0 176 ) 
4 81 84 (128 176 176 ) (256 176 176 ) (256 136 176 ) (128 136 176 ) 
4 81 82 (648 176 176 ) (912 176 176 ) (912 136 176 ) (648 136 176 ) 
4 81 86 (912 136 176 ) (912 0 176 ) (128 0 176 ) (128 136 176 ) 
4 82 83 (648 136 0 ) (648 136 164 ) (648 176 164 ) (648 176 0 ) 
4 82 86 (648 136 0 ) (960 136 0 ) (960 136 176 ) (648 136 176 ) 
4 83 88 (128 176 112 ) (128 176 0 ) (128 136 0 ) (128 136 112 ) 
5 83 86 (128 136 112 ) (128 136 0 ) (648 136 0 ) (648 136 164 ) (256 136 164 ) 
4 84 87 (128 136 176 ) (128 176 176 ) (128 176 164 ) (128 136 164 ) 
4 84 85 (226.461517 136 164 ) (128 136 164 ) (128 176 164 ) (226.461517 176 164 ) 
4 84 86 (128 136 176 ) (128 136 164 ) (226.461517 136 164 ) (256 136 176 ) 
4 85 87 (128 176 164 ) (128 176 124 ) (128 136 124 ) (128 136 164 ) 
3 85 86 (128 136 164 ) (128 136 124 ) (226.461517 136 164 ) 
4 86 442 (128 0 0 ) (960 0 0 ) (960 0 176 ) (128 0 176 ) 
4 86 87 (128 0 176 ) (128 136 176 ) (128 136 124 ) (128 0 124 ) 
4 86 88 (128 136 112 ) (128 136 0 ) (128 0 0 ) (128 0 112 ) 
4 87 447 (0 0 176 ) (0 0 124 ) (128 0 124 ) (128 0 176 ) 
4 87 105 (0 0 124 ) (0 0 176 ) (0 176 176 ) (0 176 124 ) 
4 88 448 (0 0 112 ) (0 0 0 ) (128 0 0 ) (128 0 112 ) 
4 88 121 (0 0 0 ) (0 0 76 ) (0 176 76 ) (0 176 0 ) 
4 88 120 (0 0 76 ) (0 0 112 ) (0 48 112 ) (0 48 76 ) 
4 88 118 (0 48 112 ) (0 112 112 ) (0 112 76 ) (0 48 76 ) 
4 88 109 (0 112 112 ) (0 176 112 ) (0 176 76 ) (0 112 76 ) 
4 89 450 (1024 0 528 ) (1024 0 2048 ) (992 0 2048 ) (992 0 528 ) 
3 89 91 (1008 176 384 ) (1024 176 384 ) (1024 168.666687 384 ) 
4 89 90 (992 0 584 ) (992 0 2048 ) (992 176 2048 ) (992 176 389.142822 ) 
4 90 451 (992 0 2048 ) (0 0 2048 ) (0 0 584 ) (992 0 584 ) 
4 90 108 (0 0 584 ) (0 0 2048 ) (0 176 2048 ) (0 176 389.142822 ) 
4 93 454 (1024 0 -2048 ) (1024 0 -256 ) (448 0 -256 ) (448 0 -2048 ) 
4 93 94 (448 176 -256 ) (448 176 -2048 ) (448 0 -2048 ) (448 0 -256 ) 
4 94 455 (448 0 -2048 ) (448 0 -256 ) (0 0 -494.933380 ) (0 0 -2048 ) 
4 94 124 (0 0 -2048 ) (0 0 -494.933350 ) (0 176 -494.933380 ) (0 176 -2048 ) 
4 95 166 (-160 224 -8 ) (-160 224 0 ) (-160 1024 0 ) (-160 1024 -8 ) 
4 95 164 (-160 224 0 ) (-160 224 112 ) (-160 1024 112 ) (-160 1024 0 ) 
4 95 150 (-160 224 112 ) (-160 224 336 ) (-160 1024 336 ) (-160 1024 112 ) 
4 95 149 (-160 224 336 ) (-160 224 844 ) (-160 1024 844 ) (-160 1024 336 ) 
4 95 146 (-160 224 1012 ) (-160 224 2048 ) (-160 1024 2048 ) (-160 1024 1012 ) 
4 95 140 (-160 224 844 ) (-160 224 1012 ) (-160 1024 1012 ) (-160 1024 844 ) 
6 95 99 (0 224 136 ) (0 224 277.813660 ) (-0.666555 224 277.667053 ) (-13.166723 224 266.666870 ) (-16 224 252 ) (-16 224 136 ) 
4 95 100 (-160 224 0 ) (-160 224 -8 ) (0 224 -8 ) (0 224 0 ) 
4 95 98 (-160 224 2048 ) (-160 224 336 ) (0 224 336 ) (0 224 2048 ) 
4 95 96 (-160 441.600006 -8 ) (-160 1024 -8 ) (0 1024 -8 ) (0 409.599976 -8 ) 
4 96 167 (-160 441.600006 -8 ) (-160 1024 -8 ) (-160 1024 -2048 ) (-160 441.600037 -2048 ) 
4 96 97 (-160 441.599609 -2048 ) (0 409.599670 -2048 ) (0 409.599915 -494.933350 ) (-160 441.599884 -580.266724 ) 
4 97 168 (-160 224 -2048 ) (-160 224 -580.266724 ) (-160 441.600006 -580.266724 ) (-160 441.600037 -2048 ) 
4 97 101 (-160 224 -580.266724 ) (-160 224 -2048 ) (0 224 -2048 ) (0 224 -494.933350 ) 
4 98 149 (-160 176 389.142883 ) (-160 176 844 ) (-160 224 844 ) (-160 224 336 ) 
4 98 146 (-160 176 1012 ) (-160 176 2048 ) (-160 224 2048 ) (-160 224 1012 ) 
4 98 140 (-160 176 844 ) (-160 176 1012 ) (-160 224 1012 ) (-160 224 844 ) 
4 98 108 (-160 176 2048 ) (-160 176 389.142944 ) (0 176 389.142883 ) (0 176 2048 ) 
5 99 106 (-11.384001 176 268.235657 ) (-13.166723 176 266.666870 ) (-16 176 252 ) (-16 176 124 ) (-11.384001 176 124 ) 
5 99 105 (0 176 124 ) (0 176 277.813660 ) (-0.666555 176 277.667053 ) (-11.384001 176 268.235657 ) (-11.384001 176 124 ) 
4 100 166 (-160 176 -8 ) (-160 176 0 ) (-160 224 0 ) (-160 224 -8 ) 
4 101 168 (-160 176 -2048 ) (-160 176 -580.266724 ) (-160 224 -580.266724 ) (-160 224 -2048 ) 
4 101 139 (-160 176 -580.266724 ) (-160 176 -2048 ) (-96 176 -2048 ) (-96 176 -546.133362 ) 
4 101 124 (-96 176 -2048 ) (0 176 -2048 ) (0 176 -494.933350 ) (-96 176 -546.133362 ) 
4 102 735 (0 0 439.995117 ) (0 0 528 ) (-160 0 528 ) (-160 0 439.995117 ) 
5 102 103 (-160 0 439.996094 ) (-160 138.290787 377.136078 ) (-122.292030 138.290787 377.136078 ) (0 15.998688 432.723389 ) (0 0 439.995514 ) 
4 103 736 (0 0 432.723389 ) (0 0 439.995117 ) (-160 0 439.995117 ) (-160 0 359.996094 ) 
4 104 737 (0 0 287.049988 ) (0 0 408.727264 ) (-160 0 336 ) (-160 0 287.049988 ) 
4 104 151 (-160 0 287.049988 ) (-160 0 336 ) (-160 48 336 ) (-160 48 287.049988 ) 
4 104 106 (-96 112 287.049988 ) (-96 176 287.049988 ) (-11.384001 176 287.049988 ) (-11.384001 112 287.049988 ) 
4 104 105 (0 0 287.049988 ) (-11.384001 0 287.049988 ) (-11.384001 176 287.049988 ) (0 176 287.049988 ) 
4 104 107 (-96 0 287.049988 ) (-160 0 287.049988 ) (-160 176 287.049988 ) (-96 176 287.049988 ) 
4 105 738 (0 0 124 ) (0 0 287.049988 ) (-11.384001 0 287.049988 ) (-11.384001 0 124 ) 
4 105 106 (-11.384001 112 287.049988 ) (-11.384001 176 287.049988 ) (-11.384001 176 124 ) (-11.384001 112 124 ) 
4 106 116 (-80 176 124 ) (-64 176 124 ) (-64 112 124 ) (-80 112 124 ) 
4 106 117 (-96 112 124 ) (-96 176 124 ) (-80 176 124 ) (-80 112 124 ) 
4 106 114 (-64 176 124 ) (-48 176 124 ) (-48 112 124 ) (-64 112 124 ) 
4 106 112 (-48 176 124 ) (-32 176 124 ) (-32 112 124 ) (-48 112 124 ) 
4 106 110 (-32 176 124 ) (-16 176 124 ) (-16 112 124 ) (-32 112 124 ) 
4 106 107 (-96 112 287.049988 ) (-96 176 287.049988 ) (-96 176 124 ) (-96 112 124 ) 
4 107 740 (-96 0 287.049988 ) (-160 0 287.049988 ) (-160 0 124 ) (-96 0 124 ) 
4 107 161 (-160 32 132 ) (-160 48 132 ) (-160 48 124 ) (-160 32 124 ) 
4 107 158 (-160 0 132 ) (-160 0 140 ) (-160 48 140 ) (-160 48 132 ) 
4 107 151 (-160 0 140 ) (-160 0 287.049988 ) (-160 48 287.049988 ) (-160 48 140 ) 
4 107 119 (-160 48 124 ) (-160 112 124 ) (-96 112 124 ) (-96 48 124 ) 
4 107 117 (-160 112 124 ) (-160 176 124 ) (-96 176 124 ) (-96 112 124 ) 
4 108 743 (0 0 584 ) (0 0 844 ) (-160 0 844 ) (-160 0 584 ) 
4 108 495 (0 0 844 ) (0 0 2048 ) (-160 0 2048 ) (-160 0 844 ) 
4 108 148 (-160 0 1103.380005 ) (-160 0 1408.004639 ) (-160 176 1103.384766 ) (-160 176 1103.380005 ) 
4 108 147 (-160 0 1408.004639 ) (-160 0 2048 ) (-160 176 2048 ) (-160 176 1103.384766 ) 
4 108 144 (-160 8 972 ) (-160 80 972 ) (-160 80 844 ) (-160 8 844 ) 
7 108 143 (-160 11.916535 986.669128 ) (-160 25.668528 997.670166 ) (-160 43.993477 1001.331299 ) (-160 62.309212 997.672119 ) (-160 76.087685 986.649292 ) (-160 79.200005 972 ) (-160 8.800003 972 ) 
4 109 121 (-16 176 76 ) (0 176 76 ) (0 112 76 ) (-16 112 76 ) 
4 109 118 (-16 112 76 ) (0 112 76 ) (0 112 112 ) (-16 112 112 ) 
4 109 111 (-16 176 76 ) (-16 112 76 ) (-16 112 106 ) (-16 176 106 ) 
4 110 112 (-32 112 116 ) (-32 112 124 ) (-32 176 124 ) (-32 176 116 ) 
4 111 121 (-32 176 76 ) (-16 176 76 ) (-16 112 76 ) (-32 112 76 ) 
4 111 118 (-32 112 76 ) (-16 112 76 ) (-16 112 106 ) (-32 112 106 ) 
4 111 113 (-32 176 76 ) (-32 112 76 ) (-32 112 96 ) (-32 176 96 ) 
4 112 118 (-32 112 106 ) (-32 112 112 ) (-48 112 112 ) (-48 112 106 ) 
4 112 114 (-48 112 106 ) (-48 112 124 ) (-48 176 124 ) (-48 176 106 ) 
4 113 121 (-48 176 76 ) (-32 176 76 ) (-32 112 76 ) (-48 112 76 ) 
4 113 118 (-48 112 76 ) (-32 112 76 ) (-32 112 96 ) (-48 112 96 ) 
4 113 115 (-48 176 76 ) (-48 112 76 ) (-48 112 86 ) (-48 176 86 ) 
4 114 118 (-48 112 96 ) (-48 112 112 ) (-64 112 112 ) (-64 112 96 ) 
4 114 116 (-64 112 96 ) (-64 112 124 ) (-64 176 124 ) (-64 176 96 ) 
4 115 121 (-64 176 76 ) (-48 176 76 ) (-48 112 76 ) (-64 112 76 ) 
4 115 118 (-64 112 76 ) (-48 112 76 ) (-48 112 86 ) (-64 112 86 ) 
4 116 118 (-64 112 86 ) (-64 112 112 ) (-80 112 112 ) (-80 112 86 ) 
4 116 117 (-80 112 86 ) (-80 112 124 ) (-80 176 124 ) (-80 176 86 ) 
4 117 125 (-160 112 76 ) (-160 176 76 ) (-96 176 76 ) (-96 112 76 ) 
4 117 118 (-96 112 76 ) (-80 112 76 ) (-80 112 112 ) (-96 112 112 ) 
4 117 119 (-160 112 76 ) (-96 112 76 ) (-96 112 124 ) (-160 112 124 ) 
4 118 123 (-96 112 76 ) (-80 112 76 ) (-80 48 76 ) (-96 48 76 ) 
4 118 121 (-80 112 76 ) (0 112 76 ) (0 48 76 ) (-80 48 76 ) 
4 118 120 (-96 48 76 ) (0 48 76 ) (0 48 112 ) (-96 48 112 ) 
4 118 119 (-96 112 112 ) (-96 112 76 ) (-96 48 76 ) (-96 48 112 ) 
4 119 133 (-160 96 76 ) (-160 112 76 ) (-96 112 76 ) (-96 96 76 ) 
4 119 134 (-160 48 76 ) (-160 96 76 ) (-96 96 76 ) (-96 48 76 ) 
4 119 120 (-160 48 76 ) (-96 48 76 ) (-96 48 112 ) (-160 48 112 ) 
4 120 741 (0 0 76 ) (0 0 112 ) (-160 0 112 ) (-160 0 76 ) 
4 120 165 (-160 0 76 ) (-160 0 112 ) (-160 32 112 ) (-160 32 76 ) 
4 120 134 (-160 0 76 ) (-160 48 76 ) (-96 48 76 ) (-96 0 76 ) 
4 120 123 (-96 48 76 ) (-80 48 76 ) (-80 0 76 ) (-96 0 76 ) 
4 120 121 (-80 48 76 ) (0 48 76 ) (0 0 76 ) (-80 0 76 ) 
4 121 741 (0 0 0 ) (0 0 76 ) (-80 0 76 ) (-80 0 0 ) 
4 121 122 (-80 176 0 ) (-80 112 0 ) (-80 112 66 ) (-80 176 66 ) 
4 121 123 (-80 112 0 ) (-80 0 0 ) (-80 0 76 ) (-80 112 76 ) 
4 122 135 (-96 176 18 ) (-96 176 0 ) (-96 112 0 ) (-96 112 18 ) 
4 122 131 (-96 176 38 ) (-96 176 28 ) (-96 112 28 ) (-96 112 38 ) 
4 122 132 (-96 176 28 ) (-96 176 18 ) (-96 112 18 ) (-96 112 28 ) 
4 122 130 (-96 176 48 ) (-96 176 38 ) (-96 112 38 ) (-96 112 48 ) 
4 122 127 (-96 176 58 ) (-96 176 48 ) (-96 112 48 ) (-96 112 58 ) 
4 122 123 (-96 112 66 ) (-96 112 0 ) (-80 112 0 ) (-80 112 66 ) 
4 123 741 (-80 0 76 ) (-96 0 76 ) (-96 0 0 ) (-80 0 0 ) 
4 123 137 (-96 64 18 ) (-96 80 18 ) (-96 80 8 ) (-96 64 8 ) 
4 123 138 (-96 0 0 ) (-96 0 18 ) (-96 64 18 ) (-96 64 0 ) 
4 123 136 (-96 96 8 ) (-96 96 0 ) (-96 80 0 ) (-96 80 8 ) 
4 123 135 (-96 96 18 ) (-96 112 18 ) (-96 112 0 ) (-96 96 0 ) 
4 123 133 (-96 96 76 ) (-96 112 76 ) (-96 112 28 ) (-96 96 28 ) 
4 123 134 (-96 0 18 ) (-96 0 76 ) (-96 96 76 ) (-96 96 18 ) 
4 124 744 (0 0 -2048 ) (0 0 -494.933350 ) (-96 0 -546.133362 ) (-96 0 -2048 ) 
4 124 139 (-96 0 -2048 ) (-96 0 -546.133423 ) (-96 176 -546.133362 ) (-96 176 -2048 ) 
4 125 133 (-96 112 66 ) (-96 112 76 ) (-160 112 76 ) (-160 112 66 ) 
4 125 126 (-96 112 66 ) (-160 112 66 ) (-160 176 66 ) (-128 176 66 ) 
4 126 133 (-96 112 58 ) (-96 112 66 ) (-160 112 66 ) (-160 112 58 ) 
3 126 128 (-96 112 58 ) (-160 112 58 ) (-160 176 58 ) 
3 127 130 (-96 112 48 ) (-128 176 48 ) (-96 176 48 ) 
4 128 133 (-96 112 48 ) (-96 112 58 ) (-160 112 58 ) (-160 112 48 ) 
3 128 129 (-96 112 48 ) (-160 112 48 ) (-160 144 48 ) 
4 129 133 (-96 112 38 ) (-96 112 48 ) (-160 112 48 ) (-160 112 38 ) 
3 130 131 (-96 112 38 ) (-160 176 38 ) (-96 176 38 ) 
4 131 132 (-96 112 28 ) (-160 144 28 ) (-160 176 28 ) (-96 176 28 ) 
4 132 135 (-160 112 18 ) (-160 176 18 ) (-96 176 18 ) (-96 112 18 ) 
4 133 134 (-96 96 28 ) (-96 96 76 ) (-160 96 76 ) (-160 96 28 ) 
4 134 741 (-96 0 18 ) (-96 0 76 ) (-160 0 76 ) (-160 0 18 ) 
4 134 165 (-160 0 18 ) (-160 0 76 ) (-160 32 76 ) (-160 32 18 ) 
4 134 137 (-160 64 18 ) (-160 80 18 ) (-96 80 18 ) (-96 64 18 ) 
4 134 138 (-160 0 18 ) (-160 64 18 ) (-96 64 18 ) (-96 0 18 ) 
4 135 136 (-160 96 0 ) (-96 96 0 ) (-96 96 8 ) (-160 96 8 ) 
4 137 138 (-96 64 8 ) (-96 64 18 ) (-160 64 18 ) (-160 64 8 ) 
4 138 741 (-96 0 0 ) (-96 0 18 ) (-160 0 18 ) (-160 0 0 ) 
4 138 165 (-160 0 0 ) (-160 0 18 ) (-160 32 18 ) (-160 32 0 ) 
4 139 744 (-96 0 -2048 ) (-96 0 -546.133423 ) (-160 0 -580.266724 ) (-160 0 -2048 ) 
4 139 168 (-160 0 -2048 ) (-160 0 -580.266724 ) (-160 176 -580.266724 ) (-160 176 -2048 ) 
4 140 169 (-208 176 1095.078125 ) (-208 1024 1095.078125 ) (-208 1024 844 ) (-208 176 844 ) 
4 140 149 (-208 176 844 ) (-208 1024 844 ) (-160 1024 844 ) (-160 176 844 ) 
4 140 146 (-160 176 1012.001343 ) (-160 1024 1012.001343 ) (-208 1024 1095.079102 ) (-208 176 1095.079102 ) 
4 141 183 (-208 80 1095.078125 ) (-208 128 1095.078125 ) (-208 143.644958 1068 ) (-208 80 1068 ) 
3 141 145 (-192.353821 80 1068 ) (-208 80 1095.080322 ) (-208 80 1068 ) 
3 142 496 (-162.311081 0 1016 ) (-176 0 1039.692749 ) (-176 0 1016 ) 
4 142 145 (-176 80 1039.691406 ) (-176 80 1016 ) (-176 0 1016 ) (-176 0 1039.691406 ) 
4 143 144 (-176 8.800003 972 ) (-176 79.199997 972 ) (-160 79.200005 972 ) (-160 8.800003 972 ) 
7 143 145 (-176 79.200005 972 ) (-176 8.800003 972 ) (-176 11.915651 986.664978 ) (-176 25.674015 997.671082 ) (-176 43.993767 1001.331238 ) (-176 62.310139 997.671936 ) (-176 76.087547 986.649963 ) 
4 144 145 (-176 80 972 ) (-176 80 844 ) (-176 8 844 ) (-176 8 972 ) 
3 145 696 (-200.262009 0 1081.685303 ) (-208 0 1095.078125 ) (-208 0 1079.599609 ) 
3 145 635 (-208 0 943.779419 ) (-208 0 940.223511 ) (-206.113098 0 942 ) 
5 145 632 (-208 0 990.626343 ) (-208 0 943.779419 ) (-206.113098 0 942 ) (-176 0 970.355408 ) (-176 0 983.083130 ) 
4 145 539 (-208 0 1018.441956 ) (-208 0 990.626343 ) (-176 0 983.083130 ) (-176 0 1010.898743 ) 
5 145 538 (-176 0 1039.692749 ) (-200.262009 0 1081.685303 ) (-208 0 1079.599609 ) (-208 0 1018.441956 ) (-176 0 1010.898743 ) 
4 145 504 (-208 0 940.223511 ) (-208 0 844 ) (-176 0 844 ) (-176 0 970.355408 ) 
3 145 283 (-208 0 1067.545654 ) (-208 0 1068 ) (-208 0.481855 1068 ) 
7 145 272 (-208 0 1026 ) (-208 0 1067.545654 ) (-208 0.481855 1068 ) (-208 27.785320 1068 ) (-208 80 1055.689331 ) (-208 80 1026.870972 ) (-208 20.638828 970.963379 ) 
3 145 257 (-208 0 951.525269 ) (-208 0 1026 ) (-208 20.638828 970.963379 ) 
3 145 201 (-208 27.785320 1068 ) (-208 80 1068 ) (-208 80 1055.689331 ) 
4 145 185 (-208 0 844 ) (-208 0 951.525269 ) (-208 80 1026.870972 ) (-208 80 844 ) 
4 145 183 (-208 0 1068 ) (-208 0 1095.078125 ) (-208 80 1095.078125 ) (-208 80 1068 ) 
4 146 169 (-208 176 2048 ) (-208 1024 2048 ) (-208 1024 1095.078125 ) (-208 176 1095.078125 ) 
4 146 147 (-160 176 2048 ) (-208 176 2048 ) (-208 176 1103.384766 ) (-160 176 1103.384766 ) 
4 147 500 (-176 0 2048 ) (-208 0 2048 ) (-208 0 1408.004639 ) (-176 0 1408.004639 ) 
4 147 499 (-160 0 1408.004639 ) (-160 0 2048 ) (-176 0 2048 ) (-176 0 1408.004639 ) 
4 147 180 (-208 0 1408.004639 ) (-208 0 2048 ) (-208 160 2048 ) (-208 160 1131.077515 ) 
4 147 172 (-208 160 2048 ) (-208 176 2048 ) (-208 176 1103.384766 ) (-208 160 1131.077515 ) 
4 147 148 (-160 176 1103.381348 ) (-160 0 1408.001587 ) (-208 0 1408.001465 ) (-208 128 1186.458252 ) 
4 148 502 (-176 0 1408.004639 ) (-208 0 1408.004639 ) (-208 0 1186.458252 ) (-176 0 1131.072754 ) 
4 148 499 (-160 0 1103.380005 ) (-160 0 1408.004639 ) (-176 0 1408.004639 ) (-176 0 1131.072754 ) 
3 148 182 (-208 0 1186.458252 ) (-208 0 1408.004639 ) (-208 128.002701 1186.458252 ) 
4 149 169 (-208 176 844 ) (-208 1024 844 ) (-208 1024 336 ) (-208 176 336 ) 
4 149 150 (-208 176 336 ) (-208 1024 336 ) (-160 1024 336 ) (-160 176 336 ) 
4 150 169 (-208 1024 336 ) (-208 1024 112 ) (-208 176 112 ) (-208 176 336 ) 
4 150 164 (-208 176 112 ) (-208 1024 112 ) (-160 1024 112 ) (-160 176 112 ) 
4 151 754 (-160 0 140 ) (-160 0 148 ) (-184 0 148 ) (-184 0 140 ) 
4 151 753 (-160 0 148 ) (-160 0 336 ) (-184 0 336 ) (-184 0 148 ) 
4 151 159 (-184 48 140 ) (-172 48 140 ) (-172 32 140 ) (-184 32 140 ) 
4 151 158 (-172 48 140 ) (-160 48 140 ) (-160 0 140 ) (-172 0 140 ) 
4 151 153 (-184 0 148 ) (-184 0 336 ) (-184 32 336 ) (-184 32 148 ) 
4 151 152 (-184 48 140 ) (-184 32 140 ) (-184 32 336 ) (-184 48 336 ) 
4 152 160 (-196 48 140 ) (-184 48 140 ) (-184 32 140 ) (-196 32 140 ) 
4 152 156 (-196 48 152 ) (-196 48 140 ) (-196 32 140 ) (-196 32 152 ) 
4 152 155 (-196 48 156 ) (-196 48 152 ) (-196 32 152 ) (-196 32 156 ) 
4 152 154 (-196 48 336 ) (-196 48 156 ) (-196 32 156 ) (-196 32 336 ) 
4 152 153 (-184 32 148 ) (-184 32 336 ) (-196 32 336 ) (-196 32 148 ) 
4 153 753 (-184 0 336 ) (-196 0 336 ) (-196 0 148 ) (-184 0 148 ) 
4 153 154 (-196 0 156 ) (-196 0 336 ) (-196 32 336 ) (-196 32 156 ) 
4 154 756 (-208 0 336 ) (-208 0 156 ) (-196 0 156 ) (-196 0 336 ) 
4 154 382 (-208 0 164 ) (-208 0 336 ) (-208 48 336 ) (-208 48 164 ) 
4 154 155 (-208 32 156 ) (-208 48 156 ) (-196 48 156 ) (-196 32 156 ) 
4 155 156 (-200 48 152 ) (-196 48 152 ) (-196 32 152 ) (-200 32 152 ) 
4 156 160 (-200 48 140 ) (-196 48 140 ) (-196 32 140 ) (-200 32 140 ) 
4 156 157 (-200 32 140 ) (-196 32 140 ) (-196 32 148 ) (-200 32 148 ) 
4 157 758 (-200 0 140 ) (-196 0 140 ) (-196 0 148 ) (-200 0 148 ) 
4 157 160 (-200 32 140 ) (-196 32 140 ) (-196 0 140 ) (-200 0 140 ) 
4 158 760 (-160 0 132 ) (-160 0 140 ) (-172 0 140 ) (-172 0 132 ) 
4 158 161 (-172 48 132 ) (-160 48 132 ) (-160 32 132 ) (-172 32 132 ) 
4 158 159 (-172 48 132 ) (-172 32 132 ) (-172 32 140 ) (-172 48 140 ) 
4 159 162 (-184 48 132 ) (-172 48 132 ) (-172 32 132 ) (-184 32 132 ) 
4 159 160 (-184 48 132 ) (-184 32 132 ) (-184 32 140 ) (-184 48 140 ) 
4 160 762 (-184 0 140 ) (-200 0 140 ) (-200 0 132 ) (-184 0 132 ) 
4 160 162 (-200 0 132 ) (-200 48 132 ) (-184 48 132 ) (-184 0 132 ) 
4 161 163 (-172 48 124 ) (-160 48 124 ) (-160 32 124 ) (-172 32 124 ) 
4 161 162 (-172 48 124 ) (-172 32 124 ) (-172 32 132 ) (-172 48 132 ) 
4 162 765 (-172 0 132 ) (-200 0 132 ) (-200 0 124 ) (-172 0 124 ) 
4 162 163 (-200 0 124 ) (-200 48 124 ) (-172 48 124 ) (-172 0 124 ) 
4 163 763 (-160 0 120 ) (-160 0 124 ) (-172 0 124 ) (-172 0 120 ) 
4 163 765 (-172 0 124 ) (-200 0 124 ) (-200 0 120 ) (-172 0 120 ) 
4 164 169 (-208 176 112 ) (-208 1024 112 ) (-208 1024 0 ) (-208 176 0 ) 
4 164 166 (-208 176 0 ) (-208 1024 0 ) (-160 1024 0 ) (-160 176 0 ) 
4 165 768 (-160 0 0 ) (-160 0 112 ) (-208 0 112 ) (-208 0 0 ) 
4 165 387 (-208 0 0 ) (-208 0 112 ) (-208 32 112 ) (-208 32 0 ) 
4 166 369 (-208 128 0 ) (-208 160 0 ) (-208 160 -8 ) (-208 128 -8 ) 
4 166 178 (-208 160 0 ) (-208 176 0 ) (-208 176 -8 ) (-208 160 -8 ) 
4 166 169 (-208 176 0 ) (-208 1024 0 ) (-208 1024 -8 ) (-208 176 -8 ) 
4 166 167 (-208 451.200012 -8 ) (-208 1024 -8 ) (-160 1024 -8 ) (-160 441.599976 -8 ) 
4 167 170 (-208 451.200012 -8 ) (-208 1024 -8 ) (-208 1024 -2048 ) (-208 451.199951 -2048 ) 
4 167 168 (-208 451.200195 -2048 ) (-160 441.600189 -2048 ) (-160 441.599060 -580.266724 ) (-208 451.199493 -605.866699 ) 
4 168 772 (-160 0 -2048 ) (-160 0 -580.266724 ) (-208 0 -605.866699 ) (-208 0 -2048 ) 
4 168 388 (-208 0 -2048 ) (-208 0 -605.866699 ) (-208 80 -605.866699 ) (-208 80 -2048 ) 
4 168 381 (-208 80 -605.866699 ) (-208 128 -605.866699 ) (-208 128 -2048 ) (-208 80 -2048 ) 
4 168 370 (-208 128 -605.866699 ) (-208 160 -605.866699 ) (-208 160 -2048 ) (-208 128 -2048 ) 
4 168 179 (-208 160 -605.866699 ) (-208 176 -605.866699 ) (-208 176 -2048 ) (-208 160 -2048 ) 
4 168 171 (-208 176 -605.866699 ) (-208 451.199982 -605.866699 ) (-208 451.199951 -2048 ) (-208 176 -2048 ) 
4 169 402 (-464 1024 0 ) (-464 1024 -8 ) (-464 176 -8 ) (-464 176 0 ) 
4 169 400 (-464 1024 112 ) (-464 1024 0 ) (-464 176 0 ) (-464 176 112 ) 
4 169 398 (-464 1024 844 ) (-464 1024 112 ) (-464 176 112 ) (-464 176 844 ) 
4 169 395 (-464 1024 2048 ) (-464 1024 1095.078125 ) (-464 176 1095.078125 ) (-464 176 2048 ) 
4 169 389 (-464 1024 1095.078125 ) (-464 1024 844 ) (-464 176 844 ) (-464 176 1095.078125 ) 
4 169 178 (-464 176 0 ) (-464 176 -8 ) (-208 176 -8 ) (-208 176 0 ) 
4 169 177 (-416 176 844 ) (-344 176 844 ) (-344 176 972 ) (-416 176 972 ) 
4 169 176 (-328 176 844 ) (-256 176 844 ) (-256 176 972 ) (-328 176 972 ) 
7 169 175 (-327.200043 176 972 ) (-256.799988 176 972 ) (-259.916199 176 986.669067 ) (-273.664490 176 997.666870 ) (-292 176 1001.330139 ) (-310.329834 176 997.668091 ) (-324.084930 176 986.664001 ) 
7 169 174 (-415.200012 176 972 ) (-344.799988 176 972 ) (-347.916168 176 986.668945 ) (-361.664551 176 997.666809 ) (-380 176 1001.330139 ) (-398.330048 176 997.668030 ) (-412.084839 176 986.664185 ) 
4 169 172 (-464 176 2048 ) (-464 176 1103.384766 ) (-208 176 1103.384766 ) (-208 176 2048 ) 
4 169 170 (-464 502.399994 -8 ) (-464 1024 -8 ) (-208 1024 -8 ) (-208 451.199951 -8 ) 
4 170 403 (-464 1024 -8 ) (-464 1024 -2048 ) (-464 502.399963 -2048 ) (-464 502.399994 -8 ) 
4 170 171 (-464 502.399414 -2048 ) (-208 451.199371 -2048 ) (-208 451.199829 -605.866699 ) (-464 502.399780 -742.400085 ) 
4 171 404 (-464 502.399963 -2048 ) (-464 176 -2048 ) (-464 176 -742.400024 ) (-464 502.399994 -742.400085 ) 
4 171 179 (-464 176 -742.400085 ) (-464 176 -2048 ) (-208 176 -2048 ) (-208 176 -605.866699 ) 
4 172 396 (-464 160 1131.077515 ) (-464 160 2048 ) (-464 176 2048 ) (-464 176 1103.384766 ) 
4 172 180 (-464 160 2048 ) (-464 160 1131.077515 ) (-208 160 1131.077515 ) (-208 160 2048 ) 
4 173 184 (-416 160 1016 ) (-256 160 1016 ) (-256 160 1039.692749 ) (-416 160 1039.692749 ) 
7 174 184 (-415.200012 160 972 ) (-344.799988 160 972 ) (-347.915344 160 986.665100 ) (-361.669678 160 997.667725 ) (-380 160 1001.330017 ) (-398.330048 160 997.668030 ) (-412.084839 160 986.664185 ) 
4 174 177 (-344.799988 160 972 ) (-415.200012 160 972 ) (-415.200012 176 972 ) (-344.799988 176 972 ) 
7 175 184 (-327.200012 160 972 ) (-256.799988 160 972 ) (-259.915375 160 986.665161 ) (-273.669647 160 997.667725 ) (-292 160 1001.330017 ) (-310.329926 160 997.668030 ) (-324.084869 160 986.664063 ) 
4 175 176 (-256.799988 160 972 ) (-327.200012 160 972 ) (-327.200043 176 972 ) (-256.799988 176 972 ) 
4 176 184 (-328 160 844 ) (-256 160 844 ) (-256 160 972 ) (-328 160 972 ) 
4 177 184 (-416 160 844 ) (-344 160 844 ) (-344 160 972 ) (-416 160 972 ) 
4 178 402 (-464 160 -8 ) (-464 160 0 ) (-464 176 0 ) (-464 176 -8 ) 
4 178 369 (-464 160 0 ) (-464 160 -8 ) (-208 160 -8 ) (-208 160 0 ) 
4 179 404 (-464 160 -2048 ) (-464 160 -742.400024 ) (-464 176 -742.400085 ) (-464 176 -2048 ) 
4 179 370 (-464 160 -742.400085 ) (-464 160 -2048 ) (-208 160 -2048 ) (-208 160 -605.866699 ) 
4 180 500 (-208 0 1408.004639 ) (-208 0 2048 ) (-464 0 2048 ) (-464 0 1408.004639 ) 
4 180 396 (-464 0 1408.004639 ) (-464 0 2048 ) (-464 160 2048 ) (-464 160 1131.077515 ) 
4 180 182 (-208 128.002319 1186.458252 ) (-208 0 1408.003784 ) (-336 0 1408.003784 ) (-336.001312 0 1408.002319 ) 
3 180 181 (-336 0 1408.003784 ) (-464 0 1408.003784 ) (-464 128 1186.462891 ) 
3 181 501 (-336 0 1408.004639 ) (-464 0 1408.004639 ) (-464 0 1186.462891 ) 
3 181 397 (-464 0 1186.462891 ) (-464 0 1408.004639 ) (-464 128 1186.462891 ) 
4 182 502 (-208 0 1186.458252 ) (-208 0 1408.004639 ) (-336 0 1408.004639 ) (-336.001282 0 1408.002319 ) 
4 183 714 (-393.724274 0 1216.711060 ) (-464 0 1095.078125 ) (-464 0 1068 ) (-403.863647 0 1068 ) 
6 183 696 (-208 0 1079.599487 ) (-208 0 1095.078247 ) (-336 0 1316.619995 ) (-371.420654 0 1255.314087 ) (-371.420685 0 1068 ) (-251.034607 0 1068 ) 
4 183 686 (-371.420654 0 1255.314087 ) (-393.724274 0 1216.711060 ) (-403.863647 0 1068 ) (-371.420685 0 1068 ) 
3 183 538 (-208 0 1068 ) (-208 0 1079.599487 ) (-251.034607 0 1068 ) 
4 183 391 (-464 0 1068 ) (-464 0 1095.078125 ) (-464 80 1095.078125 ) (-464 80 1068 ) 
4 183 390 (-464 80 1095.078125 ) (-464 128 1095.078125 ) (-464 143.644958 1068 ) (-464 80 1068 ) 
4 183 364 (-403.863647 6.025269 1068 ) (-403.863647 0 1068 ) (-407.136383 0 1068 ) (-407.136383 2.752490 1068 ) 
3 183 363 (-407.136383 0 1068 ) (-409.888824 0 1068 ) (-407.136383 2.752490 1068 ) 
6 183 362 (-464 0 1068 ) (-464 117.535660 1068 ) (-453.535706 128 1068 ) (-403.863647 128 1068 ) (-403.863647 6.025269 1068 ) (-409.888824 0 1068 ) 
4 183 283 (-208 0.481853 1068 ) (-208 0 1068 ) (-235.786301 0 1068 ) (-221.651947 14.133935 1068 ) 
3 183 272 (-208 27.785484 1068 ) (-208 0.481853 1068 ) (-221.651947 14.133935 1068 ) 
7 183 201 (-281.890747 128 1068 ) (-212.330322 128 1068 ) (-208 123.669693 1068 ) (-208 27.785484 1068 ) (-235.786301 0 1068 ) (-403.863647 0 1068 ) (-403.863647 6.025266 1068 ) 
3 183 192 (-403.863647 128 1068 ) (-281.890747 128 1068 ) (-403.863647 6.025266 1068 ) 
3 183 191 (-464 117.535660 1068 ) (-464 128 1068 ) (-453.535706 128 1068 ) 
3 183 185 (-212.330322 128 1068 ) (-208 128 1068 ) (-208 123.669693 1068 ) 
4 183 184 (-416 143.644958 1068 ) (-256 143.644958 1068 ) (-256 128 1068 ) (-416 128 1068 ) 
4 184 362 (-403.863678 128 1068 ) (-416 128 1068 ) (-416 128 1032.612305 ) (-406.863739 128 1023.998901 ) 
4 184 339 (-285.939941 128 1025.997314 ) (-288.837128 128 995.944275 ) (-263.996307 128 1019.339905 ) (-256.818604 128 1032.863037 ) 
4 184 272 (-263.996307 128 1019.339905 ) (-256 128 1026.870972 ) (-256 128 1033.056030 ) (-256.818604 128 1032.863037 ) 
4 184 201 (-256 128 1068 ) (-281.890747 128 1068 ) (-285.939941 128 1025.997314 ) (-256 128 1033.056030 ) 
5 184 192 (-281.890747 128 1068 ) (-403.863678 128 1068 ) (-406.863739 128 1023.998901 ) (-332.994049 128 954.356445 ) (-288.837128 128 995.944275 ) 
3 184 191 (-416 128 1032.612305 ) (-416 128 876.179749 ) (-332.994049 128 954.356445 ) 
4 184 189 (-416 128 876.179749 ) (-416 128 844 ) (-256 128 844 ) (-256 128 1026.870972 ) 
4 185 775 (-208 0 836 ) (-208 0 844 ) (-256 0 844 ) (-256 0 836 ) 
4 185 642 (-215.778107 0 944.199646 ) (-235.044601 0 926.054138 ) (-234.044067 0 915.699890 ) (-211.782562 0 936.661804 ) 
5 185 635 (-208 0 940.223511 ) (-208 0 943.779419 ) (-212.109756 0 947.654602 ) (-215.778107 0 944.199646 ) (-211.782562 0 936.661804 ) 
3 185 632 (-208 0 943.779419 ) (-208 0 951.525269 ) (-212.109756 0 947.654602 ) 
4 185 623 (-248.332245 0 913.539551 ) (-256 0 906.317932 ) (-256 0 895.025757 ) (-247.608673 0 902.927185 ) 
4 185 618 (-235.044601 0 926.054138 ) (-248.332245 0 913.539551 ) (-247.608673 0 902.927185 ) (-234.044067 0 915.699890 ) 
4 185 504 (-208 0 844 ) (-208 0 940.223511 ) (-256 0 895.025757 ) (-256 0 844 ) 
3 185 277 (-256 33.638130 938 ) (-256 33.166618 937.555969 ) (-255.361954 33 938 ) 
6 185 272 (-247.242203 128 1035.120728 ) (-256 128 1026.872437 ) (-256 37.885994 942 ) (-249.613892 31.499828 942 ) (-208 20.638510 970.964172 ) (-208 104.471130 1049.919922 ) 
3 185 271 (-239 10.975364 932.666687 ) (-235.996246 12.223999 936.671692 ) (-240.501907 16.729681 936.671692 ) 
5 185 266 (-256 32.227863 936.671814 ) (-256 9.952591 915.692383 ) (-251.730667 5.683347 915.692444 ) (-239 10.975364 932.666687 ) (-240.501907 16.729681 936.671692 ) 
4 185 265 (-251.730667 5.683347 915.692444 ) (-246.047195 0 915.692566 ) (-223.772324 0 936.671570 ) (-235.996246 12.223999 936.671692 ) 
3 185 264 (-229 6.638114 938 ) (-232 13.886171 942 ) (-235 12.638111 938 ) 
4 185 263 (-234.003738 10.231476 936.671692 ) (-228.003723 4.231428 936.671631 ) (-229 6.638114 938 ) (-235 12.638140 938 ) 
5 185 262 (-256 33.166618 937.555969 ) (-256 32.227863 936.671814 ) (-234.003738 10.231476 936.671692 ) (-235 12.638140 938 ) (-255.361954 33 938 ) 
4 185 261 (-228.003723 4.231428 936.671631 ) (-223.772324 0 936.671570 ) (-218.114395 0 942 ) (-232 13.886171 942 ) 
4 185 257 (-218.114395 0 942 ) (-208 0 951.526306 ) (-208 20.638510 970.964172 ) (-249.613892 31.499828 942 ) 
3 185 242 (-256 9.952591 915.692383 ) (-256 0 906.318787 ) (-246.047195 0 915.692566 ) 
4 185 201 (-212.332031 128 1068 ) (-247.242203 128 1035.120728 ) (-208 104.471130 1049.919922 ) (-208 123.667969 1068 ) 
5 185 189 (-256 0 844 ) (-256 0 906.316467 ) (-256 128 1026.869507 ) (-256 128 869.200012 ) (-256 80 844 ) 
4 185 188 (-256 0 836 ) (-256 64.761902 836 ) (-208 64.761902 836 ) (-208 0 836 ) 
4 185 186 (-256 80.001762 844 ) (-256 128 869.199097 ) (-208 128 869.199097 ) (-208 80.001762 844 ) 
3 186 189 (-256 128 869.200012 ) (-256 128 844 ) (-256 80 844 ) 
4 187 774 (-208 0 634 ) (-208 0 793.993408 ) (-256 0 793.993408 ) (-256 0 634 ) 
4 187 371 (-256 128 592 ) (-208 128 592 ) (-208 80 592 ) (-256 80 592 ) 
4 187 367 (-256 80 592 ) (-208 80 592 ) (-208 0 634 ) (-256 0 634 ) 
6 187 190 (-256 80.016571 592 ) (-256 0 634.008850 ) (-256 0 793.993408 ) (-256 34.298298 812 ) (-256 128 812 ) (-256 128 592 ) 
4 188 775 (-208 0 802 ) (-208 0 836 ) (-256 0 836 ) (-256 0 802 ) 
3 188 190 (-256 0 802 ) (-256 0 812 ) (-256 19.047615 812 ) 
4 189 670 (-265.142090 0 897.707764 ) (-282.511566 0 881.348816 ) (-277.550171 0 874.733643 ) (-259.151123 0 892.058594 ) 
4 189 663 (-282.511566 0 881.348816 ) (-291.888245 0 872.517700 ) (-286.927673 0 865.903564 ) (-277.550171 0 874.733643 ) 
4 189 623 (-256 0 906.317932 ) (-265.142090 0 897.707764 ) (-259.151123 0 892.058594 ) (-256 0 895.025757 ) 
4 189 552 (-291.888245 0 872.517700 ) (-322.167572 0 844 ) (-310.189209 0 844 ) (-286.927673 0 865.903564 ) 
3 189 504 (-310.189209 0 844 ) (-256 0 844 ) (-256 0 895.025757 ) 
4 189 340 (-296.450287 121.654037 982.798584 ) (-301.540436 117.411209 974.008545 ) (-300.092896 115.963684 974.008606 ) (-293.093689 118.297447 982.798645 ) 
4 189 339 (-263.994720 128 1019.342834 ) (-288.836975 128 995.945801 ) (-296.450287 121.654037 982.798584 ) (-293.093689 118.297447 982.798645 ) 
3 189 333 (-301.540436 117.411209 974.008545 ) (-305.400024 114.194107 967.343567 ) (-300.092896 115.963684 974.008606 ) 
3 189 332 (-282.511902 0 881.349243 ) (-271.143738 0 892.056030 ) (-290.541901 19.397985 892.055908 ) 
4 189 326 (-306.541870 35.397812 892.055847 ) (-291.888550 0 872.518127 ) (-282.511902 0 881.349243 ) (-290.541901 19.397985 892.055908 ) 
4 189 279 (-280 61.886936 942.001038 ) (-280.003296 57.641529 938 ) (-261.362274 39 938 ) (-260.115021 42.001060 942 ) 
4 189 278 (-280.007904 50.235130 931.020264 ) (-280.010101 46.721008 927.708496 ) (-261.364258 39.002403 938 ) (-267.362122 45 938 ) 
5 189 277 (-280.010101 46.721008 927.708496 ) (-280.014618 39.434494 920.841614 ) (-256 33.166615 937.555969 ) (-256 33.638130 938 ) (-261.364258 39.002403 938 ) 
3 189 276 (-280.003296 57.641529 938 ) (-280.007904 50.235130 931.020264 ) (-267.362122 45 938 ) 
5 189 272 (-256 128 1026.872437 ) (-263.994720 128 1019.342834 ) (-279.962952 122.675659 999.288940 ) (-280 61.886936 942.001038 ) (-256 37.885994 942 ) 
5 189 266 (-280.014618 39.434494 920.841614 ) (-280.018005 33.970078 915.691895 ) (-256 9.952588 915.692383 ) (-256 32.227859 936.671814 ) (-257.270294 33.498165 936.671814 ) 
3 189 262 (-256 32.227859 936.671814 ) (-256 33.166615 937.555969 ) (-257.270294 33.498165 936.671814 ) 
4 189 243 (-280.022919 26.031219 908.210266 ) (-280.024841 22.956081 905.312256 ) (-268.296051 22.248363 915.692139 ) (-271.568848 25.521099 915.692078 ) 
6 189 242 (-280.024841 22.956081 905.312256 ) (-280.033569 8.889744 892.055969 ) (-271.143738 0 892.056030 ) (-256 0 906.318787 ) (-256 9.952588 915.692383 ) (-268.296051 22.248363 915.692139 ) 
3 189 233 (-280.018005 33.970078 915.691895 ) (-280.022919 26.031219 908.210266 ) (-271.568848 25.521099 915.692078 ) 
5 189 219 (-279.962952 122.675659 999.288940 ) (-305.400024 114.194107 967.343567 ) (-330.499756 93.272621 924 ) (-306.541870 35.397812 892.055847 ) (-280.033569 8.889744 892.055969 ) 
5 189 203 (-330.499756 93.272621 924 ) (-333.013214 91.177567 919.659302 ) (-333.053528 10.885277 844 ) (-322.168243 0 844 ) (-291.888550 0 872.518127 ) 
4 189 199 (-333.001312 114.887108 942 ) (-333.003448 110.640282 937.998962 ) (-309.647766 110.653481 960.008301 ) (-304.554657 114.898758 968.803406 ) 
3 189 197 (-333.003448 110.640282 937.998962 ) (-333.013214 91.177567 919.659302 ) (-309.647766 110.653481 960.008301 ) 
3 189 193 (-316.017029 114.894066 958.003479 ) (-304.554657 114.898758 968.803406 ) (-296.906036 121.274162 982.011597 ) 
5 189 192 (-288.836975 128 995.945801 ) (-332.994720 128 954.356995 ) (-333.001312 114.887108 942 ) (-316.017029 114.894066 958.003479 ) (-296.906036 121.274162 982.011597 ) 
3 189 191 (-332.994720 128 954.356995 ) (-450.168518 128 844 ) (-333.053528 10.885277 844 ) 
4 190 779 (-416 0 755.626770 ) (-464 0 710.419434 ) (-464 0 634 ) (-416 0 634 ) 
5 190 776 (-356.144348 0 812 ) (-416 0 755.626770 ) (-416 0 634 ) (-256 0 634 ) (-256 0 812 ) 
5 190 399 (-464 0 648 ) (-464 0 710.419434 ) (-464 18.666576 728 ) (-464 24 728 ) (-464 24 648 ) 
4 190 371 (-416 128 592 ) (-256 128 592 ) (-256 80 592 ) (-416 80 592 ) 
4 190 367 (-416 80 592 ) (-256 80 592 ) (-256 0 634 ) (-416 0 634 ) 
3 190 366 (-464 107.854858 812 ) (-464 0 710.419556 ) (-356.144897 0 812 ) 
4 191 712 (-418.395050 0 902.872681 ) (-415.320038 0 899.973267 ) (-414.594604 0 910.612549 ) (-417.669647 0 913.511658 ) 
4 191 707 (-444.725311 0 927.699585 ) (-418.395050 0 902.872681 ) (-417.669647 0 913.511658 ) (-439.752136 0 934.330505 ) 
4 191 706 (-454.224243 0 936.656189 ) (-444.725311 0 927.699585 ) (-439.752136 0 934.330505 ) (-450.224243 0 944.203308 ) 
4 191 702 (-459.886169 0 941.994812 ) (-454.224243 0 936.656189 ) (-450.224243 0 944.203308 ) (-453.886597 0 947.656067 ) 
4 191 697 (-464 0 957.190735 ) (-464 0 945.873779 ) (-459.886169 0 941.994812 ) (-453.886597 0 947.656067 ) 
4 191 556 (-415.320038 0 899.973267 ) (-386.052856 0 872.377136 ) (-380.041931 0 878.037170 ) (-414.594604 0 910.612549 ) 
4 191 552 (-386.052856 0 872.377136 ) (-355.957428 0 844 ) (-343.938751 0 844 ) (-380.041931 0 878.037170 ) 
3 191 503 (-464 0 945.873779 ) (-464 0 844 ) (-355.957428 0 844 ) 
4 191 391 (-464 0 844 ) (-464 0 957.190735 ) (-464 80 1032.612427 ) (-464 80 844 ) 
5 191 362 (-406.863647 128 1024 ) (-453.534485 128 1068 ) (-464 117.534447 1068 ) (-464 45.709930 1000.285767 ) (-407 125.742378 1022 ) 
4 191 359 (-413.090363 24.904453 932.674683 ) (-412.818359 29.408148 936.664185 ) (-429.998199 12.228310 936.664246 ) (-427.005981 10.988734 932.674622 ) 
3 191 355 (-414.250000 5.704340 915.666687 ) (-413.090363 24.904453 932.674683 ) (-427.005981 10.988734 932.674622 ) 
4 191 353 (-442.226532 0 936.664246 ) (-414.594543 0 910.613586 ) (-414.250000 5.704340 915.666687 ) (-429.998199 12.228310 936.664246 ) 
3 191 352 (-434 13.886526 942 ) (-437 6.645149 938 ) (-431 12.643668 938 ) 
4 191 351 (-438.001831 4.224695 936.664246 ) (-432.001801 10.224730 936.664246 ) (-431 12.645014 938 ) (-437 6.645149 938 ) 
4 191 350 (-432.001801 10.224730 936.664246 ) (-412.818359 29.408148 936.664185 ) (-412.727234 30.916897 938 ) (-431 12.645014 938 ) 
4 191 349 (-447.886230 0 942 ) (-442.226532 0 936.664246 ) (-438.001831 4.224695 936.664246 ) (-434 13.886526 942 ) 
6 191 346 (-464 45.709930 1000.285767 ) (-464 0 957.191711 ) (-447.886230 0 942 ) (-423.499878 24.386639 942 ) (-410 76.071442 978 ) (-407 125.742378 1022 ) 
3 191 344 (-423.499878 24.386639 942 ) (-412.454529 35.432121 942 ) (-410 76.071442 978 ) 
4 191 217 (-386.014679 38.175232 919.659790 ) (-413.977783 10.211746 919.659485 ) (-414.594543 0 910.613586 ) (-386.038513 0 883.691711 ) 
5 191 203 (-343.937500 0 844 ) (-333.054688 10.882813 844 ) (-333.014191 91.176453 919.660339 ) (-386.014679 38.175232 919.659790 ) (-386.038513 0 883.691711 ) 
3 191 200 (-405.785034 42.041904 941.944153 ) (-404.564484 39.079456 938 ) (-398.644226 45 938 ) 
5 191 199 (-333.004364 110.638710 938 ) (-333.002228 114.885529 942.001282 ) (-405.802490 42.084282 942 ) (-405.785034 42.041904 941.944153 ) (-398.644226 45 938 ) 
4 191 197 (-333.014191 91.176453 919.660339 ) (-333.004364 110.638710 938 ) (-404.642273 39.001663 938 ) (-371.433044 52.757080 919.659912 ) 
4 191 196 (-404.642273 39.001663 938 ) (-410.644165 33 938 ) (-384.312256 39.877686 919.659790 ) (-371.433044 52.757080 919.659912 ) 
4 191 194 (-412.727264 30.916788 938 ) (-413.977783 10.211746 919.659485 ) (-384.312256 39.877686 919.659790 ) (-410.644165 33 938 ) 
4 191 192 (-333.002228 114.885529 942.001282 ) (-332.995605 128 954.359009 ) (-406.863647 128 1024 ) (-412.454529 35.432137 942 ) 
5 192 362 (-403.863281 128 1068 ) (-406.863770 128 1023.996216 ) (-407 125.746613 1022 ) (-407 7.323771 1022 ) (-403.863312 6.025616 1068 ) 
5 192 346 (-407 125.746613 1022 ) (-410 76.076096 978 ) (-410 10.307008 978 ) (-409.726074 8.452196 982.014648 ) (-407 7.323771 1022 ) 
4 192 344 (-410 76.076096 978 ) (-412.454498 35.434090 941.998657 ) (-411.363495 19.549454 958 ) (-410 10.307008 978 ) 
3 192 343 (-394.893036 19.083954 1025.638672 ) (-388.315735 26.012020 1022 ) (-387.653473 26.563963 1023.145325 ) 
4 192 342 (-386.003052 27.939489 1025.997437 ) (-395.541901 18.400475 1025.997559 ) (-394.893036 19.083954 1025.638672 ) (-387.653473 26.563963 1023.145325 ) 
3 192 341 (-386.003052 27.939489 1025.997437 ) (-388.315735 26.012020 1022 ) (-386.002991 28.448109 1020.721802 ) 
6 192 340 (-315.996613 102.188164 982.002808 ) (-296.912750 121.272354 982.002319 ) (-296.451782 121.656578 982.798340 ) (-385.997437 27.945091 1025.997437 ) (-386.003052 27.939489 1025.997437 ) (-386.002991 28.448109 1020.721802 ) 
4 192 339 (-296.451782 121.656578 982.798340 ) (-288.841553 128 995.940186 ) (-285.944031 128 1025.996338 ) (-385.997437 27.945091 1025.997437 ) 
4 192 338 (-388.316681 29.866898 982.004761 ) (-386.002869 32.180748 982.004700 ) (-386.002991 28.448105 1020.721802 ) (-388.319397 26.008177 1022.002930 ) 
5 192 336 (-388.319305 26.131691 1020.722656 ) (-388.319397 26.008177 1022.002930 ) (-395.541901 18.400475 1025.997559 ) (-395.942108 18 1025.997559 ) (-396.090973 18.359915 1020.722717 ) 
4 192 335 (-397.183685 21 982.005005 ) (-388.316681 29.866898 982.004761 ) (-388.319305 26.131691 1020.722656 ) (-396.090973 18.359915 1020.722717 ) 
3 192 333 (-386.002869 32.180748 982.004700 ) (-315.996613 102.188164 982.002808 ) (-386.002991 28.448105 1020.721802 ) 
4 192 201 (-403.865234 6.027832 1068 ) (-406.729004 7.213205 1025.997681 ) (-285.944031 128 1025.996338 ) (-281.894745 128 1068 ) 
4 192 199 (-405.803558 42.086945 942.002991 ) (-333 114.890831 942.003723 ) (-316.007874 114.897705 958.013733 ) (-400.849091 30.057426 958.011658 ) 
4 192 193 (-400.851227 30.062607 958.001892 ) (-316.015869 114.896225 958.005493 ) (-296.910156 121.273438 982.004944 ) (-397.137024 21.043083 982.007813 ) 
3 193 340 (-301.541992 117.413727 974.008301 ) (-296.912750 121.272354 982.002319 ) (-315.996613 102.188171 982.002808 ) 
4 193 338 (-388.315796 31.140945 968.798401 ) (-386.002838 33.453922 968.798401 ) (-386.002869 32.180733 982.004700 ) (-388.316681 29.866882 982.004761 ) 
5 193 335 (-393.505890 25.950764 968.798340 ) (-388.315796 31.140945 968.798401 ) (-388.316681 29.866882 982.004761 ) (-397.138000 21.045425 982.005005 ) (-397.142334 21.055937 981.851135 ) 
5 193 333 (-386.002838 33.453922 968.798401 ) (-304.558502 114.899353 968.799194 ) (-301.541992 117.413727 974.008301 ) (-315.996613 102.188171 982.002808 ) (-386.002869 32.180733 982.004700 ) 
5 193 199 (-304.550781 114.902344 968.808228 ) (-393.505768 25.947357 968.807373 ) (-400.798370 29.934259 958.175537 ) (-400.849091 30.057419 958.011658 ) (-316.007874 114.897705 958.013733 ) 
3 194 360 (-412.249847 19.203096 945 ) (-411.636169 15.039553 954 ) (-412.249878 23.971258 945 ) 
5 194 359 (-412.818390 29.409473 936.661865 ) (-413.090393 24.905670 932.672302 ) (-412.249847 19.203096 945 ) (-412.249878 23.971258 945 ) (-412.453735 26.938068 942.010193 ) 
4 194 357 (-412.249847 9.496788 945 ) (-411.226227 9.073111 960.012695 ) (-411.636169 15.039553 954 ) (-412.249847 19.203096 945 ) 
4 194 355 (-413.090393 24.905670 932.672302 ) (-413.977844 10.212006 919.656250 ) (-412.249847 9.496788 945 ) (-412.249847 19.203096 945 ) 
3 194 350 (-412.727234 30.918756 937.998840 ) (-412.818390 29.409473 936.661865 ) (-412.453735 26.938068 942.010193 ) 
6 194 217 (-411.228241 9.075525 960.008545 ) (-413.979004 10.214111 919.664063 ) (-386.014038 38.179451 919.664368 ) (-386.002655 38.188942 919.684021 ) (-386.002686 37.607677 925.713074 ) (-395.556946 24.747131 960.007874 ) 
3 194 207 (-386.002655 38.188942 919.684021 ) (-384.868530 39.134319 921.642029 ) (-386.002686 37.607677 925.713074 ) 
3 194 203 (-386.014038 38.179451 919.664368 ) (-384.317566 39.875954 919.664368 ) (-384.868530 39.134319 921.642029 ) 
4 194 196 (-393.889343 26.994862 954.009766 ) (-384.320862 39.874603 919.663818 ) (-410.647186 32.996994 938 ) (-399.670258 26.994146 954.010681 ) 
4 194 195 (-411.226563 9.074219 960.008484 ) (-395.552734 24.747070 960.007813 ) (-399.677307 27.003197 953.991455 ) (-411.636688 15.042562 953.993896 ) 
3 195 357 (-411.636169 15.039554 954 ) (-411.226227 9.073111 960.012695 ) (-410.726227 8.866165 967.345764 ) 
4 195 217 (-410.728607 8.868718 967.336548 ) (-411.228241 9.075525 960.008545 ) (-395.556946 24.747131 960.007874 ) (-397.598541 21.998995 967.336243 ) 
3 196 218 (-386.002716 36.042747 941.945862 ) (-393.884766 26.997984 954.005615 ) (-386.002686 37.607685 925.713074 ) 
4 196 208 (-379.166595 43.887321 931.486328 ) (-386.002716 36.042747 941.945862 ) (-386.002686 37.607685 925.713074 ) (-384.868530 39.134319 921.642029 ) 
4 196 203 (-384.317566 39.875954 919.664368 ) (-371.440033 52.753662 919.664490 ) (-379.166595 43.887321 931.486328 ) (-384.868530 39.134319 921.642029 ) 
4 196 197 (-404.643066 39.001945 938 ) (-404.642731 39.001106 938.001526 ) (-383.420776 39 938.001221 ) (-371.432526 52.757710 919.658875 ) 
3 197 219 (-330.500580 93.275681 924 ) (-309.651550 110.654106 960.004211 ) (-357.504669 62.800106 960.006287 ) 
4 197 209 (-380.040222 42 942 ) (-383.424683 39.001095 938.001343 ) (-379.166595 43.887306 931.486389 ) (-376.348572 46.236340 936.351685 ) 
4 197 206 (-375.604034 45.931076 947.241333 ) (-380.040222 42 942 ) (-376.348572 46.236340 936.351685 ) (-373.077179 48.963291 942 ) 
4 197 204 (-362.647461 57.657215 960.006531 ) (-364.799683 55.504971 960.006592 ) (-375.604034 45.931076 947.241333 ) (-373.077179 48.963291 942 ) 
6 197 203 (-371.440033 52.753662 919.664490 ) (-333.011444 91.182777 919.664856 ) (-330.500580 93.275681 924 ) (-357.504669 62.800106 960.006287 ) (-362.647461 57.657215 960.006531 ) (-379.166595 43.887306 931.486389 ) 
3 197 200 (-398.648712 44.998436 938.002075 ) (-404.646606 39 938.002197 ) (-397.406433 42 942 ) 
5 197 199 (-333.003906 110.644531 938.001099 ) (-398.648712 44.998436 938.002075 ) (-397.406433 42 942 ) (-364.788605 55.510803 960.014282 ) (-309.644836 110.655617 960.011902 ) 
3 197 198 (-380.035431 42 942 ) (-364.792969 55.505859 960.007813 ) (-397.399109 42 942 ) 
4 198 212 (-386.002808 34.301445 960.007507 ) (-391.056915 29.247252 960.007690 ) (-390.497559 30 958 ) (-386.002777 35.158005 951.122742 ) 
5 198 206 (-381.758301 38.546036 960.007324 ) (-386.002808 34.301445 960.007507 ) (-386.002777 35.158005 951.122742 ) (-380.040253 42 942 ) (-375.604065 45.931072 947.241333 ) 
3 198 205 (-381.228729 39.075607 960.007324 ) (-381.758301 38.546036 960.007324 ) (-380.795105 39.701878 958.009277 ) 
4 198 204 (-364.799683 55.504971 960.006592 ) (-381.228729 39.075607 960.007324 ) (-380.795105 39.701878 958.009277 ) (-375.604065 45.931072 947.241333 ) 
4 198 199 (-392.436584 30 958 ) (-391.054596 29.244305 960.015442 ) (-364.788605 55.510803 960.014282 ) (-397.406433 42 942 ) 
4 199 338 (-386.002808 33.453941 968.798401 ) (-388.315796 31.140928 968.798401 ) (-388.315704 31.282013 967.335999 ) (-386.002838 33.594917 967.335938 ) 
4 199 335 (-388.315796 31.140928 968.798401 ) (-393.505890 25.950760 968.798340 ) (-393.098541 26.499088 967.336121 ) (-388.315704 31.282013 967.335999 ) 
4 199 333 (-305.406830 114.192238 967.334229 ) (-304.558502 114.899353 968.799194 ) (-386.002808 33.453941 968.798401 ) (-386.002838 33.594917 967.335938 ) 
4 199 219 (-309.651550 110.654106 960.004211 ) (-305.406830 114.192238 967.334229 ) (-363.001556 56.596565 967.335449 ) (-357.504639 62.800156 960.006226 ) 
4 199 212 (-386.002808 33.594925 967.335938 ) (-393.098541 26.499088 967.336121 ) (-391.056915 29.247255 960.007629 ) (-386.002808 34.301445 960.007446 ) 
4 199 206 (-385.291260 34.306492 967.335938 ) (-386.002808 33.594925 967.335938 ) (-386.002808 34.301445 960.007446 ) (-381.758240 38.546085 960.007263 ) 
4 199 205 (-382.819366 36.778435 967.335876 ) (-385.291260 34.306492 967.335938 ) (-381.758240 38.546085 960.007263 ) (-381.228760 39.075588 960.007263 ) 
5 199 204 (-363.001556 56.596565 967.335449 ) (-382.819366 36.778435 967.335876 ) (-381.228760 39.075588 960.007263 ) (-362.647461 57.657238 960.006470 ) (-360.406525 59.525211 963.875427 ) 
3 199 203 (-362.647461 57.657238 960.006470 ) (-357.504639 62.800156 960.006226 ) (-360.406525 59.525211 963.875427 ) 
4 199 200 (-405.771027 42 941.998657 ) (-405.787903 42.040016 941.943970 ) (-398.646393 44.997944 938 ) (-397.404572 41.998905 941.998474 ) 
4 201 696 (-251.034607 0 1068 ) (-371.420685 0 1068 ) (-371.420654 0 1036.022583 ) (-357.467010 0 1039.312378 ) 
3 201 688 (-406.318207 0 1032 ) (-406.609589 0 1027.726440 ) (-388.482819 0 1032 ) 
4 201 687 (-405.957520 0 1037.290161 ) (-406.318207 0 1032 ) (-388.482819 0 1032 ) (-386 0 1032.585449 ) 
5 201 686 (-371.420685 0 1068 ) (-403.863647 0 1068 ) (-405.957520 0 1037.290161 ) (-386 0 1032.585449 ) (-371.420654 0 1036.022583 ) 
3 201 548 (-298.740356 0 1055.141479 ) (-357.467010 0 1039.312378 ) (-298.877808 0 1053.125488 ) 
4 201 538 (-235.786301 0 1068 ) (-251.034607 0 1068 ) (-261.936035 0 1065.061646 ) (-261.719513 0 1061.885986 ) 
4 201 531 (-282.469788 0 1059.526978 ) (-294.576569 0 1056.263794 ) (-294.576630 0 1054.139526 ) (-282.469788 0 1056.993896 ) 
4 201 528 (-294.576569 0 1056.263794 ) (-298.740356 0 1055.141479 ) (-298.877808 0 1053.125488 ) (-294.576630 0 1054.139526 ) 
4 201 527 (-261.936035 0 1065.061646 ) (-265.423492 0 1064.121582 ) (-265.423492 0 1061.012695 ) (-261.719513 0 1061.885986 ) 
4 201 526 (-265.423492 0 1064.121582 ) (-277.529968 0 1060.858398 ) (-277.529968 0 1058.158447 ) (-265.423492 0 1061.012695 ) 
4 201 525 (-277.529968 0 1060.858398 ) (-282.469788 0 1059.526978 ) (-282.469788 0 1056.993896 ) (-277.529968 0 1058.158447 ) 
3 201 365 (-406.651062 7.179463 1027.113770 ) (-406.727081 7.210931 1025.998657 ) (-406.651062 2.557672 1027.113647 ) 
5 201 364 (-406.609283 0 1027.726563 ) (-403.863312 0 1068 ) (-403.863312 6.025616 1068 ) (-406.651062 7.179463 1027.113770 ) (-406.651062 2.557672 1027.113647 ) 
5 201 342 (-395.539978 18.397697 1025.997803 ) (-385.995636 27.942188 1025.997681 ) (-385.997711 0 1032.585083 ) (-388.479462 0 1032 ) (-395.434113 16.805822 1026.398071 ) 
5 201 339 (-385.995636 27.942188 1025.997681 ) (-285.939392 128 1025.996582 ) (-256.819183 128 1032.861938 ) (-384.817749 0 1032.863281 ) (-385.997711 0 1032.585083 ) 
3 201 337 (-395.937408 18 1025.997803 ) (-395.539978 18.397697 1025.997803 ) (-395.513092 17.993315 1026.099487 ) 
4 201 325 (-333.001160 0 1045.079590 ) (-337.791321 0 1043.950317 ) (-340.722717 44.095520 1032.862915 ) (-332.995911 51.822433 1032.862793 ) 
3 201 321 (-358.492218 26.325825 1032.863037 ) (-340.722717 44.095520 1032.862915 ) (-339.007904 18.300556 1039.348755 ) 
4 201 320 (-365.998596 2.262606 1036.766602 ) (-374.088593 10.729269 1032.863159 ) (-371.771362 13.046539 1032.863159 ) (-362.748260 3.604180 1037.216553 ) 
5 201 319 (-371.771362 13.046539 1032.863159 ) (-358.492218 26.325825 1032.863037 ) (-339.007904 18.300556 1039.348755 ) (-338.691010 13.533842 1040.547363 ) (-362.748260 3.604180 1037.216553 ) 
4 201 316 (-337.791321 0 1043.950317 ) (-363.836639 0 1037.809814 ) (-365.998596 2.262606 1036.766602 ) (-338.691010 13.533842 1040.547363 ) 
4 201 303 (-371.480377 0 1036.007690 ) (-384.817749 0 1032.863281 ) (-374.088593 10.729269 1032.863159 ) (-365.998596 2.262606 1036.766602 ) 
3 201 302 (-363.836639 0 1037.809814 ) (-371.480377 0 1036.007690 ) (-365.998596 2.262606 1036.766602 ) 
5 201 283 (-221.650024 14.132027 1068 ) (-235.782486 0 1068 ) (-333.001160 0 1045.079590 ) (-332.995911 51.822433 1032.862793 ) (-314.801056 70.017479 1032.862549 ) 
6 201 272 (-256.819183 128 1032.861938 ) (-247.241196 128 1035.120117 ) (-208 104.471756 1049.918823 ) (-208 27.781616 1068 ) (-221.650024 14.132027 1068 ) (-314.801056 70.017479 1032.862549 ) 
3 201 202 (-406.612732 0 1027.724854 ) (-406.654480 2.555100 1027.112549 ) (-400.480530 0 1029.170654 ) 
3 202 689 (-400.472046 0 1029.173462 ) (-406.609589 0 1027.726440 ) (-406.651367 0 1027.113647 ) 
3 202 364 (-406.651062 0 1027.113647 ) (-406.609283 0 1027.726563 ) (-406.651062 2.557672 1027.113647 ) 
4 203 570 (-340.044067 0 915.699951 ) (-330.801880 0 924.402588 ) (-335.768951 0 931.025330 ) (-341.044922 0 926.057495 ) 
4 203 556 (-386.039093 0 883.691162 ) (-380.041901 0 878.037170 ) (-340.044067 0 915.699951 ) (-341.044922 0 926.057495 ) 
5 203 552 (-380.041901 0 878.037170 ) (-343.938751 0 844 ) (-322.167572 0 844 ) (-291.888214 0 872.517700 ) (-330.801880 0 924.402588 ) 
4 203 326 (-291.889832 0 872.514099 ) (-306.545563 35.402630 892.054749 ) (-344.004395 19.890724 942 ) (-335.771454 0 931.023010 ) 
4 203 219 (-306.545563 35.402630 892.054749 ) (-330.501770 93.271629 923.995850 ) (-360.407776 59.521214 963.870544 ) (-344.004395 19.890724 942 ) 
4 203 217 (-386 38.185863 919.681091 ) (-386.013611 38.173927 919.656372 ) (-386.037415 0 883.689514 ) (-347.811707 0 919.682129 ) 
4 203 211 (-366.110809 41.998760 941.998169 ) (-366.113556 42.001507 941.998169 ) (-373.361359 45.001324 937.998352 ) (-367.358795 38.998806 937.998291 ) 
4 203 209 (-367.363464 39.003479 937.998291 ) (-373.361359 45.001324 937.998352 ) (-376.342743 46.235306 936.353027 ) (-379.160736 43.886303 931.487793 ) 
4 203 208 (-361.360687 33 937.998230 ) (-367.363464 39.003479 937.998291 ) (-379.160736 43.886303 931.487793 ) (-384.862366 39.133583 921.643982 ) 
6 203 207 (-335.770660 0 931.019775 ) (-341.004364 12.644594 937.998047 ) (-361.360687 33 937.998230 ) (-384.862366 39.133583 921.643982 ) (-386 38.185863 919.681091 ) (-347.811707 0 919.682129 ) 
3 203 206 (-366.113556 42.001507 941.998169 ) (-373.073029 48.960854 941.998169 ) (-376.342743 46.235306 936.353027 ) 
3 203 204 (-344.004395 19.892696 941.998108 ) (-360.406250 59.519531 963.867188 ) (-373.073029 48.960854 941.998169 ) 
4 204 333 (-363.014557 56.580967 967.352783 ) (-382.822449 36.772335 967.353210 ) (-382.820129 28.998276 982.003235 ) (-380.839966 26.139256 991.119995 ) 
6 204 219 (-360.407776 59.521214 963.870544 ) (-363.015625 56.578125 967.347656 ) (-380.839630 26.139553 991.113525 ) (-374.005981 20.184681 982.002075 ) (-356.012177 14.918139 958.010437 ) (-344.004395 19.890724 942 ) 
4 204 212 (-374.850952 20.923042 983.130127 ) (-380.837830 26.140030 991.112610 ) (-382.817261 28.997959 981.998413 ) (-374.819855 21.001171 981.997131 ) 
4 204 206 (-380.795319 39.696617 958.019592 ) (-373.074585 48.961319 942.005310 ) (-366.109375 41.996117 942.005371 ) (-371.084167 29.985186 958.019897 ) 
5 204 205 (-380.791779 39.701942 958 ) (-371.089508 30 958.001160 ) (-374.821564 20.997297 982.007507 ) (-382.817352 28.992596 982.008545 ) (-382.819153 36.773975 967.342468 ) 
4 205 333 (-382.822449 36.772335 967.353210 ) (-385.298950 34.295757 967.353271 ) (-385.685303 33.135109 968.811890 ) (-382.820129 28.998276 982.003235 ) 
4 205 212 (-374.819855 21.001171 981.997131 ) (-382.817261 28.997959 981.998413 ) (-385.681519 33.133457 968.809937 ) (-378.494110 25.946514 968.809631 ) 
5 205 206 (-378.492493 25.944864 968.813965 ) (-385.680542 33.132557 968.814209 ) (-385.291351 34.301479 967.345215 ) (-380.795319 39.696617 958.019592 ) (-371.091614 29.992634 958.019897 ) 
3 206 333 (-385.298950 34.295757 967.353271 ) (-386.002136 33.592545 967.353271 ) (-385.685303 33.135109 968.811890 ) 
5 206 212 (-378.494110 25.946491 968.809631 ) (-385.681519 33.133457 968.809937 ) (-386 33.593048 967.344238 ) (-386 35.156693 951.124451 ) (-381.505859 30 958 ) 
3 206 211 (-366.107422 42 942 ) (-374.601532 42 942 ) (-373.360565 45.001415 937.997620 ) 
4 206 209 (-380.036896 42 942 ) (-376.344696 46.236271 936.350952 ) (-373.360565 45.001415 937.997620 ) (-374.601532 42 942 ) 
3 207 570 (-341.044922 0 926.057495 ) (-335.768951 0 931.025330 ) (-342.376221 0 939.835022 ) 
4 207 556 (-347.812042 0 919.685608 ) (-341.044922 0 926.057495 ) (-342.376221 0 939.835022 ) (-350.843231 0 951.124329 ) 
3 207 330 (-341.002136 0 937.997314 ) (-335.771454 0 931.023010 ) (-341.002258 12.637524 937.997192 ) 
3 207 327 (-357.514954 5.814330 960.014282 ) (-352.995819 1.876347 953.988892 ) (-352.995758 7.683298 953.988647 ) 
6 207 217 (-386 38.188004 919.680481 ) (-347.809753 0 919.682129 ) (-350.840210 0 951.115784 ) (-357.512390 5.814147 960.012024 ) (-376.444611 24.745081 960.013306 ) (-386 37.606007 925.717590 ) 
4 207 210 (-372.324615 27 953.998352 ) (-376.447205 24.744295 960.015442 ) (-357.510773 5.808870 960.014404 ) (-352.997894 7.675121 953.997192 ) 
5 207 208 (-372.330139 26.993858 954.011169 ) (-361.359802 32.998058 938 ) (-384.866302 39.132935 921.638000 ) (-386 37.606503 925.708557 ) (-378.116333 26.993565 954.011597 ) 
3 208 218 (-386 36.041363 941.947754 ) (-386 37.606007 925.717590 ) (-378.118408 26.997925 954.005737 ) 
3 208 209 (-367.362396 39.002247 938.001465 ) (-379.163025 43.886536 931.489807 ) (-383.419678 39.001976 938.002563 ) 
4 209 211 (-367.365387 39.002106 938 ) (-373.363281 45 938 ) (-374.603851 42 942 ) (-367.365784 39.001114 938.001343 ) 
3 210 328 (-363.024811 10.615664 967.360718 ) (-357.514954 5.814330 960.014282 ) (-353.003967 7.679900 954 ) 
4 210 217 (-357.512390 5.814147 960.012024 ) (-363.020111 10.613594 967.355652 ) (-374.398682 21.991369 967.356628 ) (-376.444611 24.745079 960.013306 ) 
4 212 338 (-386.002136 33.592545 967.353271 ) (-388.314972 31.279629 967.353333 ) (-382.634796 23.074123 993.513062 ) (-380.839966 26.139256 991.119995 ) 
5 212 335 (-388.314972 31.279629 967.353333 ) (-393.101837 26.492580 967.353394 ) (-390.819824 21 982 ) (-384.403046 20.054363 995.870728 ) (-382.634796 23.074123 993.513062 ) 
3 212 220 (-380.839630 26.139553 991.113525 ) (-384.402710 20.054804 995.864380 ) (-374.853180 20.922939 983.131714 ) 
3 213 334 (-389.157898 17 992.666748 ) (-387.926697 14.036761 1000.568970 ) (-386.427155 16.597628 998.569580 ) 
3 213 291 (-386.971863 15.667436 999.289978 ) (-387.924927 14.039831 1000.560791 ) (-385.712311 15.146139 997.610657 ) 
4 213 221 (-386.426910 16.598053 998.563354 ) (-386.971863 15.667436 999.289978 ) (-385.712311 15.146139 997.610657 ) (-382.004425 17 992.666748 ) 
3 213 214 (-382 17 992.667908 ) (-387.922424 14.039268 1000.563232 ) (-389.152344 17 992.668030 ) 
3 214 556 (-396.143555 0 1011.524780 ) (-403.321991 0 998 ) (-386 0 998 ) 
6 214 334 (-398.939636 15.011282 977.984985 ) (-403.326660 0 998 ) (-396.146057 0 1011.528076 ) (-387.926697 14.036761 1000.568970 ) (-389.157898 17 992.666748 ) (-395.949646 18.001091 977.985474 ) 
3 214 328 (-392.036438 0 1006.043030 ) (-386.004272 0 998 ) (-381.740753 4.263581 992.315369 ) 
4 214 301 (-390.631927 9.417015 1004.170227 ) (-396.146271 0 1011.522827 ) (-392.036438 0 1006.043030 ) (-387.507904 1.875329 1000.004944 ) 
6 214 291 (-387.924927 14.039831 1000.560791 ) (-390.631927 9.417015 1004.170227 ) (-387.507904 1.875329 1000.004944 ) (-381.740753 4.263581 992.315369 ) (-375.206787 10.797626 983.603333 ) (-385.712311 15.146138 997.610657 ) 
5 214 221 (-375.206787 10.797626 983.603333 ) (-372.104431 13.900005 979.466797 ) (-376.261780 17.522154 985.009888 ) (-382.004425 17 992.666748 ) (-385.712311 15.146138 997.610657 ) 
6 214 217 (-375.938202 18.300209 973.598450 ) (-373.044037 14.978561 978.027344 ) (-372.585480 13.413525 980.114075 ) (-385.998993 0 997.998718 ) (-403.323364 0 997.998718 ) (-397.974579 18.300203 973.598450 ) 
3 214 216 (-373.037750 14.973827 978.024414 ) (-375.937256 18.300917 973.588013 ) (-376.063660 17.998262 978.026978 ) 
4 214 215 (-376.060120 18 978 ) (-375.935303 18.300293 973.597656 ) (-397.973938 18.300299 973.597595 ) (-395.936615 18 978 ) 
4 215 217 (-378.291565 21.001175 969.997131 ) (-375.938202 18.300209 973.598450 ) (-397.974579 18.300203 973.598450 ) (-397.185150 21.001152 969.997192 ) 
3 215 216 (-375.937256 18.300917 973.588013 ) (-378.296814 21.008427 969.977783 ) (-376.062897 18 978 ) 
3 216 217 (-374.808624 21.001125 969.997253 ) (-373.044037 14.978560 978.027344 ) (-378.291504 21.001146 969.997192 ) 
7 217 556 (-403.321991 0 998 ) (-409.419678 0 986.511719 ) (-414.594635 0 910.612610 ) (-386.039093 0 883.691162 ) (-347.812042 0 919.685608 ) (-350.843231 0 951.124329 ) (-386 0 998 ) 
5 217 357 (-412.249847 0 945 ) (-410.020782 0 977.691895 ) (-410.545563 7.640472 969.995544 ) (-410.726227 8.866163 967.345886 ) (-412.249847 9.496788 945 ) 
5 217 355 (-413.977844 10.212006 919.656250 ) (-414.249878 5.707998 915.666504 ) (-414.249878 0 915.666443 ) (-412.249847 0 945 ) (-412.249847 9.496788 945 ) 
3 217 353 (-414.249878 5.707998 915.666504 ) (-414.594635 0 910.610168 ) (-414.249878 0 915.666443 ) 
4 217 345 (-410.020782 0 977.691895 ) (-410 0 978 ) (-410 3.937386 978 ) (-410.545563 7.640472 969.995544 ) 
4 217 334 (-410.001709 3.949904 977.983215 ) (-409.419464 0 986.521545 ) (-403.326660 0 998 ) (-398.939667 15.011280 977.984985 ) 
6 217 328 (-386.004272 0 998 ) (-371.574005 0 978.759827 ) (-357.514862 5.814265 960.014221 ) (-363.024811 10.615649 967.360718 ) (-365.002594 11.195067 969.997742 ) (-381.740723 4.263600 992.315369 ) 
4 217 327 (-371.574005 0 978.759827 ) (-352.995850 0 953.988953 ) (-352.995819 1.876347 953.988892 ) (-357.514862 5.814265 960.014221 ) 
3 217 291 (-375.206757 10.797630 983.603333 ) (-381.740723 4.263600 992.315369 ) (-370.583466 8.883958 977.438965 ) 
3 217 222 (-365.002594 11.195067 969.997742 ) (-371.024780 12.959349 978.027283 ) (-367.711975 10.073076 973.610291 ) 
5 217 221 (-371.024780 12.959349 978.027283 ) (-372.587311 13.417118 980.110657 ) (-375.206757 10.797630 983.603333 ) (-370.583466 8.883958 977.438965 ) (-367.711975 10.073076 973.610291 ) 
3 217 218 (-378.116730 26.993874 954.011169 ) (-386 37.605694 925.713013 ) (-393.884216 26.993935 954.010986 ) 
4 219 340 (-340.318848 62.322983 999.292175 ) (-323.703400 78.938599 999.292297 ) (-293.097443 118.300377 982.798767 ) (-300.097046 115.966705 974.008911 ) 
3 219 339 (-323.703400 78.938599 999.292297 ) (-279.963013 122.679413 999.292542 ) (-293.097443 118.300377 982.798767 ) 
6 219 333 (-305.398438 114.199219 967.351563 ) (-363.014557 56.580967 967.352783 ) (-380.839966 26.139267 991.119995 ) (-379.064972 23.576487 999.291931 ) (-340.318848 62.322983 999.292175 ) (-300.097046 115.966705 974.008911 ) 
3 219 332 (-290.541687 19.398296 892.055664 ) (-280.033173 8.889870 892.055725 ) (-315.923523 8.887571 925.898071 ) 
4 219 329 (-338 13.886534 942 ) (-333 8.886477 942 ) (-349.979889 8.885390 958.011108 ) (-350.008331 8.913848 958.011108 ) 
5 219 326 (-344.003937 19.890341 942 ) (-306.545532 35.402020 892.055542 ) (-290.541687 19.398296 892.055664 ) (-315.923523 8.887571 925.898071 ) (-333 8.886477 942 ) 
4 219 295 (-341.511688 61.128937 999.296936 ) (-379.064758 23.575851 999.296875 ) (-371.676025 17.418991 986.523010 ) (-341.515076 19.241072 959.799072 ) 
5 219 287 (-371.676025 17.418991 986.523010 ) (-369.060669 15.239672 982.001465 ) (-349.981079 8.884182 958.015747 ) (-341.515930 8.884722 950.033630 ) (-341.515076 19.241072 959.799072 ) 
3 219 282 (-307.857544 61.271873 967.695618 ) (-308.110565 61.883141 968.510620 ) (-309.691467 61.883087 970.001404 ) 
5 219 281 (-313.523499 61.882957 973.614868 ) (-308.433380 57.642403 964.815979 ) (-306.355072 57.642132 962.855896 ) (-307.857544 61.271873 967.695618 ) (-309.691467 61.883087 970.001404 ) 
4 219 279 (-306.355072 57.642132 962.855896 ) (-280 57.638710 937.998779 ) (-279.996368 61.884102 942 ) (-308.110565 61.883141 968.510620 ) 
4 219 278 (-293.052734 44.828850 938.228638 ) (-290.236237 42.482426 933.359924 ) (-280.006195 46.720383 927.709351 ) (-280.003906 50.234528 931.021057 ) 
4 219 277 (-290.236237 42.482426 933.359924 ) (-285.009613 38.128159 924.325073 ) (-280.010895 39.434044 920.842712 ) (-280.006195 46.720383 927.709351 ) 
4 219 276 (-308.433380 57.642403 964.815979 ) (-293.052734 44.828850 938.228638 ) (-280.003906 50.234528 931.021057 ) (-280 57.638710 937.998779 ) 
3 219 275 (-324.546692 71.066315 992.669800 ) (-313.523499 61.882957 973.614868 ) (-296.976837 61.883522 958.011780 ) 
4 219 273 (-326.063812 76.576828 999.296936 ) (-328.380432 74.260193 999.296936 ) (-324.546692 71.066315 992.669800 ) (-316.058441 68.239105 982 ) 
5 219 272 (-279.957031 122.683594 999.296997 ) (-326.063812 76.576828 999.296936 ) (-316.058441 68.239105 982 ) (-296.976837 61.883522 958.011780 ) (-279.996368 61.884102 942 ) 
3 219 266 (-285.009613 38.128159 924.325073 ) (-280.014435 33.966694 915.690308 ) (-280.010895 39.434044 920.842712 ) 
4 219 249 (-332.998840 8.885265 942.002563 ) (-328.756439 8.885536 938.002197 ) (-325.001617 12.640340 938.002258 ) (-328.001862 13.882190 942.002563 ) 
3 219 248 (-328.756439 8.885536 938.002197 ) (-326.555176 8.885676 935.926575 ) (-324.998383 12.643579 938.002258 ) 
4 219 247 (-326.555176 8.885676 935.926575 ) (-321.548035 8.885996 931.205139 ) (-319 18.642853 938.002319 ) (-324.998383 12.643579 938.002258 ) 
4 219 243 (-280.021545 22.955975 905.313843 ) (-280.019562 26.031109 908.211853 ) (-312.133606 24.091059 936.665894 ) (-315.406342 20.818336 936.665894 ) 
5 219 242 (-321.548035 8.885996 931.205139 ) (-280.030670 8.888644 892.056824 ) (-280.021545 22.955975 905.313843 ) (-315.406342 20.818336 936.665894 ) (-319.500275 16.724422 936.665833 ) 
4 219 241 (-312.133606 24.091059 936.665894 ) (-313.641998 24 938.002380 ) (-319 18.642868 938.002319 ) (-319.500275 16.724422 936.665833 ) 
4 219 238 (-292.921967 44.719913 938.002625 ) (-295.235962 46.647682 942.002625 ) (-299.881439 42.002270 942.002625 ) (-298.639740 39.002174 938.002563 ) 
3 219 237 (-290.236176 42.482399 933.359924 ) (-292.921967 44.719913 938.002625 ) (-298.641449 39 938.002563 ) 
4 219 236 (-285.009613 38.128159 924.325134 ) (-290.236176 42.482399 933.359924 ) (-298.641449 39 938.002563 ) (-304.642761 33 938.002441 ) 
5 219 233 (-280.019562 26.031109 908.211853 ) (-280.014435 33.966694 915.690308 ) (-285.009613 38.128159 924.325134 ) (-304.642761 33 938.002441 ) (-313.642029 24 938.002441 ) 
5 219 223 (-328.380432 74.260193 999.296936 ) (-341.511688 61.128937 999.296936 ) (-341.515930 8.884722 950.033630 ) (-332.998840 8.885265 942.002563 ) (-295.235962 46.647682 942.002625 ) 
4 219 220 (-380.839844 26.140625 991.121094 ) (-374.851593 20.922586 983.136841 ) (-375.114929 20.286419 992.467285 ) (-379.061859 23.575315 999.290649 ) 
4 220 338 (-380.839966 26.139267 991.119995 ) (-382.634796 23.074121 993.513062 ) (-381.379974 21.261456 999.291931 ) (-379.064972 23.576487 999.291931 ) 
4 220 335 (-382.634796 23.074121 993.513062 ) (-384.403046 20.054363 995.870728 ) (-382.820313 19.821100 999.291931 ) (-381.379974 21.261456 999.291931 ) 
3 220 296 (-379.064758 23.575851 999.296875 ) (-382.819855 19.820770 999.296875 ) (-375.116821 20.286133 992.471558 ) 
3 221 334 (-386.427185 16.597626 998.569580 ) (-386.968903 15.672485 999.291870 ) (-386.093018 16.548378 999.291870 ) 
3 221 328 (-370.582428 8.884071 977.438049 ) (-367.711761 10.072825 973.610474 ) (-366.523224 8.884331 973.610474 ) 
5 221 291 (-386.092590 16.548044 999.296875 ) (-386.972656 15.667969 999.296875 ) (-370.578125 8.882868 977.437500 ) (-366.522278 8.883126 973.613098 ) (-376.424011 17.132151 990.729919 ) 
4 221 222 (-369.078522 11.012387 978.028748 ) (-366.522797 8.883210 973.610901 ) (-367.708313 10.068676 973.611145 ) (-371.021484 12.955318 978.028748 ) 
4 222 328 (-367.711761 10.072825 973.610474 ) (-365.002441 11.194775 969.998047 ) (-362.692230 8.884576 969.998108 ) (-366.523224 8.884331 973.610474 ) 
3 222 293 (-366.522278 8.883126 973.613098 ) (-362.693542 8.883371 970.002808 ) (-369.075775 11.010406 978.027222 ) 
5 223 340 (-328.380859 74.261078 999.292236 ) (-340.318817 62.323017 999.292175 ) (-341.116058 61.259739 999.793335 ) (-336.169373 62.906471 1006.010071 ) (-327.890839 73.553215 1001.548889 ) 
3 223 339 (-336.169373 62.906471 1006.010071 ) (-323.451477 67.140213 1021.993347 ) (-327.890839 73.553215 1001.548889 ) 
3 223 333 (-340.318817 62.323017 999.292175 ) (-341.514832 61.126991 999.292175 ) (-341.116058 61.259739 999.793335 ) 
3 223 331 (-332.998962 1.816526 948.665344 ) (-332.998718 0.366288 950.032532 ) (-334.024323 1.391900 950.032532 ) 
4 223 329 (-341.518341 8.885933 950.032410 ) (-333 8.886478 942 ) (-332.998962 1.816526 948.665344 ) (-334.024323 1.391900 950.032532 ) 
4 223 321 (-323.449493 67.138321 1021.992737 ) (-333.109894 63.922001 1009.851440 ) (-333 63.767693 1009.809570 ) (-301.016479 44.705711 1021.993652 ) 
4 223 312 (-333 63.767693 1009.809570 ) (-302.620239 21.111755 998.236328 ) (-301 44.689651 1021.993652 ) (-301.016479 44.705711 1021.993652 ) 
5 223 309 (-283.052124 25.393906 1020.723633 ) (-282.316956 26.006550 1021.994385 ) (-290.616852 34.306271 1021.994080 ) (-301.274506 40.700180 1017.973816 ) (-301.617310 35.710274 1012.945923 ) 
3 223 308 (-290.616852 34.306271 1021.994080 ) (-301 44.689651 1021.993652 ) (-301.274506 40.700180 1017.973816 ) 
4 223 304 (-302.620239 21.111755 998.236328 ) (-297.245911 13.565697 996.188965 ) (-283.052124 25.393906 1020.723633 ) (-301.617310 35.710274 1012.945923 ) 
4 223 295 (-333.109894 63.922001 1009.851440 ) (-341.510864 61.125000 999.292969 ) (-341.513702 19.240902 959.801514 ) (-299.479553 16.701931 997.039856 ) 
7 223 287 (-341.513702 19.240902 959.801514 ) (-341.514404 8.882813 950.035156 ) (-332.996857 0.365261 950.035278 ) (-324.547180 0.364001 958 ) (-305.447296 6.731179 982.012451 ) (-297.245911 13.565697 996.188965 ) (-299.479553 16.701931 997.039856 ) 
4 223 281 (-308.432739 57.644878 964.812927 ) (-313.522858 61.885380 973.611938 ) (-284.135254 32.498558 973.610657 ) (-286.043335 35.256023 964.812378 ) 
4 223 276 (-295.235718 46.650658 942 ) (-308.432739 57.644878 964.812927 ) (-286.043335 35.256023 964.812378 ) (-287.520721 37.391094 958 ) 
5 223 275 (-313.522858 61.885380 973.611938 ) (-324.544006 71.066933 992.663574 ) (-282.313965 28.838116 992.660522 ) (-282.313324 29.865566 982.011841 ) (-284.135254 32.498558 973.610657 ) 
5 223 273 (-324.544006 71.066933 992.663574 ) (-328.377350 74.260429 999.290039 ) (-323.449219 67.140976 1021.988403 ) (-282.315674 26.008259 1021.989624 ) (-282.313965 28.838116 992.660522 ) 
5 223 250 (-316.006287 8.909869 957.991577 ) (-324.553894 0.362377 957.991272 ) (-332.996277 0.363745 950.032471 ) (-332.996552 1.817388 948.662109 ) (-328 13.882208 942 ) 
3 223 249 (-332.996552 1.817388 948.662109 ) (-332.997833 8.885976 941.998352 ) (-327.998901 13.884789 941.998596 ) 
4 223 239 (-293.547546 44.623920 945.498169 ) (-287.522766 37.392967 957.992432 ) (-294.909698 30.006130 957.992188 ) (-299.882813 42 942 ) 
3 223 238 (-295.234375 46.648438 942 ) (-293.547546 44.623920 945.498169 ) (-299.882813 42 942 ) 
4 223 226 (-282.313507 29.866297 982.010071 ) (-282.316589 26.007284 1021.995605 ) (-290.447876 19.231485 1007.939636 ) (-291.180420 21 982.010010 ) 
3 223 225 (-324.546875 0.359375 958 ) (-316 8.906485 958 ) (-308.376495 5.754434 978.329407 ) 
4 223 224 (-294.906189 30 958 ) (-287.519531 37.386719 958 ) (-282.314850 29.864408 982.011475 ) (-291.183380 20.995712 982.011719 ) 
5 224 281 (-282.312805 30.676172 973.610596 ) (-282.312531 31.140236 968.800964 ) (-284.235840 33.448593 964.812317 ) (-286.043335 35.256023 964.812378 ) (-284.135254 32.498558 973.610657 ) 
3 224 276 (-284.235840 33.448593 964.812317 ) (-287.520721 37.391094 958 ) (-286.043335 35.256023 964.812378 ) 
3 224 275 (-282.313324 29.865566 982.011841 ) (-282.312805 30.676172 973.610596 ) (-284.135254 32.498558 973.610657 ) 
4 224 240 (-287.522766 37.392967 957.992432 ) (-282.312988 31.140213 968.796509 ) (-287.501709 25.951412 968.796509 ) (-294.912781 30.003061 957.992188 ) 
4 224 226 (-287.505341 25.947794 968.806152 ) (-282.312500 31.140625 968.806030 ) (-282.313507 29.866297 982.010071 ) (-291.183472 20.996357 982.010010 ) 
4 225 297 (-324.547180 0.364001 958 ) (-313.089935 0.362292 968.801758 ) (-309.847839 3.064043 974.405884 ) (-308.376160 5.754810 978.330444 ) 
4 225 254 (-319.539124 0.361564 962.718811 ) (-324.553894 0.362377 957.991272 ) (-316.003204 8.912933 957.991516 ) (-316 8.907072 958 ) 
4 225 253 (-311.951385 1.501354 968.796509 ) (-313.092194 0.360519 968.796509 ) (-319.539124 0.361564 962.718811 ) (-316 8.907072 958 ) 
3 225 227 (-313.085938 0.367188 968.806824 ) (-311.947479 1.505643 968.806824 ) (-309.849426 3.064163 974.401550 ) 
3 226 311 (-280.018677 23.708321 1021.994446 ) (-282.316956 26.006550 1021.994385 ) (-283.052124 25.393906 1020.723633 ) 
4 226 305 (-274.583435 18.273190 1021.994690 ) (-280.018677 23.708321 1021.994446 ) (-283.052124 25.393906 1020.723633 ) (-290.447113 19.231392 1007.940979 ) 
3 226 281 (-279.993408 28.356842 973.610474 ) (-282.312531 31.140236 968.800964 ) (-282.312805 30.676176 973.610535 ) 
5 226 275 (-273.748871 20.273291 992.659851 ) (-273.585480 20.666031 986.899658 ) (-279.993408 28.356842 973.610474 ) (-282.312805 30.676176 973.610535 ) (-282.313934 28.838123 992.660400 ) 
4 226 273 (-282.315674 26.008259 1021.989624 ) (-274.580780 18.273518 1021.989868 ) (-273.748871 20.273291 992.659851 ) (-282.313934 28.838123 992.660400 ) 
4 226 240 (-282.312988 31.140213 968.796509 ) (-273.586243 20.666407 986.894104 ) (-278.444824 21 982 ) (-287.501678 25.951418 968.796509 ) 
3 227 298 (-313.089935 0.362292 968.801758 ) (-311.325684 0.362029 970.464905 ) (-309.847839 3.064054 974.405884 ) 
4 227 253 (-311.830933 0.360314 969.985474 ) (-313.092194 0.360519 968.796509 ) (-311.951385 1.501354 968.796509 ) (-311.505493 0.685773 969.985474 ) 
3 227 251 (-311.327515 0.360233 970.460083 ) (-311.830933 0.360314 969.985474 ) (-311.505493 0.685773 969.985474 ) 
4 228 306 (-270.388489 8.111646 1016.369263 ) (-272.201965 15.054294 1021.205200 ) (-289.145752 16.077745 1006.194580 ) (-291.948303 13.743378 1001.351257 ) 
4 228 255 (-266.652252 11.848794 1006.403564 ) (-271.211914 15.234471 1018.562561 ) (-272.201599 15.054535 1021.201660 ) (-270.388306 8.112790 1016.366211 ) 
3 228 245 (-270.495270 16.956633 993.304199 ) (-270.032349 16.401028 994.264221 ) (-271.128143 17 992.666687 ) 
6 228 229 (-271.133484 17 992.666321 ) (-270.031555 16.397690 994.272827 ) (-266.652527 11.847274 1006.407288 ) (-270.387939 8.111439 1016.369507 ) (-291.948334 13.743418 1001.350891 ) (-289.531281 17 992.666321 ) 
5 229 306 (-287.839569 0.358526 992.605591 ) (-268.362579 0.355621 1010.966797 ) (-270.388489 8.111646 1016.369263 ) (-291.948303 13.743378 1001.351257 ) (-295.352753 10.907655 995.467773 ) 
4 229 299 (-304.364868 0.360991 977.026978 ) (-287.839569 0.358526 992.605591 ) (-295.352753 10.907655 995.467773 ) (-301.310760 5.944978 985.171265 ) 
4 229 255 (-265.571320 11.046163 1003.521057 ) (-266.652252 11.848794 1006.403564 ) (-270.388306 8.112790 1016.366211 ) (-268.362640 0.358097 1010.964478 ) 
5 229 245 (-270.032349 16.401028 994.264221 ) (-265.571289 11.046875 1003.515625 ) (-266.495667 7.507352 1005.980652 ) (-285.688599 18 978 ) (-271.128143 17 992.666687 ) 
6 229 244 (-266.495667 7.507352 1005.980652 ) (-268.364014 0.353268 1010.962891 ) (-304.366669 0.359104 977.022217 ) (-305.656921 2.719213 973.581543 ) (-290.075165 18.301371 973.581421 ) (-285.688599 18 978 ) 
4 229 232 (-289.949615 18.001900 977.973572 ) (-290.074615 18.301008 973.586670 ) (-305.654633 2.720499 973.587646 ) (-304.009613 3.941456 977.974365 ) 
3 229 231 (-301.312988 5.940545 985.164063 ) (-304 3.946141 977.998474 ) (-304 1.027852 977.998535 ) 
3 229 230 (-290.076050 18.301147 973.583984 ) (-289.950195 18 978 ) (-285.692291 18 978 ) 
3 230 244 (-290.075165 18.301371 973.581421 ) (-288.719513 19.657063 973.581421 ) (-285.688599 18 978 ) 
3 230 232 (-288.720551 19.655102 973.586609 ) (-290.074615 18.301008 973.586670 ) (-289.948853 18 978 ) 
3 231 300 (-304 1.028119 978 ) (-301.310760 5.944978 985.171265 ) (-303.804962 3.867461 980.860901 ) 
4 232 244 (-307.005432 5.185828 969.985535 ) (-291.185822 21.005444 969.985779 ) (-288.719513 19.657049 973.581360 ) (-305.656921 2.719210 973.581543 ) 
3 233 267 (-273.732574 22.945599 964.812012 ) (-273.030487 22 967.333313 ) (-272.958984 22.172009 964.811951 ) 
5 233 266 (-271.565765 25.520962 915.693970 ) (-280.017822 33.972862 915.693787 ) (-285.007996 38.130093 924.320007 ) (-273.732574 22.945599 964.812012 ) (-272.958984 22.172009 964.811951 ) 
6 233 243 (-312.134583 24.091707 936.662720 ) (-280.021973 26.031847 908.210938 ) (-271.569153 25.521826 915.691589 ) (-273.033722 22 967.331543 ) (-284.535706 22 967.331726 ) (-309.662964 23.727015 942.011536 ) 
3 233 241 (-313.643921 24 938 ) (-312.134583 24.091707 936.662720 ) (-309.662964 23.727015 942.011536 ) 
4 233 236 (-276.742950 26.996048 954.008606 ) (-285.009949 38.128868 924.321045 ) (-304.644958 33 938 ) (-293.670502 26.996342 954.008179 ) 
3 233 234 (-297.774414 22.906902 953.989990 ) (-284.546875 21.998047 967.320313 ) (-293.684052 26.996052 953.992310 ) 
3 234 244 (-297.766815 22.909716 954 ) (-284.535706 22 967.331726 ) (-291.599274 22 967.331848 ) 
3 235 281 (-279.997864 29.210735 964.812195 ) (-275.817810 24.193512 973.484253 ) (-278.232666 27.445553 964.812134 ) 
4 235 276 (-292.141815 43.786812 939.617981 ) (-279.997864 29.210735 964.812195 ) (-278.232666 27.445553 964.812134 ) (-280.129395 30 958 ) 
4 235 240 (-275.829346 24.205227 973.453064 ) (-290.844727 42.227283 942.302612 ) (-291.392639 42 942 ) (-286.423096 30 958 ) 
3 235 238 (-290.844727 42.227283 942.302612 ) (-292.120972 43.759079 939.654968 ) (-291.392639 42 942 ) 
3 235 237 (-291.401489 42 942 ) (-292.138733 43.780003 939.625305 ) (-290.587524 42 942 ) 
3 236 277 (-285.007996 38.130093 924.320007 ) (-290.235474 42.485012 933.356445 ) (-276.741486 26.997654 954.006531 ) 
4 236 237 (-298.641754 39.001961 938 ) (-298.641266 39 938 ) (-287.202850 39 938 ) (-290.237335 42.483505 933.356873 ) 
5 237 278 (-290.235474 42.485012 933.356445 ) (-292.921722 44.722897 938 ) (-292.141815 43.786812 939.617981 ) (-290.585266 42 942 ) (-287.200195 39.001350 938.001404 ) 
5 237 238 (-291.392639 42 942 ) (-292.120972 43.759079 939.654968 ) (-292.920837 44.719116 937.995605 ) (-298.634521 39.005581 937.995728 ) (-298.632751 39.001308 938.001404 ) 
3 238 278 (-292.921722 44.722897 938 ) (-293.052002 44.831417 938.225159 ) (-292.141754 43.786743 939.618103 ) 
5 238 276 (-293.052002 44.831417 938.225159 ) (-295.235718 46.650658 942 ) (-293.548126 44.625198 945.499878 ) (-290.845490 42.230865 942.307373 ) (-292.141754 43.786743 939.618103 ) 
4 238 239 (-291.401611 42 942 ) (-290.847595 42.230148 942.305481 ) (-293.550629 44.624916 945.497864 ) (-299.885040 42.001411 942 ) 
3 239 276 (-293.548126 44.625198 945.499878 ) (-287.520691 37.391071 958 ) (-290.907898 42.286160 942.381104 ) 
5 239 240 (-291.398132 41.988586 942.015625 ) (-291.378906 42.007813 942.015625 ) (-290.908386 42.283443 942.383118 ) (-287.521454 37.388817 958.001343 ) (-294.911041 30 958.001221 ) 
5 240 281 (-284.235809 33.448559 964.812317 ) (-279.993408 28.356838 973.610413 ) (-275.782745 24.146275 973.610229 ) (-275.817810 24.193514 973.484253 ) (-279.997864 29.210730 964.812195 ) 
5 240 276 (-287.520691 37.391071 958 ) (-284.235809 33.448559 964.812317 ) (-279.997864 29.210730 964.812195 ) (-290.845490 42.230865 942.307373 ) (-290.907898 42.286160 942.381104 ) 
4 240 275 (-279.993408 28.356838 973.610413 ) (-273.585480 20.666033 986.899597 ) (-273.446503 21 982 ) (-275.782745 24.146275 973.610229 ) 
3 241 247 (-319 18.644045 938 ) (-319.501984 16.724394 936.662537 ) (-317.496155 15.893839 942.011475 ) 
4 241 243 (-315.406677 20.818623 936.661621 ) (-312.133789 24.091524 936.661621 ) (-309.660278 23.726559 942.014404 ) (-312.933228 20.453667 942.014404 ) 
4 241 242 (-317.494568 15.892389 942.014343 ) (-319.501770 16.723539 936.661682 ) (-315.406677 20.818623 936.661621 ) (-312.933228 20.453667 942.014404 ) 
4 242 670 (-316.093201 0 945.751526 ) (-319.227539 0 937.393250 ) (-271.143341 0 892.055664 ) (-265.142120 0 897.707764 ) 
3 242 662 (-313 0 954 ) (-316.093201 0 945.751526 ) (-284.400208 0 915.866943 ) 
8 242 623 (-308.801666 0 965.195557 ) (-313 0 954 ) (-284.400208 0 915.866943 ) (-265.142120 0 897.707764 ) (-248.332245 0 913.539612 ) (-252 0 967.333374 ) (-265.848572 0 1004.262817 ) (-267.064606 0 1004.549438 ) 
4 242 619 (-250.151093 0 958.201477 ) (-250.697342 0 963.859619 ) (-252 0 967.333374 ) (-251.500015 0 960 ) 
4 242 618 (-248.332245 0 913.539612 ) (-246.047134 0 915.691772 ) (-250.151093 0 958.201477 ) (-251.500015 0 960 ) 
3 242 508 (-265.848572 0 1004.262817 ) (-266.245636 0 1005.321655 ) (-267.064606 0 1004.549438 ) 
5 242 332 (-315.923462 8.887572 925.898010 ) (-280.033173 8.889870 892.055725 ) (-271.143250 0 892.055786 ) (-319.227478 0 937.393311 ) (-321 6.785374 932.666687 ) 
3 242 326 (-321.549011 8.887212 931.202576 ) (-315.923462 8.887572 925.898010 ) (-321 6.785374 932.666687 ) 
4 242 267 (-269.686188 18.899292 964.811890 ) (-269.935730 18.299427 973.609924 ) (-254.353516 2.717603 973.609314 ) (-251.054337 0.267879 964.811523 ) 
6 242 266 (-251.729263 5.684796 915.694336 ) (-268.292969 22.248234 915.694031 ) (-269.686188 18.899292 964.811890 ) (-251.054337 0.267879 964.811523 ) (-250.693573 0 963.849487 ) (-246.692719 0 922.409790 ) 
3 242 265 (-246.044373 0 915.694458 ) (-251.729263 5.684796 915.694336 ) (-246.692719 0 922.409790 ) 
5 242 259 (-269.935730 18.299427 973.609924 ) (-270.060242 18 978 ) (-270.054443 17.992315 978.020752 ) (-256.007263 3.945551 978.019287 ) (-254.353516 2.717603 973.609314 ) 
4 242 255 (-256 3.939052 977.997253 ) (-263.719910 9.671437 998.583984 ) (-266.246338 0 1005.321045 ) (-256 0 977.997253 ) 
6 242 247 (-317.496155 15.893839 942.011475 ) (-319.501984 16.724394 936.662537 ) (-321.549408 8.887235 931.202698 ) (-319.227844 0 937.393494 ) (-313 0 954 ) (-313 7.674609 954 ) 
3 242 245 (-265.166931 11.406730 995.582336 ) (-270.261871 17.521992 985.012268 ) (-277.220581 18 978 ) 
7 242 244 (-313.001617 7.676549 953.995667 ) (-308.802582 0 965.193054 ) (-266.244904 0 1005.321106 ) (-263.719116 9.668987 998.585999 ) (-265.166931 11.406730 995.582336 ) (-277.220581 18 978 ) (-301.041382 19.636740 953.995972 ) 
6 242 243 (-315.408813 20.818314 936.663330 ) (-312.933594 20.453125 942.019531 ) (-277.226807 18 978 ) (-270.062866 18 978 ) (-268.295868 22.248234 915.691284 ) (-280.024353 22.955933 905.311707 ) 
5 243 267 (-272.958984 22.172009 964.811951 ) (-273.030487 22 967.333313 ) (-271.282684 19.646345 973.609985 ) (-269.935730 18.299427 973.609924 ) (-269.686188 18.899292 964.811890 ) 
4 243 266 (-268.292969 22.248234 915.694031 ) (-271.565765 25.520962 915.693970 ) (-272.958984 22.172009 964.811951 ) (-269.686188 18.899292 964.811890 ) 
3 243 259 (-271.282684 19.646345 973.609985 ) (-270.060242 18 978 ) (-269.935730 18.299427 973.609924 ) 
4 243 244 (-284.531769 22 967.335388 ) (-297.769287 22.908796 953.996033 ) (-301.041382 19.636740 953.995972 ) (-277.220581 18 978 ) 
4 244 623 (-273.263031 0 1006.010559 ) (-304.563080 0 976.498474 ) (-308.801666 0 965.195557 ) (-267.064606 0 1004.549438 ) 
4 244 508 (-268.269562 0 1010.718811 ) (-273.263031 0 1006.010559 ) (-267.064606 0 1004.549438 ) (-266.245636 0 1005.321655 ) 
4 244 306 (-287.584259 0 992.508301 ) (-268.269684 0 1010.719116 ) (-268.362579 0.355621 1010.966797 ) (-287.839600 0.358526 992.605591 ) 
4 244 299 (-304.562378 0 976.500427 ) (-287.584259 0 992.508301 ) (-287.839600 0.358526 992.605591 ) (-304.364899 0.360991 977.026978 ) 
6 244 255 (-263.719910 9.671437 998.583984 ) (-264.069794 9.931235 999.517029 ) (-266.496185 7.504869 1005.987305 ) (-268.362640 0.358097 1010.964478 ) (-268.269104 0 1010.715027 ) (-266.246338 0 1005.321045 ) 
5 244 245 (-265.161346 11.400337 995.590820 ) (-277.227600 18 977.990906 ) (-285.698273 18 977.994934 ) (-266.496094 7.502429 1005.989624 ) (-264.068298 9.928266 999.517029 ) 
3 245 255 (-264.069794 9.931235 999.517029 ) (-265.571320 11.046163 1003.521057 ) (-266.496185 7.504869 1005.987305 ) 
4 246 669 (-328.757721 0 946.379028 ) (-326.390015 0 944.146545 ) (-321.419525 0 950.773865 ) (-322.758087 0 952.036072 ) 
4 246 661 (-321.419525 0 950.773865 ) (-316 0 958 ) (-316.179352 0 958.239136 ) (-322.758087 0 952.036072 ) 
4 246 331 (-326.389954 0 944.146606 ) (-328.757660 0 946.379089 ) (-328.757690 3.572802 943.010315 ) (-328 3.886584 942 ) 
3 246 329 (-328.757690 3.572802 943.010315 ) (-328.757690 4.644190 942 ) (-328 3.886584 942 ) 
3 246 326 (-328.757690 4.644190 942 ) (-328.757690 5.715847 940.989685 ) (-328 3.886584 942 ) 
5 246 254 (-328.756958 3.573012 943.009338 ) (-328.756866 0 946.378174 ) (-320.677490 0 953.996948 ) (-319.001770 1.675369 953.997620 ) (-328 5.400712 942 ) 
4 246 252 (-320.677490 0 953.996948 ) (-316.179138 0 958.238892 ) (-316 0.432597 958 ) (-319.001770 1.675369 953.997620 ) 
3 246 249 (-328.757019 5.714144 940.990540 ) (-328.756958 3.573012 943.009338 ) (-328 5.400712 942 ) 
3 246 248 (-328.755859 5.715319 940.988281 ) (-327.998535 5.401736 941.998047 ) (-327.998535 3.887061 941.998047 ) 
4 247 670 (-322.875427 0 940.832764 ) (-319.227539 0 937.393250 ) (-316.093201 0 945.751526 ) (-317.905029 0 947.459961 ) 
3 247 662 (-316.093201 0 945.751526 ) (-313 0 954 ) (-317.905029 0 947.459961 ) 
4 247 332 (-321 6.785374 932.666687 ) (-319.227478 0 937.393311 ) (-322.875397 0 940.832825 ) (-325 5.128946 938 ) 
4 247 326 (-326.556702 8.886891 935.924500 ) (-321.549011 8.887212 931.202576 ) (-321 6.785374 932.666687 ) (-325 5.128946 938 ) 
4 247 248 (-325 12.640844 938 ) (-325.001312 12.641405 937.998230 ) (-326.556763 8.886965 935.924255 ) (-325 5.128698 938 ) 
5 248 326 (-328.757690 8.886750 938 ) (-326.556702 8.886891 935.924500 ) (-325 5.128946 938 ) (-328 3.886585 942 ) (-328.757690 5.715847 940.989685 ) 
4 248 249 (-325 12.643578 938 ) (-328.757111 8.885839 938 ) (-328.757019 5.714144 940.990540 ) (-328 5.400712 942 ) 
4 249 329 (-333 8.886478 942 ) (-328.757660 4.644156 942 ) (-328.757660 3.572814 943.010315 ) (-332.998962 1.816527 948.665344 ) 
3 249 326 (-333 8.886478 942 ) (-328.757690 8.886750 938 ) (-328.757660 4.644156 942 ) 
3 249 254 (-328.758636 3.576049 943.007996 ) (-328.013367 5.375031 942.014404 ) (-329.166138 3.407207 943.551453 ) 
6 249 250 (-328.013367 5.375031 942.014404 ) (-328.001221 5.404315 941.998230 ) (-328 13.883970 941.998596 ) (-328.002106 13.884476 942 ) (-333 1.819116 948.662842 ) (-329.166138 3.407207 943.551453 ) 
4 250 669 (-326.632690 0 955.689575 ) (-332.632507 0 950.032471 ) (-330.301910 0 947.835022 ) (-326.302155 0 955.377869 ) 
3 250 661 (-325.641052 0 956.624573 ) (-326.632690 0 955.689575 ) (-326.302155 0 955.377869 ) 
5 250 331 (-330.301849 0 947.835083 ) (-332.632416 0 950.032532 ) (-332.998718 0.366288 950.032532 ) (-332.998962 1.816527 948.665344 ) (-329.167480 3.403111 943.556763 ) 
4 250 287 (-332.996857 0.365261 950.035278 ) (-332.631592 0 950.035278 ) (-325.639191 0 956.628113 ) (-324.547180 0.364001 958 ) 
7 250 254 (-329.172028 3.395522 943.568054 ) (-328.007813 5.382813 942.015625 ) (-327.988190 5.402420 942.015625 ) (-316.003418 8.913807 957.995361 ) (-324.552185 0.365294 957.995605 ) (-325.647980 0 956.617981 ) (-330.304108 0 947.836975 ) 
5 251 615 (-311.524567 0 969.934692 ) (-312.913239 0 968.625305 ) (-317.494873 0 959.993164 ) (-316.179352 0 958.239136 ) (-315.763184 0 958.631531 ) 
4 251 298 (-312.911652 0 968.628296 ) (-311.523590 0 969.937012 ) (-311.325684 0.362029 970.464966 ) (-311.824005 0.362103 969.995178 ) 
5 251 253 (-316 2.551022 958 ) (-317.493927 0 959.991943 ) (-312.908508 0 968.629822 ) (-311.818665 0.362740 970 ) (-311.500214 0.681136 970 ) 
4 251 252 (-317.496185 0 959.996399 ) (-316 2.555937 958 ) (-316 0.436525 958 ) (-316.180511 0 958.242004 ) 
3 252 661 (-317.494873 0 959.993164 ) (-320.676514 0 953.998779 ) (-316.179352 0 958.239136 ) 
4 252 254 (-319.002747 1.673782 953.996277 ) (-320.676727 0 953.996277 ) (-317.493927 0 959.991943 ) (-316 2.551128 958 ) 
3 253 615 (-312.913239 0 968.625305 ) (-319.389374 0 962.519104 ) (-317.494873 0 959.993164 ) 
4 253 298 (-313.524689 0 968.050293 ) (-312.911652 0 968.628296 ) (-311.824005 0.362103 969.995178 ) (-313.089935 0.362292 968.801758 ) 
4 253 297 (-319.390076 0 962.520142 ) (-313.524689 0 968.050293 ) (-313.089935 0.362292 968.801758 ) (-319.540558 0.363254 962.720703 ) 
6 253 254 (-316 2.556435 958 ) (-317.497192 0 959.995605 ) (-319.389740 0 962.518677 ) (-319.540894 0.364838 962.720154 ) (-316.003906 8.906250 958.003906 ) (-316 8.912331 958 ) 
4 254 669 (-326.302155 0 955.377869 ) (-330.301910 0 947.835022 ) (-328.757721 0 946.379028 ) (-322.758087 0 952.036072 ) 
6 254 661 (-319.389374 0 962.519104 ) (-325.641052 0 956.624573 ) (-326.302155 0 955.377869 ) (-322.758087 0 952.036072 ) (-320.676514 0 953.998779 ) (-317.494873 0 959.993164 ) 
4 254 331 (-328.757660 3.572814 943.010315 ) (-328.757660 0 946.379089 ) (-330.301849 0 947.835083 ) (-329.167480 3.403111 943.556763 ) 
4 254 297 (-325.639191 0 956.628113 ) (-319.390076 0 962.520142 ) (-319.540558 0.363254 962.720703 ) (-324.547180 0.364001 958 ) 
3 255 625 (-265.848541 0 1004.262817 ) (-256 0 978 ) (-257.659027 0 1002.332336 ) 
4 255 508 (-258.837219 0 1019.612366 ) (-268.269562 0 1010.718811 ) (-265.848541 0 1004.262817 ) (-257.659027 0 1002.332336 ) 
6 255 306 (-268.269684 0 1010.719116 ) (-265.387207 0 1013.436829 ) (-258.997284 2.649705 1021.959839 ) (-259 2.689734 1021.995300 ) (-271.310638 15 1021.994812 ) (-272.201965 15.054297 1021.205139 ) 
3 255 284 (-265.387207 0 1013.436829 ) (-258.837219 0 1019.612549 ) (-258.997284 2.649705 1021.959839 ) 
3 256 617 (-252.257492 0 980.020020 ) (-254.325531 0 1001.441162 ) (-253 0 982 ) 
4 256 260 (-253.474976 0 992.658386 ) (-252.253845 0 980.010254 ) (-253 0.554045 982 ) (-253.726700 0.251732 992.658325 ) 
3 256 258 (-254.331818 0 1001.533325 ) (-253.474976 0 992.658386 ) (-253.726700 0.251732 992.658325 ) 
6 257 649 (-239.640213 0 973.613525 ) (-238.809357 0 965.015076 ) (-238.593109 0 964.607483 ) (-224.795441 0 951.606079 ) (-221.812317 0 955.583557 ) (-223.104904 0 958.022095 ) 
4 257 645 (-238.593109 0 964.607483 ) (-235.093231 0 958.010498 ) (-226.247742 0 949.669678 ) (-224.795441 0 951.606079 ) 
4 257 642 (-226.247742 0 949.669678 ) (-218.113831 0 942 ) (-215.778122 0 944.199707 ) (-221.812317 0 955.583557 ) 
3 257 635 (-215.778122 0 944.199707 ) (-212.109756 0 947.654602 ) (-223.104904 0 958.022095 ) 
5 257 634 (-237.319366 0 997.537720 ) (-242.059982 0 998.655212 ) (-240.070969 0 978.071350 ) (-235.785721 0 969.979065 ) (-234.550293 0 968.814148 ) 
3 257 633 (-235.822968 0 982.015564 ) (-234.550293 0 968.814148 ) (-223.104874 0 958.022095 ) 
6 257 632 (-208 0 951.525269 ) (-208 0 990.626343 ) (-237.319366 0 997.537720 ) (-235.822968 0 982.015564 ) (-223.104874 0 958.022095 ) (-212.109756 0 947.654602 ) 
3 257 631 (-240.070969 0 978.071350 ) (-239.640213 0 973.613525 ) (-235.785721 0 969.979065 ) 
4 257 617 (-242.059982 0 998.655212 ) (-249.597397 0 1000.432007 ) (-247.820450 0 982 ) (-238.809357 0 965.015076 ) 
4 257 541 (-251.931564 0 1024.643921 ) (-249.597397 0 1000.432007 ) (-237.319366 0 997.537720 ) (-239.534332 0 1020.511414 ) 
4 257 540 (-240.063522 0 1026 ) (-252.062332 0 1026 ) (-251.931564 0 1024.643921 ) (-239.534332 0 1020.511414 ) 
4 257 539 (-208 0 990.626343 ) (-208 0 1018.441956 ) (-240.063522 0 1026 ) (-237.319366 0 997.537720 ) 
3 257 538 (-208 0 1018.441956 ) (-208 0 1026 ) (-240.063522 0 1026 ) 
6 257 272 (-252.062286 0 1025.996094 ) (-208 0 1025.996582 ) (-208 20.637976 970.962585 ) (-249.612503 31.498947 942 ) (-260.588043 25.494764 958.010986 ) (-264.318970 16.498785 982 ) 
4 257 261 (-232 13.885368 942 ) (-218.114426 0 942 ) (-235.092117 0 958.008362 ) (-244.006439 8.914316 958.008545 ) 
5 257 260 (-244.003998 8.914188 958.010681 ) (-235.089783 0 958.010498 ) (-247.821396 0 982.009888 ) (-253 5.179358 982.009827 ) (-253 5.183876 982 ) 
4 257 258 (-252.056641 0 1026.007813 ) (-255.225037 4.265255 1014.633972 ) (-253 5.187205 981.998352 ) (-247.812775 0 981.998413 ) 
5 258 617 (-254.332840 0 1001.548218 ) (-254.325516 0 1001.440857 ) (-253.478226 0 992.664490 ) (-247.820450 0 982 ) (-249.597397 0 1000.432007 ) 
5 258 541 (-253.091003 0 1025.030396 ) (-255.762161 0 1022.511780 ) (-254.332840 0 1001.548218 ) (-249.597397 0 1000.432007 ) (-251.931564 0 1024.643921 ) 
3 258 540 (-252.062332 0 1026 ) (-253.091003 0 1025.030396 ) (-251.931564 0 1024.643921 ) 
4 258 286 (-255.762161 0 1022.511841 ) (-253.091019 0 1025.030396 ) (-253.337006 0.332962 1025.112305 ) (-255.821503 0.981949 1023.381714 ) 
3 258 285 (-253.091019 0 1025.030396 ) (-252.062347 0 1026 ) (-253.337006 0.332962 1025.112305 ) 
4 258 274 (-255.821381 0.980902 1023.380371 ) (-252.066284 0 1025.996094 ) (-252.062286 0 1025.996094 ) (-255.225540 4.258068 1014.641357 ) 
4 258 260 (-253 5.179364 982.009827 ) (-247.821396 0 982.009888 ) (-253.479156 0 992.674866 ) (-253.727829 0.248663 992.674866 ) 
4 259 267 (-254.353226 2.716988 973.608582 ) (-271.285156 19.648438 973.609375 ) (-268.810547 21.002132 970 ) (-253 5.190988 970 ) 
3 260 649 (-238.593109 0 964.607422 ) (-238.809357 0 965.015015 ) (-238.787689 0 964.790771 ) 
4 260 645 (-238.437195 0 961.163635 ) (-235.093231 0 958.010498 ) (-238.593109 0 964.607422 ) (-238.787689 0 964.790771 ) 
5 260 617 (-253.478226 0 992.664490 ) (-252.257507 0 980.020020 ) (-248.878403 0 971.009094 ) (-238.437195 0 961.163635 ) (-238.809357 0 965.015015 ) 
4 260 270 (-244.003204 8.911074 958.008545 ) (-235.092117 0 958.008362 ) (-247.809052 0 970 ) (-248.499878 0.690840 970 ) 
3 260 268 (-247.809052 0 970 ) (-248.877777 0 971.007446 ) (-248.499878 0.690840 970 ) 
3 261 645 (-226.247742 0 949.669678 ) (-235.093231 0 958.010498 ) (-228.836777 0 946.217651 ) 
4 261 642 (-223.771973 0 936.670959 ) (-218.113831 0 942 ) (-226.247742 0 949.669678 ) (-228.836777 0 946.217651 ) 
4 261 270 (-235.097504 0 958.010498 ) (-244.008057 8.910503 958.010681 ) (-232 5.396561 942 ) (-228.839310 0 946.214294 ) 
4 261 265 (-232 5.396561 942 ) (-228.001236 4.226385 936.668274 ) (-223.774872 0 936.668274 ) (-228.839310 0 946.214294 ) 
4 261 264 (-231.994080 5.398493 941.993469 ) (-232 5.400078 942 ) (-232 13.885862 942 ) (-228.998627 6.637300 938 ) 
3 261 263 (-228.002258 4.230370 936.671021 ) (-231.994080 5.398493 941.993469 ) (-228.998627 6.637300 938 ) 
3 262 277 (-255.360504 33 938 ) (-257.269135 33.497349 936.671143 ) (-258.096863 31.501505 941.993286 ) 
5 262 271 (-240.500656 16.725870 936.668335 ) (-235.998749 12.223940 936.668335 ) (-235 10.518680 938 ) (-238.001266 11.396963 942.001709 ) (-242.500610 15.896385 942.001648 ) 
4 262 266 (-258.107605 31.503639 942.001404 ) (-257.278168 33.503502 936.668457 ) (-240.500656 16.725870 936.668335 ) (-242.500610 15.896385 942.001648 ) 
3 262 265 (-235.998749 12.223940 936.668335 ) (-234.001221 10.226402 936.668335 ) (-235 10.518680 938 ) 
3 262 263 (-235.001068 12.638979 937.998779 ) (-235.001022 10.523944 937.998779 ) (-234.004852 10.232435 936.670532 ) 
4 263 265 (-234.001221 10.226402 936.668335 ) (-228.001236 4.226385 936.668274 ) (-232 5.396560 942 ) (-235 10.518680 938 ) 
5 263 264 (-232.023438 5.441413 941.968750 ) (-231.984375 5.402344 941.968750 ) (-229.002975 6.635318 937.993530 ) (-234.995453 12.628236 937.993958 ) (-235 12.626343 938 ) 
4 265 642 (-235.044601 0 926.054199 ) (-223.771973 0 936.670959 ) (-228.836777 0 946.217651 ) (-236.062088 0 936.583923 ) 
4 265 618 (-246.695358 0 922.406189 ) (-246.047134 0 915.691772 ) (-235.044601 0 926.054199 ) (-236.062088 0 936.583923 ) 
4 265 271 (-235.001953 10.522022 938.002625 ) (-236.001358 12.228409 936.670044 ) (-238.998184 10.982782 932.674438 ) (-235.002014 4.160900 938.002686 ) 
3 265 270 (-228.839310 0 946.219482 ) (-232.001953 5.399869 942.002625 ) (-232.002014 0 942.002686 ) 
5 265 269 (-238.998184 10.982782 932.674438 ) (-239.001328 10.981474 932.670227 ) (-239.001419 0 932.670410 ) (-235.002060 0 938.002747 ) (-235.002014 4.160900 938.002686 ) 
4 265 266 (-239.001328 10.981474 932.670227 ) (-251.735947 5.688347 915.691284 ) (-246.696228 0 922.410950 ) (-239.001419 0 932.670410 ) 
3 266 619 (-250.697342 0 963.859558 ) (-250.151108 0 958.201538 ) (-247 0 954 ) 
4 266 618 (-250.151108 0 958.201538 ) (-246.695358 0 922.406189 ) (-239 0 932.666687 ) (-247 0 954 ) 
6 266 277 (-280.013458 39.433674 920.841064 ) (-285.007813 38.128906 924.320313 ) (-276.740387 26.995258 954.009644 ) (-266.329926 26.995304 954.009583 ) (-258.096863 31.501505 941.993286 ) (-257.269135 33.497349 936.671143 ) 
4 266 271 (-239.002411 10.987031 932.674438 ) (-240.501068 16.728992 936.670837 ) (-242.497284 15.901060 941.994080 ) (-247 7.675264 954 ) 
5 266 269 (-239 0 932.667969 ) (-239 10.977776 932.667969 ) (-239.002411 10.987031 932.674438 ) (-247 7.675264 954 ) (-247 0 953.998718 ) 
4 266 267 (-251.053711 0.262695 964.812500 ) (-246.996445 7.675774 953.993164 ) (-266.322723 27.002958 953.992310 ) (-273.735596 22.945808 964.811401 ) 
3 268 645 (-237.263596 0 949.018127 ) (-235.280334 0 946.373779 ) (-237.393051 0 950.357849 ) 
5 268 617 (-244 0 958 ) (-237.263596 0 949.018127 ) (-237.393051 0 950.357849 ) (-247.810165 0 970.001831 ) (-248.878403 0 971.009094 ) 
4 268 270 (-248.502563 0.686905 970.006897 ) (-247.815704 0 970.006897 ) (-235.290405 0 946.387146 ) (-244 2.551585 958 ) 
3 269 646 (-236.062088 0 936.583923 ) (-235 0 938 ) (-236.376251 0 939.835083 ) 
4 269 618 (-247 0 954 ) (-239 0 932.666687 ) (-236.062088 0 936.583923 ) (-236.376251 0 939.835083 ) 
4 269 271 (-235 4.157555 938 ) (-238.996445 10.979275 932.672729 ) (-239.001785 10.984614 932.672729 ) (-247 7.672731 953.998779 ) 
6 270 645 (-232 0 942 ) (-228.836777 0 946.217651 ) (-235.093231 0 958.010498 ) (-238.437195 0 961.163696 ) (-237.393051 0 950.357788 ) (-235.280334 0 946.373779 ) 
3 270 617 (-238.437195 0 961.163696 ) (-247.810165 0 970.001831 ) (-237.393051 0 950.357788 ) 
3 272 540 (-249.662491 0 1028.262939 ) (-252.062332 0 1026 ) (-240.063522 0 1026 ) 
4 272 538 (-208 0 1026 ) (-208 0 1067.545654 ) (-249.662491 0 1028.262939 ) (-240.063522 0 1026 ) 
3 272 340 (-323.703308 78.938667 999.292236 ) (-326.064240 76.577721 999.292236 ) (-325.816833 76.220512 1000.431213 ) 
7 272 339 (-314.801270 70.019821 1032.864502 ) (-256.821716 128 1032.863892 ) (-264.004486 128 1019.332764 ) (-279.963013 122.679413 999.292542 ) (-323.703308 78.938667 999.292236 ) (-325.816833 76.220512 1000.431213 ) (-320.263214 68.201569 1026 ) 
6 272 283 (-221.651703 14.134857 1068 ) (-314.799896 70.018097 1032.863647 ) (-320.261353 68.199768 1026 ) (-252.062347 0 1026 ) (-208 0 1067.544556 ) (-208 0.483032 1068 ) 
3 272 280 (-265.087158 29.998323 958.002747 ) (-289.091675 54.002766 958.003296 ) (-260.117371 42 942 ) 
4 272 279 (-289.091675 54.002766 958.003296 ) (-296.972809 61.883881 958.003479 ) (-280 61.884350 941.998657 ) (-260.114594 42 941.998474 ) 
4 272 275 (-296.976563 61.886719 958.011963 ) (-265.085754 29.995911 958.011230 ) (-268.818024 20.997129 982.007874 ) (-316.065674 68.245567 982.007324 ) 
3 272 274 (-255.224976 4.265819 1014.633057 ) (-252.056564 0 1026.006470 ) (-256 3.944713 1026.006470 ) 
5 272 273 (-316.054688 68.246094 981.997498 ) (-268.812378 21 981.998108 ) (-270.055176 18 1026.006592 ) (-320.256134 68.201347 1026.006714 ) (-326.057556 76.580681 999.289246 ) 
4 273 340 (-326.064240 76.577721 999.292236 ) (-328.380859 74.261078 999.292236 ) (-327.890839 73.553215 1001.548889 ) (-325.816833 76.220512 1000.431213 ) 
4 273 339 (-327.890839 73.553215 1001.548889 ) (-323.451477 67.140213 1021.993347 ) (-320.263214 68.201569 1026 ) (-325.816833 76.220512 1000.431213 ) 
4 273 325 (-320.261353 68.199768 1026 ) (-323.449493 67.138321 1021.992737 ) (-300.818939 44.508179 1021.993652 ) (-303.812500 51.750744 1026 ) 
3 273 324 (-286.327820 30.017345 1021.994202 ) (-274.583435 18.273186 1021.994690 ) (-270.062225 18 1026 ) 
4 273 323 (-300.818939 44.508179 1021.993652 ) (-286.327820 30.017345 1021.994202 ) (-270.062225 18 1026 ) (-303.812500 51.750744 1026 ) 
4 273 275 (-273.751923 20.272324 992.674011 ) (-324.554413 71.073280 992.677795 ) (-316.065674 68.245567 982.007324 ) (-268.820435 21 982.007874 ) 
3 274 286 (-255.821503 0.981949 1023.381714 ) (-253.337006 0.332962 1025.112305 ) (-256 3.937706 1026 ) 
3 274 285 (-253.337006 0.332962 1025.112305 ) (-252.062347 0 1026 ) (-256 3.937706 1026 ) 
5 275 282 (-309.687073 61.883533 969.992188 ) (-308.116333 61.883575 968.511108 ) (-289.091675 54.002762 958.003296 ) (-265.087921 30 958.002747 ) (-273.307495 25.502962 969.992371 ) 
4 275 281 (-275.787262 24.146523 973.609558 ) (-313.525208 61.883427 973.611328 ) (-309.687073 61.883533 969.992188 ) (-273.307495 25.502962 969.992371 ) 
3 275 279 (-308.116333 61.883575 968.511108 ) (-296.972809 61.883881 958.003479 ) (-289.091675 54.002762 958.003296 ) 
3 276 282 (-272.325714 33.006054 953.992432 ) (-268.605652 42 942 ) (-290.316559 50.996216 953.994568 ) 
6 276 281 (-308.425781 57.640625 964.809570 ) (-278.233704 27.446835 964.808716 ) (-273.569092 30 958 ) (-272.325714 33.006054 953.992432 ) (-290.316559 50.996216 953.994568 ) (-306.351868 57.640408 962.853516 ) 
4 276 279 (-268.605652 42 942 ) (-267.364319 45.001633 937.998291 ) (-280 57.637650 937.998779 ) (-306.351868 57.640408 962.853516 ) 
5 276 278 (-267.359863 45 938.001587 ) (-268.600281 42.001163 942.001038 ) (-290.589478 42.001060 942.001099 ) (-293.055206 44.831017 938.227783 ) (-280.007141 50.236179 931.020935 ) 
5 277 278 (-261.365509 39 938 ) (-261.364868 39.001904 937.997986 ) (-280.010773 46.720768 927.706665 ) (-290.238281 42.484375 933.355469 ) (-287.203217 39 938 ) 
4 278 279 (-261.367920 39.001419 938.001404 ) (-261.366882 39.003937 937.998047 ) (-267.364319 45.001633 937.998291 ) (-268.605652 42 942 ) 
5 279 282 (-290.325562 51.002499 954 ) (-268.596069 42 941.995850 ) (-289.107513 54.012657 958.014465 ) (-308.115753 61.886818 968.513428 ) (-307.862488 61.275478 967.698059 ) 
3 279 281 (-306.358490 57.645313 962.856567 ) (-290.325562 51.002499 954 ) (-307.862488 61.275478 967.698059 ) 
4 279 280 (-260.115936 42.001160 942 ) (-260.115326 42.002647 942 ) (-289.107513 54.012657 958.014465 ) (-268.599518 42.001492 941.998535 ) 
3 280 282 (-289.105469 54.007813 958.011719 ) (-268.599945 42 942 ) (-265.089661 29.992010 958.011169 ) 
6 281 282 (-272.320099 32.996864 954.004639 ) (-290.324219 51.003906 954.003906 ) (-307.865692 61.279869 967.705261 ) (-309.684479 61.886036 969.992004 ) (-273.302460 25.503014 969.992249 ) (-271.441711 30 958 ) 
3 283 548 (-298.877808 0 1053.125488 ) (-333.002930 0 1045.080078 ) (-299.957458 0 1037.290283 ) 
4 283 540 (-259.586517 0 1030.602295 ) (-259.390503 0 1027.727417 ) (-252.062683 0 1026 ) (-249.662567 0 1028.263062 ) 
6 283 538 (-208 0 1067.545654 ) (-208 0 1068 ) (-235.786301 0 1068 ) (-261.719513 0 1061.885986 ) (-259.586517 0 1030.602295 ) (-249.662567 0 1028.263062 ) 
4 283 531 (-282.469788 0 1056.993896 ) (-294.576630 0 1054.139526 ) (-294.576874 0 1036.021851 ) (-282.469818 0 1033.167847 ) 
5 283 528 (-294.576630 0 1054.139526 ) (-298.877808 0 1053.125488 ) (-299.936676 0 1037.594971 ) (-297.804932 0 1036.782837 ) (-294.576874 0 1036.021851 ) 
4 283 527 (-261.719513 0 1061.885986 ) (-265.423492 0 1061.012695 ) (-265.423492 0 1035.552979 ) (-260.063293 0 1037.594971 ) 
5 283 526 (-265.423492 0 1061.012695 ) (-277.529968 0 1058.158447 ) (-277.529968 0 1032.285767 ) (-274 0 1032.285767 ) (-265.423492 0 1035.552979 ) 
5 283 525 (-277.529968 0 1058.158447 ) (-282.469788 0 1056.993896 ) (-282.469818 0 1033.167847 ) (-278.727631 0 1032.285767 ) (-277.529968 0 1032.285767 ) 
3 283 517 (-275.807037 0 1031.597290 ) (-259.390503 0 1027.727417 ) (-260.063293 0 1037.594971 ) 
3 283 505 (-299.936676 0 1037.594971 ) (-299.957458 0 1037.290283 ) (-297.804932 0 1036.782837 ) 
3 283 339 (-333.001282 51.819618 1032.864746 ) (-314.801270 70.019821 1032.864502 ) (-320.263123 68.201599 1026 ) 
5 283 325 (-333 0 1045.080688 ) (-332.995026 51.822815 1032.863770 ) (-320.257996 68.202942 1026 ) (-303.817047 51.761711 1026 ) (-282.479767 0 1033.171509 ) 
4 283 323 (-303.817047 51.761711 1026 ) (-270.101227 18.045284 1026 ) (-277.529968 0 1032.004639 ) (-282.479767 0 1033.171509 ) 
3 283 285 (-255.963776 3.907593 1026 ) (-252.056244 0 1026 ) (-265.450073 0 1029.157104 ) 
4 284 508 (-265.387207 0 1013.436584 ) (-258.837219 0 1019.612427 ) (-259 0 1022 ) (-265.431244 0 1024.450073 ) 
3 284 306 (-258.973236 2.658099 1021.989868 ) (-265.383423 0 1013.439575 ) (-265.427429 0 1024.448608 ) 
4 285 540 (-253.091049 0 1025.030396 ) (-252.062683 0 1026 ) (-259.390503 0 1027.727417 ) (-259.348846 0 1027.116333 ) 
5 285 520 (-259.390503 0 1027.727417 ) (-265.450043 0 1029.155762 ) (-265.450012 0 1029.150024 ) (-261.142914 0 1027.714355 ) (-259.389618 0 1027.714355 ) 
3 285 519 (-261.142914 0 1027.714355 ) (-259.348846 0 1027.116333 ) (-259.389618 0 1027.714355 ) 
4 285 286 (-256 3.892584 1026 ) (-255.974579 3.903053 1025.991577 ) (-253.090988 0 1025.030396 ) (-256 0 1026 ) 
3 286 541 (-255.762161 0 1022.511841 ) (-253.091049 0 1025.030396 ) (-256 0 1026 ) 
6 287 669 (-337.385254 0 954.513733 ) (-332.632507 0 950.032471 ) (-326.632690 0 955.689575 ) (-345.640076 0 973.612427 ) (-344.809174 0 965.013367 ) (-343.719696 0 962.959656 ) 
3 287 668 (-341.094574 0 958.011169 ) (-337.385254 0 954.513733 ) (-343.719696 0 962.959656 ) 
5 287 661 (-326.632690 0 955.689575 ) (-325.641052 0 956.624573 ) (-321.220581 0 964.960754 ) (-325.300232 0 970.400330 ) (-326.715057 0 955.767273 ) 
5 287 615 (-321.220581 0 964.960754 ) (-312.178345 0 982.012756 ) (-310.330750 0 1001.173706 ) (-321.898743 0 1005.580566 ) (-325.300232 0 970.400330 ) 
3 287 612 (-333.004272 0 961.697632 ) (-326.715057 0 955.767273 ) (-325.452759 0 968.822754 ) 
4 287 597 (-334.303467 0 962.922729 ) (-333.004272 0 961.697632 ) (-325.452759 0 968.822754 ) (-324.175690 0 982.031006 ) 
5 287 590 (-344.939270 0 1014.357910 ) (-349.754547 0 1016.192261 ) (-346.068054 0 978.041626 ) (-341.810394 0 970.001282 ) (-340.549316 0 968.812134 ) 
4 287 589 (-341.821716 0 982.013184 ) (-340.549316 0 968.812134 ) (-334.303467 0 962.922729 ) (-333.003387 0 965.375610 ) 
5 287 588 (-321.898743 0 1005.580566 ) (-344.939270 0 1014.357910 ) (-341.821716 0 982.013184 ) (-333.003387 0 965.375610 ) (-324.175690 0 982.031006 ) 
3 287 587 (-346.068054 0 978.041626 ) (-345.640076 0 973.612427 ) (-341.810394 0 970.001282 ) 
4 287 576 (-349.754547 0 1016.192261 ) (-357.397522 0 1019.103882 ) (-353.820068 0 982 ) (-344.809174 0 965.013367 ) 
3 287 331 (-334.024353 1.391930 950.032532 ) (-332.632416 0 950.032532 ) (-337.385559 0 954.514160 ) 
5 287 329 (-349.979858 8.885391 958.011108 ) (-341.518341 8.885933 950.032410 ) (-334.024353 1.391930 950.032532 ) (-337.385559 0 954.514160 ) (-341.094757 0 958.011475 ) 
4 287 319 (-333 15.831258 1009.809631 ) (-372.761108 14.798500 1024.956787 ) (-361.600769 4.048595 1020.705322 ) (-333 15.827676 1009.809631 ) 
4 287 318 (-361.600769 4.048595 1020.705322 ) (-357.397583 0 1019.104126 ) (-333 0 1009.809631 ) (-333 15.827676 1009.809631 ) 
5 287 312 (-302.620239 16.620329 998.236572 ) (-333 15.831258 1009.809631 ) (-333 0 1009.809631 ) (-310.330719 0 1001.173950 ) (-302.620239 7.993839 998.236572 ) 
4 287 304 (-297.245392 13.566211 996.189026 ) (-299.478699 16.701927 997.039795 ) (-302.620239 16.620329 998.236572 ) (-302.620239 7.993839 998.236572 ) 
4 287 298 (-305.810364 4.681424 999.448364 ) (-310.325806 0 1001.168518 ) (-312.171722 0 982.025146 ) (-306.998322 5.173538 982.024902 ) 
4 287 297 (-325.637238 0 956.627869 ) (-308.377106 5.754278 978.327820 ) (-306.995483 5.182339 982.012146 ) (-312.177612 0 982.012268 ) 
4 287 295 (-372.761322 14.798637 1024.958130 ) (-299.479126 16.701921 997.039734 ) (-341.517670 19.241215 959.796753 ) (-371.676056 17.419313 986.519836 ) 
4 287 294 (-358.956573 5.136419 982 ) (-353.819885 0 982 ) (-357.397339 0 1019.103760 ) (-361.601563 4.049631 1020.705383 ) 
4 287 288 (-353.824219 0 982.001831 ) (-358.959442 5.135240 982.002502 ) (-349.945953 8.846826 958.015381 ) (-341.100494 0 958.016785 ) 
3 288 669 (-343.719696 0 962.959656 ) (-344.809174 0 965.013367 ) (-344.742493 0 964.323364 ) 
4 288 668 (-344.437103 0 961.162781 ) (-341.094574 0 958.011169 ) (-343.719696 0 962.959656 ) (-344.742493 0 964.323364 ) 
4 288 576 (-352.548492 0 968.810791 ) (-344.437103 0 961.162781 ) (-344.809174 0 965.013367 ) (-353.820068 0 982 ) 
5 288 329 (-349.942657 8.848177 958.011108 ) (-341.094757 0 958.011475 ) (-352.548523 0 968.810974 ) (-354.054108 1.505514 968.811035 ) (-350.065399 8.797620 958.174500 ) 
5 288 294 (-354.053986 1.505567 968.810669 ) (-352.548340 0 968.810608 ) (-353.819885 0 982 ) (-358.956573 5.136419 982 ) (-358.946930 5.140382 981.858521 ) 
3 289 576 (-358.257477 0 980.020020 ) (-360.325439 0 1001.440247 ) (-359 0 982 ) 
3 289 294 (-360.326630 0 1001.457642 ) (-358.256836 0 980.018311 ) (-359 0.551779 982 ) 
3 290 580 (-364.837189 0 1019.612427 ) (-370.945038 0 1013.853516 ) (-363 0 992.666748 ) 
4 290 301 (-365 2.689777 1021.993286 ) (-373.997437 11.687489 1021.993225 ) (-370.944702 0 1013.852539 ) (-364.837067 0 1019.610596 ) 
4 290 292 (-373.998138 11.689389 1021.996338 ) (-363 3.522938 992.668274 ) (-363 0 992.668213 ) (-370.944702 0 1013.853821 ) 
5 291 579 (-383.592224 0 998.081238 ) (-371.269806 0 986.462708 ) (-371.339722 0 1002.905945 ) (-374.269562 0 1010.718872 ) (-383.586090 0 1001.934570 ) 
3 291 578 (-371.269806 0 986.462708 ) (-361.838959 0 977.570557 ) (-371.339722 0 1002.905945 ) 
3 291 577 (-385.632538 0 1000.005005 ) (-383.592224 0 998.081238 ) (-383.586090 0 1001.934570 ) 
6 291 334 (-386.968903 15.672485 999.291870 ) (-390.630402 9.419458 1004.173889 ) (-377.842133 13.676790 1020.245728 ) (-377.201233 15.224899 1018.536743 ) (-377.211273 15.239385 1018.490540 ) (-386.093018 16.548378 999.291870 ) 
6 291 328 (-387.507690 1.875249 1000.005066 ) (-370.582428 8.884071 977.438049 ) (-366.523224 8.884331 973.610474 ) (-360.353912 2.715162 973.610413 ) (-361.839081 0 977.570862 ) (-385.632446 0 1000.005066 ) 
5 291 301 (-377.841217 13.674956 1020.243225 ) (-390.629364 9.416645 1004.172485 ) (-387.503906 1.871099 1000.005249 ) (-385.632782 0 1000.005249 ) (-374.269318 0 1010.718201 ) 
4 291 293 (-360.353699 2.715407 973.609802 ) (-366.522858 8.884262 973.610046 ) (-369.077972 11.012857 978.026733 ) (-362.009918 3.945184 978.026428 ) 
5 291 292 (-362 3.938920 978 ) (-377.199371 15.224993 1018.532227 ) (-377.841309 13.674346 1020.244141 ) (-374.269226 0 1010.719116 ) (-362 0 978 ) 
4 292 580 (-363 0 992.666748 ) (-370.945038 0 1013.853516 ) (-374.269562 0 1010.718872 ) (-362 0 978 ) 
3 292 334 (-377.842133 13.676790 1020.245728 ) (-376.450317 14.140141 1021.994934 ) (-377.201233 15.224899 1018.536743 ) 
5 292 301 (-373.997437 11.687489 1021.993225 ) (-376.448669 14.138656 1021.993225 ) (-377.841217 13.674956 1020.243225 ) (-374.269318 0 1010.718201 ) (-370.944702 0 1013.852539 ) 
4 293 328 (-366.523224 8.884331 973.610474 ) (-362.692230 8.884576 969.998108 ) (-359 5.191745 969.997925 ) (-360.353912 2.715155 973.610413 ) 
6 294 576 (-354.877533 0 971.006775 ) (-352.548492 0 968.810791 ) (-357.397522 0 1019.103882 ) (-361.639984 0 1020.720032 ) (-360.325439 0 1001.440247 ) (-358.257477 0 980.020020 ) 
3 294 329 (-354.054108 1.505512 968.811035 ) (-352.548523 0 968.810974 ) (-354.877625 0 971.007019 ) 
4 294 318 (-361.640015 0 1020.720276 ) (-357.397583 0 1019.104126 ) (-361.601746 4.049551 1020.705688 ) (-361.639984 4.033794 1020.720276 ) 
5 295 340 (-373.434753 15.447452 1025.213257 ) (-367.870209 22.137280 1023.093445 ) (-336.169403 62.906467 1006.010071 ) (-341.116058 61.259739 999.793335 ) (-374.410309 16.855995 1020.721802 ) 
3 295 339 (-367.870209 22.137280 1023.093445 ) (-333.112152 63.924213 1009.852295 ) (-336.169403 62.906467 1006.010071 ) 
4 295 333 (-341.116058 61.259739 999.793335 ) (-341.514832 61.126991 999.292175 ) (-379.064972 23.576496 999.291931 ) (-374.410309 16.855995 1020.721802 ) 
5 295 321 (-333 63.767986 1009.809631 ) (-333.109680 63.922295 1009.851501 ) (-362.879547 28.132843 1021.192444 ) (-333.012482 15.830926 1009.814514 ) (-333 15.831258 1009.809631 ) 
4 295 319 (-362.879547 28.132843 1021.192444 ) (-373.432892 15.445587 1025.212769 ) (-372.761108 14.798500 1024.956787 ) (-333.012482 15.830926 1009.814514 ) 
4 295 312 (-302.620239 21.112877 998.236572 ) (-333 63.767986 1009.809631 ) (-333 15.831258 1009.809631 ) (-302.620239 16.620329 998.236572 ) 
3 295 304 (-299.478699 16.701927 997.039795 ) (-302.620239 21.112877 998.236572 ) (-302.620239 16.620329 998.236572 ) 
3 295 296 (-375.741913 18.778522 1014.583069 ) (-379.063568 23.574564 999.288818 ) (-375.117554 20.286436 992.467041 ) 
4 296 338 (-375.741364 18.777802 1014.593689 ) (-379.064972 23.576496 999.291931 ) (-381.379974 21.261459 999.291870 ) (-380.105988 19.421061 1005.159180 ) 
3 296 335 (-381.379974 21.261459 999.291870 ) (-382.820313 19.821102 999.291870 ) (-380.105988 19.421061 1005.159180 ) 
3 297 661 (-325.641052 0 956.624573 ) (-319.389343 0 962.519165 ) (-321.220581 0 964.960754 ) 
4 297 615 (-319.389343 0 962.519165 ) (-313.524841 0 968.048645 ) (-312.178345 0 982.012756 ) (-321.220581 0 964.960754 ) 
4 297 298 (-312.171722 0 982.025146 ) (-313.518890 0 968.054260 ) (-309.854065 3.054031 974.389282 ) (-306.990692 5.181181 982.024902 ) 
5 298 615 (-313.524841 0 968.048645 ) (-311.524475 0 969.934753 ) (-307 0 982 ) (-305.810150 0 999.451599 ) (-310.330750 0 1001.173706 ) 
3 298 313 (-305.810120 4.686716 999.451782 ) (-310.330719 0 1001.173950 ) (-305.810120 0 999.451843 ) 
3 299 623 (-304.563049 0 976.498535 ) (-287.583588 0 992.508118 ) (-297.187439 0 996.166748 ) 
4 299 306 (-287.583344 0 992.508301 ) (-295.352295 10.908146 995.467834 ) (-297.187408 9.005397 996.166931 ) (-297.187378 0 996.166992 ) 
5 299 300 (-297.187012 9.003906 996.166504 ) (-301.311920 5.942401 985.166809 ) (-304 1.027764 977.998291 ) (-304 0 977.998291 ) (-297.187012 0 996.166504 ) 
4 300 653 (-304 0 978 ) (-297.187439 0 996.166748 ) (-301.125000 0 997.666748 ) (-303 0 992.666809 ) 
3 300 616 (-301.125000 0 997.666748 ) (-302.620239 0 998.236389 ) (-303 0 992.666809 ) 
4 300 306 (-297.187408 9.005397 996.166931 ) (-302.620239 3.372343 998.236633 ) (-302.620239 0 998.236633 ) (-297.187378 0 996.166992 ) 
5 301 580 (-374.269562 0 1010.718872 ) (-364.837189 0 1019.612427 ) (-365 0 1022 ) (-371.518890 0 1024.483398 ) (-380.320251 0 1026.854004 ) 
5 301 579 (-383.586090 0 1001.934570 ) (-374.269562 0 1010.718872 ) (-380.320251 0 1026.854004 ) (-383.514404 0 1027.714355 ) (-383.545105 0 1027.714355 ) 
6 301 577 (-387.550629 0 1027.714355 ) (-396.143555 0 1011.524780 ) (-392.022278 0 1006.029724 ) (-385.632538 0 1000.005005 ) (-383.586090 0 1001.934570 ) (-383.545105 0 1027.714355 ) 
5 301 334 (-390.630402 9.419458 1004.173889 ) (-396.146057 0 1011.528076 ) (-387.554413 0 1027.714355 ) (-379.149323 10.535674 1023.700745 ) (-376.445435 14.141772 1022.001099 ) 
3 301 328 (-392.036133 0 1006.042969 ) (-387.507690 1.875249 1000.005066 ) (-385.632446 0 1000.005066 ) 
4 302 696 (-363.836731 0 1037.810669 ) (-371.480377 0 1036.008545 ) (-371.478363 0 1035.535767 ) (-363.816467 0 1037.600830 ) 
4 302 581 (-371.451263 0 1029.156006 ) (-371.451233 0 1029.150391 ) (-362.719666 0 1026.239868 ) (-362.804413 0 1027.117798 ) 
4 302 548 (-371.478363 0 1035.535767 ) (-371.451263 0 1029.156006 ) (-362.804413 0 1027.117798 ) (-363.816467 0 1037.600830 ) 
4 302 316 (-366 2.262256 1036.767456 ) (-363.837860 0 1037.810425 ) (-362.720825 0 1026.240234 ) (-365.327362 2.522577 1027.109131 ) 
4 302 303 (-365.996246 2.262184 1036.768188 ) (-365.324036 2.522540 1027.108032 ) (-371.447845 0 1029.149292 ) (-371.476990 0 1036.009399 ) 
5 303 686 (-371.480377 0 1036.008545 ) (-384.817261 0 1032.864258 ) (-385.080231 0 1032.368774 ) (-384.092041 0 1032.135864 ) (-371.478363 0 1035.535767 ) 
3 303 548 (-384.092041 0 1032.135864 ) (-371.451233 0 1029.156128 ) (-371.478363 0 1035.535767 ) 
4 303 339 (-385.083466 0 1032.369629 ) (-384.820374 0 1032.865234 ) (-374.089996 10.730483 1032.865112 ) (-375.337982 12.533260 1027.117798 ) 
4 303 320 (-375.336548 12.530713 1027.118042 ) (-374.088989 10.728428 1032.864136 ) (-366 2.262256 1036.767456 ) (-365.327972 2.522335 1027.118042 ) 
4 304 312 (-301.087372 7.358323 1020.723816 ) (-301.617676 35.710339 1012.945801 ) (-302.620605 21.111351 998.235229 ) (-302.620605 7.993627 998.235107 ) 
3 304 309 (-301.618622 35.712040 1012.946472 ) (-301.088257 7.357346 1020.725281 ) (-283.051300 25.394529 1020.725159 ) 
3 304 305 (-283.054840 25.394390 1020.721619 ) (-290.089233 18.359982 1020.721680 ) (-290.450348 19.231606 1007.937866 ) 
3 305 324 (-274.575958 18.272697 1022.001892 ) (-280.001465 23.698122 1022.001892 ) (-280 18.171207 1023.490417 ) 
5 305 311 (-280.005280 23.689960 1022.004517 ) (-280.005280 23.701906 1022.001282 ) (-283.051300 25.394529 1020.725159 ) (-290.085999 18.359743 1020.725220 ) (-285.422607 18.272518 1022.004578 ) 
3 305 307 (-280.004822 18.171181 1023.490845 ) (-280.005280 23.689960 1022.004517 ) (-285.422607 18.272518 1022.004578 ) 
4 306 653 (-301.124969 0 997.666748 ) (-297.187439 0 996.166748 ) (-291.852753 0 1010.392700 ) (-295.987305 0 1011.367310 ) 
4 306 623 (-297.187439 0 996.166748 ) (-287.583588 0 992.508118 ) (-273.263092 0 1006.010620 ) (-291.852753 0 1010.392700 ) 
4 306 616 (-302.620270 0 998.236389 ) (-301.124969 0 997.666748 ) (-295.987305 0 1011.367310 ) (-301.634216 0 1012.698425 ) 
6 306 509 (-282.469818 0 1027.714355 ) (-282.487396 0 1027.714355 ) (-294.469971 0 1024.487549 ) (-301 0 1022 ) (-301.634216 0 1012.698425 ) (-282.469788 0 1008.180847 ) 
6 306 508 (-273.263092 0 1006.010620 ) (-265.387207 0 1013.436584 ) (-265.431274 0 1024.459717 ) (-277.514404 0 1027.714355 ) (-282.469818 0 1027.714355 ) (-282.469788 0 1008.180847 ) 
3 307 324 (-280 18.171204 1023.490479 ) (-280.001465 23.693903 1022.003052 ) (-285.338501 18.071339 1024.955078 ) 
3 307 310 (-280.007813 23.687500 1022.005127 ) (-285.421844 18.272474 1022.005188 ) (-285.336578 18.071444 1024.953613 ) 
4 308 325 (-300.823914 44.520241 1022.001892 ) (-300.994812 44.691147 1022.001892 ) (-289.431335 16.773550 1026.407104 ) (-289.439850 16.901764 1026.374878 ) 
3 308 323 (-290.596649 34.293144 1022.001892 ) (-300.823914 44.520241 1022.001892 ) (-289.439850 16.901764 1026.374878 ) 
3 308 322 (-289.424957 16.775597 1026.408203 ) (-289.927429 17.988785 1026.216797 ) (-290.499756 17.437494 1025.998779 ) 
5 308 321 (-289.927429 17.988785 1026.216797 ) (-300.984528 44.684875 1022.004517 ) (-301 44.694157 1021.998596 ) (-301 23.904011 1021.998413 ) (-290.499756 17.437494 1025.998779 ) 
3 308 312 (-301 23.897158 1022 ) (-301 44.695896 1022 ) (-301.274872 40.700127 1017.973694 ) 
4 308 310 (-289.905365 18.031818 1026 ) (-289.541626 18.395580 1026 ) (-289.514893 17.993263 1026.100342 ) (-289.892029 18 1026.009888 ) 
5 308 309 (-290.502441 17.434736 1026 ) (-301.005219 23.903149 1021.997986 ) (-301.279694 40.703537 1017.972351 ) (-290.598755 34.295547 1022.001343 ) (-289.541626 18.395580 1026 ) 
3 309 324 (-282.313080 26.009691 1022.001892 ) (-286.297852 29.994404 1022.001892 ) (-288.889252 19.082685 1025.639038 ) 
4 309 323 (-286.297852 29.994404 1022.001892 ) (-290.596649 34.293144 1022.001892 ) (-289.539368 18.397869 1025.998657 ) (-288.889252 19.082685 1025.639038 ) 
3 309 321 (-290.499756 17.437494 1025.998779 ) (-301 23.904011 1021.998413 ) (-301 7.322721 1021.998291 ) 
5 309 312 (-301 7.322278 1022 ) (-301 23.897158 1022 ) (-301.274872 40.700127 1017.973694 ) (-301.617676 35.710339 1012.945801 ) (-301.087372 7.358324 1020.723816 ) 
5 309 311 (-290.089569 18.359814 1020.724121 ) (-283.053680 25.395824 1020.724060 ) (-282.314423 26.011061 1022.001221 ) (-289.535156 18.402344 1025.995239 ) (-289.937073 18 1025.995239 ) 
4 310 324 (-289.146362 18 1026 ) (-285.338501 18.071339 1024.955078 ) (-280.006866 23.688225 1022.006042 ) (-288.978577 18.707724 1025.764160 ) 
4 310 323 (-289.539276 18.396452 1026 ) (-289.512451 17.993252 1026.100464 ) (-289.146362 18 1026 ) (-288.978577 18.707724 1025.764160 ) 
5 310 311 (-280.007813 23.687500 1022.004883 ) (-285.422791 18.272514 1022.004578 ) (-289.893341 18.002821 1025.960083 ) (-289.905426 18.031992 1025.998901 ) (-289.541260 18.396166 1025.998901 ) 
6 311 324 (-280.001465 23.698122 1022.001892 ) (-282.313080 26.009691 1022.001892 ) (-288.889252 19.082684 1025.639038 ) (-288.978577 18.707724 1025.764160 ) (-280.006866 23.688225 1022.006042 ) (-280.001465 23.693903 1022.003052 ) 
4 311 323 (-288.889252 19.082684 1025.639038 ) (-289.539368 18.397869 1025.998657 ) (-289.539276 18.396452 1026 ) (-288.978577 18.707724 1025.764160 ) 
5 312 615 (-321.898743 0 1005.580566 ) (-310.330750 0 1001.173706 ) (-309.050873 0 1014.446716 ) (-316.325653 0 1016.161560 ) (-321.049713 0 1014.361938 ) 
3 312 592 (-321.073029 0 1014.120728 ) (-321.049713 0 1014.361938 ) (-321.430176 0 1014.216980 ) 
4 312 588 (-333 0 1009.809509 ) (-321.898743 0 1005.580566 ) (-321.073029 0 1014.120728 ) (-321.430176 0 1014.216980 ) 
3 312 550 (-309.050873 0 1014.446716 ) (-308.601807 0 1019.103943 ) (-316.325653 0 1016.161560 ) 
5 312 321 (-301 44.694157 1021.998596 ) (-332.997406 63.763294 1009.808716 ) (-332.996704 15.824436 1009.808655 ) (-304.401276 4.046436 1020.702515 ) (-301 7.322696 1021.998291 ) 
4 312 318 (-332.996704 15.824436 1009.808655 ) (-332.996490 0 1009.808655 ) (-323.863800 0 1013.287903 ) (-323.863861 12.062769 1013.287964 ) 
4 312 316 (-323.863800 0 1013.287903 ) (-308.601959 0 1019.102173 ) (-304.401276 4.046436 1020.702515 ) (-323.863861 12.062769 1013.287964 ) 
4 312 313 (-304.359985 4.085486 1020.720581 ) (-308.601196 0 1019.104858 ) (-310.330261 0 1001.173401 ) (-305.810150 4.686238 999.451477 ) 
4 313 615 (-310.330750 0 1001.173706 ) (-305.810120 0 999.451599 ) (-304.855164 0 1013.457703 ) (-309.050873 0 1014.446716 ) 
4 313 550 (-304.855164 0 1013.457703 ) (-304.360016 0 1020.719849 ) (-308.601807 0 1019.103943 ) (-309.050873 0 1014.446716 ) 
3 313 316 (-308.601959 0 1019.102173 ) (-304.360138 0 1020.718140 ) (-304.360138 4.086056 1020.718201 ) 
4 314 551 (-302.920654 0 1030.010864 ) (-303.200592 0 1027.115234 ) (-300.609589 0 1027.726196 ) (-300.413513 0 1030.601807 ) 
4 314 548 (-300.193878 0 1033.823120 ) (-302.492249 0 1034.442261 ) (-302.920654 0 1030.010864 ) (-300.413513 0 1030.601807 ) 
4 314 506 (-288.317780 0 1030.624268 ) (-293.919189 0 1032.133057 ) (-300.413513 0 1030.601807 ) (-300.609589 0 1027.726196 ) 
3 314 505 (-293.919189 0 1032.133057 ) (-300.193878 0 1033.823120 ) (-300.413513 0 1030.601807 ) 
3 314 325 (-302.492157 0 1034.443115 ) (-288.316040 0 1030.624634 ) (-289.244019 13.956891 1027.115234 ) 
3 314 322 (-300.264893 2.342796 1033.209595 ) (-289.248962 13.948450 1027.116211 ) (-300.682312 2.514688 1027.116211 ) 
4 314 317 (-303.196899 0 1027.116211 ) (-302.488647 0 1034.439575 ) (-300.264893 2.342796 1033.209595 ) (-300.682312 2.514688 1027.116211 ) 
3 314 315 (-303.203125 0 1027.116211 ) (-300.651215 2.551924 1027.116211 ) (-294.485504 0 1029.171509 ) 
4 315 551 (-300.609589 0 1027.726196 ) (-303.200592 0 1027.115234 ) (-303.285400 0 1026.238159 ) (-300.651154 0 1027.116211 ) 
3 315 513 (-294.499603 0 1029.166748 ) (-300.609589 0 1027.726196 ) (-300.651154 0 1027.116211 ) 
3 315 317 (-303.281708 0 1026.239380 ) (-303.196899 0 1027.116211 ) (-300.651123 2.545873 1027.116211 ) 
3 316 696 (-357.463104 0 1039.313354 ) (-363.836731 0 1037.810669 ) (-363.816467 0 1037.600830 ) 
3 316 615 (-321.049713 0 1014.361938 ) (-316.325623 0 1016.161560 ) (-320.774292 0 1017.210205 ) 
5 316 594 (-350.326263 0 1022.108704 ) (-348.714386 0 1021.571411 ) (-345.552429 0 1020.719116 ) (-345.782410 0 1023.105286 ) (-350.530731 0 1024.224609 ) 
5 316 592 (-345.552429 0 1020.719116 ) (-321.430176 0 1014.216980 ) (-321.049713 0 1014.361938 ) (-320.774292 0 1017.210205 ) (-345.782410 0 1023.105286 ) 
3 316 590 (-348.714386 0 1021.571411 ) (-345.532318 0 1020.510742 ) (-345.552429 0 1020.719116 ) 
4 316 588 (-345.532318 0 1020.510742 ) (-323.866577 0 1013.288818 ) (-321.430176 0 1014.216980 ) (-345.552429 0 1020.719116 ) 
4 316 581 (-362.804413 0 1027.117798 ) (-362.719666 0 1026.239868 ) (-350.326263 0 1022.108704 ) (-350.530731 0 1024.224609 ) 
5 316 550 (-320.774292 0 1017.210205 ) (-316.325623 0 1016.161560 ) (-304.360016 0 1020.719849 ) (-303.739716 0 1029.817627 ) (-319.924255 0 1026.001831 ) 
3 316 549 (-338.995850 0 1021.505493 ) (-320.774292 0 1017.210205 ) (-319.924255 0 1026.001831 ) 
7 316 548 (-337.792999 0 1043.950806 ) (-357.463104 0 1039.313354 ) (-363.816467 0 1037.600830 ) (-362.804413 0 1027.117798 ) (-338.995850 0 1021.505493 ) (-303.739716 0 1029.817627 ) (-303.407593 0 1034.688843 ) 
5 316 325 (-338.691528 13.533620 1040.548218 ) (-337.791687 0 1043.951172 ) (-303.407532 0 1034.689697 ) (-303.473602 3.664426 1033.720459 ) (-333.062714 15.851802 1038.407593 ) 
5 316 321 (-304.360168 4.027888 1020.717896 ) (-323.863831 12.061125 1013.287964 ) (-333.017853 15.831615 1016.339233 ) (-333.064423 15.851102 1038.406616 ) (-303.473724 3.662910 1033.718994 ) 
4 316 320 (-361.967346 3.905772 1025.989014 ) (-365.326782 2.521919 1027.108887 ) (-366 2.261420 1036.767700 ) (-362.747681 3.603501 1037.217896 ) 
5 316 319 (-333.062012 15.851406 1038.402344 ) (-333.015228 15.832010 1016.338379 ) (-361.967346 3.905772 1025.989014 ) (-362.747681 3.603501 1037.217896 ) (-338.701447 13.528790 1040.546875 ) 
5 316 318 (-362 3.890531 1026 ) (-333.011719 15.832031 1016.337891 ) (-323.865753 12.064915 1013.289246 ) (-323.865753 0 1013.289246 ) (-362 0 1026 ) 
4 316 317 (-304 3.883398 1026 ) (-303.473633 3.666673 1033.718994 ) (-303.407257 0 1034.687744 ) (-304 0 1026 ) 
4 317 551 (-303.285400 0 1026.238159 ) (-302.920685 0 1030.010742 ) (-303.739716 0 1029.817627 ) (-304 0 1026 ) 
4 317 548 (-302.920685 0 1030.010742 ) (-302.492249 0 1034.442261 ) (-303.407593 0 1034.688843 ) (-303.739716 0 1029.817627 ) 
4 317 325 (-303.407532 0 1034.689697 ) (-302.492157 0 1034.443115 ) (-300.267365 2.343812 1033.212524 ) (-303.473602 3.664426 1033.720459 ) 
4 317 322 (-300.266602 2.341919 1033.210938 ) (-300.684875 2.514139 1027.104980 ) (-304 3.879606 1026 ) (-303.473724 3.662910 1033.718994 ) 
4 318 590 (-349.754547 0 1016.192261 ) (-344.939270 0 1014.357849 ) (-345.532318 0 1020.510803 ) (-350.326263 0 1022.108765 ) 
4 318 588 (-344.939270 0 1014.357849 ) (-333 0 1009.809509 ) (-323.866577 0 1013.288818 ) (-345.532318 0 1020.510803 ) 
4 318 582 (-350.316040 0 1022.003052 ) (-350.326263 0 1022.108765 ) (-362 0 1026 ) (-361.941132 0 1025.136597 ) 
4 318 576 (-361.639984 0 1020.720032 ) (-349.754547 0 1016.192261 ) (-350.316040 0 1022.003052 ) (-361.941132 0 1025.136597 ) 
4 318 321 (-323.863831 12.061125 1013.287964 ) (-332.997253 15.823037 1009.808533 ) (-333.004089 15.825851 1009.811157 ) (-333.017853 15.831615 1016.339233 ) 
4 318 319 (-333.015228 15.832010 1016.338379 ) (-333.001404 15.826272 1009.810120 ) (-361.639984 4.031599 1020.720032 ) (-362 3.892324 1026 ) 
3 319 340 (-367.870270 22.137182 1023.093506 ) (-373.434753 15.447444 1025.213257 ) (-373.263855 15.200705 1026 ) 
5 319 339 (-371.772736 13.047770 1032.865112 ) (-358.494049 26.326586 1032.864990 ) (-362.882233 28.133934 1021.193298 ) (-367.870270 22.137182 1023.093506 ) (-373.263855 15.200705 1026 ) 
3 319 325 (-339.008484 18.300795 1039.349487 ) (-338.691528 13.533620 1040.548218 ) (-333.062714 15.851802 1038.407593 ) 
5 319 321 (-333.004089 15.825851 1009.811157 ) (-362.880524 28.131830 1021.192627 ) (-358.492798 26.324736 1032.864014 ) (-339.011810 18.300787 1039.348755 ) (-333.064423 15.851102 1038.406616 ) 
4 319 320 (-361.970947 3.910943 1026.002441 ) (-362.750275 3.609123 1037.215942 ) (-371.769775 13.047605 1032.864136 ) (-373.260162 15.199512 1026.001831 ) 
4 320 339 (-374.089996 10.730483 1032.865112 ) (-371.772736 13.047770 1032.865112 ) (-373.263977 15.200882 1026 ) (-375.337982 12.533260 1027.117798 ) 
5 321 339 (-358.494049 26.326586 1032.864990 ) (-340.727539 44.093292 1032.864868 ) (-323.445038 67.142349 1022.001465 ) (-333.112152 63.924213 1009.852295 ) (-362.882233 28.133934 1021.193298 ) 
6 321 325 (-300.994812 44.691147 1022.001892 ) (-323.443481 67.139465 1022.001953 ) (-340.723480 44.094215 1032.863892 ) (-339.008484 18.300795 1039.349487 ) (-303.511780 3.680141 1033.726440 ) (-289.932587 17.983696 1026.216064 ) 
4 321 322 (-303.513184 3.680298 1033.722656 ) (-304.040863 3.897559 1025.998291 ) (-290.512634 17.426071 1025.998291 ) (-289.937164 17.980423 1026.217529 ) 
5 322 325 (-303.511780 3.680141 1033.726440 ) (-300.267365 2.343812 1033.212524 ) (-289.244019 13.956894 1027.115234 ) (-289.431488 16.773874 1026.406982 ) (-289.932587 17.983696 1026.216064 ) 
3 323 525 (-278.727997 0 1032.285767 ) (-282.479767 0 1033.170166 ) (-282.478333 0 1032.285767 ) 
5 323 325 (-300.826782 44.528557 1022.005981 ) (-289.406677 16.822920 1026.392334 ) (-282.477051 0 1032 ) (-282.478912 0 1033.170044 ) (-303.811371 51.749908 1026 ) 
4 323 324 (-270.105286 18.033096 1025.990845 ) (-270.118927 18 1026.001831 ) (-289.156372 18 1026.001953 ) (-286.305237 30.001995 1022.001343 ) 
4 325 548 (-333.002930 0 1045.080078 ) (-337.792999 0 1043.950806 ) (-300.193848 0 1033.823242 ) (-299.957489 0 1037.290161 ) 
5 325 531 (-282.478333 0 1032.285767 ) (-282.479767 0 1033.170166 ) (-294.576874 0 1036.021851 ) (-294.576874 0 1035.553223 ) (-286 0 1032.285767 ) 
3 325 528 (-294.576874 0 1036.021851 ) (-297.804077 0 1036.782593 ) (-294.576874 0 1035.553223 ) 
4 325 506 (-293.919006 0 1032.133057 ) (-288.317688 0 1030.624268 ) (-284.192108 0 1031.597046 ) (-288.779785 0 1033.344727 ) 
5 325 505 (-300.193848 0 1033.823242 ) (-293.919006 0 1032.133057 ) (-288.779785 0 1033.344727 ) (-297.804077 0 1036.782593 ) (-299.957489 0 1037.290161 ) 
4 325 339 (-340.727539 44.093292 1032.864868 ) (-333.001282 51.819618 1032.864746 ) (-320.263123 68.201599 1026 ) (-323.445038 67.142349 1022.001465 ) 
4 326 667 (-335.768951 0 931.025330 ) (-330.801880 0 924.402527 ) (-321.424469 0 933.232666 ) (-326.391418 0 939.855286 ) 
4 326 663 (-330.801880 0 924.402527 ) (-291.888214 0 872.517700 ) (-282.511566 0 881.348816 ) (-321.424469 0 933.232666 ) 
4 326 332 (-282.513885 0 881.346680 ) (-290.545105 19.401083 892.054932 ) (-325.001984 5.132391 937.997437 ) (-325.001984 0 937.997437 ) 
4 326 330 (-340.962677 12.546237 937.950195 ) (-335.769775 0 931.026367 ) (-332.253204 0 934.337585 ) (-337.958466 13.784192 941.944641 ) 
4 326 329 (-326.391602 0 939.856812 ) (-328.001953 3.890625 942.003906 ) (-338.002869 13.891474 942.003845 ) (-332.253204 0 934.337585 ) 
3 327 578 (-371.559631 0 978.746216 ) (-357.499969 0 960 ) (-357.899628 0 965.861450 ) 
4 327 575 (-357.499969 0 960 ) (-353 0 954 ) (-357.200867 0 965.202332 ) (-357.899628 0 965.861450 ) 
3 327 328 (-357.202332 0 965.203735 ) (-353.001526 7.675148 954.002075 ) (-371.560486 0 978.747375 ) 
5 328 579 (-383.597412 0 994.796570 ) (-371.559631 0 978.746216 ) (-371.235687 0 978.440674 ) (-371.269836 0 986.462708 ) (-383.592194 0 998.081177 ) 
5 328 578 (-371.235687 0 978.440674 ) (-357.899628 0 965.861450 ) (-358 0 967.333313 ) (-361.838959 0 977.570557 ) (-371.269836 0 986.462708 ) 
3 328 577 (-392.022278 0 1006.029724 ) (-383.597412 0 994.796570 ) (-383.592194 0 998.081177 ) 
3 328 575 (-357.899628 0 965.861450 ) (-357.200867 0 965.202332 ) (-358 0 967.333313 ) 
5 329 668 (-333 0 948.666748 ) (-337.385132 0 954.513550 ) (-344.437103 0 961.162720 ) (-343.263550 0 949.018066 ) (-338 0 942 ) 
4 329 667 (-332.252411 0 934.336548 ) (-326.391418 0 939.855286 ) (-333 0 948.666748 ) (-338 0 942 ) 
4 329 576 (-344.437103 0 961.162720 ) (-354.877533 0 971.006775 ) (-350 0 958 ) (-343.263550 0 949.018066 ) 
4 329 331 (-328.003540 3.889438 942 ) (-337.395996 0 954.522766 ) (-328.001923 0 941.997314 ) (-328.001953 3.885567 941.997375 ) 
3 329 330 (-338.001648 13.889133 941.998962 ) (-332.252930 0 934.333984 ) (-338.001282 0 941.998474 ) 
4 330 667 (-341 0 938 ) (-335.768951 0 931.025330 ) (-332.252411 0 934.336548 ) (-338 0 942 ) 
3 331 669 (-326.390076 0 944.146545 ) (-337.385132 0 954.513550 ) (-328 0 942 ) 
4 332 670 (-282.511566 0 881.348816 ) (-271.143341 0 892.055664 ) (-322.875488 0 940.832703 ) (-325 0 938 ) 
4 333 340 (-374.409576 16.855171 1020.722412 ) (-300.093536 115.965836 974.008789 ) (-301.539825 117.412148 974.008789 ) (-386.002350 28.447395 1020.722595 ) 
4 333 338 (-386 33.591797 967.355469 ) (-375.741425 18.777718 1014.594849 ) (-375.914551 18.359785 1020.724548 ) (-386.001038 28.445782 1020.724548 ) 
5 334 577 (-396.143555 0 1011.524780 ) (-387.550659 0 1027.714355 ) (-388.487793 0 1027.714355 ) (-400.470367 0 1024.487549 ) (-404.666687 0 1022.888977 ) 
4 334 556 (-407 0 1022 ) (-409.419678 0 986.511719 ) (-396.143555 0 1011.524780 ) (-404.666687 0 1022.888977 ) 
3 335 343 (-380.583649 18.272573 1022.003662 ) (-386.002380 23.691154 1022.003723 ) (-386.001831 18.171211 1023.490356 ) 
5 335 338 (-386.001984 23.693394 1022.003296 ) (-380.581207 18.272598 1022.003357 ) (-380.103485 19.421368 1005.154663 ) (-388.312469 31.280256 967.345581 ) (-388.315948 26.130878 1020.723816 ) 
4 335 337 (-386.004730 18.171211 1023.490295 ) (-386.006104 23.691950 1022.003784 ) (-386.008972 23.694963 1022.002197 ) (-391.430664 18.272703 1022.001831 ) 
4 335 336 (-386.008972 23.694963 1022.002197 ) (-388.318726 26.127977 1020.725037 ) (-396.086853 18.359797 1020.724487 ) (-391.430664 18.272703 1022.001831 ) 
4 336 343 (-394.979248 18.708603 1025.763794 ) (-386.008362 23.697140 1022.003723 ) (-388.318787 26.007496 1022.003723 ) (-394.889557 19.086462 1025.637817 ) 
4 336 342 (-395.539063 18.402344 1025.997070 ) (-395.538727 18.397490 1025.998291 ) (-394.979248 18.708603 1025.763794 ) (-394.889557 19.086462 1025.637817 ) 
3 336 338 (-388.316040 26.007446 1022.003296 ) (-386.001984 23.693394 1022.003296 ) (-388.315948 26.130878 1020.723816 ) 
4 336 337 (-391.430603 18.272558 1022.003967 ) (-386.007233 23.696003 1022.003906 ) (-395.539124 18.395515 1026 ) (-395.934479 18 1026 ) 
5 337 343 (-395.147430 18 1026 ) (-386.001831 18.171211 1023.490356 ) (-386.002380 23.691154 1022.003723 ) (-386.008362 23.697140 1022.003723 ) (-394.979248 18.708603 1025.763794 ) 
4 337 342 (-395.538727 18.397490 1025.998291 ) (-395.511841 17.993284 1026.099976 ) (-395.147430 18 1026 ) (-394.979248 18.708603 1025.763794 ) 
4 338 341 (-375.914398 18.359930 1020.722412 ) (-386.002350 28.447395 1020.722595 ) (-388.318787 26.007496 1022.003723 ) (-380.583679 18.272572 1022.003662 ) 
3 339 686 (-384.817261 0 1032.864258 ) (-386 0 1032.585449 ) (-385.080261 0 1032.368774 ) 
5 339 342 (-381.740723 4.290153 1030.569946 ) (-385.076630 0 1032.367676 ) (-386 0 1032.585327 ) (-385.997803 27.934038 1026 ) (-376.064178 18 1026 ) 
5 339 340 (-293.092468 118.296173 982.797363 ) (-373.259949 15.196823 1026 ) (-385.997803 27.934038 1026 ) (-385.997803 27.940544 1025.998291 ) (-296.451019 121.654762 982.797363 ) 
5 340 341 (-386 28.448254 1020.719482 ) (-375.910919 18.360128 1020.719482 ) (-376.062531 18 1026.002808 ) (-385.991486 27.928368 1026.002808 ) (-386 27.937830 1025.998413 ) 
5 341 343 (-376.065186 18 1025.996582 ) (-376.075226 18.010370 1025.996582 ) (-387.651367 26.561947 1023.146057 ) (-388.314209 26.009527 1022 ) (-380.577454 18.272770 1022 ) 
3 341 342 (-376.075226 18.010370 1025.996582 ) (-386.001923 27.936636 1025.996094 ) (-387.651367 26.561947 1023.146057 ) 
4 342 687 (-386 0 1032.585449 ) (-388.482849 0 1032 ) (-385.276001 0 1032 ) (-385.080261 0 1032.368774 ) 
4 342 343 (-387.653320 26.559885 1023.147461 ) (-376.066406 18 1026 ) (-395.153778 18 1026 ) (-394.898773 19.073738 1025.642700 ) 
4 344 346 (-423.501953 24.382813 941.996094 ) (-417.504700 13.413896 957.988708 ) (-410.001953 10.307318 977.996094 ) (-410.001953 76.066513 977.996094 ) 
3 345 712 (-410.167358 0 977.553833 ) (-410.021057 0 977.691711 ) (-410 0 978 ) 
4 345 357 (-410.545105 7.635374 970.005859 ) (-410.020691 0 977.697205 ) (-410.164368 0 977.561768 ) (-412.997894 5.182748 970.005676 ) 
5 346 706 (-450.224213 0 944.203308 ) (-447.886780 0 942 ) (-430.913330 0 957.998718 ) (-418.883484 0 980.684814 ) (-442.899200 0 958.023682 ) 
3 346 702 (-453.886597 0 947.656067 ) (-450.224213 0 944.203308 ) (-442.899200 0 958.023682 ) 
5 346 699 (-431.452209 0 968.825012 ) (-418.883484 0 980.684814 ) (-418.178131 0 982.015015 ) (-414.602631 0 1019.103760 ) (-427.050446 0 1014.361755 ) 
3 346 698 (-442.899170 0 958.023743 ) (-431.452209 0 968.825012 ) (-430.175842 0 982.029236 ) 
6 346 697 (-464 0 1000.285767 ) (-464 0 957.190735 ) (-453.886597 0 947.656067 ) (-442.899170 0 958.023743 ) (-430.175842 0 982.029236 ) (-427.050446 0 1014.361755 ) 
3 346 391 (-464 0 957.190735 ) (-464 0 1000.285767 ) (-464 45.710991 1000.285767 ) 
5 346 362 (-407 7.323507 1022 ) (-407 125.742188 1022 ) (-464 45.709610 1000.285706 ) (-464 0 1000.285706 ) (-414.602600 0 1019.103760 ) 
4 346 349 (-447.887878 0 942.003357 ) (-433.997314 13.890579 942.003540 ) (-421.993378 8.914622 958.008850 ) (-430.908081 0 958.008606 ) 
4 346 348 (-410.359985 4.087723 1020.720215 ) (-414.603546 0 1019.103638 ) (-418.179047 0 982.013245 ) (-413 5.179980 982.013184 ) 
4 346 347 (-430.905701 0 958.007263 ) (-421.997192 8.908210 958.007629 ) (-412.995605 5.180071 982.011780 ) (-418.175598 0 982.011902 ) 
4 347 706 (-430.913330 0 957.998718 ) (-419.451874 0 968.802246 ) (-418.248627 0 981.283875 ) (-418.883514 0 980.684814 ) 
3 347 699 (-418.248627 0 981.283875 ) (-418.178131 0 982.015015 ) (-418.883514 0 980.684814 ) 
5 347 361 (-417.947113 1.504244 968.807800 ) (-419.451324 0 968.807800 ) (-425.693176 0 962.924194 ) (-422.006714 8.901279 958.008850 ) (-421.996704 8.911274 958.008850 ) 
3 347 358 (-425.693176 0 962.924194 ) (-430.908081 0 958.008606 ) (-422.006714 8.901279 958.008850 ) 
4 347 348 (-419.453125 0 968.796814 ) (-417.951233 1.501889 968.796814 ) (-412.995117 5.183957 982.013184 ) (-418.179047 0 982.013245 ) 
5 348 706 (-419.451874 0 968.802246 ) (-417.127655 0 970.993042 ) (-413 0 982 ) (-412.691315 0 986.527649 ) (-418.248596 0 981.283936 ) 
4 348 699 (-412.691315 0 986.527649 ) (-410.360016 0 1020.720032 ) (-414.602631 0 1019.103760 ) (-418.248596 0 981.283936 ) 
3 348 363 (-410.359985 4.086860 1020.719971 ) (-414.602600 0 1019.103760 ) (-410.359985 0 1020.719971 ) 
4 348 361 (-418.180634 0 970.005554 ) (-419.451324 0 968.807800 ) (-417.947113 1.504244 968.807800 ) (-417.497955 0.682695 970.005554 ) 
3 348 356 (-417.124695 0 971 ) (-418.180634 0 970.005554 ) (-417.497955 0.682695 970.005554 ) 
3 349 706 (-447.886780 0 942 ) (-442.226837 0 936.663574 ) (-430.913330 0 957.998779 ) 
4 349 358 (-422 8.911196 958 ) (-430.910614 0 958 ) (-437.160492 0 946.213928 ) (-434 5.394918 942 ) 
4 349 353 (-437.160492 0 946.213928 ) (-442.224335 0 936.663940 ) (-438.001984 4.222321 936.663940 ) (-434 5.394918 942 ) 
4 349 352 (-434 5.402022 942 ) (-437.001129 6.644510 938 ) (-434.003906 13.884766 941.996094 ) (-434 13.883358 942 ) 
3 349 351 (-433.980957 5.393927 942.026733 ) (-438.007111 4.214390 936.658508 ) (-437.001129 6.644510 938 ) 
5 350 359 (-412.817871 29.406250 936.664063 ) (-412.453094 26.933815 942.014832 ) (-427.988464 11.398225 942.015381 ) (-431 10.515812 938 ) (-429.998016 12.226235 936.663940 ) 
3 350 353 (-431 10.515812 938 ) (-432.002045 10.222207 936.663940 ) (-429.998016 12.226235 936.663940 ) 
3 350 351 (-430.998077 12.643614 937.997375 ) (-432 10.224609 936.660156 ) (-430.997681 10.518333 937.996887 ) 
4 351 353 (-434 5.394925 942 ) (-438.001984 4.222321 936.663940 ) (-432.002045 10.222207 936.663940 ) (-431 10.515812 938 ) 
4 351 352 (-437 6.646484 937.992188 ) (-433.998047 5.403157 941.997375 ) (-431 12.638618 938 ) (-431.004852 12.640606 937.993591 ) 
4 353 712 (-417.669647 0 913.511658 ) (-414.594635 0 910.612610 ) (-414.250031 0 915.666687 ) (-417.250031 0 919.666687 ) 
4 353 707 (-439.752136 0 934.330505 ) (-417.669647 0 913.511658 ) (-417.250031 0 919.666687 ) (-434 0 942 ) 
4 353 706 (-442.226837 0 936.663574 ) (-439.752136 0 934.330505 ) (-434 0 942 ) (-437.161682 0 946.215515 ) 
4 353 359 (-427.002167 10.992970 932.673950 ) (-429.993469 12.232365 936.662476 ) (-430.998322 10.516977 938.002319 ) (-430.998291 4.168664 938.002319 ) 
3 353 358 (-433.998260 5.395754 942.002319 ) (-437.158997 0 946.216797 ) (-433.998230 0 942.002319 ) 
5 353 355 (-414.253906 0 915.675781 ) (-414.253906 5.710938 915.675781 ) (-427.002167 10.992970 932.673950 ) (-430.998291 4.168664 938.002319 ) (-430.998291 0 938.002258 ) 
3 354 706 (-422 0 958 ) (-423.494873 0 959.993164 ) (-430.733002 0 946.356018 ) 
3 354 358 (-430.720215 0 946.372986 ) (-423.492554 0 959.990112 ) (-422 2.548832 958 ) 
3 354 356 (-422 2.555595 958 ) (-423.496216 0 959.995728 ) (-422 0 958 ) 
4 355 712 (-414.250031 0 915.666687 ) (-412.250031 0 945 ) (-415.250000 0 949 ) (-417.250031 0 919.666687 ) 
4 355 708 (-415.250000 0 949 ) (-419 0 954 ) (-431 0 938 ) (-417.250031 0 919.666687 ) 
5 355 359 (-427.005768 10.986898 932.671631 ) (-431.001007 4.164148 937.998657 ) (-419 7.672012 954 ) (-412.250366 19.198452 945 ) (-413.091156 24.901566 932.671631 ) 
4 355 357 (-412.250000 0 945 ) (-412.250000 19.205078 945 ) (-419 7.678644 954 ) (-419 0 954 ) 
4 356 706 (-417.127686 0 970.993042 ) (-418.185944 0 969.995544 ) (-423.494873 0 959.993164 ) (-422 0 958 ) 
4 356 361 (-423.492554 0 959.990112 ) (-418.177246 0 970.004272 ) (-417.498413 0.678834 970.004272 ) (-422 2.548815 958 ) 
5 357 712 (-412.250031 0 945 ) (-410.021057 0 977.691711 ) (-410.167358 0 977.553833 ) (-414 0 967.333374 ) (-415.250000 0 949 ) 
3 357 709 (-414 0 967.333374 ) (-419 0 954 ) (-415.250000 0 949 ) 
4 357 360 (-411.636108 15.031843 954.007690 ) (-412.250366 19.198452 945 ) (-419 7.672026 954 ) (-418.997009 7.670788 954.007935 ) 
6 358 706 (-425.691010 0 962.921326 ) (-430.913330 0 957.998779 ) (-437.161682 0 946.215515 ) (-434 0 942 ) (-430.733002 0 946.356018 ) (-423.494873 0 959.993164 ) 
4 358 361 (-423.496277 0 959.993713 ) (-422 2.554406 958 ) (-422 8.912109 958 ) (-425.690857 0 962.920593 ) 
3 359 360 (-419 7.679617 953.997620 ) (-412.250092 19.205082 944.998840 ) (-412.250031 23.971251 945 ) 
3 361 706 (-418.185944 0 969.995544 ) (-425.691010 0 962.921326 ) (-423.494873 0 959.993164 ) 
4 362 716 (-426.435608 0 1020.722595 ) (-414.126740 0 1024.040283 ) (-413.658875 0 1028.893555 ) (-425.925323 0 1026.001587 ) 
4 362 715 (-464 0 1017.024841 ) (-464 0 1010.597534 ) (-426.435608 0 1020.722595 ) (-425.925323 0 1026.001587 ) 
4 362 714 (-409.888824 0 1068 ) (-464 0 1068 ) (-464 0 1017.024841 ) (-413.658875 0 1028.893555 ) 
4 362 699 (-427.050446 0 1014.361755 ) (-414.602631 0 1019.103760 ) (-414.126740 0 1024.040283 ) (-426.435608 0 1020.722595 ) 
4 362 697 (-464 0 1010.597534 ) (-464 0 1000.285767 ) (-427.050446 0 1014.361755 ) (-426.435608 0 1020.722595 ) 
5 362 391 (-464 0 1000.285767 ) (-464 0 1068 ) (-464 80 1068 ) (-464 80 1032.612427 ) (-464 45.710991 1000.285767 ) 
3 362 365 (-406.727173 7.207384 1026 ) (-406.651215 7.175940 1027.113647 ) (-409.993835 3.940672 1026 ) 
4 362 364 (-406.651215 7.175940 1027.113647 ) (-403.863495 6.022043 1068 ) (-407.136353 2.749136 1068 ) (-410 3.934555 1025.997437 ) 
4 362 363 (-414.599304 0 1019.103088 ) (-410.360107 4.083552 1020.718018 ) (-407.136353 2.749136 1068 ) (-409.885468 0 1068 ) 
4 363 716 (-413.658875 0 1028.893555 ) (-414.126740 0 1024.040283 ) (-410.058868 0 1025.136841 ) (-409.739716 0 1029.817505 ) 
4 363 714 (-407.136383 0 1068 ) (-409.888824 0 1068 ) (-413.658875 0 1028.893555 ) (-409.739716 0 1029.817505 ) 
4 363 699 (-414.126740 0 1024.040283 ) (-414.602631 0 1019.103760 ) (-410.360016 0 1020.720032 ) (-410.058868 0 1025.136841 ) 
4 363 364 (-410 3.936098 1025.997314 ) (-407.136414 2.750697 1068 ) (-407.136414 0 1068 ) (-410 0 1025.997314 ) 
4 364 717 (-409.739746 0 1029.817505 ) (-410 0 1025.997314 ) (-406.651367 0 1027.113525 ) (-406.413544 0 1030.601807 ) 
4 364 714 (-403.863647 0 1068 ) (-407.136383 0 1068 ) (-409.739746 0 1029.817505 ) (-406.413544 0 1030.601807 ) 
3 364 365 (-409.996002 3.941936 1025.998779 ) (-406.651367 7.179156 1027.113647 ) (-406.651367 2.557513 1027.113647 ) 
4 366 779 (-464 0 812 ) (-464 0 710.419434 ) (-416 0 755.626770 ) (-416 0 812 ) 
3 366 776 (-416 0 755.626770 ) (-356.144348 0 812 ) (-416 0 812 ) 
3 366 399 (-464 0 710.419434 ) (-464 0 728 ) (-464 18.666580 728 ) 
4 367 776 (-256 0 634 ) (-416 0 634 ) (-416 0 592 ) (-256 0 592 ) 
4 367 774 (-208 0 592 ) (-208 0 634 ) (-256 0 634 ) (-256 0 592 ) 
4 367 383 (-256 80 592 ) (-208 80 592 ) (-208 0 592 ) (-256 0 592 ) 
4 367 384 (-416 80 592 ) (-256 80 592 ) (-256 0 592 ) (-416 0 592 ) 
3 367 368 (-416 64.761917 592 ) (-416 0 592 ) (-416 0 626 ) 
4 368 777 (-464 0 626 ) (-464 0 592 ) (-416 0 592 ) (-416 0 626 ) 
4 368 385 (-464 0 592 ) (-464 64.761902 592 ) (-416 64.761902 592 ) (-416 0 592 ) 
4 369 402 (-464 128 -8 ) (-464 128 0 ) (-464 160 0 ) (-464 160 -8 ) 
4 370 404 (-464 128 -2048 ) (-464 128 -742.400024 ) (-464 160 -742.400085 ) (-464 160 -2048 ) 
4 370 381 (-208 128 -2048 ) (-208 128 -605.866699 ) (-464 128 -742.400085 ) (-464 128 -2048 ) 
4 371 383 (-208 80 584 ) (-208 80 592 ) (-256 80 592 ) (-256 80 584 ) 
4 371 384 (-256 80 592 ) (-416 80 592 ) (-400.761932 80 584 ) (-256 80 584 ) 
4 371 373 (-208 80 584 ) (-400.761963 80 584 ) (-400.761932 128 584 ) (-208 128 584 ) 
4 372 385 (-416 80 584 ) (-464 80 584 ) (-464 80 508 ) (-416 80 508 ) 
3 372 384 (-416 80 584 ) (-416 80 508 ) (-271.238098 80 508 ) 
4 372 374 (-271.238098 80 508 ) (-464 80 508 ) (-464 128 508 ) (-271.238098 128 508 ) 
4 373 383 (-208 80 508 ) (-208 80 584 ) (-256 80 584 ) (-256 80 508 ) 
3 373 384 (-256 80 584 ) (-400.761963 80 584 ) (-256 80 508 ) 
4 374 385 (-416 80 508 ) (-464 80 508 ) (-464 80 500 ) (-416 80 500 ) 
4 374 384 (-271.238098 80 508 ) (-416 80 508 ) (-416 80 500 ) (-256 80 500 ) 
4 374 375 (-256 80 500 ) (-464 80 500 ) (-464 128 500 ) (-256 128 500 ) 
4 375 385 (-416 80 500 ) (-464 80 500 ) (-464 80 256 ) (-416 80 256 ) 
4 375 382 (-208 80 256 ) (-208 80 500 ) (-256 80 500 ) (-256 80 256 ) 
4 375 384 (-256 80 500 ) (-416 80 500 ) (-416 80 256 ) (-256 80 256 ) 
4 375 376 (-208 80 256 ) (-416 80 256 ) (-416 128 256 ) (-208 128 256 ) 
4 376 382 (-208 80 248 ) (-208 80 256 ) (-256 80 256 ) (-256 80 248 ) 
4 376 384 (-256 80 256 ) (-416 80 256 ) (-400.761902 80 248 ) (-256 80 248 ) 
4 376 378 (-208 80 248 ) (-400.761902 80 248 ) (-400.761902 128 248 ) (-208 128 248 ) 
4 377 386 (-416 80 248 ) (-464 80 248 ) (-464 80 172 ) (-416 80 172 ) 
3 377 384 (-416 80 248 ) (-416 80 172 ) (-271.238098 80 172 ) 
4 377 379 (-271.238129 80 172 ) (-464 80 172 ) (-464 128 172 ) (-271.238098 128 172 ) 
4 378 382 (-208 80 172 ) (-208 80 248 ) (-256 80 248 ) (-256 80 172 ) 
3 378 384 (-256 80 248 ) (-400.761902 80 248 ) (-256 80 172 ) 
4 379 386 (-416 80 172 ) (-464 80 172 ) (-464 80 164 ) (-416 80 164 ) 
4 379 384 (-271.238129 80 172 ) (-416 80 172 ) (-416 80 164 ) (-256 80 164 ) 
4 380 387 (-208 80 0 ) (-208 80 152 ) (-464 80 152 ) (-464 80 0 ) 
4 381 404 (-464 80 -2048 ) (-464 80 -742.400024 ) (-464 128 -742.400085 ) (-464 128 -2048 ) 
4 381 388 (-208 80 -2048 ) (-208 80 -605.866699 ) (-464 80 -742.400085 ) (-464 80 -2048 ) 
4 382 773 (-208 0 164 ) (-208 0 458 ) (-256 0 458 ) (-256 0 164 ) 
4 382 384 (-256 80 500 ) (-256 80 164 ) (-256 0 164 ) (-256 0 458 ) 
4 383 774 (-208 0 466 ) (-208 0 592 ) (-256 0 592 ) (-256 0 466 ) 
4 383 384 (-256 80 592 ) (-256 80 508 ) (-256 0 466 ) (-256 0 592 ) 
4 384 776 (-256 0 592 ) (-416 0 592 ) (-416 0 164 ) (-256 0 164 ) 
4 384 386 (-416 80 248 ) (-416 80 164 ) (-416 0 164 ) (-416 0 290 ) 
5 384 385 (-416 80 584 ) (-416 80 256 ) (-416 0 298 ) (-416 0 592 ) (-416 64.761887 592 ) 
4 385 777 (-416 0 592 ) (-464 0 592 ) (-464 0 298 ) (-416 0 298 ) 
4 386 778 (-464 0 290 ) (-464 0 164 ) (-416 0 164 ) (-416 0 290 ) 
4 387 780 (-208 0 0 ) (-208 0 152 ) (-464 0 152 ) (-464 0 0 ) 
4 387 401 (-464 0 0 ) (-464 0 112 ) (-464 32 112 ) (-464 32 0 ) 
4 388 781 (-208 0 -2048 ) (-208 0 -605.866699 ) (-464 0 -742.400085 ) (-464 0 -2048 ) 
4 388 404 (-464 0 -2048 ) (-464 0 -742.400024 ) (-464 80 -742.400085 ) (-464 80 -2048 ) 
4 389 406 (-512 704 844 ) (-512 176 844 ) (-512 176 1012 ) (-512 704 1012 ) 
4 389 405 (-512 1024 1012 ) (-512 1024 844 ) (-512 704 844 ) (-512 704 1012 ) 
4 389 398 (-512 176 844 ) (-512 1024 844 ) (-464 1024 844 ) (-464 176 844 ) 
4 389 395 (-512 1024 1012.001343 ) (-512 176 1012.001343 ) (-464 176 1095.079102 ) (-464 1024 1095.079102 ) 
3 390 391 (-464 80 1095.070313 ) (-479.640594 80 1068 ) (-464 80 1068 ) 
4 391 715 (-464 0 1010.597534 ) (-464 0 1017.024841 ) (-496 0 1009.480469 ) (-496 0 1001.972412 ) 
4 391 714 (-464 0 1017.024841 ) (-464 0 1095.078125 ) (-496 0 1039.692627 ) (-496 0 1009.480469 ) 
4 391 697 (-464 0 945.873840 ) (-464 0 1010.597534 ) (-496 0 1001.972412 ) (-496 0 976.046692 ) 
4 391 503 (-464 0 844 ) (-464 0 945.873840 ) (-496 0 976.046692 ) (-496 0 844 ) 
4 391 394 (-496 80 972 ) (-496 80 844 ) (-496 8 844 ) (-496 8 972 ) 
7 391 393 (-496 79.200005 972 ) (-496 8.800003 972 ) (-496 11.916525 986.669067 ) (-496 25.664463 997.666870 ) (-496 44 1001.330078 ) (-496 62.329735 997.668030 ) (-496 76.084541 986.664185 ) 
4 391 392 (-496 80 1039.687500 ) (-496 80 1016 ) (-496 0 1016 ) (-496 0 1039.687500 ) 
3 392 718 (-496 0 1039.692627 ) (-509.688843 0 1016 ) (-496 0 1016 ) 
7 393 406 (-512 25.670063 997.667908 ) (-512 44 1001.330017 ) (-512 62.330788 997.667786 ) (-512 76.084389 986.664917 ) (-512 79.200005 972 ) (-512 8.800003 972 ) (-512 11.915647 986.664978 ) 
4 393 394 (-512 8.800003 972 ) (-512 79.200005 972 ) (-496 79.200005 972 ) (-496 8.800003 972 ) 
4 394 406 (-512 80 844 ) (-512 8 844 ) (-512 8 972 ) (-512 80 972 ) 
4 395 406 (-512 704 1012 ) (-512 176 1012 ) (-512 176 2048 ) (-512 704 2048 ) 
4 395 405 (-512 1024 2048 ) (-512 1024 1012 ) (-512 704 1012 ) (-512 704 2048 ) 
4 395 396 (-512 176 2048 ) (-512 176 1103.384766 ) (-464 176 1103.384766 ) (-464 176 2048 ) 
4 396 721 (-496 0 2048 ) (-512 0 2048 ) (-512 0 1408.004639 ) (-496 0 1408.004639 ) 
4 396 500 (-464 0 1408.004639 ) (-464 0 2048 ) (-496 0 2048 ) (-496 0 1408.004639 ) 
4 396 406 (-512 0 1408.004639 ) (-512 0 2048 ) (-512 176 2048 ) (-512 176 1103.384766 ) 
4 396 397 (-464 127.998199 1186.462891 ) (-464 0 1408.001709 ) (-512 0 1408.001709 ) (-512 175.998169 1103.384766 ) 
4 397 721 (-496 0 1408.004639 ) (-512 0 1408.004639 ) (-512 0 1103.384766 ) (-496 0 1131.077515 ) 
4 397 501 (-464 0 1186.462891 ) (-464 0 1408.004639 ) (-496 0 1408.004639 ) (-496 0 1131.077515 ) 
3 397 406 (-512 0 1103.384766 ) (-512 0 1408.004639 ) (-512 176 1103.384766 ) 
4 398 406 (-512 704 112 ) (-512 176 112 ) (-512 176 844 ) (-512 704 844 ) 
4 398 405 (-512 1024 844 ) (-512 1024 112 ) (-512 704 112 ) (-512 704 844 ) 
4 398 400 (-512 176 112 ) (-512 1024 112 ) (-464 1024 112 ) (-464 176 112 ) 
4 399 799 (-464 0 648 ) (-464 0 728 ) (-512 0 728 ) (-512 0 648 ) 
4 399 406 (-512 0 648 ) (-512 0 728 ) (-512 24 728 ) (-512 24 648 ) 
4 400 406 (-512 704 0 ) (-512 176 0 ) (-512 176 112 ) (-512 704 112 ) 
4 400 405 (-512 1024 112 ) (-512 1024 0 ) (-512 704 0 ) (-512 704 112 ) 
4 400 402 (-512 176 0 ) (-512 1024 0 ) (-464 1024 0 ) (-464 176 0 ) 
4 401 801 (-464 0 0 ) (-464 0 112 ) (-512 0 112 ) (-512 0 0 ) 
4 401 406 (-512 32 0 ) (-512 0 0 ) (-512 0 112 ) (-512 32 112 ) 
4 402 406 (-512 704 -8 ) (-512 32 -8 ) (-512 32 0 ) (-512 704 0 ) 
4 402 405 (-512 1024 0 ) (-512 1024 -8 ) (-512 704 -8 ) (-512 704 0 ) 
4 402 403 (-512 512 -8 ) (-512 1024 -8 ) (-464 1024 -8 ) (-464 502.399963 -8 ) 
4 403 407 (-512 1024 -256 ) (-512 1024 -2048 ) (-512 512 -2048 ) (-512 512 -256 ) 
4 403 405 (-512 1024 -8 ) (-512 1024 -256 ) (-512 704 -256 ) (-512 704 -8 ) 
4 403 404 (-512 512 -2048 ) (-464 502.399414 -2048 ) (-464 502.399414 -742.400024 ) (-512 512 -768 ) 
4 404 805 (-464 0 -2048 ) (-464 0 -742.400024 ) (-512 0 -768 ) (-512 0 -2048 ) 
4 404 407 (-512 512 -2048 ) (-512 320 -2048 ) (-512 320 -768 ) (-512 512 -768 ) 
4 405 410 (-1024 1024 -8 ) (-1024 1024 -256 ) (-1024 704 -256 ) (-1024 704 -8 ) 
4 405 409 (-1024 704 2048 ) (-1024 1024 2048 ) (-1024 1024 -8 ) (-1024 704 -8 ) 
4 405 407 (-1024 704 -256 ) (-1024 1024 -256 ) (-512 1024 -256 ) (-512 704 -256 ) 
4 405 406 (-512 704 -8 ) (-512 704 2048 ) (-1024 704 2048 ) (-1024 704 -8 ) 
4 406 806 (-512 0 -8 ) (-512 0 844 ) (-1024 0 844 ) (-1024 0 -8 ) 
4 406 733 (-512 0 844 ) (-512 0 2048 ) (-1024 0 2048 ) (-1024 0 844 ) 
4 406 409 (-1024 0 -8 ) (-1024 0 2048 ) (-1024 704 2048 ) (-1024 704 -8 ) 
4 407 411 (-1024 320 -256 ) (-1024 1024 -256 ) (-1024 1024 -2048 ) (-1024 320 -2048 ) 
4 408 412 (-2048 1024 -2048 ) (-2048 1024 2048 ) (-2048 1536 2048 ) (-2048 1536 -2048 ) 
4 408 411 (-1024 1024 -2048 ) (-1024 1024 -256 ) (-2048 1024 -256 ) (-2048 1024 -2048 ) 
4 408 410 (-1024 1024 -256 ) (-1024 1024 -8 ) (-2048 1024 -8 ) (-2048 1024 -256 ) 
4 408 409 (-1024 1024 -8 ) (-1024 1024 2048 ) (-2048 1024 2048 ) (-2048 1024 -8 ) 
4 409 811 (-1024 0 -8 ) (-1024 0 2048 ) (-2048 0 2048 ) (-2048 0 -8 ) 
4 409 414 (-2048 0 -8 ) (-2048 0 2048 ) (-2048 704 2048 ) (-2048 704 -8 ) 
4 409 413 (-2048 704 2048 ) (-2048 1024 2048 ) (-2048 1024 -8 ) (-2048 704 -8 ) 
4 409 410 (-1024 1024 -8 ) (-1024 704 -8 ) (-2048 704 -8 ) (-2048 1024 -8 ) 
4 410 413 (-2048 704 -8 ) (-2048 1024 -8 ) (-2048 1024 -256 ) (-2048 704 -256 ) 
4 410 411 (-2048 704 -256 ) (-2048 1024 -256 ) (-1024 1024 -256 ) (-1024 704 -256 ) 
4 411 415 (-2048 320 -256 ) (-2048 1024 -256 ) (-2048 1024 -2048 ) (-2048 320 -2048 ) 
4 412 415 (-2048 1024 -2048 ) (-2048 1024 -256 ) (-2432 1024 -256 ) (-2432 1024 -2048 ) 
4 412 413 (-2048 1024 -256 ) (-2048 1024 2048 ) (-2432 1024 2048 ) (-2432 1024 -256 ) 
4 413 415 (-2432 704 -256 ) (-2432 1024 -256 ) (-2048 1024 -256 ) (-2048 704 -256 ) 
4 413 414 (-2048 704 -8 ) (-2048 704 2048 ) (-2432 704 2048 ) (-2432 704 -8 ) 
4 414 814 (-2048 0 -8 ) (-2048 0 2048 ) (-2432 0 2048 ) (-2432 0 -8 ) 
4 416 450 (1024 -131.998688 384 ) (1024 0 528 ) (992 0 528 ) (992 -131.998688 384 ) 
4 416 427 (960 0 440 ) (960 0 416 ) (960 -70.400032 384 ) (960 -123.200012 384 ) 
4 416 426 (960 -132.003952 384 ) (960 0 528.004333 ) (960 0 440 ) (960 -123.200012 384 ) 
3 416 425 (960 0 416 ) (960 0 384 ) (960 -70.400032 384 ) 
4 417 470 (1024 -176 0 ) (1024 -176 112 ) (1008 -176 112 ) (1008 -176 0 ) 
4 417 463 (1024 -176 112 ) (1024 -176 252 ) (1008 -176 252 ) (1008 -176 112 ) 
4 417 458 (1024 -176 252 ) (1024 -176 336 ) (1008 -176 336 ) (1008 -176 252 ) 
3 417 453 (1024 -176 0 ) (1008 -176 0 ) (1024 -168.666687 0 ) 
3 417 452 (1008 -176 335.998077 ) (1024 -176 335.998077 ) (1024 -168.666687 343.998138 ) 
4 418 443 (960 -136 0 ) (960 -176 0 ) (960 -176 176 ) (960 -136 176 ) 
4 418 442 (960 0 0 ) (960 -136 0 ) (960 -136 176 ) (960 0 176 ) 
4 418 440 (960 -176 176 ) (960 -176 212 ) (960 0 212 ) (960 0 176 ) 
4 418 423 (960 -176 224 ) (960 -176 336 ) (960 0 336 ) (960 0 224 ) 
4 419 738 (0 0 234.181824 ) (0 0 224 ) (0 -176 224 ) (0 -176 234.181824 ) 
5 419 469 (39.199982 -176 252 ) (0 -176 234.181824 ) (0 -176 224 ) (48 -176 224 ) (48 -176 252 ) 
4 419 468 (368 -176 224 ) (432 -176 224 ) (432 -176 252 ) (368 -176 252 ) 
4 419 467 (608 -176 224 ) (822.400024 -176 224 ) (760.799988 -176 252 ) (608 -176 252 ) 
3 419 462 (47.289669 -176 255.677139 ) (39.199982 -176 252 ) (48 -176 252 ) 
7 419 461 (383.333008 -176 277.666992 ) (370.833008 -176 266.666992 ) (368 -176 252 ) (432 -176 252 ) (429.166962 -176 266.667053 ) (416.667053 -176 277.666962 ) (400 -176 281.333008 ) 
3 419 459 (608 -176 252 ) (760.799988 -176 252 ) (608 -176 321.454529 ) 
4 419 441 (0 0 224 ) (822.400024 0 224 ) (822.400024 -176 224 ) (0 -176 224 ) 
5 419 439 (0 0 234.181992 ) (0 -176 234.181992 ) (223.991882 -176 335.996490 ) (224 -175.996796 336 ) (224 0 336 ) 
5 419 424 (576 -175.997925 336 ) (576.004883 -176 335.997742 ) (592 -176 328.727264 ) (592 0 328.727264 ) (576 0 336 ) 
4 419 423 (592 -176 328.727264 ) (822.399475 -176 224 ) (822.399475 0 224 ) (592 0 328.727264 ) 
3 420 432 (314.519745 -138.279831 377.145508 ) (400 -102.662949 416 ) (400 -52.799782 416 ) 
3 420 421 (399.998047 -52.797832 416 ) (399.998047 -102.664063 416 ) (485.482544 -138.282486 377.144318 ) 
5 421 432 (400 -102.662949 416 ) (592 -22.662483 503.272797 ) (592 0 503.272797 ) (452.799530 0 440 ) (400 -52.799778 416 ) 
4 421 426 (591.998047 0 503.272461 ) (591.998047 -22.664063 503.272461 ) (869.481140 -138.283371 377.143921 ) (731.197632 0 440 ) 
6 421 422 (426.403412 -26.404114 427.998444 ) (452.806458 0 440 ) (731.199219 0 440.001068 ) (757.605042 -26.405811 427.998413 ) (645.725464 -138.284576 377.144073 ) (538.283630 -138.284866 377.143768 ) 
3 422 433 (452.799530 0 440 ) (426.399719 0 428 ) (426.399750 -26.399778 428 ) 
3 422 428 (757.603088 0 427.997528 ) (731.197632 0 440 ) (757.603088 -26.405441 427.997528 ) 
4 423 466 (912 -176 224 ) (960 -176 224 ) (960 -176 252 ) (912 -176 252 ) 
4 423 467 (760.800049 -176 252 ) (822.400024 -176 224 ) (912 -176 224 ) (912 -176 252 ) 
5 423 459 (960 -176 336 ) (608 -176 336 ) (608 -176 321.454529 ) (760.800049 -176 252 ) (960 -176 252 ) 
4 423 441 (822.400024 0 224 ) (912 0 224 ) (912 -176 224 ) (822.400024 -176 224 ) 
4 423 424 (592 0 328.726563 ) (592 -176 328.726563 ) (608 -176 336 ) (608.001831 0 336 ) 
3 425 427 (960 -123.197144 360 ) (960 0 415.998505 ) (836.802795 0 415.998688 ) 
3 426 432 (592 -22.662483 503.272797 ) (646.389404 0 527.995361 ) (592 0 503.272797 ) 
4 426 428 (757.602661 -26.407333 427.997345 ) (731.195313 0 440 ) (783.998474 0 440 ) (784.004211 -0.005752 439.998047 ) 
4 426 427 (783.998474 0 440 ) (960 0 440 ) (960 -138.285187 377.143402 ) (922.284302 -138.285110 377.143463 ) 
3 429 735 (0 -138.285675 377.142883 ) (0 -96 423.272736 ) (0 -36.799973 423.272736 ) 
4 429 436 (0 -36.798405 423.273438 ) (0 -96 423.273438 ) (16 -102.666931 416 ) (16 -52.799164 416 ) 
3 429 435 (16 -102.666931 416 ) (101.488075 -138.286270 377.142578 ) (16 -52.799164 416 ) 
4 430 737 (0 0 408.727264 ) (0 0 336 ) (0 -176 336 ) (0 -16 408.727264 ) 
4 430 439 (0 0 336 ) (192 0 336 ) (192 -175.996094 336 ) (0 -175.996109 336 ) 
4 431 434 (192.001907 -123.199570 360 ) (224.006638 -123.199570 360 ) (347.207031 0 416 ) (68.805634 -0.003369 415.998291 ) 
4 432 436 (42.401154 -91.662148 428 ) (262.394104 0 527.997009 ) (68.800400 0 440 ) (42.401154 -26.399221 428 ) 
3 432 435 (42.402340 -91.671875 427.998047 ) (42.402344 -26.404305 427.998047 ) (154.286682 -138.287155 377.142181 ) 
6 432 434 (154.282913 -138.282913 377.145905 ) (42.401947 -26.401947 428 ) (68.803894 0 440.001770 ) (399.996033 0 440.001770 ) (400.004242 -0.008205 439.998047 ) (261.728027 -138.282898 377.145905 ) 
3 432 433 (399.996033 0 440.001770 ) (452.800781 0 440.001770 ) (426.398407 -26.402382 428 ) 
3 434 437 (68.800400 0 440 ) (42.401154 0 428 ) (42.401154 -26.399221 428 ) 
4 435 436 (15.996094 -52.804245 415.998047 ) (15.996094 -102.664063 415.998047 ) (42.401154 -91.662148 428 ) (42.401154 -26.399223 428 ) 
4 436 735 (0 0 528 ) (0 0 440 ) (0 -36.799976 423.272736 ) (0 -96 423.272736 ) 
4 436 438 (0 -16.009373 432.723389 ) (0 0 440 ) (16.001144 0 440 ) (16.005274 -0.004130 439.998474 ) 
3 436 437 (68.800781 0 440 ) (42.400978 -26.399801 428 ) (16.001144 0 440 ) 
3 438 736 (0 0 440 ) (0 0 432.723389 ) (0 -16.008564 432.723389 ) 
4 439 738 (0 0 287.049988 ) (0 0 234.181824 ) (0 -176 234.181824 ) (0 -176 287.049988 ) 
4 439 737 (0 0 336 ) (0 0 287.049988 ) (0 -176 287.049988 ) (0 -176 336 ) 
3 439 469 (0 -176 252 ) (0 -176 234.181824 ) (39.199982 -176 252 ) 
7 439 462 (0 -176 277.813629 ) (0 -176 252 ) (39.199982 -176 252 ) (47.289673 -176 255.677124 ) (45.166702 -176 266.666992 ) (32.666599 -176 277.666992 ) (16 -176 281.333008 ) 
4 440 465 (912 -176 176 ) (960 -176 176 ) (960 -176 212 ) (912 -176 212 ) 
4 440 443 (960 -136 176 ) (960 -176 176 ) (912 -176 176 ) (912 -136 176 ) 
4 440 442 (960 0 176 ) (960 -136 176 ) (912 -136 176 ) (912 0 176 ) 
4 440 441 (912 0 176 ) (912 -176 176 ) (912 -176 212 ) (912 0 212 ) 
4 441 738 (0 0 224 ) (0 0 176 ) (0 -176 176 ) (0 -176 224 ) 
4 441 469 (0 -176 224 ) (0 -176 176 ) (48 -176 176 ) (48 -176 224 ) 
4 441 468 (368 -176 176 ) (432 -176 176 ) (432 -176 224 ) (368 -176 224 ) 
4 441 467 (608 -176 176 ) (912 -176 176 ) (912 -176 224 ) (608 -176 224 ) 
4 441 447 (0 -144 176 ) (0 0 176 ) (128 0 176 ) (128 -144 176 ) 
4 441 449 (128 -176 176 ) (0 -176 176 ) (0 -144 176 ) (128 -144 176 ) 
4 441 445 (256 -176 176 ) (128 -176 176 ) (128 -136 176 ) (256 -136 176 ) 
4 441 443 (912 -176 176 ) (608 -176 176 ) (608 -136 176 ) (912 -136 176 ) 
4 441 442 (128 -136 176 ) (128 0 176 ) (912 0 176 ) (912 -136 176 ) 
4 442 447 (128 -136 124 ) (128 -136 176 ) (128 0 176 ) (128 0 124 ) 
4 442 448 (128 0 0 ) (128 -136 0 ) (128 -136 112 ) (128 0 112 ) 
3 442 446 (128 -136 164 ) (128 -136 124 ) (226.461517 -136 164 ) 
4 442 445 (128 -136 176 ) (128 -136 164 ) (226.461517 -136 164 ) (256 -136 176 ) 
5 442 444 (128 -136 112 ) (128 -136 0 ) (608 -136 0 ) (608 -136 164 ) (256 -136 164 ) 
4 442 443 (608 -136 0 ) (960 -136 0 ) (960 -136 176 ) (608 -136 176 ) 
4 443 471 (608 -176 0 ) (960 -176 0 ) (960 -176 112 ) (608 -176 112 ) 
4 443 465 (960 -176 112 ) (960 -176 176 ) (912 -176 176 ) (912 -176 112 ) 
4 443 467 (912 -176 176 ) (608 -176 176 ) (608 -176 112 ) (912 -176 112 ) 
4 443 444 (608 -136 164 ) (608 -136 0 ) (608 -176 0 ) (608 -176 164 ) 
4 444 468 (432 -176 164 ) (368 -176 164 ) (368 -176 112 ) (432 -176 112 ) 
4 444 448 (128 -136 0 ) (128 -144 0 ) (128 -144 112 ) (128 -136 112 ) 
4 444 449 (128 -144 0 ) (128 -176 0 ) (128 -176 112 ) (128 -144 112 ) 
4 445 447 (128 -144 176 ) (128 -136 176 ) (128 -136 164 ) (128 -144 164 ) 
4 445 449 (128 -176 164 ) (128 -176 176 ) (128 -144 176 ) (128 -144 164 ) 
4 445 446 (128 -176 164 ) (128 -136 164 ) (226.461517 -136 164 ) (226.461517 -176 164 ) 
4 446 447 (128 -144 164 ) (128 -136 164 ) (128 -136 124 ) (128 -144 124 ) 
4 446 449 (128 -176 124 ) (128 -176 164 ) (128 -144 164 ) (128 -144 124 ) 
4 447 738 (0 0 176 ) (0 0 124 ) (0 -144 124 ) (0 -144 176 ) 
4 447 449 (128 -144 124 ) (128 -144 176 ) (0 -144 176 ) (0 -144 124 ) 
4 448 741 (0 0 112 ) (0 0 0 ) (0 -144 0 ) (0 -144 112 ) 
4 448 449 (0 -144 0 ) (128 -144 0 ) (128 -144 112 ) (0 -144 112 ) 
4 449 742 (0 -144 0 ) (0 -176 0 ) (0 -176 124 ) (0 -144 124 ) 
4 449 738 (0 -176 124 ) (0 -176 176 ) (0 -144 176 ) (0 -144 124 ) 
4 449 469 (0 -176 176 ) (0 -176 112 ) (48 -176 112 ) (48 -176 176 ) 
4 450 456 (1024 -176 384 ) (1024 -176 2048 ) (992 -176 2048 ) (992 -176 384 ) 
3 450 452 (1024 -176 384 ) (1008 -176 384 ) (1024 -168.666687 384 ) 
4 450 451 (992 -176 389.142853 ) (992 -176 2048 ) (992 0 2048 ) (992 0 584 ) 
4 451 743 (0 0 844 ) (0 0 584 ) (0 -176 389.142853 ) (0 -176 844 ) 
4 451 495 (0 0 2048 ) (0 0 844 ) (0 -176 844 ) (0 -176 2048 ) 
4 451 457 (992 -176 2048 ) (0 -176 2048 ) (0 -176 389.142822 ) (992 -176 389.142853 ) 
4 452 456 (1024 -176 336 ) (1024 -176 384 ) (1008 -176 384 ) (1008 -176 336 ) 
4 453 488 (1024 -176 -8 ) (1024 -176 0 ) (1008 -176 0 ) (1008 -176 -8 ) 
4 454 491 (1024 -176 -2048 ) (1024 -176 -256 ) (448 -176 -256 ) (448 -176 -2048 ) 
4 454 455 (448 -176 -2048 ) (448 -176 -256 ) (448 0 -256 ) (448 0 -2048 ) 
4 455 744 (0 0 -494.933380 ) (0 0 -2048 ) (0 -176 -2048 ) (0 -176 -494.933350 ) 
4 455 494 (448 -176 -2048 ) (448 -176 -256 ) (0 -176 -494.933380 ) (0 -176 -2048 ) 
4 456 809 (1024 -1024 336 ) (1024 -1024 2048 ) (992 -1024 2048 ) (992 -1024 336 ) 
4 456 481 (1024 -304 336 ) (1024 -352.076019 336 ) (992 -352.076019 336 ) (992 -304 336 ) 
4 456 473 (1024 -224 336 ) (1024 -304 336 ) (992 -304 336 ) (992 -224 336 ) 
4 456 487 (1024 -352.076019 336 ) (1024 -1024 336 ) (992 -1024 336 ) (992 -352.076019 336 ) 
4 456 460 (1024 -208 336 ) (1024 -224 336 ) (992 -224 336 ) (992 -208 336 ) 
4 456 458 (1008 -176 336 ) (1024 -176 336 ) (1024 -208 336 ) (1008 -208 336 ) 
5 456 457 (992 -224 336 ) (992 -1024 336 ) (992 -1024 2048 ) (992 -176 2048 ) (992 -176 389.142944 ) 
4 457 809 (992 -1024 2048 ) (0 -1024 2048 ) (0 -1024 336 ) (992 -1024 336 ) 
4 457 750 (0 -1024 336 ) (0 -1024 844 ) (0 -224 844 ) (0 -224 336 ) 
4 457 745 (0 -224 844 ) (0 -176 844 ) (0 -176 389.142944 ) (0 -224 336 ) 
4 457 734 (0 -1024 844 ) (0 -1024 2048 ) (0 -176 2048 ) (0 -176 844 ) 
4 457 483 (608 -344 336 ) (608 -352.076019 336 ) (560 -352.076019 336 ) (560 -344 336 ) 
4 457 484 (0 -352.076019 336 ) (0 -304 336 ) (560 -304 336 ) (560 -352.076019 336 ) 
4 457 481 (960 -304 336 ) (992 -304 336 ) (992 -352.076019 336 ) (960 -352.076019 336 ) 
4 457 478 (0 -304 336 ) (0 -224 336 ) (560 -224 336 ) (560 -304 336 ) 
4 457 475 (912 -224 336 ) (960 -224 336 ) (960 -296 336 ) (912 -296 336 ) 
4 457 476 (960 -296 336 ) (960 -304 336 ) (912 -304 336 ) (912 -296 336 ) 
4 457 473 (960 -224 336 ) (992 -224 336 ) (992 -304 336 ) (960 -304 336 ) 
4 457 477 (608 -224 336 ) (912 -224 336 ) (912 -304 336 ) (608 -304 336 ) 
4 457 487 (0 -1024 336 ) (0 -352.076019 336 ) (992 -352.076019 336 ) (992 -1024 336 ) 
4 458 463 (1008 -176 252 ) (1024 -176 252 ) (1024 -208 252 ) (1008 -208 252 ) 
4 458 460 (1008 -208 252 ) (1024 -208 252 ) (1024 -208 336 ) (1008 -208 336 ) 
4 459 466 (912 -176 252 ) (960 -176 252 ) (960 -208 252 ) (912 -208 252 ) 
4 459 467 (608 -176 252 ) (912 -176 252 ) (912 -208 252 ) (608 -208 252 ) 
4 459 460 (608 -208 252 ) (960 -208 252 ) (960 -208 336 ) (608 -208 336 ) 
4 460 475 (960 -224 336 ) (912 -224 336 ) (912 -224 252 ) (960 -224 252 ) 
4 460 473 (1024 -224 252 ) (1024 -224 336 ) (960 -224 336 ) (960 -224 252 ) 
4 460 477 (912 -224 336 ) (608 -224 336 ) (608 -224 252 ) (912 -224 252 ) 
4 460 466 (960 -224 252 ) (912 -224 252 ) (912 -208 252 ) (960 -208 252 ) 
4 460 467 (912 -224 252 ) (608 -224 252 ) (608 -208 252 ) (912 -208 252 ) 
4 460 464 (1008 -224 252 ) (960 -224 252 ) (960 -208 252 ) (1008 -208 252 ) 
4 460 463 (1024 -224 252 ) (1008 -224 252 ) (1008 -208 252 ) (1024 -208 252 ) 
7 461 478 (383.333008 -224 277.666992 ) (370.832977 -224 266.666962 ) (368 -224 252 ) (432 -224 252 ) (429.166962 -224 266.667053 ) (416.667053 -224 277.666962 ) (400 -224 281.333008 ) 
4 461 468 (432 -224 252 ) (368 -224 252 ) (368 -176 252 ) (432 -176 252 ) 
4 462 746 (0 -176 277.813629 ) (0 -176 252 ) (0 -224 252 ) (0 -224 277.813629 ) 
6 462 478 (16 -224 281.333008 ) (0 -224 277.813629 ) (0 -224 252 ) (48 -224 252 ) (45.166698 -224 266.666992 ) (32.666595 -224 277.666992 ) 
4 462 469 (48 -224 252 ) (0 -224 252 ) (0 -176 252 ) (48 -176 252 ) 
4 463 473 (1024 -224 112 ) (1024 -224 252 ) (1008 -224 252 ) (1008 -224 112 ) 
4 463 470 (1008 -208 112 ) (1008 -176 112 ) (1024 -176 112 ) (1024 -208 112 ) 
4 463 472 (1024 -224 112 ) (1008 -224 112 ) (1008 -208 112 ) (1024 -208 112 ) 
4 463 464 (1008 -208 112 ) (1008 -224 112 ) (1008 -224 252 ) (1008 -208 252 ) 
4 464 473 (1008 -224 252 ) (960 -224 252 ) (960 -224 112 ) (1008 -224 112 ) 
4 464 472 (1008 -224 112 ) (960 -224 112 ) (960 -208 112 ) (1008 -208 112 ) 
4 464 466 (960 -224 204.800034 ) (960 -224 252 ) (960 -208 252 ) (960 -208 211.200012 ) 
4 464 465 (960 -208 112 ) (960 -224 112 ) (960 -224 196.799988 ) (960 -208 203.199997 ) 
4 465 474 (912 -224 196.799988 ) (912 -224 112 ) (960 -224 112 ) (960 -224 196.799988 ) 
4 465 471 (912 -208 112 ) (912 -176 112 ) (960 -176 112 ) (960 -208 112 ) 
4 465 472 (960 -224 112 ) (912 -224 112 ) (912 -208 112 ) (960 -208 112 ) 
4 465 467 (912 -176 112 ) (912 -224 112 ) (912 -224 196.799988 ) (912 -176 216 ) 
4 466 475 (960 -224 252 ) (912 -224 252 ) (912 -224 204.800034 ) (960 -224 204.800034 ) 
4 466 467 (912 -224 204.800034 ) (912 -224 252 ) (912 -176 252 ) (912 -176 224 ) 
4 467 477 (912 -224 252 ) (608 -224 252 ) (608 -224 112 ) (912 -224 112 ) 
4 467 471 (608 -208 112 ) (608 -176 112 ) (912 -176 112 ) (912 -208 112 ) 
4 467 472 (912 -224 112 ) (608 -224 112 ) (608 -208 112 ) (912 -208 112 ) 
4 468 480 (432 -224 252 ) (368 -224 252 ) (368 -224 136 ) (432 -224 136 ) 
4 469 746 (0 -176 252 ) (0 -176 112 ) (0 -224 136 ) (0 -224 252 ) 
4 469 480 (48 -224 252 ) (0 -224 252 ) (0 -224 136 ) (48 -224 136 ) 
4 470 488 (1008 -176 0 ) (1024 -176 0 ) (1024 -208 0 ) (1008 -208 0 ) 
4 470 472 (1008 -208 0 ) (1024 -208 0 ) (1024 -208 112 ) (1008 -208 112 ) 
4 471 472 (608 -208 0 ) (960 -208 0 ) (960 -208 112 ) (608 -208 112 ) 
4 472 488 (1024 -208 0 ) (1024 -224 0 ) (960 -224 0 ) (960 -208 0 ) 
4 472 490 (608 -224 0 ) (576 -224 0 ) (576 -208 0 ) (608 -208 0 ) 
4 472 479 (576 -224 0 ) (608 -224 0 ) (608 -224 112 ) (576 -224 112 ) 
4 472 474 (912 -224 0 ) (960 -224 0 ) (960 -224 112 ) (912 -224 112 ) 
4 472 473 (960 -224 0 ) (1024 -224 0 ) (1024 -224 112 ) (960 -224 112 ) 
4 472 477 (608 -224 0 ) (912 -224 0 ) (912 -224 112 ) (608 -224 112 ) 
4 473 488 (960 -224 0 ) (1024 -224 0 ) (1024 -304 0 ) (960 -304 0 ) 
4 473 481 (960 -304 0 ) (1024 -304 0 ) (1024 -304 336 ) (960 -304 336 ) 
4 473 475 (960 -224 336 ) (960 -224 204.800018 ) (960 -296 176 ) (960 -296 336 ) 
4 473 474 (960 -224 196.799973 ) (960 -224 0 ) (960 -296 0 ) (960 -296 168 ) 
4 473 476 (960 -296 0 ) (960 -304 0 ) (960 -304 336 ) (960 -296 336 ) 
4 474 476 (912 -296 168 ) (912 -296 0 ) (960 -296 0 ) (960 -296 168 ) 
4 474 477 (912 -224 196.799973 ) (912 -224 0 ) (912 -296 0 ) (912 -296 168 ) 
4 475 477 (912 -224 336 ) (912 -224 204.800018 ) (912 -296 176 ) (912 -296 336 ) 
4 475 476 (912 -296 336 ) (912 -296 176 ) (960 -296 176 ) (960 -296 336 ) 
4 476 477 (912 -296 0 ) (912 -304 0 ) (912 -304 336 ) (912 -296 336 ) 
9 477 482 (752 -304 0 ) (816 -304 0 ) (816 -304 140 ) (813.166504 -304 154.665298 ) (800.663391 -304 165.668015 ) (783.994263 -304 169.334244 ) (767.339905 -304 165.671036 ) (754.833191 -304 154.665131 ) (752 -304 140 ) 
4 477 479 (608 -224 112 ) (608 -224 0 ) (608 -304 0 ) (608 -304 112 ) 
4 478 750 (0 -304 336 ) (0 -224 336 ) (0 -224 252 ) (0 -304 252 ) 
4 478 484 (560 -304 336 ) (0 -304 336 ) (0 -304 252 ) (560 -304 252 ) 
4 478 480 (0 -224 252 ) (560 -224 252 ) (560 -304 252 ) (0 -304 252 ) 
4 479 490 (560 -224 0 ) (608 -224 0 ) (608 -304 0 ) (560 -304 0 ) 
4 479 485 (560 -304 0 ) (608 -304 0 ) (608 -304 112 ) (560 -304 112 ) 
4 479 480 (560 -304 0 ) (560 -304 112 ) (560 -224 112 ) (560 -224 0 ) 
4 480 750 (0 -224 252 ) (0 -224 0 ) (0 -304 0 ) (0 -304 252 ) 
4 480 490 (0 -304 0 ) (0 -224 0 ) (560 -224 0 ) (560 -304 0 ) 
4 480 486 (0 -304 0 ) (560 -304 0 ) (560 -304 252 ) (0 -304 252 ) 
4 481 488 (960 -304 0 ) (1024 -304 0 ) (1024 -352.076019 0 ) (960 -352.076019 0 ) 
4 481 487 (960 -352.076019 0 ) (1024 -352.076019 0 ) (1024 -352.076019 336 ) (960 -352.076019 336 ) 
4 482 489 (816 -320 0 ) (816 -352.076019 0 ) (752 -352.076019 0 ) (752 -320 0 ) 
9 482 487 (752 -352.076019 0 ) (816 -352.076019 0 ) (816 -352.076019 140 ) (813.165588 -352.076019 154.670013 ) (800.670898 -352.076019 165.665390 ) (783.991577 -352.076019 169.333862 ) (767.340271 -352.076019 165.671341 ) (754.833252 -352.076019 154.665146 ) (752 -352.076019 140 ) 
4 483 484 (560 -344 252 ) (560 -352.076019 252 ) (560 -352.076019 336 ) (560 -344 336 ) 
4 483 487 (608 -352.076019 252 ) (608 -352.076019 336 ) (560 -352.076019 336 ) (560 -352.076019 252 ) 
4 484 750 (0 -352.076019 336 ) (0 -304 336 ) (0 -304 252 ) (0 -352.076019 252 ) 
4 484 486 (0 -304 252 ) (560 -304 252 ) (560 -352.076019 252 ) (0 -352.076019 252 ) 
4 484 487 (560 -352.076019 336 ) (0 -352.076019 336 ) (0 -352.076019 252 ) (560 -352.076019 252 ) 
4 485 490 (560 -304 0 ) (608 -304 0 ) (608 -352.076019 0 ) (560 -352.076019 0 ) 
4 485 486 (560 -352.076019 0 ) (560 -352.076019 112 ) (560 -304 112 ) (560 -304 0 ) 
4 485 487 (560 -352.076019 0 ) (608 -352.076019 0 ) (608 -352.076019 112 ) (560 -352.076019 112 ) 
4 486 750 (0 -304 252 ) (0 -304 0 ) (0 -352.076019 0 ) (0 -352.076019 252 ) 
4 486 490 (0 -352.076019 0 ) (0 -304 0 ) (560 -304 0 ) (560 -352.076019 0 ) 
4 486 487 (0 -352.076019 0 ) (560 -352.076019 0 ) (560 -352.076019 252 ) (0 -352.076019 252 ) 
4 487 809 (1024 -1024 0 ) (1024 -1024 336 ) (0 -1024 336 ) (0 -1024 0 ) 
4 487 750 (0 -1024 0 ) (0 -1024 336 ) (0 -352.076019 336 ) (0 -352.076019 0 ) 
4 487 489 (960 -1024 0 ) (608 -1024 0 ) (608 -352.076019 0 ) (960 -352.076019 0 ) 
4 487 488 (1024 -1024 0 ) (960 -1024 0 ) (960 -352.076019 0 ) (1024 -352.076019 0 ) 
4 487 490 (608 -1024 0 ) (0 -1024 0 ) (0 -352.076019 0 ) (608 -352.076019 0 ) 
4 488 809 (1024 -1024 -8 ) (1024 -1024 0 ) (960 -1024 0 ) (960 -1024 -8 ) 
4 488 492 (1024 -448 -8 ) (1024 -1024 -8 ) (960 -1024 -8 ) (960 -448 -8 ) 
4 488 489 (960 -320 -8 ) (960 -1024 -8 ) (960 -1024 0 ) (960 -320 0 ) 
4 489 809 (960 -1024 0 ) (608 -1024 0 ) (608 -1024 -8 ) (960 -1024 -8 ) 
4 489 492 (960 -448 -8 ) (960 -1024 -8 ) (608 -1024 -8 ) (608 -448 -8 ) 
4 489 490 (608 -320 -8 ) (608 -1024 -8 ) (608 -1024 0 ) (608 -320 0 ) 
4 490 809 (608 -1024 0 ) (0 -1024 0 ) (0 -1024 -8 ) (608 -1024 -8 ) 
4 490 750 (0 -1024 -8 ) (0 -1024 0 ) (0 -224 0 ) (0 -224 -8 ) 
4 490 747 (0 -224 0 ) (0 -176 0 ) (0 -176 -8 ) (0 -224 -8 ) 
4 490 493 (0 -1024 -8 ) (0 -379.733276 -8 ) (448 -320 -8 ) (448 -1024 -8 ) 
4 490 492 (608 -448 -8 ) (608 -1024 -8 ) (448 -1024 -8 ) (448 -448 -8 ) 
4 491 494 (448 -176 -256 ) (448 -176 -2048 ) (448 -320 -2048 ) (448 -320 -256 ) 
4 491 493 (448 -320 -2048 ) (448 -448 -2048 ) (448 -448 -256 ) (448 -320 -256 ) 
4 491 492 (448 -448 -256 ) (448 -448 -2048 ) (1024 -448 -2048 ) (1024 -448 -256 ) 
4 492 809 (1024 -1024 -2048 ) (1024 -1024 -8 ) (448 -1024 -8 ) (448 -1024 -2048 ) 
4 492 493 (448 -1024 -2048 ) (448 -1024 -8 ) (448 -448 -8 ) (448 -448 -2048 ) 
4 493 809 (448 -1024 -2048 ) (448 -1024 -8 ) (0 -1024 -8 ) (0 -1024 -2048 ) 
4 493 751 (0 -1024 -2048 ) (0 -1024 -8 ) (0 -379.733276 -8 ) (0 -379.733337 -2048 ) 
4 493 494 (448 -320 -256 ) (448 -320 -2048 ) (0 -379.733337 -2048 ) (0 -379.733337 -494.933350 ) 
4 494 752 (0 -224 -2048 ) (0 -379.733337 -2048 ) (0 -379.733276 -494.933350 ) (0 -224 -494.933380 ) 
4 494 749 (0 -176 -494.933380 ) (0 -176 -2048 ) (0 -224 -2048 ) (0 -224 -494.933380 ) 
4 495 743 (-160 0 844 ) (0 0 844 ) (0 -176 844 ) (-160 -176 844 ) 
4 495 734 (-160 -176 844 ) (0 -176 844 ) (0 -176 2048 ) (-160 -176 2048 ) 
4 495 723 (-160 -176 1103.380005 ) (-160 -176 1103.384766 ) (-160 -80 1269.541260 ) (-160 -80 1103.380005 ) 
4 495 722 (-160 -176 1103.384766 ) (-160 -176 2048 ) (-160 -80 2048 ) (-160 -80 1269.541260 ) 
4 495 499 (-160 0 2048 ) (-160 0 1103.380127 ) (-160 -80 1103.380005 ) (-160 -80 2048 ) 
4 495 498 (-160 -8 844 ) (-160 -80 844 ) (-160 -80 972 ) (-160 -8 972 ) 
7 495 497 (-160 -8.800003 972 ) (-160 -79.200005 972 ) (-160 -76.083473 986.669189 ) (-160 -62.331654 997.670044 ) (-160 -44.006302 1001.331299 ) (-160 -25.685539 997.671082 ) (-160 -11.913157 986.653198 ) 
4 496 538 (-176 0 1039.692627 ) (-176 0 1016 ) (-176 -48.474243 1016 ) (-176 -73.635696 1039.692627 ) 
4 496 504 (-176 -48.474243 1016 ) (-176 -80 1016 ) (-176 -80 1039.692627 ) (-176 -73.635696 1039.692627 ) 
3 497 632 (-176 -11.742792 985.851318 ) (-176 -10.563963 980.302734 ) (-176 -18.030716 987.333618 ) 
5 497 539 (-176 -29.904167 998.513916 ) (-176 -25.684486 997.670898 ) (-176 -11.913307 986.653931 ) (-176 -11.742792 985.851318 ) (-176 -18.030716 987.333618 ) 
7 497 504 (-176 -8.800003 972 ) (-176 -79.200005 972 ) (-176 -76.084358 986.664978 ) (-176 -62.326046 997.671082 ) (-176 -44.005985 1001.331299 ) (-176 -29.904167 998.513916 ) (-176 -10.563963 980.302734 ) 
4 497 498 (-176 -79.200005 972 ) (-176 -8.800003 972 ) (-160 -8.800003 972 ) (-160 -79.200005 972 ) 
4 498 504 (-176 -8 844 ) (-176 -80 844 ) (-176 -80 972 ) (-176 -8 972 ) 
4 499 723 (-160 -80 1103.380005 ) (-160 -80 1269.541138 ) (-176 -80 1269.541138 ) (-176 -80 1131.072754 ) 
4 499 722 (-160 -80 1269.541138 ) (-160 -80 2048 ) (-176 -80 2048 ) (-176 -80 1269.541138 ) 
4 499 502 (-176 0 1408.004761 ) (-176 0 1131.072754 ) (-176 -80 1131.072754 ) (-176 -80 1269.541138 ) 
4 499 500 (-176 0 2048 ) (-176 0 1408.004761 ) (-176 -80 1269.541138 ) (-176 -80 2048 ) 
4 500 722 (-176 -80 1269.541138 ) (-176 -80 2048 ) (-496 -80 2048 ) (-496 -80 1269.541260 ) 
4 500 721 (-496 -80 1269.541138 ) (-496 -80 2048 ) (-496 0 2048 ) (-496 0 1408.004761 ) 
5 500 502 (-336 0 1408.004395 ) (-176 0 1408.002930 ) (-176 -80 1269.539307 ) (-256.002197 -80 1269.540161 ) (-336.001251 -0.001251 1408.002197 ) 
4 500 501 (-496 -80 1269.542969 ) (-496 0 1408.005981 ) (-336 0 1408.004395 ) (-416 -80 1269.541992 ) 
3 501 725 (-416 -80 1269.541260 ) (-496 -80 1269.541260 ) (-496 -80 1131.077637 ) 
4 501 721 (-496 -80 1131.077515 ) (-496 -80 1269.541138 ) (-496 0 1408.004761 ) (-496 0 1131.077515 ) 
3 502 723 (-176 -80 1131.072754 ) (-176 -80 1269.541138 ) (-256.002747 -80 1269.541138 ) 
3 503 726 (-464 -80 844 ) (-275.957397 -80 844 ) (-464 -80 1021.306152 ) 
4 503 720 (-496 -8 844 ) (-496 -80 844 ) (-496 -80 972 ) (-496 -8 972 ) 
7 503 719 (-496 -44 1001.330078 ) (-496 -25.665001 997.666992 ) (-496 -11.916317 986.668091 ) (-496 -8.800003 972 ) (-496 -79.200005 972 ) (-496 -76.083511 986.669006 ) (-496 -62.335487 997.666870 ) 
4 503 718 (-496 -80 1016 ) (-496 -80 1039.692627 ) (-496 -67.499855 1039.692627 ) (-496 -42.372581 1016 ) 
4 503 715 (-496 -21.380228 996.209473 ) (-496 -28.362839 1002.793396 ) (-444.363892 -80 1002.792969 ) (-437.381348 -80 996.209045 ) 
4 503 714 (-496 -28.362839 1002.793396 ) (-496 -67.507813 1039.703125 ) (-491.594604 -80 1047.327515 ) (-444.363892 -80 1002.792969 ) 
4 503 712 (-412.818787 -41.405506 936.658081 ) (-415.319855 0 899.975342 ) (-418.394897 0 902.874878 ) (-416.091492 -38.132725 936.658081 ) 
4 503 711 (-412.727539 -42.915920 937.996216 ) (-412.818787 -41.405506 936.658081 ) (-416.091492 -38.132725 936.658081 ) (-416 -39.643200 937.996277 ) 
3 503 708 (-429.993591 -24.230295 936.658081 ) (-416.091492 -38.132725 936.658081 ) (-417.250000 -18.953636 919.666626 ) 
5 503 707 (-418.394897 0 902.874878 ) (-444.724121 0 927.701111 ) (-438.006439 -16.217253 936.658081 ) (-429.993591 -24.230295 936.658081 ) (-417.250000 -18.953636 919.666626 ) 
3 503 706 (-444.724121 0 927.701111 ) (-454.223297 0 936.658081 ) (-438.006439 -16.217253 936.658081 ) 
4 503 705 (-434.002899 -25.882257 941.996155 ) (-433.997101 -25.888056 941.996155 ) (-430.997406 -24.645918 937.996521 ) (-437.002594 -18.640665 937.996582 ) 
4 503 704 (-432.006439 -22.217392 936.658081 ) (-438.006439 -16.217253 936.658081 ) (-437.002594 -18.640665 937.996582 ) (-431.002625 -24.640692 937.996521 ) 
4 503 703 (-416 -39.643200 937.996277 ) (-416.091492 -38.132725 936.658081 ) (-432.006439 -22.217392 936.658081 ) (-431.002625 -24.640692 937.996521 ) 
4 503 702 (-454.223297 0 936.658081 ) (-459.884705 0 941.996338 ) (-434.002899 -25.882257 941.996155 ) (-438.006439 -16.217253 936.658081 ) 
6 503 697 (-496 0 976.050049 ) (-496 -21.380228 996.209473 ) (-437.381348 -80 996.209045 ) (-410.487488 -80 970.850403 ) (-412.454834 -47.430691 941.996033 ) (-459.884705 0 941.996338 ) 
3 503 684 (-408.721100 -45.503319 936.658081 ) (-404.230377 -49.994144 936.658081 ) (-402.990662 -47 932.666260 ) 
5 503 681 (-397.703461 -34.231602 915.641418 ) (-414.251648 -17.684050 915.642334 ) (-412.818787 -41.405533 936.658081 ) (-408.721100 -45.503319 936.658081 ) (-402.990662 -47 932.666260 ) 
4 503 680 (-374.225220 -80 936.658142 ) (-351.933350 -80 915.638794 ) (-397.703461 -34.231602 915.641418 ) (-404.230377 -49.994144 936.658081 ) 
4 503 679 (-405.888092 -53.997520 941.995911 ) (-405.882446 -54.003166 941.995911 ) (-398.640594 -57.003048 937.996033 ) (-404.645996 -50.997578 937.996094 ) 
4 503 678 (-396.218201 -58.006508 936.658081 ) (-402.217987 -52.006569 936.658081 ) (-404.640533 -51.003048 937.996094 ) (-398.640594 -57.003048 937.996033 ) 
4 503 677 (-402.217987 -52.006569 936.658081 ) (-412.818787 -41.405533 936.658081 ) (-412.727539 -42.915947 937.996216 ) (-404.640533 -51.003048 937.996094 ) 
4 503 676 (-379.886017 -80 941.995789 ) (-374.225220 -80 936.658142 ) (-396.218201 -58.006508 936.658081 ) (-405.882446 -54.003166 941.995911 ) 
3 503 673 (-410.487488 -80 970.850403 ) (-379.886017 -80 941.995789 ) (-412.454834 -47.430656 941.995972 ) 
5 503 556 (-386.051880 0 872.378052 ) (-415.319855 0 899.975342 ) (-414.251648 -17.684050 915.642334 ) (-394.410400 -37.524567 915.641235 ) (-386.026184 -38.031025 908.213135 ) 
3 503 554 (-394.410400 -37.524567 915.641235 ) (-386.020874 -45.913757 915.640747 ) (-386.026184 -38.031025 908.213135 ) 
6 503 552 (-351.933350 -80 915.638794 ) (-333.034271 -80 897.818604 ) (-333.072815 -22.883507 844 ) (-355.955872 0 844 ) (-386.051880 0 872.378052 ) (-386.020874 -45.913757 915.640747 ) 
3 503 504 (-333.034271 -80 897.818604 ) (-275.957428 -80 844 ) (-333.072815 -22.883507 844 ) 
4 504 775 (-256 0 844 ) (-208 0 844 ) (-208 -80 844 ) (-256 -80 844 ) 
4 504 726 (-275.957397 -80 844 ) (-208 -80 844 ) (-208 -80 1015.553589 ) (-333.034607 -80 897.818298 ) 
3 504 670 (-259.150482 0 892.057983 ) (-277.549652 0 874.732971 ) (-290.543793 -31.393444 892.058472 ) 
4 504 663 (-277.549652 0 874.732971 ) (-286.927155 0 865.902893 ) (-306.544006 -47.393745 892.058716 ) (-290.543793 -31.393444 892.058472 ) 
3 504 662 (-266.543518 -7.393066 892.058105 ) (-280.035706 -20.885311 892.058289 ) (-280.022827 -39.958672 910.030457 ) 
4 504 660 (-244.233749 -80 981.434143 ) (-239.140869 -80 986.229675 ) (-243.899521 -76.032433 978.012878 ) (-252.398666 -73.197708 967.340698 ) 
3 504 655 (-243.899521 -76.032433 978.012878 ) (-254.690063 -67.035706 959.380737 ) (-252.082825 -73.303055 967.737305 ) 
5 504 654 (-254.690063 -67.035706 959.380737 ) (-280.018799 -45.917606 915.645386 ) (-280.015900 -50.189453 919.670593 ) (-252.398666 -73.197708 967.340698 ) (-252.082825 -73.303055 967.737305 ) 
3 504 648 (-263.024750 -47 932.666687 ) (-261.778473 -49.996017 936.661194 ) (-257.284607 -45.502193 936.661194 ) 
5 504 646 (-251.725769 -17.681789 915.698975 ) (-268.318481 -34.274502 915.699158 ) (-263.024750 -47 932.666687 ) (-257.284607 -45.502193 936.661194 ) (-236.004211 -24.221922 936.661072 ) 
4 504 643 (-268.318481 -34.274502 915.699158 ) (-279.987610 -45.943615 915.699280 ) (-267.847809 -56.065300 936.661194 ) (-261.778473 -49.996017 936.661194 ) 
4 504 642 (-211.782120 0 936.660950 ) (-234.043961 0 915.698792 ) (-251.725769 -17.681789 915.698975 ) (-236.004211 -24.221922 936.661072 ) 
3 504 641 (-232 -25.886986 942 ) (-229.001572 -18.643555 938.002075 ) (-234.998383 -24.640364 938.002136 ) 
4 504 640 (-267.070984 -56.712967 938.002502 ) (-266.937164 -56.824551 938.233582 ) (-260.113129 -54 942 ) (-261.360016 -51.001999 938.002441 ) 
4 504 639 (-263.786285 -52.003815 936.661194 ) (-267.847809 -56.065300 936.661194 ) (-267.070984 -56.712967 938.002502 ) (-261.355927 -50.997917 938.002441 ) 
4 504 638 (-227.995758 -16.213528 936.661011 ) (-233.995773 -22.213499 936.661072 ) (-235.001617 -24.643597 938.002136 ) (-229.001572 -18.643555 938.002075 ) 
4 504 637 (-233.995773 -22.213499 936.661072 ) (-263.786285 -52.003815 936.661194 ) (-261.355927 -50.997917 938.002441 ) (-235.001617 -24.643597 938.002136 ) 
3 504 636 (-266.937164 -56.824551 938.233582 ) (-264.756134 -58.643002 942 ) (-260.113129 -54 942 ) 
4 504 635 (-206.112442 0 942 ) (-211.782120 0 936.660950 ) (-227.995758 -16.213528 936.661011 ) (-232 -25.886986 942 ) 
7 504 632 (-239.140869 -80 986.229675 ) (-213.153473 -80 1010.699829 ) (-176 -18.032475 987.333984 ) (-176 0 970.354126 ) (-206.112442 0 942 ) (-242.499863 -36.386990 942 ) (-251.247131 -69.906273 965.325684 ) 
3 504 628 (-242.499863 -36.386990 942 ) (-264.756134 -58.643002 942 ) (-251.247131 -69.906273 965.325684 ) 
6 504 623 (-247.608597 0 902.926025 ) (-259.150482 0 892.057983 ) (-266.543518 -7.393066 892.058105 ) (-279.204468 -37.981510 908.939270 ) (-271.564606 -37.520607 915.699219 ) (-248.479477 -14.435507 915.698975 ) 
5 504 621 (-279.204468 -37.981510 908.939270 ) (-280.022827 -39.958672 910.030457 ) (-280.018799 -45.917606 915.645386 ) (-279.987610 -45.943615 915.699280 ) (-271.564606 -37.520607 915.699219 ) 
3 504 618 (-234.043961 0 915.698792 ) (-247.608597 0 902.926025 ) (-248.479477 -14.435507 915.698975 ) 
3 504 604 (-270.354065 -58.238853 936.347900 ) (-280.015900 -50.189453 919.670593 ) (-280.007751 -62.234592 931.020264 ) 
5 504 603 (-251.539764 -73.913277 968.823242 ) (-270.354065 -58.238853 936.347900 ) (-280.007751 -62.234592 931.020264 ) (-280.003723 -68.218674 936.658875 ) (-262.996246 -73.901619 958.024658 ) 
3 504 599 (-280.003723 -68.218674 936.658875 ) (-280 -73.884315 941.997437 ) (-262.996246 -73.901619 958.024658 ) 
4 504 598 (-244.745697 -80 980.952087 ) (-244.233749 -80 981.434143 ) (-251.539764 -73.913277 968.823242 ) (-262.996246 -73.901619 958.024658 ) 
3 504 592 (-252.151199 -80 973.978943 ) (-244.745697 -80 980.952087 ) (-250.296402 -78.145241 973.978943 ) 
5 504 588 (-279.995728 -80 947.760071 ) (-252.151199 -80 973.978943 ) (-250.296402 -78.145241 973.978943 ) (-262.996246 -73.901619 958.024658 ) (-280 -73.884315 941.997437 ) 
4 504 586 (-320.040161 -80 910.053589 ) (-279.995728 -80 947.760071 ) (-280.035706 -20.885311 892.058289 ) (-306.544006 -47.393745 892.058716 ) 
5 504 552 (-333.074860 -22.886719 844 ) (-333.036072 -80 897.816406 ) (-320.040161 -80 910.053589 ) (-286.927155 0 865.902893 ) (-310.188019 0 844 ) 
3 504 539 (-176 -34.436951 1002.780823 ) (-176 -18.032475 987.333984 ) (-200.561630 -58.998314 1002.780823 ) 
5 504 538 (-213.153473 -80 1010.699829 ) (-178.242661 -80 1043.572388 ) (-176 -73.635132 1039.690796 ) (-176 -34.436951 1002.780823 ) (-200.561630 -58.998314 1002.780823 ) 
4 505 548 (-300.651337 -14.550895 1027.115234 ) (-299.936798 -14.256330 1037.595093 ) (-299.936798 0 1037.594971 ) (-300.413605 0 1030.601807 ) 
4 505 542 (-299.937683 -14.256506 1037.595337 ) (-300.652344 -14.551117 1027.114868 ) (-280.007019 -35.197071 1027.114746 ) (-280.007507 -34.918465 1030.002930 ) 
3 505 534 (-276.661957 -31.697716 1028.728394 ) (-280.005890 -34.918541 1030.002319 ) (-280.005402 -35.197041 1027.115112 ) 
3 505 531 (-287.699097 -2.832886 1032.931641 ) (-288.782135 0 1033.344116 ) (-294.576904 0 1035.551636 ) 
5 505 528 (-299.937500 0 1037.593750 ) (-299.937500 -14.257813 1037.593750 ) (-285.602722 -8.316345 1032.133057 ) (-287.699097 -2.832886 1032.931641 ) (-294.576904 0 1035.551636 ) 
3 505 515 (-279.998901 -22.974117 1029.998413 ) (-285.602722 -8.316345 1032.133057 ) (-296.477417 -12.823685 1036.275635 ) 
5 505 514 (-299.937500 -14.257813 1037.593750 ) (-280.007813 -34.917969 1030.001953 ) (-276.663940 -31.697239 1028.728027 ) (-279.998901 -22.974117 1029.998413 ) (-296.477417 -12.823685 1036.275635 ) 
4 505 513 (-286.484924 -6.001219 1032.471313 ) (-285.598633 -8.319568 1032.133667 ) (-300.651184 -14.550968 1027.115723 ) (-300.511688 -6.001319 1029.164185 ) 
4 505 511 (-283.362885 -14.167742 1031.281982 ) (-276.662109 -31.695313 1028.729492 ) (-280.006805 -35.195961 1027.115601 ) (-288.516846 -26.685654 1027.115601 ) 
4 505 506 (-288.779175 0 1033.345215 ) (-286.484924 -6.001219 1032.471313 ) (-300.511688 -6.001319 1029.164185 ) (-300.413757 0 1030.602173 ) 
3 506 551 (-300.511658 -6 1029.163940 ) (-300.413605 0 1030.601807 ) (-300.609680 0 1027.726074 ) 
5 506 531 (-286.003937 0 1032.285767 ) (-288.782135 0 1033.344116 ) (-287.699097 -2.832885 1032.931641 ) (-285.606812 -3.694675 1032.134521 ) (-284.694855 -1.309008 1031.787109 ) 
3 506 528 (-287.699097 -2.832885 1032.931641 ) (-286.488159 -6 1032.470337 ) (-285.606812 -3.694675 1032.134521 ) 
5 506 513 (-286.484375 -5.997005 1032.470703 ) (-300.511597 -5.997244 1029.163574 ) (-300.609589 0 1027.726563 ) (-294.576996 0 1029.148804 ) (-285.604584 -3.695590 1032.135498 ) 
3 507 620 (-274.347900 -30.849644 1013.540039 ) (-280.004547 -36.254333 1016.147522 ) (-285.586853 -30.671865 1016.147461 ) 
4 507 544 (-285.588287 -30.672049 1016.144775 ) (-280.005219 -36.255264 1016.144836 ) (-280.006165 -35.690498 1022 ) (-285.423645 -30.272852 1022 ) 
5 507 533 (-274.586975 -30.272648 1022.002563 ) (-280 -35.685593 1022.002563 ) (-280.004547 -35.690445 1022 ) (-280.003540 -36.255123 1016.145996 ) (-274.346191 -30.849728 1013.538757 ) 
3 507 512 (-285.415680 -30.272705 1022.001831 ) (-280 -35.687500 1022.001953 ) (-280 -30.171312 1023.488953 ) 
3 507 510 (-280 -30.171295 1023.489197 ) (-280 -35.683704 1022.003296 ) (-274.588226 -30.272593 1022.003479 ) 
4 508 625 (-265.849121 0 1004.264282 ) (-257.659119 0 1002.333679 ) (-257.906433 -15.140512 1005.961121 ) (-268.278351 -25.050447 1010.742249 ) 
5 508 624 (-267.630493 -18.369631 1009.014587 ) (-268.278351 -25.050447 1010.742249 ) (-271.031677 -27.681145 1012.011414 ) (-271.075867 -27.680447 1012.021667 ) (-275.160156 -17.758091 1010.645386 ) 
4 508 623 (-282.469788 0 1008.182251 ) (-265.849121 0 1004.264282 ) (-267.630493 -18.369631 1009.014587 ) (-275.160156 -17.758091 1010.645386 ) 
5 508 509 (-271.073608 -27.682129 1012.019531 ) (-271.353882 -27.001465 1022.003906 ) (-280.001373 -5.993298 1029.997559 ) (-282.468384 0 1027.714355 ) (-282.468292 0 1008.180176 ) 
4 509 653 (-295.986816 0 1011.368530 ) (-291.852264 0 1010.393921 ) (-289.694733 -26.563887 1016.147400 ) (-294.194794 -22.063713 1016.147339 ) 
5 509 624 (-275.160156 -17.758091 1010.645386 ) (-271.075867 -27.680447 1012.021667 ) (-288.859497 -27.399137 1016.147400 ) (-289.694733 -26.563887 1016.147400 ) (-290.511200 -16.511318 1013.970093 ) 
4 509 623 (-291.852264 0 1010.393921 ) (-282.469788 0 1008.182251 ) (-275.160156 -17.758091 1010.645386 ) (-290.511200 -16.511318 1013.970093 ) 
4 509 616 (-301.634125 0 1012.699768 ) (-295.986816 0 1011.368530 ) (-294.194794 -22.063713 1016.147339 ) (-301.399078 -14.859222 1016.147217 ) 
3 510 537 (-274.670868 -30.071533 1024.952271 ) (-280 -35.685593 1022.002563 ) (-274.586975 -30.272648 1022.002563 ) 
3 510 512 (-280 -35.687500 1022.001953 ) (-274.668640 -30.071453 1024.953491 ) (-280 -30.171312 1023.488953 ) 
4 511 547 (-285.279846 -29.924093 1027.114746 ) (-288.517242 -26.686584 1027.114746 ) (-288.517517 -26.687311 1027.104248 ) (-285.311157 -30 1026 ) 
4 511 546 (-280.006531 -35.480835 1024.173096 ) (-280.007019 -35.197071 1027.114746 ) (-285.279846 -29.924093 1027.114746 ) (-285.311157 -30 1026 ) 
5 511 536 (-271.969299 -27.177814 1026.940796 ) (-272.436279 -27.627607 1027.118652 ) (-279.997894 -35.189186 1027.118774 ) (-280.005402 -35.197041 1027.115112 ) (-280.004913 -35.480831 1024.173096 ) 
3 511 534 (-272.436279 -27.627607 1027.118652 ) (-276.661957 -31.697716 1028.728394 ) (-279.997894 -35.189186 1027.118774 ) 
5 511 516 (-272.441345 -27.630146 1027.119263 ) (-271.972168 -27.178246 1026.940552 ) (-283.360870 -14.162860 1031.279053 ) (-283.364319 -14.171254 1031.280396 ) (-279.998901 -22.974052 1029.998413 ) 
3 511 514 (-276.663940 -31.697239 1028.728027 ) (-272.441345 -27.630146 1027.119263 ) (-279.998901 -22.974052 1029.998413 ) 
3 511 512 (-274.702301 -30 1026 ) (-280.005829 -35.480255 1024.173462 ) (-285.309937 -30 1026 ) 
4 512 546 (-285.423645 -30.272850 1022 ) (-280.006165 -35.690498 1022 ) (-280.006531 -35.480835 1024.173096 ) (-285.311157 -30 1026 ) 
4 512 537 (-274.700684 -30 1026 ) (-280.004913 -35.480831 1024.173096 ) (-280.004547 -35.690445 1022 ) (-274.670898 -30.071535 1024.952271 ) 
4 513 551 (-300.651337 -14.550895 1027.115234 ) (-300.511658 -6 1029.163940 ) (-300.609680 0 1027.726074 ) (-300.651276 0 1027.116211 ) 
4 513 528 (-285.601959 -3.696678 1032.132690 ) (-285.606812 -3.694675 1032.134521 ) (-286.488159 -6 1032.470337 ) (-285.601807 -8.318703 1032.132690 ) 
3 514 542 (-299.934662 -14.259624 1037.594238 ) (-280.007507 -34.918465 1030.002930 ) (-280.008759 -34.186188 1037.594238 ) 
4 514 534 (-260.056122 -15.247477 1027.118774 ) (-280.007172 -34.186260 1037.593872 ) (-280.005890 -34.918541 1030.002319 ) (-272.436462 -27.627794 1027.118774 ) 
4 514 528 (-296.466675 -12.824174 1036.273071 ) (-299.932922 -14.260324 1037.593506 ) (-288.259003 -25.933168 1037.593628 ) (-283.195099 -13.707661 1032.936279 ) 
5 514 521 (-288.259003 -25.933168 1037.593628 ) (-280.007813 -34.183594 1037.593750 ) (-271.623413 -26.223480 1033.191040 ) (-276.626923 -14.144903 1031.284912 ) (-283.195099 -13.707661 1032.936279 ) 
3 514 518 (-271.623413 -26.223480 1033.191040 ) (-260.062500 -15.247595 1027.120239 ) (-276.626923 -14.144903 1031.284912 ) 
5 514 516 (-272.441406 -27.628906 1027.119141 ) (-280 -22.972107 1029.998779 ) (-279.998596 -13.922968 1032.132446 ) (-276.624695 -14.147598 1031.284180 ) (-271.454834 -26.642509 1027.119263 ) 
3 514 515 (-280 -22.972107 1029.998779 ) (-296.464844 -12.826660 1036.272461 ) (-279.998596 -13.922968 1032.132446 ) 
3 515 529 (-285.598541 -8.321239 1032.132813 ) (-283.193939 -13.705190 1032.935303 ) (-282.321198 -11.598576 1032.132813 ) 
4 515 528 (-285.598541 -8.321239 1032.132813 ) (-296.466675 -12.824174 1036.273071 ) (-283.194977 -13.707668 1032.936279 ) (-283.193939 -13.705190 1032.935303 ) 
3 515 522 (-283.194977 -13.707668 1032.936279 ) (-280 -13.920401 1032.132813 ) (-282.321198 -11.598576 1032.132813 ) 
4 515 516 (-282.310181 -11.611049 1032.131836 ) (-280.002808 -13.917969 1032.131836 ) (-280.002136 -22.957247 1030 ) (-283.362244 -14.166292 1031.281372 ) 
3 516 536 (-271.452393 -26.643717 1027.118774 ) (-272.436462 -27.627794 1027.118774 ) (-271.969208 -27.177736 1026.940796 ) 
4 516 522 (-282.309784 -11.609994 1032.132813 ) (-280 -13.920401 1032.132813 ) (-276.627441 -14.144869 1031.285034 ) (-282.308197 -11.606119 1032.131348 ) 
3 517 540 (-259.390503 0 1027.727295 ) (-259.586517 0 1030.602417 ) (-259.488525 -6 1029.164795 ) 
5 517 538 (-259.586517 0 1030.602417 ) (-260.063293 0 1037.594849 ) (-260.063293 -14.240625 1037.594849 ) (-259.626099 -14.423035 1031.182617 ) (-259.488525 -6 1029.164795 ) 
3 517 534 (-259.622925 -14.421707 1031.181641 ) (-260.060272 -14.239238 1037.595947 ) (-267.439697 -21.890289 1034.784790 ) 
6 517 527 (-260.075897 -14.253852 1037.588379 ) (-260.063202 -14.240685 1037.593262 ) (-260.063202 0 1037.593262 ) (-265.423492 0 1035.551270 ) (-274.393127 -3.692098 1032.134155 ) (-272.292084 -9.188802 1032.934570 ) 
4 517 526 (-265.423492 0 1035.551270 ) (-273.995270 0 1032.285767 ) (-275.304108 -1.308841 1031.787109 ) (-274.393127 -3.692098 1032.134155 ) 
4 517 523 (-265.803253 -20.192039 1035.406616 ) (-260.075897 -14.253852 1037.588379 ) (-272.292084 -9.188802 1032.934570 ) (-269.498840 -16.496397 1033.998657 ) 
3 517 521 (-267.438263 -21.887239 1034.783691 ) (-265.803253 -20.192039 1035.406616 ) (-269.498840 -16.496397 1033.998657 ) 
6 517 520 (-273.513031 -6 1032.470947 ) (-274.397461 -3.685610 1032.134033 ) (-265.450043 0 1029.156128 ) (-259.390533 0 1027.727661 ) (-259.392059 -0.094242 1027.750244 ) (-263.030243 -6 1030 ) 
3 517 519 (-259.392059 -0.094242 1027.750244 ) (-259.488525 -6 1029.165039 ) (-263.030243 -6 1030 ) 
4 517 518 (-267.439575 -21.888504 1034.784668 ) (-273.513031 -6 1032.470947 ) (-259.488525 -6 1029.165039 ) (-259.626129 -14.423073 1031.182983 ) 
3 518 538 (-259.488525 -6 1029.164795 ) (-259.626099 -14.423035 1031.182617 ) (-259.349030 -14.538629 1027.119263 ) 
5 518 534 (-259.345917 -14.537284 1027.118774 ) (-259.622925 -14.421707 1031.181641 ) (-267.439697 -21.890289 1034.784790 ) (-271.622223 -26.226749 1033.191406 ) (-260.056122 -15.247478 1027.118774 ) 
3 518 527 (-272.291840 -9.189436 1032.934692 ) (-273.510864 -6 1032.470337 ) (-274.396454 -8.316820 1032.132935 ) 
4 518 523 (-269.498810 -16.496464 1033.998779 ) (-272.291840 -9.189436 1032.934692 ) (-274.396454 -8.316820 1032.132935 ) (-275.304108 -10.691205 1031.787231 ) 
5 518 521 (-276.621368 -14.137012 1031.285400 ) (-271.616913 -26.219713 1033.191895 ) (-267.438263 -21.887239 1034.783691 ) (-269.498810 -16.496464 1033.998779 ) (-275.304108 -10.691205 1031.787231 ) 
4 518 520 (-274.395203 -8.307895 1032.134033 ) (-273.511719 -5.996835 1032.470703 ) (-263.025848 -5.996904 1029.998901 ) (-271.832886 -9.362988 1031.281128 ) 
5 518 519 (-271.851898 -9.370253 1031.283936 ) (-263.025848 -5.996904 1029.998901 ) (-259.488525 -5.996928 1029.165039 ) (-259.348999 -14.534399 1027.118164 ) (-259.354401 -14.539802 1027.118164 ) 
5 519 540 (-259.348846 0 1027.116333 ) (-259.390503 0 1027.727295 ) (-259.488525 -6 1029.164795 ) (-259.349030 -14.538629 1027.119263 ) (-259.348816 -14.538713 1027.116333 ) 
4 519 520 (-271.845154 -9.367407 1031.281738 ) (-263.031250 -5.998047 1029.998047 ) (-259.391907 -0.090860 1027.747681 ) (-261.229736 -0.079425 1027.743286 ) 
5 520 527 (-274.397583 -8.306925 1032.132568 ) (-274.393341 -8.308668 1032.134155 ) (-273.510864 -6 1032.470337 ) (-274.395844 -3.684951 1032.133179 ) (-274.397552 -3.685658 1032.132568 ) 
3 521 542 (-288.259827 -25.934830 1037.594238 ) (-280.008759 -34.186188 1037.594238 ) (-280.009277 -33.893715 1040.626221 ) 
4 521 534 (-280.007690 -33.893753 1040.626221 ) (-280.007172 -34.186260 1037.593872 ) (-271.622223 -26.226749 1033.191406 ) (-265.804535 -20.194942 1035.407715 ) 
5 521 530 (-283.194183 -13.706944 1032.936157 ) (-288.260132 -25.933437 1037.593872 ) (-280.008179 -33.893707 1040.625366 ) (-271.744415 -25.923805 1037.588867 ) (-277.679260 -11.599489 1032.132935 ) 
4 521 523 (-271.744415 -25.923805 1037.588867 ) (-265.804688 -20.195313 1035.406250 ) (-275.306091 -10.692616 1031.787354 ) (-277.679260 -11.599489 1032.132935 ) 
3 521 522 (-283.195313 -13.705078 1032.936523 ) (-277.682800 -11.598642 1032.133789 ) (-276.628326 -14.143880 1031.285278 ) 
3 522 530 (-282.321075 -11.599697 1032.133423 ) (-283.194183 -13.706944 1032.936157 ) (-277.681183 -11.600227 1032.133301 ) 
3 523 534 (-271.740814 -25.920437 1037.588867 ) (-265.804535 -20.194942 1035.407715 ) (-260.078979 -14.258642 1037.588867 ) 
4 523 524 (-260.078125 -14.257813 1037.587891 ) (-274.399353 -8.320947 1032.132690 ) (-277.677002 -11.598327 1032.132690 ) (-271.740112 -25.918121 1037.587891 ) 
4 524 696 (-280.018829 -5.954369 1058.582153 ) (-272.291077 -24.728119 1055.604858 ) (-261.691284 -13.561390 1061.471802 ) (-261.692780 -13.478392 1061.493774 ) 
6 524 534 (-260.060272 -14.239238 1037.595947 ) (-261.688263 -13.559992 1061.473511 ) (-272.290619 -24.729322 1055.605103 ) (-271.783417 -25.961517 1037.604492 ) (-271.740814 -25.920437 1037.588867 ) (-260.078979 -14.258642 1037.588867 ) 
5 524 530 (-277.692047 -11.603198 1032.135132 ) (-271.782745 -25.959209 1037.604004 ) (-272.289978 -24.726933 1055.605957 ) (-280.016876 -5.955160 1058.583008 ) (-279.998077 -6 1034 ) 
5 524 527 (-260.063263 -14.182887 1037.594238 ) (-274.394409 -8.304811 1032.135254 ) (-280.002655 -6 1034 ) (-280.021423 -5.953700 1058.582275 ) (-261.692841 -13.476763 1061.494751 ) 
4 525 696 (-277.529968 0 1060.857910 ) (-282.469788 0 1059.526489 ) (-280.018829 -5.954369 1058.582153 ) (-279.986633 -5.967583 1058.587280 ) 
5 525 531 (-282.468140 0 1032.286133 ) (-282.303253 -0.400556 1032.133545 ) (-279.998077 -6 1034 ) (-280.016876 -5.955160 1058.583008 ) (-282.468170 0 1059.527466 ) 
6 525 526 (-279.986481 -5.967640 1058.587891 ) (-279.998993 -5.998016 1035.558594 ) (-279.998993 -5.998016 1034 ) (-277.693817 -0.398487 1032.132813 ) (-277.529785 0 1032.284668 ) (-277.529785 0 1060.858643 ) 
4 526 696 (-265.423492 0 1064.121094 ) (-277.529968 0 1060.857910 ) (-279.986633 -5.967583 1058.587280 ) (-279.953888 -5.981029 1058.592529 ) 
5 526 527 (-279.950806 -5.979895 1058.594116 ) (-279.996918 -5.998877 1034 ) (-274.395630 -3.693273 1032.135132 ) (-265.423126 0 1035.553223 ) (-265.423157 0 1064.121826 ) 
4 527 696 (-261.936005 0 1065.061157 ) (-265.423492 0 1064.121094 ) (-279.953888 -5.981029 1058.592529 ) (-261.692780 -13.478392 1061.493774 ) 
4 527 538 (-260.063293 0 1037.594849 ) (-261.936035 0 1065.061768 ) (-261.691315 -13.561381 1061.472290 ) (-260.063293 -14.240625 1037.594849 ) 
6 528 696 (-294.576569 0 1056.263306 ) (-298.740417 0 1055.140991 ) (-299 -13.870260 1051.332397 ) (-287.804169 -25.066509 1051.332275 ) (-279.980499 -6.047522 1058.567383 ) (-279.998138 -6.004648 1058.574219 ) 
4 528 548 (-299.936798 -14.256330 1037.595093 ) (-299 -13.870171 1051.333618 ) (-298.740387 0 1055.142212 ) (-299.936798 0 1037.594971 ) 
6 528 542 (-299 -13.870361 1051.332031 ) (-299.937683 -14.256506 1037.595337 ) (-299.934662 -14.259624 1037.594238 ) (-288.259827 -25.934830 1037.594238 ) (-288.204529 -25.988167 1037.614502 ) (-287.804474 -25.067284 1051.331909 ) 
5 528 531 (-279.997528 -6.006588 1058.574463 ) (-279.997437 -6.006775 1034 ) (-285.599335 -3.699454 1032.133545 ) (-294.581024 0 1035.555054 ) (-294.580719 0 1056.262695 ) 
6 528 530 (-288.205475 -25.986172 1037.613647 ) (-283.175354 -13.722027 1032.941528 ) (-280.002441 -6 1034 ) (-280 -6.001896 1036.332031 ) (-279.981598 -6.044850 1058.568359 ) (-287.805420 -25.065216 1051.332764 ) 
4 528 529 (-280.003906 -6.007813 1033.998047 ) (-283.173889 -13.721149 1032.941406 ) (-283.192566 -13.704803 1032.935181 ) (-285.598816 -8.320192 1032.132935 ) 
3 529 530 (-283.175354 -13.722027 1032.941528 ) (-282.306885 -11.604562 1032.134888 ) (-280.002441 -6 1034 ) 
5 530 696 (-287.804169 -25.066509 1051.332275 ) (-284.597870 -28.272902 1051.332275 ) (-275.494110 -28.102463 1053.832031 ) (-272.291077 -24.728119 1055.604858 ) (-279.980499 -6.047522 1058.567383 ) 
3 530 690 (-284.597870 -28.272902 1051.332275 ) (-280.010498 -32.860405 1051.332275 ) (-275.494110 -28.102463 1053.832031 ) 
4 530 542 (-288.204529 -25.988167 1037.614502 ) (-280.009277 -33.893715 1040.626221 ) (-280.011047 -32.861000 1051.331909 ) (-287.804474 -25.067284 1051.331909 ) 
4 530 534 (-272.290619 -24.729322 1055.605103 ) (-280.009491 -32.860996 1051.332764 ) (-280.007690 -33.893753 1040.626221 ) (-271.783417 -25.961517 1037.604492 ) 
3 531 696 (-282.469788 0 1059.526489 ) (-294.576569 0 1056.263306 ) (-279.998138 -6.004648 1058.574219 ) 
5 532 632 (-257.981628 -19.744118 1007.064087 ) (-258.412109 -46.095520 1013.377563 ) (-269.426331 -46.832813 1016.147705 ) (-270.305389 -45.953720 1016.147705 ) (-268.762787 -30.046278 1012.034119 ) 
3 532 628 (-270.305389 -45.953720 1016.147705 ) (-277.685944 -38.572979 1016.147583 ) (-268.762787 -30.046278 1012.034119 ) 
3 532 544 (-277.686646 -38.573914 1016.144836 ) (-269.422119 -46.838646 1016.144958 ) (-277.686890 -38.133156 1020.719299 ) 
3 532 539 (-258.412048 -46.098320 1013.376831 ) (-257.981537 -19.744160 1007.062805 ) (-258.912689 -19.358740 1020.719421 ) 
4 532 535 (-277.686249 -38.132553 1020.718872 ) (-269.424957 -46.834526 1016.146301 ) (-258.407959 -46.096897 1013.375427 ) (-258.908630 -19.354729 1020.719055 ) 
4 532 533 (-277.683350 -38.573120 1016.144531 ) (-277.683594 -38.132813 1020.715637 ) (-269.911163 -30.360390 1020.715698 ) (-269.678101 -30.923647 1012.454651 ) 
4 533 630 (-269.680756 -30.923466 1012.457275 ) (-277.685944 -38.572979 1016.147583 ) (-280.004547 -36.254333 1016.147522 ) (-274.347900 -30.849644 1013.540039 ) 
4 533 544 (-280.005219 -36.255264 1016.144836 ) (-277.686646 -38.573914 1016.144836 ) (-277.686890 -38.133156 1020.719299 ) (-280.006195 -35.690166 1022.002991 ) 
4 533 537 (-274.585175 -30.272711 1022.001709 ) (-280.003815 -35.691353 1022.001648 ) (-277.686249 -38.132553 1020.718872 ) (-269.913940 -30.360172 1020.718933 ) 
3 534 696 (-261.433624 -27.839228 1057.692749 ) (-261.691284 -13.561390 1061.471802 ) (-275.494110 -28.102459 1053.832031 ) 
4 534 690 (-280.010498 -32.860405 1051.332275 ) (-261 -51.871552 1051.332031 ) (-261.433624 -27.839228 1057.692749 ) (-275.494110 -28.102459 1053.832031 ) 
4 534 546 (-259 -56.697372 1022 ) (-259.348724 -55.856045 1027.114502 ) (-279.997772 -35.206360 1027.114624 ) (-269.394531 -46.302471 1022 ) 
3 534 544 (-258.646454 -57.550167 1016.814331 ) (-259 -56.697372 1022 ) (-269.394531 -46.302471 1022 ) 
5 534 542 (-259.348724 -55.856045 1027.114502 ) (-261 -51.872894 1051.331665 ) (-280.011047 -32.861000 1051.331909 ) (-280.007050 -35.196648 1027.119141 ) (-279.997772 -35.206360 1027.114624 ) 
4 534 538 (-261 -51.873074 1051.332031 ) (-258.646423 -57.550381 1016.814331 ) (-259.349030 -14.538629 1027.119141 ) (-261.691315 -13.561381 1061.472290 ) 
4 534 536 (-280.003906 -35.195313 1027.118164 ) (-271.454041 -26.645435 1027.118164 ) (-270.064453 -30.001598 1026 ) (-277.685059 -37.622314 1026 ) 
3 534 535 (-259.275299 -19.212307 1026 ) (-258.649109 -57.546062 1016.815552 ) (-277.685059 -37.622314 1026 ) 
3 535 632 (-258.412109 -46.095520 1013.377563 ) (-258.600983 -57.658463 1016.147888 ) (-269.426331 -46.832813 1016.147705 ) 
3 535 546 (-269.394409 -46.302608 1022 ) (-277.687164 -37.624367 1026 ) (-277.686951 -38.009811 1022 ) 
6 535 544 (-269.422119 -46.838646 1016.144958 ) (-258.600830 -57.660236 1016.145142 ) (-258.646454 -57.550167 1016.814331 ) (-269.394409 -46.302608 1022 ) (-277.686951 -38.009811 1022 ) (-277.686890 -38.133156 1020.719299 ) 
5 535 539 (-258.646423 -57.550381 1016.814331 ) (-258.600922 -57.660168 1016.146851 ) (-258.412048 -46.098320 1013.376831 ) (-258.912689 -19.358740 1020.719421 ) (-259.272736 -19.209709 1026 ) 
5 535 537 (-269.914764 -30.360222 1020.718262 ) (-277.686646 -38.132195 1020.718201 ) (-277.685120 -37.874962 1023.375000 ) (-270.071136 -30.008644 1025.997070 ) (-270.062805 -30 1025.997070 ) 
3 535 536 (-277.685120 -37.874962 1023.375000 ) (-277.683594 -37.621094 1025.997070 ) (-270.071136 -30.008644 1025.997070 ) 
4 536 546 (-277.687164 -37.624367 1026 ) (-280.007050 -35.196648 1027.119141 ) (-280.006561 -35.480831 1024.173096 ) (-277.687042 -37.877354 1023.374268 ) 
4 536 537 (-270.070251 -30 1026 ) (-277.690002 -37.872890 1023.376343 ) (-280.005920 -35.480110 1024.173950 ) (-274.702362 -30 1026 ) 
5 537 546 (-280.006561 -35.480831 1024.173096 ) (-280.006195 -35.690166 1022.002991 ) (-280 -35.696804 1022 ) (-277.686951 -38.009811 1022 ) (-277.687042 -37.877354 1023.374268 ) 
3 537 544 (-280 -35.696804 1022 ) (-277.686890 -38.133156 1020.719299 ) (-277.686951 -38.009811 1022 ) 
5 538 726 (-208 -80 1058.036255 ) (-232.872223 -80 1051.332275 ) (-236.260208 -80 1016.146729 ) (-213.154449 -80 1010.700073 ) (-208 -80 1015.553589 ) 
4 538 696 (-196.673859 -26.626812 1075.474854 ) (-200.261780 0 1081.684814 ) (-261.936005 0 1065.061157 ) (-261.433594 -27.839230 1057.692749 ) 
5 538 690 (-232.872284 -80 1051.331665 ) (-189.481918 -80 1063.027100 ) (-196.673859 -26.626812 1075.474854 ) (-261.433594 -27.839230 1057.692749 ) (-261 -51.871552 1051.332031 ) 
4 538 632 (-200.561661 -58.995453 1002.781494 ) (-213.155029 -80 1010.701660 ) (-236.260056 -80 1016.148193 ) (-257.264221 -58.995251 1016.147888 ) 
4 538 546 (-235.698044 -80 1022 ) (-235.205536 -80 1027.114258 ) (-259.348724 -55.856045 1027.114502 ) (-259 -56.697369 1022 ) 
5 538 544 (-257.259277 -59.001808 1016.145142 ) (-236.261658 -80 1016.145447 ) (-235.698044 -80 1022 ) (-259 -56.697369 1022 ) (-258.646454 -57.550167 1016.814331 ) 
4 538 542 (-235.205536 -80 1027.114258 ) (-232.873825 -80 1051.331299 ) (-261 -51.872894 1051.331665 ) (-259.348724 -55.856045 1027.114502 ) 
4 538 540 (-259.346893 -14.550730 1027.115601 ) (-259.584564 0 1030.601685 ) (-240.063248 0 1026 ) (-256 -15.936627 1026 ) 
7 538 539 (-176 -34.433495 1002.781311 ) (-200.562500 -58.995876 1002.781250 ) (-257.261719 -58.996094 1016.146484 ) (-258.644531 -57.546875 1016.814453 ) (-259.270813 -19.207798 1026 ) (-240.063248 0 1026 ) (-176 0 1010.898315 ) 
7 539 632 (-237.319489 0 997.539063 ) (-176 0 983.084351 ) (-176 -18.028923 987.334351 ) (-200.561661 -58.995453 1002.781494 ) (-257.264221 -58.995251 1016.147888 ) (-258.600983 -57.658463 1016.147888 ) (-257.981628 -19.744137 1007.064087 ) 
3 539 544 (-258.600830 -57.660236 1016.145142 ) (-257.259277 -59.001808 1016.145142 ) (-258.646454 -57.550167 1016.814331 ) 
5 539 541 (-237.318878 0 997.538940 ) (-254.602692 -16.515667 1005.506348 ) (-256 -15.937277 1025.997192 ) (-255.991714 -15.929171 1025.997192 ) (-239.533798 0 1020.511230 ) 
3 539 540 (-255.991714 -15.929171 1025.997192 ) (-240.062744 0 1025.997314 ) (-239.533798 0 1020.511230 ) 
3 540 541 (-239.533554 0 1020.511169 ) (-256 -15.937500 1026 ) (-256 0 1026 ) 
4 541 634 (-242.060104 0 998.656555 ) (-237.319489 0 997.539063 ) (-254.602707 -16.515339 1005.506470 ) (-254.527512 -11.912093 1004.403625 ) 
3 541 617 (-254.332932 0 1001.549622 ) (-242.060104 0 998.656555 ) (-254.527512 -11.912093 1004.403625 ) 
5 542 726 (-232.872223 -80 1051.332275 ) (-300.238129 -80 1033.174438 ) (-300.368744 -80 1031.258789 ) (-258.994293 -80 1021.505737 ) (-235.204117 -80 1027.114624 ) 
3 542 696 (-284.597870 -28.272903 1051.332275 ) (-299 -13.870260 1051.332397 ) (-299.274872 -28.547678 1047.302124 ) 
4 542 690 (-300.238159 -80 1033.173950 ) (-232.872284 -80 1051.331665 ) (-284.597870 -28.272903 1051.332275 ) (-299.274872 -28.547678 1047.302124 ) 
3 542 592 (-258.990967 -80 1021.506531 ) (-300.368622 -80 1031.260376 ) (-301.033691 -37.958084 1021.506348 ) 
5 542 548 (-301.033905 -37.968040 1021.504028 ) (-300.369019 -80 1031.255615 ) (-300.238129 -80 1033.175171 ) (-299 -13.870171 1051.333618 ) (-300.651306 -14.550893 1027.115234 ) 
3 542 547 (-288.519440 -26.691853 1027.114746 ) (-285.287292 -29.924095 1027.114746 ) (-289.881134 -30 1026.014160 ) 
5 542 546 (-285.287292 -29.924095 1027.114746 ) (-235.212830 -80 1027.114258 ) (-239.924500 -80 1026.003540 ) (-289.893951 -30.030289 1026.003784 ) (-289.881134 -30 1026.014160 ) 
4 542 545 (-259 -80 1021.506958 ) (-301.034790 -37.964844 1021.506836 ) (-300.728119 -19.196060 1026.003784 ) (-239.924500 -80 1026.003540 ) 
3 543 726 (-247.542831 -80 1018.806335 ) (-240.774612 -80 1017.210876 ) (-240.435104 -80 1020.722229 ) 
4 543 592 (-240.774460 -80 1017.212341 ) (-247.539673 -80 1018.807129 ) (-301.217743 -26.323143 1018.806946 ) (-301.326508 -19.447746 1017.211792 ) 
3 543 549 (-301.326874 -19.447823 1017.207275 ) (-301.217957 -26.332235 1018.804443 ) (-301.087189 -19.347618 1020.722412 ) 
4 543 545 (-301.083130 -19.351559 1020.723877 ) (-301.213837 -26.332884 1018.806824 ) (-247.545776 -80 1018.806946 ) (-240.434982 -80 1020.723389 ) 
4 543 544 (-240.769424 -80 1017.211426 ) (-290.169769 -30.599342 1017.210999 ) (-290.069580 -30.360151 1020.719177 ) (-240.429977 -80 1020.719055 ) 
4 544 726 (-240.774612 -80 1017.210876 ) (-236.260208 -80 1016.146729 ) (-235.696655 -80 1022 ) (-240.435104 -80 1020.722229 ) 
4 544 660 (-236.260056 -80 1016.148193 ) (-240.774460 -80 1017.212341 ) (-290.174988 -30.599289 1017.211914 ) (-285.586853 -30.671865 1016.147461 ) 
4 544 546 (-235.699219 -80 1022 ) (-285.426392 -30.272820 1022 ) (-290.074890 -30.359844 1020.723816 ) (-240.434982 -80 1020.723389 ) 
4 545 726 (-258.994293 -80 1021.505737 ) (-247.542831 -80 1018.806335 ) (-240.435104 -80 1020.722229 ) (-239.924652 -80 1026.001709 ) 
4 545 592 (-247.539673 -80 1018.807129 ) (-258.990967 -80 1021.506531 ) (-301.033691 -37.958084 1021.506348 ) (-301.217743 -26.323143 1018.806946 ) 
4 545 549 (-301.217957 -26.332235 1018.804443 ) (-301.033905 -37.968040 1021.504028 ) (-300.727203 -19.197132 1026.001953 ) (-301.087189 -19.347618 1020.722412 ) 
4 545 546 (-240.429688 -80 1020.719055 ) (-290.034729 -30.394955 1020.719177 ) (-289.894409 -30.031406 1026.002930 ) (-239.926056 -80 1026.002808 ) 
4 546 726 (-240.435104 -80 1020.722229 ) (-235.696655 -80 1022 ) (-235.204117 -80 1027.114624 ) (-239.924652 -80 1026.001709 ) 
4 546 547 (-289.880768 -30 1026 ) (-289.880432 -30 1026.012329 ) (-285.278534 -29.924154 1027.114990 ) (-285.309875 -30 1026 ) 
3 548 726 (-300.238129 -80 1033.174438 ) (-304.090485 -80 1032.136108 ) (-300.368744 -80 1031.258789 ) 
6 548 696 (-299.274872 -28.547676 1047.302124 ) (-298.740417 0 1055.140991 ) (-371.420654 0 1035.550781 ) (-380.396942 -3.694121 1032.135620 ) (-372.572510 -11.518427 1032.135620 ) (-329.699829 -29.117289 1038.947876 ) 
3 548 694 (-372.572510 -11.518427 1032.135620 ) (-354.508850 -29.581760 1032.135742 ) (-329.699829 -29.117289 1038.947876 ) 
4 548 690 (-304.089691 -80 1032.135864 ) (-300.238159 -80 1033.173950 ) (-299.274872 -28.547676 1047.302124 ) (-354.508850 -29.581760 1032.135742 ) 
3 548 686 (-371.420654 0 1035.550781 ) (-384.091125 0 1032.135620 ) (-380.396942 -3.694121 1032.135620 ) 
4 548 594 (-356.807037 -5.996633 1027.119141 ) (-350.530853 0 1024.226074 ) (-345.782562 0 1023.106750 ) (-352.058411 -5.996721 1026 ) 
4 548 593 (-365.371338 -18.717510 1032.136719 ) (-367.692078 -16.396820 1032.136719 ) (-356.807037 -5.996633 1027.119141 ) (-352.058411 -5.996721 1026 ) 
6 548 592 (-304.087341 -80 1032.136963 ) (-365.371338 -18.717510 1032.136719 ) (-345.782562 0 1023.106750 ) (-338.992737 0 1021.506226 ) (-301.033661 -37.958149 1021.506348 ) (-300.368622 -80 1031.260376 ) 
5 548 581 (-378.092438 -5.996720 1032.136719 ) (-380.402130 -3.687090 1032.136719 ) (-371.451233 0 1029.157593 ) (-350.530853 0 1024.226074 ) (-356.807037 -5.996634 1027.119141 ) 
3 548 573 (-367.692078 -16.396820 1032.136719 ) (-378.092438 -5.996720 1032.136719 ) (-356.807037 -5.996634 1027.119141 ) 
5 548 551 (-300.414490 0 1030.601074 ) (-300.652130 -14.544494 1027.115845 ) (-303.996429 -15.927974 1026.001221 ) (-304 -15.924500 1026.001221 ) (-303.739777 0 1029.817139 ) 
3 548 550 (-304 -15.924500 1026.001221 ) (-319.924347 0 1026.001343 ) (-303.739777 0 1029.817139 ) 
4 548 549 (-300.728119 -19.196314 1026.001221 ) (-301.034668 -37.960938 1021.504883 ) (-338.996307 0 1021.504822 ) (-319.924347 0 1026.001343 ) 
4 549 592 (-338.992737 0 1021.506226 ) (-320.774200 0 1017.211609 ) (-301.326477 -19.447781 1017.211792 ) (-301.033661 -37.958149 1021.506348 ) 
4 549 550 (-319.921875 0 1026.002441 ) (-304 -15.922013 1026.002319 ) (-304.599365 -16.172626 1017.209839 ) (-320.771912 0 1017.209717 ) 
3 550 615 (-320.774200 0 1017.211609 ) (-304.855072 0 1013.459045 ) (-304.599213 -16.175024 1017.211731 ) 
3 550 551 (-304 -15.924316 1026 ) (-304 0 1026 ) (-303.739838 0 1029.815674 ) 
4 552 726 (-348.781738 -80 948.375671 ) (-351.933441 -80 915.638062 ) (-333.034607 -80 897.818298 ) (-320.040405 -80 910.053955 ) 
3 552 683 (-358.751007 -68.751411 961.668030 ) (-359.097107 -68.360893 962.129517 ) (-360.694031 -67.029457 959.372070 ) 
5 552 680 (-386.021698 -45.912643 915.638977 ) (-351.933472 -80 915.638123 ) (-348.781769 -80 948.375732 ) (-358.751007 -68.751411 961.668030 ) (-360.694031 -67.029457 959.372070 ) 
4 552 663 (-306.542877 -47.392208 892.059143 ) (-286.926819 0 865.904358 ) (-330.801056 0 924.403442 ) (-343.998383 -31.884533 942 ) 
6 552 586 (-353.001465 -75.240372 954.003845 ) (-348.783112 -80 948.379395 ) (-320.039551 -80 910.054688 ) (-306.542877 -47.392208 892.059143 ) (-343.998383 -31.884533 942 ) (-353.001495 -53.635906 954.003906 ) 
3 552 584 (-359.097046 -68.362656 962.131287 ) (-353.001465 -75.240372 954.003845 ) (-353.001495 -53.635906 954.003906 ) 
4 552 572 (-367.777222 -49.994259 936.658447 ) (-339.990021 -22.207184 936.658569 ) (-336.987701 -14.953617 932.655457 ) (-369.026001 -46.992359 932.655884 ) 
5 552 570 (-336.987701 -14.953617 932.655457 ) (-330.798279 0 924.402893 ) (-340.043823 0 915.697327 ) (-374.317108 -34.273331 915.697205 ) (-369.026001 -46.992359 932.655884 ) 
4 552 567 (-385.986633 -45.942852 915.697144 ) (-373.846954 -56.063972 936.658447 ) (-367.777222 -49.994259 936.658447 ) (-374.317108 -34.273331 915.697205 ) 
5 552 566 (-373.069183 -56.712402 938.001343 ) (-372.934570 -56.824642 938.233826 ) (-366.113098 -54.001160 941.998413 ) (-366.111176 -54 941.998413 ) (-367.358215 -51.001396 938.001343 ) 
4 552 565 (-373.846954 -56.063972 936.658447 ) (-373.069183 -56.712402 938.001343 ) (-367.355804 -50.998997 938.001343 ) (-369.789154 -52.006187 936.658447 ) 
4 552 564 (-367.355804 -50.998997 938.001343 ) (-340.997009 -24.640053 938.001221 ) (-339.990021 -22.207184 936.658569 ) (-369.789154 -52.006187 936.658447 ) 
3 552 563 (-372.934570 -56.824642 938.233826 ) (-370.754303 -58.642395 941.998474 ) (-366.113098 -54.001160 941.998413 ) 
4 552 560 (-370.754303 -58.642395 941.998474 ) (-359.094513 -68.363426 962.131226 ) (-347.979065 -41.508621 947.310608 ) (-355.612793 -43.500740 941.998352 ) 
3 552 558 (-347.979065 -41.508621 947.310608 ) (-343.994781 -31.882618 941.998230 ) (-355.612793 -43.500740 941.998352 ) 
4 552 556 (-386.051178 0 872.377197 ) (-386.025330 -38.031155 908.211182 ) (-377.564545 -37.520744 915.697205 ) (-340.043823 0 915.697327 ) 
4 552 554 (-386.025330 -38.031155 908.211182 ) (-386.019989 -45.915054 915.639587 ) (-385.986633 -45.942852 915.697144 ) (-377.564545 -37.520744 915.697205 ) 
3 553 683 (-385.993988 -41.814739 958.494385 ) (-385.996704 -40.354038 973.639160 ) (-390.215363 -36.135529 973.638977 ) 
5 553 675 (-385.997498 -39.931866 978.016357 ) (-386.001099 -38.004314 998.001526 ) (-391.876465 -31.374966 1005.835327 ) (-392.545929 -33 982 ) (-391.435425 -34.494122 978.016052 ) 
4 553 671 (-385.996704 -40.354038 973.639160 ) (-385.997498 -39.931866 978.016357 ) (-391.435425 -34.494122 978.016052 ) (-390.215363 -36.135529 973.638977 ) 
3 553 574 (-391.878723 -31.374630 1005.840271 ) (-386.002258 -38.005131 998.004944 ) (-379.665649 -32.484913 989.556152 ) 
3 553 568 (-385.998840 -40.354549 973.617188 ) (-385.996002 -41.812702 958.499817 ) (-381.787994 -36.143711 973.617126 ) 
5 553 562 (-379.454559 -33 982 ) (-379.669708 -32.484669 989.559692 ) (-386.003448 -38.002251 998.004639 ) (-385.998840 -40.354549 973.617188 ) (-381.787994 -36.143711 973.617126 ) 
3 554 682 (-392.258698 -34.940773 964.824890 ) (-392.957886 -34 967.333313 ) (-393.028351 -34.171135 964.824829 ) 
5 554 681 (-385.988739 -44.612839 929.483154 ) (-385.991058 -43.372883 942.339294 ) (-392.258698 -34.940773 964.824890 ) (-393.028351 -34.171135 964.824829 ) (-394.296753 -37.250134 919.666199 ) 
5 554 680 (-394.409851 -37.524704 915.639160 ) (-386.021698 -45.912643 915.638977 ) (-385.986267 -45.942192 915.700195 ) (-385.988739 -44.612839 929.483154 ) (-394.296753 -37.250134 919.666199 ) 
3 554 571 (-378.828400 -34.500092 960 ) (-379.037109 -34 967.333313 ) (-382.748474 -39 954 ) 
5 554 570 (-377.680420 -37.250137 919.666199 ) (-378.828400 -34.500092 960 ) (-382.748474 -39 954 ) (-385.992950 -43.370987 942.344299 ) (-385.990540 -44.611668 929.481567 ) 
4 554 567 (-385.987946 -45.940979 915.699951 ) (-377.567535 -37.520561 915.699951 ) (-377.680420 -37.250137 919.666199 ) (-385.990540 -44.611668 929.481567 ) 
5 554 556 (-379.028168 -34 967.331848 ) (-377.559570 -37.520508 915.707031 ) (-386.028198 -38.031406 908.213867 ) (-394.409973 -37.525108 915.639648 ) (-392.958069 -34 967.331787 ) 
3 554 555 (-385.991058 -43.373810 942.334839 ) (-382.742859 -38.998505 954.002197 ) (-389.243347 -38.998470 954.002258 ) 
3 555 684 (-385.991058 -43.372883 942.339294 ) (-385.992279 -42.727558 949.030090 ) (-389.241455 -39 954 ) 
3 555 570 (-385.994202 -42.725891 949.032349 ) (-385.992950 -43.370987 942.344299 ) (-382.748474 -39 954 ) 
4 556 713 (-410.898621 -16.302380 964.823425 ) (-410.297668 -16.054813 973.637268 ) (-410 -11.729414 978 ) (-410 -3.231483 978 ) 
5 556 712 (-415.320526 0 899.968811 ) (-414.252319 -17.683975 915.635864 ) (-410.898621 -16.302380 964.823425 ) (-410 -3.231483 978 ) (-410 0 978 ) 
3 556 700 (-410.297668 -16.054813 973.637268 ) (-410 -15.932294 978 ) (-410 -11.729414 978 ) 
5 556 682 (-410.297668 -16.053837 973.638184 ) (-410.898621 -16.301405 964.824341 ) (-393.028351 -34.171139 964.824829 ) (-392.957886 -34 967.333374 ) (-394.715454 -31.635567 973.638794 ) 
5 556 681 (-410.898621 -16.301405 964.824341 ) (-414.252136 -17.682928 915.639648 ) (-397.704681 -34.229950 915.639221 ) (-394.296753 -37.250134 919.666199 ) (-393.028351 -34.171139 964.824829 ) 
3 556 680 (-397.704681 -34.229950 915.639221 ) (-394.409851 -37.524704 915.639160 ) (-394.296753 -37.250134 919.666199 ) 
4 556 672 (-410 -15.930887 978.015381 ) (-410.297668 -16.053837 973.638184 ) (-394.715454 -31.635567 973.638794 ) (-395.935547 -29.994129 978.015930 ) 
3 556 579 (-371.235199 0 978.315674 ) (-383.597412 0 994.798706 ) (-386.096222 -6.095553 998.130371 ) 
6 556 578 (-374.692963 -28.152905 982.925903 ) (-357.500122 -13.175177 960.002197 ) (-357.500153 0 960.002258 ) (-371.235199 0 978.315674 ) (-386.096222 -6.095553 998.130371 ) (-391.660522 -19.669104 1005.549377 ) 
4 556 577 (-383.597412 0 994.798706 ) (-404.665436 0 1022.889465 ) (-404.665527 -13.166588 1022.889404 ) (-391.660522 -19.669104 1005.549377 ) 
4 556 575 (-357.500122 -13.175177 960.002197 ) (-353.001526 -9.256168 954.004089 ) (-353.001556 0 954.004089 ) (-357.500153 0 960.002258 ) 
5 556 571 (-369.931915 -24.287622 973.616882 ) (-375.931641 -30.287369 973.617004 ) (-378.294830 -33 970 ) (-379.037109 -34 967.333313 ) (-378.828400 -34.500092 960 ) 
7 556 570 (-374.322449 -34.275459 915.699951 ) (-340.046997 0 915.699829 ) (-342.380005 0 939.840149 ) (-367.712555 -22.068264 973.616821 ) (-369.931915 -24.287622 973.616882 ) (-378.828400 -34.500092 960 ) (-377.680420 -37.250137 919.666199 ) 
3 556 569 (-375.931641 -30.287369 973.617004 ) (-377.287994 -31.643715 973.617004 ) (-378.294830 -33 970 ) 
3 556 567 (-377.567535 -37.520561 915.699951 ) (-374.322449 -34.275459 915.699951 ) (-377.680420 -37.250137 919.666199 ) 
4 556 559 (-367.712555 -22.068264 973.616821 ) (-371.038696 -24.965797 978.051636 ) (-376.053528 -29.980648 978.051880 ) (-377.287994 -31.643715 973.617004 ) 
6 556 557 (-376.058990 -30 977.997253 ) (-374.688995 -28.154736 982.918762 ) (-404.666718 -13.165884 1022.889038 ) (-407 -13.499207 1022 ) (-407.235352 -14.793520 1018.548706 ) (-395.931885 -30 977.997253 ) 
4 557 578 (-395.001099 -27.818052 1010.003418 ) (-376.263885 -29.521435 985.020447 ) (-374.692963 -28.152905 982.925903 ) (-391.660522 -19.669106 1005.549377 ) 
6 557 577 (-404.665527 -13.731422 1022.889404 ) (-403.998108 -17.700148 1022 ) (-395.033447 -27.815111 1010.046570 ) (-395.001099 -27.818052 1010.003418 ) (-391.660522 -19.669106 1005.549377 ) (-404.665527 -13.166588 1022.889404 ) 
4 558 586 (-347.981812 -41.508453 947.311035 ) (-343.998383 -31.884525 942 ) (-353.001495 -28.157000 954.003967 ) (-353.001434 -38.998653 954.003845 ) 
4 558 584 (-353.001495 -28.157000 954.003967 ) (-356.015411 -26.909157 958.022522 ) (-369.355316 -30.821730 975.809021 ) (-353.001434 -38.998653 954.003845 ) 
4 558 560 (-366.598419 -37.490288 958.025879 ) (-355.612762 -43.499763 942 ) (-347.982697 -41.508617 947.310364 ) (-369.354767 -30.822592 975.806396 ) 
3 559 583 (-365 -23.189539 970.001160 ) (-367.708191 -22.068033 973.612854 ) (-371.030701 -24.962473 978.042847 ) 
4 559 571 (-374.808746 -33.001053 969.997437 ) (-375.931458 -30.291054 973.612061 ) (-369.931671 -24.291273 973.611938 ) (-368.809998 -27.002190 969.997375 ) 
4 559 570 (-369.931671 -24.291273 973.611938 ) (-367.708893 -22.068497 973.611877 ) (-364.998077 -23.190197 969.997375 ) (-368.809998 -27.002190 969.997375 ) 
3 559 569 (-374.808746 -33.001053 969.997437 ) (-377.285950 -31.645559 973.612061 ) (-375.931458 -30.291054 973.612061 ) 
6 560 683 (-360.694061 -67.029449 959.372070 ) (-359.097107 -68.360893 962.129517 ) (-367.729858 -58.620296 973.639832 ) (-381.867126 -44.483471 973.639343 ) (-378.480438 -49.373360 958.023804 ) (-372.439209 -56.620674 945.493652 ) 
3 560 680 (-370.754883 -58.641281 942 ) (-360.694061 -67.029449 959.372070 ) (-372.439209 -56.620674 945.493652 ) 
4 560 675 (-371.012390 -54.916504 978.016541 ) (-383.684875 -40.617783 994.913208 ) (-383.684143 -41.859989 982.017273 ) (-382.816406 -43.112858 978.016296 ) 
4 560 671 (-367.729858 -58.620296 973.639832 ) (-371.012390 -54.916504 978.016541 ) (-382.816406 -43.112858 978.016296 ) (-381.867126 -44.483471 973.639343 ) 
3 560 586 (-353.001465 -53.635807 954.003845 ) (-347.981812 -41.508453 947.311035 ) (-353.001434 -38.998646 954.003845 ) 
6 560 584 (-383.686005 -40.618603 994.916565 ) (-359.097046 -68.362656 962.131287 ) (-353.001465 -53.635807 954.003845 ) (-353.001434 -38.998646 954.003845 ) (-369.355286 -30.821732 975.809021 ) (-374.010773 -32.187199 982.016357 ) 
4 560 563 (-366.121063 -54 942 ) (-370.758606 -58.637878 942 ) (-378.478851 -49.376163 958.015503 ) (-371.091187 -41.988766 958.015076 ) 
4 560 562 (-383.682373 -41.863213 982.007874 ) (-383.683105 -40.620346 994.910828 ) (-374.850006 -32.922821 983.133362 ) (-374.818268 -33 982.006958 ) 
4 560 561 (-383.684540 -41.859604 982.022949 ) (-374.816284 -32.991844 982.022034 ) (-371.095428 -41.992886 958.019287 ) (-378.478699 -49.375923 958.019653 ) 
4 561 683 (-383.683655 -42.667007 973.639221 ) (-383.683380 -43.131683 968.815247 ) (-378.480438 -49.373360 958.023804 ) (-381.867126 -44.483471 973.639343 ) 
3 561 675 (-383.684143 -41.859989 982.017273 ) (-383.683899 -42.245388 978.016235 ) (-382.816406 -43.112858 978.016296 ) 
4 561 671 (-383.683899 -42.245388 978.016235 ) (-383.683655 -42.667007 973.639221 ) (-381.867126 -44.483471 973.639343 ) (-382.816406 -43.112858 978.016296 ) 
4 561 568 (-378.478851 -49.376163 958.015503 ) (-383.683624 -43.132168 968.812866 ) (-378.496613 -37.945442 968.812500 ) (-371.096924 -41.994492 958.015076 ) 
4 561 562 (-378.492462 -37.945316 968.812805 ) (-383.681610 -43.134186 968.813171 ) (-383.682373 -41.863213 982.007874 ) (-374.816132 -32.997494 982.006958 ) 
4 562 683 (-385.996704 -40.354038 973.639160 ) (-385.996704 -40.356533 973.613281 ) (-383.683380 -43.131683 968.815247 ) (-383.683655 -42.667015 973.639221 ) 
4 562 675 (-383.684875 -40.617783 994.913208 ) (-386.001099 -38.004314 998.001526 ) (-385.997498 -39.931866 978.016357 ) (-383.683899 -42.245396 978.016235 ) 
4 562 671 (-385.997498 -39.931866 978.016357 ) (-385.996704 -40.354038 973.639160 ) (-383.683655 -42.667015 973.639221 ) (-383.683899 -42.245396 978.016235 ) 
4 562 585 (-386.002258 -38.005131 998.004944 ) (-383.686005 -40.618603 994.916565 ) (-374.854309 -32.922295 983.141052 ) (-379.665619 -32.484909 989.556091 ) 
4 562 568 (-383.683624 -43.132168 968.812866 ) (-385.997131 -40.356735 973.612244 ) (-381.785950 -36.145550 973.612183 ) (-378.496613 -37.945442 968.812500 ) 
3 563 683 (-372.439240 -56.620670 945.493652 ) (-378.480438 -49.373383 958.023743 ) (-375.084930 -54.276001 942.367432 ) 
5 563 680 (-372.935181 -56.823475 938.235413 ) (-370.754883 -58.641281 942 ) (-372.439240 -56.620670 945.493652 ) (-375.084930 -54.276001 942.367432 ) (-374.811096 -54.671371 941.104858 ) 
4 563 568 (-375.086212 -54.275185 942.366333 ) (-378.478699 -49.375671 958.022400 ) (-371.086304 -41.983513 958.022034 ) (-374.617096 -54 942 ) 
3 563 567 (-374.813568 -54.668922 941.108154 ) (-375.086212 -54.275185 942.366333 ) (-374.617096 -54 942 ) 
5 563 566 (-366.116791 -54.001640 942.001648 ) (-366.116302 -54.002785 942 ) (-372.933411 -56.825424 938.236633 ) (-373.885132 -55.733612 939.692383 ) (-374.603973 -54.001690 942.001648 ) 
3 563 565 (-374.810669 -54.671814 941.108154 ) (-374.609924 -53.987385 942.020752 ) (-373.885132 -55.733612 939.692383 ) 
3 564 665 (-341 -24.638813 938.001099 ) (-339.994019 -22.210041 936.660706 ) (-341 -22.504889 938.001038 ) 
5 564 572 (-339.996094 -22.207031 936.660645 ) (-367.784912 -49.995850 936.660583 ) (-369.498535 -51 938 ) (-368.610260 -47.977009 942.030762 ) (-344.023071 -23.390163 942.030151 ) 
3 564 567 (-367.784912 -49.995850 936.660583 ) (-369.793640 -52.004593 936.660583 ) (-369.498535 -51 938 ) 
3 564 565 (-369.491821 -51 938 ) (-369.786072 -52.002899 936.661438 ) (-367.361847 -51 938 ) 
4 565 680 (-373.847229 -56.063065 936.660583 ) (-373.069763 -56.711258 938.002991 ) (-373.877258 -55.742695 939.676453 ) (-374.811096 -54.671371 941.104858 ) 
5 565 567 (-369.793640 -52.004593 936.660583 ) (-373.849823 -56.060768 936.660583 ) (-374.813568 -54.668922 941.108154 ) (-374.617096 -54 942 ) (-369.498535 -51 938 ) 
4 565 566 (-374.602173 -53.997787 941.996460 ) (-373.877594 -55.743393 939.669006 ) (-373.071991 -56.709694 938 ) (-367.362793 -51 938 ) 
3 566 680 (-373.069763 -56.711258 938.002991 ) (-372.935181 -56.823475 938.235413 ) (-373.877258 -55.742695 939.676453 ) 
4 567 680 (-385.986267 -45.942192 915.700195 ) (-373.847229 -56.063065 936.660583 ) (-375.084930 -54.276009 942.367432 ) (-385.988739 -44.612839 929.483154 ) 
4 567 572 (-369.496704 -51 938 ) (-367.779999 -49.994160 936.658936 ) (-369.028381 -46.993477 932.658264 ) (-375.863525 -51 938 ) 
5 567 570 (-374.320313 -34.273438 915.699219 ) (-385.990021 -44.612045 929.483398 ) (-378.781860 -51 938 ) (-375.863525 -51 938 ) (-369.028381 -46.993477 932.658264 ) 
3 567 568 (-375.396637 -54 942 ) (-375.086243 -54.275070 942.366821 ) (-374.616760 -54 942 ) 
6 568 683 (-375.084930 -54.276009 942.367432 ) (-378.480438 -49.373383 958.023743 ) (-385.996704 -40.356533 973.613281 ) (-385.993988 -41.814728 958.494446 ) (-385.856079 -42 958 ) (-375.396088 -54 942 ) 
3 569 571 (-375.930664 -30.292969 973.613281 ) (-374.810638 -32.997494 970.006958 ) (-378.287140 -32.997711 970.006348 ) 
4 570 684 (-385.992279 -42.727554 949.030090 ) (-385.991058 -43.372875 942.339294 ) (-383.294830 -47 932.666321 ) (-378.781219 -51 938 ) 
3 570 681 (-385.991058 -43.372875 942.339294 ) (-385.988739 -44.612839 929.483154 ) (-383.294830 -47 932.666321 ) 
4 570 667 (-336.991699 -14.956467 932.657593 ) (-330.801056 0 924.403442 ) (-341 0 938.001038 ) (-341 -16.134525 938.001038 ) 
4 570 583 (-353.001495 -9.256126 954.003967 ) (-367.708191 -22.068033 973.612854 ) (-365 -23.189539 970.001160 ) (-353.001465 -19.662657 954.003906 ) 
5 570 572 (-375.863953 -51.001488 937.998108 ) (-369.031250 -46.996445 932.658081 ) (-336.993164 -14.957939 932.657593 ) (-352.998718 -19.663267 953.998901 ) (-372.336365 -39 954 ) 
4 570 571 (-372.334808 -39 954.002502 ) (-368.808868 -27.003138 969.997314 ) (-369.931641 -24.291496 973.612854 ) (-382.742584 -39 954.002502 ) 
4 572 667 (-339.994019 -22.210041 936.660706 ) (-336.991699 -14.956467 932.657593 ) (-341 -16.134525 938.001038 ) (-341 -22.504889 938.001038 ) 
3 573 696 (-372.572510 -11.518415 1032.135620 ) (-378.091003 -6 1032.135620 ) (-377.867188 -9.345003 1031.294312 ) 
5 573 695 (-376.756409 -25.946003 1027.119141 ) (-375.608765 -24.736990 1027.754395 ) (-372.497803 -11.593113 1032.135620 ) (-372.572510 -11.518415 1032.135620 ) (-377.867188 -9.345003 1031.294312 ) 
3 573 694 (-375.608765 -24.736990 1027.754395 ) (-367.692993 -16.397850 1032.135620 ) (-372.497803 -11.593113 1032.135620 ) 
3 573 593 (-356.813416 -6.005204 1027.118652 ) (-367.695313 -16.402344 1032.134766 ) (-376.757690 -25.949352 1027.118530 ) 
4 573 581 (-356.804688 -6 1027.118408 ) (-365.313141 -14.508458 1027.118408 ) (-377.867004 -9.345072 1031.294800 ) (-378.090759 -6 1032.135986 ) 
3 574 690 (-391.423157 -30.272850 1022 ) (-386.005737 -35.690018 1022 ) (-380.672546 -30.071583 1024.951538 ) 
4 574 675 (-386.005432 -35.689278 1022.004272 ) (-391.422333 -30.272539 1022.004211 ) (-391.876465 -31.374962 1005.835327 ) (-386.001099 -38.004318 998.001526 ) 
4 574 585 (-386 -38.005692 998.003967 ) (-379.662933 -32.485023 989.554443 ) (-380.670593 -30.071505 1024.952759 ) (-386.004425 -35.690582 1022 ) 
3 575 583 (-357.500275 -13.177778 960.004272 ) (-353.002930 -9.259869 954.007813 ) (-358 -12.969224 967.333252 ) 
4 575 578 (-357.500488 0 960 ) (-357.500488 -13.175537 960 ) (-358 -12.966888 967.334839 ) (-358 0 967.334778 ) 
3 576 669 (-344.739624 0 964.319580 ) (-345.637390 0 973.609863 ) (-351.707458 -6.070106 973.609985 ) 
5 576 668 (-343.260590 0 949.014160 ) (-344.739624 0 964.319580 ) (-351.707458 -6.070106 973.609985 ) (-355.853729 -10.216384 973.610046 ) (-350 -5.871087 958 ) 
5 576 590 (-346.065125 0 978.036011 ) (-350.313812 0 1022.002502 ) (-361.727417 -11.413557 1022.002441 ) (-359 -12.551867 982 ) (-357.513611 -11.448534 978.036377 ) 
4 576 587 (-345.637390 0 973.609863 ) (-346.065125 0 978.036011 ) (-357.513611 -11.448534 978.036377 ) (-355.853729 -10.216384 973.610046 ) 
3 576 582 (-361.727448 -11.411425 1022.003052 ) (-350.316040 0 1022.003113 ) (-361.941101 0 1025.136597 ) 
5 577 579 (-386.097137 -6.095928 998.129700 ) (-383.598175 0 994.797791 ) (-383.545868 0 1027.714355 ) (-386.003601 -5.991516 1029.996826 ) (-386.008514 -6.003523 1029.998657 ) 
5 577 578 (-386.010345 -6.007976 1030 ) (-394.645660 -26.997511 1022.014343 ) (-395.001221 -27.816559 1010.001648 ) (-386.097137 -6.095928 998.129700 ) (-386.008514 -6.003523 1029.998657 ) 
4 578 583 (-371.024597 -24.959637 978.036682 ) (-357.500275 -13.177778 960.004272 ) (-358 -12.969224 967.333252 ) (-362.013702 -15.948606 978.036560 ) 
8 578 580 (-378.500641 -26.998863 1022 ) (-377.217285 -27.232224 1018.578125 ) (-362 -15.935986 977.998352 ) (-362 0 977.998352 ) (-371.339661 0 1002.904419 ) (-380.750610 -3.838099 1028 ) (-380.750610 -8.175711 1028 ) (-379.126801 -22.615828 1023.670166 ) 
6 578 579 (-386.097565 -6.096207 998.125000 ) (-386.008972 -6.003789 1030 ) (-386.005615 -6.002409 1030.002075 ) (-380.749054 -3.837529 1028 ) (-371.339508 0 1002.907471 ) (-371.234955 0 978.310852 ) 
3 579 580 (-371.339661 0 1002.904419 ) (-380.320831 0 1026.854126 ) (-380.752167 -3.838734 1028.004395 ) 
5 581 696 (-377.867188 -9.345003 1031.294312 ) (-378.091003 -6 1032.135620 ) (-380.403442 -3.687632 1032.135620 ) (-380.405060 -3.688302 1032.135010 ) (-377.877777 -9.340657 1031.292603 ) 
5 581 594 (-350.324005 0 1022.107971 ) (-350.528229 0 1024.221436 ) (-356.813416 -6.005204 1027.118652 ) (-365.315674 -14.507411 1027.118652 ) (-365.314758 -14.507814 1027.104858 ) 
3 581 582 (-362 0 1026.001343 ) (-350.326385 0 1022.110046 ) (-362 -11.297667 1026.001709 ) 
4 582 596 (-350.313812 0 1022.002502 ) (-350.324005 0 1022.107971 ) (-362 -11.299829 1026 ) (-361.727448 -11.413570 1022.002441 ) 
3 584 690 (-383.686676 -38.008980 1022 ) (-378.499908 -43.195515 1022 ) (-379.391327 -33.484734 1024.376953 ) 
4 584 683 (-367.729797 -58.620384 973.639771 ) (-358.751007 -68.751404 961.668091 ) (-356.758423 -70.517265 964.022522 ) (-360.365021 -65.984917 973.640076 ) 
3 584 680 (-358.751007 -68.751404 961.668091 ) (-353 -75.240448 954 ) (-356.758423 -70.517265 964.022522 ) 
5 584 675 (-378.501617 -43.192871 1022.004333 ) (-383.686401 -38.008251 1022.004272 ) (-383.684875 -40.617783 994.913208 ) (-371.012482 -54.916431 978.016663 ) (-362.006378 -63.922256 978.016968 ) 
4 584 671 (-371.012482 -54.916431 978.016663 ) (-367.729797 -58.620384 973.639771 ) (-360.365021 -65.984917 973.640076 ) (-362.006378 -63.922256 978.016968 ) 
4 584 592 (-378.018768 -32.464779 1020.719360 ) (-379.390686 -33.484020 1024.377808 ) (-378.499054 -43.196411 1022 ) (-376.534393 -45.665386 1016.760986 ) 
5 584 588 (-358.535553 -23.736017 968.764038 ) (-363.504730 -21.681786 982.015259 ) (-378.018768 -32.464779 1020.719360 ) (-376.534393 -45.665386 1016.760986 ) (-372.976624 -50.136391 1007.273621 ) 
5 584 586 (-353.001953 -75.238281 954.007813 ) (-353.001953 -28.153355 954.007813 ) (-354.507446 -25.401207 958.022461 ) (-358.535553 -23.736017 968.764038 ) (-372.976624 -50.136391 1007.273621 ) 
5 584 585 (-379.386230 -33.483929 1024.378906 ) (-375.738556 -30.773834 1014.651855 ) (-374.850128 -32.922813 983.133484 ) (-383.683136 -40.620277 994.910889 ) (-383.684479 -38.011135 1022 ) 
5 585 690 (-386.005737 -35.690018 1022 ) (-383.686676 -38.008980 1022 ) (-379.391327 -33.484734 1024.376953 ) (-379.706329 -30.053488 1025.216919 ) (-380.672516 -30.071575 1024.951538 ) 
4 585 675 (-383.686401 -38.008251 1022.004272 ) (-386.005432 -35.689278 1022.004272 ) (-386.001099 -38.004318 998.001526 ) (-383.684875 -40.617783 994.913208 ) 
4 585 595 (-379.705627 -30.053448 1025.217529 ) (-379.390686 -33.484020 1024.377808 ) (-378.018768 -32.464779 1020.719360 ) (-378.260406 -30.316216 1021.363586 ) 
3 585 591 (-378.018768 -32.464779 1020.719360 ) (-375.742889 -30.773941 1014.650330 ) (-378.260406 -30.316216 1021.363586 ) 
4 586 726 (-343.111664 -80 1007.272400 ) (-348.781738 -80 948.375671 ) (-320.040405 -80 910.053955 ) (-279.996124 -80 947.760498 ) 
3 586 683 (-360.365021 -65.984894 973.640137 ) (-356.758423 -70.517273 964.022522 ) (-348.618744 -77.730804 973.640564 ) 
5 586 680 (-356.758423 -70.517273 964.022522 ) (-353 -75.240448 954 ) (-348.781769 -80 948.375732 ) (-346.349487 -80 973.640625 ) (-348.618744 -77.730804 973.640564 ) 
4 586 675 (-372.977417 -50.135067 1007.273132 ) (-362.006317 -63.922318 978.016907 ) (-345.928131 -80 978.017456 ) (-343.111725 -80 1007.272400 ) 
4 586 671 (-362.006317 -63.922318 978.016907 ) (-360.365021 -65.984894 973.640137 ) (-346.349487 -80 973.640625 ) (-345.928131 -80 978.017456 ) 
3 586 670 (-315.925385 -20.887165 925.900513 ) (-280.035980 -20.888704 892.061707 ) (-290.546478 -31.399521 892.062012 ) 
4 586 664 (-350.014221 -20.909851 958.018921 ) (-349.990082 -20.885704 958.018921 ) (-333 -20.886433 942 ) (-338 -25.886185 942 ) 
5 586 663 (-306.539063 -47.392578 892.062500 ) (-343.997742 -31.884134 942 ) (-333 -20.886433 942 ) (-315.925385 -20.887165 925.900513 ) (-290.546478 -31.399521 892.062012 ) 
4 586 662 (-280.035156 -20.883932 892.062500 ) (-309.320313 -20.884470 919.675110 ) (-287.256561 -42.948288 919.675415 ) (-280.022095 -39.952370 910.029480 ) 
4 586 654 (-287.256561 -42.948288 919.675415 ) (-280.015076 -50.189789 919.675537 ) (-280.018005 -45.917889 915.650391 ) (-284.237701 -41.698120 915.650269 ) 
3 586 621 (-280.018005 -45.917889 915.650391 ) (-280.022095 -39.952370 910.029480 ) (-284.237701 -41.698120 915.650269 ) 
3 586 614 (-323.996887 -24.224623 936.662598 ) (-319.501556 -28.719856 936.662537 ) (-321 -22.983543 932.666687 ) 
4 586 613 (-321.548248 -20.884695 931.204651 ) (-327.336761 -20.884802 936.662598 ) (-323.996887 -24.224623 936.662598 ) (-321 -22.983543 932.666687 ) 
4 586 611 (-328.754425 -20.884827 938 ) (-330.070099 -20.884851 939.239807 ) (-328 -25.881153 942 ) (-325 -24.639809 938 ) 
4 586 610 (-327.336761 -20.884802 936.662598 ) (-328.754425 -20.884827 938 ) (-325 -24.638647 938 ) (-326.003082 -22.218466 936.662598 ) 
4 586 609 (-325 -24.638647 938 ) (-319 -30.638947 938 ) (-319.501556 -28.719856 936.662537 ) (-326.003082 -22.218466 936.662598 ) 
3 586 608 (-330.070099 -20.884851 939.239807 ) (-332.996704 -20.884905 942 ) (-328 -25.881153 942 ) 
3 586 606 (-302.719391 -45.501667 936.662415 ) (-298.223907 -49.997063 936.662415 ) (-296.982849 -47 932.666504 ) 
6 586 605 (-309.320313 -20.884470 919.675110 ) (-321.548248 -20.884695 931.204651 ) (-319.501556 -28.719856 936.662537 ) (-302.719391 -45.501667 936.662415 ) (-296.982849 -47 932.666504 ) (-292.948059 -37.256775 919.675354 ) 
5 586 604 (-298.223907 -49.997063 936.662415 ) (-290.217712 -58.003078 936.662354 ) (-280.006805 -62.232681 931.022827 ) (-280.015076 -50.189789 919.675537 ) (-292.948059 -37.256775 919.675354 ) 
3 586 603 (-290.217712 -58.003078 936.662354 ) (-280.002716 -68.217873 936.662292 ) (-280.006805 -62.232681 931.022827 ) 
3 586 602 (-299.881439 -54 942 ) (-292.638763 -57 938 ) (-298.639191 -51 938 ) 
4 586 601 (-298.638824 -51 938 ) (-292.638763 -57 938 ) (-290.217712 -58.003078 936.662354 ) (-296.217896 -52.003017 936.662415 ) 
4 586 600 (-319.501556 -28.719856 936.662537 ) (-319 -30.638947 938 ) (-298.638824 -51 938 ) (-296.217896 -52.003017 936.662415 ) 
4 586 599 (-299.881439 -54 942 ) (-279.998840 -73.882698 942 ) (-280.002716 -68.217873 936.662292 ) (-290.217712 -58.003078 936.662354 ) 
3 586 592 (-359.396454 -63.715553 1007.276123 ) (-343.111359 -80 1007.275513 ) (-330.074066 -80 994.982849 ) 
8 586 588 (-332.996704 -20.884905 942 ) (-349.992371 -20.885218 958.024292 ) (-358.539948 -23.736296 968.771912 ) (-372.979218 -50.133324 1007.276611 ) (-359.396454 -63.715553 1007.276123 ) (-330.074066 -80 994.982849 ) (-279.994659 -80 947.763855 ) (-279.998840 -73.882698 942 ) 
4 587 669 (-351.709778 -6.065259 973.613098 ) (-345.644501 0 973.612976 ) (-341.807068 0 969.994934 ) (-348.996185 -7.189292 969.994934 ) 
4 587 668 (-355.854919 -10.210402 973.613159 ) (-351.709778 -6.065259 973.613098 ) (-348.996185 -7.189292 969.994934 ) (-354.498077 -12.691308 969.994934 ) 
4 587 590 (-354.502899 -12.684381 970.007813 ) (-341.818787 0 970.007813 ) (-346.068909 0 978.034424 ) (-357.513092 -11.443870 978.034973 ) 
3 588 726 (-330.079468 -80 994.984314 ) (-279.996124 -80 947.760498 ) (-252.151978 -80 973.979126 ) 
3 588 675 (-376.535706 -45.663422 1016.761902 ) (-372.977417 -50.135067 1007.273132 ) (-359.390472 -63.721657 1007.272827 ) 
3 588 669 (-333.003998 -3.897945 958.020142 ) (-333 -13.814821 948.666870 ) (-340.014740 -10.909383 958.019653 ) 
4 588 664 (-333 -13.814821 948.666870 ) (-332.997437 -20.886433 941.997192 ) (-349.990051 -20.885704 958.018921 ) (-340.014740 -10.909383 958.019653 ) 
3 588 660 (-290.742065 -31.954754 997.331665 ) (-263.090240 -61.086884 982.025574 ) (-291.178467 -32.998211 982.027710 ) 
4 588 615 (-324.176147 0 982.030151 ) (-321.073120 0 1014.120789 ) (-305.401428 -16.510630 1005.446045 ) (-306.998077 -17.178366 982.028870 ) 
4 588 608 (-328 -25.882908 942 ) (-332.996094 -20.886719 942 ) (-333.003357 -3.895910 958.025146 ) (-315.980347 -20.917980 958.026184 ) 
4 588 599 (-279.996094 -73.886719 942 ) (-299.883118 -54 942 ) (-294.917847 -41.979286 958.027405 ) (-262.992126 -73.903236 958.029358 ) 
5 588 598 (-262.996094 -73.898438 958.025208 ) (-294.904907 -41.991409 958.023193 ) (-291.188293 -32.987991 982.032349 ) (-263.099121 -61.077465 982.030579 ) (-250.297180 -78.144615 973.979370 ) 
6 588 597 (-315.991821 -20.905651 958.021851 ) (-333 -3.898438 958.020752 ) (-333.001831 -3.892982 958.027588 ) (-333.002625 0 965.374146 ) (-324.175934 0 982.034485 ) (-306.987488 -17.188614 982.033386 ) 
9 588 592 (-250.299469 -78.149078 973.980591 ) (-263.121735 -61.052834 982.045105 ) (-321.072845 0 1014.122559 ) (-345.552612 0 1020.721008 ) (-378.020447 -32.466255 1020.721191 ) (-376.536499 -45.662872 1016.764038 ) (-359.387115 -63.725235 1007.272644 ) (-330.082764 -80 994.986755 ) (-252.150421 -80 973.980591 ) 
3 588 591 (-378.019501 -32.464809 1020.718689 ) (-375.914886 -30.360189 1020.718689 ) (-375.743469 -30.774014 1014.649292 ) 
4 588 590 (-361.639862 -16.085182 1020.718506 ) (-345.554688 0 1020.718384 ) (-341.821930 0 982.013611 ) (-359 -17.178440 982.014587 ) 
7 588 589 (-359.007660 -17.184540 982.020508 ) (-341.821259 0 982.018799 ) (-333 0 965.376343 ) (-333 -3.895756 958.026062 ) (-333.003082 -3.905294 958.014038 ) (-349.986481 -20.886665 958.016357 ) (-350.023682 -20.899067 958.063110 ) 
5 589 669 (-348.106964 -7.557541 968.809387 ) (-340.549011 0 968.808777 ) (-334.304382 0 962.921143 ) (-333.003998 -3.897945 958.020142 ) (-340.014740 -10.909382 958.019653 ) 
5 589 668 (-354.053650 -13.503902 968.809814 ) (-348.106964 -7.557541 968.809387 ) (-340.014740 -10.909382 958.019653 ) (-349.990051 -20.885704 958.018921 ) (-350.016357 -20.885702 958.043762 ) 
3 589 597 (-333.001831 -3.892982 958.027588 ) (-334.301453 0 962.922607 ) (-333.002625 0 965.374146 ) 
4 589 590 (-341.821930 0 982.013611 ) (-340.548706 0 968.811523 ) (-354.054657 -13.505198 968.812500 ) (-359.005432 -17.182888 982.014587 ) 
4 590 669 (-348.996185 -7.189291 969.994934 ) (-341.807068 0 969.994934 ) (-340.549011 0 968.808777 ) (-348.106964 -7.557545 968.809326 ) 
4 590 668 (-354.498077 -12.691306 969.994934 ) (-348.996185 -7.189291 969.994934 ) (-348.106964 -7.557545 968.809326 ) (-354.053650 -13.503910 968.809753 ) 
5 590 596 (-348.742126 0 1021.580750 ) (-350.316223 0 1022.005005 ) (-361.727570 -11.411366 1022.004944 ) (-361.640045 -16.086662 1020.721069 ) (-346.163116 -0.610463 1020.721008 ) 
3 590 594 (-345.552612 0 1020.721008 ) (-348.742126 0 1021.580750 ) (-346.163116 -0.610463 1020.721008 ) 
3 591 595 (-378.262238 -30.316059 1021.365967 ) (-378.020447 -32.466255 1020.721191 ) (-375.914124 -30.360022 1020.721191 ) 
8 592 726 (-304.090485 -80 1032.136108 ) (-341.693787 -80 1022 ) (-343.111664 -80 1007.272400 ) (-330.079468 -80 994.984314 ) (-252.151978 -80 973.979126 ) (-244.744522 -80 980.954163 ) (-244.176575 -80 982.025696 ) (-240.774643 -80 1017.210876 ) 
3 592 694 (-354.508820 -29.581764 1032.135620 ) (-365.372253 -18.718540 1032.135620 ) (-376.069031 -29.985397 1026.215576 ) 
6 592 690 (-378.499908 -43.195515 1022 ) (-341.693787 -80 1022 ) (-304.089691 -80 1032.135864 ) (-354.508820 -29.581764 1032.135620 ) (-376.069031 -29.985397 1026.215576 ) (-379.391327 -33.484734 1024.376953 ) 
5 592 675 (-341.693420 -80 1022.004700 ) (-378.501617 -43.192871 1022.004333 ) (-376.535706 -45.663422 1016.761902 ) (-359.390472 -63.721657 1007.272827 ) (-343.111725 -80 1007.272400 ) 
5 592 660 (-290.175110 -30.599390 1017.210449 ) (-240.774673 -80 1017.210876 ) (-244.177414 -80 982.024170 ) (-263.090240 -61.086884 982.025574 ) (-290.742065 -31.954758 997.331665 ) 
4 592 615 (-321.073120 0 1014.120789 ) (-320.774384 0 1017.210266 ) (-304.599304 -16.175137 1017.210388 ) (-305.401428 -16.510632 1005.446045 ) 
4 592 598 (-263.099121 -61.077465 982.030579 ) (-244.176788 -80 982.029358 ) (-244.748322 -80 980.950623 ) (-250.297180 -78.144615 973.979370 ) 
3 592 596 (-346.155212 -0.603336 1020.718384 ) (-361.639862 -16.087246 1020.718567 ) (-362 -15.937659 1026 ) 
5 592 595 (-375.913513 -30.360188 1020.718689 ) (-378.019501 -32.466061 1020.718689 ) (-379.391418 -33.485310 1024.377197 ) (-376.459564 -30.397205 1026 ) (-376.062439 -30 1026 ) 
5 592 594 (-345.551849 0 1020.718384 ) (-346.155212 -0.603336 1020.718384 ) (-362 -15.937659 1026 ) (-352.060852 -6 1026 ) (-345.781891 0 1023.105164 ) 
3 592 593 (-376.459564 -30.397205 1026 ) (-365.372437 -18.719213 1032.135986 ) (-352.060852 -6 1026 ) 
3 593 695 (-375.608765 -24.737000 1027.754395 ) (-376.756409 -25.946014 1027.119141 ) (-376.566589 -28.783285 1026.405640 ) 
6 593 694 (-365.372253 -18.718540 1032.135620 ) (-367.692993 -16.397850 1032.135620 ) (-375.608765 -24.737000 1027.754395 ) (-376.566589 -28.783285 1026.405640 ) (-376.485626 -29.993195 1026.101318 ) (-376.069031 -29.985395 1026.215698 ) 
3 593 690 (-376.485626 -29.993195 1026.101318 ) (-376.458679 -30.395805 1026 ) (-376.069031 -29.985395 1026.215698 ) 
3 593 595 (-376.065216 -30 1026 ) (-376.461670 -30.396563 1026 ) (-376.488647 -29.993214 1026.100952 ) 
4 593 594 (-352.061646 -5.997715 1026 ) (-361.998138 -15.933741 1026 ) (-365.354218 -14.543919 1027.118164 ) (-356.808044 -5.997732 1027.118164 ) 
5 594 596 (-346.156250 -0.605469 1020.720703 ) (-362 -15.935547 1026.001953 ) (-362 -11.297675 1026.001953 ) (-350.326477 0 1022.110779 ) (-348.714203 0 1021.573364 ) 
4 595 690 (-379.706329 -30.053488 1025.216919 ) (-379.391327 -33.484734 1024.376953 ) (-376.458679 -30.395805 1026 ) (-376.485626 -29.993195 1026.101318 ) 
3 597 669 (-334.304382 0 962.921143 ) (-333.005493 0 961.696533 ) (-333.003998 -3.897945 958.020142 ) 
3 597 661 (-325.453278 0 968.822266 ) (-325.300629 0 970.400879 ) (-324.116699 -1.336604 968.822266 ) 
5 597 615 (-325.300629 0 970.400879 ) (-324.176147 0 982.030151 ) (-306.989197 -17.187210 982.028870 ) (-311.941650 -13.511757 968.822266 ) (-324.116699 -1.336604 968.822266 ) 
5 597 612 (-333.003357 -3.895910 958.025146 ) (-333.005035 0 961.699585 ) (-325.445343 0 968.832703 ) (-311.937744 -13.507642 968.832764 ) (-315.990234 -20.908070 958.026184 ) 
3 598 726 (-244.744522 -80 980.954163 ) (-244.233673 -80 981.435181 ) (-244.176575 -80 982.025696 ) 
5 598 660 (-291.186920 -32.989746 982.027710 ) (-244.177414 -80 982.024170 ) (-244.234207 -80 981.436829 ) (-251.542816 -73.911255 968.822327 ) (-287.511902 -37.941769 968.822266 ) 
4 598 603 (-287.507690 -37.937778 968.832886 ) (-251.531250 -73.914375 968.833130 ) (-262.992126 -73.903236 958.029358 ) (-294.907318 -41.989830 958.027466 ) 
4 599 603 (-280.003906 -68.222656 936.659302 ) (-290.220520 -58.005215 936.659424 ) (-294.917023 -41.984390 958.020569 ) (-262.998627 -73.900963 958.022644 ) 
4 599 602 (-291.399109 -54 942 ) (-292.640350 -57.001198 937.997009 ) (-299.883057 -54.001038 941.997253 ) (-299.882477 -54 942 ) 
3 599 601 (-291.394806 -53.989151 942.013062 ) (-290.216827 -58.005104 936.658447 ) (-292.640350 -57.001198 937.997009 ) 
3 600 609 (-317.494110 -27.892740 942.010437 ) (-319.500702 -28.722244 936.659485 ) (-319 -30.642509 937.997131 ) 
5 600 606 (-298.230225 -49.994884 936.659546 ) (-302.722015 -45.502735 936.659607 ) (-301.892639 -43.497322 942.007446 ) (-297.395813 -47.994656 942.006958 ) (-296.514740 -51 938 ) 
4 600 605 (-302.722015 -45.502735 936.659607 ) (-319.505981 -28.717417 936.659851 ) (-317.500031 -27.888182 942.009094 ) (-301.892639 -43.497322 942.007446 ) 
3 600 604 (-296.220062 -52.005199 936.659485 ) (-298.230225 -49.994884 936.659546 ) (-296.514740 -51 938 ) 
4 600 601 (-298.638550 -51 938 ) (-298.639374 -51.001602 937.996521 ) (-296.220703 -52.003906 936.660156 ) (-296.515320 -51 938 ) 
4 601 604 (-290.220520 -58.005215 936.659424 ) (-296.220062 -52.005199 936.659485 ) (-296.514740 -51 938 ) (-291.394653 -54 942 ) 
3 601 602 (-292.640747 -57.002686 938 ) (-291.399475 -54.001083 942.001160 ) (-298.642853 -51 938 ) 
4 603 660 (-287.511902 -37.941795 968.822266 ) (-251.542816 -73.911255 968.822327 ) (-252.402527 -73.195038 967.338501 ) (-287.098389 -38.499012 967.336365 ) 
4 603 655 (-274.047852 -54 942 ) (-284.499939 -42 958 ) (-287.098389 -38.499012 967.336365 ) (-252.593567 -73.003990 967.338501 ) 
4 603 654 (-252.402527 -73.195038 967.338501 ) (-270.356812 -58.237450 936.349731 ) (-274.047852 -54 942 ) (-252.593567 -73.003990 967.338501 ) 
5 603 604 (-290.217773 -58.003906 936.660156 ) (-291.392303 -54 942 ) (-274.045868 -54 942 ) (-270.353821 -58.238953 936.349060 ) (-280.007507 -62.233986 931.020813 ) 
3 604 662 (-287.253998 -42.953045 919.671997 ) (-292.952820 -37.254227 919.671997 ) (-289.930817 -39.931065 923.241150 ) 
5 604 654 (-280.019531 -50.187500 919.672058 ) (-287.253998 -42.953045 919.671997 ) (-289.930817 -39.931065 923.241150 ) (-274.047882 -54 942 ) (-270.356812 -58.237450 936.349731 ) 
5 604 606 (-298.228882 -49.992126 936.657654 ) (-296.509827 -51 938 ) (-277.433716 -51 938 ) (-281.948853 -47 932.667969 ) (-296.989960 -47 932.667847 ) 
3 604 605 (-281.948853 -47 932.667969 ) (-292.953857 -37.251015 919.670166 ) (-296.989960 -47 932.667847 ) 
4 605 670 (-318.629089 -9.708214 938.989136 ) (-309.317749 -20.887449 919.670471 ) (-315.925415 -20.887165 925.900574 ) (-321 -18.785273 932.666687 ) 
3 605 663 (-315.925415 -20.887165 925.900574 ) (-321.548950 -20.886925 931.202820 ) (-321 -18.785273 932.666687 ) 
5 605 662 (-292.952820 -37.254227 919.671997 ) (-309.316406 -20.890625 919.671936 ) (-318.628204 -9.710104 938.991394 ) (-313 -13.886901 954 ) (-289.930817 -39.931068 923.241150 ) 
5 605 658 (-313 -13.886901 954 ) (-310.746674 -15.559113 960.008850 ) (-289.559174 -36.746880 960.008606 ) (-281.950287 -47 932.666626 ) (-289.930817 -39.931068 923.241150 ) 
7 605 614 (-312.998688 -13.884360 953.998291 ) (-318.627411 -9.706867 938.988342 ) (-320.998657 -18.784334 932.664978 ) (-320.998657 -22.987886 932.664978 ) (-319.500702 -28.722244 936.659485 ) (-317.494110 -27.892740 942.010437 ) (-312.998688 -19.679287 953.998291 ) 
3 605 613 (-320.998657 -18.784334 932.664978 ) (-321.547699 -20.886106 931.200867 ) (-320.998657 -22.987886 932.664978 ) 
4 605 607 (-293.677155 -39.003162 953.991821 ) (-289.557343 -36.748104 960.005310 ) (-310.750458 -15.555191 960.002319 ) (-313.005798 -19.675764 953.988098 ) 
6 605 606 (-293.675232 -39 954.001038 ) (-301.890991 -43.495827 942.009827 ) (-302.720398 -45.502293 936.659241 ) (-296.979523 -47.001945 932.660156 ) (-281.947449 -47.001930 932.660217 ) (-287.886841 -39 954 ) 
4 606 659 (-278.563446 -50 936.666687 ) (-281.950287 -47 932.666626 ) (-287.886902 -39 954 ) (-280.047363 -48 942 ) 
3 606 656 (-277.434692 -51 938 ) (-278.563446 -50 936.666687 ) (-280.047363 -48 942 ) 
4 607 658 (-310.746674 -15.559113 960.008850 ) (-308 -17.597940 967.335022 ) (-291.598267 -34 967.335938 ) (-289.559174 -36.746880 960.008606 ) 
3 608 669 (-333 -13.814819 948.666870 ) (-333.003998 -3.897943 958.020142 ) (-329.165833 -15.402944 943.554504 ) 
4 608 664 (-332.997437 -20.883629 942 ) (-333 -13.814819 948.666870 ) (-329.165833 -15.402944 943.554504 ) (-328.753326 -16.639475 942 ) 
5 608 663 (-330.071259 -20.886559 939.238220 ) (-332.997437 -20.886433 941.997192 ) (-332.997437 -20.883629 942 ) (-328.753326 -16.639475 942 ) (-328.556488 -17.229488 941.257935 ) 
3 608 612 (-328.557709 -17.232098 941.256287 ) (-333.003693 -3.905822 958.014221 ) (-315.988464 -20.917688 958.015320 ) 
4 608 611 (-327.996552 -25.885420 941.995483 ) (-330.067444 -20.886221 939.234314 ) (-328.755951 -17.720230 940.982910 ) (-327.996552 -17.406197 941.995422 ) 
3 608 610 (-328.553345 -17.231163 941.253052 ) (-327.979950 -17.399334 942.017578 ) (-328.755951 -17.720230 940.982910 ) 
5 609 614 (-317.501068 -27.888794 942.007568 ) (-319.506256 -28.717709 936.660400 ) (-323.995605 -24.228861 936.660889 ) (-325 -22.514923 938 ) (-321.995300 -23.395948 942.006287 ) 
3 609 613 (-323.995605 -24.228861 936.660889 ) (-326.004211 -22.220463 936.661072 ) (-325 -22.514923 938 ) 
4 609 610 (-325.003296 -24.636593 937.995544 ) (-325 -24.635212 938 ) (-325 -22.514648 938 ) (-326.004333 -22.220079 936.660889 ) 
4 610 663 (-327.336426 -20.886677 936.659607 ) (-328.754974 -20.886616 937.997131 ) (-328.755707 -17.710493 940.992310 ) (-328.556488 -17.229488 941.257935 ) 
5 610 613 (-326.004211 -22.220463 936.661072 ) (-327.338623 -20.886185 936.661194 ) (-328.557709 -17.232098 941.256287 ) (-328 -17.395651 942 ) (-325 -22.514923 938 ) 
6 610 611 (-327.994080 -17.400444 941.992188 ) (-328 -17.394531 941.992188 ) (-328.750092 -17.704716 940.992065 ) (-328.749573 -20.886244 937.991638 ) (-325.006287 -24.629583 937.991699 ) (-325 -24.626989 938 ) 
3 611 663 (-328.754974 -20.886616 937.997131 ) (-330.071259 -20.886559 939.238220 ) (-328.755707 -17.710493 940.992310 ) 
6 612 669 (-333.005493 0 961.696533 ) (-326.715179 0 955.765808 ) (-323.178650 -4.245973 948.428406 ) (-328 -15.885843 942 ) (-329.165833 -15.402944 943.554504 ) (-333.003998 -3.897943 958.020142 ) 
3 612 664 (-328 -15.885843 942 ) (-328.753326 -16.639475 942 ) (-329.165833 -15.402944 943.554504 ) 
3 612 663 (-328 -15.885843 942 ) (-328.556488 -17.229488 941.257935 ) (-328.753326 -16.639475 942 ) 
5 612 661 (-323.177490 -4.247859 948.429932 ) (-326.715363 0 955.770020 ) (-325.453278 0 968.822266 ) (-324.116669 -1.336609 968.822266 ) (-316 -10.499825 958 ) 
3 612 615 (-324.116669 -1.336609 968.822266 ) (-311.941681 -13.511741 968.822266 ) (-316 -10.499825 958 ) 
3 612 613 (-327.997528 -17.394434 941.996765 ) (-328.554504 -17.231079 941.254150 ) (-327.997620 -15.886512 941.996887 ) 
5 613 663 (-321 -18.785273 932.666687 ) (-321.548950 -20.886925 931.202820 ) (-327.336426 -20.886677 936.659607 ) (-328.556488 -17.229488 941.257935 ) (-328 -15.885843 942 ) 
5 613 614 (-325 -22.512280 937.998718 ) (-323.996613 -24.226398 936.659546 ) (-321 -22.985901 932.664917 ) (-321 -18.786318 932.664917 ) (-325 -17.130066 937.998718 ) 
4 614 670 (-320.831329 -7.064192 943.558228 ) (-318.629089 -9.708214 938.989136 ) (-321 -18.785273 932.666687 ) (-325 -17.128448 938 ) 
3 614 662 (-318.628204 -9.710104 938.991394 ) (-320.830139 -7.066266 943.559814 ) (-313 -13.886901 954 ) 
3 615 661 (-316 -10.498699 958 ) (-325.299927 0 970.401184 ) (-316 0 958 ) 
4 616 653 (-303 0 992.670349 ) (-295.988098 0 1011.367920 ) (-294.196014 -22.062563 1016.146606 ) (-303 -15.519144 992.670227 ) 
4 617 649 (-238.787720 0 964.790833 ) (-239.640244 0 973.613525 ) (-249.854996 -10.214769 973.613403 ) (-246.546616 -7.758882 964.791016 ) 
4 617 645 (-237.263611 0 949.018127 ) (-238.787720 0 964.790833 ) (-246.546616 -7.758882 964.791016 ) (-244 -5.868437 958 ) 
5 617 634 (-240.070999 0 978.071411 ) (-242.059998 0 998.655151 ) (-254.527405 -11.912095 1004.402100 ) (-253 -12.549375 982 ) (-251.526459 -11.455531 978.070618 ) 
4 617 631 (-239.640244 0 973.613525 ) (-240.070999 0 978.071411 ) (-251.526459 -11.455531 978.070618 ) (-249.854996 -10.214769 973.613403 ) 
4 618 646 (-236.062103 0 936.583923 ) (-236.376266 0 939.835083 ) (-251.500000 -13.175218 960 ) (-248.750000 -14.322599 919.666687 ) 
4 618 642 (-248.479538 -14.435444 915.699890 ) (-234.044098 0 915.699829 ) (-236.062103 0 936.583923 ) (-248.750000 -14.322599 919.666687 ) 
4 618 623 (-248.479706 -14.435449 915.699829 ) (-251.500198 -13.175223 960 ) (-251.500214 0 960 ) (-247.608841 0 902.927063 ) 
4 618 619 (-251.498047 0 959.996094 ) (-251.498047 -13.171875 959.996094 ) (-247 -9.252528 953.997437 ) (-247 0 953.997437 ) 
3 619 650 (-252 -12.966604 967.333313 ) (-251.826660 -13.038928 964.790955 ) (-251.046616 -12.258883 964.790955 ) 
4 619 647 (-251.826660 -13.038928 964.790955 ) (-251.500000 -13.175218 960 ) (-247 -9.255030 954 ) (-251.046616 -12.258883 964.790955 ) 
4 619 623 (-251.500198 -13.175223 960 ) (-252 -12.966604 967.333862 ) (-252 0 967.333923 ) (-251.500214 0 960 ) 
5 620 660 (-279.997498 -39.931992 978.015015 ) (-280.004028 -36.253971 1016.145691 ) (-285.585663 -30.671988 1016.145630 ) (-286.545380 -33 982 ) (-285.434784 -34.494453 978.015137 ) 
3 620 655 (-279.994171 -41.814976 958.493774 ) (-279.997498 -39.931992 978.015015 ) (-285.434784 -34.494453 978.015137 ) 
4 620 651 (-279.998230 -40.358047 973.612976 ) (-279.996735 -41.208992 964.791260 ) (-278.241119 -39.453388 964.791260 ) (-275.785431 -36.145248 973.612976 ) 
3 620 644 (-279.996735 -41.208992 964.791260 ) (-279.995667 -41.816967 958.488403 ) (-278.241119 -39.453388 964.791260 ) 
5 620 630 (-280.005402 -36.255253 1016.146423 ) (-279.998993 -39.928265 978.068481 ) (-274.545013 -34.474258 978.068909 ) (-273.450714 -33 982 ) (-274.347900 -30.849749 1013.538574 ) 
4 620 626 (-279.998993 -39.928265 978.068481 ) (-279.998230 -40.358047 973.612976 ) (-275.785431 -36.145248 973.612976 ) (-274.545013 -34.474258 978.068909 ) 
4 621 662 (-279.204315 -37.981438 908.940369 ) (-280.023621 -39.960876 910.032776 ) (-284.232635 -41.703712 915.644775 ) (-288.260925 -37.158104 921.015869 ) 
3 621 659 (-279.991394 -43.373325 942.338074 ) (-279.992554 -42.727909 949.029236 ) (-283.241394 -39 954 ) 
6 621 658 (-288.259491 -37.158333 921.012634 ) (-287.742035 -37.742249 920.322693 ) (-279.989197 -44.613205 929.484009 ) (-279.991394 -43.373325 942.338074 ) (-283.241394 -39 954 ) (-287.163727 -34.500122 960 ) 
5 621 654 (-287.742035 -37.742249 920.322693 ) (-284.232941 -41.701950 915.643921 ) (-280.019318 -45.915688 915.644043 ) (-279.986847 -45.942772 915.700134 ) (-279.989197 -44.613205 929.484009 ) 
3 621 648 (-279.994080 -42.729622 949.026917 ) (-279.992950 -43.375359 942.332642 ) (-276.745270 -39 954 ) 
5 621 646 (-279.992950 -43.375359 942.332642 ) (-279.990784 -44.614571 929.485779 ) (-271.677490 -37.250107 919.666565 ) (-272.824860 -34.500118 960 ) (-276.745270 -39 954 ) 
4 621 643 (-279.990784 -44.614571 929.485779 ) (-279.988434 -45.944355 915.700012 ) (-271.564636 -37.520557 915.699951 ) (-271.677490 -37.250107 919.666565 ) 
5 621 623 (-272.824554 -34.500595 960 ) (-271.564362 -37.520947 915.700623 ) (-279.204041 -37.982014 908.941040 ) (-288.260986 -37.158691 921.019531 ) (-287.165283 -34.500996 959.998596 ) 
4 621 622 (-276.745117 -39.001907 953.995178 ) (-272.823608 -34.499039 959.998352 ) (-287.166351 -34.499035 959.998413 ) (-283.241638 -39.001904 953.995239 ) 
3 622 658 (-286.957611 -34 967.333374 ) (-287.163727 -34.500122 960 ) (-283.241394 -39 954 ) 
3 622 650 (-272.961151 -34.173428 964.791199 ) (-273.033478 -34 967.333374 ) (-273.741119 -34.953396 964.791260 ) 
4 622 646 (-276.745270 -39 954 ) (-272.824860 -34.500118 960 ) (-272.961151 -34.173428 964.791199 ) (-273.741119 -34.953396 964.791260 ) 
4 622 623 (-273.033142 -34 967.331909 ) (-272.824554 -34.500595 960 ) (-287.165283 -34.500996 959.998596 ) (-286.959167 -34.001072 967.330750 ) 
3 623 670 (-284.407501 0 915.876709 ) (-259.147919 0 892.061096 ) (-266.545959 -7.398271 892.061340 ) 
6 623 662 (-313 0 954 ) (-284.396851 0 915.863770 ) (-266.543060 -7.391953 892.058716 ) (-279.204315 -37.981438 908.940369 ) (-288.260925 -37.158104 921.015869 ) (-313 -9.242489 954 ) 
6 623 658 (-313 -9.240734 954 ) (-288.259491 -37.158333 921.012634 ) (-286.957581 -34 967.333313 ) (-287.700592 -33 970 ) (-292.940552 -26.988316 978.015381 ) (-303.994293 -15.934250 978.015198 ) 
3 623 657 (-287.700592 -33 970 ) (-289.934662 -29.994308 978.015442 ) (-292.940552 -26.988316 978.015381 ) 
5 623 653 (-304 -15.927724 977.993652 ) (-295.926575 -21.928623 999.523926 ) (-290.510040 -16.511843 1013.968689 ) (-291.851410 0 1010.392761 ) (-304 0 977.994507 ) 
6 623 650 (-251.826645 -13.038933 964.790894 ) (-252 -12.966607 967.333313 ) (-254.354980 -14.714767 973.613281 ) (-271.285400 -31.645208 973.613037 ) (-273.033478 -34 967.333313 ) (-272.961151 -34.173435 964.791199 ) 
3 623 647 (-251.500000 -13.175221 960 ) (-251.826645 -13.038933 964.790894 ) (-255.093201 -16.305496 964.790955 ) 
7 623 646 (-268.319214 -34.275139 915.699951 ) (-251.725082 -17.680990 915.699890 ) (-248.750000 -14.322599 919.666687 ) (-251.500000 -13.175221 960 ) (-255.093201 -16.305496 964.790955 ) (-272.961151 -34.173435 964.791199 ) (-271.677490 -37.250107 919.666565 ) 
3 623 643 (-271.564636 -37.520557 915.699951 ) (-268.319214 -34.275139 915.699951 ) (-271.677490 -37.250107 919.666565 ) 
3 623 642 (-251.725082 -17.680990 915.699890 ) (-248.479538 -14.435444 915.699890 ) (-248.750000 -14.322599 919.666687 ) 
4 623 627 (-254.354980 -14.714767 973.613281 ) (-256.026367 -15.955471 978.070313 ) (-270.044922 -29.974113 978.069275 ) (-271.285400 -31.645208 973.613037 ) 
5 623 625 (-264.072113 -21.928759 999.523621 ) (-256 -15.936464 977.997070 ) (-256 0 977.997070 ) (-265.849335 0 1004.263000 ) (-267.630676 -18.370102 1009.013306 ) 
6 623 624 (-270.060669 -30 977.997253 ) (-264.069824 -21.925289 999.530640 ) (-267.625305 -18.369797 1009.011963 ) (-290.513184 -16.510887 1013.969055 ) (-295.931152 -21.928047 999.523254 ) (-289.931854 -30 977.997253 ) 
3 624 653 (-295.926575 -21.928623 999.523926 ) (-289.693665 -26.561249 1016.145020 ) (-290.510040 -16.511843 1013.968689 ) 
3 624 625 (-268.278564 -25.051327 1010.741028 ) (-264.072113 -21.928759 999.523621 ) (-267.630676 -18.370102 1009.013306 ) 
3 626 655 (-279.997528 -39.926838 978.068420 ) (-279.996765 -40.356609 973.612915 ) (-278.245514 -42.457726 969.980469 ) 
4 626 651 (-278.246979 -42.457024 969.984619 ) (-279.997528 -40.356838 973.615540 ) (-275.784973 -36.144268 973.615601 ) (-273.295654 -37.505959 969.984436 ) 
4 626 630 (-278.245117 -42.459976 969.973450 ) (-273.295319 -37.510162 969.973267 ) (-274.546478 -34.476276 978.063599 ) (-279.998138 -39.927967 978.063171 ) 
4 627 650 (-271.284943 -31.644228 973.615662 ) (-254.355988 -14.715235 973.615906 ) (-252.993912 -17.205214 969.983704 ) (-268.795471 -33.006001 969.984253 ) 
5 628 660 (-256.005035 -63.926151 978.013428 ) (-270.304688 -45.953922 1016.145813 ) (-277.685486 -38.572666 1016.145691 ) (-277.683472 -41.861145 982.013916 ) (-276.816162 -43.113548 978.014954 ) 
6 628 655 (-254.692337 -67.033340 959.377625 ) (-251.247360 -69.905762 965.326294 ) (-256.005035 -63.926151 978.013428 ) (-276.816162 -43.113548 978.014954 ) (-272.479950 -49.375160 958.021362 ) (-266.440674 -56.621010 945.494507 ) 
3 628 654 (-264.756012 -58.642250 942 ) (-254.692337 -67.033340 959.377625 ) (-266.440674 -56.621010 945.494507 ) 
4 628 636 (-264.755646 -58.643082 942 ) (-272.481262 -49.374352 958.025452 ) (-265.087555 -41.980629 958.025574 ) (-260.111542 -54 942 ) 
6 628 632 (-242.500580 -36.386276 942 ) (-248.507660 -25.404823 958.017944 ) (-257.506470 -21.683853 982.014709 ) (-268.763306 -30.046894 1012.032898 ) (-270.305725 -45.953617 1016.146240 ) (-251.247803 -69.905800 965.325500 ) 
4 628 630 (-268.823730 -32.998814 982.018860 ) (-277.685028 -41.860268 982.018494 ) (-277.686890 -38.572186 1016.146118 ) (-269.682648 -30.923540 1012.456238 ) 
4 628 629 (-277.684448 -41.860222 982.025024 ) (-268.814850 -32.990620 982.025391 ) (-265.091278 -41.995201 958.013123 ) (-272.476501 -49.380455 958.013000 ) 
3 629 660 (-277.683472 -41.861145 982.013916 ) (-277.683228 -42.246429 978.014954 ) (-276.816162 -43.113548 978.014954 ) 
4 629 655 (-277.683228 -42.246429 978.014954 ) (-277.682678 -43.132999 968.813049 ) (-272.479950 -49.375160 958.021362 ) (-276.816162 -43.113548 978.014954 ) 
4 629 652 (-272.481262 -49.374352 958.025452 ) (-277.683258 -43.133343 968.815369 ) (-272.494324 -37.944332 968.815491 ) (-265.097473 -41.990555 958.025574 ) 
4 629 630 (-272.495148 -37.942719 968.819763 ) (-277.684296 -43.131935 968.819641 ) (-277.685028 -41.860268 982.018494 ) (-268.817963 -32.993053 982.018860 ) 
5 630 660 (-277.685486 -38.572666 1016.145691 ) (-280.004028 -36.253971 1016.145691 ) (-279.997528 -39.926838 978.068420 ) (-279.985931 -39.943569 978.014954 ) (-277.683228 -42.246437 978.014832 ) 
4 630 655 (-279.985931 -39.943569 978.014954 ) (-278.245514 -42.457726 969.980469 ) (-277.682678 -43.132999 968.813049 ) (-277.683228 -42.246437 978.014832 ) 
4 630 652 (-277.683258 -43.133343 968.815369 ) (-278.246979 -42.457024 969.984619 ) (-273.295654 -37.505959 969.984436 ) (-272.494324 -37.944328 968.815491 ) 
4 631 649 (-249.855972 -10.215218 973.615967 ) (-239.640778 0 973.616150 ) (-235.787903 0 969.983215 ) (-248.493820 -12.705325 969.983582 ) 
4 631 634 (-248.492599 -12.704734 969.980347 ) (-235.787262 0 969.979919 ) (-240.073517 0 978.071472 ) (-251.526474 -11.453159 978.070618 ) 
3 632 726 (-239.140793 -80 986.230774 ) (-213.154449 -80 1010.700073 ) (-236.260208 -80 1016.146729 ) 
5 632 660 (-243.900421 -76.031647 978.012695 ) (-239.141068 -80 986.230957 ) (-236.260788 -80 1016.146301 ) (-270.304688 -45.953922 1016.145813 ) (-256.005035 -63.926151 978.013428 ) 
3 632 655 (-251.247360 -69.905762 965.326294 ) (-243.900421 -76.031647 978.012695 ) (-256.005035 -63.926151 978.013428 ) 
4 632 635 (-223.107117 0 958.026306 ) (-206.112000 0 942.001282 ) (-232 -25.888643 942.001160 ) (-244.019424 -20.912422 958.025879 ) 
4 632 634 (-254.602600 -16.512779 1005.504578 ) (-237.322205 0 997.538635 ) (-235.826279 0 982.021790 ) (-253.001404 -17.175592 982.020752 ) 
4 632 633 (-223.099121 0 958.019958 ) (-244.007339 -20.907814 958.019592 ) (-253.009735 -17.185442 982.026001 ) (-235.824554 0 982.026672 ) 
4 633 649 (-234.550507 0 968.816467 ) (-223.107117 0 958.026306 ) (-244.009689 -20.902693 958.025879 ) (-248.056000 -13.505689 968.816040 ) 
4 633 634 (-234.553223 0 968.816711 ) (-248.056122 -13.503231 968.816345 ) (-253.007782 -17.181971 982.020752 ) (-235.826279 0 982.021790 ) 
4 634 649 (-235.787903 0 969.983215 ) (-234.550507 0 968.816467 ) (-248.056000 -13.505686 968.816040 ) (-248.493820 -12.705339 969.983582 ) 
4 635 649 (-244.012924 -20.911083 958.017212 ) (-223.101913 0 958.017578 ) (-221.812012 0 955.583984 ) (-232 -17.387966 942 ) 
4 635 642 (-221.812012 0 955.583984 ) (-211.782501 0 936.661865 ) (-227.996384 -16.213789 936.661865 ) (-232 -17.387966 942 ) 
3 635 641 (-232 -17.399164 942 ) (-229.001968 -18.643291 938.002686 ) (-232 -25.886463 942 ) 
3 635 638 (-232.020935 -17.390472 942.027954 ) (-227.994736 -16.209805 936.659668 ) (-229.001968 -18.643291 938.002686 ) 
3 636 655 (-266.440674 -56.621010 945.494507 ) (-272.479950 -49.375195 958.021301 ) (-269.085327 -54.277111 942.369263 ) 
5 636 654 (-266.936798 -56.823925 938.234436 ) (-264.756012 -58.642250 942 ) (-266.440674 -56.621010 945.494507 ) (-269.085327 -54.277111 942.369263 ) (-268.810120 -54.674538 941.100281 ) 
4 636 652 (-269.085693 -54.277473 942.369690 ) (-272.479187 -49.377460 958.016724 ) (-265.088898 -41.987137 958.016846 ) (-268.612122 -54 942 ) 
3 636 643 (-268.810181 -54.675312 941.099304 ) (-269.085693 -54.277473 942.369690 ) (-268.612122 -54 942 ) 
4 636 640 (-260.113861 -54 942 ) (-266.938934 -56.826073 938.234192 ) (-267.876465 -55.750633 939.668274 ) (-268.602600 -54.001019 942.001099 ) 
3 636 639 (-268.813477 -54.675781 941.101563 ) (-268.610229 -53.982632 942.025635 ) (-267.876465 -55.750633 939.668274 ) 
5 637 648 (-262.607086 -47.983139 942.022156 ) (-258.115692 -43.491844 942.022034 ) (-257.284698 -45.501938 936.661804 ) (-261.779236 -49.996460 936.661804 ) (-263.491852 -51 938 ) 
5 637 646 (-258.115692 -43.491844 942.022034 ) (-238.015976 -23.392582 942.021362 ) (-235 -22.508080 938 ) (-236.003662 -24.221020 936.661865 ) (-257.284698 -45.501938 936.661804 ) 
3 637 643 (-261.779236 -49.996460 936.661804 ) (-263.786163 -52.003372 936.661804 ) (-263.491852 -51 938 ) 
3 637 642 (-235 -22.508080 938 ) (-233.996368 -22.213737 936.661865 ) (-236.003662 -24.221020 936.661865 ) 
3 637 639 (-263.493042 -51 938 ) (-263.787506 -52.004665 936.661682 ) (-261.361481 -51 938 ) 
3 637 638 (-235.001465 -24.637848 937.998047 ) (-234 -22.216595 936.661804 ) (-235.001480 -22.510487 937.998047 ) 
4 638 642 (-232 -17.387966 942 ) (-227.996384 -16.213789 936.661865 ) (-233.996368 -22.213737 936.661865 ) (-235 -22.508080 938 ) 
3 638 641 (-235 -24.638781 938 ) (-229.006042 -18.644798 938 ) (-232.002914 -17.401094 941.996094 ) 
4 639 654 (-267.847504 -56.064575 936.661865 ) (-267.070801 -56.712185 938.003052 ) (-267.874695 -55.747814 939.669250 ) (-268.810120 -54.674538 941.100281 ) 
5 639 643 (-267.847778 -56.064957 936.661804 ) (-268.810181 -54.675312 941.099304 ) (-268.612122 -54 942 ) (-263.491852 -51 938 ) (-263.786163 -52.003372 936.661804 ) 
4 639 640 (-268.595367 -54 942 ) (-267.864410 -55.760838 939.650696 ) (-267.070221 -56.713554 938.004639 ) (-261.360474 -51.003132 938.003967 ) 
3 640 654 (-267.070801 -56.712185 938.003052 ) (-266.936798 -56.823925 938.234436 ) (-267.874695 -55.747814 939.669250 ) 
3 642 649 (-231.982300 -17.359295 942.020935 ) (-221.811417 0 955.582153 ) (-224.794296 0 951.604980 ) 
5 642 646 (-236.001419 -24.218987 936.662048 ) (-234.998978 -22.508059 937.998657 ) (-235 0 937.998718 ) (-236.061874 0 936.581604 ) (-251.723099 -17.679005 915.699951 ) 
4 642 645 (-232 -17.387812 941.998657 ) (-231.982300 -17.359295 942.020935 ) (-224.794296 0 951.604980 ) (-232 0 941.998718 ) 
4 643 654 (-279.986847 -45.942772 915.700134 ) (-267.847504 -56.064575 936.661865 ) (-269.085327 -54.277130 942.369263 ) (-279.989197 -44.613201 929.484009 ) 
5 643 648 (-277.298431 -46.998672 932.670471 ) (-272.785950 -50.997841 938.002563 ) (-263.477814 -50.998009 938.002319 ) (-261.772797 -50 936.670288 ) (-263.020905 -46.998859 932.669983 ) 
4 643 646 (-268.315613 -34.271496 915.699951 ) (-279.990021 -44.613274 929.490051 ) (-277.298431 -46.998672 932.670471 ) (-263.020905 -46.998859 932.669983 ) 
3 643 644 (-269.400818 -53.997894 942.002502 ) (-269.081360 -54.281025 942.380005 ) (-268.598114 -53.997910 942.002502 ) 
5 644 655 (-279.995239 -41.207531 964.791260 ) (-279.994171 -41.814980 958.493713 ) (-279.856323 -42 958 ) (-269.398041 -54 942 ) (-269.143921 -54.225185 942.299988 ) 
5 644 652 (-269.144318 -54.225822 942.299805 ) (-268.636719 -54.015625 942.019531 ) (-268.606201 -53.985107 942.019531 ) (-272.329254 -45.013233 953.982117 ) (-274.780640 -47.464375 953.982483 ) 
5 644 651 (-272.329254 -45.013233 953.982117 ) (-273.579437 -42 958 ) (-278.240509 -39.453247 964.791748 ) (-279.995636 -41.208374 964.791809 ) (-274.780640 -47.464375 953.982483 ) 
6 645 649 (-232.014252 -17.391926 942.019043 ) (-231.986206 -17.363882 942.019043 ) (-224.796265 0 951.605652 ) (-238.787445 0 964.790161 ) (-246.546417 -7.759005 964.790466 ) (-244 -12.418760 958 ) 
3 646 658 (-279.991394 -43.373325 942.338074 ) (-279.989197 -44.613201 929.484009 ) (-277.296021 -47 932.666565 ) 
4 646 650 (-246.983719 -19.670536 953.978333 ) (-255.093109 -16.305731 964.790833 ) (-273.740601 -34.953293 964.791565 ) (-266.322510 -39.007168 953.981201 ) 
7 646 648 (-277.295776 -47.001976 932.664001 ) (-263.030273 -47.001965 932.664063 ) (-257.284698 -45.502556 936.662292 ) (-258.116577 -43.492798 942.021484 ) (-266.334961 -39.001530 953.997742 ) (-276.745728 -39.001545 953.997742 ) (-279.991516 -43.374790 942.336182 ) 
3 646 647 (-255.096283 -16.308455 964.792419 ) (-246.998016 -19.669241 953.994751 ) (-246.998032 -9.253569 953.994751 ) 
3 647 650 (-251.046509 -12.259108 964.790649 ) (-255.093109 -16.305731 964.790833 ) (-247 -19.663757 954 ) 
5 648 659 (-279.992554 -42.727909 949.029236 ) (-279.991394 -43.373325 942.338074 ) (-277.296021 -47 932.666565 ) (-273.911072 -50 936.666565 ) (-275.397217 -48 942 ) 
3 648 656 (-273.911072 -50 936.666565 ) (-272.782959 -51 938 ) (-275.397217 -48 942 ) 
4 651 655 (-278.245514 -42.457729 969.980408 ) (-279.996765 -40.356609 973.612915 ) (-279.995239 -41.207531 964.791260 ) (-274.779816 -47.464146 953.981384 ) 
5 651 652 (-274.781128 -47.463982 953.981140 ) (-272.330719 -45.014072 953.980957 ) (-271.444611 -42 958 ) (-273.296143 -37.506958 969.981812 ) (-278.247192 -42.457012 969.982666 ) 
5 652 655 (-269.085327 -54.277130 942.369263 ) (-272.479950 -49.375195 958.021301 ) (-278.245514 -42.457729 969.980408 ) (-274.779816 -47.464146 953.981384 ) (-269.143921 -54.225185 942.299988 ) 
4 654 662 (-287.250000 -42.953125 919.667969 ) (-289.928375 -39.929607 923.239136 ) (-287.742218 -37.743439 920.324219 ) (-284.232635 -41.703712 915.644775 ) 
3 654 660 (-252.585175 -73.010605 967.347290 ) (-252.395340 -73.200432 967.347290 ) (-252.083374 -73.304413 967.739014 ) 
4 654 659 (-273.911804 -50.001179 936.663879 ) (-277.296906 -47.001186 932.663818 ) (-281.947876 -47.001144 932.663879 ) (-278.561157 -50.001122 936.663940 ) 
4 654 658 (-277.296906 -47.001186 932.663818 ) (-287.741364 -37.744965 920.321899 ) (-289.928467 -39.931889 923.238037 ) (-281.947876 -47.001144 932.663879 ) 
4 654 656 (-272.783051 -51.001507 937.997681 ) (-273.911804 -50.001179 936.663879 ) (-278.561157 -50.001122 936.663940 ) (-277.431885 -51.001450 937.997742 ) 
5 654 655 (-252.582657 -73.013084 967.347229 ) (-252.087448 -73.303078 967.733887 ) (-254.697540 -67.029510 959.368774 ) (-269.398010 -54.001457 941.997681 ) (-274.045166 -54.001434 941.997803 ) 
5 655 660 (-243.902344 -76.031250 978.012024 ) (-285.437653 -34.495941 978.011169 ) (-287.100006 -38.495857 967.344727 ) (-252.585175 -73.010605 967.347290 ) (-252.083374 -73.304413 967.739014 ) 
4 656 659 (-273.914063 -50 936.669250 ) (-278.562531 -50 936.669250 ) (-280.045837 -48 941.998901 ) (-275.399261 -48 941.998779 ) 
3 657 658 (-291.182343 -33.001427 969.996399 ) (-292.939240 -26.991653 978.009460 ) (-287.701233 -33.001442 969.996399 ) 
4 658 662 (-289.928375 -39.929607 923.239136 ) (-313 -13.885298 954 ) (-313 -9.242492 954 ) (-287.742218 -37.743439 920.324219 ) 
4 658 659 (-281.948853 -47 932.666870 ) (-277.297546 -47 932.666870 ) (-283.244415 -39 954 ) (-287.886047 -39 954 ) 
4 660 726 (-244.233673 -80 981.435181 ) (-239.140793 -80 986.230774 ) (-236.260208 -80 1016.146729 ) (-240.774643 -80 1017.210876 ) 
3 661 669 (-326.715179 0 955.765808 ) (-321.419952 0 950.773315 ) (-323.178650 -4.245987 948.428345 ) 
6 662 670 (-317.905365 0 947.459656 ) (-284.407501 0 915.876709 ) (-266.545959 -7.398271 892.061340 ) (-280.035980 -20.888704 892.061707 ) (-309.317749 -20.887449 919.670471 ) (-320.831360 -7.064167 943.558289 ) 
5 663 670 (-325 -17.133793 937.998718 ) (-290.547455 -31.398485 892.060669 ) (-277.551147 0 874.732300 ) (-321.425598 0 933.231506 ) (-325 -8.638083 937.998718 ) 
4 663 667 (-323.994873 -6.210390 936.661804 ) (-321.424347 0 933.234436 ) (-330.802887 0 924.403870 ) (-339.996429 -22.211777 936.661926 ) 
3 663 666 (-338 -25.884573 942 ) (-335.002777 -18.643169 938.003662 ) (-340.997284 -24.637617 938.003723 ) 
4 663 665 (-335.002777 -18.643169 938.003662 ) (-333.996429 -16.211838 936.661865 ) (-339.996429 -22.211777 936.661926 ) (-341.002777 -24.643110 938.003723 ) 
4 663 664 (-338.001556 -25.888260 942.002075 ) (-328 -15.886719 942.001953 ) (-323.994873 -6.210390 936.661804 ) (-333.996429 -16.211838 936.661865 ) 
3 664 670 (-325.001007 -8.638078 937.998718 ) (-323.997467 -6.213566 936.660645 ) (-325.001007 -6.507902 937.998657 ) 
4 664 669 (-340.023560 -10.914038 958.028809 ) (-328.002991 -15.890877 942.001404 ) (-328 -15.885900 941.998657 ) (-328 -7.387800 941.998657 ) 
4 664 668 (-340.011719 -10.909180 958.015625 ) (-333 -8.852710 948.667114 ) (-338 -17.387213 942 ) (-350.012085 -20.910221 958.016113 ) 
4 664 667 (-333 -8.852710 948.667114 ) (-323.992188 -6.210938 936.657898 ) (-333.993408 -16.212101 936.657837 ) (-338 -17.387213 942 ) 
3 664 666 (-338 -17.400215 942 ) (-335.002258 -18.644724 938.001709 ) (-338 -25.887287 941.998718 ) 
3 664 665 (-338.016998 -17.393375 942.021362 ) (-333.996094 -16.213867 936.660156 ) (-335.002258 -18.644724 938.001709 ) 
4 665 667 (-333.993408 -16.212101 936.657837 ) (-339.993378 -22.212051 936.657837 ) (-341 -22.507313 938 ) (-338 -17.387205 942 ) 
3 665 666 (-341 -24.648441 938 ) (-334.996094 -18.644531 938 ) (-337.998077 -17.399517 942.002686 ) 
4 667 670 (-325.001007 -6.507902 937.998657 ) (-323.997467 -6.213566 936.660645 ) (-321.425598 0 933.231506 ) (-325 0 937.998718 ) 
4 667 669 (-333.001038 -8.854322 948.665405 ) (-328 -7.387800 941.998657 ) (-328 0 941.998718 ) (-333.001068 0 948.665466 ) 
4 667 668 (-338.001465 -17.381172 942.001892 ) (-333.001434 -8.847672 948.668640 ) (-333.001434 0 948.668640 ) (-338.001648 0 942.002197 ) 
5 668 669 (-351.714294 -6.073749 973.616455 ) (-340.023560 -10.914038 958.028809 ) (-333.001038 -8.854322 948.665405 ) (-333.001068 0 948.665466 ) (-344.742249 0 964.320374 ) 
3 671 726 (-350.158905 -80 970.046204 ) (-346.349426 -80 973.640808 ) (-345.928070 -80 978.017578 ) 
4 671 683 (-390.214386 -36.136215 973.637085 ) (-348.618652 -77.729935 973.639404 ) (-355.129852 -75.031586 970.041565 ) (-392.677734 -37.485176 970.039856 ) 
4 671 680 (-348.618652 -77.729935 973.639404 ) (-346.348480 -80 973.639526 ) (-350.161255 -80 970.041809 ) (-355.129852 -75.031586 970.041565 ) 
4 671 675 (-392.682251 -37.485004 970.040283 ) (-350.165527 -80 970.042358 ) (-345.927490 -80 978.028137 ) (-391.438385 -34.490665 978.025208 ) 
3 672 701 (-410 -15.931892 978.013489 ) (-410.297668 -16.054811 973.637329 ) (-410.542694 -19.618549 970.043396 ) 
4 672 682 (-410.546021 -19.617598 970.039001 ) (-410.300781 -16.050781 973.635986 ) (-394.714539 -31.636290 973.636841 ) (-397.177856 -32.985233 970.039612 ) 
6 673 726 (-346.436005 -80 1020.722290 ) (-408.222595 -80 1004.068359 ) (-410.487549 -80 970.848999 ) (-379.886627 -80 941.995239 ) (-362.902191 -80 958.021667 ) (-350.175873 -80 982.032898 ) 
6 673 697 (-412.455261 -47.433788 941.992615 ) (-410.488098 -80 970.844604 ) (-408.222839 -80 1004.068359 ) (-407.087311 -19.348392 1020.722473 ) (-409.725433 -20.450453 982.030151 ) (-411.362274 -31.538128 958.022888 ) 
3 673 685 (-407.088287 -19.347460 1020.722107 ) (-408.223816 -80 1004.067688 ) (-346.436066 -80 1020.721924 ) 
4 673 676 (-400.916656 -41.986259 958.018555 ) (-362.904449 -80 958.017456 ) (-379.885559 -80 941.994324 ) (-405.880981 -54.004478 941.994202 ) 
4 673 675 (-396.073730 -30.359928 1020.722473 ) (-346.433899 -80 1020.722290 ) (-350.177612 -80 982.029602 ) (-397.178162 -32.998047 982.030090 ) 
4 673 674 (-362.896515 -80 958.025879 ) (-400.843597 -42.051369 958.026855 ) (-397.133789 -33.042004 982.028809 ) (-350.175781 -80 982.030945 ) 
3 674 726 (-362.902191 -80 958.021667 ) (-351.452545 -80 968.825500 ) (-350.175873 -80 982.032898 ) 
5 674 683 (-393.511047 -37.941551 968.822876 ) (-357.335052 -74.117722 968.823059 ) (-376.890045 -66.013840 958.017883 ) (-400.845917 -42.057003 958.018555 ) (-400.793396 -41.929428 958.188477 ) 
4 674 680 (-357.335052 -74.117722 968.823059 ) (-351.452789 -80 968.823120 ) (-362.904449 -80 958.017456 ) (-376.890045 -66.013840 958.017883 ) 
5 674 675 (-351.455292 -80 968.824341 ) (-393.512634 -37.941105 968.824036 ) (-397.138824 -33.054237 981.855713 ) (-397.133911 -33.042297 982.030090 ) (-350.177612 -80 982.029602 ) 
5 675 726 (-341.693787 -80 1022 ) (-346.436005 -80 1020.722290 ) (-351.452545 -80 968.825500 ) (-350.158905 -80 970.046204 ) (-345.928070 -80 978.017578 ) 
4 675 690 (-396.075836 -30.359962 1020.722046 ) (-346.436066 -80 1020.721924 ) (-341.693787 -80 1022 ) (-391.423157 -30.272850 1022 ) 
4 675 683 (-392.677704 -37.485195 970.039856 ) (-355.129852 -75.031586 970.041565 ) (-357.335052 -74.117722 968.823059 ) (-393.511078 -37.941536 968.822876 ) 
4 675 680 (-355.129852 -75.031586 970.041565 ) (-350.161255 -80 970.041809 ) (-351.452789 -80 968.823120 ) (-357.335052 -74.117722 968.823059 ) 
3 676 726 (-379.886627 -80 941.995239 ) (-374.225586 -80 936.657410 ) (-362.902100 -80 958.021790 ) 
3 676 683 (-400.913910 -41.984928 958.020264 ) (-376.884552 -66.015190 958.019653 ) (-397.389832 -54 942 ) 
5 676 680 (-376.884552 -66.015190 958.019653 ) (-362.900269 -80 958.019287 ) (-374.223297 -80 936.655334 ) (-396.214142 -58.008801 936.654968 ) (-397.389832 -54 942 ) 
5 676 679 (-397.397552 -54.002171 942.002258 ) (-397.396088 -54.007206 941.995544 ) (-398.637268 -57.007149 937.995300 ) (-405.882080 -54.005615 941.996277 ) (-405.880463 -54.001686 942.001526 ) 
3 676 678 (-397.396088 -54.007206 941.995544 ) (-396.222870 -58.007431 936.661926 ) (-398.637268 -57.007149 937.995300 ) 
3 677 711 (-412.819275 -41.407421 936.653564 ) (-412.727966 -42.919136 937.992859 ) (-412.454010 -38.933189 942.010803 ) 
5 677 684 (-407.886993 -43.493782 942.016846 ) (-403.393311 -47.987659 942.016663 ) (-402.509705 -51 938 ) (-404.231140 -49.991669 936.654846 ) (-408.718170 -45.504574 936.654785 ) 
4 677 681 (-412.820007 -41.402657 936.654724 ) (-412.454407 -38.926147 942.017029 ) (-407.886993 -43.493782 942.016846 ) (-408.718170 -45.504574 936.654785 ) 
3 677 680 (-402.509705 -51 938 ) (-402.213867 -52.008972 936.654907 ) (-404.231140 -49.991669 936.654846 ) 
4 677 678 (-404.632233 -51.001759 938.001587 ) (-404.634735 -51.007786 937.993530 ) (-402.214478 -52.010315 936.656738 ) (-402.510284 -51.001678 938.001587 ) 
4 678 680 (-397.389832 -54 942 ) (-396.214142 -58.008801 936.654968 ) (-402.213867 -52.008972 936.654907 ) (-402.509705 -51 938 ) 
4 678 679 (-398.642639 -57.005074 937.998413 ) (-397.400604 -54.002182 942.002319 ) (-404.646027 -51 938 ) (-404.646423 -51.001320 937.998413 ) 
4 680 726 (-374.225586 -80 936.657410 ) (-351.933441 -80 915.638062 ) (-346.349426 -80 973.640808 ) (-362.902100 -80 958.021790 ) 
5 680 684 (-404.233368 -49.992756 936.657959 ) (-402.514862 -51 938 ) (-378.781860 -51 938 ) (-383.295410 -47 932.666748 ) (-402.993896 -47 932.667236 ) 
4 680 683 (-397.394836 -54 942 ) (-376.875000 -66.023438 958.031250 ) (-348.613464 -77.735458 973.647400 ) (-375.396637 -54 942 ) 
3 680 681 (-383.295410 -47 932.666748 ) (-397.705292 -34.229961 915.639832 ) (-402.993896 -47 932.667236 ) 
4 681 712 (-414.252319 -17.683975 915.635864 ) (-412.819275 -41.407421 936.653564 ) (-412.454010 -38.933189 942.010803 ) (-410.898621 -16.302378 964.823486 ) 
6 681 684 (-407.895233 -43.496590 942.006470 ) (-408.724365 -45.502144 936.658325 ) (-402.988983 -47 932.663086 ) (-383.295471 -47 932.663147 ) (-389.241608 -38.998367 954.002441 ) (-399.675110 -38.998268 954.002563 ) 
4 681 682 (-399.680664 -39.001106 953.989197 ) (-392.260468 -34.940228 964.818237 ) (-410.898834 -16.302721 964.817444 ) (-411.634766 -27.048553 953.986694 ) 
4 682 713 (-410.542694 -19.618580 970.043396 ) (-410.297668 -16.054811 973.637329 ) (-410.898621 -16.302378 964.823486 ) (-411.636597 -27.039711 954 ) 
4 685 726 (-403.863647 -80 1068 ) (-408.222595 -80 1004.068359 ) (-346.435974 -80 1020.722290 ) (-341.865936 -80 1068 ) 
4 685 724 (-331.217804 -80 1178.156372 ) (-396.353027 -80 1178.156372 ) (-403.863647 -80 1068 ) (-341.865936 -80 1068 ) 
4 685 715 (-408.222839 -80 1004.068359 ) (-407.720764 -80 1011.432251 ) (-406.727386 -19.198040 1026.001465 ) (-407.087311 -19.348396 1020.722473 ) 
5 685 714 (-407.720764 -80 1011.432251 ) (-396.353058 -80 1178.158569 ) (-393.724487 -57.725548 1216.710693 ) (-393.724487 -13.766190 1216.710693 ) (-406.727386 -19.198040 1026.001465 ) 
5 685 692 (-406.726044 -19.197311 1026.002075 ) (-393.722992 -13.765449 1216.713379 ) (-390.611603 -16.356297 1222.098633 ) (-395.388245 -28.718925 1044.790527 ) (-395.923370 -30 1026.001953 ) 
3 685 691 (-390.611603 -16.356297 1222.098633 ) (-390.323975 -16.595795 1222.596436 ) (-395.388245 -28.718925 1044.790527 ) 
5 685 690 (-346.433594 -80 1020.723206 ) (-396.073730 -30.359867 1020.723389 ) (-390.323975 -16.595795 1222.596436 ) (-369.737762 -33.737770 1258.226807 ) (-331.215393 -80 1178.156372 ) 
4 686 714 (-393.724487 -9.178956 1216.710693 ) (-393.724487 0 1216.710693 ) (-405.957703 0 1037.290161 ) (-405.734314 -14.121511 1040.566406 ) 
5 686 696 (-386 -5.998569 1034 ) (-380.399506 -3.693978 1032.136230 ) (-371.423553 0 1035.551270 ) (-371.423553 0 1255.309082 ) (-385.623260 -5.843767 1230.732300 ) 
4 686 692 (-393.724243 -9.177662 1216.711182 ) (-405.734131 -14.120235 1040.566040 ) (-386 -5.998569 1034 ) (-386.425812 -6.174047 1229.343262 ) 
3 686 691 (-386 -5.998569 1034 ) (-385.623260 -5.843767 1230.732300 ) (-386.425812 -6.174047 1229.343262 ) 
5 686 687 (-385.991577 -5.996761 1033.998901 ) (-405.734039 -14.121566 1040.567627 ) (-405.957275 0 1037.291748 ) (-384.087616 0 1032.136719 ) (-383.677521 -0.410137 1032.136719 ) 
4 687 714 (-405.957703 0 1037.290161 ) (-406.318390 0 1032 ) (-405.994995 -14.228795 1036.743042 ) (-405.734314 -14.121511 1040.566406 ) 
3 687 692 (-405.734131 -14.120235 1040.566040 ) (-405.994812 -14.227523 1036.742554 ) (-386 -5.998619 1034 ) 
5 687 688 (-385.998505 -5.990022 1033.997925 ) (-386.005859 -6.007813 1034.003906 ) (-405.994629 -14.234015 1036.745972 ) (-406.318115 0 1032 ) (-388.480072 0 1032 ) 
3 688 717 (-406.413727 0 1030.601685 ) (-406.609772 0 1027.726440 ) (-406.511749 -6 1029.164063 ) 
5 688 714 (-406.318390 0 1032 ) (-406.413727 0 1030.601685 ) (-406.511749 -6 1029.164063 ) (-406.374756 -14.385078 1031.173340 ) (-405.994995 -14.228795 1036.743042 ) 
3 688 692 (-405.994812 -14.227523 1036.742554 ) (-406.374542 -14.383800 1031.173096 ) (-386 -5.998619 1034 ) 
5 688 689 (-386.012085 -5.980244 1033.993408 ) (-386.003906 -6 1034 ) (-406.374481 -14.383351 1031.173950 ) (-406.609528 0 1027.727295 ) (-400.462616 0 1029.176514 ) 
5 689 717 (-406.609772 0 1027.726440 ) (-406.651550 0 1027.113525 ) (-406.651550 -14.498995 1027.113525 ) (-406.650604 -14.498599 1027.127563 ) (-406.511749 -6 1029.164063 ) 
3 689 714 (-406.650604 -14.498599 1027.127563 ) (-406.374756 -14.385078 1031.173340 ) (-406.511749 -6 1029.164063 ) 
4 689 692 (-406.374542 -14.383800 1031.173096 ) (-406.651337 -14.497707 1027.113647 ) (-385.996613 -5.997426 1033.998535 ) (-386 -5.998619 1034 ) 
4 690 726 (-208 -80 1068 ) (-341.865936 -80 1068 ) (-346.435974 -80 1020.722290 ) (-208 -80 1058.036255 ) 
4 690 724 (-192.354996 -80 1068 ) (-256 -80 1178.156372 ) (-331.217804 -80 1178.156372 ) (-341.865936 -80 1068 ) 
5 690 696 (-196.674332 -26.626699 1075.475708 ) (-329.700012 -29.117195 1038.948486 ) (-366.210846 -13.750193 1264.331177 ) (-347.547729 -11.547782 1296.633179 ) (-324.452240 -11.547783 1296.633179 ) 
5 690 694 (-329.852264 -29.120045 1038.906738 ) (-376.856018 -30 1026 ) (-395.872070 -30 1026 ) (-390.038513 -16.562067 1223.090332 ) (-366.962921 -13.838944 1263.029541 ) 
4 690 693 (-329.700012 -29.117195 1038.948486 ) (-329.852264 -29.120045 1038.906738 ) (-366.962921 -13.838944 1263.029541 ) (-366.210846 -13.750193 1264.331177 ) 
4 690 691 (-395.372375 -28.677729 1045.393921 ) (-390.325287 -16.595909 1222.593994 ) (-390.038513 -16.562067 1223.090332 ) (-395.965912 -30.216187 1022.829895 ) 
5 691 694 (-390.038818 -16.559216 1223.089722 ) (-395.872314 -29.997084 1026 ) (-387.401520 -9.403645 1032.865479 ) (-386 -6 1034.436890 ) (-385.734161 -6.109458 1230.540405 ) 
3 691 693 (-386 -6 1034.436890 ) (-385.625458 -5.845571 1230.728516 ) (-385.734161 -6.109458 1230.540405 ) 
6 691 692 (-386.001953 -6.003906 1034.425781 ) (-387.371796 -9.332397 1032.890869 ) (-395.881134 -29.996965 1026.012573 ) (-395.322113 -28.547995 1047.264160 ) (-390.612091 -16.357874 1222.097656 ) (-386.426727 -6.176947 1229.341553 ) 
4 692 714 (-393.724487 -13.766190 1216.710693 ) (-393.724487 -9.178956 1216.710693 ) (-406.650604 -14.498602 1027.127563 ) (-406.727386 -19.198038 1026.001465 ) 
3 692 694 (-386.001617 -6 1034 ) (-386 -6 1034.436890 ) (-387.396362 -9.391161 1032.871216 ) 
7 693 696 (-386 -6 1034.439331 ) (-385.969879 -5.987617 1049.511719 ) (-385.607910 -5.838658 1230.758789 ) (-366.212006 -13.750443 1264.329102 ) (-329.701447 -29.117348 1038.947876 ) (-377.883087 -9.339199 1031.294434 ) (-384.469513 -6.630207 1033.489868 ) 
3 693 695 (-386 -6 1034 ) (-377.868011 -9.348168 1031.293823 ) (-372.492157 -11.561796 1032.146118 ) 
6 693 694 (-385.735809 -6.108443 1230.537476 ) (-386 -6 1036.461792 ) (-386 -6 1034 ) (-372.492157 -11.561796 1032.146118 ) (-329.851288 -29.120110 1038.906860 ) (-366.961884 -13.839026 1263.031250 ) 
3 694 696 (-386 -6 1034 ) (-386 -6 1034.439331 ) (-385.090210 -6.374622 1033.875122 ) 
3 694 695 (-386 -6.001006 1034 ) (-372.492615 -11.563109 1032.145630 ) (-376.568359 -28.770702 1026.408936 ) 
3 695 696 (-386 -6 1034 ) (-385.090210 -6.374622 1033.875122 ) (-384.472382 -6.629030 1033.491577 ) 
3 697 726 (-437.382721 -80 996.208557 ) (-410.487549 -80 970.848999 ) (-408.222595 -80 1004.068359 ) 
6 697 715 (-496 -21.379623 996.208252 ) (-437.381287 -80 996.208130 ) (-408.223724 -80 1004.067444 ) (-407.088196 -19.347569 1020.721802 ) (-426.435699 0 1020.721741 ) (-496 0 1001.970947 ) 
4 697 702 (-434.005280 -25.878885 941.992920 ) (-459.884033 0 941.992798 ) (-442.903534 0 958.015503 ) (-421.988739 -20.915548 958.014954 ) 
4 697 699 (-430.173431 0 982.033813 ) (-426.437500 0 1020.721313 ) (-410.359924 -16.077589 1020.721252 ) (-412.997650 -17.175724 982.034668 ) 
4 697 698 (-421.990265 -20.911659 958.026123 ) (-442.901123 0 958.026672 ) (-430.175781 0 982.027344 ) (-412.989532 -17.186241 982.028137 ) 
4 698 706 (-421.994446 -20.909849 958.014954 ) (-442.903534 0 958.015503 ) (-431.452637 0 968.820496 ) (-417.942352 -13.510341 968.820557 ) 
4 698 699 (-417.941467 -13.507729 968.822876 ) (-431.449158 0 968.822815 ) (-430.173431 0 982.033813 ) (-412.987061 -17.186319 982.034668 ) 
3 699 716 (-410.058899 0 1025.135986 ) (-426.435699 0 1020.721741 ) (-410.359863 -16.075878 1020.721802 ) 
4 699 706 (-417.942322 -13.510356 968.820618 ) (-431.452637 0 968.820496 ) (-412.691589 0 986.523315 ) (-413 -4.485228 982 ) 
3 700 713 (-410.004517 -11.732717 977.988037 ) (-410.301453 -16.051481 973.632690 ) (-411.637787 -14.715220 973.632629 ) 
3 700 701 (-411.634888 -14.714348 973.640381 ) (-410.297241 -16.051922 973.640442 ) (-410 -15.929468 978 ) 
4 701 713 (-410.301453 -16.051481 973.632690 ) (-410.546753 -19.619022 970.034973 ) (-412.986908 -17.178892 970.034912 ) (-411.637787 -14.715220 973.632629 ) 
4 702 706 (-438.007324 -16.217644 936.656860 ) (-454.224701 0 936.656616 ) (-442.903381 0 958.016357 ) (-421.988129 -20.916290 958.015808 ) 
4 702 705 (-434.001465 -25.877956 942.001892 ) (-434.006531 -25.880043 941.995178 ) (-437.006500 -18.638042 937.995300 ) (-434.001495 -17.395105 942.001953 ) 
3 702 704 (-438.009521 -16.216705 936.657959 ) (-433.997559 -17.393480 942.007202 ) (-437.006500 -18.638042 937.995300 ) 
3 703 711 (-416 -39.644375 937.995300 ) (-416.091339 -38.133499 936.656738 ) (-415.726288 -35.660656 942.011047 ) 
5 703 708 (-415.728516 -35.659771 942.009827 ) (-416.093475 -38.131855 936.657227 ) (-429.992767 -24.232307 936.657043 ) (-431 -22.513206 938 ) (-427.992188 -23.395447 942.010498 ) 
3 703 707 (-429.992767 -24.232307 936.657043 ) (-432.007294 -22.217760 936.656982 ) (-431 -22.513206 938 ) 
4 703 704 (-431 -24.645485 937.995667 ) (-430.998047 -24.644957 937.997375 ) (-430.998077 -22.514463 937.997375 ) (-432.004364 -22.219297 936.655640 ) 
4 704 707 (-432.007294 -22.217760 936.656982 ) (-438.007324 -16.217644 936.656860 ) (-434 -17.393049 942 ) (-431 -22.513206 938 ) 
4 704 705 (-434 -17.399384 942 ) (-437.003265 -18.641581 937.995667 ) (-431.003296 -24.641420 937.995544 ) (-431 -24.640055 938 ) 
4 706 707 (-434.001495 -17.392618 942.001892 ) (-438.009308 -16.217049 936.658142 ) (-444.727020 0 927.701172 ) (-434.001465 0 942.001953 ) 
3 707 712 (-417.249786 -18.955814 919.666321 ) (-418.394806 0 902.872437 ) (-417.249756 0 919.666321 ) 
5 707 708 (-431 -22.517355 938 ) (-429.996246 -24.231733 936.659729 ) (-417.250122 -18.954025 919.664917 ) (-417.250122 0 919.664917 ) (-431 0 938 ) 
6 708 712 (-415.726257 -35.660610 942.011108 ) (-416.091339 -38.133499 936.656738 ) (-417.249786 -18.955814 919.666321 ) (-417.249756 0 919.666321 ) (-415.249756 0 949 ) (-415.249786 -28.727875 949 ) 
3 708 710 (-419 -19.676161 954 ) (-415.250031 -28.727180 949 ) (-415.250031 -26.079914 949 ) 
4 708 709 (-419 -19.676161 954 ) (-415.250031 -26.079914 949 ) (-415.250031 0 949 ) (-419 0 954 ) 
3 709 713 (-414 -10.539482 967.334106 ) (-414 -17.599642 967.334106 ) (-414.908875 -23.767532 954 ) 
5 709 712 (-415.249786 -26.080410 949 ) (-415.249756 0 949 ) (-414 0 967.334106 ) (-414 -10.539482 967.334106 ) (-414.908875 -23.767532 954 ) 
4 709 710 (-419 -19.673708 954 ) (-415.250031 -26.077349 949 ) (-414.908386 -23.762335 954.005127 ) (-418.998322 -19.673010 954.004456 ) 
3 710 712 (-415.249786 -28.727879 949 ) (-415.249786 -26.080410 949 ) (-414.908844 -23.767532 954 ) 
4 711 712 (-416.091888 -38.132126 936.656006 ) (-415.726593 -35.657711 942.013611 ) (-412.453644 -38.930695 942.013489 ) (-412.818939 -41.405045 936.655945 ) 
4 712 713 (-410 -3.234432 977.998352 ) (-414 -10.542969 967.332031 ) (-414.908783 -23.765541 954.003723 ) (-411.636108 -27.037842 954.004211 ) 
5 714 726 (-464 -80 1021.306091 ) (-444.365540 -80 1002.792664 ) (-407.720520 -80 1011.432251 ) (-403.863647 -80 1068 ) (-464 -80 1068 ) 
4 714 724 (-396.353027 -80 1178.156372 ) (-416 -80 1178.156372 ) (-479.644928 -80 1068 ) (-403.863647 -80 1068 ) 
4 714 718 (-496 -67.499855 1039.692627 ) (-496 0 1039.692627 ) (-496 0 1016 ) (-496 -42.372574 1016 ) 
4 714 717 (-406.414459 0 1030.600830 ) (-406.651337 -14.498887 1027.126587 ) (-410 -15.876651 1026.012451 ) (-409.739777 0 1029.816895 ) 
4 714 716 (-410 -15.876651 1026.012451 ) (-410.034332 -15.891129 1026 ) (-425.925385 0 1026 ) (-409.739777 0 1029.816895 ) 
6 714 715 (-406.728088 -19.197374 1026 ) (-407.721466 -80 1011.431335 ) (-444.364899 -80 1002.792114 ) (-496 -28.365013 1002.792175 ) (-496 0 1009.479614 ) (-425.925385 0 1026 ) 
4 715 726 (-444.365540 -80 1002.792664 ) (-437.382721 -80 996.208557 ) (-408.222595 -80 1004.068359 ) (-407.720520 -80 1011.432251 ) 
4 715 716 (-410.394287 -16.039280 1020.720520 ) (-426.433502 0 1020.720581 ) (-425.929688 0 1025.996704 ) (-410.037323 -15.892379 1025.996704 ) 
4 716 717 (-410 -15.876391 1026.013184 ) (-410 -15.876839 1025.997192 ) (-410 0 1025.997314 ) (-409.739899 0 1029.817505 ) 
7 719 733 (-512 -44 1001.330017 ) (-512 -25.663847 997.666748 ) (-512 -11.916460 986.668823 ) (-512 -8.800003 972 ) (-512 -79.200005 972 ) (-512 -76.084381 986.664917 ) (-512 -62.329979 997.667786 ) 
4 719 720 (-496 -8.800003 972 ) (-496 -79.200005 972 ) (-512 -79.200005 972 ) (-512 -8.800003 972 ) 
4 720 733 (-512 -8 844 ) (-512 -80 844 ) (-512 -80 972 ) (-512 -8 972 ) 
4 721 733 (-512 -80 1103.384766 ) (-512 -80 2048 ) (-512 0 2048 ) (-512 0 1103.384766 ) 
4 721 725 (-512 -80 1269.541016 ) (-512 -80 1103.384766 ) (-496 -80 1131.077393 ) (-496 -80 1269.541138 ) 
4 721 722 (-512 -80 2048 ) (-512 -80 1269.541016 ) (-496 -80 1269.541138 ) (-496 -80 2048 ) 
4 722 734 (-160 -176 1103.384766 ) (-160 -176 2048 ) (-512 -176 2048 ) (-512 -176 1103.384766 ) 
4 722 733 (-512 -176 1103.384766 ) (-512 -176 2048 ) (-512 -80 2048 ) (-512 -80 1269.541260 ) 
3 722 725 (-512 -176 1103.384033 ) (-512 -80 1269.540161 ) (-416 -80 1269.540161 ) 
4 722 723 (-256.002167 -80 1269.540161 ) (-160 -80 1269.540161 ) (-160 -176 1103.384033 ) (-160.002319 -176 1103.384033 ) 
4 724 727 (-256 -143.644958 1068 ) (-416 -143.644958 1068 ) (-416 -128 1068 ) (-256 -128 1068 ) 
4 724 726 (-464 -80 1068 ) (-208 -80 1068 ) (-208 -128 1068 ) (-464 -128 1068 ) 
3 725 733 (-512 -176 1103.384766 ) (-512 -80 1269.541260 ) (-512 -80 1103.384766 ) 
4 726 782 (-384 -80 844 ) (-208 -80 844 ) (-208 -128 844 ) (-384 -128 844 ) 
4 726 727 (-416 -128 844 ) (-256 -128 844 ) (-256 -128 1068 ) (-416 -128 1068 ) 
4 727 732 (-416 -160 972 ) (-416 -160 844 ) (-344 -160 844 ) (-344 -160 972 ) 
4 727 731 (-328 -160 844 ) (-256 -160 844 ) (-256 -160 972 ) (-328 -160 972 ) 
7 727 730 (-327.200073 -160 972 ) (-256.799988 -160 972 ) (-259.916199 -160 986.669067 ) (-273.658417 -160 997.661987 ) (-292.008850 -160 1001.328247 ) (-310.330688 -160 997.667847 ) (-324.084778 -160 986.664612 ) 
7 727 729 (-415.200012 -160 972 ) (-344.799988 -160 972 ) (-347.916199 -160 986.669067 ) (-361.658203 -160 997.661804 ) (-380.009125 -160 1001.328247 ) (-398.330933 -160 997.667847 ) (-412.084686 -160 986.664795 ) 
4 727 728 (-416 -160 1039.692749 ) (-416 -160 1016 ) (-256 -160 1016 ) (-256 -160 1039.692749 ) 
7 729 734 (-415.200012 -176 972 ) (-344.799957 -176 972 ) (-347.915344 -176 986.665161 ) (-361.663269 -176 997.662659 ) (-380.009521 -176 1001.328125 ) (-398.330963 -176 997.667847 ) (-412.084717 -176 986.664795 ) 
4 729 732 (-415.200012 -160 972 ) (-344.799988 -160 972 ) (-344.799957 -176 972 ) (-415.200012 -176 972 ) 
7 730 734 (-259.915375 -176 986.665161 ) (-273.663452 -176 997.662781 ) (-292.009338 -176 1001.328186 ) (-310.330841 -176 997.667847 ) (-324.084747 -176 986.664673 ) (-327.200012 -176 972 ) (-256.799988 -176 972 ) 
4 730 731 (-327.200073 -160 972 ) (-256.799988 -160 972 ) (-256.799988 -176 972 ) (-327.200012 -176 972 ) 
4 731 734 (-328 -176 844 ) (-256 -176 844 ) (-256 -176 972 ) (-328 -176 972 ) 
4 732 734 (-416 -176 844 ) (-344 -176 844 ) (-344 -176 972 ) (-416 -176 972 ) 
4 733 811 (-1024 0 2048 ) (-1024 0 844 ) (-1024 -176 844 ) (-1024 -176 2048 ) 
4 733 806 (-1024 0 844 ) (-512 0 844 ) (-512 -176 844 ) (-1024 -176 844 ) 
4 733 734 (-1024 -176 2048 ) (-1024 -176 844 ) (-512 -176 844 ) (-512 -176 2048 ) 
4 734 811 (-1024 -176 844 ) (-1024 -1024 844 ) (-1024 -1024 2048 ) (-1024 -176 2048 ) 
4 734 810 (0 -1024 844 ) (0 -1024 2048 ) (-1024 -1024 2048 ) (-1024 -1024 844 ) 
4 734 806 (-1024 -768 844 ) (-1024 -176 844 ) (-512 -176 844 ) (-512 -768 844 ) 
4 734 807 (-512 -1024 844 ) (-1024 -1024 844 ) (-1024 -768 844 ) (-512 -768 844 ) 
4 734 800 (-464 -1024 844 ) (-512 -1024 844 ) (-512 -176 844 ) (-464 -176 844 ) 
4 734 796 (-208 -1024 844 ) (-464 -1024 844 ) (-464 -176 844 ) (-208 -176 844 ) 
4 734 766 (-160 -1024 844 ) (-208 -1024 844 ) (-208 -176 844 ) (-160 -176 844 ) 
4 734 750 (0 -224 844 ) (0 -1024 844 ) (-160 -1024 844 ) (-160 -224 844 ) 
4 734 745 (0 -176 844 ) (0 -224 844 ) (-160 -224 844 ) (-160 -176 844 ) 
5 735 736 (-122.273445 -138.284653 377.144531 ) (-160 -138.284653 377.144531 ) (-160 0 440.001190 ) (0 0 440.001190 ) (0 -16.011215 432.723358 ) 
4 737 753 (-160 -48 336 ) (-160 0 336 ) (-160 0 287.049988 ) (-160 -48 287.049988 ) 
4 737 739 (-11.384001 -176 287.049988 ) (-96 -176 287.049988 ) (-96 -112 287.049988 ) (-11.384001 -112 287.049988 ) 
4 737 738 (0 -176 287.049988 ) (-11.384001 -176 287.049988 ) (-11.384001 0 287.049988 ) (0 0 287.049988 ) 
4 737 740 (-96 -176 287.049988 ) (-160 -176 287.049988 ) (-160 0 287.049988 ) (-96 0 287.049988 ) 
5 738 746 (-11.384001 -176 124 ) (0 -176 124 ) (0 -176 277.813660 ) (-0.666564 -176 277.667023 ) (-11.384001 -176 268.235657 ) 
4 738 742 (0 -176 124 ) (-11.384001 -176 124 ) (-11.384001 -144 124 ) (0 -144 124 ) 
4 738 739 (-11.384001 -112 124 ) (-11.384001 -176 124 ) (-11.384001 -176 287.049988 ) (-11.384001 -112 287.049988 ) 
5 739 746 (-16 -176 124 ) (-11.384001 -176 124 ) (-11.384001 -176 268.235657 ) (-13.166601 -176 266.666992 ) (-16 -176 252 ) 
4 739 742 (-11.384001 -176 124 ) (-96 -176 124 ) (-96 -144 124 ) (-11.384001 -144 124 ) 
4 739 740 (-96 -112 124 ) (-96 -176 124 ) (-96 -176 287.049988 ) (-96 -112 287.049988 ) 
4 740 764 (-160 -32 124 ) (-160 -48 124 ) (-160 -48 132 ) (-160 -32 132 ) 
4 740 760 (-160 0 140 ) (-160 0 132 ) (-160 -48 132 ) (-160 -48 140 ) 
4 740 754 (-160 0 148 ) (-160 0 140 ) (-160 -48 140 ) (-160 -48 148 ) 
4 740 753 (-160 -48 287.049988 ) (-160 0 287.049988 ) (-160 0 148 ) (-160 -48 148 ) 
4 740 742 (-96 -176 124 ) (-160 -176 124 ) (-160 -144 124 ) (-96 -144 124 ) 
4 741 768 (-160 0 112 ) (-160 0 0 ) (-160 -32 0 ) (-160 -32 112 ) 
4 741 742 (-160 -144 0 ) (0 -144 0 ) (0 -144 112 ) (-160 -144 112 ) 
4 742 746 (0 -176 112 ) (0 -176 124 ) (-16 -176 124 ) (-16 -176 112 ) 
4 743 745 (-160 -176 844 ) (-160 -176 389.142853 ) (0 -176 389.142883 ) (0 -176 844 ) 
4 744 772 (-160 -176 -2048 ) (-160 -176 -580.266724 ) (-160 0 -580.266724 ) (-160 0 -2048 ) 
4 744 749 (-160 -176 -580.266724 ) (-160 -176 -2048 ) (0 -176 -2048 ) (0 -176 -494.933350 ) 
4 745 766 (-160 -224 336 ) (-160 -224 844 ) (-160 -176 844 ) (-160 -176 389.142883 ) 
4 745 750 (-160 -224 844 ) (-160 -224 336 ) (0 -224 336 ) (0 -224 844 ) 
6 746 750 (0 -224 136 ) (0 -224 277.813660 ) (-0.666570 -224 277.667023 ) (-13.166601 -224 266.666992 ) (-16 -224 252 ) (-16 -224 136 ) 
4 747 750 (-16 -224 -8 ) (0 -224 -8 ) (0 -224 0 ) (-16 -224 0 ) 
4 747 748 (-16 -176 -8 ) (-16 -224 -8 ) (-16 -224 0 ) (-16 -176 0 ) 
4 748 770 (-160 -224 -8 ) (-160 -224 0 ) (-160 -176 0 ) (-160 -176 -8 ) 
4 748 750 (-160 -224 0 ) (-160 -224 -8 ) (-16 -224 -8 ) (-16 -224 0 ) 
4 749 772 (-160 -224 -2048 ) (-160 -224 -580.266724 ) (-160 -176 -580.266724 ) (-160 -176 -2048 ) 
4 749 752 (-160 -224 -580.266724 ) (-160 -224 -2048 ) (0 -224 -2048 ) (0 -224 -494.933350 ) 
4 750 810 (0 -1024 -8 ) (0 -1024 844 ) (-160 -1024 844 ) (-160 -1024 -8 ) 
4 750 770 (-160 -1024 -8 ) (-160 -1024 0 ) (-160 -224 0 ) (-160 -224 -8 ) 
4 750 769 (-160 -1024 0 ) (-160 -1024 112 ) (-160 -224 112 ) (-160 -224 0 ) 
4 750 767 (-160 -1024 112 ) (-160 -1024 336 ) (-160 -224 336 ) (-160 -224 112 ) 
4 750 766 (-160 -1024 336 ) (-160 -1024 844 ) (-160 -224 844 ) (-160 -224 336 ) 
4 750 751 (-160 -1024 -8 ) (-160 -401.066650 -8 ) (0 -379.733337 -8 ) (0 -1024 -8 ) 
4 751 810 (0 -1024 -2048 ) (0 -1024 -8 ) (-160 -1024 -8 ) (-160 -1024 -2048 ) 
4 751 771 (-160 -1024 -2048 ) (-160 -1024 -8 ) (-160 -401.066650 -8 ) (-160 -401.066650 -2048 ) 
4 751 752 (0 -379.733826 -2048 ) (-160 -401.067139 -2048 ) (-160 -401.066620 -580.266724 ) (0 -379.733215 -494.933380 ) 
4 752 772 (-160 -224 -580.266724 ) (-160 -224 -2048 ) (-160 -401.066650 -2048 ) (-160 -401.066650 -580.266724 ) 
4 753 759 (-196 -48 148 ) (-196 -48 152 ) (-196 -32 152 ) (-196 -32 148 ) 
4 753 757 (-196 -48 152 ) (-196 -48 156 ) (-196 -32 156 ) (-196 -32 152 ) 
4 753 756 (-196 -48 156 ) (-196 -48 336 ) (-196 0 336 ) (-196 0 156 ) 
4 753 755 (-184 -48 148 ) (-196 -48 148 ) (-196 -32 148 ) (-184 -32 148 ) 
4 753 754 (-160 -48 148 ) (-184 -48 148 ) (-184 0 148 ) (-160 0 148 ) 
4 754 761 (-172 -48 140 ) (-184 -48 140 ) (-184 -32 140 ) (-172 -32 140 ) 
4 754 760 (-160 -48 140 ) (-172 -48 140 ) (-172 0 140 ) (-160 0 140 ) 
4 754 755 (-184 -32 140 ) (-184 -48 140 ) (-184 -48 148 ) (-184 -32 148 ) 
4 755 762 (-184 -48 140 ) (-196 -48 140 ) (-196 -32 140 ) (-184 -32 140 ) 
4 755 759 (-196 -32 140 ) (-196 -48 140 ) (-196 -48 148 ) (-196 -32 148 ) 
4 756 773 (-208 0 336 ) (-208 0 164 ) (-208 -48 164 ) (-208 -48 336 ) 
4 756 757 (-196 -32 156 ) (-196 -48 156 ) (-208 -48 156 ) (-208 -32 156 ) 
4 757 759 (-196 -32 152 ) (-196 -48 152 ) (-200 -48 152 ) (-200 -32 152 ) 
4 758 762 (-200 0 140 ) (-196 0 140 ) (-196 -32 140 ) (-200 -32 140 ) 
4 758 759 (-200 -32 140 ) (-196 -32 140 ) (-196 -32 148 ) (-200 -32 148 ) 
4 759 762 (-196 -48 140 ) (-200 -48 140 ) (-200 -32 140 ) (-196 -32 140 ) 
4 760 764 (-160 -48 132 ) (-172 -48 132 ) (-172 -32 132 ) (-160 -32 132 ) 
4 760 761 (-172 -32 132 ) (-172 -48 132 ) (-172 -48 140 ) (-172 -32 140 ) 
4 761 765 (-172 -48 132 ) (-184 -48 132 ) (-184 -32 132 ) (-172 -32 132 ) 
4 761 762 (-184 -32 132 ) (-184 -48 132 ) (-184 -48 140 ) (-184 -32 140 ) 
4 762 765 (-184 -48 132 ) (-200 -48 132 ) (-200 0 132 ) (-184 0 132 ) 
4 763 764 (-172 -32 124 ) (-172 -32 120 ) (-160 -32 120 ) (-160 -32 124 ) 
4 763 765 (-172 0 120 ) (-172 -32 120 ) (-172 -32 124 ) (-172 0 124 ) 
4 764 765 (-172 -32 120 ) (-172 -48 120 ) (-172 -48 132 ) (-172 -32 132 ) 
4 766 810 (-160 -1024 336 ) (-160 -1024 844 ) (-208 -1024 844 ) (-208 -1024 336 ) 
4 766 796 (-208 -1024 844 ) (-208 -176 844 ) (-208 -176 336 ) (-208 -1024 336 ) 
4 766 767 (-208 -1024 336 ) (-208 -176 336 ) (-160 -176 336 ) (-160 -1024 336 ) 
4 767 810 (-160 -1024 112 ) (-160 -1024 336 ) (-208 -1024 336 ) (-208 -1024 112 ) 
4 767 796 (-208 -176 112 ) (-208 -1024 112 ) (-208 -1024 336 ) (-208 -176 336 ) 
4 767 769 (-208 -1024 112 ) (-208 -176 112 ) (-160 -176 112 ) (-160 -1024 112 ) 
4 768 780 (-208 0 112 ) (-208 0 0 ) (-208 -32 0 ) (-208 -32 112 ) 
4 769 810 (-160 -1024 0 ) (-160 -1024 112 ) (-208 -1024 112 ) (-208 -1024 0 ) 
4 769 796 (-208 -176 0 ) (-208 -1024 0 ) (-208 -1024 112 ) (-208 -176 112 ) 
4 769 770 (-208 -1024 0 ) (-208 -176 0 ) (-160 -176 0 ) (-160 -1024 0 ) 
4 770 810 (-160 -1024 -8 ) (-160 -1024 0 ) (-208 -1024 0 ) (-208 -1024 -8 ) 
4 770 795 (-208 -128 -8 ) (-208 -176 -8 ) (-208 -176 0 ) (-208 -128 0 ) 
4 770 796 (-208 -176 -8 ) (-208 -1024 -8 ) (-208 -1024 0 ) (-208 -176 0 ) 
4 770 771 (-208 -1024 -8 ) (-208 -407.466675 -8 ) (-160 -401.066681 -8 ) (-160 -1024 -8 ) 
4 771 810 (-160 -1024 -2048 ) (-160 -1024 -8 ) (-208 -1024 -8 ) (-208 -1024 -2048 ) 
4 771 797 (-208 -407.466675 -2048 ) (-208 -1024 -2048 ) (-208 -1024 -8 ) (-208 -407.466675 -8 ) 
4 771 772 (-160 -401.066406 -2048 ) (-208 -407.466400 -2048 ) (-208 -407.466675 -605.866699 ) (-160 -401.066406 -580.266724 ) 
4 772 798 (-208 -128 -2048 ) (-208 -407.466675 -2048 ) (-208 -407.466675 -605.866699 ) (-208 -128 -605.866699 ) 
4 772 794 (-208 -80 -2048 ) (-208 -128 -2048 ) (-208 -128 -605.866699 ) (-208 -80 -605.866699 ) 
4 772 781 (-208 0 -605.866699 ) (-208 0 -2048 ) (-208 -80 -2048 ) (-208 -80 -605.866699 ) 
4 773 792 (-256 -80 164 ) (-208 -80 164 ) (-208 -80 332 ) (-256 -80 332 ) 
4 773 791 (-208 -80 332 ) (-208 -80 340 ) (-256 -80 340 ) (-256 -80 332 ) 
4 773 789 (-208 -80 340 ) (-208 -80 416 ) (-256 -80 416 ) (-256 -80 340 ) 
4 773 776 (-256 0 164 ) (-256 -80 164 ) (-256 -80 416 ) (-256 0 458 ) 
4 774 787 (-208 -80 424 ) (-208 -80 668 ) (-256 -80 668 ) (-256 -80 424 ) 
4 774 786 (-208 -80 668 ) (-208 -80 751.993408 ) (-256 -80 751.993408 ) (-256 -80 668 ) 
4 774 776 (-256 -80 424 ) (-256 -80 751.993408 ) (-256 0 793.993408 ) (-256 0 466 ) 
4 775 782 (-208 -80 760 ) (-208 -80 844 ) (-256 -80 844 ) (-256 -80 760 ) 
4 775 776 (-256 -80 760 ) (-256 -80 812 ) (-256 0 812 ) (-256 0 802 ) 
4 776 792 (-416 -80 164 ) (-256 -80 164 ) (-256 -80 332 ) (-416 -80 332 ) 
4 776 791 (-256 -80 332 ) (-256 -80 340 ) (-400.761902 -80 340 ) (-416 -80 332 ) 
3 776 790 (-271.238098 -80 416 ) (-416 -80 416 ) (-416 -80 340 ) 
3 776 789 (-256 -80 340 ) (-256 -80 416 ) (-400.761902 -80 340 ) 
4 776 788 (-256 -80 424 ) (-416 -80 424 ) (-416 -80 416 ) (-271.238098 -80 416 ) 
4 776 787 (-256 -80 424 ) (-256 -80 668 ) (-416 -80 668 ) (-416 -80 424 ) 
3 776 786 (-256 -80 668 ) (-256 -80 752 ) (-416 -80 668 ) 
3 776 785 (-271.237976 -80 752 ) (-416 -80 752 ) (-416 -80 676 ) 
4 776 784 (-256 -80 760 ) (-416 -80 760 ) (-416 -80 752 ) (-271.237976 -80 752 ) 
4 776 783 (-384 -80 812 ) (-416 -80 812 ) (-416 -80 760 ) (-384 -80 760 ) 
4 776 782 (-256 -80 760 ) (-256 -80 812 ) (-384 -80 812 ) (-384 -80 760 ) 
4 776 779 (-416 -80 676 ) (-416 -80 812 ) (-416 0 812 ) (-416 0 634 ) 
4 776 778 (-416 0 164 ) (-416 -80 164 ) (-416 -80 332 ) (-416 0 290 ) 
4 776 777 (-416 -80 340 ) (-416 -80 668 ) (-416 0 626 ) (-416 0 298 ) 
4 777 790 (-464 -80 416 ) (-464 -80 340 ) (-416 -80 340 ) (-416 -80 416 ) 
4 777 788 (-464 -80 424 ) (-464 -80 416 ) (-416 -80 416 ) (-416 -80 424 ) 
4 777 787 (-464 -80 668 ) (-464 -80 424 ) (-416 -80 424 ) (-416 -80 668 ) 
4 778 792 (-464 -80 332 ) (-464 -80 164 ) (-416 -80 164 ) (-416 -80 332 ) 
4 779 799 (-464 -24 728 ) (-464 0 728 ) (-464 0 648 ) (-464 -24 648 ) 
4 779 785 (-464 -80 752 ) (-464 -80 676 ) (-416 -80 676 ) (-416 -80 752 ) 
4 779 784 (-464 -80 760 ) (-464 -80 752 ) (-416 -80 752 ) (-416 -80 760 ) 
4 779 783 (-464 -80 812 ) (-464 -80 760 ) (-416 -80 760 ) (-416 -80 812 ) 
4 780 801 (-464 -32 112 ) (-464 0 112 ) (-464 0 0 ) (-464 -32 0 ) 
4 780 793 (-464 -80 152 ) (-464 -80 0 ) (-208 -80 0 ) (-208 -80 152 ) 
4 781 805 (-464 -80 -2048 ) (-464 -80 -742.400024 ) (-464 0 -742.400085 ) (-464 0 -2048 ) 
4 781 794 (-464 -80 -742.400085 ) (-464 -80 -2048 ) (-208 -80 -2048 ) (-208 -80 -605.866699 ) 
4 782 784 (-256 -128 760 ) (-384 -128 760 ) (-384 -80 760 ) (-256 -80 760 ) 
4 782 783 (-384 -80 812 ) (-384 -80 760 ) (-384 -128 760 ) (-384 -128 812 ) 
4 783 784 (-384 -128 760 ) (-464 -128 760 ) (-464 -80 760 ) (-384 -80 760 ) 
4 784 785 (-271.238068 -128 752 ) (-464 -128 752 ) (-464 -80 752 ) (-271.238068 -80 752 ) 
4 786 787 (-208 -128 668 ) (-416 -128 668 ) (-416 -80 668 ) (-208 -80 668 ) 
4 787 788 (-256 -128 424 ) (-464 -128 424 ) (-464 -80 424 ) (-256 -80 424 ) 
4 788 790 (-271.238098 -128 416 ) (-464 -128 416 ) (-464 -80 416 ) (-271.238098 -80 416 ) 
4 789 791 (-208 -128 340 ) (-400.761902 -128 340 ) (-400.761902 -80 340 ) (-208 -80 340 ) 
4 791 792 (-208 -128 332 ) (-416 -128 332 ) (-416 -80 332 ) (-208 -80 332 ) 
4 794 805 (-464 -128 -2048 ) (-464 -128 -742.400024 ) (-464 -80 -742.400085 ) (-464 -80 -2048 ) 
4 794 798 (-464 -128 -742.400085 ) (-464 -128 -2048 ) (-208 -128 -2048 ) (-208 -128 -605.866699 ) 
4 795 803 (-464 -128 0 ) (-464 -128 -8 ) (-464 -176 -8 ) (-464 -176 0 ) 
4 795 796 (-464 -176 0 ) (-464 -176 -8 ) (-208 -176 -8 ) (-208 -176 0 ) 
4 796 810 (-208 -1024 -8 ) (-208 -1024 844 ) (-464 -1024 844 ) (-464 -1024 -8 ) 
4 796 803 (-464 -1024 -8 ) (-464 -1024 0 ) (-464 -176 0 ) (-464 -176 -8 ) 
4 796 802 (-464 -1024 0 ) (-464 -1024 112 ) (-464 -176 112 ) (-464 -176 0 ) 
4 796 800 (-464 -1024 112 ) (-464 -1024 844 ) (-464 -176 844 ) (-464 -176 112 ) 
4 796 797 (-464 -1024 -8 ) (-464 -441.600037 -8 ) (-208 -407.466644 -8 ) (-208 -1024 -8 ) 
4 797 810 (-208 -1024 -2048 ) (-208 -1024 -8 ) (-464 -1024 -8 ) (-464 -1024 -2048 ) 
4 797 804 (-464 -1024 -2048 ) (-464 -1024 -8 ) (-464 -441.599976 -8 ) (-464 -441.600006 -2048 ) 
4 797 798 (-208 -407.466675 -2048 ) (-464 -441.600006 -2048 ) (-464 -441.600372 -742.400024 ) (-208 -407.467072 -605.866699 ) 
4 798 805 (-464 -128 -742.400085 ) (-464 -128 -2048 ) (-464 -441.600006 -2048 ) (-464 -441.599976 -742.400024 ) 
4 799 806 (-512 0 728 ) (-512 0 648 ) (-512 -24 648 ) (-512 -24 728 ) 
4 800 810 (-464 -1024 112 ) (-464 -1024 844 ) (-512 -1024 844 ) (-512 -1024 112 ) 
4 800 806 (-512 -768 844 ) (-512 -176 844 ) (-512 -176 112 ) (-512 -768 112 ) 
4 800 807 (-512 -1024 844 ) (-512 -768 844 ) (-512 -768 112 ) (-512 -1024 112 ) 
4 800 802 (-512 -1024 112 ) (-512 -176 112 ) (-464 -176 112 ) (-464 -1024 112 ) 
4 801 806 (-512 0 112 ) (-512 0 0 ) (-512 -32 0 ) (-512 -32 112 ) 
4 802 810 (-464 -1024 0 ) (-464 -1024 112 ) (-512 -1024 112 ) (-512 -1024 0 ) 
4 802 806 (-512 -176 0 ) (-512 -768 0 ) (-512 -768 112 ) (-512 -176 112 ) 
4 802 807 (-512 -768 0 ) (-512 -1024 0 ) (-512 -1024 112 ) (-512 -768 112 ) 
4 802 803 (-512 -1024 0 ) (-512 -176 0 ) (-464 -176 0 ) (-464 -1024 0 ) 
4 803 810 (-464 -1024 -8 ) (-464 -1024 0 ) (-512 -1024 0 ) (-512 -1024 -8 ) 
4 803 806 (-512 -32 -8 ) (-512 -768 -8 ) (-512 -768 0 ) (-512 -32 0 ) 
4 803 807 (-512 -768 -8 ) (-512 -1024 -8 ) (-512 -1024 0 ) (-512 -768 0 ) 
4 803 804 (-512 -1024 -8 ) (-512 -448 -8 ) (-464 -441.600006 -8 ) (-464 -1024 -8 ) 
4 804 810 (-464 -1024 -2048 ) (-464 -1024 -8 ) (-512 -1024 -8 ) (-512 -1024 -2048 ) 
4 804 808 (-512 -448 -2048 ) (-512 -1024 -2048 ) (-512 -1024 -256 ) (-512 -448 -256 ) 
4 804 807 (-512 -1024 -256 ) (-512 -1024 -8 ) (-512 -768 -8 ) (-512 -768 -256 ) 
4 804 805 (-464 -441.600586 -2048 ) (-512 -448 -2048 ) (-512 -448 -768 ) (-464 -441.600220 -742.400085 ) 
4 805 808 (-512 -320 -2048 ) (-512 -448 -2048 ) (-512 -448 -768 ) (-512 -320 -768 ) 
4 806 811 (-1024 0 844 ) (-1024 0 -8 ) (-1024 -768 -8 ) (-1024 -768 844 ) 
4 806 807 (-512 -768 -8 ) (-512 -768 844 ) (-1024 -768 844 ) (-1024 -768 -8 ) 
4 807 812 (-1024 -768 -256 ) (-1024 -1024 -256 ) (-1024 -1024 -8 ) (-1024 -768 -8 ) 
4 807 811 (-1024 -1024 -8 ) (-1024 -1024 844 ) (-1024 -768 844 ) (-1024 -768 -8 ) 
4 807 810 (-512 -1024 -256 ) (-512 -1024 844 ) (-1024 -1024 844 ) (-1024 -1024 -256 ) 
4 807 808 (-512 -768 -256 ) (-512 -1024 -256 ) (-1024 -1024 -256 ) (-1024 -768 -256 ) 
4 808 813 (-1024 -320 -2048 ) (-1024 -1024 -2048 ) (-1024 -1024 -256 ) (-1024 -320 -256 ) 
4 808 810 (-512 -1024 -2048 ) (-512 -1024 -256 ) (-1024 -1024 -256 ) (-1024 -1024 -2048 ) 
4 809 810 (0 -1536 -2048 ) (0 -1536 2048 ) (0 -1024 2048 ) (0 -1024 -2048 ) 
4 810 817 (-1024 -1536 -2048 ) (-1024 -1536 2048 ) (-1024 -1024 2048 ) (-1024 -1024 -2048 ) 
4 811 817 (-1024 -1024 -8 ) (-1024 -1024 2048 ) (-2048 -1024 2048 ) (-2048 -1024 -8 ) 
4 811 814 (-2048 0 2048 ) (-2048 0 -8 ) (-2048 -768 -8 ) (-2048 -768 2048 ) 
4 811 815 (-2048 -768 -8 ) (-2048 -1024 -8 ) (-2048 -1024 2048 ) (-2048 -768 2048 ) 
4 811 812 (-2048 -1024 -8 ) (-2048 -768 -8 ) (-1024 -768 -8 ) (-1024 -1024 -8 ) 
4 812 817 (-1024 -1024 -256 ) (-1024 -1024 -8 ) (-2048 -1024 -8 ) (-2048 -1024 -256 ) 
4 812 815 (-2048 -768 -256 ) (-2048 -1024 -256 ) (-2048 -1024 -8 ) (-2048 -768 -8 ) 
4 812 813 (-1024 -1024 -256 ) (-2048 -1024 -256 ) (-2048 -768 -256 ) (-1024 -768 -256 ) 
4 813 817 (-1024 -1024 -2048 ) (-1024 -1024 -256 ) (-2048 -1024 -256 ) (-2048 -1024 -2048 ) 
4 813 816 (-2048 -320 -2048 ) (-2048 -1024 -2048 ) (-2048 -1024 -256 ) (-2048 -320 -256 ) 
4 814 815 (-2048 -768 -8 ) (-2048 -768 2048 ) (-2432 -768 2048 ) (-2432 -768 -8 ) 
4 815 818 (-2048 -1024 -256 ) (-2048 -1024 2048 ) (-2432 -1024 2048 ) (-2432 -1024 -256 ) 
4 815 816 (-2432 -1024 -256 ) (-2432 -768 -256 ) (-2048 -768 -256 ) (-2048 -1024 -256 ) 
4 816 818 (-2048 -1024 -2048 ) (-2048 -1024 -256 ) (-2432 -1024 -256 ) (-2432 -1024 -2048 ) 
4 817 818 (-2048 -1024 2048 ) (-2048 -1024 -2048 ) (-2048 -1536 -2048 ) (-2048 -1536 2048 ) 
