PRT1
381
1340
4 0 2 (2944 1024 -2048 ) (2944 1024 2048 ) (2048 1024 2048 ) (2048 1024 -2048 ) 
4 0 1 (2048 1024 -2048 ) (2048 1024 2048 ) (2048 1536 2048 ) (2048 1536 -2048 ) 
4 1 8 (1024 1024 -2048 ) (1024 1024 2048 ) (1024 1536 2048 ) (1024 1536 -2048 ) 
4 1 3 (1024 1024 2048 ) (1024 1024 -2048 ) (2048 1024 -2048 ) (2048 1024 2048 ) 
4 2 4 (2944 0 -2048 ) (2944 0 2048 ) (2048 0 2048 ) (2048 0 -2048 ) 
4 2 3 (2048 1024 2048 ) (2048 1024 -2048 ) (2048 0 -2048 ) (2048 0 2048 ) 
4 3 10 (1024 0 -2048 ) (1024 0 2048 ) (1024 1024 2048 ) (1024 1024 -2048 ) 
4 3 5 (2048 0 -2048 ) (2048 0 2048 ) (1024 0 2048 ) (1024 0 -2048 ) 
4 4 6 (2944 -1024 -2048 ) (2944 -1024 2048 ) (2048 -1024 2048 ) (2048 -1024 -2048 ) 
4 4 5 (2048 0 2048 ) (2048 0 -2048 ) (2048 -1024 -2048 ) (2048 -1024 2048 ) 
4 5 204 (1024 -1024 -2048 ) (1024 -1024 2048 ) (1024 0 2048 ) (1024 0 -2048 ) 
4 5 7 (2048 -1024 -2048 ) (2048 -1024 2048 ) (1024 -1024 2048 ) (1024 -1024 -2048 ) 
4 6 7 (2048 -1536 -2048 ) (2048 -1536 2048 ) (2048 -1024 2048 ) (2048 -1024 -2048 ) 
4 7 375 (1024 -1536 -2048 ) (1024 -1536 2048 ) (1024 -1024 2048 ) (1024 -1024 -2048 ) 
4 8 147 (0 1024 0 ) (0 1024 -2048 ) (24 1024 -2048 ) (24 1024 0 ) 
4 8 146 (0 1024 64 ) (0 1024 0 ) (24 1024 0 ) (24 1024 64 ) 
4 8 145 (0 1024 88 ) (0 1024 64 ) (24 1024 64 ) (24 1024 88 ) 
4 8 143 (0 1024 448 ) (0 1024 88 ) (24 1024 88 ) (24 1024 448 ) 
4 8 140 (0 1024 595 ) (0 1024 448 ) (24 1024 448 ) (24 1024 558.586670 ) 
4 8 139 (24 1024 2048 ) (0 1024 2048 ) (0 1024 595 ) (24 1024 558.586670 ) 
4 8 128 (24 1024 88 ) (24 1024 -2048 ) (72 1024 -2048 ) (72 1024 88 ) 
4 8 127 (24 1024 448 ) (24 1024 88 ) (72 1024 88 ) (72 1024 448 ) 
4 8 112 (72 1024 2048 ) (24 1024 2048 ) (24 1024 448 ) (72 1024 448 ) 
4 8 110 (72 1024 64 ) (72 1024 -2048 ) (456 1024 -2048 ) (456 1024 64 ) 
4 8 109 (72 1024 88 ) (72 1024 64 ) (456 1024 64 ) (456 1024 88 ) 
4 8 78 (72 1024 578 ) (72 1024 88 ) (456 1024 88 ) (456 1024 578 ) 
4 8 43 (456 1024 2048 ) (72 1024 2048 ) (72 1024 578 ) (456 1024 578 ) 
4 8 42 (456 1024 0 ) (456 1024 -2048 ) (504 1024 -2048 ) (504 1024 0 ) 
4 8 41 (456 1024 64 ) (456 1024 0 ) (504 1024 0 ) (504 1024 64 ) 
4 8 40 (456 1024 88 ) (456 1024 64 ) (504 1024 64 ) (504 1024 88 ) 
4 8 36 (456 1024 448 ) (456 1024 88 ) (481 1024 88 ) (481 1024 448 ) 
4 8 35 (481 1024 88 ) (504 1024 88 ) (504 1024 448 ) (481 1024 448 ) 
4 8 29 (456 1024 579 ) (456 1024 448 ) (481 1024 448 ) (481 1024 579 ) 
4 8 28 (481 1024 448 ) (504 1024 448 ) (504 1024 579 ) (481 1024 579 ) 
4 8 27 (504 1024 2048 ) (456 1024 2048 ) (456 1024 579 ) (504 1024 579 ) 
4 8 25 (504 1024 64 ) (504 1024 -2048 ) (512 1024 -2048 ) (512 1024 64 ) 
4 8 24 (512 1024 -2048 ) (648 1024 -2048 ) (648 1024 64 ) (512 1024 64 ) 
4 8 23 (504 1024 88 ) (504 1024 64 ) (648 1024 64 ) (648 1024 88 ) 
4 8 20 (504 1024 448 ) (504 1024 88 ) (648 1024 88 ) (648 1024 448 ) 
4 8 17 (648 1024 2048 ) (636 1024 2048 ) (636 1024 448 ) (648 1024 448 ) 
4 8 19 (636 1024 2048 ) (504 1024 2048 ) (504 1024 448 ) (636 1024 448 ) 
4 8 16 (648 1024 64 ) (648 1024 -2048 ) (696 1024 -2048 ) (696 1024 64 ) 
4 8 15 (648 1024 88 ) (648 1024 64 ) (696 1024 64 ) (696 1024 88 ) 
4 8 11 (696 1024 2048 ) (648 1024 2048 ) (648 1024 88 ) (696 1024 88 ) 
4 8 10 (1024 1024 -2048 ) (1024 1024 2048 ) (696 1024 2048 ) (696 1024 -2048 ) 
4 8 9 (0 1024 -2048 ) (0 1024 2048 ) (0 1536 2048 ) (0 1536 -2048 ) 
4 9 200 (-1024 1024 -2048 ) (-1024 1024 2048 ) (-1024 1536 2048 ) (-1024 1536 -2048 ) 
4 9 149 (-512 1024 -2048 ) (0 1024 -2048 ) (0 1024 64 ) (-512 1024 64 ) 
4 9 151 (-1024 1024 64 ) (-1024 1024 -2048 ) (-512 1024 -2048 ) (-512 1024 64 ) 
4 9 148 (-1024 1024 2048 ) (-1024 1024 64 ) (0 1024 64 ) (0 1024 2048 ) 
4 10 204 (1024 0 -2048 ) (1024 0 2048 ) (696 0 2048 ) (696 0 -2048 ) 
4 10 16 (696 1024 64 ) (696 1024 -2048 ) (696 0 -2048 ) (696 0 64 ) 
4 10 15 (696 1024 88 ) (696 1024 64 ) (696 128 64 ) (696 128 88 ) 
7 10 14 (696 56 88 ) (696 0 88 ) (696 0 397.730225 ) (696 11.773406 396.059998 ) (696 34.798847 382.827820 ) (696 50.456886 363.309875 ) (696 56 340 ) 
4 10 13 (696 0 448 ) (696 0 2048 ) (696 56 2048 ) (696 56 448 ) 
4 10 12 (696 56 448 ) (696 56 2048 ) (696 176 2048 ) (696 176 448 ) 
4 10 11 (696 1024 2048 ) (696 1024 88 ) (696 176 88 ) (696 176 2048 ) 
4 11 20 (648 1024 448 ) (648 1024 88 ) (648 176 88 ) (648 176 448 ) 
4 11 17 (648 1024 2048 ) (648 1024 448 ) (648 176 448 ) (648 176 2048 ) 
4 11 15 (648 176 88 ) (648 1024 88 ) (696 1024 88 ) (696 176 88 ) 
4 11 12 (696 176 448 ) (696 176 2048 ) (648 176 2048 ) (648 176 448 ) 
4 12 18 (648 56 512 ) (648 56 2048 ) (648 127 2048 ) (648 127 512 ) 
4 12 17 (648 127 2048 ) (648 176 2048 ) (648 176 448 ) (648 127 448 ) 
4 12 13 (648 56 2048 ) (648 56 448 ) (696 56 448 ) (696 56 2048 ) 
4 13 205 (696 0 448 ) (696 0 2048 ) (648 0 2048 ) (648 0 448 ) 
4 13 18 (648 0 512 ) (648 0 2048 ) (648 56 2048 ) (648 56 512 ) 
4 14 206 (696 0 88 ) (696 0 397.730225 ) (648 0 397.730225 ) (648 0 88 ) 
7 14 21 (648 0 88 ) (648 0 397.730194 ) (648 11.774033 396.059906 ) (648 34.798447 382.828339 ) (648 50.456886 363.309875 ) (648 56 340 ) (648 56 88 ) 
4 15 23 (648 128 88 ) (648 1024 88 ) (648 1024 64 ) (648 128 64 ) 
4 15 16 (648 128 64 ) (648 1024 64 ) (696 1024 64 ) (696 128 64 ) 
4 16 209 (696 0 -2048 ) (696 0 64 ) (648 0 64 ) (648 0 -2048 ) 
4 16 24 (648 0 -2048 ) (648 0 64 ) (648 1024 64 ) (648 1024 -2048 ) 
4 17 20 (636 1024 448 ) (648 1024 448 ) (648 176 448 ) (636 176 448 ) 
4 17 18 (636 127 2048 ) (636 127 512 ) (648 127 512 ) (648 127 2048 ) 
4 17 19 (636 1024 448 ) (636 127 448 ) (636 127 2048 ) (636 1024 2048 ) 
4 18 211 (648 0 512 ) (648 0 2048 ) (636 0 2048 ) (636 0 512 ) 
4 18 19 (636 0 512 ) (636 0 2048 ) (636 127 2048 ) (636 127 512 ) 
4 19 213 (636 0 2048 ) (504 0 2048 ) (504 0 448 ) (636 0 448 ) 
4 19 32 (504 512 448 ) (504 0 448 ) (504 0 512 ) (504 512 512 ) 
4 19 31 (504 0 512 ) (504 0 579 ) (504 174.351852 579 ) (504 188 512 ) 
4 19 30 (504 174.351852 579 ) (504 512 579 ) (504 512 512 ) (504 188 512 ) 
4 19 28 (504 1024 579 ) (504 1024 448 ) (504 512 448 ) (504 512 579 ) 
4 19 27 (504 1024 2048 ) (504 1024 579 ) (504 0 579 ) (504 0 2048 ) 
4 19 22 (504 0 448 ) (504 128 448 ) (636 128 448 ) (636 0 448 ) 
4 19 20 (504 176 448 ) (504 1024 448 ) (636 1024 448 ) (636 176 448 ) 
12 20 38 (504 272 304 ) (504 272 405.967926 ) (504 275.057159 422.308533 ) (504 282.891510 435.981598 ) (504 294.403320 445.242889 ) (504 308 448 ) (504 308.011902 448 ) (504 321.888672 445.241852 ) (504 333.398102 435.981903 ) (504 341.228241 422.316406 ) (504 344 406 ) (504 344 304 ) 
12 20 37 (504 392 304 ) (504 392 405.967926 ) (504 395.057159 422.308563 ) (504 402.891479 435.981537 ) (504 414.414764 445.252075 ) (504 427.966125 448 ) (504 428.012207 448 ) (504 441.888306 445.242188 ) (504 453.397980 435.982025 ) (504 461.228333 422.316193 ) (504 464 406 ) (504 464 304 ) 
4 20 35 (504 1024 448 ) (504 1024 88 ) (504 512 88 ) (504 512 448 ) 
4 20 23 (504 176 88 ) (504 1024 88 ) (648 1024 88 ) (648 176 88 ) 
4 21 214 (648 0 88 ) (648 0 445.276123 ) (636 0 445.276123 ) (636 0 88 ) 
7 21 22 (636 128 304 ) (636 128 88 ) (636 0 88 ) (636 0 445.276123 ) (636 39.553993 438.542389 ) (636 85.585403 406.799011 ) (636 116.915428 359.936920 ) 
4 22 215 (636 0 448 ) (504 0 448 ) (504 0 88 ) (636 0 88 ) 
4 22 39 (504 128 88 ) (504 0 88 ) (504 0 448 ) (504 128 448 ) 
4 23 40 (504 1024 88 ) (504 1024 64 ) (504 128 64 ) (504 128 88 ) 
4 23 25 (504 256 64 ) (504 1024 64 ) (512 1024 64 ) (512 256 64 ) 
4 23 24 (512 1024 64 ) (648 1024 64 ) (648 128 64 ) (512 128 64 ) 
4 24 218 (648 0 -2048 ) (648 0 64 ) (512 0 64 ) (512 0 -2048 ) 
4 24 26 (512 256 -2048 ) (512 0 -2048 ) (512 0 0 ) (512 256 0 ) 
4 24 25 (512 1024 -2048 ) (512 256 -2048 ) (512 256 64 ) (512 1024 64 ) 
4 25 42 (504 1024 0 ) (504 1024 -2048 ) (504 256 -2048 ) (504 256 0 ) 
4 25 41 (504 1024 64 ) (504 1024 0 ) (504 256 0 ) (504 256 64 ) 
4 25 26 (504 256 -2048 ) (512 256 -2048 ) (512 256 0 ) (504 256 0 ) 
4 26 219 (504 0 0 ) (504 0 -2048 ) (512 0 -2048 ) (512 0 0 ) 
4 26 42 (504 256 -2048 ) (504 0 -2048 ) (504 0 0 ) (504 256 0 ) 
4 27 267 (504 0 1457.454468 ) (504 0 1592 ) (456 0 1592 ) (456 0 1457.454590 ) 
4 27 266 (504 0 1592 ) (504 0 2048 ) (456 0 2048 ) (456 0 1592 ) 
4 27 256 (504 0 1210.250000 ) (504 0 1457.454468 ) (456 0 1457.454590 ) (456 0 1138.250000 ) 
4 27 254 (504 0 659 ) (504 0 718.559998 ) (456 0 718.559998 ) (456 0 668 ) 
4 27 253 (504 0 718.559998 ) (504 0 763.347778 ) (456 0 763.347839 ) (456 0 718.559998 ) 
4 27 252 (504 0 763.347778 ) (504 0 1210.250000 ) (456 0 1138.250000 ) (456 0 763.347839 ) 
4 27 238 (504 0 579.865967 ) (504 0 659 ) (456 0 668 ) (456 0 611.475708 ) 
3 27 234 (456 0 586.172119 ) (456 0 579 ) (460.727173 0 579 ) 
5 27 233 (504 0 579 ) (504 0 579.865967 ) (456 0 611.475708 ) (456 0 586.172119 ) (460.727173 0 579 ) 
3 27 77 (456 512 627.695679 ) (456 512 605.006714 ) (456 390.992615 627.695618 ) 
5 27 72 (456 0 701.006775 ) (456 0 2048 ) (456 512 2048 ) (456 512 627.695679 ) (456 390.992615 627.695618 ) 
4 27 69 (456 0 611.475708 ) (456 0 701.006775 ) (456 89.248535 684.272644 ) (456 200.870483 611.475708 ) 
3 27 68 (456 89.248535 684.272644 ) (456 477.498749 611.475708 ) (456 200.870483 611.475708 ) 
5 27 64 (456 143.182877 611.475708 ) (456 477.498749 611.475708 ) (456 512 605.006714 ) (456 512 579 ) (456 164.833344 579 ) 
4 27 59 (456 0 579 ) (456 0 611.475708 ) (456 143.182877 611.475708 ) (456 164.833344 579 ) 
4 27 44 (456 512 2048 ) (456 560 2048 ) (456 560 579 ) (456 512 579 ) 
4 27 43 (456 560 2048 ) (456 1024 2048 ) (456 1024 579 ) (456 560 579 ) 
4 27 31 (456 0 579 ) (456 174.351852 579 ) (504 174.351868 579 ) (504 0 579 ) 
4 27 30 (456 174.351852 579 ) (456 512 579 ) (504 512 579 ) (504 174.351868 579 ) 
4 27 29 (456 560 579 ) (456 1024 579 ) (481 1024 579 ) (481 560 579 ) 
4 27 28 (481 1024 579 ) (504 1024 579 ) (504 512 579 ) (481 512 579 ) 
4 28 35 (481 1024 448 ) (504 1024 448 ) (504 512 448 ) (481 512 448 ) 
4 28 32 (481 512 448 ) (504 512 448 ) (504 512 512 ) (481 512 512 ) 
4 28 30 (504 512 512 ) (504 512 579 ) (481 512 579 ) (481 512 512 ) 
4 28 29 (481 1024 448 ) (481 560 448 ) (481 560 579 ) (481 1024 579 ) 
4 29 78 (456 1024 578 ) (456 1024 448 ) (456 560 448 ) (456 560 578 ) 
4 29 43 (456 560 579 ) (456 1024 579 ) (456 1024 578 ) (456 560 578 ) 
4 29 36 (456 560 448 ) (456 1024 448 ) (481 1024 448 ) (481 560 448 ) 
4 30 108 (456 201.380005 512 ) (456 188 512 ) (456 176 570.908936 ) (456 201.380005 570.908936 ) 
4 30 79 (456 201.380005 570.908936 ) (456 176 570.908936 ) (456 174.555557 578 ) (456 201.380005 578 ) 
4 30 64 (456 174.351852 579 ) (456 512 579 ) (456 512 578 ) (456 174.555557 578 ) 
4 30 33 (456 188 512 ) (456 512 512 ) (468 512 512 ) (468 188 512 ) 
4 30 32 (468 512 512 ) (504 512 512 ) (504 188 512 ) (468 188 512 ) 
5 30 31 (468 188 512 ) (504 188 512 ) (504 174.351715 579 ) (456 174.351715 579 ) (456 176 570.909058 ) 
7 31 234 (504 0 512 ) (504 0 513.346069 ) (460.727173 0 579 ) (456 0 579 ) (456 0 570.909058 ) (458.539978 0 558.440063 ) (489.499969 0 512 ) 
3 31 233 (504 0 513.346069 ) (504 0 579 ) (460.727173 0 579 ) 
3 31 231 (458.539978 0 558.440063 ) (468 0 512 ) (489.499969 0 512 ) 
4 31 79 (456 0 570.909058 ) (456 0 578 ) (456 174.555557 578 ) (456 176 570.909058 ) 
4 31 64 (456 164.833359 579 ) (456 174.351852 579 ) (456 174.555557 578 ) (456 165.500015 578 ) 
4 31 59 (456 0 578 ) (456 0 579 ) (456 164.833359 579 ) (456 165.500015 578 ) 
4 31 32 (468 188 512 ) (504 188 512 ) (504 0 512 ) (468 0 512 ) 
4 32 275 (504 0 448 ) (504 0 512 ) (468 0 512 ) (468 0 448 ) 
4 32 39 (504 128 448 ) (504 0 448 ) (468 0 448 ) (468 128 448 ) 
4 32 33 (468 188 512 ) (468 512 512 ) (468 512 448 ) (468 188 448 ) 
4 32 34 (468 0 512 ) (468 128 512 ) (468 128 448 ) (468 0 448 ) 
4 33 101 (456 188 512 ) (456 201.380005 512 ) (456 201.380005 483.533661 ) (456 188 483.533630 ) 
4 33 95 (456 201.380005 448 ) (456 188 448 ) (456 188 483.533630 ) (456 201.380005 483.533661 ) 
4 34 276 (468 0 512 ) (456 0 512 ) (456 0 448 ) (468 0 448 ) 
4 34 106 (456 0 448 ) (456 0 512 ) (456 128 512 ) (456 128 448 ) 
4 34 39 (456 0 448 ) (456 128 448 ) (468 128 448 ) (468 0 448 ) 
4 35 40 (481 1024 88 ) (504 1024 88 ) (504 512 88 ) (481 512 88 ) 
4 35 36 (481 1024 88 ) (481 560 88 ) (481 560 448 ) (481 1024 448 ) 
4 36 78 (456 560 448 ) (456 1024 448 ) (456 1024 88 ) (456 560 88 ) 
4 36 40 (456 560 88 ) (456 1024 88 ) (481 1024 88 ) (481 560 88 ) 
10 37 93 (456 427.972168 448 ) (456 428.014099 448 ) (456 441.886719 445.242889 ) (456 453.396545 435.982605 ) (456 461.227325 422.316010 ) (456 462.416443 415.316071 ) (456 393.748962 415.316071 ) (456 395.057098 422.308136 ) (456 402.892395 435.982880 ) (456 414.411774 445.250244 ) 
6 37 92 (456 462.416443 415.316071 ) (456 464 405.994019 ) (456 464 354.089600 ) (456 392 354.082794 ) (456 392 405.967926 ) (456 393.748962 415.316071 ) 
4 37 91 (456 464 354.089600 ) (456 464 280 ) (456 392 280 ) (456 392 354.082794 ) 
10 38 93 (456 308.005981 448 ) (456 308.014893 448 ) (456 321.886749 445.242828 ) (456 333.396545 435.982605 ) (456 341.227325 422.316010 ) (456 342.416412 415.316071 ) (456 273.748962 415.316071 ) (456 275.057129 422.308228 ) (456 282.892365 435.982849 ) (456 294.400360 445.241058 ) 
6 38 92 (456 342.416412 415.316071 ) (456 344 405.993988 ) (456 344 354.078308 ) (456 272 354.071503 ) (456 272 405.967896 ) (456 273.748962 415.316071 ) 
4 38 91 (456 344 354.078308 ) (456 344 280 ) (456 272 280 ) (456 272 354.071503 ) 
4 39 288 (504 0 88 ) (504 0 448 ) (456 0 448 ) (456 0 88 ) 
4 39 106 (456 0 88 ) (456 0 448 ) (456 128 448 ) (456 128 88 ) 
4 40 109 (456 224 88 ) (456 1024 88 ) (456 1024 64 ) (456 224 64 ) 
4 40 41 (456 256 64 ) (456 1024 64 ) (504 1024 64 ) (504 256 64 ) 
4 41 110 (456 256 64 ) (456 1024 64 ) (456 1024 0 ) (456 256 0 ) 
4 41 42 (456 256 0 ) (456 1024 0 ) (504 1024 0 ) (504 256 0 ) 
4 42 324 (504 0 -2048 ) (504 0 0 ) (456 0 0 ) (456 0 -2048 ) 
4 42 111 (456 0 -2048 ) (456 0 0 ) (456 256 0 ) (456 256 -2048 ) 
4 42 110 (456 256 0 ) (456 1024 0 ) (456 1024 -2048 ) (456 256 -2048 ) 
4 43 112 (72 1024 2048 ) (72 1024 578 ) (72 560 578 ) (72 560 2048 ) 
4 43 78 (72 560 578 ) (72 1024 578 ) (456 1024 578 ) (456 560 578 ) 
4 43 44 (456 560 579 ) (456 560 2048 ) (72 560 2048 ) (72 560 579 ) 
4 44 113 (72 512 579 ) (72 512 2048 ) (72 560 2048 ) (72 560 579 ) 
6 44 77 (456 512 605.006775 ) (456 512 627.695618 ) (450.136017 512 631.519958 ) (77.864044 512 631.520020 ) (72 512 627.695618 ) (72 512 605.006714 ) 
3 44 76 (77.864044 512 631.520020 ) (72 512 631.520020 ) (72 512 627.695618 ) 
3 44 73 (450.136017 512 631.519958 ) (72 512 878.130371 ) (72 512 631.520020 ) 
4 44 72 (456 512 627.695618 ) (456 512 2048 ) (72 512 2048 ) (72 512 878.130371 ) 
5 44 65 (449.054138 512 605.006775 ) (435.538483 512 605.006775 ) (439.499969 512 587 ) (444.833374 512 579 ) (454.351837 512 579 ) 
4 44 64 (456 512 579 ) (456 512 605.006775 ) (449.054138 512 605.006775 ) (454.351837 512 579 ) 
3 44 61 (435.538483 512 605.006775 ) (427.495453 512 605.006775 ) (439.499969 512 587 ) 
3 44 57 (441.259979 512 579 ) (444.833374 512 579 ) (439.499969 512 587 ) 
5 44 54 (427.495453 512 605.006775 ) (72 512 605.006714 ) (72 512 579 ) (441.259979 512 579 ) (439.499969 512 587 ) 
4 45 270 (113.581474 0 701.006714 ) (98.499504 0 701.006714 ) (85.338417 0 636.394592 ) (101.716751 0 647.076111 ) 
4 45 257 (164.504501 0 701.006714 ) (113.581474 0 701.006714 ) (101.716751 0 647.076111 ) (149.192398 0 678.038574 ) 
4 45 228 (184.410126 0 701.006714 ) (170.295074 0 701.006714 ) (163.813095 0 699.969604 ) (149.192398 0 678.038574 ) 
3 45 227 (170.295074 0 701.006714 ) (164.504501 0 701.006714 ) (163.813095 0 699.969604 ) 
4 45 222 (98.499504 0 701.006714 ) (72 0 701.006714 ) (72 0 627.695618 ) (85.338417 0 636.394592 ) 
5 45 122 (72 0 627.695618 ) (72 0 701.006714 ) (72 55.985817 690.509399 ) (72 72.002373 679.961914 ) (72 106.450592 627.695679 ) 
3 45 121 (72 72.002373 679.961914 ) (72 151.369598 627.695679 ) (72 106.450592 627.695679 ) 
4 45 76 (170.296082 0 701.006836 ) (184.410355 0 701.006836 ) (168.314453 55.985500 690.509521 ) (104.687775 55.985504 690.509521 ) 
4 45 75 (72 55.985504 690.509521 ) (72 0 701.006836 ) (170.296082 0 701.006836 ) (104.687775 55.985504 690.509521 ) 
3 45 53 (72 55.988266 690.511719 ) (168.317780 55.988270 690.511719 ) (72 151.371826 627.695679 ) 
3 45 51 (85.338440 138.156708 636.394714 ) (106.194031 117.502632 649.996094 ) (85.338440 126.570213 636.394714 ) 
4 45 49 (72 132.369492 627.695801 ) (72 151.366272 627.695801 ) (85.338440 138.156708 636.394714 ) (85.338440 126.570213 636.394714 ) 
5 45 48 (85.338440 126.570213 636.394714 ) (106.194031 117.502632 649.996094 ) (120 103.830132 659 ) (120 0 659 ) (85.338455 0 636.394775 ) 
4 45 47 (72 0 627.695801 ) (72 132.369492 627.695801 ) (85.338440 126.570213 636.394714 ) (85.338455 0 636.394775 ) 
10 46 230 (397.499939 0 650 ) (336 0 690.499939 ) (279.964050 0 701.006714 ) (248.035690 0 701.006714 ) (192 0 690.500061 ) (130.499969 0 650 ) (88.500008 0 587 ) (86.519997 0 578 ) (441.479980 0 578 ) (439.499969 0 587 ) 
4 46 106 (441.479980 161.480026 578 ) (441.479980 0 578 ) (86.520020 0 578 ) (86.519997 161.480026 578 ) 
4 47 222 (85.338417 0 636.394592 ) (72 0 627.695618 ) (72 0 578 ) (73.443794 0 578 ) 
4 47 122 (72 139.204544 578 ) (72 0 578 ) (72 0 627.695618 ) (72 106.450584 627.695679 ) 
4 47 121 (72 165.500031 578 ) (72 139.204544 578 ) (72 106.450584 627.695679 ) (72 132.369568 627.695679 ) 
4 47 80 (72 0 578 ) (72 165.500031 578 ) (73.443794 165.500031 578 ) (73.443794 0 578 ) 
4 47 49 (72 132.367569 627.698669 ) (85.339134 126.567924 636.398132 ) (73.443794 165.500076 578 ) (72 165.500076 578 ) 
4 47 48 (76.498779 155.498627 592.998169 ) (85.338364 126.567665 636.394592 ) (85.338364 0 636.394592 ) (76.498779 0 592.998169 ) 
4 48 270 (101.716751 0 647.076172 ) (85.338417 0 636.394592 ) (76.498856 0 592.998291 ) (96.493790 0 623.335449 ) 
3 48 258 (120 0 659 ) (101.716751 0 647.076172 ) (96.493790 0 623.335449 ) 
3 48 55 (114.070953 117.497215 650.004211 ) (106.206421 117.497177 650.004272 ) (120 103.837280 659 ) 
4 48 51 (85.339134 126.567924 636.398132 ) (106.195313 117.500000 650 ) (114.068169 117.500023 650 ) (76.498856 155.501205 592.998291 ) 
5 49 121 (72 174.555557 578 ) (72 165.500031 578 ) (72 132.369568 627.695679 ) (72 151.369598 627.695679 ) (72 166.456177 617.760620 ) 
4 49 115 (72 188 578 ) (72 174.555557 578 ) (72 166.456177 617.760620 ) (72 188 603.573181 ) 
3 49 114 (72 226.833344 578 ) (72 188 578 ) (72 188 603.573181 ) 
4 49 80 (72 165.500031 578 ) (72 201.380005 578 ) (73.443794 201.380005 578 ) (73.443787 165.500031 578 ) 
4 49 56 (73.443787 226.832626 578 ) (72 226.832626 578 ) (72 214.423111 586.172424 ) (76.498840 204.058426 592.998230 ) 
4 49 55 (72 214.423111 586.172424 ) (72 151.371826 627.695679 ) (85.338440 138.162766 636.394653 ) (76.498840 204.058426 592.998230 ) 
3 49 52 (73.443733 174.555557 578 ) (73.443733 181.386353 578 ) (76.498764 171.501205 592.998169 ) 
5 49 51 (85.338348 126.570320 636.394531 ) (76.498764 155.501251 592.998108 ) (76.498764 171.501205 592.998169 ) (84.215172 146.533295 630.880493 ) (85.338348 138.160156 636.394531 ) 
3 49 50 (73.443733 181.386353 578 ) (73.443726 226.833252 578 ) (84.215172 146.533295 630.880493 ) 
4 50 107 (86.519997 201.380005 578 ) (86.519989 181.386337 578 ) (73.443787 181.386337 578 ) (73.443787 201.380005 578 ) 
4 50 104 (441.479980 201.380005 578 ) (441.479980 181.386337 578 ) (319.777222 181.386337 578 ) (319.777527 201.380005 578 ) 
4 50 103 (209.730957 201.380005 578 ) (209.730957 181.386337 578 ) (86.519989 181.386337 578 ) (86.519997 201.380005 578 ) 
4 50 98 (319.777313 188 578 ) (319.777222 181.386337 578 ) (209.730957 181.386337 578 ) (209.730957 188 578 ) 
4 50 97 (264.006836 201.380005 578 ) (264.006104 188 578 ) (209.730957 188 578 ) (209.730957 201.380005 578 ) 
4 50 96 (319.777527 201.380005 578 ) (319.777313 188 578 ) (264.006104 188 578 ) (264.006836 201.380005 578 ) 
3 50 61 (439.500000 175.454590 587 ) (439.500000 213.166916 587 ) (410.245758 146.533203 630.880615 ) 
4 50 57 (441.480469 181.386337 578 ) (441.480469 226.833359 578 ) (439.500000 213.166718 587 ) (439.500000 175.454544 587 ) 
6 50 56 (410.243835 146.532333 630.881958 ) (439.500488 213.171875 586.996094 ) (441.479614 226.832611 578 ) (73.443787 226.832626 578 ) (76.498833 204.058472 592.998230 ) (101.468575 146.531433 630.883362 ) 
3 50 55 (76.498833 204.058472 592.998230 ) (84.215828 146.531387 630.883423 ) (101.468575 146.531433 630.883362 ) 
6 50 52 (76.501846 171.500977 593.002808 ) (73.445869 181.389160 578 ) (441.480042 181.389404 578 ) (439.500031 175.457520 587 ) (435.495667 171.498657 593.006653 ) (76.504105 171.498718 593.006226 ) 
3 50 51 (84.216667 146.538193 630.877380 ) (76.501846 171.500977 593.002808 ) (101.464630 146.538208 630.877380 ) 
5 51 55 (101.468567 146.531433 630.883362 ) (84.215828 146.531387 630.883423 ) (85.338440 138.162766 636.394653 ) (106.206421 117.497177 650.004272 ) (114.070961 117.497215 650.004211 ) 
4 52 107 (86.519989 174.555542 578 ) (73.443787 174.555542 578 ) (73.443787 181.386337 578 ) (86.520004 181.386337 578 ) 
4 52 105 (441.479980 176 578 ) (441.479980 174.555542 578 ) (86.519989 174.555542 578 ) (86.519989 176 578 ) 
4 52 104 (441.479980 181.386337 578 ) (441.479980 176 578 ) (319.777222 176 578 ) (319.777222 181.386337 578 ) 
4 52 103 (209.730957 176 578 ) (86.519989 176 578 ) (86.520004 181.386337 578 ) (209.730927 181.386337 578 ) 
4 52 98 (319.777222 176 578 ) (209.730957 176 578 ) (209.730927 181.386337 578 ) (319.777222 181.386337 578 ) 
3 52 62 (439.500000 172.722244 587 ) (439.500000 175.454590 587 ) (435.499908 171.500000 593 ) 
4 52 57 (441.480469 174.555542 578 ) (441.480469 181.386337 578 ) (439.500000 175.454544 587 ) (439.500000 172.722229 587 ) 
3 53 122 (72 72.002373 679.961914 ) (72 55.985817 690.509399 ) (72 66.328796 688.570068 ) 
5 53 121 (72 151.369598 627.695679 ) (72 72.002373 679.961914 ) (72 66.328796 688.570068 ) (72 155.435410 671.862610 ) (72 164.432358 627.695679 ) 
4 53 115 (72 155.435410 671.862610 ) (72 188 665.756714 ) (72 188 627.695679 ) (72 164.432358 627.695679 ) 
3 53 114 (72 188 665.756714 ) (72 390.992310 627.695679 ) (72 188 627.695679 ) 
4 53 76 (72 390.993011 627.695618 ) (72 83.879150 685.279480 ) (104.687775 55.985504 690.509521 ) (168.314453 55.985500 690.509521 ) 
3 53 75 (72 83.879150 685.279480 ) (72 55.985504 690.509521 ) (104.687775 55.985504 690.509521 ) 
4 53 55 (120 103.836128 659.001282 ) (72 151.373276 627.696350 ) (72 176 627.696228 ) (120 127.998344 659.001038 ) 
3 53 54 (72 176 627.696228 ) (72 390.993042 627.694946 ) (158.750443 89.248535 684.272644 ) 
3 54 115 (72 188 619.869507 ) (72 176 627.695679 ) (72 188 627.695679 ) 
6 54 114 (72 512 578 ) (72 252.199890 578 ) (72 188 619.869507 ) (72 188 627.695679 ) (72 390.992310 627.695679 ) (72 512 605.006714 ) 
6 54 77 (427.495453 512 605.006836 ) (72 512 605.006836 ) (72 390.993011 627.695618 ) (158.751373 89.248474 684.272705 ) (345.456299 89.248314 684.272827 ) (397.499878 272.035614 650 ) 
3 54 68 (397.498230 272.032623 650.002686 ) (345.454315 89.244125 684.275513 ) (397.498230 141.795792 650.002686 ) 
5 54 61 (439.500031 512 587 ) (427.495117 512 605.006836 ) (397.498047 272.023438 650.001953 ) (397.498047 141.796967 650.001953 ) (439.500000 238.400177 587 ) 
4 54 57 (441.480469 252.199921 578 ) (441.480469 512 578 ) (439.500000 512 587 ) (439.500000 238.399872 587 ) 
7 54 56 (120 128 659.001343 ) (72 239.669403 586.172424 ) (72 252.200348 578 ) (441.479614 252.196320 578 ) (439.500488 238.402344 586.996094 ) (397.497375 141.795120 650.001831 ) (383.836548 128.001328 658.997986 ) 
3 54 55 (120.003067 127.994034 659.004639 ) (72 175.997192 627.698242 ) (72 239.669403 586.172424 ) 
3 55 121 (72 166.456177 617.760620 ) (72 151.369598 627.695679 ) (72 164.432358 627.695679 ) 
5 55 115 (72 188 603.573181 ) (72 166.456177 617.760620 ) (72 164.432358 627.695679 ) (72 176 627.695679 ) (72 188 619.869507 ) 
4 55 114 (72 214.423355 586.172424 ) (72 188 603.573181 ) (72 188 619.869507 ) (72 239.668808 586.172424 ) 
4 55 56 (72 239.665344 586.172180 ) (119.997078 128.002899 658.995544 ) (101.466690 146.533295 630.880493 ) (72 214.423309 586.172424 ) 
4 56 114 (72 252.199890 578 ) (72 226.833344 578 ) (72 214.423355 586.172424 ) (72 239.668808 586.172424 ) 
3 56 70 (397.498230 133.930008 650.002686 ) (397.498230 141.795792 650.002686 ) (383.835754 128 659 ) 
5 56 61 (397.498047 141.796967 650.001953 ) (397.498047 133.930527 650.001953 ) (410.245789 146.533234 630.880615 ) (439.500000 213.166916 587 ) (439.500000 238.400177 587 ) 
4 56 57 (441.480469 226.833359 578 ) (441.480469 252.199921 578 ) (439.500000 238.399872 587 ) (439.500000 213.166718 587 ) 
4 57 108 (445.500031 201.380005 578 ) (445.500031 174.555542 578 ) (441.479980 174.555542 578 ) (441.479980 201.380005 578 ) 
4 57 67 (445.500000 174.555542 578 ) (445.500000 181.386337 578 ) (439.500000 175.454620 587 ) (439.500000 172.722229 587 ) 
4 57 65 (445.500000 181.386337 578 ) (445.500000 512 578 ) (439.500031 512 587 ) (439.500000 175.454620 587 ) 
3 58 232 (430.407593 0 628.329163 ) (426.531830 0 630.881470 ) (431.506592 0 623.333740 ) 
4 58 69 (426.530121 0 630.884155 ) (430.407196 0 628.330933 ) (430.407196 131.946091 628.330933 ) (426.530121 130.243958 630.884155 ) 
3 58 63 (426.534760 130.248688 630.876953 ) (430.408203 131.949219 628.326172 ) (431.506531 135.277512 623.333740 ) 
4 58 60 (431.506561 135.277466 623.333801 ) (430.407562 131.947174 628.329224 ) (430.407562 0 628.329224 ) (431.506561 0 623.333801 ) 
4 59 234 (456 0 578 ) (456 0 586.172058 ) (451.500122 0 593 ) (454.555542 0 578 ) 
4 59 233 (456 0 586.172058 ) (456 0 611.475647 ) (446.456146 0 617.760620 ) (451.500122 0 593 ) 
4 59 79 (456 165.500031 578 ) (456 0 578 ) (454.555542 0 578 ) (454.555542 165.500031 578 ) 
4 59 69 (446.455811 0 617.762329 ) (456 0 611.477112 ) (456 143.181961 611.477112 ) (446.455811 138.991821 617.762329 ) 
4 59 64 (446.456787 138.994934 617.757568 ) (456 143.184631 611.473022 ) (456 165.500000 578 ) (454.555542 165.500000 578 ) 
4 59 60 (446.456055 138.992188 617.765625 ) (451.500977 155.503891 592.998047 ) (451.500977 0 592.998047 ) (446.456055 0 617.765625 ) 
4 60 233 (446.456146 0 617.760620 ) (430.407593 0 628.329163 ) (431.506592 0 623.333740 ) (451.500122 0 593 ) 
4 60 69 (430.407196 0 628.330933 ) (446.455811 0 617.762329 ) (446.455811 138.991821 617.762329 ) (430.407196 131.946091 628.330933 ) 
4 60 66 (431.506531 135.277512 623.333740 ) (430.408203 131.949219 628.326172 ) (446.456787 138.994934 617.757568 ) (451.500122 155.500427 593 ) 
4 61 77 (435.538452 512 605.006836 ) (427.495453 512 605.006836 ) (397.499878 272.035614 650 ) (430.407562 387.613831 628.329285 ) 
4 61 70 (397.498230 141.795898 650.002686 ) (397.498230 133.930023 650.002686 ) (426.530121 146.530899 630.884155 ) (426.530121 171.110931 630.884155 ) 
4 61 69 (426.530121 146.530899 630.884155 ) (430.407196 148.213684 628.330933 ) (430.407196 175.025818 628.330933 ) (426.530121 171.110931 630.884155 ) 
4 61 68 (430.407196 387.615356 628.330933 ) (397.498230 272.032623 650.002686 ) (397.498230 141.795898 650.002686 ) (430.407196 175.025818 628.330933 ) 
5 61 65 (439.500000 175.454514 587 ) (439.500000 512 587 ) (435.538239 512 605.006897 ) (430.407227 387.621094 628.328125 ) (430.407227 148.215576 628.328125 ) 
3 61 63 (431.511078 151.512634 623.326904 ) (430.411072 148.217133 628.326965 ) (426.531708 146.533463 630.881653 ) 
3 61 62 (435.498657 171.499619 593.001953 ) (439.504486 175.459839 586.993164 ) (438.182617 171.499664 593.001709 ) 
3 62 67 (439.500000 172.722229 587 ) (439.500000 175.454514 587 ) (438.179932 171.500015 593 ) 
4 63 69 (426.530121 130.243958 630.884155 ) (430.407196 131.946091 628.330933 ) (430.407196 148.213684 628.330933 ) (426.530121 146.530899 630.884155 ) 
4 63 66 (430.407227 131.949219 628.328125 ) (431.505798 135.277893 623.334900 ) (431.505798 151.506577 623.334900 ) (430.407227 148.215576 628.328125 ) 
4 64 79 (456 201.380005 578 ) (456 165.500031 578 ) (454.555542 165.500031 578 ) (454.555542 201.380005 578 ) 
4 64 77 (456 512 605.006836 ) (449.054138 512 605.006836 ) (446.456146 443.979614 617.760681 ) (456 477.499512 611.475708 ) 
4 64 69 (446.455811 191.231079 617.762329 ) (446.455811 138.991821 617.762329 ) (456 143.181961 611.477112 ) (456 200.868332 611.477112 ) 
4 64 68 (456 477.502289 611.477112 ) (446.455811 443.981201 617.762329 ) (446.455811 191.231079 617.762329 ) (456 200.868332 611.477112 ) 
3 64 67 (451.500580 171.500900 592.998657 ) (454.555878 181.386414 578 ) (454.555878 174.555557 578 ) 
4 64 66 (451.500580 155.500809 592.998657 ) (446.456543 138.992996 617.760376 ) (446.456543 155.180634 617.760376 ) (451.500580 171.500900 592.998657 ) 
5 64 65 (446.456543 155.180634 617.760376 ) (446.456543 443.980774 617.760376 ) (449.054504 512 605.006775 ) (454.555878 512 578 ) (454.555878 181.386414 578 ) 
4 65 108 (454.555542 201.380005 578 ) (454.555542 181.386353 578 ) (445.500031 181.386353 578 ) (445.500031 201.380005 578 ) 
4 65 77 (449.054138 512 605.006836 ) (435.538452 512 605.006836 ) (430.407562 387.613831 628.329285 ) (446.456146 443.979614 617.760681 ) 
4 65 69 (430.407196 175.025833 628.330933 ) (430.407196 148.213684 628.330933 ) (446.455811 155.179382 617.762329 ) (446.455811 191.231140 617.762329 ) 
4 65 68 (446.455811 443.981201 617.762329 ) (430.407196 387.615356 628.330933 ) (430.407196 175.025833 628.330933 ) (446.455811 191.231140 617.762329 ) 
6 65 67 (438.179626 171.498840 593.005676 ) (439.500977 175.457031 587 ) (445.500671 181.388336 578 ) (454.559174 181.387238 578 ) (451.505371 171.506546 592.991394 ) (451.498413 171.499603 593.001953 ) 
4 65 66 (430.408203 148.218750 628.328125 ) (431.507263 151.511093 623.332703 ) (451.505371 171.506546 592.991394 ) (446.460358 155.183197 617.757874 ) 
4 66 69 (430.407196 148.213684 628.330933 ) (430.407196 131.946091 628.330933 ) (446.455811 138.991821 617.762329 ) (446.455811 155.179382 617.762329 ) 
4 67 108 (454.555542 181.386353 578 ) (454.555542 174.555557 578 ) (445.500031 174.555557 578 ) (445.500031 181.386353 578 ) 
4 68 77 (456 390.993408 627.695618 ) (456 477.499512 611.475708 ) (345.456299 89.248352 684.272766 ) (369.248352 89.248352 684.272766 ) 
3 68 72 (456 89.248352 684.272766 ) (456 390.993408 627.695618 ) (369.248352 89.248352 684.272766 ) 
3 68 71 (391.340942 89.250000 684.273438 ) (369.247314 89.250000 684.273438 ) (407.996826 127.998016 659.002991 ) 
3 68 70 (383.826782 127.998016 659.002991 ) (426.533417 171.121323 630.879089 ) (407.996826 127.998016 659.002991 ) 
4 68 69 (456 89.250000 684.273438 ) (391.340942 89.250000 684.273438 ) (426.533417 171.121323 630.879089 ) (456 200.875397 611.474243 ) 
4 69 254 (456 0 668 ) (456 0 701.006714 ) (380.311920 0 701.006714 ) (394.461792 0 679.538391 ) 
4 69 238 (456 0 611.475647 ) (456 0 668 ) (394.461792 0 679.538391 ) (426.531738 0 630.881592 ) 
4 69 72 (380.311859 0 701.006836 ) (456 0 701.006836 ) (456 89.248352 684.272766 ) (391.341370 89.248352 684.272766 ) 
5 69 71 (380.316986 0 701.009277 ) (391.347656 89.257813 684.273438 ) (407.998657 127.993675 659.009521 ) (408.008759 128.003784 658.994202 ) (408.008484 0 658.994446 ) 
3 69 70 (407.998657 127.993675 659.009521 ) (426.539063 171.125000 630.878906 ) (426.539063 146.534348 630.878906 ) 
4 71 254 (380.311920 0 701.006714 ) (343.589661 0 701.006714 ) (369.263123 0 684.263123 ) (394.461792 0 679.538391 ) 
3 71 240 (369.263123 0 684.263123 ) (407.997864 0 659.001343 ) (394.461792 0 679.538391 ) 
4 71 72 (343.589417 0 701.006836 ) (380.311859 0 701.006836 ) (391.341370 89.248352 684.272766 ) (369.248383 89.248352 684.272766 ) 
4 72 273 (139.391449 0 901.758667 ) (133.788132 0 874.250122 ) (151.695007 0 874.250000 ) (157.746902 0 901.758606 ) 
4 72 272 (409.919983 0 2048 ) (372.873810 0 2048 ) (139.391449 0 901.758667 ) (157.746902 0 901.758606 ) 
4 72 270 (133.788132 0 874.250122 ) (127.240219 0 842.104248 ) (142.441833 0 832.190125 ) (151.695007 0 874.250000 ) 
4 72 267 (456 0 1457.454590 ) (456 0 1592 ) (309.599976 0 1592 ) (280 0 1457.454590 ) 
4 72 266 (456 0 1592 ) (456 0 2048 ) (409.919983 0 2048 ) (309.599976 0 1592 ) 
5 72 256 (456 0 1138.250000 ) (456 0 1457.454590 ) (280 0 1457.454590 ) (142.441833 0 832.190125 ) (218.772736 0 782.409058 ) 
4 72 254 (456 0 701.006714 ) (456 0 718.559998 ) (316.674622 0 718.559998 ) (343.589661 0 701.006714 ) 
4 72 253 (456 0 718.559998 ) (456 0 763.347839 ) (248 0 763.347839 ) (316.674622 0 718.559998 ) 
4 72 252 (456 0 763.347839 ) (456 0 1138.250000 ) (218.772736 0 782.409058 ) (248 0 763.347839 ) 
4 72 222 (72 0 1528.021729 ) (72 0 878.130493 ) (127.240219 0 842.104248 ) (266.957428 0 1528.021729 ) 
4 72 221 (372.873810 0 2048 ) (72 0 2048 ) (72 0 1528.021729 ) (266.957428 0 1528.021729 ) 
3 72 121 (72 0 878.130371 ) (72 0 1434.909058 ) (72 113.417877 878.130371 ) 
5 72 115 (72 0 1434.909058 ) (72 0 2048 ) (72 188 2048 ) (72 188 878.130371 ) (72 113.417877 878.130371 ) 
4 72 114 (72 188 2048 ) (72 512 2048 ) (72 512 878.130371 ) (72 188 878.130371 ) 
6 72 77 (450.131073 512 631.520020 ) (456 512 627.692444 ) (456 390.994629 627.692383 ) (369.249695 89.254639 684.268677 ) (339.002167 59.007118 703.995300 ) (339.002167 59.029018 703.995300 ) 
3 72 74 (339.002106 0 703.995361 ) (324.520386 0 713.439941 ) (339.002167 59.029018 703.995300 ) 
4 72 73 (72 512 878.127197 ) (450.131073 512 631.520020 ) (324.520386 0 713.439941 ) (72 0 878.127136 ) 
4 73 270 (101.032082 0 713.439941 ) (116.316795 0 713.439941 ) (142.441833 0 832.190125 ) (127.240219 0 842.104248 ) 
4 73 263 (196.134171 0 748.451233 ) (206.065247 0 763.347839 ) (188.774704 0 763.347839 ) (178.956512 0 748.451233 ) 
4 73 261 (188.774704 0 763.347839 ) (127.296539 0 763.347839 ) (124.019279 0 748.451233 ) (178.956512 0 748.451233 ) 
4 73 257 (116.316795 0 713.439941 ) (172.793304 0 713.439941 ) (196.134171 0 748.451233 ) (124.019279 0 748.451233 ) 
4 73 256 (206.065247 0 763.347839 ) (218.772736 0 782.409058 ) (142.441833 0 832.190125 ) (127.296539 0 763.347839 ) 
4 73 255 (301.165344 0 713.439941 ) (324.525360 0 713.439941 ) (316.674652 0 718.559998 ) (293.390472 0 718.559998 ) 
4 73 253 (316.674652 0 718.559998 ) (248 0 763.347839 ) (225.379272 0 763.347839 ) (293.390472 0 718.559998 ) 
4 73 252 (248 0 763.347839 ) (218.772736 0 782.409058 ) (211.957672 0 772.186462 ) (225.379272 0 763.347839 ) 
4 73 249 (213.653656 0 713.439941 ) (301.165344 0 713.439941 ) (293.390472 0 718.559998 ) (186.346664 0 718.559998 ) 
4 73 247 (293.390472 0 718.559998 ) (211.957672 0 772.186462 ) (177.333344 0 720.250000 ) (186.346664 0 718.559998 ) 
3 73 245 (172.793304 0 713.439941 ) (213.653656 0 713.439941 ) (177.333344 0 720.250000 ) 
4 73 222 (72 0 878.130493 ) (72 0 713.439941 ) (101.032082 0 713.439941 ) (127.240219 0 842.104248 ) 
3 73 122 (72 0 713.439941 ) (72 0 789.206909 ) (72 55.824226 704.508057 ) 
5 73 121 (72 0 789.206909 ) (72 0 878.130371 ) (72 113.417877 878.130371 ) (72 151.917297 689.133179 ) (72 55.824226 704.508057 ) 
4 73 115 (72 113.417877 878.130371 ) (72 188 878.130371 ) (72 188 683.359985 ) (72 151.917297 689.133179 ) 
4 73 114 (72 188 878.130371 ) (72 512 878.130371 ) (72 512 631.520020 ) (72 188 683.359985 ) 
6 73 77 (77.863251 512 631.519531 ) (450.136719 512 631.519531 ) (339.009033 59.034363 703.994263 ) (338.974976 59 704 ) (189.001221 59 704 ) (188.998703 59.003048 704 ) 
4 73 76 (72 512 631.519531 ) (77.863251 512 631.519531 ) (188.998703 59.003048 704 ) (72 176.001495 685.279419 ) 
3 73 75 (248.001877 0 713.439758 ) (72 0 713.439758 ) (72 176.001495 685.279419 ) 
3 73 74 (339.009033 59.034363 703.994263 ) (324.525909 0 713.439758 ) (279.974609 0 713.439758 ) 
4 74 255 (339.008667 0 703.994324 ) (324.525360 0 713.439941 ) (301.165375 0 713.439941 ) (307.966675 0 708.961060 ) 
3 74 251 (301.165375 0 713.439941 ) (279.973633 0 713.439941 ) (307.966675 0 708.961060 ) 
4 75 270 (98.499512 0 701.006714 ) (113.581474 0 701.006714 ) (116.316788 0 713.439941 ) (101.032074 0 713.439941 ) 
4 75 257 (113.581474 0 701.006714 ) (164.504486 0 701.006714 ) (172.793304 0 713.439941 ) (116.316788 0 713.439941 ) 
3 75 250 (229.469147 0 710.474487 ) (248.003189 0 713.439941 ) (213.653534 0 713.439941 ) 
5 75 245 (164.504486 0 701.006714 ) (170.295349 0 701.006714 ) (229.469147 0 710.474487 ) (213.653534 0 713.439941 ) (172.793304 0 713.439941 ) 
4 75 222 (72 0 713.439941 ) (72 0 701.006714 ) (98.499512 0 701.006714 ) (101.032074 0 713.439941 ) 
4 75 122 (72 0 701.006714 ) (72 0 713.439941 ) (72 55.824215 704.508057 ) (72 66.328842 688.570068 ) 
5 75 121 (72 55.824215 704.508057 ) (72 151.917313 689.133179 ) (72 152.702332 685.279419 ) (72 83.878693 685.279480 ) (72 66.328842 688.570068 ) 
3 75 115 (72 151.917313 689.133179 ) (72 176.003326 685.279419 ) (72 152.702332 685.279419 ) 
5 75 76 (72 176 685.279358 ) (188.998383 59.001610 704 ) (188.998322 0 704 ) (170.296921 0 701.006775 ) (72 83.880005 685.279297 ) 
3 76 246 (170.295349 0 701.006714 ) (184.410110 0 701.006714 ) (188.998627 0 704 ) 
3 76 121 (72 155.435394 671.862610 ) (72 83.878693 685.279480 ) (72 152.702332 685.279419 ) 
5 76 115 (72 176.003326 685.279419 ) (72 188 683.359924 ) (72 188 665.756714 ) (72 155.435394 671.862610 ) (72 152.702332 685.279419 ) 
5 76 114 (72 188 683.359924 ) (72 512 631.520020 ) (72 512 627.695618 ) (72 390.992340 627.695679 ) (72 188 665.756714 ) 
6 76 77 (77.864258 512 631.519531 ) (188.998047 59.011719 703.998047 ) (188.998047 59.002892 703.998047 ) (158.752487 89.248535 684.272644 ) (72 390.996826 627.694824 ) (72 512 627.695007 ) 
3 77 114 (72 512 627.695618 ) (72 512 605.006714 ) (72 390.992340 627.695679 ) 
4 78 127 (72 1024 448 ) (72 1024 88 ) (72 560 88 ) (72 560 448 ) 
4 78 112 (72 1024 578 ) (72 1024 448 ) (72 560 448 ) (72 560 578 ) 
4 78 109 (72 560 88 ) (72 1024 88 ) (456 1024 88 ) (456 560 88 ) 
3 79 234 (456 0 570.908936 ) (456 0 578 ) (454.555542 0 578 ) 
4 79 108 (456 201.380005 570.909546 ) (456 176 570.909546 ) (454.555664 174.555542 578 ) (454.555664 201.380005 578 ) 
3 80 222 (73.443787 0 578 ) (72 0 578 ) (72 0 570.911926 ) 
4 80 122 (72 0 570.911987 ) (72 0 578 ) (72 139.204559 578 ) (72 143.876205 570.911987 ) 
4 80 121 (72 139.204559 578 ) (72 174.555557 578 ) (72 176 570.911987 ) (72 143.876205 570.911987 ) 
4 80 115 (72 174.555557 578 ) (72 188 578 ) (72 188 570.911987 ) (72 176 570.911987 ) 
4 80 114 (72 188 578 ) (72 201.380005 578 ) (72 201.380005 570.911987 ) (72 188 570.911987 ) 
4 80 107 (72 175.998978 570.914063 ) (72 201.380005 570.914063 ) (73.443367 201.380005 578 ) (73.443367 174.555542 578 ) 
4 81 132 (72 272 280 ) (72 272 353.035767 ) (72 344 353.036835 ) (72 344 280 ) 
4 81 129 (72 392 280 ) (72 392 353.037537 ) (72 464 353.038574 ) (72 464 280 ) 
4 81 109 (72 224 88 ) (72 512 88 ) (456 512 88 ) (456 224 88 ) 
4 81 93 (338.121216 512 435.382446 ) (264.766266 512 485.967682 ) (264.748383 201.686996 485.950806 ) (338.064972 201.686996 435.392029 ) 
4 81 92 (399.463348 201.686996 393.051971 ) (399.449524 512 393.090698 ) (338.121216 512 435.382446 ) (338.064972 201.686996 435.392029 ) 
4 81 91 (456 201.686996 256 ) (456 512 256 ) (441.220795 512 330.606873 ) (441.225800 201.686996 330.581360 ) 
4 81 90 (441.229126 201.686996 330.577209 ) (441.224060 512 330.602844 ) (399.453796 512 393.088745 ) (399.467621 201.686996 393.050049 ) 
4 81 86 (130.032455 512 393.053528 ) (72 512 353.035126 ) (72 201.686996 353.030579 ) (130.047668 201.686996 393.059448 ) 
4 81 84 (264.747559 201.686996 485.946686 ) (264.765442 512 485.963562 ) (130.032455 512 393.053528 ) (130.047668 201.686996 393.059448 ) 
11 81 83 (456 201.686996 256.016388 ) (441.230469 201.686996 330.574219 ) (399.460999 201.686996 393.054016 ) (338.065857 201.686996 435.391846 ) (264.011688 201.686996 447.998016 ) (191.415100 201.686996 435.383087 ) (130.054672 201.686996 393.069977 ) (88.275490 201.686996 330.577240 ) (72 201.686996 256 ) (72 201.686996 88 ) (456 201.686996 88 ) 
3 81 82 (319.782501 201.686996 448 ) (264.747528 201.686996 485.951904 ) (209.711533 201.686996 448 ) 
4 82 94 (319.781769 201.380005 448 ) (319.781799 201.686996 448 ) (264.748383 201.686996 485.950806 ) (264.748352 201.380005 485.950775 ) 
4 82 95 (319.779938 188 448 ) (319.781769 201.380005 448 ) (264.748352 201.380005 485.950775 ) (264.747589 188 485.950043 ) 
4 82 85 (264.746765 188 485.945953 ) (264.747559 201.686996 485.946686 ) (209.719376 201.686996 448 ) (209.719666 188 448 ) 
4 84 93 (264.748383 201.686996 485.950775 ) (264.766266 512 485.967651 ) (215.063797 512 520.242249 ) (215.058105 201.686996 520.216919 ) 
4 84 86 (130.027100 512 393.052338 ) (130.042297 201.686996 393.058319 ) (215.055206 201.686996 520.219482 ) (215.060883 512 520.244751 ) 
4 84 85 (215.056671 201.686996 520.218506 ) (166.775192 201.686996 448 ) (209.714554 201.686996 448 ) (264.749054 201.686996 485.950867 ) 
4 85 94 (264.748352 201.380005 485.950745 ) (264.748383 201.686996 485.950775 ) (215.058105 201.686996 520.216919 ) (215.058105 201.380005 520.216919 ) 
4 85 95 (215.057861 188 520.215820 ) (264.747589 188 485.950043 ) (264.748352 201.380005 485.950745 ) (215.058105 201.380005 520.216919 ) 
3 85 89 (226.974854 188 512 ) (215.058823 188 520.217285 ) (209.565231 188 512 ) 
4 85 87 (215.055206 201.380005 520.219482 ) (215.055206 201.686996 520.219482 ) (166.773254 201.686996 448 ) (166.773270 201.380005 448 ) 
4 85 88 (166.773743 188 448 ) (215.054962 188 520.218384 ) (215.055206 201.380005 520.219482 ) (166.773270 201.380005 448 ) 
11 86 132 (72 344 353.036835 ) (72 272 353.035797 ) (72 272 405.993896 ) (72 274.772705 422.316010 ) (72 282.603516 435.982635 ) (72 294.112183 445.242798 ) (72 307.989685 448 ) (72 321.599670 445.241058 ) (72 333.107635 435.982849 ) (72 340.942902 422.308197 ) (72 344 405.967957 ) 
11 86 129 (72 464 353.038574 ) (72 392 353.037537 ) (72 392 405.993988 ) (72 394.772675 422.315979 ) (72 402.603455 435.982574 ) (72 414.112305 445.242859 ) (72 427.989563 448 ) (72 441.599701 445.241028 ) (72 453.107758 435.982758 ) (72 460.942871 422.308350 ) (72 464 405.968018 ) 
4 86 93 (162.968628 512 556.166809 ) (162.943314 201.686996 556.155029 ) (215.058105 201.686996 520.216919 ) (215.063797 512 520.242249 ) 
7 86 87 (166.781570 201.686996 448 ) (215.060913 201.686996 520.215576 ) (162.943848 201.686996 556.155273 ) (130.041306 201.686996 540.793213 ) (88.269211 201.686996 498.488068 ) (72 201.686996 448.011963 ) (72 201.686996 448 ) 
4 87 94 (162.943314 201.686996 556.155029 ) (162.943283 201.380005 556.155029 ) (215.058105 201.380005 520.216919 ) (215.058105 201.686996 520.216919 ) 
7 87 88 (72 201.380005 448 ) (166.769531 201.380005 448 ) (215.052658 201.380005 520.221252 ) (162.943848 201.380005 556.155273 ) (130.041550 201.380005 540.793335 ) (88.269020 201.380005 498.487488 ) (72 201.380005 448.012024 ) 
4 88 114 (72 188 482.011444 ) (72 201.380005 482.011475 ) (72 201.380005 448 ) (72 188 448 ) 
4 88 103 (162.941559 188 556.155579 ) (162.942642 201.380005 556.156067 ) (130.043686 201.380005 540.795654 ) (130.043762 188 540.795715 ) 
4 88 99 (130.040558 188 540.792480 ) (130.040482 201.380005 540.792419 ) (72 201.380005 482.014252 ) (72 188 482.014221 ) 
4 88 95 (162.943283 201.380005 556.155029 ) (162.942200 188 556.154541 ) (215.057861 188 520.215820 ) (215.058105 201.380005 520.216919 ) 
5 88 89 (209.565231 188 512 ) (215.058823 188 520.217285 ) (162.944061 188 556.155396 ) (130.041122 188 540.793152 ) (101.610535 188 512 ) 
4 89 103 (162.940826 179.005402 556.155273 ) (162.941559 188 556.155579 ) (130.043762 188 540.795715 ) (130.043793 182.134186 540.795715 ) 
3 89 100 (130.040588 182.134857 540.792480 ) (130.040558 188 540.792480 ) (101.609444 188 512 ) 
3 89 98 (162.942200 188 556.154541 ) (162.941467 179.005615 556.154236 ) (226.971924 188 512 ) 
4 90 92 (433.500549 201.686996 369.580078 ) (433.493866 512 369.613861 ) (399.449524 512 393.090698 ) (399.463348 201.686996 393.051971 ) 
4 90 91 (441.225800 201.686996 330.581360 ) (441.220795 512 330.606873 ) (433.492767 512 369.618561 ) (433.499451 201.686996 369.584808 ) 
4 91 92 (456 201.686996 354.064545 ) (456 512 354.093719 ) (433.493866 512 369.613861 ) (433.500549 201.686996 369.580078 ) 
4 92 93 (338.128937 512 435.381622 ) (338.072784 201.686996 435.391174 ) (456 201.686996 415.316589 ) (456 512 415.316589 ) 
8 93 94 (338.060028 201.686996 569.463684 ) (264.007813 201.686996 578 ) (191.443970 201.686996 569.461853 ) (162.943848 201.686996 556.155273 ) (319.782471 201.686996 448 ) (456 201.686996 448 ) (441.225769 201.686996 498.498840 ) (399.468994 201.686996 540.791260 ) 
8 94 95 (319.782410 201.380005 448 ) (456 201.380005 448 ) (441.226501 201.380005 498.496460 ) (399.464661 201.380005 540.793274 ) (338.061646 201.380005 569.462952 ) (264.001709 201.380005 578 ) (191.447113 201.380005 569.463318 ) (162.943817 201.380005 556.155273 ) 
4 95 104 (399.462280 188 540.795654 ) (399.462189 201.380005 540.795776 ) (338.064148 201.380005 569.463196 ) (338.063904 188 569.463196 ) 
4 95 103 (162.942642 201.380005 556.156067 ) (162.941559 188 556.155579 ) (191.443481 188 569.463013 ) (191.443253 201.380005 569.462891 ) 
4 95 101 (399.466888 201.380005 540.792725 ) (399.466949 188 540.792603 ) (456 188 483.535309 ) (456 201.380005 483.535339 ) 
7 95 98 (162.940140 188 556.153564 ) (226.968353 188 512 ) (427.891632 188 512 ) (399.460541 188 540.795105 ) (338.060059 188 569.463623 ) (264.006134 188 578 ) (191.447403 188 569.463501 ) 
4 95 97 (191.446106 201.380005 569.462891 ) (191.446335 188 569.463013 ) (264.009155 188 578 ) (264.009857 201.380005 578 ) 
4 95 96 (264.005371 201.380005 578 ) (264.005005 188 578 ) (338.059296 188 569.463928 ) (338.059540 201.380005 569.463928 ) 
4 96 104 (319.780487 201.380005 578 ) (319.780304 188 578 ) (338.063904 188 569.463196 ) (338.064148 201.380005 569.463196 ) 
3 96 98 (338.060059 188 569.463623 ) (319.777344 188 578 ) (264.006134 188 578 ) 
4 97 103 (209.727997 188 578 ) (209.728012 201.380005 578 ) (191.443253 201.380005 569.462891 ) (191.443481 188 569.463013 ) 
3 97 98 (264.006134 188 578 ) (209.730957 188 578 ) (191.447403 188 569.463501 ) 
4 98 105 (334.964081 176 570.909119 ) (319.777222 176 578 ) (209.730927 176 578 ) (194.543549 176 570.909058 ) 
5 98 104 (319.780151 176 578 ) (334.966980 176 570.909119 ) (399.462311 182.134232 540.795593 ) (399.462280 188 540.795654 ) (319.780304 188 578 ) 
5 98 103 (194.540634 176 570.909119 ) (209.727982 176 578 ) (209.727997 188 578 ) (162.941559 188 556.155579 ) (162.940826 179.005402 556.155273 ) 
3 98 102 (399.466949 188 540.792603 ) (399.466980 182.134857 540.792542 ) (427.895386 188 512 ) 
4 99 114 (72 188 512 ) (72 201.380005 512 ) (72 201.380005 482.011475 ) (72 188 482.011444 ) 
4 99 107 (72 201.380005 512 ) (72 188 512 ) (72.415436 188 513.888000 ) (72.415436 201.380005 513.888000 ) 
4 99 103 (72.414063 201.380005 513.888672 ) (72.414063 188 513.888672 ) (130.043762 188 540.795776 ) (130.043686 201.380005 540.795715 ) 
4 99 100 (101.613846 188 512 ) (130.042969 188 540.792969 ) (72.415085 188 513.886780 ) (72 188 512 ) 
3 100 107 (72 188 512 ) (72.415436 187.615402 513.888000 ) (72.415436 188 513.888000 ) 
4 100 103 (72.414063 188 513.888672 ) (72.414063 187.615280 513.888672 ) (130.043793 182.134186 540.795776 ) (130.043762 188 540.795776 ) 
4 101 108 (456 188 512 ) (456 201.380005 512 ) (455.412506 201.380005 514.670654 ) (455.412537 188 514.670532 ) 
4 101 104 (455.412170 188 514.672058 ) (455.412140 201.380005 514.672180 ) (399.462189 201.380005 540.795776 ) (399.462280 188 540.795654 ) 
5 101 102 (399.459045 188 540.795776 ) (427.890594 188 512 ) (456 188 512 ) (456 188 512.006165 ) (455.414063 188 514.669922 ) 
3 102 108 (456 188 512 ) (455.412537 188 514.670532 ) (455.412537 187.456009 514.670532 ) 
4 102 104 (455.412170 187.455688 514.672058 ) (455.412170 188 514.672058 ) (399.462280 188 540.795654 ) (399.462311 182.134232 540.795593 ) 
5 103 107 (86.520096 176 578 ) (86.520096 201.380005 578 ) (72.415436 201.380005 513.888000 ) (72.415436 187.615402 513.888000 ) (84.960098 176 570.909119 ) 
4 103 105 (86.521103 176 578 ) (84.961105 176 570.909119 ) (194.543610 176 570.909119 ) (209.730927 176 578 ) 
5 104 108 (441.480042 201.380005 578 ) (441.480042 176 578 ) (443.040039 176 570.909119 ) (455.412537 187.456009 514.670532 ) (455.412506 201.380005 514.670654 ) 
4 104 105 (443.040710 176 570.909119 ) (441.480713 176 578 ) (319.777222 176 578 ) (334.964050 176 570.909119 ) 
3 105 108 (443.040039 176 570.909119 ) (441.480042 176 578 ) (441.480042 174.555557 578 ) 
3 105 107 (86.520096 174.555557 578 ) (86.520096 176 578 ) (84.960098 176 570.909119 ) 
4 106 288 (456 0 88 ) (456 0 448 ) (72 0 448 ) (72 0 88 ) 
4 106 278 (456 0 448 ) (456 0 512 ) (72 0 512 ) (72 0 448 ) 
4 106 230 (456 0 512 ) (441.480011 0 578 ) (86.519989 0 578 ) (72 0 512 ) 
7 106 134 (72 176 88 ) (72 0 88 ) (72 0 445.276123 ) (72 58.073318 435.389618 ) (72 119.448868 393.066193 ) (72 161.222733 330.581421 ) (72 176 256 ) 
3 107 115 (72 176 570.911987 ) (72 188 570.911987 ) (72 188 512 ) 
4 107 114 (72 188 570.911987 ) (72 201.380005 570.911987 ) (72 201.380005 512 ) (72 188 512 ) 
4 109 136 (72 272 64 ) (72 224 64 ) (72 224 88 ) (72 272 88 ) 
4 109 133 (72 344 64 ) (72 272 64 ) (72 272 88 ) (72 344 88 ) 
4 109 131 (72 392 64 ) (72 344 64 ) (72 344 88 ) (72 392 88 ) 
4 109 130 (72 464 64 ) (72 392 64 ) (72 392 88 ) (72 464 88 ) 
4 109 128 (72 1024 88 ) (72 1024 64 ) (72 464 64 ) (72 464 88 ) 
4 109 110 (72 256 64 ) (72 1024 64 ) (456 1024 64 ) (456 256 64 ) 
4 110 138 (72 272 -2048 ) (72 256 -2048 ) (72 256 0 ) (72 272 0 ) 
4 110 137 (72 256 0 ) (72 256 64 ) (72 272 64 ) (72 272 0 ) 
4 110 133 (72 344 -2048 ) (72 272 -2048 ) (72 272 64 ) (72 344 64 ) 
4 110 131 (72 392 -2048 ) (72 344 -2048 ) (72 344 64 ) (72 392 64 ) 
4 110 130 (72 464 -2048 ) (72 392 -2048 ) (72 392 64 ) (72 464 64 ) 
4 110 128 (72 1024 64 ) (72 1024 -2048 ) (72 464 -2048 ) (72 464 64 ) 
4 110 111 (72 256 -2048 ) (456 256 -2048 ) (456 256 0 ) (72 256 0 ) 
4 111 324 (456 0 -2048 ) (456 0 0 ) (72 0 0 ) (72 0 -2048 ) 
4 111 138 (72 256 -2048 ) (72 0 -2048 ) (72 0 0 ) (72 256 0 ) 
4 112 140 (24 1024 558.586670 ) (24 1024 448 ) (24 560 448 ) (24 560 558.586670 ) 
4 112 139 (24 560 2048 ) (24 1024 2048 ) (24 1024 558.586670 ) (24 560 558.586670 ) 
4 112 127 (24 560 448 ) (24 1024 448 ) (72 1024 448 ) (72 560 448 ) 
4 112 113 (72 560 579 ) (72 560 2048 ) (24 560 2048 ) (24 560 579 ) 
4 113 139 (24 512 2048 ) (24 560 2048 ) (24 560 579 ) (24 512 579 ) 
4 113 114 (72 512 579 ) (72 512 2048 ) (24 512 2048 ) (24 512 579 ) 
3 114 141 (24 224.886383 448 ) (24 188 448 ) (24 188 503.965576 ) 
5 114 140 (24 512 558.586670 ) (24 512 448 ) (24 224.886383 448 ) (24 188 503.965576 ) (24 188 558.586670 ) 
4 114 139 (24 188 2048 ) (24 512 2048 ) (24 512 558.586670 ) (24 188 558.586670 ) 
4 114 125 (48 188 448 ) (60 188 448 ) (60 188 512 ) (47.461845 188 450.446075 ) 
3 114 123 (44.189636 188 503.965576 ) (55.046291 188 487.680603 ) (58.363441 188 503.965576 ) 
4 114 121 (60 188 512 ) (38.833366 188 512 ) (44.189636 188 503.965576 ) (58.363441 188 503.965576 ) 
4 114 119 (38.833366 188 512 ) (33.919998 188 512 ) (47.461845 188 450.446075 ) (55.046291 188 487.680603 ) 
4 114 117 (24 188 448 ) (48 188 448 ) (35.687569 188 503.965576 ) (24 188 503.965576 ) 
4 114 116 (35.687569 188 503.965576 ) (33.919998 188 512 ) (24 188 512 ) (24 188 503.965576 ) 
4 114 115 (72 188 512 ) (72 188 2048 ) (24 188 2048 ) (24 188 512 ) 
4 115 222 (72 0 1434.908936 ) (72 0 1528.021851 ) (24 0 1528.021729 ) (24 0 1434.909058 ) 
4 115 221 (72 0 1528.021851 ) (72 0 2048 ) (24 0 2048 ) (24 0 1528.021729 ) 
3 115 140 (24 188 558.586670 ) (24 188 512 ) (24 178.510117 558.586670 ) 
5 115 139 (24 0 1434.908936 ) (24 0 2048 ) (24 188 2048 ) (24 188 558.586670 ) (24 178.510117 558.586670 ) 
7 115 121 (38.834694 188 511.998047 ) (60 188 511.998047 ) (72 176 570.911926 ) (72 0 1434.907227 ) (24 0 1434.907104 ) (24 178.814423 557.090820 ) (31.499954 185.758835 523 ) 
3 115 119 (33.920418 188 511.998047 ) (38.834694 188 511.998047 ) (31.499954 185.758835 523 ) 
3 115 116 (24 188 511.998047 ) (33.920418 188 511.998047 ) (24 178.814423 557.090820 ) 
4 116 140 (24 152.985565 557.090881 ) (24 178.814819 557.090881 ) (24 188 512 ) (24 188 503.965576 ) 
4 116 121 (31.500036 185.758453 523 ) (24 178.813980 557.091064 ) (24 152.985458 557.091064 ) (31.500027 175.454544 523 ) 
4 116 119 (35.687611 188 503.965546 ) (33.920898 188 511.996094 ) (31.500036 185.758453 523 ) (31.500027 175.454544 523 ) 
4 116 117 (24 188 503.968628 ) (35.689014 188 503.968628 ) (30.181116 171.499069 529.004517 ) (24 171.499069 529.004517 ) 
3 117 141 (24 171.499969 529 ) (24 188 503.965576 ) (24 188 448 ) 
3 117 125 (48 188 448 ) (47.461853 188 450.446136 ) (47.461853 187.501709 450.446106 ) 
3 117 123 (31.500034 175.454575 523 ) (30.180023 171.500000 529 ) (31.500034 172.722229 523 ) 
5 117 119 (47.461853 188 450.446136 ) (35.687611 188 503.965546 ) (31.500034 175.454575 523 ) (31.500034 172.722229 523 ) (47.461853 187.501709 450.446106 ) 
4 118 283 (24 0 512 ) (24 0 448 ) (48 0 448 ) (33.919979 0 512 ) 
4 118 225 (24 0 534.250000 ) (24 0 512 ) (33.919979 0 512 ) (31.499966 0 523 ) 
5 118 142 (24 0 448 ) (24 0 534.250000 ) (24 152 534.250000 ) (24 159.499985 523 ) (24 176 448 ) 
4 118 135 (24 0 448 ) (24 176 448 ) (46.500000 176 448 ) (46.500000 0 448 ) 
4 119 125 (47.461914 187.501465 450.447266 ) (47.461914 188 450.447266 ) (55.046154 188 487.680786 ) (55.046154 179.916870 487.680786 ) 
5 119 123 (55.048836 179.917496 487.677734 ) (55.048836 188 487.677734 ) (44.190308 188 503.965515 ) (31.499674 175.453583 523.001465 ) (31.499674 172.721924 523.001465 ) 
4 119 121 (44.190308 188 503.965515 ) (38.838013 188 511.993958 ) (31.499674 185.757813 523.001465 ) (31.499674 175.453583 523.001465 ) 
3 119 120 (53.481964 181.481903 479.997589 ) (55.046875 179.916992 487.679688 ) (50.539982 178.539886 494.440033 ) 
3 120 282 (53.481636 0 480 ) (55.046288 0 487.680603 ) (50.539982 0 494.440063 ) 
4 120 126 (53.481548 181.481552 480 ) (55.046154 179.916870 487.680786 ) (55.046158 0 487.680817 ) (53.481552 0 480 ) 
4 120 124 (55.048832 0 487.677734 ) (55.048836 179.917496 487.677734 ) (50.539707 178.539703 494.441437 ) (50.539703 0 494.441437 ) 
4 121 222 (72 0 789.206909 ) (72 0 1434.908936 ) (24 0 1434.909058 ) (24 0 789.206909 ) 
4 121 140 (24 178.510132 558.586609 ) (24 178.814819 557.090881 ) (24 152.985565 557.090881 ) (24 152 558.586609 ) 
4 121 139 (24 0 789.206909 ) (24 0 1434.908936 ) (24 178.510132 558.586609 ) (24 152 558.586609 ) 
3 121 125 (58.363266 188 503.965576 ) (60 188 512.002686 ) (60 182.704025 512 ) 
6 121 123 (30.180683 171.500626 528.996887 ) (31.500000 175.453125 523 ) (44.190029 188 503.964966 ) (58.364365 188 503.966309 ) (58.750359 186.751038 505.861298 ) (43.500523 171.500137 529 ) 
5 121 122 (58.750359 186.751038 505.861298 ) (72 143.879288 570.908081 ) (72 0 789.207581 ) (24 0 789.204956 ) (24 151.998245 558.586670 ) 
3 122 282 (54.704395 0 512 ) (58.749756 0 505.862122 ) (60 0 512 ) 
6 122 222 (72 0 570.911926 ) (72 0 789.206909 ) (24 0 789.206909 ) (24 0 558.586670 ) (54.704395 0 512 ) (60 0 512 ) 
3 122 139 (24 0 558.586609 ) (24 0 789.206909 ) (24 152 558.586670 ) 
4 122 126 (60 0 512 ) (58.749630 0 505.862366 ) (58.749634 176.213211 505.862366 ) (60 174.962784 512 ) 
4 122 125 (58.749634 186.749832 505.862366 ) (60 182.704025 512 ) (60 174.962784 512 ) (58.749634 176.213211 505.862366 ) 
4 122 124 (43.498516 171.498520 529.007263 ) (58.750000 176.212234 505.867188 ) (58.750000 0 505.867188 ) (43.498512 0 529.007263 ) 
3 122 123 (43.498516 171.498520 529.007263 ) (58.750000 186.750000 505.867188 ) (58.750000 176.212234 505.867188 ) 
5 123 125 (55.046154 188 487.680786 ) (58.363266 188 503.965576 ) (58.749634 186.749832 505.862366 ) (58.749634 176.213211 505.862366 ) (55.046154 179.916870 487.680786 ) 
4 123 124 (58.749390 176.213379 505.860596 ) (43.500580 171.500412 528.997070 ) (50.539978 178.539795 494.440063 ) (55.046284 179.916718 487.680603 ) 
5 124 282 (50.539982 0 494.440063 ) (55.046288 0 487.680603 ) (58.749756 0 505.862122 ) (54.704399 0 512 ) (46.962959 0 512 ) 
3 124 223 (54.704399 0 512 ) (43.499989 0 529 ) (46.962959 0 512 ) 
4 124 126 (58.749634 176.213211 505.862366 ) (58.749630 0 505.862366 ) (55.046158 0 487.680817 ) (55.046154 179.916870 487.680786 ) 
3 125 126 (60 174.964233 511.994965 ) (53.482147 181.482407 479.996704 ) (60 188 448.001251 ) 
3 126 282 (60 0 512 ) (53.481636 0 480 ) (60 0 448 ) 
4 127 143 (24 560 448 ) (24 1024 448 ) (24 1024 88 ) (24 560 88 ) 
4 127 128 (24 560 88 ) (24 1024 88 ) (72 1024 88 ) (72 560 88 ) 
4 128 147 (24 464 -2048 ) (24 464 0 ) (24 1024 0 ) (24 1024 -2048 ) 
4 128 146 (24 464 0 ) (24 464 64 ) (24 1024 64 ) (24 1024 0 ) 
4 128 145 (24 464 64 ) (24 464 88 ) (24 1024 88 ) (24 1024 64 ) 
4 128 130 (72 464 -2048 ) (72 464 88 ) (24 464 88 ) (24 464 -2048 ) 
12 129 143 (24 392 304 ) (24 392 406 ) (24 394.771729 422.316315 ) (24 402.601959 435.981995 ) (24 414.110382 445.241913 ) (24 427.987854 448 ) (24 428 448 ) (24 441.596741 445.242828 ) (24 453.108551 435.981537 ) (24 460.942810 422.308655 ) (24 464 405.967896 ) (24 464 304 ) 
4 130 147 (24 392 -2048 ) (24 392 0 ) (24 464 0 ) (24 464 -2048 ) 
4 130 146 (24 392 0 ) (24 392 64 ) (24 464 64 ) (24 464 0 ) 
4 130 145 (24 392 64 ) (24 392 88 ) (24 464 88 ) (24 464 64 ) 
4 130 131 (72 392 -2048 ) (72 392 88 ) (24 392 88 ) (24 392 -2048 ) 
4 131 147 (24 344 -2048 ) (24 344 0 ) (24 392 0 ) (24 392 -2048 ) 
4 131 146 (24 344 0 ) (24 344 64 ) (24 392 64 ) (24 392 0 ) 
4 131 145 (24 344 64 ) (24 344 88 ) (24 392 88 ) (24 392 64 ) 
4 131 133 (72 344 -2048 ) (72 344 88 ) (24 344 88 ) (24 344 -2048 ) 
12 132 143 (24 272 304 ) (24 272 406 ) (24 274.771729 422.316284 ) (24 282.601990 435.982025 ) (24 294.110260 445.241852 ) (24 307.988037 448 ) (24 308 448 ) (24 321.596741 445.242889 ) (24 333.108337 435.981781 ) (24 340.942841 422.308441 ) (24 344 405.967926 ) (24 344 304 ) 
4 133 147 (24 272 -2048 ) (24 272 0 ) (24 344 0 ) (24 344 -2048 ) 
4 133 146 (24 272 0 ) (24 272 64 ) (24 344 64 ) (24 344 0 ) 
4 133 145 (24 272 64 ) (24 272 88 ) (24 344 88 ) (24 344 64 ) 
4 133 138 (72 272 -2048 ) (72 272 0 ) (24 272 0 ) (24 272 -2048 ) 
4 133 137 (72 272 0 ) (72 272 64 ) (24 272 64 ) (24 272 0 ) 
4 133 136 (72 272 64 ) (72 272 88 ) (24 272 88 ) (24 272 64 ) 
4 134 289 (72 0 88 ) (72 0 445.276123 ) (46.500000 0 445.276123 ) (46.500000 0 88 ) 
7 134 135 (46.500000 176 256 ) (46.500000 176 88 ) (46.500000 0 88 ) (46.500000 0 445.276123 ) (46.500000 58.072006 435.389862 ) (46.500000 119.449745 393.064880 ) (46.500000 161.222748 330.581421 ) 
4 135 301 (46.500000 0 448 ) (24 0 448 ) (24 0 88 ) (46.500000 0 88 ) 
4 135 144 (24 0 88 ) (24 0 448 ) (24 176 448 ) (24 176 88 ) 
4 136 145 (24 224 88 ) (24 272 88 ) (24 272 64 ) (24 224 64 ) 
4 136 137 (24 256 64 ) (24 272 64 ) (72 272 64 ) (72 256 64 ) 
4 137 146 (24 256 64 ) (24 272 64 ) (24 272 0 ) (24 256 0 ) 
4 137 138 (24 256 0 ) (24 272 0 ) (72 272 0 ) (72 256 0 ) 
4 138 324 (72 0 -2048 ) (72 0 0 ) (24 0 0 ) (24 0 -2048 ) 
4 138 147 (24 0 -2048 ) (24 0 0 ) (24 272 0 ) (24 272 -2048 ) 
4 139 326 (24 0 558.586670 ) (24 0 2048 ) (0 0 2048 ) (0 0 595 ) 
4 139 163 (0 176 595 ) (0 0 595 ) (0 0 2048 ) (0 176 2048 ) 
4 139 152 (0 224 595 ) (0 176 595 ) (0 176 2048 ) (0 224 2048 ) 
4 139 148 (0 1024 2048 ) (0 1024 595 ) (0 224 595 ) (0 224 2048 ) 
4 139 140 (24 1024 558.588074 ) (24 151.998840 558.588074 ) (0 127.998466 595.002380 ) (0 1024 595.002380 ) 
4 140 182 (0 171.500000 529 ) (0 151.506226 559.335388 ) (0 143.659790 595 ) (0 158.055344 595 ) 
3 140 169 (0 151.506226 559.335388 ) (0 128 595 ) (0 146.283249 583.076172 ) 
3 140 166 (0 128 595 ) (0 143.659790 595 ) (0 146.283249 583.076172 ) 
4 140 164 (0 176 522.172424 ) (0 171.500000 529 ) (0 158.055344 595 ) (0 176 595 ) 
4 140 152 (0 224 449.344818 ) (0 176 522.172424 ) (0 176 595 ) (0 224 595 ) 
5 140 148 (0 1024 595 ) (0 1024 448 ) (0 224.886353 448 ) (0 224 449.344818 ) (0 224 595 ) 
4 140 143 (0 224.886414 448 ) (0 1024 448 ) (24 1024 448 ) (24 224.886353 448 ) 
4 140 141 (0 224.890625 448 ) (24 224.890625 448 ) (24 171.498108 529.009216 ) (0 171.498108 529.009216 ) 
3 141 164 (0 176 506.909088 ) (0 171.500000 529 ) (0 176 522.172424 ) 
5 141 152 (0 224 448 ) (0 188 448 ) (0 176 506.909088 ) (0 176 522.172424 ) (0 224 449.344818 ) 
3 141 148 (0 224.886353 448 ) (0 224 448 ) (0 224 449.344818 ) 
4 141 143 (0 224 448 ) (0 224.886414 448 ) (24 224.886353 448 ) (24 224 448 ) 
4 142 329 (24 0 448 ) (24 0 534.250000 ) (0 0 570.250061 ) (0 0 448 ) 
5 142 170 (0 176 448 ) (0 0 448 ) (0 0 570.250061 ) (0 128 570.250061 ) (0 159.499985 523 ) 
4 142 144 (0 0 448 ) (0 176 448 ) (24 176 448 ) (24 0 448 ) 
4 143 148 (0 1024 448 ) (0 1024 88 ) (0 224 88 ) (0 224 448 ) 
4 143 145 (0 224 88 ) (0 1024 88 ) (24 1024 88 ) (24 224 88 ) 
4 144 330 (24 0 88 ) (24 0 448 ) (0 0 448 ) (0 0 88 ) 
4 144 196 (0 176 88 ) (0 0 88 ) (0 0 448 ) (0 176 448 ) 
4 145 148 (0 1024 88 ) (0 1024 64 ) (0 224 64 ) (0 224 88 ) 
4 145 146 (0 1024 64 ) (24 1024 64 ) (24 256 64 ) (0 256 64 ) 
4 146 149 (0 1024 64 ) (0 1024 0 ) (0 256 0 ) (0 256 64 ) 
4 146 147 (0 256 0 ) (0 1024 0 ) (24 1024 0 ) (24 256 0 ) 
4 147 334 (24 0 -2048 ) (24 0 0 ) (0 0 0 ) (0 0 -2048 ) 
4 147 198 (0 176 -2048 ) (0 0 -2048 ) (0 0 0 ) (0 176 0 ) 
4 147 155 (0 224 -2048 ) (0 176 -2048 ) (0 176 0 ) (0 224 0 ) 
4 147 150 (0 256 -2048 ) (0 224 -2048 ) (0 224 0 ) (0 256 0 ) 
4 147 149 (0 1024 0 ) (0 1024 -2048 ) (0 256 -2048 ) (0 256 0 ) 
4 148 201 (-1024 224 64 ) (-1024 224 2048 ) (-1024 1024 2048 ) (-1024 1024 64 ) 
4 148 160 (-1024 224 88 ) (-1024 224 64 ) (-384 224 64 ) (-384 224 88 ) 
4 148 159 (-1024 224 448 ) (-1024 224 88 ) (-384 224 88 ) (-384 224 448 ) 
12 148 158 (-264 224 304 ) (-264 224 405.967926 ) (-267.057159 224 422.308533 ) (-274.891479 224 435.981567 ) (-286.403351 224 445.242920 ) (-300 224 448 ) (-300.011963 224 448 ) (-313.888428 224 445.242126 ) (-325.398010 224 435.982025 ) (-333.228271 224 422.316315 ) (-336 224 406 ) (-336 224 304 ) 
12 148 156 (-180 224 448 ) (-180.012054 224 448 ) (-193.888351 224 445.242126 ) (-205.398026 224 435.981995 ) (-213.228271 224 422.316345 ) (-216 224 406 ) (-216 224 304 ) (-144 224 304 ) (-144 224 405.967957 ) (-147.057159 224 422.308502 ) (-154.891495 224 435.981567 ) (-166.403351 224 445.242889 ) 
12 148 154 (-60 224 448 ) (-60.011665 224 448 ) (-73.889008 224 445.241913 ) (-85.398323 224 435.981964 ) (-93.228386 224 422.315735 ) (-96 224 405.997711 ) (-96 224 304 ) (-24 224 304 ) (-24 224 405.968506 ) (-27.055983 224 422.306000 ) (-34.892815 224 435.982849 ) (-46.402920 224 445.242859 ) 
4 148 152 (-1024 224 2048 ) (-1024 224 448 ) (0 224 448 ) (0 224 2048 ) 
4 148 149 (-512 256 64 ) (-512 1024 64 ) (0 1024 64 ) (0 256 64 ) 
4 148 151 (-512 224 64 ) (-1024 224 64 ) (-1024 1024 64 ) (-512 1024 64 ) 
4 149 150 (-512 256 0 ) (-512 256 -2048 ) (0 256 -2048 ) (0 256 0 ) 
4 149 151 (-512 1024 -2048 ) (-512 256 -2048 ) (-512 256 64 ) (-512 1024 64 ) 
4 150 162 (-512 224 -2048 ) (-216 224 -2048 ) (-216 224 0 ) (-512 224 0 ) 
4 150 157 (-216 224 -2048 ) (-96 224 -2048 ) (-96 224 0 ) (-216 224 0 ) 
4 150 155 (-96 224 -2048 ) (0 224 -2048 ) (0 224 0 ) (-96 224 0 ) 
4 150 151 (-512 256 -2048 ) (-512 224 -2048 ) (-512 224 0 ) (-512 256 0 ) 
4 151 201 (-1024 224 -2048 ) (-1024 224 64 ) (-1024 1024 64 ) (-1024 1024 -2048 ) 
4 151 162 (-1024 224 0 ) (-1024 224 -2048 ) (-512 224 -2048 ) (-512 224 0 ) 
4 151 161 (-1024 224 64 ) (-1024 224 0 ) (-512 224 0 ) (-512 224 64 ) 
5 152 201 (-1024 176 506.909058 ) (-1024 176 2048 ) (-1024 224 2048 ) (-1024 224 448 ) (-1024 188 448 ) 
4 152 164 (0 176 506.909058 ) (0 176 595.004761 ) (-1024 176 1262.828979 ) (-1024 176 506.909058 ) 
4 152 163 (0 176 595.004761 ) (0 176 2048 ) (-1024 176 2048 ) (-1024 176 1262.828979 ) 
4 152 159 (-1024 188 448 ) (-1024 224 448 ) (-384 224 448 ) (-384 188 448 ) 
4 152 153 (-1024 188 448 ) (-348 188 448 ) (-336 176 506.911804 ) (-1024 176 506.911774 ) 
3 153 201 (-1024 176 448 ) (-1024 176 506.909058 ) (-1024 188 448 ) 
5 153 195 (-336 176 506.909058 ) (-346.059906 176 506.909058 ) (-384.886414 176 448 ) (-369.499939 176 448 ) (-338.540100 176 494.439789 ) 
4 153 194 (-346.059906 176 506.909058 ) (-1024 176 506.909058 ) (-1024 176 448 ) (-384.886414 176 448 ) 
3 153 192 (-369.499939 176 448 ) (-348 176 448 ) (-338.540100 176 494.439789 ) 
4 153 159 (-384 176 448 ) (-1024 176 448 ) (-1024 188 448 ) (-384 188 448 ) 
12 154 196 (-60.006039 176 448 ) (-60.014637 176 448 ) (-73.887108 176 445.242859 ) (-85.396767 176 435.982666 ) (-93.228432 176 422.313629 ) (-96 176 405.995850 ) (-96 176 280 ) (-24 176 280 ) (-24 176 405.966888 ) (-27.056755 176 422.308502 ) (-34.892235 176 435.983002 ) (-46.399971 176 445.241089 ) 
4 155 198 (0 176 -2048 ) (0 176 0 ) (-96 176 0 ) (-96 176 -2048 ) 
4 155 157 (-96 176 -2048 ) (-96 176 0 ) (-96 224 0 ) (-96 224 -2048 ) 
12 156 196 (-180.005920 176 448 ) (-180.014069 176 448 ) (-193.886749 176 445.242859 ) (-205.396515 176 435.982605 ) (-213.227341 176 422.315948 ) (-216 176 405.994080 ) (-216 176 280 ) (-144 176 280 ) (-144 176 405.967957 ) (-147.057098 176 422.308167 ) (-154.892365 176 435.982849 ) (-166.400391 176 445.241089 ) 
4 157 198 (-96 176 -2048 ) (-96 176 0 ) (-216 176 0 ) (-216 176 -2048 ) 
4 157 162 (-216 176 -2048 ) (-216 176 0 ) (-216 224 0 ) (-216 224 -2048 ) 
12 158 196 (-300.006042 176 448 ) (-300.014038 176 448 ) (-313.886749 176 445.242859 ) (-325.396545 176 435.982605 ) (-333.227264 176 422.316071 ) (-336 176 405.993835 ) (-336 176 280 ) (-264 176 280 ) (-264 176 405.967926 ) (-267.057129 176 422.308228 ) (-274.892365 176 435.982849 ) (-286.400330 176 445.241058 ) 
4 159 201 (-1024 176 88 ) (-1024 176 448 ) (-1024 224 448 ) (-1024 224 88 ) 
4 159 196 (-384 176 448 ) (-1024 176 448 ) (-1024 176 88 ) (-384 176 88 ) 
4 159 160 (-1024 224 88 ) (-384 224 88 ) (-384 176 88 ) (-1024 176 88 ) 
4 160 201 (-1024 176 64 ) (-1024 176 88 ) (-1024 224 88 ) (-1024 224 64 ) 
4 160 197 (-384 176 88 ) (-1024 176 88 ) (-1024 176 64 ) (-384 176 64 ) 
4 160 161 (-1024 224 64 ) (-512 224 64 ) (-512 176 64 ) (-1024 176 64 ) 
4 161 201 (-1024 176 0 ) (-1024 176 64 ) (-1024 224 64 ) (-1024 224 0 ) 
4 161 199 (-512 176 64 ) (-1024 176 64 ) (-1024 176 0 ) (-512 176 0 ) 
4 161 162 (-1024 224 0 ) (-512 224 0 ) (-512 176 0 ) (-1024 176 0 ) 
4 162 201 (-1024 176 -2048 ) (-1024 176 0 ) (-1024 224 0 ) (-1024 224 -2048 ) 
4 162 198 (-216 176 -2048 ) (-216 176 0 ) (-512 176 0 ) (-512 176 -2048 ) 
4 162 199 (-512 176 0 ) (-1024 176 0 ) (-1024 176 -2048 ) (-512 176 -2048 ) 
4 163 335 (0 0 595.004761 ) (0 0 2048 ) (-1024 0 2048 ) (-1024 0 1262.828979 ) 
4 163 201 (-1024 0 1262.828857 ) (-1024 0 2048 ) (-1024 176 2048 ) (-1024 176 1262.828979 ) 
3 163 194 (-265.557922 0 768.191284 ) (-297.781982 0 789.206909 ) (-265.557922 13.851204 768.191284 ) 
5 163 193 (-297.781982 0 789.206909 ) (-1024 0 1262.826050 ) (-1024 22.016903 1262.826050 ) (-265.557922 122.775818 768.191406 ) (-265.557922 13.851204 768.191284 ) 
4 163 183 (-189.226593 0 718.410095 ) (-265.557922 0 768.191284 ) (-265.557922 122.775818 768.191406 ) (-189.226501 132.916443 718.410156 ) 
4 163 182 (0 158.055145 595.001953 ) (0 143.659576 595.001953 ) (-189.226517 116.509789 718.410156 ) (-189.226501 132.916443 718.410156 ) 
4 163 181 (-85.745567 42.251862 650.922729 ) (-85.745590 18.913567 650.922729 ) (-98.551277 6.231663 659.274231 ) (-98.551254 29.446169 659.274231 ) 
4 163 180 (-98.551170 129.519684 659.274231 ) (-85.745491 131.357010 650.922729 ) (-85.745567 42.251862 650.922729 ) (-98.551254 29.446169 659.274231 ) 
5 163 179 (-104.843765 0 663.377991 ) (-144 0 688.915161 ) (-144 122.998665 688.915222 ) (-98.551170 129.519684 659.274231 ) (-98.551277 6.231663 659.274231 ) 
4 163 178 (-144 0 688.915161 ) (-189.226593 0 718.410095 ) (-189.226517 116.509789 718.410156 ) (-144 122.998665 688.915222 ) 
4 163 176 (-85.745605 0 650.922729 ) (-98.551285 0 659.274231 ) (-98.551277 6.231664 659.274231 ) (-85.745590 18.913567 650.922729 ) 
3 163 175 (-98.551285 0 659.274231 ) (-104.843765 0 663.377991 ) (-98.551277 6.231664 659.274231 ) 
4 163 168 (-68.994034 0 639.997803 ) (-83.472076 0 649.440002 ) (-68.997261 59 640 ) (-68.993996 59.003319 639.997803 ) 
4 163 167 (-83.472076 0 649.440002 ) (-85.745605 0 650.922729 ) (-85.745567 42.251823 650.922729 ) (-68.997261 59 640 ) 
4 163 166 (0 143.659576 595.001953 ) (0 127.997002 595.001953 ) (-85.745567 42.251823 650.922729 ) (-85.745491 131.357010 650.922729 ) 
4 163 164 (-1024 176 1262.826294 ) (0 176 595.001953 ) (0 158.055145 595.001953 ) (-1024 22.016903 1262.826050 ) 
3 164 201 (-1024 22.016329 1262.828857 ) (-1024 176 1262.828979 ) (-1024 176 506.909119 ) 
3 164 195 (-346.061462 176 506.906738 ) (-336 176 506.906738 ) (-331.499268 171.499313 529.001038 ) 
4 164 194 (-1024 176 506.906769 ) (-346.061462 176 506.906738 ) (-331.499268 171.499313 529.001038 ) (-1024 171.499313 529.001038 ) 
4 164 193 (-318.179779 171.499313 529.001038 ) (-265.557556 122.775032 768.192871 ) (-1024 22.016052 1262.827881 ) (-1024 171.499313 529.001038 ) 
4 164 191 (-306.282684 160.483475 583.078735 ) (-318.179779 171.499298 529.001038 ) (-315.499268 171.499298 529.001038 ) (-258.804871 154.176010 614.042664 ) 
4 164 183 (-189.225723 132.915710 718.411377 ) (-265.557556 122.775032 768.192871 ) (-306.282684 160.483475 583.078735 ) (-258.804871 154.176010 614.042664 ) 
4 164 182 (0 171.499283 529.001160 ) (0 158.054321 595.003662 ) (-189.225723 132.915710 718.411377 ) (-315.499268 171.499298 529.001038 ) 
3 165 344 (-249.268326 0 620.262207 ) (-255.428497 0 619.107178 ) (-258.804779 0 614.042786 ) 
4 165 183 (-258.807098 0 614.041199 ) (-255.430008 0 619.106934 ) (-255.430008 138.356491 619.106934 ) (-258.807098 139.470963 614.041199 ) 
3 165 182 (-258.807251 139.470734 614.041138 ) (-255.430023 138.356247 619.106934 ) (-249.268143 138.102066 620.262268 ) 
4 165 178 (-249.269379 138.099640 620.261475 ) (-255.429688 138.353760 619.106445 ) (-255.429688 95.432411 619.106445 ) (-249.269379 89.272148 620.261475 ) 
4 165 173 (-255.429688 95.432411 619.106445 ) (-255.429672 0 619.106445 ) (-249.269363 0 620.261475 ) (-249.269379 89.272148 620.261475 ) 
4 165 171 (-258.804688 98.794777 614.046875 ) (-258.804688 139.472656 614.046875 ) (-249.273422 138.105469 620.259766 ) (-249.273422 89.268318 620.259766 ) 
3 166 188 (-277.501556 141.801620 585.998962 ) (-277.501556 145.640259 585.998962 ) (-279.450073 146.283279 583.076172 ) 
6 166 182 (-279.450470 146.282990 583.076294 ) (-277.502380 145.640121 585.998413 ) (-216 136.729752 626.500061 ) (-85.743202 131.356659 650.923218 ) (0 143.659073 595.003113 ) (0 146.282959 583.076355 ) 
4 166 180 (-85.742188 131.354004 650.922852 ) (-216.001144 136.727295 626.499268 ) (-216.001144 79.701126 626.499268 ) (-85.742188 42.251606 650.922852 ) 
4 166 171 (-216 79.699974 626.500000 ) (-216 136.734375 626.500000 ) (-277.500061 145.644394 586 ) (-277.500061 141.800171 586 ) 
5 166 169 (-263.828400 127.998138 595.002869 ) (-277.500427 141.803543 586 ) (-279.447937 146.282837 583.078064 ) (0 146.282852 583.078064 ) (0 127.997948 595.003113 ) 
3 166 167 (-85.738281 42.253906 650.923828 ) (-144.003204 59.004303 640 ) (-68.987892 59.004768 640 ) 
3 167 339 (-83.467552 0 649.440002 ) (-85.742126 0 650.923401 ) (-93.653664 0 649.440002 ) 
4 167 181 (-85.742188 18.913462 650.922852 ) (-85.742188 42.251606 650.922852 ) (-143.997482 59 640 ) (-117.508163 27.957878 644.966736 ) 
4 167 176 (-93.650757 0 649.440002 ) (-85.742188 0 650.922852 ) (-85.742188 18.913462 650.922852 ) (-117.508163 27.957878 644.966736 ) 
5 167 168 (-93.648888 0 649.440613 ) (-109.470894 18.539989 646.474060 ) (-69.010513 58.998051 640 ) (-68.993515 58.998051 640 ) (-83.464638 0 649.440613 ) 
4 168 342 (-68.988029 0 639.996826 ) (-83.467552 0 649.440002 ) (-93.653664 0 649.440002 ) (-109.471336 0 646.474182 ) 
3 168 177 (-109.469841 0 646.473938 ) (-93.650757 0 649.440002 ) (-109.469864 18.538008 646.473938 ) 
5 169 189 (-277.501556 133.932510 585.998962 ) (-277.501556 141.801620 585.998962 ) (-279.450073 146.283279 583.076172 ) (-291.947906 150.407639 564.329041 ) (-290.247040 146.533401 566.880371 ) 
3 169 186 (-291.947906 150.407639 564.329041 ) (-295.276947 151.506241 559.335388 ) (-290.247040 146.533401 566.880371 ) 
4 169 182 (-295.277344 151.505859 559.335999 ) (-279.450470 146.282990 583.076294 ) (0 146.282959 583.076355 ) (0 151.505829 559.336060 ) 
3 169 172 (-263.833252 128 595 ) (-277.500061 141.800171 586 ) (-277.500061 133.931900 586 ) 
10 170 343 (0 0 448 ) (0 0 570.250061 ) (-10.499889 0 586 ) (-72 0 626.500000 ) (-128 0 637 ) (-160 0 637 ) (-216 0 626.500000 ) (-277.499908 0 586 ) (-319.500000 0 523 ) (-336 0 448 ) 
4 170 196 (-336 176 448 ) (0 176 448 ) (0 0 448 ) (-336 0 448 ) 
4 171 188 (-258.807098 98.803474 614.041199 ) (-258.807098 139.470963 614.041199 ) (-277.501556 145.640259 585.998962 ) (-277.501556 141.801620 585.998962 ) 
4 171 182 (-277.502380 145.640121 585.998413 ) (-258.807251 139.470734 614.041138 ) (-249.268143 138.102066 620.262268 ) (-216 136.729752 626.500061 ) 
4 171 180 (-216.001144 136.727295 626.499268 ) (-249.269379 138.099640 620.261475 ) (-249.269379 89.265732 620.261475 ) (-216.001144 79.701126 626.499268 ) 
3 171 172 (-277.496521 141.796814 586.005249 ) (-263.829956 127.996651 595.005127 ) (-271.496857 127.996910 595.004700 ) 
3 172 189 (-271.500977 128 595 ) (-277.501556 141.801620 585.998962 ) (-277.501556 133.932526 585.998962 ) 
4 173 344 (-243.499954 0 637 ) (-255.428497 0 619.107178 ) (-249.268326 0 620.262207 ) (-223.603806 0 637 ) 
3 173 183 (-255.430008 0 619.106934 ) (-243.501526 0 637 ) (-255.430008 95.429817 619.106934 ) 
4 173 178 (-249.269379 89.277199 620.261475 ) (-255.429688 95.437500 619.106445 ) (-250.499725 55.997818 626.501404 ) (-239.701660 55.997948 626.501343 ) 
4 173 174 (-250.499725 55.997818 626.501404 ) (-243.500000 0 637 ) (-223.602341 0 637 ) (-239.701660 55.997948 626.501343 ) 
4 174 344 (-183.157562 0 663.378052 ) (-225.914612 0 663.378052 ) (-243.499954 0 637 ) (-223.603806 0 637 ) 
3 174 183 (-243.501526 0 637 ) (-225.916519 0 663.378052 ) (-250.501373 56 626.500000 ) 
4 174 178 (-239.703674 56.005852 626.500000 ) (-250.500000 56.005852 626.500000 ) (-225.912048 0 663.381897 ) (-183.151978 0 663.381775 ) 
3 174 175 (-219.004593 35.501404 640.001648 ) (-183.156982 0 663.380615 ) (-219.004578 0 640.001709 ) 
4 175 345 (-160 0 663.378052 ) (-183.157562 0 663.378052 ) (-219 0 640.002441 ) (-187.953018 0 644.969971 ) 
4 175 338 (-98.547638 0 659.274841 ) (-104.839272 0 663.378052 ) (-160 0 663.378052 ) (-187.953018 0 644.969971 ) 
4 175 179 (-219 35.502155 640.002380 ) (-183.151978 0 663.381775 ) (-104.849632 0 663.381470 ) (-98.552078 6.237023 659.274109 ) 
4 175 176 (-187.982025 27.963779 644.965820 ) (-98.548225 6.234669 659.275208 ) (-98.548218 0 659.275208 ) (-160.018250 0 649.440002 ) 
4 176 339 (-85.742126 0 650.923401 ) (-98.547638 0 659.274841 ) (-160.015320 0 649.440002 ) (-93.653656 0 649.440002 ) 
4 176 181 (-85.746094 18.919922 650.921875 ) (-117.512886 27.964844 644.965576 ) (-187.980545 27.965357 644.965515 ) (-98.552078 6.237023 659.274109 ) 
3 176 177 (-109.471413 18.535740 646.474182 ) (-93.654236 0 649.439941 ) (-128.007416 0 649.439941 ) 
3 177 342 (-109.471344 0 646.474182 ) (-93.653656 0 649.440002 ) (-128.007751 0 649.440002 ) 
4 178 344 (-143.998581 0 688.916626 ) (-189.225189 0 718.412170 ) (-225.914612 0 663.378052 ) (-183.157562 0 663.378052 ) 
6 178 183 (-225.916519 0 663.378052 ) (-189.226563 0 718.414063 ) (-189.226563 116.508919 718.414063 ) (-255.430008 138.356491 619.106934 ) (-255.430008 95.429817 619.106934 ) (-250.501373 56 626.500000 ) 
4 178 182 (-255.430023 138.356247 619.106934 ) (-189.226105 116.508957 718.412781 ) (-143.998901 122.998146 688.916443 ) (-249.268158 138.102066 620.262268 ) 
5 178 180 (-249.268555 89.261536 620.264160 ) (-249.272888 89.276588 620.261353 ) (-249.272888 138.102509 620.261353 ) (-219.004456 133.759628 640.001709 ) (-219.004532 58.997322 640.001709 ) 
5 178 179 (-183.156097 0 663.381226 ) (-219.004547 35.501678 640.001709 ) (-219.004456 133.759628 640.001709 ) (-144 122.998108 688.917725 ) (-144 0 688.917908 ) 
4 179 345 (-132.553589 0 681.452515 ) (-143.998581 0 688.916626 ) (-183.157562 0 663.378052 ) (-160 0 663.378052 ) 
3 179 338 (-104.839272 0 663.378052 ) (-132.553589 0 681.452515 ) (-160 0 663.378052 ) 
3 179 182 (-143.998901 122.998146 688.916443 ) (-98.548592 129.519348 659.274658 ) (-219 133.759232 640.002441 ) 
5 179 181 (-98.548126 6.234520 659.275146 ) (-187.981750 27.963676 644.965820 ) (-219 58.981606 640.002930 ) (-219 58.995514 640.002930 ) (-98.548126 29.444771 659.275146 ) 
4 179 180 (-219 58.995514 640.002930 ) (-219 133.759354 640.002930 ) (-98.548111 129.519928 659.275146 ) (-98.548126 29.444771 659.275146 ) 
4 180 182 (-98.548592 129.519348 659.274658 ) (-85.743202 131.356659 650.923218 ) (-249.268158 138.102066 620.262268 ) (-219 133.759232 640.002441 ) 
4 180 181 (-98.545013 29.446426 659.273132 ) (-218.996094 58.997070 640 ) (-143.997345 58.998093 640 ) (-85.741791 42.249588 650.923218 ) 
4 182 191 (-258.807098 154.177200 614.041199 ) (-315.500671 171.500610 529 ) (-295.276886 151.506226 559.335388 ) (-258.807068 139.470947 614.041199 ) 
4 182 183 (-189.226563 132.916016 718.414063 ) (-258.807098 154.177200 614.041199 ) (-258.807068 139.470947 614.041199 ) (-189.226563 116.508919 718.414063 ) 
4 183 348 (-189.225189 0 718.412170 ) (-265.557343 0 768.193848 ) (-306.282654 0 583.078735 ) (-258.804840 0 614.042725 ) 
4 183 194 (-306.282501 135.857117 583.078857 ) (-306.282471 0 583.078918 ) (-265.556641 0 768.195313 ) (-265.556641 13.848547 768.195313 ) 
4 183 193 (-265.556641 122.777344 768.195313 ) (-306.282501 160.486603 583.078857 ) (-306.282501 135.857117 583.078857 ) (-265.556641 13.848547 768.195313 ) 
4 183 191 (-306.281921 146.282288 583.080505 ) (-306.281921 160.484375 583.080505 ) (-258.804688 154.175781 614.042969 ) (-258.804688 139.470551 614.042969 ) 
6 183 190 (-306.281921 121.933273 583.080505 ) (-306.281921 135.856049 583.080505 ) (-288.004852 128 595 ) (-287.996399 127.991600 595.005432 ) (-287.996429 111.496399 595.005493 ) (-301.805328 117.500076 586 ) 
3 183 189 (-306.281921 135.856049 583.080505 ) (-306.281921 146.276596 583.080505 ) (-288.004852 128 595 ) 
5 183 188 (-306.281921 146.276596 583.080505 ) (-306.281921 146.282288 583.080505 ) (-258.804688 139.470551 614.042969 ) (-258.804688 98.804749 614.042969 ) (-258.811798 98.807846 614.038330 ) 
3 183 187 (-287.996460 103.825012 595.005432 ) (-301.805328 117.500076 586 ) (-287.996460 111.496407 595.005432 ) 
3 183 185 (-306.281921 119.446350 583.080505 ) (-306.281921 121.933273 583.080505 ) (-301.805328 117.500076 586 ) 
5 183 184 (-306.281921 0 583.080505 ) (-306.281921 119.446350 583.080505 ) (-301.805328 117.500076 586 ) (-287.996460 103.825012 595.005432 ) (-287.996368 0 595.005493 ) 
3 184 349 (-306.282654 0 583.078735 ) (-311.506195 0 559.335449 ) (-287.997345 0 595.004028 ) 
4 184 194 (-311.506012 0 559.335693 ) (-306.282471 0 583.078918 ) (-306.282501 119.447472 583.078857 ) (-311.506012 135.276260 559.335693 ) 
3 184 187 (-301.796661 117.498459 586.002380 ) (-288 103.834770 595 ) (-293.930267 117.498459 586.002380 ) 
4 184 185 (-311.506775 135.279312 559.334534 ) (-306.282928 119.450867 583.077576 ) (-301.804688 117.503906 585.998047 ) (-293.933105 117.503906 585.998047 ) 
5 185 194 (-311.506012 135.276260 559.335693 ) (-306.282501 119.447472 583.078857 ) (-306.282501 121.935753 583.078857 ) (-309.846191 146.533401 566.880432 ) (-311.506012 151.506149 559.335693 ) 
3 185 193 (-309.846191 146.533401 566.880432 ) (-310.407471 150.407608 564.329102 ) (-311.506012 151.506149 559.335693 ) 
3 185 191 (-311.505554 151.506195 559.336487 ) (-310.407135 150.407852 564.328979 ) (-308.214996 150.407837 564.328979 ) 
5 185 190 (-309.845764 146.531754 566.882874 ) (-306.283203 121.941673 583.076355 ) (-301.796661 117.498459 586.002380 ) (-293.930267 117.498459 586.002380 ) (-306.531708 146.531754 566.882874 ) 
4 185 189 (-308.214233 150.408218 564.330078 ) (-310.407379 150.408218 564.330078 ) (-309.845764 146.531754 566.882874 ) (-306.531708 146.531754 566.882874 ) 
3 185 186 (-311.505341 151.504730 559.339294 ) (-308.214844 150.406250 564.332031 ) (-306.532990 146.531296 566.883606 ) 
4 186 191 (-291.947327 150.407776 564.329041 ) (-295.276642 151.506439 559.335083 ) (-311.505554 151.506195 559.336487 ) (-308.214996 150.407837 564.328979 ) 
4 186 189 (-291.949219 150.408218 564.330078 ) (-308.214233 150.408218 564.330078 ) (-306.531708 146.531754 566.882874 ) (-290.247223 146.531754 566.882874 ) 
3 187 190 (-293.933105 117.503906 585.998047 ) (-301.812500 117.503906 585.998047 ) (-287.992767 111.495308 595.010925 ) 
4 188 191 (-306.281250 146.282227 583.082031 ) (-258.804688 139.470703 614.042969 ) (-279.449341 146.283447 583.075989 ) (-306.282593 146.283569 583.075928 ) 
5 188 189 (-288.002655 128 595.001160 ) (-306.282013 146.275223 583.081665 ) (-306.283020 146.282257 583.077087 ) (-279.448578 146.282257 583.077087 ) (-271.499176 128 595.001221 ) 
4 189 193 (-306.282501 135.857132 583.078857 ) (-306.282501 146.282669 583.078857 ) (-310.407471 150.407608 564.329102 ) (-309.846191 146.533401 566.880432 ) 
4 189 191 (-279.449341 146.283447 583.075989 ) (-291.947327 150.407776 564.329041 ) (-310.407135 150.407852 564.328979 ) (-306.282593 146.283569 583.075928 ) 
5 189 190 (-309.846497 146.534500 566.879639 ) (-306.533905 146.534500 566.879639 ) (-288.001282 128.001968 594.998047 ) (-288.003906 128.001968 594.998047 ) (-306.282623 135.857773 583.078857 ) 
3 190 194 (-306.282501 121.935753 583.078857 ) (-306.282501 135.857132 583.078857 ) (-309.846191 146.533401 566.880432 ) 
4 191 193 (-306.282501 160.486603 583.078857 ) (-318.181244 171.503998 528.993958 ) (-311.506104 151.506241 559.335388 ) (-306.282501 146.282669 583.078857 ) 
3 192 352 (-369.499939 0 448 ) (-348 0 448 ) (-338.540131 0 494.439758 ) 
4 192 195 (-338.540131 176 494.439789 ) (-369.500000 176 448 ) (-369.500000 0 448 ) (-338.540100 0 494.439850 ) 
4 192 196 (-369.499939 176 448 ) (-348 176 448 ) (-348 0 448 ) (-369.499969 0 448 ) 
3 193 353 (-297.777405 0 789.206909 ) (-1024 0 1262.828979 ) (-1024 0 789.206909 ) 
4 193 201 (-1024 0 789.206909 ) (-1024 0 1262.828857 ) (-1024 22.016329 1262.828857 ) (-1024 171.500000 529 ) 
6 193 194 (-1024 171.500015 529 ) (-331.500122 171.500015 529 ) (-311.504913 151.504822 559.337402 ) (-265.556610 13.849762 768.193420 ) (-297.777313 0 789.206848 ) (-1024 0 789.206909 ) 
6 194 353 (-265.557343 0 768.193848 ) (-297.777405 0 789.206909 ) (-1024 0 789.206909 ) (-1024 0 448 ) (-384.886414 0 448 ) (-311.506195 0 559.335449 ) 
5 194 201 (-1024 0 448 ) (-1024 0 789.206909 ) (-1024 171.500000 529 ) (-1024 176 506.909119 ) (-1024 176 448 ) 
5 194 195 (-384.886108 0 448 ) (-384.886108 176 448 ) (-346.059998 176 506.908661 ) (-331.500000 171.500000 529 ) (-331.500275 0 529 ) 
4 194 196 (-1024 176 448 ) (-384.886414 176 448 ) (-384.886414 0 448 ) (-1024 0 448 ) 
4 195 354 (-384.886414 0 448 ) (-369.499939 0 448 ) (-338.540131 0 494.439758 ) (-331.500183 0 529 ) 
4 195 196 (-384.886414 176 448 ) (-369.499939 176 448 ) (-369.499969 0 448 ) (-384.886414 0 448 ) 
4 196 359 (0 0 88 ) (0 0 448 ) (-384 0 448 ) (-384 0 88 ) 
4 196 360 (-384 0 448 ) (-1024 0 448 ) (-1024 0 88 ) (-384 0 88 ) 
4 196 201 (-1024 0 88 ) (-1024 0 448 ) (-1024 176 448 ) (-1024 176 88 ) 
4 196 197 (-1024 0 88 ) (-1024 176 88 ) (-384 176 88 ) (-384 0 88 ) 
4 197 360 (-384 0 88 ) (-1024 0 88 ) (-1024 0 64 ) (-384 0 64 ) 
4 197 201 (-1024 0 64 ) (-1024 0 88 ) (-1024 176 88 ) (-1024 176 64 ) 
4 197 199 (-1024 0 64 ) (-1024 176 64 ) (-512 176 64 ) (-512 0 64 ) 
4 198 362 (0 0 -2048 ) (0 0 0 ) (-512 0 0 ) (-512 0 -2048 ) 
4 198 199 (-512 176 -2048 ) (-512 0 -2048 ) (-512 0 0 ) (-512 176 0 ) 
4 199 362 (-1024 0 0 ) (-1024 0 -2048 ) (-512 0 -2048 ) (-512 0 0 ) 
4 199 361 (-512 0 64 ) (-1024 0 64 ) (-1024 0 0 ) (-512 0 0 ) 
4 199 201 (-1024 0 -2048 ) (-1024 0 64 ) (-1024 176 64 ) (-1024 176 -2048 ) 
4 200 202 (-2048 1024 -2048 ) (-2048 1024 2048 ) (-2048 1536 2048 ) (-2048 1536 -2048 ) 
4 200 201 (-1024 1024 -2048 ) (-1024 1024 2048 ) (-2048 1024 2048 ) (-2048 1024 -2048 ) 
4 201 377 (-1024 0 -2048 ) (-1024 0 2048 ) (-2048 0 2048 ) (-2048 0 -2048 ) 
4 201 203 (-2048 0 -2048 ) (-2048 0 2048 ) (-2048 1024 2048 ) (-2048 1024 -2048 ) 
4 202 203 (-2048 1024 -2048 ) (-2048 1024 2048 ) (-2432 1024 2048 ) (-2432 1024 -2048 ) 
4 203 378 (-2048 0 -2048 ) (-2048 0 2048 ) (-2432 0 2048 ) (-2432 0 -2048 ) 
4 204 375 (1024 -1024 -2048 ) (1024 -1024 2048 ) (696 -1024 2048 ) (696 -1024 -2048 ) 
4 204 209 (696 0 64 ) (696 0 -2048 ) (696 -160 -2048 ) (696 -160 64 ) 
4 204 210 (696 -160 -2048 ) (696 -1024 -2048 ) (696 -1024 88 ) (696 -160 88 ) 
4 204 208 (696 -208 88 ) (696 -1024 88 ) (696 -1024 448 ) (696 -208 448 ) 
4 204 207 (696 -1024 448 ) (696 -1024 2048 ) (696 -88 2048 ) (696 -88 448 ) 
8 204 206 (696 0 397.730194 ) (696 0 88 ) (696 -88 88 ) (696 -88 340 ) (696 -81.895119 363.308990 ) (696 -66.231094 382.833771 ) (696 -43.218033 396.059387 ) (696 -16 400 ) 
4 204 205 (696 0 2048 ) (696 0 448 ) (696 -88 448 ) (696 -88 2048 ) 
4 205 211 (648 0 2048 ) (648 0 512 ) (648 -88 512 ) (648 -88 2048 ) 
4 205 207 (648 -88 2048 ) (648 -88 448 ) (696 -88 448 ) (696 -88 2048 ) 
8 206 214 (648 0 397.730194 ) (648 0 88 ) (648 -88 88 ) (648 -88 340 ) (648 -81.895180 363.308777 ) (648 -66.233574 382.830566 ) (648 -43.214283 396.059753 ) (648 -16 400 ) 
4 207 375 (696 -1024 448 ) (696 -1024 2048 ) (648 -1024 2048 ) (648 -1024 448 ) 
4 207 211 (648 -160 2048 ) (648 -88 2048 ) (648 -88 512 ) (648 -160 512 ) 
4 207 212 (648 -1024 448 ) (648 -1024 2048 ) (648 -160 2048 ) (648 -160 448 ) 
4 207 208 (648 -1024 448 ) (648 -208 448 ) (696 -208 448 ) (696 -1024 448 ) 
4 208 375 (696 -1024 88 ) (696 -1024 448 ) (648 -1024 448 ) (648 -1024 88 ) 
4 208 216 (648 -1024 88 ) (648 -1024 448 ) (648 -208 448 ) (648 -208 88 ) 
4 208 210 (648 -1024 88 ) (648 -208 88 ) (696 -208 88 ) (696 -1024 88 ) 
4 209 218 (648 0 64 ) (648 0 -2048 ) (648 -160 -2048 ) (648 -160 64 ) 
4 209 210 (648 -160 -2048 ) (696 -160 -2048 ) (696 -160 64 ) (648 -160 64 ) 
4 210 375 (696 -1024 -2048 ) (696 -1024 88 ) (648 -1024 88 ) (648 -1024 -2048 ) 
4 210 218 (648 -1024 -2048 ) (648 -1024 64 ) (648 -160 64 ) (648 -160 -2048 ) 
4 210 217 (648 -1024 64 ) (648 -1024 88 ) (648 -160 88 ) (648 -160 64 ) 
4 211 212 (636 -160 2048 ) (636 -160 512 ) (648 -160 512 ) (648 -160 2048 ) 
4 211 213 (636 -160 512 ) (636 -160 2048 ) (636 0 2048 ) (636 0 512 ) 
4 212 375 (648 -1024 448 ) (648 -1024 2048 ) (636 -1024 2048 ) (636 -1024 448 ) 
4 212 216 (648 -208 448 ) (648 -1024 448 ) (636 -1024 448 ) (636 -208 448 ) 
4 212 213 (636 -160 448 ) (636 -1024 448 ) (636 -1024 2048 ) (636 -160 2048 ) 
4 213 375 (636 -1024 2048 ) (504 -1024 2048 ) (504 -1024 448 ) (636 -1024 448 ) 
4 213 303 (504 -303.834045 448 ) (504 -1024 448 ) (504 -1024 2048 ) (504 -303.834045 2048 ) 
4 213 285 (504 -232.826996 448 ) (504 -303.834045 448 ) (504 -303.834045 578 ) (504 -232.826996 578 ) 
4 213 284 (504 -303.834045 578 ) (504 -303.834045 2048 ) (504 -232.826996 2048 ) (504 -232.826996 578 ) 
4 213 275 (504 0 512 ) (504 0 448 ) (504 -232.826996 448 ) (504 -232.826996 512 ) 
4 213 268 (504 -183.506165 623.335510 ) (504 -191.499969 587 ) (504 -210.539993 558.440002 ) (504 -203.499985 593 ) 
4 213 267 (504 0 1592 ) (504 0 1457.454590 ) (504 -183.506165 623.335510 ) (504 -203.499985 593 ) 
5 213 266 (504 0 2048 ) (504 0 1592 ) (504 -210.539993 558.440002 ) (504 -232.826996 525.009521 ) (504 -232.826996 2048 ) 
4 213 265 (504 -191.499969 587 ) (504 -208 512 ) (504 -220 512 ) (504 -210.539993 558.440002 ) 
4 213 264 (504 -220 512 ) (504 -232.826996 512 ) (504 -232.826996 525.009521 ) (504 -210.539993 558.440002 ) 
3 213 256 (504 0 1457.454590 ) (504 0 1210.250000 ) (504 -54.385010 1210.250000 ) 
4 213 254 (504 0 718.559998 ) (504 0 659 ) (504 -160 659 ) (504 -91 704 ) 
3 213 253 (504 0 763.347778 ) (504 0 718.559998 ) (504 -91 704 ) 
5 213 252 (504 0 1210.250000 ) (504 0 763.347778 ) (504 -160 659 ) (504 -175.660004 659 ) (504 -54.385010 1210.250000 ) 
5 213 238 (504 0 659 ) (504 0 579.865967 ) (504 -193.069473 579.865967 ) (504 -178.283234 647.076172 ) (504 -160 659 ) 
4 213 234 (504 0 513.346069 ) (504 0 512 ) (504 -208 512 ) (504 -207.703842 513.346069 ) 
4 213 233 (504 0 579.865967 ) (504 0 513.346069 ) (504 -207.703842 513.346069 ) (504 -193.069473 579.865967 ) 
3 213 226 (504 -178.283234 647.076172 ) (504 -175.660004 659 ) (504 -160 659 ) 
4 213 216 (504 -1024 448 ) (504 -208 448 ) (636 -208 448 ) (636 -1024 448 ) 
4 213 215 (504 -160 448 ) (504 0 448 ) (636 0 448 ) (636 -160 448 ) 
8 214 215 (636 0 88 ) (636 -160 88 ) (636 -160 304 ) (636 -147.791397 359.936920 ) (636 -116.451233 406.813080 ) (636 -70.447990 438.535980 ) (636 -15.992655 447.998749 ) (636 0 445.276123 ) 
4 215 288 (504 0 448 ) (504 0 88 ) (504 -160 88 ) (504 -160 448 ) 
4 216 375 (648 -1024 88 ) (648 -1024 448 ) (504 -1024 448 ) (504 -1024 88 ) 
4 216 309 (504 -543.833984 88 ) (504 -1024 88 ) (504 -1024 448 ) (504 -543.833984 448 ) 
12 216 308 (504 -495.834045 304 ) (504 -495.834045 405.967896 ) (504 -492.776917 422.308319 ) (504 -484.942383 435.981659 ) (504 -473.430634 445.242950 ) (504 -459.834229 448 ) (504 -459.822021 448 ) (504 -445.944366 445.241882 ) (504 -434.435944 435.981903 ) (504 -426.605652 422.316193 ) (504 -423.834045 406 ) (504 -423.834045 304 ) 
12 216 307 (504 -375.834045 304 ) (504 -375.834045 405.967743 ) (504 -372.776855 422.308563 ) (504 -364.942505 435.981598 ) (504 -353.430603 445.242920 ) (504 -339.834106 448 ) (504 -339.822052 448 ) (504 -325.944305 445.241852 ) (504 -314.435974 435.981964 ) (504 -306.605652 422.316193 ) (504 -303.834045 406 ) (504 -303.834045 304 ) 
4 216 217 (504 -1024 88 ) (504 -208 88 ) (648 -208 88 ) (648 -1024 88 ) 
4 217 375 (648 -1024 64 ) (648 -1024 88 ) (504 -1024 88 ) (504 -1024 64 ) 
4 217 322 (504 -160 64 ) (504 -1024 64 ) (504 -1024 88 ) (504 -160 88 ) 
4 217 220 (504 -1024 64 ) (504 -256 64 ) (512 -256 64 ) (512 -1024 64 ) 
4 217 218 (512 -160 64 ) (648 -160 64 ) (648 -1024 64 ) (512 -1024 64 ) 
4 218 375 (648 -1024 -2048 ) (648 -1024 64 ) (512 -1024 64 ) (512 -1024 -2048 ) 
4 218 219 (512 0 -2048 ) (512 -256 -2048 ) (512 -256 0 ) (512 0 0 ) 
4 218 220 (512 -256 -2048 ) (512 -1024 -2048 ) (512 -1024 64 ) (512 -256 64 ) 
4 219 324 (504 0 0 ) (504 0 -2048 ) (504 -256 -2048 ) (504 -256 0 ) 
4 219 220 (504 -256 -2048 ) (512 -256 -2048 ) (512 -256 0 ) (504 -256 0 ) 
4 220 375 (512 -1024 64 ) (504 -1024 64 ) (504 -1024 -2048 ) (512 -1024 -2048 ) 
4 220 325 (504 -256 -2048 ) (504 -1024 -2048 ) (504 -1024 64 ) (504 -256 64 ) 
4 221 327 (24 -197.477524 558.586670 ) (24 -206.967407 512 ) (24 -232.826996 512 ) (24 -232.826996 558.586670 ) 
5 221 326 (24 0 2048 ) (24 0 1528.021729 ) (24 -197.477524 558.586670 ) (24 -232.826996 558.586670 ) (24 -232.826996 2048 ) 
5 221 287 (24 -232.826996 578 ) (24 -232.826996 512 ) (60 -232.826996 512 ) (72 -232.826996 570.911926 ) (72 -232.826996 578 ) 
4 221 284 (24 -232.826996 2048 ) (24 -232.826996 578 ) (73.443794 -232.826996 578 ) (372.873810 -232.826996 2048 ) 
4 221 281 (60 -232.826996 512 ) (24 -232.826996 512 ) (24 -206.967407 512 ) (60 -206.967407 512 ) 
4 221 274 (67.435577 -232.826996 548.503906 ) (62.649933 -232.826996 525.009521 ) (69.459534 -210.539978 558.440063 ) (76.498810 -203.501221 592.998169 ) 
3 221 273 (76.498833 -190.467773 592.998230 ) (82.328651 -184.637680 621.618713 ) (76.498810 -203.501221 592.998169 ) 
5 221 272 (372.873688 -232.826996 2048 ) (67.435577 -232.826996 548.503906 ) (82.328651 -184.637680 621.618713 ) (266.957336 0 1528.021851 ) (372.873688 0 2048 ) 
4 221 271 (62.649933 -232.826996 525.009521 ) (60 -232.826996 512 ) (60 -220 512 ) (69.459534 -210.539978 558.440063 ) 
4 221 224 (24 -203.505859 528.991089 ) (24 -197.477127 558.586670 ) (43.499977 -203.504028 529 ) (43.501808 -203.505859 528.991089 ) 
3 221 223 (54.704414 -206.967010 512 ) (46.962952 -206.967010 512 ) (43.499977 -203.504028 529 ) 
5 221 222 (266.958221 0 1528.019897 ) (60.001190 -206.967010 512 ) (54.704414 -206.967010 512 ) (24 -197.477127 558.586670 ) (24 0 1528.019775 ) 
3 222 326 (24 0 1528.021729 ) (24 0 558.586670 ) (24 -197.477524 558.586670 ) 
4 222 282 (54.704430 0 512 ) (60 0 512 ) (60 -206.967407 512 ) (54.704418 -206.967407 512 ) 
5 222 273 (133.788071 0 874.250000 ) (139.391403 0 901.758606 ) (82.328644 -184.637680 621.618713 ) (76.498833 -190.467773 592.998230 ) (76.498833 -187.501190 592.998230 ) 
3 222 272 (139.391403 0 901.758606 ) (266.957336 0 1528.021851 ) (82.328644 -184.637680 621.618713 ) 
3 222 270 (76.498840 0 592.998230 ) (133.788071 0 874.250000 ) (76.498840 -187.501190 592.998169 ) 
4 222 224 (43.499538 -203.504288 529.002197 ) (24 -197.477524 558.588135 ) (24 -183.998718 558.588135 ) (43.499538 -203.498520 529.002197 ) 
4 222 223 (54.705399 0 512 ) (54.705399 -206.967697 512 ) (43.499538 -203.504288 529.002197 ) (43.499538 0 529.002197 ) 
4 223 282 (46.962952 0 512 ) (54.704430 0 512 ) (54.704418 -206.967407 512 ) (46.962955 -206.967407 512 ) 
3 224 328 (24 -203.506454 528.990173 ) (24 -197.477524 558.586670 ) (24 -184 558.586670 ) 
5 225 329 (24 0 534.250061 ) (24 0 512 ) (24 -193.919968 512 ) (24 -191.499969 523 ) (24 -184 534.250000 ) 
4 225 283 (24 -193.919968 512 ) (24 0 512 ) (33.919998 0 512 ) (33.919998 -193.919968 512 ) 
5 226 267 (504 -178.283279 647.076172 ) (504 -175.660049 659 ) (420.203156 -172.203430 674.711853 ) (146.974533 -172.203445 674.711792 ) (128.550735 -178.283295 647.076111 ) 
3 226 256 (128.555283 -178.278824 647.079041 ) (146.977646 -172.199448 674.712585 ) (153.344696 -121.263168 684.263123 ) 
4 226 252 (420.204498 -172.201920 674.712158 ) (504 -175.658478 659 ) (504 -160 659 ) (369.265808 -121.263199 684.263123 ) 
4 226 243 (153.341293 -121.264984 684.261963 ) (146.973969 -172.203583 674.710999 ) (420.203125 -172.199219 674.711914 ) (369.268066 -121.264801 684.262085 ) 
3 226 240 (369.264740 -121.265137 684.262146 ) (394.462372 -128.509460 679.537598 ) (408 -160 659 ) 
4 226 239 (408 -160 659 ) (415.857239 -178.281158 647.077026 ) (401.938568 -178.280975 647.077087 ) (383.834198 -160 659 ) 
4 226 238 (394.462372 -128.509460 679.537598 ) (504 -160.001526 659 ) (504 -178.282333 647.076721 ) (415.857239 -178.281158 647.077026 ) 
3 226 236 (397.499939 -173.799133 650 ) (401.938568 -178.280975 647.077087 ) (399.448608 -178.280945 647.077087 ) 
5 226 229 (128.556641 -178.277344 647.078125 ) (136.502945 -160.001389 658.997925 ) (383.834198 -160 659 ) (397.499939 -173.799133 650 ) (399.448608 -178.280945 647.077087 ) 
3 226 228 (149.199524 -130.800186 678.043274 ) (153.347656 -121.259766 684.265625 ) (158.740463 -121.259766 684.265625 ) 
4 227 257 (163.815994 -37.493011 699.970093 ) (166.504883 -15.981895 704.003418 ) (164.507141 0 701.006775 ) (163.815964 0 699.970032 ) 
4 227 245 (164.503418 0 701.007080 ) (166.501053 -15.981077 704.003540 ) (189.025192 -15.981077 704.003540 ) (170.297485 0 701.007080 ) 
3 227 242 (189.018738 -15.982416 704.002441 ) (166.501617 -15.982417 704.002441 ) (163.813004 -37.491356 699.969543 ) 
4 227 228 (189.027344 -15.984375 704.002930 ) (163.812408 -37.500698 699.968628 ) (163.812485 0 699.967896 ) (170.298141 0 701.005676 ) 
4 228 263 (149.197006 -130.802856 678.041565 ) (153.344696 -121.263168 684.263123 ) (157.502594 -88 690.500000 ) (149.197006 -106.918388 678.041565 ) 
5 228 257 (157.502594 -88 690.500000 ) (163.815994 -37.493011 699.970093 ) (163.815964 0 699.970032 ) (149.197021 0 678.041626 ) (149.197006 -106.918388 678.041565 ) 
3 228 246 (184.410675 0 701.007080 ) (170.297485 0 701.007080 ) (188.998840 -15.958589 704 ) 
4 228 244 (188.998535 -16 704 ) (163.813004 -37.491356 699.969543 ) (153.341293 -121.264984 684.261963 ) (158.734894 -121.264977 684.261963 ) 
4 229 267 (415.276428 -183.506256 623.335327 ) (399.449219 -178.283279 647.076172 ) (128.550735 -178.283295 647.076111 ) (112.723549 -183.506271 623.335327 ) 
4 229 262 (116.057312 -182.403152 628.332092 ) (128.555283 -178.278824 647.079041 ) (136.502579 -160 659 ) (117.756294 -178.533295 630.880554 ) 
3 229 260 (112.731972 -183.500519 623.344055 ) (116.057312 -182.403152 628.332092 ) (117.756294 -178.533295 630.880554 ) 
3 229 239 (383.834961 -160 659 ) (397.498138 -173.796173 650.002808 ) (397.498108 -165.929962 650.002869 ) 
4 229 236 (397.498047 -165.930542 650.001953 ) (397.498047 -173.796875 650.001953 ) (399.448639 -178.283249 647.076050 ) (415.275726 -183.506195 623.335449 ) 
4 230 278 (72 -208 512 ) (72 0 512 ) (456 0 512 ) (456 -208 512 ) 
4 231 275 (468 0 512 ) (489.499969 0 512 ) (489.499969 -208 512 ) (468 -208 512 ) 
3 231 265 (468 -208 512 ) (489.499969 -208 512 ) (458.539978 -197.783234 558.440002 ) 
4 231 234 (458.540253 -197.783493 558.438660 ) (489.499329 -208 512 ) (489.499359 0 512 ) (458.540283 0 558.438660 ) 
4 232 238 (430.407043 0 628.331665 ) (426.529205 0 630.885376 ) (426.529846 -162.243744 630.884399 ) (430.407166 -163.945984 628.331055 ) 
3 232 235 (431.506561 -167.275253 623.333801 ) (430.408386 -163.947556 628.325439 ) (426.535675 -162.247345 630.875671 ) 
4 232 233 (430.407227 -163.949219 628.328125 ) (431.505798 -167.277893 623.334900 ) (431.505798 0 623.334900 ) (430.407227 0 628.328125 ) 
4 233 265 (504 -207.703888 513.346069 ) (504 -193.069519 579.865967 ) (493.166809 -191.500031 587 ) (455.454346 -191.500046 587 ) 
5 233 238 (493.169006 -191.499969 587 ) (504 -193.069138 579.867432 ) (504 0 579.867798 ) (430.407043 0 628.331665 ) (430.407166 -163.945984 628.331055 ) 
4 233 235 (455.458527 -191.502060 586.993591 ) (493.175781 -191.503906 586.992188 ) (430.408386 -163.947556 628.325439 ) (431.506561 -167.275253 623.333801 ) 
5 233 234 (504 -207.703033 513.350159 ) (455.460815 -191.501343 586.994141 ) (451.498962 -187.494034 593.005127 ) (451.498962 0 593.005127 ) (504 0 513.350159 ) 
4 234 275 (489.499969 0 512 ) (504 0 512 ) (504 -208 512 ) (489.499969 -208 512 ) 
6 234 265 (489.499969 -208 512 ) (504 -208 512 ) (504 -207.703888 513.346069 ) (455.454346 -191.500046 587 ) (452.722229 -191.500046 587 ) (458.540009 -197.783234 558.440002 ) 
3 234 237 (452.723480 -191.501923 586.993713 ) (455.458527 -191.502060 586.993591 ) (451.500092 -187.498215 593 ) 
4 235 269 (446.456146 -184.732681 617.760681 ) (437.990875 -183.506256 623.335388 ) (431.505493 -183.506241 623.335388 ) (451.500092 -190.180161 593 ) 
4 235 268 (493.166809 -191.500031 587 ) (446.456146 -184.732681 617.760681 ) (451.500092 -190.180161 593 ) (455.454376 -191.500046 587 ) 
3 235 267 (437.990875 -183.506256 623.335388 ) (426.531708 -181.846069 630.881653 ) (431.505493 -183.506241 623.335388 ) 
3 235 238 (426.530029 -181.845428 630.884216 ) (493.169006 -191.499969 587 ) (426.529938 -162.243790 630.884399 ) 
3 235 237 (451.499420 -187.496796 593.002869 ) (455.457855 -191.500626 586.997131 ) (451.499420 -190.179352 593.002869 ) 
3 235 236 (431.507080 -183.506195 623.335449 ) (426.535156 -181.846634 630.878906 ) (426.535156 -178.534378 630.878906 ) 
5 236 267 (426.531708 -181.846069 630.881653 ) (401.940063 -178.283279 647.076172 ) (399.449219 -178.283279 647.076172 ) (415.276398 -183.506256 623.335388 ) (431.505493 -183.506241 623.335388 ) 
5 236 239 (397.498138 -173.796173 650.002808 ) (401.941742 -178.283127 647.076538 ) (426.530029 -181.845428 630.884216 ) (426.529999 -178.530853 630.884277 ) (397.498108 -165.929962 650.002869 ) 
3 237 268 (452.722198 -191.500046 587 ) (455.454376 -191.500046 587 ) (451.500092 -190.180161 593 ) 
3 238 269 (445.320557 -183.506256 623.335327 ) (437.990936 -183.506256 623.335327 ) (446.456146 -184.732681 617.760681 ) 
5 238 268 (504 -191.500031 587 ) (504 -183.506256 623.335327 ) (445.320557 -183.506256 623.335327 ) (446.456146 -184.732681 617.760681 ) (493.166809 -191.500031 587 ) 
5 238 267 (504 -183.506256 623.335327 ) (504 -178.283279 647.076172 ) (415.857819 -178.283279 647.076172 ) (426.531677 -181.846054 630.881714 ) (437.990936 -183.506256 623.335327 ) 
3 238 265 (504 -193.069519 579.865967 ) (504 -191.500031 587 ) (493.166809 -191.500031 587 ) 
4 238 254 (504 -160 659 ) (504 0 659 ) (394.461426 0 679.539001 ) (394.461395 -128.506927 679.538940 ) 
5 238 240 (408.002106 -160 658.998596 ) (408 -160 659.001160 ) (394.464661 -128.508209 679.537842 ) (394.464661 0 679.537842 ) (408.002136 0 658.998535 ) 
4 238 239 (426.537109 -178.535629 630.876953 ) (426.537109 -181.847046 630.876953 ) (415.859283 -178.282928 647.077576 ) (408 -160 659.001160 ) 
3 239 267 (415.857819 -178.283279 647.076172 ) (401.940063 -178.283279 647.076172 ) (426.531677 -181.846054 630.881714 ) 
5 240 254 (394.461426 0 679.539001 ) (369.261932 0 684.263916 ) (369.262054 -121.259430 684.263855 ) (369.265808 -121.263199 684.263123 ) (394.461395 -128.506927 679.538940 ) 
3 241 267 (330.122437 -168.487610 691.601990 ) (177.333282 -162.185059 720.249939 ) (158.234650 -168.487610 691.601990 ) 
4 241 263 (173.787674 -74.244316 714.927612 ) (171.516937 -56.078468 711.521484 ) (169.813766 -59.957924 708.966736 ) (166.502594 -91 704 ) 
3 241 257 (171.516937 -56.078468 711.521484 ) (170.821243 -50.512878 710.477966 ) (169.813766 -59.957924 708.966736 ) 
5 241 256 (158.237656 -168.483643 691.602600 ) (177.335632 -162.181305 720.249573 ) (177.335632 -102.628021 720.249573 ) (173.787674 -74.244316 714.927612 ) (166.502594 -91 704 ) 
4 241 247 (177.335938 -102.630653 720.250000 ) (177.335938 -162.183594 720.250000 ) (330.124084 -168.486099 691.602234 ) (229.453491 -50.513062 710.477966 ) 
3 241 245 (170.817429 -50.512032 710.478088 ) (177.332031 -102.628906 720.250000 ) (229.448914 -50.512032 710.478088 ) 
5 241 243 (158.232422 -168.488281 691.602539 ) (163.810165 -116.196854 699.969116 ) (189.007996 -90.998779 704 ) (263.989197 -90.998901 704 ) (330.112732 -168.487427 691.602539 ) 
4 241 242 (163.810165 -116.196854 699.969116 ) (170.816406 -50.513203 710.478394 ) (229.441406 -50.513203 710.478394 ) (229.465240 -50.541134 710.473938 ) 
4 242 263 (166.502594 -91 704 ) (169.813766 -59.957897 708.966736 ) (163.815964 -73.619598 699.970032 ) (163.815964 -97.179306 699.970032 ) 
5 242 257 (169.813766 -59.957897 708.966736 ) (170.821243 -50.512878 710.477966 ) (166.504883 -15.981895 704.003418 ) (163.815979 -37.493057 699.970093 ) (163.815964 -73.619598 699.970032 ) 
3 242 256 (163.815964 -116.187164 699.970032 ) (166.502594 -91 704 ) (163.815964 -97.179306 699.970032 ) 
5 242 245 (166.501053 -15.981077 704.003540 ) (170.817429 -50.512032 710.478088 ) (229.448914 -50.512032 710.478088 ) (229.468475 -50.492466 710.474426 ) (189.025192 -15.981077 704.003540 ) 
4 242 244 (188.997345 -91.002411 703.998413 ) (163.813507 -97.180794 699.969055 ) (163.816406 -37.496094 699.969727 ) (188.998047 -16.006044 703.998840 ) 
3 242 243 (189.002670 -91.001106 704 ) (163.812592 -116.191177 699.968872 ) (163.813507 -97.180794 699.969055 ) 
4 243 267 (420.203156 -172.203430 674.711853 ) (330.122437 -168.487610 691.601990 ) (158.234650 -168.487610 691.601990 ) (146.974533 -172.203445 674.711792 ) 
5 243 256 (146.977646 -172.199448 674.712585 ) (158.237656 -168.483643 691.602600 ) (163.815964 -116.187164 699.970032 ) (163.815964 -97.179306 699.970032 ) (153.344696 -121.263153 684.263184 ) 
4 243 252 (336 -168.728439 690.500671 ) (420.204498 -172.201920 674.712158 ) (369.265808 -121.263199 684.263123 ) (336 -111.699028 690.500671 ) 
4 243 248 (330.124084 -168.486099 691.602234 ) (336 -168.728439 690.500671 ) (336 -111.699028 690.500671 ) (264.002472 -91 704 ) 
5 243 244 (158.737442 -121.263672 684.263672 ) (153.342453 -121.263672 684.263672 ) (163.813889 -97.179100 699.970825 ) (188.996094 -91 704 ) (189 -91 704 ) 
4 244 263 (163.815964 -97.179306 699.970032 ) (163.815964 -73.619598 699.970032 ) (157.502609 -88 690.500061 ) (153.344696 -121.263153 684.263184 ) 
3 244 257 (163.815964 -73.619598 699.970032 ) (163.815979 -37.493057 699.970093 ) (157.502609 -88 690.500061 ) 
4 245 263 (177.335632 -66.084023 720.249573 ) (177.335632 -42.824821 720.249573 ) (171.516953 -56.078522 711.521545 ) (173.787674 -74.244324 714.927612 ) 
4 245 257 (177.335632 -42.824821 720.249573 ) (177.335632 0 720.249512 ) (164.507141 0 701.006775 ) (171.516953 -56.078522 711.521545 ) 
3 245 256 (177.335632 -102.628021 720.249573 ) (177.335632 -66.084023 720.249573 ) (173.787674 -74.244324 714.927612 ) 
5 245 250 (229.453781 -50.512756 710.477905 ) (229.470505 -50.496037 710.474792 ) (229.470505 0 710.474792 ) (213.656235 0 713.439941 ) (200.002731 -16 716 ) 
3 245 249 (213.656235 0 713.439941 ) (186.349258 0 718.559998 ) (200.002731 -16 716 ) 
4 245 247 (177.335938 0 720.250000 ) (177.335938 -102.630653 720.250000 ) (229.453781 -50.512756 710.477905 ) (186.349258 0 718.559998 ) 
3 245 246 (188.997665 -15.953537 703.998596 ) (170.302109 0 701.007324 ) (188.997665 0 703.998596 ) 
4 247 267 (211.957672 -150.759018 772.186523 ) (177.333282 -162.185059 720.249939 ) (330.122620 -168.487610 691.601929 ) (334.326843 -168.487610 691.601929 ) 
4 247 263 (206.067871 0 763.347839 ) (196.136795 0 748.451233 ) (177.335632 -42.824913 720.249512 ) (177.335632 -66.084045 720.249512 ) 
3 247 257 (196.136795 0 748.451233 ) (177.335632 0 720.249512 ) (177.335632 -42.824913 720.249512 ) 
5 247 256 (177.335632 -162.181305 720.249573 ) (211.959442 -150.755447 772.185303 ) (211.959503 0 772.185303 ) (206.067871 0 763.347839 ) (177.335632 -66.084045 720.249512 ) 
3 247 253 (315.504059 -91 704 ) (293.394470 0 718.559998 ) (225.383530 0 763.347839 ) 
5 247 252 (211.959869 0 772.187866 ) (211.959869 -150.757813 772.187866 ) (334.330688 -168.488037 691.601868 ) (315.504059 -91 704 ) (225.383530 0 763.347839 ) 
4 247 251 (297.277740 -16 716 ) (307.966370 -59.992672 708.961121 ) (263.988556 -16.014565 715.997620 ) (264.003235 -16 716 ) 
3 247 250 (229.469284 -50.534309 710.474548 ) (200 -16 716 ) (264.003235 -16 716 ) 
4 247 249 (293.390381 0 718.559875 ) (297.277740 -16 716 ) (200 -16 716 ) (186.346695 0 718.559998 ) 
4 247 248 (315.500061 -91 704 ) (334.326599 -168.487549 691.601990 ) (330.122711 -168.487564 691.601990 ) (264 -91 704 ) 
3 248 267 (330.122620 -168.487610 691.601929 ) (336 -168.730072 690.499878 ) (334.326843 -168.487610 691.601929 ) 
4 248 252 (334.330688 -168.488037 691.601868 ) (336.003906 -168.730469 690.500000 ) (336.003906 -111.700058 690.500000 ) (315.504059 -91 704 ) 
3 249 255 (301.169312 0 713.439941 ) (293.394470 0 718.559998 ) (297.281891 -16 716 ) 
5 249 251 (297.277344 -16.001141 716 ) (264 -16.001141 716 ) (263.988403 -15.990324 715.997620 ) (279.978943 0 713.439087 ) (301.165039 0 713.439087 ) 
4 249 250 (264 -16.001141 716 ) (200.003494 -16.001143 716 ) (213.657822 0 713.439087 ) (247.997559 0 713.439087 ) 
4 251 255 (307.971863 0 708.960205 ) (301.169312 0 713.439941 ) (297.281891 -16 716 ) (307.971863 -59.998554 708.960205 ) 
4 252 267 (504 -175.660049 659 ) (504 -54.385056 1210.250000 ) (211.957672 -150.759018 772.186523 ) (336 -168.730072 690.499878 ) 
4 252 256 (211.959442 -150.755447 772.185303 ) (504 -54.382065 1210.246094 ) (504 0 1210.246094 ) (211.959503 0 772.185303 ) 
4 252 254 (504 -159.996582 659.003174 ) (369.256287 -121.257645 684.267639 ) (339 -91.001740 704 ) (504 -91.001930 704 ) 
4 252 253 (315.502441 -91.001709 704 ) (225.379944 0 763.348694 ) (504 0 763.348755 ) (504 -91.001930 704 ) 
5 253 255 (339 -91.001945 704 ) (338.973358 -91.001945 704 ) (307.971649 -60 708.960266 ) (293.393799 0 718.560303 ) (316.674103 0 718.560303 ) 
4 253 254 (504 -91.001938 704 ) (339 -91.001945 704 ) (316.674103 0 718.560303 ) (504 0 718.560303 ) 
4 254 255 (339.004089 -91.009933 703.995117 ) (338.998047 -91.003906 704 ) (316.671753 0 718.559631 ) (339.002960 0 703.995239 ) 
4 256 273 (157.747421 0 901.758667 ) (151.695526 0 874.250000 ) (108.528999 -130.807724 678.038452 ) (104.340538 -160 659 ) 
4 256 272 (101.717300 -178.283218 647.076172 ) (280 0 1457.454590 ) (157.747421 0 901.758667 ) (104.340538 -160 659 ) 
3 256 270 (151.695526 0 874.250000 ) (127.297058 0 763.347839 ) (108.528999 -130.807724 678.038452 ) 
5 256 267 (280 0 1457.454834 ) (101.715729 -178.283295 647.076111 ) (128.550720 -178.283295 647.076111 ) (504 -54.385056 1210.250000 ) (504 0 1457.454834 ) 
4 256 263 (206.070099 0 763.348389 ) (149.200455 -130.800415 678.043823 ) (120 -160 659.001160 ) (188.775085 0 763.348389 ) 
4 256 262 (136.505341 -160 659.001160 ) (128.556641 -178.281250 647.078125 ) (112.142403 -178.281250 647.078125 ) (120 -160 659.001160 ) 
4 256 261 (112.142403 -178.281250 647.078125 ) (101.717186 -178.281250 647.078125 ) (127.296677 0 763.348511 ) (188.775085 0 763.348389 ) 
3 257 273 (101.717400 -153.939301 647.076599 ) (102.360558 -149.500015 650 ) (101.717400 -151.448975 647.076599 ) 
4 257 270 (102.360558 -149.500015 650 ) (124.019806 0 748.451233 ) (101.717400 0 647.076599 ) (101.717400 -151.448975 647.076599 ) 
4 257 263 (120 -135.828384 659 ) (149.198029 -106.912460 678.042236 ) (196.135162 0 748.448059 ) (178.954376 0 748.448059 ) 
4 257 261 (124.017181 0 748.447998 ) (101.715034 -153.936722 647.075012 ) (120 -135.828384 659 ) (178.954376 0 748.448059 ) 
3 257 259 (106.197380 -149.501801 649.997314 ) (101.716507 -153.939392 647.075012 ) (101.716507 -151.450012 647.075012 ) 
5 257 258 (119.998886 -135.833618 658.998291 ) (106.197380 -149.501801 649.997314 ) (101.716507 -151.450012 647.075012 ) (101.716499 0 647.075012 ) (119.998909 0 658.998352 ) 
4 258 270 (96.494621 -167.275772 623.336670 ) (101.717400 -151.448975 647.076599 ) (101.717400 0 647.076599 ) (96.494621 0 623.336670 ) 
3 258 261 (120 -135.828369 659 ) (106.191162 -149.503845 649.994263 ) (114.064392 -149.503860 649.994263 ) 
4 258 259 (114.068176 -149.498047 650 ) (106.207031 -149.498047 650 ) (101.715569 -151.450867 647.070801 ) (96.494293 -167.275238 623.336182 ) 
5 259 273 (96.494621 -183.505905 623.336670 ) (98.154274 -178.533279 630.880554 ) (101.717400 -153.939301 647.076599 ) (101.717400 -151.448975 647.076599 ) (96.494621 -167.275772 623.336670 ) 
3 259 272 (96.494621 -183.505905 623.336670 ) (97.592979 -182.407547 628.329224 ) (98.154274 -178.533279 630.880554 ) 
3 259 267 (97.591400 -182.407623 628.329163 ) (96.492271 -183.506760 623.333130 ) (99.785126 -182.407623 628.329163 ) 
5 259 261 (101.715034 -153.936722 647.075012 ) (97.589844 -182.410156 628.324219 ) (99.781883 -182.410156 628.324219 ) (114.064392 -149.503860 649.994263 ) (106.191162 -149.503845 649.994263 ) 
3 259 260 (101.467781 -178.531815 630.882813 ) (99.785706 -182.407242 628.330688 ) (96.494011 -183.505981 623.336426 ) 
4 260 267 (96.492271 -183.506760 623.333130 ) (112.723564 -183.506256 623.335388 ) (116.052765 -182.407623 628.329163 ) (99.785126 -182.407623 628.329163 ) 
4 260 262 (99.781883 -182.410156 628.324219 ) (116.052734 -182.410156 628.324219 ) (117.753090 -178.537109 630.874756 ) (101.462921 -178.537109 630.874756 ) 
4 261 273 (104.340538 -160 659 ) (108.528999 -130.807724 678.038452 ) (102.360558 -149.500000 650 ) (98.154274 -178.533279 630.880554 ) 
4 261 272 (97.592979 -182.407547 628.329224 ) (101.717300 -178.283218 647.076172 ) (104.340538 -160 659 ) (98.154274 -178.533279 630.880554 ) 
4 261 270 (108.528999 -130.807724 678.038452 ) (127.297058 0 763.347839 ) (124.019806 0 748.451233 ) (102.360558 -149.500000 650 ) 
4 261 267 (101.715729 -178.283295 647.076111 ) (97.591400 -182.407623 628.329163 ) (99.785126 -182.407623 628.329163 ) (112.141090 -178.283295 647.076111 ) 
4 261 263 (120 -135.830017 659 ) (178.954437 0 748.448669 ) (188.774353 0 763.347900 ) (120 -160 659 ) 
4 261 262 (99.782837 -182.408203 628.326172 ) (101.463341 -178.536392 630.875916 ) (120 -160 659 ) (112.140869 -178.282959 647.076416 ) 
4 262 267 (99.785126 -182.407623 628.329163 ) (116.052765 -182.407623 628.329163 ) (128.550720 -178.283295 647.076111 ) (112.141090 -178.283295 647.076111 ) 
4 264 286 (101.611923 -232.826996 512 ) (427.892334 -232.826996 512 ) (415.047333 -232.826996 525.009521 ) (114.457581 -232.826996 525.009521 ) 
4 264 285 (456 -232.826996 512 ) (504 -232.826996 512 ) (504 -232.826996 525.009521 ) (456 -232.826996 525.009521 ) 
4 264 279 (456 -232.826996 512 ) (72 -232.826996 512 ) (72 -220 512 ) (456 -220 512 ) 
4 264 277 (468 -232.826996 512 ) (456 -232.826996 512 ) (456 -220 512 ) (468 -220 512 ) 
4 264 275 (504 -232.826996 512 ) (468 -232.826996 512 ) (468 -220 512 ) (504 -220 512 ) 
4 264 271 (72 -220 512 ) (72 -232.826996 512 ) (74.862656 -232.826996 525.009521 ) (82.217361 -210.539993 558.440002 ) 
4 264 266 (82.216064 -210.540283 558.438599 ) (74.861450 -232.826996 525.008545 ) (504 -232.826996 525.008545 ) (504 -210.540283 558.438599 ) 
4 264 265 (504 -220 512 ) (468 -220 512 ) (458.539734 -210.540527 558.441406 ) (504 -210.540527 558.441406 ) 
4 265 275 (468 -208 512 ) (504 -208 512 ) (504 -220 512 ) (468 -220 512 ) 
4 265 268 (504 -191.498032 587.001953 ) (452.721832 -191.498032 587.001953 ) (458.540283 -210.540283 558.438599 ) (504 -210.540283 558.438599 ) 
8 266 286 (264 -232.826996 578 ) (263.983704 -232.826996 578 ) (191.454559 -232.826996 569.466980 ) (130.043732 -232.826996 540.794556 ) (114.457581 -232.826996 525.009521 ) (415.047302 -232.826996 525.009521 ) (399.466858 -232.826996 540.789551 ) (338.052612 -232.826996 569.464478 ) 
4 266 285 (504 -232.826996 525.009521 ) (504 -232.826996 578 ) (456 -232.826996 578 ) (456 -232.826996 525.009521 ) 
4 266 284 (504 -232.826996 578 ) (504 -232.826996 2048 ) (409.919983 -232.826996 2048 ) (86.519989 -232.826996 578 ) 
4 266 274 (74.862656 -232.826996 525.009521 ) (80.031425 -232.826996 548.503967 ) (89.820572 -203.499969 593 ) (82.217361 -210.539993 558.440002 ) 
5 266 272 (80.031425 -232.826996 548.503967 ) (409.920410 -232.826996 2048 ) (409.920410 0 2048 ) (309.600433 0 1592 ) (89.820572 -203.499969 593 ) 
4 266 268 (504 -210.540527 558.441406 ) (458.539703 -210.540527 558.441406 ) (451.500366 -203.501175 592.998230 ) (504 -203.501175 592.998230 ) 
4 266 267 (89.821251 -203.501175 592.998230 ) (309.602448 0 1592.004028 ) (504 0 1592.004028 ) (504 -203.501175 592.998230 ) 
4 267 272 (309.600433 0 1592 ) (280 0 1457.454590 ) (96.494370 -183.506165 623.335510 ) (89.820572 -203.499985 593 ) 
3 267 269 (451.500000 -203.500000 593 ) (431.505280 -183.505051 623.335693 ) (445.320526 -183.505051 623.335693 ) 
4 267 268 (504 -203.500000 593 ) (451.500000 -203.500000 593 ) (445.320526 -183.505051 623.335693 ) (504 -183.505051 623.335693 ) 
3 268 269 (451.500000 -203.500000 593 ) (445.320557 -183.506195 623.335388 ) (451.500427 -190.180954 592.998901 ) 
4 270 273 (96.492630 -167.275940 623.333618 ) (151.693726 0 874.247986 ) (133.787903 0 874.248047 ) (76.499222 -187.499084 592.998840 ) 
4 271 287 (60 -232.826996 512 ) (72 -232.826996 512 ) (72 -232.826996 525.009521 ) (62.649933 -232.826996 525.009521 ) 
4 271 280 (72 -232.826996 512 ) (60 -232.826996 512 ) (60 -220 512 ) (72 -220 512 ) 
4 271 274 (74.860771 -232.826996 525.006897 ) (82.215233 -210.540756 558.436279 ) (69.459053 -210.540741 558.436279 ) (62.649689 -232.826996 525.006836 ) 
3 272 287 (72 -232.826996 570.912109 ) (67.435577 -232.826996 548.503906 ) (72 -232.826996 548.503906 ) 
4 272 284 (86.519989 -232.826996 578 ) (409.919983 -232.826996 2048 ) (372.873840 -232.826996 2048 ) (73.443756 -232.826996 578 ) 
4 272 274 (89.826569 -203.499481 593.002502 ) (80.037262 -232.826996 548.505615 ) (67.437721 -232.826996 548.505615 ) (76.501526 -203.499619 593.002319 ) 
4 272 273 (157.753220 0 901.760254 ) (96.502808 -183.498337 623.349060 ) (76.501526 -203.499619 593.002319 ) (139.394318 0 901.760193 ) 
4 274 287 (72 -232.826996 548.503906 ) (67.435577 -232.826996 548.503906 ) (62.649933 -232.826996 525.009521 ) (72 -232.826996 525.009521 ) 
4 275 288 (468 0 448 ) (504 0 448 ) (504 -160 448 ) (468 -160 448 ) 
4 275 285 (468 -232.826996 448 ) (504 -232.826996 448 ) (504 -232.826996 512 ) (468 -232.826996 512 ) 
4 275 276 (468 0 448 ) (468 -160 448 ) (468 -160 512 ) (468 0 512 ) 
4 275 277 (468 -220 448 ) (468 -232.826996 448 ) (468 -232.826996 512 ) (468 -220 512 ) 
4 276 288 (456 0 448 ) (468 0 448 ) (468 -160 448 ) (456 -160 448 ) 
4 276 278 (456 0 448 ) (456 -160 448 ) (456 -160 512 ) (456 0 512 ) 
4 277 285 (456 -232.826996 448 ) (468 -232.826996 448 ) (468 -232.826996 512 ) (456 -232.826996 512 ) 
4 277 279 (456 -220 448 ) (456 -232.826996 448 ) (456 -232.826996 512 ) (456 -220 512 ) 
4 278 300 (113.899384 -208 448 ) (72 -208 448 ) (72 -166.101685 448 ) (113.904762 -166.108154 448 ) 
4 278 298 (72 -166.101685 448 ) (72 -160 448 ) (113.905548 -160 448 ) (113.904762 -166.108154 448 ) 
4 278 294 (166.777863 -208 448 ) (113.899384 -208 448 ) (113.905548 -160 448 ) (166.776108 -160 448 ) 
4 278 293 (209.715256 -208 448 ) (166.777863 -208 448 ) (166.776108 -160 448 ) (209.711243 -160 448 ) 
4 278 292 (456 -160 448 ) (456 -208 448 ) (417.966125 -208 448 ) (417.966125 -160 448 ) 
4 278 290 (417.966125 -208 448 ) (209.715256 -208 448 ) (209.711243 -160 448 ) (417.966125 -160 448 ) 
4 278 288 (72 0 448 ) (456 0 448 ) (456 -160 448 ) (72 -160 448 ) 
7 279 286 (72 -232.826996 448 ) (456 -232.826996 448 ) (441.227051 -232.826996 498.494476 ) (427.892334 -232.826996 512 ) (101.611938 -232.826996 512 ) (88.260712 -232.826996 498.478424 ) (72 -232.826996 448.028778 ) 
4 279 280 (72 -220 448 ) (72 -232.826996 448 ) (72 -232.826996 512 ) (72 -220 512 ) 
4 280 287 (60 -232.826996 448 ) (72 -232.826996 448 ) (72 -232.826996 512 ) (60 -232.826996 512 ) 
5 280 281 (60 -220 448.009216 ) (60 -220.001877 448 ) (60 -232.826996 448 ) (60 -232.826996 512 ) (60 -220 512 ) 
4 281 327 (24 -220.004456 448 ) (24 -232.826996 448 ) (24 -232.826996 512 ) (24 -206.967407 512 ) 
4 281 287 (24 -232.826996 512 ) (24 -232.826996 448 ) (60 -232.826996 448 ) (60 -232.826996 512 ) 
3 281 282 (60 -220.003830 448 ) (46.962959 -206.966797 512 ) (60 -206.966797 512 ) 
4 283 329 (24 0 512 ) (24 0 448 ) (24 -208 448 ) (24 -193.919968 512 ) 
4 283 301 (24 -208 448 ) (24 0 448 ) (46.500000 0 448 ) (46.500000 -208 448 ) 
4 284 326 (24 -232.826996 2048 ) (24 -232.826996 578 ) (24 -303.834045 578 ) (24 -303.834045 2048 ) 
4 284 317 (24 -303.834045 579 ) (24 -303.834045 578 ) (72 -303.834045 578 ) (72 -303.834045 579 ) 
4 284 316 (24 -303.834045 2048 ) (24 -303.834045 579 ) (72 -303.834045 579 ) (72 -303.834045 2048 ) 
4 284 311 (72 -303.834045 578 ) (456 -303.834045 578 ) (456 -303.834045 2048 ) (72 -303.834045 2048 ) 
4 284 304 (456 -303.834045 578 ) (481 -303.834045 578 ) (481 -303.834045 2048 ) (456 -303.834045 2048 ) 
4 284 303 (481 -303.834045 578 ) (504 -303.834045 578 ) (504 -303.834045 2048 ) (481 -303.834045 2048 ) 
4 284 285 (504 -303.834045 578 ) (456 -303.834045 578 ) (456 -232.826996 578 ) (504 -232.826996 578 ) 
4 284 287 (72 -303.834045 578 ) (24 -303.834045 578 ) (24 -232.826996 578 ) (72 -232.826996 578 ) 
4 285 304 (456 -303.834045 448 ) (481 -303.834045 448 ) (481 -303.834045 578 ) (456 -303.834045 578 ) 
4 285 303 (481 -303.834045 448 ) (504 -303.834045 448 ) (504 -303.834045 578 ) (481 -303.834045 578 ) 
11 286 312 (72 -303.834045 448 ) (456 -303.834045 448 ) (441.227112 -303.834045 498.494171 ) (399.467346 -303.834045 540.788879 ) (338.051392 -303.834045 569.464600 ) (264 -303.834045 578 ) (263.980164 -303.834045 578 ) (191.455627 -303.834045 569.467529 ) (130.044128 -303.834045 540.794739 ) (88.259300 -303.834045 498.476807 ) (72 -303.834045 448.031494 ) 
4 286 302 (456 -303.834045 448 ) (72 -303.834045 448 ) (72 -233.313019 448 ) (456 -233.313019 448 ) 
4 287 327 (24 -232.826996 558.586609 ) (24 -232.826996 448 ) (24 -303.834045 448 ) (24 -303.834045 558.586609 ) 
4 287 326 (24 -232.826996 578 ) (24 -232.826996 558.586609 ) (24 -303.834045 558.586609 ) (24 -303.834045 578 ) 
4 287 317 (24 -303.834045 578 ) (24 -303.834045 448 ) (72 -303.834045 448 ) (72 -303.834045 578 ) 
4 288 298 (113.905548 -160 448 ) (72 -160 448 ) (72 -160 378.034515 ) (98.637718 -160 378.036652 ) 
3 288 296 (72 -160 378.034515 ) (72 -160 255.971863 ) (98.637718 -160 378.036652 ) 
3 288 294 (166.776093 -160 448 ) (113.905548 -160 448 ) (88.284271 -160 330.592957 ) 
3 288 293 (209.711243 -160 448 ) (166.776093 -160 448 ) (130.051575 -160 393.067963 ) 
3 288 292 (456 -160 448 ) (417.966125 -160 448 ) (456 -160 256 ) 
8 288 290 (72 -160 88 ) (456 -160 88 ) (456 -160 256 ) (417.966125 -160 448 ) (209.711243 -160 448 ) (130.051575 -160 393.067963 ) (88.284271 -160 330.592957 ) (72 -160 255.971863 ) 
7 288 289 (72 0 88 ) (72 -160 88 ) (72 -160 378.034515 ) (72 -149.954193 393.060791 ) (72 -88.567642 435.391113 ) (72 -16 448 ) (72 0 445.276123 ) 
7 289 301 (46.500000 0 88 ) (46.500000 -160 88 ) (46.500000 -160 378.032501 ) (46.500000 -149.951187 393.063263 ) (46.500000 -88.578094 435.384338 ) (46.500000 -15.985196 447.997467 ) (46.500000 0 445.276123 ) 
4 289 297 (46.500000 -160 378.032501 ) (46.500000 -160 139.120575 ) (72 -160 255.971878 ) (72 -160 378.034515 ) 
4 289 295 (46.500000 -160 139.120575 ) (46.500000 -160 88 ) (72 -160 88 ) (72 -160 255.971878 ) 
3 290 299 (83.023643 -207.811996 306.519409 ) (88.272804 -207.811996 330.573212 ) (88.276093 -191.727249 330.578979 ) 
5 290 296 (88.282570 -160 330.590393 ) (72 -160 255.976776 ) (72 -207.811996 256.004578 ) (83.023643 -207.811996 306.519409 ) (88.276093 -191.727249 330.578979 ) 
4 290 295 (72 -207.811996 256 ) (72 -160 255.971161 ) (72 -160 88 ) (72 -207.811996 88 ) 
4 290 294 (130.048950 -160 393.066132 ) (88.282814 -160 330.590759 ) (88.272858 -207.811996 330.573273 ) (130.050476 -207.811996 393.064453 ) 
4 290 293 (209.707031 -160 448 ) (130.050079 -160 393.068451 ) (130.049866 -207.811996 393.065552 ) (209.712311 -207.811996 448 ) 
4 290 292 (456 -160 255.998352 ) (417.965820 -160 448 ) (417.966064 -207.811996 448 ) (456 -207.811996 256 ) 
11 290 291 (456 -207.811996 88 ) (456 -207.811996 255.996094 ) (441.225739 -207.811996 330.578430 ) (399.459167 -207.811996 393.055267 ) (338.067841 -207.811996 435.390472 ) (264.010529 -207.811996 447.998169 ) (191.421249 -207.811996 435.384705 ) (130.051422 -207.811996 393.065033 ) (88.274292 -207.811996 330.575348 ) (72 -207.811996 256 ) (72 -207.811996 88 ) 
11 291 302 (72 -233.313019 88 ) (456 -233.313019 88 ) (456 -233.313019 256 ) (441.227722 -233.313019 330.572449 ) (399.458466 -233.313019 393.053314 ) (338.063202 -233.313019 435.391266 ) (264.001526 -233.313019 448 ) (191.430557 -233.313019 435.389709 ) (130.051224 -233.313019 393.063477 ) (88.268990 -233.313019 330.566162 ) (72 -233.313019 256.015045 ) 
4 293 294 (166.773438 -160 448 ) (130.048950 -160 393.066132 ) (130.050476 -207.811996 393.064453 ) (166.776917 -207.811996 448 ) 
4 294 300 (88.276093 -191.730255 330.578979 ) (88.272804 -207.811996 330.573212 ) (113.898354 -207.811996 448 ) (113.903534 -166.108154 448 ) 
5 294 298 (113.904297 -160 448 ) (98.636536 -160 378.036652 ) (88.276093 -191.727249 330.578979 ) (88.276093 -191.730255 330.578979 ) (113.903534 -166.108154 448 ) 
3 294 296 (98.636536 -160 378.036652 ) (88.282570 -160 330.590393 ) (88.276093 -191.727249 330.578979 ) 
4 295 301 (46.500000 -160 88 ) (46.500000 -208 88 ) (46.500000 -208 139.148849 ) (46.500000 -160 139.120575 ) 
4 295 297 (72 -160 255.976776 ) (46.500000 -160 139.125000 ) (46.500000 -208 139.153259 ) (72 -208 256.004700 ) 
4 296 300 (88.269699 -191.732330 330.569427 ) (72 -191.729034 330.573090 ) (72 -207.811996 306.516357 ) (72.189728 -207.811996 306.516357 ) 
4 296 299 (83.020599 -207.811996 306.517212 ) (88.271477 -191.732330 330.569427 ) (88.269699 -191.732330 330.569427 ) (72.189728 -207.811996 306.516357 ) 
4 296 298 (88.271477 -191.732330 330.569427 ) (98.633789 -160 378.035156 ) (72 -160 378.033051 ) (72 -191.729034 330.573090 ) 
5 296 297 (72 -160 255.963699 ) (72 -207.811996 255.991852 ) (72 -207.811996 256.879364 ) (72 -191.726578 330.584290 ) (72 -160 378.040100 ) 
5 297 301 (46.500000 -191.723206 330.581757 ) (46.500000 -160 378.032501 ) (46.500000 -160 139.120575 ) (46.500000 -208 139.148849 ) (46.500000 -208 256 ) 
4 298 300 (72 -191.728012 330.577545 ) (88.273438 -191.731323 330.573883 ) (113.902184 -166.108093 448 ) (72 -166.101639 448 ) 
4 300 299 (88.277344 -191.731445 330.578125 ) (88.273438 -191.732422 330.574219 ) (72.193710 -207.811996 306.521515 ) (88.273994 -207.811996 330.572235 ) 
4 301 330 (24 0 448 ) (24 0 88 ) (24 -208 88 ) (24 -208 448 ) 
4 302 323 (456 -256 88 ) (456 -303.834045 88 ) (72 -303.834045 88 ) (72 -256 88 ) 
4 302 312 (72 -303.834045 88 ) (456 -303.834045 88 ) (456 -303.834045 448 ) (72 -303.834045 448 ) 
4 303 375 (504 -1024 448 ) (504 -1024 2048 ) (481 -1024 2048 ) (481 -1024 448 ) 
4 303 309 (504 -543.833984 448 ) (504 -1024 448 ) (481 -1024 448 ) (481 -543.833984 448 ) 
4 303 305 (481 -592 579 ) (481 -592 2048 ) (481 -544 2048 ) (481 -544 579 ) 
4 303 304 (481 -303.834045 448 ) (481 -544 448 ) (481 -544 2048 ) (481 -303.834045 2048 ) 
4 303 306 (481 -592 448 ) (481 -1024 448 ) (481 -1024 2048 ) (481 -592 2048 ) 
4 304 314 (456 -543.619995 448 ) (456 -544 448 ) (456 -544 579 ) (456 -543.619995 579 ) 
4 304 313 (456 -544 579 ) (456 -544 2048 ) (456 -543.619995 2048 ) (456 -543.619995 579 ) 
4 304 311 (456 -303.834045 2048 ) (456 -303.834045 578 ) (456 -543.619995 578 ) (456 -543.619995 2048 ) 
4 304 305 (481 -544 579 ) (481 -544 2048 ) (456 -544 2048 ) (456 -544 579 ) 
4 305 313 (456 -592 579 ) (456 -592 2048 ) (456 -544 2048 ) (456 -544 579 ) 
4 305 306 (481 -592 579 ) (481 -592 2048 ) (456 -592 2048 ) (456 -592 579 ) 
4 306 375 (481 -1024 2048 ) (456 -1024 2048 ) (456 -1024 448 ) (481 -1024 448 ) 
4 306 315 (456 -592 448 ) (456 -1024 448 ) (456 -1024 579 ) (456 -592 579 ) 
4 306 313 (456 -1024 579 ) (456 -1024 2048 ) (456 -592 2048 ) (456 -592 579 ) 
4 306 310 (456 -1024 448 ) (456 -592 448 ) (481 -592 448 ) (481 -1024 448 ) 
12 307 312 (456 -303.834045 405.994659 ) (456 -303.834045 280 ) (456 -375.834045 280 ) (456 -375.834045 405.967834 ) (456 -372.776917 422.308197 ) (456 -364.941681 435.982788 ) (456 -353.433655 445.241058 ) (456 -339.828064 448 ) (456 -339.818970 448 ) (456 -325.946228 445.242828 ) (456 -314.437531 435.982666 ) (456 -306.606537 422.315643 ) 
12 308 312 (456 -495.834045 280 ) (456 -495.834045 405.967896 ) (456 -492.776978 422.307983 ) (456 -484.941498 435.983032 ) (456 -473.433685 445.241119 ) (456 -459.828217 448 ) (456 -459.818970 448 ) (456 -445.946259 445.242828 ) (456 -434.437500 435.982605 ) (456 -426.606537 422.315643 ) (456 -423.834045 405.994659 ) (456 -423.834045 280 ) 
4 309 375 (504 -1024 88 ) (504 -1024 448 ) (481 -1024 448 ) (481 -1024 88 ) 
4 309 322 (504 -543.833984 88 ) (504 -1024 88 ) (481 -1024 88 ) (481 -543.833984 88 ) 
4 309 310 (481 -592 88 ) (481 -1024 88 ) (481 -1024 448 ) (481 -592 448 ) 
4 310 375 (481 -1024 448 ) (456 -1024 448 ) (456 -1024 88 ) (481 -1024 88 ) 
4 310 322 (481 -1024 88 ) (456 -1024 88 ) (456 -592 88 ) (481 -592 88 ) 
4 310 315 (456 -592 88 ) (456 -1024 88 ) (456 -1024 448 ) (456 -592 448 ) 
4 311 317 (72 -303.834045 579 ) (72 -303.834045 578 ) (72 -543.619995 578 ) (72 -543.619995 579 ) 
4 311 316 (72 -303.834045 2048 ) (72 -303.834045 579 ) (72 -543.619995 579 ) (72 -543.619995 2048 ) 
4 311 314 (72 -543.619995 579 ) (72 -543.619995 578 ) (456 -543.619995 578 ) (456 -543.619995 579 ) 
4 311 313 (72 -543.619995 2048 ) (72 -543.619995 579 ) (456 -543.619995 579 ) (456 -543.619995 2048 ) 
4 312 323 (72 -303.834045 88 ) (456 -303.834045 88 ) (456 -543.619995 88 ) (72 -543.619995 88 ) 
11 312 320 (72 -495.834045 280 ) (72 -495.834045 405.993835 ) (72 -493.061340 422.315887 ) (72 -485.230499 435.982605 ) (72 -473.720795 445.242828 ) (72 -459.844482 448 ) (72 -446.233032 445.240814 ) (72 -434.727203 435.984314 ) (72 -426.891571 422.310730 ) (72 -423.834045 405.968201 ) (72 -423.834045 280 ) 
11 312 319 (72 -303.834045 405.940033 ) (72 -303.834045 280 ) (72 -375.834045 280 ) (72 -375.834045 405.993774 ) (72 -373.061371 422.315796 ) (72 -365.230438 435.982697 ) (72 -353.720764 445.242828 ) (72 -339.844330 448 ) (72 -326.233368 445.241089 ) (72 -314.727173 435.984283 ) (72 -306.899384 422.324402 ) 
12 312 314 (72 -543.619995 448.040771 ) (72 -543.619995 88 ) (456 -543.619995 88 ) (456 -543.619995 448 ) (441.227417 -543.619995 498.493042 ) (399.468628 -543.619995 540.786804 ) (338.047180 -543.619995 569.465088 ) (264 -543.619995 578 ) (263.967346 -543.619995 578 ) (191.459717 -543.619995 569.469482 ) (130.045456 -543.619995 540.795410 ) (88.254555 -543.619995 498.471344 ) 
4 313 375 (72 -1024 2048 ) (72 -1024 579 ) (456 -1024 579 ) (456 -1024 2048 ) 
4 313 316 (72 -1024 579 ) (72 -1024 2048 ) (72 -543.619995 2048 ) (72 -543.619995 579 ) 
4 313 314 (72 -544 579 ) (72 -543.619995 579 ) (456 -543.619995 579 ) (456 -544 579 ) 
4 313 315 (72 -1024 579 ) (72 -592 579 ) (456 -592 579 ) (456 -1024 579 ) 
4 314 323 (456 -543.619995 88 ) (456 -544 88 ) (72 -544 88 ) (72 -543.619995 88 ) 
4 314 317 (72 -544 448 ) (72 -544 579 ) (72 -543.619995 579 ) (72 -543.619995 448 ) 
4 315 375 (72 -1024 579 ) (72 -1024 88 ) (456 -1024 88 ) (456 -1024 579 ) 
4 315 323 (456 -592 88 ) (456 -1024 88 ) (72 -1024 88 ) (72 -592 88 ) 
4 315 321 (72 -592 88 ) (72 -1024 88 ) (72 -1024 448 ) (72 -592 448 ) 
4 315 318 (72 -1024 448 ) (72 -1024 579 ) (72 -592 579 ) (72 -592 448 ) 
4 316 375 (24 -1024 2048 ) (24 -1024 579 ) (72 -1024 579 ) (72 -1024 2048 ) 
4 316 326 (24 -1024 579 ) (24 -1024 2048 ) (24 -303.834045 2048 ) (24 -303.834045 579 ) 
4 316 317 (24 -544 579 ) (24 -303.834045 579 ) (72 -303.834045 579 ) (72 -544 579 ) 
4 316 318 (24 -1024 579 ) (24 -592 579 ) (72 -592 579 ) (72 -1024 579 ) 
4 317 327 (24 -303.834045 558.586670 ) (24 -303.834045 448 ) (24 -544 448 ) (24 -544 558.586670 ) 
4 317 326 (24 -544 579 ) (24 -303.834045 579 ) (24 -303.834045 558.586670 ) (24 -544 558.586670 ) 
4 318 375 (24 -1024 579 ) (24 -1024 448 ) (72 -1024 448 ) (72 -1024 579 ) 
4 318 327 (24 -1024 448 ) (24 -1024 558.586670 ) (24 -592 558.586670 ) (24 -592 448 ) 
4 318 326 (24 -1024 558.586670 ) (24 -1024 579 ) (24 -592 579 ) (24 -592 558.586670 ) 
4 318 321 (24 -1024 448 ) (24 -592 448 ) (72 -592 448 ) (72 -1024 448 ) 
12 319 331 (24 -339.845886 448 ) (24 -339.833984 448 ) (24 -326.237701 445.243164 ) (24 -314.727325 435.983032 ) (24 -306.898987 422.322174 ) (24 -303.834045 405.940033 ) (24 -303.834045 304 ) (24 -375.834045 304 ) (24 -375.834045 406 ) (24 -373.062286 422.316254 ) (24 -365.231934 435.982056 ) (24 -353.722717 445.241852 ) 
12 320 331 (24 -459.846252 448 ) (24 -459.834045 448 ) (24 -446.237305 445.242859 ) (24 -434.727264 435.983002 ) (24 -426.891144 422.308533 ) (24 -423.834045 405.968262 ) (24 -423.834045 304 ) (24 -495.834045 304 ) (24 -495.834045 406 ) (24 -493.062347 422.316101 ) (24 -485.232025 435.981995 ) (24 -473.722717 445.241852 ) 
4 321 375 (24 -1024 448 ) (24 -1024 88 ) (72 -1024 88 ) (72 -1024 448 ) 
4 321 331 (24 -1024 88 ) (24 -1024 448 ) (24 -592 448 ) (24 -592 88 ) 
4 321 323 (24 -1024 88 ) (24 -592 88 ) (72 -592 88 ) (72 -1024 88 ) 
4 322 375 (504 -1024 64 ) (504 -1024 88 ) (456 -1024 88 ) (456 -1024 64 ) 
4 322 325 (504 -256 64 ) (504 -1024 64 ) (456 -1024 64 ) (456 -256 64 ) 
4 322 323 (456 -256 64 ) (456 -1024 64 ) (456 -1024 88 ) (456 -256 88 ) 
4 323 375 (456 -1024 88 ) (24 -1024 88 ) (24 -1024 64 ) (456 -1024 64 ) 
4 323 332 (24 -1024 64 ) (24 -1024 88 ) (24 -256 88 ) (24 -256 64 ) 
4 323 325 (24 -1024 64 ) (24 -256 64 ) (456 -256 64 ) (456 -1024 64 ) 
4 324 334 (24 0 0 ) (24 0 -2048 ) (24 -256 -2048 ) (24 -256 0 ) 
4 324 325 (24 -256 -2048 ) (504 -256 -2048 ) (504 -256 0 ) (24 -256 0 ) 
4 325 375 (504 -1024 -2048 ) (504 -1024 64 ) (24 -1024 64 ) (24 -1024 -2048 ) 
4 325 334 (24 -1024 -2048 ) (24 -1024 0 ) (24 -256 0 ) (24 -256 -2048 ) 
4 325 333 (24 -1024 0 ) (24 -1024 64 ) (24 -256 64 ) (24 -256 0 ) 
4 326 375 (24 -1024 558.586670 ) (24 -1024 2048 ) (0 -1024 2048 ) (0 -1024 595 ) 
4 326 374 (0 -256 595 ) (0 -1024 595 ) (0 -1024 2048 ) (0 -256 2048 ) 
4 326 363 (0 -208 595 ) (0 -256 595 ) (0 -256 2048 ) (0 -208 2048 ) 
4 326 335 (0 0 2048 ) (0 0 595 ) (0 -208 595 ) (0 -208 2048 ) 
4 326 328 (24 -183.998764 558.588074 ) (24 -197.477249 558.588074 ) (0 -190.059509 595.002380 ) (0 -159.998444 595.002380 ) 
4 326 327 (24 -197.477249 558.588074 ) (24 -1024 558.588074 ) (0 -1024 595.002380 ) (0 -190.059509 595.002380 ) 
4 327 375 (24 -1024 448 ) (24 -1024 558.586670 ) (0 -1024 595 ) (0 -1024 448 ) 
4 327 374 (0 -256 448 ) (0 -1024 448 ) (0 -1024 595 ) (0 -256 595 ) 
5 327 363 (0 -220.004440 448 ) (0 -256 448 ) (0 -256 595 ) (0 -208 595 ) (0 -208 506.930786 ) 
3 327 336 (0 -208 595 ) (0 -190.059753 595 ) (0 -208 506.930786 ) 
4 327 331 (0 -1024 448 ) (0 -256 448 ) (24 -256 448 ) (24 -1024 448 ) 
4 327 328 (0 -190.059143 595.002380 ) (24 -197.476868 558.588135 ) (24 -203.505905 528.991028 ) (0 -203.505890 528.991089 ) 
3 328 337 (0 -203.506393 528.990295 ) (0 -190.059753 595 ) (0 -160 595 ) 
5 329 343 (0 0 570.250061 ) (0 0 448 ) (0 -208 448 ) (0 -191.499939 523 ) (0 -160 570.250061 ) 
4 329 330 (0 -208 448 ) (0 0 448 ) (24 0 448 ) (24 -208 448 ) 
4 330 359 (0 0 448 ) (0 0 88 ) (0 -208 88 ) (0 -208 448 ) 
4 331 375 (24 -1024 88 ) (24 -1024 448 ) (0 -1024 448 ) (0 -1024 88 ) 
4 331 374 (0 -256 88 ) (0 -1024 88 ) (0 -1024 448 ) (0 -256 448 ) 
4 331 332 (0 -1024 88 ) (0 -256 88 ) (24 -256 88 ) (24 -1024 88 ) 
4 332 375 (24 -1024 64 ) (24 -1024 88 ) (0 -1024 88 ) (0 -1024 64 ) 
4 332 374 (0 -256 64 ) (0 -1024 64 ) (0 -1024 88 ) (0 -256 88 ) 
4 332 333 (24 -256 64 ) (24 -1024 64 ) (0 -1024 64 ) (0 -256 64 ) 
4 333 375 (24 -1024 0 ) (24 -1024 64 ) (0 -1024 64 ) (0 -1024 0 ) 
4 333 374 (0 -256 0 ) (0 -1024 0 ) (0 -1024 64 ) (0 -256 64 ) 
4 333 334 (0 -1024 0 ) (0 -256 0 ) (24 -256 0 ) (24 -1024 0 ) 
4 334 375 (24 -1024 -2048 ) (24 -1024 0 ) (0 -1024 0 ) (0 -1024 -2048 ) 
4 334 374 (0 -256 -2048 ) (0 -1024 -2048 ) (0 -1024 0 ) (0 -256 0 ) 
4 334 366 (0 -208 -2048 ) (0 -256 -2048 ) (0 -256 0 ) (0 -208 0 ) 
4 334 362 (0 0 0 ) (0 0 -2048 ) (0 -208 -2048 ) (0 -208 0 ) 
4 335 377 (-1024 0 2048 ) (-1024 0 1262.828979 ) (-1024 -208 1262.828979 ) (-1024 -208 2048 ) 
4 335 363 (-1024 -208 2048 ) (-1024 -208 1262.828979 ) (0 -208 595.004761 ) (0 -208 2048 ) 
4 335 356 (-1024 -54.021240 1262.826660 ) (-1024 -28.738115 1262.826660 ) (-265.557800 -137.557800 768.191772 ) (-265.557800 -154.780182 768.191772 ) 
4 335 353 (-1024 -28.738115 1262.826660 ) (-1024 0 1262.826660 ) (-265.557800 0 768.191833 ) (-265.557800 -137.557800 768.191772 ) 
4 335 348 (-265.557800 0 768.191833 ) (-189.226273 0 718.410522 ) (-189.226303 -164.920807 718.410522 ) (-265.557800 -154.780182 768.191772 ) 
4 335 345 (-144 0 688.915466 ) (-132.555359 0 681.451355 ) (-132.555389 -103.020706 681.451355 ) (-144 -98.101166 688.915466 ) 
4 335 344 (-189.226273 0 718.410522 ) (-144 0 688.915466 ) (-144 -98.101166 688.915466 ) (-189.226288 -78.661232 718.410522 ) 
5 335 342 (-83.471161 0 649.440002 ) (-68.992752 0 639.997559 ) (-68.992920 -91.003510 639.997681 ) (-68.996567 -91 640 ) (-87.396530 -16 652 ) 
4 335 341 (0 -159.996307 595.002380 ) (0 -159.998428 595.002380 ) (-58.207088 -134.978638 632.963440 ) (-68.996567 -91 640 ) 
4 335 340 (-58.207088 -134.978638 632.963440 ) (-98.550545 -117.637375 659.274353 ) (-98.550529 -61.464607 659.274353 ) (-87.396530 -16 652 ) 
3 335 339 (-98.550507 0 659.274353 ) (-83.471161 0 649.440002 ) (-98.550529 -61.464607 659.274353 ) 
4 335 338 (-132.555359 0 681.451355 ) (-98.550507 0 659.274353 ) (-98.550545 -117.637375 659.274353 ) (-132.555389 -103.020706 681.451355 ) 
4 335 337 (0 -159.998428 595.002380 ) (0 -190.059509 595.002380 ) (-189.226303 -164.920807 718.410522 ) (-189.226288 -78.661232 718.410522 ) 
4 335 336 (0 -208 595.002380 ) (-1024 -208 1262.826660 ) (-1024 -54.021240 1262.826660 ) (0 -190.059509 595.002380 ) 
3 336 377 (-1024 -208 506.930939 ) (-1024 -208 1262.828979 ) (-1024 -54.020767 1262.828979 ) 
4 336 363 (-1024 -208 1262.828979 ) (-1024 -208 506.930969 ) (0 -208 506.930939 ) (0 -208 595.004761 ) 
4 336 358 (-311.506165 -197.325500 559.335510 ) (-318.182404 -203.507202 528.989075 ) (-331.502380 -203.507202 528.989014 ) (-331.500214 -203.505051 529 ) 
3 336 357 (-335.995117 -208 506.933594 ) (-346.043732 -208 506.933594 ) (-331.500214 -203.505051 529 ) 
5 336 356 (-1024 -54.021168 1262.828613 ) (-265.557434 -154.780273 768.193176 ) (-311.506165 -197.325500 559.335510 ) (-346.043732 -208 506.933594 ) (-1024 -208 506.933594 ) 
5 336 350 (-258.804871 -186.181396 614.042664 ) (-315.507263 -203.507202 528.989075 ) (-318.182404 -203.507202 528.989075 ) (-311.506195 -197.325500 559.335449 ) (-287.997375 -190.059662 595.003967 ) 
3 336 349 (-311.506195 -197.325500 559.335449 ) (-306.282654 -192.488892 583.078735 ) (-287.997375 -190.059662 595.003967 ) 
4 336 348 (-265.557434 -154.780273 768.193176 ) (-189.225555 -164.920959 718.411621 ) (-258.804871 -186.181396 614.042664 ) (-306.282654 -192.488892 583.078735 ) 
4 336 337 (-189.225555 -164.920959 718.411621 ) (0 -190.059570 595.003906 ) (0 -203.507172 528.989075 ) (-315.507263 -203.507202 528.989075 ) 
3 337 350 (-315.506378 -203.506287 528.990417 ) (-258.804840 -186.180817 614.042725 ) (-258.804840 -147.449066 614.042725 ) 
4 337 348 (-258.804840 -186.180817 614.042725 ) (-189.225189 -164.920364 718.412231 ) (-189.225189 -78.660080 718.412231 ) (-258.804840 -147.449066 614.042725 ) 
5 337 347 (-271.503510 -160.002060 594.998596 ) (-258.809448 -147.452240 614.039734 ) (-229.793488 -134.979919 632.963257 ) (-206.185516 -134.979935 632.963196 ) (-263.835480 -160.002060 594.998596 ) 
4 337 346 (-229.793488 -134.979919 632.963257 ) (-219 -130.340485 640.002380 ) (-187.953125 -127.066437 644.969910 ) (-206.185516 -134.979935 632.963196 ) 
4 337 345 (-219 -130.340485 640.002380 ) (-143.998260 -98.101410 688.916870 ) (-132.553192 -103.020897 681.452820 ) (-187.953125 -127.066437 644.969910 ) 
3 337 344 (-258.809448 -147.452240 614.039734 ) (-189.226990 -78.660515 718.413391 ) (-143.998260 -98.101410 688.916870 ) 
5 337 341 (-263.835480 -160.002060 594.998596 ) (-206.185516 -134.979950 632.963196 ) (-58.201321 -134.979919 632.963257 ) (0 -159.996887 595.006470 ) (0 -160.002029 594.998657 ) 
4 337 340 (-206.185516 -134.979950 632.963196 ) (-187.953125 -127.066437 644.969910 ) (-98.546600 -117.638115 659.274963 ) (-58.201321 -134.979919 632.963257 ) 
3 337 338 (-187.953125 -127.066437 644.969910 ) (-132.553192 -103.020897 681.452820 ) (-98.546600 -117.638115 659.274963 ) 
4 338 345 (-187.955780 -127.069916 644.969482 ) (-132.554581 -103.023834 681.453186 ) (-132.554581 0 681.453186 ) (-187.955780 0 644.969482 ) 
5 338 340 (-98.546875 -117.641602 659.275391 ) (-187.957031 -127.070313 644.969727 ) (-187.957031 -59.939278 644.969727 ) (-144.017838 -16 652 ) (-98.546875 -61.471165 659.275391 ) 
3 338 339 (-160.017899 0 649.440002 ) (-98.546875 0 659.275391 ) (-98.546875 -61.471165 659.275391 ) 
4 339 342 (-128.009506 0 649.440308 ) (-83.467972 0 649.440247 ) (-87.393150 -16 652 ) (-144.008759 -16 652 ) 
3 339 340 (-98.548080 -61.467541 659.275085 ) (-144.016479 -16 652 ) (-87.393150 -16 652 ) 
3 340 346 (-206.188400 -134.983521 632.962646 ) (-187.955780 -127.069916 644.969482 ) (-187.955780 -59.940819 644.969482 ) 
4 340 342 (-144.007904 -16 652 ) (-87.392868 -16 652 ) (-68.994865 -91 640 ) (-69.008385 -91 640 ) 
4 340 341 (-58.207031 -134.976563 632.963867 ) (-206.182617 -134.976563 632.963867 ) (-195.497437 -91 640 ) (-68.994865 -91 640 ) 
3 341 347 (-263.842926 -160.007629 594.994995 ) (-206.188400 -134.983521 632.962646 ) (-195.502014 -91 640 ) 
4 343 359 (0 -208 448 ) (-336 -208 448 ) (-336 0 448 ) (0 0 448 ) 
4 344 348 (-258.804840 -147.449066 614.042725 ) (-189.225189 -78.660080 718.412231 ) (-189.225189 0 718.412231 ) (-258.804840 0 614.042725 ) 
4 344 347 (-229.795959 -134.979248 632.963318 ) (-258.802734 -147.447632 614.045776 ) (-258.802734 -130.796448 614.045776 ) (-219.006409 -91 640 ) 
3 344 346 (-219.003571 -130.340210 640.001892 ) (-229.795959 -134.979248 632.963318 ) (-219.003571 -90.988350 640.001892 ) 
4 344 345 (-144 0 688.917480 ) (-144 -98.100403 688.917480 ) (-219.003571 -130.340210 640.001892 ) (-219.003571 0 640.001892 ) 
4 345 346 (-219 -130.339844 640.002930 ) (-219 -90.981796 640.002930 ) (-187.950684 -59.933624 644.970642 ) (-187.950684 -127.062500 644.970642 ) 
4 346 347 (-229.791016 -134.976563 632.964844 ) (-219.001526 -90.998405 640 ) (-195.498627 -90.998589 640 ) (-206.184021 -134.978104 632.964172 ) 
3 347 351 (-271.499939 -160 595 ) (-258.804840 -147.449066 614.042725 ) (-258.804840 -130.801117 614.042725 ) 
4 348 356 (-306.282501 -192.488556 583.078918 ) (-265.556641 -154.779297 768.195313 ) (-265.556641 -137.556992 768.195313 ) (-306.282501 -178.282623 583.078918 ) 
4 348 353 (-265.556641 -137.556992 768.195313 ) (-265.556641 0 768.195313 ) (-306.282471 0 583.078918 ) (-306.282501 -178.282623 583.078918 ) 
4 348 351 (-258.804688 -130.800751 614.042969 ) (-258.804688 -147.448929 614.042969 ) (-287.996368 -159.996368 595.005493 ) (-287.996368 -159.991562 595.005493 ) 
4 348 350 (-258.804688 -147.448929 614.042969 ) (-258.804688 -186.179688 614.042969 ) (-287.996368 -190.058563 595.005493 ) (-287.996368 -159.996368 595.005493 ) 
4 348 349 (-306.281921 -192.488281 583.080505 ) (-306.281921 0 583.080505 ) (-287.996368 0 595.005493 ) (-287.996368 -190.058563 595.005493 ) 
4 349 356 (-311.506042 -197.325195 559.335632 ) (-306.282501 -192.488556 583.078918 ) (-306.282501 -178.282623 583.078918 ) (-311.506042 -183.506134 559.335632 ) 
4 349 353 (-306.282501 -178.282623 583.078918 ) (-306.282471 0 583.078918 ) (-311.506012 0 559.335693 ) (-311.506042 -183.506134 559.335632 ) 
4 349 350 (-311.506866 -197.328125 559.332458 ) (-311.506866 -183.508118 559.332458 ) (-287.996094 -159.997406 595.003906 ) (-287.996094 -190.062500 595.003906 ) 
3 350 358 (-318.182220 -203.506866 528.989563 ) (-311.506042 -197.325195 559.335632 ) (-311.506042 -183.506027 559.335632 ) 
3 350 351 (-288 -160 595 ) (-258.807465 -147.451782 614.038696 ) (-271.499969 -160 595 ) 
4 352 359 (-348 -208 448 ) (-369.499969 -208 448 ) (-369.499939 0 448 ) (-348 0 448 ) 
3 352 355 (-369.500000 -208 448 ) (-348 -208 448 ) (-338.540131 -197.782562 494.439819 ) 
4 352 354 (-369.500000 0 448 ) (-369.500000 -207.998978 448 ) (-338.540100 -197.782242 494.439850 ) (-338.540100 0 494.439850 ) 
4 353 377 (-1024 0 1262.828979 ) (-1024 0 448 ) (-1024 -208 448 ) (-1024 -28.737581 1262.828979 ) 
4 353 360 (-384.886414 -208 448 ) (-1024 -208 448 ) (-1024 0 448 ) (-384.886414 0 448 ) 
5 353 356 (-1024 -208 448 ) (-384.886414 -208 448 ) (-311.503723 -183.504700 559.339172 ) (-265.555908 -137.556870 768.192993 ) (-1024 -28.736938 1262.829102 ) 
4 353 354 (-331.501068 -190.180771 528.995483 ) (-384.884552 -208 448 ) (-384.884552 0 448 ) (-331.501068 0 528.995483 ) 
4 354 359 (-369.499969 -208 448 ) (-384 -208 448 ) (-384 0 448 ) (-369.499939 0 448 ) 
4 354 360 (-384 -208 448 ) (-384.886414 -208 448 ) (-384.886414 0 448 ) (-384 0 448 ) 
4 354 357 (-384.886414 -208 448 ) (-369.500000 -208 448 ) (-338.540131 -197.782562 494.439819 ) (-331.500214 -190.179382 529 ) 
3 355 364 (-369.499939 -208 448 ) (-348 -208 448 ) (-338.540100 -208 494.439819 ) 
3 355 357 (-338.540100 -197.782257 494.439850 ) (-369.500000 -208 448 ) (-338.540070 -208 494.439911 ) 
4 356 377 (-1024 -208 448 ) (-1024 -208 506.930939 ) (-1024 -54.020767 1262.828979 ) (-1024 -28.737581 1262.828979 ) 
4 356 364 (-1024 -208 506.930969 ) (-1024 -208 448 ) (-384.886414 -208 448 ) (-346.045502 -208 506.930939 ) 
4 356 358 (-311.505859 -183.505707 559.336914 ) (-311.505859 -197.324722 559.336914 ) (-331.499908 -203.504242 529.001099 ) (-331.499908 -203.499268 529.001099 ) 
4 356 357 (-384.886993 -208 448 ) (-331.499908 -190.179581 529.001099 ) (-331.499908 -203.504242 529.001099 ) (-346.046143 -208 506.930969 ) 
5 357 364 (-384.886414 -208 448 ) (-369.499939 -208 448 ) (-338.540100 -208 494.439819 ) (-335.995636 -208 506.930939 ) (-346.045502 -208 506.930939 ) 
12 359 369 (-299.985931 -208 448 ) (-299.994080 -208 448 ) (-313.599640 -208 445.241089 ) (-325.107666 -208 435.982819 ) (-332.942871 -208 422.308289 ) (-336 -208 405.967865 ) (-336 -208 280 ) (-264 -208 280 ) (-264 -208 405.993927 ) (-266.772705 -208 422.315979 ) (-274.603485 -208 435.982635 ) (-286.113342 -208 445.242889 ) 
12 359 367 (-179.986099 -208 448 ) (-179.994080 -208 448 ) (-193.599640 -208 445.241089 ) (-205.107651 -208 435.982849 ) (-212.942871 -208 422.308289 ) (-216 -208 405.967865 ) (-216 -208 280 ) (-144 -208 280 ) (-144 -208 405.994080 ) (-146.772644 -208 422.315857 ) (-154.603531 -208 435.982635 ) (-166.113266 -208 445.242859 ) 
12 359 365 (-59.985401 -208 448 ) (-59.994011 -208 448 ) (-73.599991 -208 445.241089 ) (-85.107674 -208 435.983124 ) (-92.935860 -208 422.321167 ) (-96 -208 405.940063 ) (-96 -208 280 ) (-24 -208 280 ) (-24 -208 405.995880 ) (-26.771547 -208 422.313568 ) (-34.611851 -208 435.997681 ) (-46.099403 -208 445.240173 ) 
4 359 360 (-384 -208 88 ) (-384 -208 448 ) (-384 0 448 ) (-384 0 88 ) 
4 360 377 (-1024 0 448 ) (-1024 0 64 ) (-1024 -208 64 ) (-1024 -208 448 ) 
4 360 371 (-1024 -208 88 ) (-1024 -208 64 ) (-384 -208 64 ) (-384 -208 88 ) 
4 360 370 (-1024 -208 448 ) (-1024 -208 88 ) (-384 -208 88 ) (-384 -208 448 ) 
4 360 361 (-512 -208 64 ) (-1024 -208 64 ) (-1024 0 64 ) (-512 0 64 ) 
4 361 377 (-1024 0 64 ) (-1024 0 0 ) (-1024 -208 0 ) (-1024 -208 64 ) 
4 361 373 (-1024 -208 64 ) (-1024 -208 0 ) (-512 -208 0 ) (-512 -208 64 ) 
4 361 362 (-512 -208 0 ) (-1024 -208 0 ) (-1024 0 0 ) (-512 0 0 ) 
4 362 377 (-1024 0 0 ) (-1024 0 -2048 ) (-1024 -208 -2048 ) (-1024 -208 0 ) 
4 362 372 (-512 -208 -2048 ) (-264 -208 -2048 ) (-264 -208 0 ) (-512 -208 0 ) 
4 362 373 (-1024 -208 0 ) (-1024 -208 -2048 ) (-512 -208 -2048 ) (-512 -208 0 ) 
4 362 368 (-264 -208 -2048 ) (-144 -208 -2048 ) (-144 -208 0 ) (-264 -208 0 ) 
4 362 366 (-144 -208 -2048 ) (0 -208 -2048 ) (0 -208 0 ) (-144 -208 0 ) 
5 363 377 (-1024 -256 448 ) (-1024 -256 2048 ) (-1024 -208 2048 ) (-1024 -208 506.930908 ) (-1024 -220.004456 448 ) 
4 363 374 (0 -256 448 ) (0 -256 2048 ) (-1024 -256 2048 ) (-1024 -256 448 ) 
4 363 370 (-384 -256 448 ) (-1024 -256 448 ) (-1024 -220.004456 448 ) (-384 -220.004456 448 ) 
4 363 364 (-348 -220.003983 448 ) (-1024 -220.003983 448 ) (-1024 -208 506.928680 ) (-335.996094 -208 506.928680 ) 
3 364 377 (-1024 -208 506.930908 ) (-1024 -208 448 ) (-1024 -220.004456 448 ) 
4 364 370 (-1024 -220.004456 448 ) (-1024 -208 448 ) (-384 -208 448 ) (-384 -220.004456 448 ) 
12 365 374 (-59.988419 -256 448 ) (-60 -256 448 ) (-73.596901 -256 445.242889 ) (-85.107361 -256 435.982697 ) (-92.936607 -256 422.318909 ) (-96 -256 405.941772 ) (-96 -256 304 ) (-24 -256 304 ) (-24 -256 405.997681 ) (-26.771601 -256 422.315674 ) (-34.610275 -256 435.996948 ) (-46.097542 -256 445.239227 ) 
4 366 374 (0 -256 -2048 ) (0 -256 0 ) (-144 -256 0 ) (-144 -256 -2048 ) 
4 366 368 (-144 -256 -2048 ) (-144 -256 0 ) (-144 -208 0 ) (-144 -208 -2048 ) 
12 367 374 (-144 -256 304 ) (-144 -256 406 ) (-146.771698 -256 422.316223 ) (-154.602051 -256 435.982056 ) (-166.111603 -256 445.242126 ) (-179.988022 -256 448 ) (-180 -256 448 ) (-193.596664 -256 445.242920 ) (-205.108536 -256 435.981567 ) (-212.942810 -256 422.308624 ) (-216 -256 405.967957 ) (-216 -256 304 ) 
4 368 374 (-144 -256 -2048 ) (-144 -256 0 ) (-264 -256 0 ) (-264 -256 -2048 ) 
4 368 372 (-264 -256 -2048 ) (-264 -256 0 ) (-264 -208 0 ) (-264 -208 -2048 ) 
12 369 374 (-264 -256 304 ) (-264 -256 406 ) (-266.771729 -256 422.316284 ) (-274.601959 -256 435.981964 ) (-286.111694 -256 445.242157 ) (-299.988007 -256 448 ) (-300 -256 448 ) (-313.596649 -256 445.242920 ) (-325.108521 -256 435.981567 ) (-332.942810 -256 422.308624 ) (-336 -256 405.967896 ) (-336 -256 304 ) 
4 370 377 (-1024 -256 88 ) (-1024 -256 448 ) (-1024 -208 448 ) (-1024 -208 88 ) 
4 370 374 (-384 -256 448 ) (-1024 -256 448 ) (-1024 -256 88 ) (-384 -256 88 ) 
4 370 371 (-1024 -208 88 ) (-384 -208 88 ) (-384 -256 88 ) (-1024 -256 88 ) 
4 371 377 (-1024 -256 64 ) (-1024 -256 88 ) (-1024 -208 88 ) (-1024 -208 64 ) 
4 371 374 (-384 -256 88 ) (-1024 -256 88 ) (-1024 -256 64 ) (-384 -256 64 ) 
4 371 373 (-1024 -208 64 ) (-512 -208 64 ) (-512 -256 64 ) (-1024 -256 64 ) 
4 372 374 (-264 -256 -2048 ) (-264 -256 0 ) (-512 -256 0 ) (-512 -256 -2048 ) 
4 372 373 (-512 -208 -2048 ) (-512 -256 -2048 ) (-512 -256 0 ) (-512 -208 0 ) 
4 373 377 (-1024 -256 -2048 ) (-1024 -256 64 ) (-1024 -208 64 ) (-1024 -208 -2048 ) 
4 373 374 (-512 -256 64 ) (-1024 -256 64 ) (-1024 -256 -2048 ) (-512 -256 -2048 ) 
4 374 377 (-1024 -1024 -2048 ) (-1024 -1024 2048 ) (-1024 -256 2048 ) (-1024 -256 -2048 ) 
4 374 376 (0 -1024 -2048 ) (0 -1024 2048 ) (-1024 -1024 2048 ) (-1024 -1024 -2048 ) 
4 375 376 (0 -1536 -2048 ) (0 -1536 2048 ) (0 -1024 2048 ) (0 -1024 -2048 ) 
4 376 379 (-1024 -1536 -2048 ) (-1024 -1536 2048 ) (-1024 -1024 2048 ) (-1024 -1024 -2048 ) 
4 377 379 (-1024 -1024 -2048 ) (-1024 -1024 2048 ) (-2048 -1024 2048 ) (-2048 -1024 -2048 ) 
4 377 378 (-2048 0 2048 ) (-2048 0 -2048 ) (-2048 -1024 -2048 ) (-2048 -1024 2048 ) 
4 378 380 (-2048 -1024 -2048 ) (-2048 -1024 2048 ) (-2432 -1024 2048 ) (-2432 -1024 -2048 ) 
4 379 380 (-2048 -1024 2048 ) (-2048 -1024 -2048 ) (-2048 -1536 -2048 ) (-2048 -1536 2048 ) 
