PRT1
384
1155
4 0 2 (3072 2048 -1792 ) (3072 2048 1536 ) (2048 2048 1536 ) (2048 2048 -1792 ) 
4 0 1 (2048 2048 -1792 ) (2048 2048 1536 ) (2048 2304 1536 ) (2048 2304 -1792 ) 
4 1 101 (1024 2048 -1792 ) (1024 2048 1536 ) (1024 2304 1536 ) (1024 2304 -1792 ) 
4 1 3 (1024 2048 1536 ) (1024 2048 -1792 ) (2048 2048 -1792 ) (2048 2048 1536 ) 
4 2 4 (3072 1024 -1792 ) (3072 1024 1536 ) (2048 1024 1536 ) (2048 1024 -1792 ) 
4 2 3 (2048 2048 1536 ) (2048 2048 -1792 ) (2048 1024 -1792 ) (2048 1024 1536 ) 
4 3 106 (1024 1024 -1792 ) (1024 1024 -832 ) (1024 2048 -832 ) (1024 2048 -1792 ) 
4 3 103 (1024 1024 -832 ) (1024 1024 1536 ) (1024 2048 1536 ) (1024 2048 -832 ) 
4 3 49 (1024 1024 -304 ) (1024 1024 -1792 ) (1216 1024 -1792 ) (1216 1024 -304 ) 
4 3 46 (1024 1024 0 ) (1024 1024 -304 ) (1216 1024 -304 ) (1216 1024 0 ) 
4 3 32 (1024 1024 320 ) (1024 1024 0 ) (1152 1024 0 ) (1152 1024 320 ) 
4 3 27 (1152 1024 0 ) (1216 1024 0 ) (1216 1024 320 ) (1152 1024 320 ) 
4 3 23 (1024 1024 480 ) (1024 1024 320 ) (1216 1024 320 ) (1216 1024 480 ) 
4 3 22 (1024 1024 1536 ) (1024 1024 480 ) (1216 1024 480 ) (1216 1024 1536 ) 
4 3 19 (1216 1024 -1792 ) (1296 1024 -1792 ) (1296 1024 -304 ) (1216 1024 -304 ) 
4 3 18 (1296 1024 -1792 ) (1408 1024 -1792 ) (1408 1024 -304 ) (1296 1024 -304 ) 
4 3 16 (1408 1024 -64 ) (1408 1024 0 ) (1216 1024 0 ) (1216 1024 -64 ) 
4 3 17 (1408 1024 -304 ) (1408 1024 -64 ) (1216 1024 -64 ) (1216 1024 -304 ) 
4 3 13 (1408 1024 0 ) (1408 1024 480 ) (1216 1024 480 ) (1216 1024 0 ) 
4 3 12 (1408 1024 480 ) (1408 1024 1536 ) (1216 1024 1536 ) (1216 1024 480 ) 
4 3 10 (1472 1024 -64 ) (1472 1024 0 ) (1408 1024 0 ) (1408 1024 -64 ) 
4 3 11 (1408 1024 -1792 ) (1472 1024 -1792 ) (1472 1024 -64 ) (1408 1024 -64 ) 
4 3 7 (1472 1024 0 ) (1472 1024 480 ) (1408 1024 480 ) (1408 1024 0 ) 
4 3 6 (1472 1024 480 ) (1472 1024 1536 ) (1408 1024 1536 ) (1408 1024 480 ) 
4 3 5 (1472 1024 -1792 ) (2048 1024 -1792 ) (2048 1024 1536 ) (1472 1024 1536 ) 
4 4 52 (3072 0 -1792 ) (3072 0 1536 ) (2048 0 1536 ) (2048 0 -1792 ) 
4 4 5 (2048 1024 1536 ) (2048 1024 -1792 ) (2048 0 -1792 ) (2048 0 1536 ) 
4 5 53 (2048 0 -1792 ) (2048 0 1536 ) (1472 0 1536 ) (1472 0 -1792 ) 
4 5 10 (1472 256 0 ) (1472 1024 0 ) (1472 1024 -64 ) (1472 256 -64 ) 
4 5 11 (1472 0 -1792 ) (1472 0 -64 ) (1472 1024 -64 ) (1472 1024 -1792 ) 
7 5 9 (1472 0 96 ) (1472 0 416 ) (1472 37.034481 410.746918 ) (1472 67.724205 393.110413 ) (1472 88.609818 367.076385 ) (1472 96 335.993713 ) (1472 96 96 ) 
4 5 8 (1472 0 480 ) (1472 0 1536 ) (1472 96 1536 ) (1472 96 480 ) 
4 5 7 (1472 1024 480 ) (1472 1024 0 ) (1472 256 0 ) (1472 256 480 ) 
4 5 6 (1472 96 1536 ) (1472 1024 1536 ) (1472 1024 480 ) (1472 96 480 ) 
4 6 12 (1408 1024 1536 ) (1408 1024 480 ) (1408 96 480 ) (1408 96 1536 ) 
4 6 8 (1408 96 1536 ) (1408 96 480 ) (1472 96 480 ) (1472 96 1536 ) 
4 6 7 (1408 256 480 ) (1408 1024 480 ) (1472 1024 480 ) (1472 256 480 ) 
4 7 13 (1408 1024 480 ) (1408 1024 0 ) (1408 256 0 ) (1408 256 480 ) 
4 7 10 (1408 330.666656 0 ) (1408 1024 0 ) (1472 1024 0 ) (1472 256 0 ) 
4 8 54 (1472 0 480 ) (1472 0 1536 ) (1408 0 1536 ) (1408 0 480 ) 
4 8 12 (1408 0 480 ) (1408 0 1536 ) (1408 96 1536 ) (1408 96 480 ) 
4 9 55 (1472 0 96 ) (1472 0 416 ) (1408 0 416 ) (1408 0 96 ) 
7 9 14 (1408 0 96 ) (1408 0 416 ) (1408 37.032154 410.747253 ) (1408 67.725800 393.108490 ) (1408 88.609779 367.076477 ) (1408 96 335.993652 ) (1408 96 96 ) 
4 10 16 (1408 1024 0 ) (1408 1024 -64 ) (1408 330.666626 -64 ) (1408 330.666595 0 ) 
4 10 11 (1408 330.666595 -64 ) (1408 1024 -64 ) (1472 1024 -64 ) (1472 256 -64 ) 
4 11 59 (1472 0 -1792 ) (1472 0 -64 ) (1408 0 -64 ) (1408 0 -1792 ) 
4 11 18 (1408 1024 -304 ) (1408 1024 -1792 ) (1408 0 -1792 ) (1408 0 -304 ) 
4 11 17 (1408 1024 -64 ) (1408 1024 -304 ) (1408 0 -304 ) (1408 0 -64 ) 
4 12 60 (1408 0 480 ) (1408 0 1536 ) (1216 0 1536 ) (1216 0 480 ) 
4 12 44 (1216 0 480 ) (1216 0 1536 ) (1216 192 1536 ) (1216 192 480 ) 
4 12 43 (1216 192 1536 ) (1216 256 1536 ) (1216 256 480 ) (1216 192 480 ) 
4 12 39 (1216 256 1536 ) (1216 290.250000 1536 ) (1216 290.250000 480 ) (1216 256 480 ) 
4 12 35 (1216 290.250000 1536 ) (1216 480 1536 ) (1216 480 480 ) (1216 290.250000 480 ) 
4 12 22 (1216 480 1536 ) (1216 1024 1536 ) (1216 1024 480 ) (1216 480 480 ) 
4 12 15 (1216 0 480 ) (1216 192 480 ) (1392 192 480 ) (1392 0 480 ) 
4 12 13 (1216 256 480 ) (1216 1024 480 ) (1408 1024 480 ) (1408 256 480 ) 
4 13 37 (1216 415.812012 320 ) (1216 416 320 ) (1216 416 262.893372 ) (1216 415.812012 264 ) 
11 13 36 (1216 367.816040 320 ) (1216 386.330048 316.322388 ) (1216 401.675415 303.977478 ) (1216 412.117065 285.753876 ) (1216 416 262.893372 ) (1216 416 128 ) (1216 320 128 ) (1216 320 265 ) (1216 323.882080 285.751923 ) (1216 334.326874 303.979309 ) (1216 349.667053 316.320038 ) 
11 13 31 (1216 480 128 ) (1216 480 266 ) (1216 483.695587 285.758575 ) (1216 494.130341 303.968445 ) (1216 509.485626 316.321350 ) (1216 527.629089 320 ) (1216 546.135803 316.323425 ) (1216 561.488770 303.971649 ) (1216 571.930664 285.752441 ) (1216 575.624023 264 ) (1216 575.624023 128 ) 
4 13 30 (1216 575.624023 320 ) (1216 576 320 ) (1216 576 128 ) (1216 575.624023 128 ) 
11 13 29 (1216 640 128 ) (1216 640 265.998718 ) (1216 643.696899 285.757416 ) (1216 654.133789 303.971191 ) (1216 669.487244 316.322632 ) (1216 687.624084 320 ) (1216 706.143005 316.321594 ) (1216 721.487122 303.974457 ) (1216 731.930542 285.753113 ) (1216 735.624023 264 ) (1216 735.624023 128 ) 
4 13 28 (1216 735.624023 320 ) (1216 736 320 ) (1216 736 128 ) (1216 735.624023 128 ) 
4 13 27 (1216 1024 320 ) (1216 1024 0 ) (1216 896 0 ) (1216 896 320 ) 
4 13 23 (1216 896 480 ) (1216 1024 480 ) (1216 1024 320 ) (1216 896 320 ) 
4 13 16 (1216 554.666626 0 ) (1216 1024 0 ) (1408 1024 0 ) (1408 330.666626 0 ) 
4 14 61 (1408 0 32 ) (1408 0 480 ) (1392 0 480 ) (1392 0 32 ) 
7 14 15 (1392 192 287.984772 ) (1392 192 32 ) (1392 0 32 ) (1392 0 480 ) (1392 74.066742 467.391388 ) (1392 135.447342 425.063995 ) (1392 177.219696 362.582489 ) 
4 15 62 (1392 0 480 ) (1216 0 480 ) (1216 0 32 ) (1392 0 32 ) 
4 15 44 (1216 0 32 ) (1216 0 480 ) (1216 192 480 ) (1216 192 32 ) 
4 16 47 (1216 554.666626 0 ) (1216 704 0 ) (1216 704 -64 ) (1216 554.666626 -64 ) 
4 16 46 (1216 704 0 ) (1216 1024 0 ) (1216 1024 -64 ) (1216 704 -64 ) 
4 16 17 (1216 554.666626 -64 ) (1216 1024 -64 ) (1408 1024 -64 ) (1408 330.666626 -64 ) 
4 17 65 (1408 0 -304 ) (1408 0 -64 ) (1216 0 -64 ) (1216 0 -304 ) 
4 17 48 (1216 0 -304 ) (1216 0 -64 ) (1216 704 -64 ) (1216 704 -304 ) 
4 17 46 (1216 704 -64 ) (1216 1024 -64 ) (1216 1024 -304 ) (1216 704 -304 ) 
4 17 19 (1216 104 -304 ) (1216 1024 -304 ) (1296 1024 -304 ) (1296 104 -304 ) 
4 17 21 (1216 0 -304 ) (1216 24 -304 ) (1296 24 -304 ) (1296 0 -304 ) 
4 17 18 (1296 1024 -304 ) (1408 1024 -304 ) (1408 0 -304 ) (1296 0 -304 ) 
4 18 65 (1408 0 -1792 ) (1408 0 -304 ) (1296 0 -304 ) (1296 0 -1792 ) 
4 18 20 (1296 104 -1792 ) (1296 24 -1792 ) (1296 24 -320 ) (1296 104 -320 ) 
4 18 19 (1296 1024 -1792 ) (1296 104 -1792 ) (1296 104 -304 ) (1296 1024 -304 ) 
4 18 21 (1296 24 -1792 ) (1296 0 -1792 ) (1296 0 -304 ) (1296 24 -304 ) 
4 19 49 (1216 104 -304 ) (1216 1024 -304 ) (1216 1024 -1792 ) (1216 104 -1792 ) 
4 19 20 (1216 104 -1792 ) (1296 104 -1792 ) (1296 104 -320 ) (1216 104 -320 ) 
4 20 50 (1216 104 -320 ) (1216 104 -1792 ) (1216 24 -1792 ) (1216 24 -320 ) 
4 20 21 (1216 24 -1792 ) (1296 24 -1792 ) (1296 24 -320 ) (1216 24 -320 ) 
4 21 65 (1296 0 -304 ) (1216 0 -304 ) (1216 0 -1792 ) (1296 0 -1792 ) 
4 21 51 (1216 0 -1792 ) (1216 0 -304 ) (1216 24 -304 ) (1216 24 -1792 ) 
4 22 110 (1024 1024 1536 ) (1024 1024 480 ) (1024 480 480 ) (1024 480 1536 ) 
4 22 38 (1024 480 1536 ) (1024 480 480 ) (1152 480 480 ) (1152 480 1536 ) 
4 22 35 (1152 480 480 ) (1216 480 480 ) (1216 480 1536 ) (1152 480 1536 ) 
4 22 26 (1152 480 480 ) (1024 480 480 ) (1024 736 480 ) (1152 736 480 ) 
4 22 25 (1024 736 480 ) (1024 800 480 ) (1152 800 480 ) (1152 736 480 ) 
4 22 23 (1024 896 480 ) (1024 1024 480 ) (1216 1024 480 ) (1216 896 480 ) 
4 23 111 (1024 1024 480 ) (1024 1024 320 ) (1024 896 320 ) (1024 896 480 ) 
4 23 32 (1024 896 320 ) (1024 1024 320 ) (1152 1024 320 ) (1152 896 320 ) 
4 23 27 (1152 1024 320 ) (1216 1024 320 ) (1216 896 320 ) (1152 896 320 ) 
4 24 113 (1024 832 320 ) (1024 800 320 ) (1024 800 441.643585 ) (1024 832 441.643585 ) 
4 24 33 (1024 800 320 ) (1024 832 320 ) (1131.052124 832 320 ) (1131.047729 800 320 ) 
5 24 25 (1024 800 320 ) (1131.047852 800 320 ) (1130.296875 800 323.440765 ) (1074.604858 800 406.746582 ) (1024 800 441.643585 ) 
4 25 115 (1024 800 320 ) (1024 736 320 ) (1024 736 480 ) (1024 800 480 ) 
4 25 34 (1024 736 320 ) (1024 800 320 ) (1152 800 320 ) (1152 736 320 ) 
4 25 26 (1024 736 320 ) (1152 736 320 ) (1152 736 480 ) (1024 736 480 ) 
4 26 116 (1024 704 320 ) (1024 480 320 ) (1024 480 480 ) (1024 704 480 ) 
4 26 115 (1024 736 320 ) (1024 704 320 ) (1024 704 480 ) (1024 736 480 ) 
4 26 38 (1024 480 480 ) (1024 480 320 ) (1152 480 320 ) (1152 480 480 ) 
4 26 34 (1152 480 320 ) (1024 480 320 ) (1024 736 320 ) (1152 736 320 ) 
4 27 46 (1152 1024 0 ) (1216 1024 0 ) (1216 896 0 ) (1152 896 0 ) 
4 27 32 (1152 1024 0 ) (1152 896 0 ) (1152 896 320 ) (1152 1024 320 ) 
4 28 34 (1152 735.624023 320 ) (1152 736 320 ) (1152 736 96 ) (1152 735.624023 96 ) 
4 28 29 (1152 735.624023 264 ) (1152 735.624023 96 ) (1216 735.624023 128 ) (1216 735.624023 264 ) 
11 29 34 (1152 640 96 ) (1152 640 265.998779 ) (1152 643.696838 285.757019 ) (1152 654.134033 303.971375 ) (1152 669.484314 316.320221 ) (1152 687.629089 320 ) (1152 706.143066 316.321594 ) (1152 721.487671 303.974091 ) (1152 731.930420 285.753784 ) (1152 735.624023 264 ) (1152 735.624023 96 ) 
4 30 34 (1152 575.624023 320 ) (1152 576 320 ) (1152 576 96 ) (1152 575.624023 96 ) 
4 30 31 (1152 575.624023 264 ) (1152 575.624023 96 ) (1216 575.624023 128 ) (1216 575.624023 264 ) 
11 31 34 (1152 480 96 ) (1152 480 266 ) (1152 483.693787 285.748932 ) (1152 494.138092 303.975433 ) (1152 509.483002 316.320007 ) (1152 527.630981 320 ) (1152 546.131226 316.324738 ) (1152 561.495605 303.963715 ) (1152 571.929688 285.758057 ) (1152 575.624023 264 ) (1152 575.624023 96 ) 
4 32 111 (1024 1024 320 ) (1024 1024 0 ) (1024 896 0 ) (1024 896 320 ) 
4 32 46 (1024 1024 0 ) (1152 1024 0 ) (1152 896 0 ) (1024 896 0 ) 
4 33 113 (1024 832 0 ) (1024 800 0 ) (1024 800 320 ) (1024 832 320 ) 
4 33 46 (1152 832 0 ) (1152 800 0 ) (1024 800 0 ) (1024 832 0 ) 
5 33 34 (1024 800 0 ) (1152 800 0 ) (1152 800 224 ) (1131.047729 800 320 ) (1024 800 320 ) 
4 34 116 (1024 704 0 ) (1024 480 0 ) (1024 480 320 ) (1024 704 320 ) 
4 34 115 (1024 800 0 ) (1024 704 0 ) (1024 704 320 ) (1024 800 320 ) 
3 34 47 (1152 704 0 ) (1152 629.333313 0 ) (1088 704 0 ) 
4 34 46 (1152 800 0 ) (1152 704 0 ) (1024 704 0 ) (1024 800 0 ) 
4 34 38 (1024 480 320 ) (1024 480 0 ) (1152 480 0 ) (1152 480 320 ) 
4 35 39 (1216 290.250000 480 ) (1216 290.250000 1536 ) (1152 290.250000 1536 ) (1152 290.250000 480 ) 
4 35 38 (1152 480 1536 ) (1152 480 480 ) (1152 290.250000 480 ) (1152 290.250000 1536 ) 
11 36 38 (1152 367.820007 320 ) (1152 386.331024 316.322174 ) (1152 401.674194 303.979034 ) (1152 412.118530 285.750732 ) (1152 416 262.899017 ) (1152 416 96 ) (1152 320 96 ) (1152 320 265 ) (1152 323.881866 285.750824 ) (1152 334.326019 303.977051 ) (1152 349.666962 316.318390 ) 
4 36 37 (1216 416 262.890778 ) (1152 416 262.896515 ) (1152 415.812012 264.003265 ) (1216 415.812012 263.997528 ) 
4 37 38 (1152 415.812012 320 ) (1152 416 320 ) (1152 416 262.899017 ) (1152 415.812012 264.005768 ) 
4 38 116 (1024 480 480 ) (1024 480 0 ) (1024 290.250000 0 ) (1024 290.250000 480 ) 
4 38 110 (1024 480 1536 ) (1024 480 480 ) (1024 290.250000 480 ) (1024 290.250000 1536 ) 
6 38 40 (1024 290.250000 443.022003 ) (1024 290.250000 0 ) (1152 290.250000 0 ) (1152 290.250000 224 ) (1132.299805 290.250000 323.442200 ) (1076.610962 290.250000 406.741333 ) 
4 38 39 (1024 290.250000 1536 ) (1024 290.250000 480 ) (1152 290.250000 480 ) (1152 290.250000 1536 ) 
4 39 110 (1024 290.250000 1536 ) (1024 290.250000 480 ) (1024 256 480 ) (1024 256 1536 ) 
4 39 45 (1152 256 1536 ) (1024 256 1536 ) (1024 256 480 ) (1152 256 480 ) 
4 39 43 (1216 256 480 ) (1216 256 1536 ) (1152 256 1536 ) (1152 256 480 ) 
4 39 42 (1152 256 480 ) (1024 256 480 ) (1024 256.250000 480 ) (1152 256.250000 480 ) 
4 40 128 (1024 290.250000 443.022003 ) (1024 290.250000 0 ) (1024 256.250000 0 ) (1024 256.250000 443.022003 ) 
6 40 41 (1024 256.250000 0 ) (1152 256.250000 0 ) (1152 256.250000 224 ) (1132.300415 256.250000 323.439209 ) (1076.617065 256.250000 406.730286 ) (1024 256.250000 443.015167 ) 
4 41 129 (1024 256.250000 0 ) (1024 256 0 ) (1024 256 443.022003 ) (1024 256.250000 443.022003 ) 
4 41 45 (1152 256 32 ) (1152 256 354.752960 ) (1024 256 443.022003 ) (1024 256 32 ) 
4 41 42 (1024 256.250000 443.021423 ) (1024 256 443.021423 ) (1152 256 354.752380 ) (1152 256.250000 354.752380 ) 
4 42 129 (1024 256.250000 443.022003 ) (1024 256 443.022003 ) (1024 256 480 ) (1024 256.250000 480 ) 
4 42 45 (1152 256 480 ) (1024 256 480 ) (1024 256 443.022003 ) (1152 256 354.752960 ) 
4 43 45 (1152 256 1536 ) (1152 256 480 ) (1152 192 480 ) (1152 192 1536 ) 
4 43 44 (1152 192 1536 ) (1152 192 480 ) (1216 192 480 ) (1216 192 1536 ) 
4 44 66 (1216 0 32 ) (1216 0 1536 ) (1152 0 1536 ) (1152 0 32 ) 
4 44 45 (1152 0 32 ) (1152 0 1536 ) (1152 192 1536 ) (1152 192 32 ) 
4 45 130 (1024 0 32 ) (1024 0 480 ) (1024 256 480 ) (1024 256 32 ) 
4 45 110 (1024 0 480 ) (1024 0 1536 ) (1024 256 1536 ) (1024 256 480 ) 
4 45 66 (1024 0 1536 ) (1024 0 32 ) (1152 0 32 ) (1152 0 1536 ) 
4 46 117 (1024 800 -64 ) (1024 800 -304 ) (1024 704 -304 ) (1024 704 -64 ) 
4 46 115 (1024 704 0 ) (1024 800 0 ) (1024 800 -64 ) (1024 704 -64 ) 
4 46 113 (1024 800 0 ) (1024 832 0 ) (1024 832 -304 ) (1024 800 -304 ) 
4 46 112 (1024 832 0 ) (1024 896 0 ) (1024 896 -304 ) (1024 832 -304 ) 
4 46 111 (1024 896 0 ) (1024 1024 0 ) (1024 1024 -304 ) (1024 896 -304 ) 
4 46 49 (1024 1024 -304 ) (1216 1024 -304 ) (1216 704 -304 ) (1024 704 -304 ) 
4 46 47 (1216 704 -64 ) (1216 704 0 ) (1088 704 0 ) (1088 704 -64 ) 
4 46 48 (1024 704 -304 ) (1216 704 -304 ) (1216 704 -64 ) (1024 704 -64 ) 
3 47 48 (1088 704 -64 ) (1216 704 -64 ) (1216 554.666687 -64 ) 
4 48 133 (1024 0 -304 ) (1024 0 -64 ) (1024 290.250000 -64 ) (1024 290.250000 -304 ) 
4 48 117 (1024 290.250000 -64 ) (1024 704 -64 ) (1024 704 -304 ) (1024 290.250000 -304 ) 
4 48 95 (1216 0 -304 ) (1216 0 -64 ) (1024 0 -64 ) (1024 0 -304 ) 
4 48 49 (1216 704 -304 ) (1216 104 -304 ) (1024 104 -304 ) (1024 704 -304 ) 
4 48 51 (1216 24 -304 ) (1216 0 -304 ) (1024 0 -304 ) (1024 24 -304 ) 
4 49 137 (1024 290.250000 -320 ) (1024 290.250000 -1792 ) (1024 104 -1792 ) (1024 104 -320 ) 
4 49 134 (1024 104 -304 ) (1024 290.250000 -304 ) (1024 290.250000 -320 ) (1024 104 -320 ) 
4 49 117 (1024 290.250000 -304 ) (1024 800 -304 ) (1024 800 -1792 ) (1024 290.250000 -1792 ) 
4 49 113 (1024 800 -304 ) (1024 832 -304 ) (1024 832 -1792 ) (1024 800 -1792 ) 
4 49 112 (1024 832 -304 ) (1024 896 -304 ) (1024 896 -1792 ) (1024 832 -1792 ) 
4 49 111 (1024 896 -304 ) (1024 1024 -304 ) (1024 1024 -1792 ) (1024 896 -1792 ) 
4 49 50 (1024 104 -1792 ) (1216 104 -1792 ) (1216 104 -320 ) (1024 104 -320 ) 
4 50 137 (1024 104 -320 ) (1024 104 -1792 ) (1024 24 -1792 ) (1024 24 -320 ) 
4 50 51 (1024 24 -1792 ) (1216 24 -1792 ) (1216 24 -320 ) (1024 24 -320 ) 
4 51 137 (1024 0 -1792 ) (1024 0 -320 ) (1024 24 -320 ) (1024 24 -1792 ) 
4 51 135 (1024 0 -320 ) (1024 0 -304 ) (1024 24 -304 ) (1024 24 -320 ) 
4 51 95 (1216 0 -1792 ) (1216 0 -304 ) (1024 0 -304 ) (1024 0 -1792 ) 
4 52 97 (3072 -1024 -1792 ) (3072 -1024 1536 ) (2048 -1024 1536 ) (2048 -1024 -1792 ) 
4 52 53 (2048 -1024 -1792 ) (2048 -1024 1536 ) (2048 0 1536 ) (2048 0 -1792 ) 
4 53 98 (2048 -1024 -1792 ) (2048 -1024 1536 ) (1472 -1024 1536 ) (1472 -1024 -1792 ) 
4 53 58 (1472 -320 -64 ) (1472 -1024 -64 ) (1472 -1024 0 ) (1472 -320 0 ) 
4 53 59 (1472 0 -64 ) (1472 0 -1792 ) (1472 -1024 -1792 ) (1472 -1024 -64 ) 
4 53 57 (1472 -256 0 ) (1472 -1024 0 ) (1472 -1024 480 ) (1472 -256 480 ) 
4 53 56 (1472 -1024 480 ) (1472 -1024 1536 ) (1472 -96 1536 ) (1472 -96 480 ) 
7 53 55 (1472 0 416.001038 ) (1472 0 96 ) (1472 -96 96 ) (1472 -96 336.002808 ) (1472 -87.864082 367.071655 ) (1472 -66.975594 393.109131 ) (1472 -36.284000 410.746857 ) 
4 53 54 (1472 0 1536 ) (1472 0 480 ) (1472 -96 480 ) (1472 -96 1536 ) 
4 54 60 (1408 0 1536 ) (1408 0 480 ) (1408 -96 480 ) (1408 -96 1536 ) 
4 54 56 (1408 -96 1536 ) (1408 -96 480 ) (1472 -96 480 ) (1472 -96 1536 ) 
7 55 61 (1408 0 416 ) (1408 0 96 ) (1408 -96 96 ) (1408 -96 335.995819 ) (1408 -87.861160 367.075806 ) (1408 -66.975319 393.109985 ) (1408 -36.288937 410.744720 ) 
4 56 98 (1472 -1024 480 ) (1472 -1024 1536 ) (1408 -1024 1536 ) (1408 -1024 480 ) 
4 56 60 (1408 -1024 480 ) (1408 -1024 1536 ) (1408 -96 1536 ) (1408 -96 480 ) 
4 56 57 (1408 -1024 480 ) (1408 -256 480 ) (1472 -256 480 ) (1472 -1024 480 ) 
4 57 98 (1472 -1024 0 ) (1472 -1024 480 ) (1408 -1024 480 ) (1408 -1024 0 ) 
4 57 63 (1408 -1024 0 ) (1408 -1024 480 ) (1408 -256 480 ) (1408 -256 0 ) 
4 57 58 (1408 -1024 0 ) (1408 -384 0 ) (1472 -320 0 ) (1472 -1024 0 ) 
4 58 98 (1472 -1024 -64 ) (1472 -1024 0 ) (1408 -1024 0 ) (1408 -1024 -64 ) 
4 58 64 (1408 -1024 -64 ) (1408 -1024 0 ) (1408 -384 0 ) (1408 -384 -64 ) 
4 58 59 (1408 -1024 -64 ) (1408 -384 -64 ) (1472 -320 -64 ) (1472 -1024 -64 ) 
4 59 98 (1472 -1024 -1792 ) (1472 -1024 -64 ) (1408 -1024 -64 ) (1408 -1024 -1792 ) 
4 59 65 (1408 -1024 -1792 ) (1408 -1024 -64 ) (1408 0 -64 ) (1408 0 -1792 ) 
4 60 98 (1408 -1024 480 ) (1408 -1024 1536 ) (1216 -1024 1536 ) (1216 -1024 480 ) 
4 60 82 (1216 -416 480 ) (1216 -1024 480 ) (1216 -1024 1536 ) (1216 -416 1536 ) 
4 60 78 (1216 -320 480 ) (1216 -416 480 ) (1216 -416 1536 ) (1216 -320 1536 ) 
4 60 76 (1216 -289.750000 480 ) (1216 -320 480 ) (1216 -320 1536 ) (1216 -289.750000 1536 ) 
4 60 72 (1216 -256 480 ) (1216 -289.750000 480 ) (1216 -289.750000 1536 ) (1216 -256 1536 ) 
4 60 71 (1216 -192 480 ) (1216 -256 480 ) (1216 -256 1536 ) (1216 -192 1536 ) 
4 60 66 (1216 0 1536 ) (1216 0 480 ) (1216 -192 480 ) (1216 -192 1536 ) 
4 60 63 (1216 -1024 480 ) (1216 -256 480 ) (1408 -256 480 ) (1408 -1024 480 ) 
4 60 62 (1216 -192 480 ) (1216 0 480 ) (1392 0 480 ) (1392 -192 480 ) 
7 61 62 (1392 -192 32 ) (1392 -192 287.990845 ) (1392 -175.721939 362.580627 ) (1392 -133.947937 425.064117 ) (1392 -72.576393 467.384552 ) (1392 0 479.995514 ) (1392 0 32 ) 
4 62 66 (1216 0 480 ) (1216 0 32 ) (1216 -192 32 ) (1216 -192 480 ) 
4 63 98 (1408 -1024 0 ) (1408 -1024 480 ) (1216 -1024 480 ) (1216 -1024 0 ) 
4 63 88 (1216 -896 0 ) (1216 -1024 0 ) (1216 -1024 320 ) (1216 -896 320 ) 
4 63 87 (1216 -640.187988 320 ) (1216 -640 320 ) (1216 -640 262.892853 ) (1216 -640.187988 264 ) 
11 63 86 (1216 -688.184021 320 ) (1216 -669.669922 316.322357 ) (1216 -654.324646 303.977539 ) (1216 -643.883057 285.754028 ) (1216 -640 262.892853 ) (1216 -640 128 ) (1216 -736 128 ) (1216 -736 265.004944 ) (1216 -732.119385 285.749237 ) (1216 -721.673035 303.979401 ) (1216 -706.333008 316.320007 ) 
11 63 85 (1216 -576 128 ) (1216 -576 266 ) (1216 -572.304565 285.758270 ) (1216 -561.869690 303.968414 ) (1216 -546.514343 316.321350 ) (1216 -528.370972 320 ) (1216 -509.865570 316.323700 ) (1216 -494.511139 303.971497 ) (1216 -484.069366 285.752380 ) (1216 -480.376038 264 ) (1216 -480.376038 128 ) 
4 63 84 (1216 -480.376038 320 ) (1216 -480 320 ) (1216 -480 128 ) (1216 -480.376038 128 ) 
4 63 83 (1216 -1024 320 ) (1216 -1024 480 ) (1216 -896 480 ) (1216 -896 320 ) 
4 63 80 (1216 -320.376038 320 ) (1216 -320 320 ) (1216 -320 261.785461 ) (1216 -320.376038 264 ) 
11 63 79 (1216 -416 128 ) (1216 -416 265.998901 ) (1216 -412.303162 285.757202 ) (1216 -401.866150 303.971252 ) (1216 -386.512726 316.322632 ) (1216 -368.375031 320 ) (1216 -349.858276 316.321838 ) (1216 -334.512848 303.974457 ) (1216 -324.069519 285.753113 ) (1216 -320 261.785461 ) (1216 -320 128 ) 
4 63 64 (1216 -1024 0 ) (1216 -576 0 ) (1408 -384 0 ) (1408 -1024 0 ) 
4 64 98 (1408 -1024 -64 ) (1408 -1024 0 ) (1216 -1024 0 ) (1216 -1024 -64 ) 
4 64 94 (1216 -576 -64 ) (1216 -704 -64 ) (1216 -704 0 ) (1216 -576 0 ) 
4 64 96 (1216 -704 -64 ) (1216 -1024 -64 ) (1216 -1024 0 ) (1216 -704 0 ) 
4 64 65 (1216 -1024 -64 ) (1216 -576 -64 ) (1408 -384 -64 ) (1408 -1024 -64 ) 
4 65 98 (1408 -1024 -1792 ) (1408 -1024 -64 ) (1216 -1024 -64 ) (1216 -1024 -1792 ) 
4 65 95 (1216 0 -64 ) (1216 0 -1792 ) (1216 -704 -1792 ) (1216 -704 -64 ) 
4 65 96 (1216 -704 -1792 ) (1216 -1024 -1792 ) (1216 -1024 -64 ) (1216 -704 -64 ) 
4 66 240 (1024 0 480 ) (1024 0 32 ) (1024 -192 32 ) (1024 -192 480 ) 
4 66 239 (1024 0 1536 ) (1024 0 480 ) (1024 -192 480 ) (1024 -192 1536 ) 
5 66 73 (1152 -192 1536 ) (1024 -192 1536 ) (1024 -192 485.440552 ) (1076.615723 -192 406.738098 ) (1152 -192 354.752960 ) 
4 66 71 (1216 -192 480 ) (1216 -192 1536 ) (1152 -192 1536 ) (1152 -192 480 ) 
3 66 69 (1024 -192 485.440552 ) (1024 -192 443.021973 ) (1076.615723 -192 406.738098 ) 
4 66 67 (1152 -192 354.752960 ) (1024 -192 443.021973 ) (1024 -192 32 ) (1152 -192 32 ) 
4 67 240 (1024 -255.750000 443.022003 ) (1024 -192 443.021973 ) (1024 -192 32 ) (1024 -255.750000 32 ) 
4 67 73 (1152 -255.750000 354.752502 ) (1152 -192 354.752594 ) (1076.615967 -192 406.737549 ) (1076.611450 -255.750000 406.740540 ) 
4 67 69 (1076.615967 -192 406.737549 ) (1024 -192 443.021667 ) (1024 -255.750000 443.021545 ) (1076.611450 -255.750000 406.740540 ) 
6 67 68 (1024 -255.750000 32 ) (1152 -255.750000 32 ) (1152 -255.750000 224 ) (1132.299927 -255.750000 323.442078 ) (1076.619507 -255.750000 406.728607 ) (1024 -255.750000 443.015167 ) 
4 68 241 (1024 -289.750000 32 ) (1024 -289.750000 443.022034 ) (1024 -255.750000 443.022003 ) (1024 -255.750000 32 ) 
6 68 77 (1076.608643 -289.750000 406.742920 ) (1024 -289.750000 443.021973 ) (1024 -289.750000 32 ) (1152 -289.750000 32 ) (1152 -289.750000 224 ) (1132.300415 -289.750000 323.439331 ) 
4 68 75 (1152 -289.750000 32 ) (1024 -289.750000 32 ) (1024 -256 32 ) (1152 -256 32 ) 
4 69 240 (1024 -192 480 ) (1024 -192 443.021973 ) (1024 -255.750000 443.022003 ) (1024 -255.750000 480 ) 
4 69 239 (1024 -255.750000 485.436737 ) (1024 -192 485.440552 ) (1024 -192 480 ) (1024 -255.750000 480 ) 
4 69 73 (1076.612305 -255.750000 406.739319 ) (1076.616943 -192 406.736145 ) (1024 -192 485.440430 ) (1024 -255.750000 485.436768 ) 
3 69 70 (1027.630981 -255.750000 480 ) (1024 -255.750000 485.431244 ) (1024 -255.750000 480 ) 
4 70 239 (1024 -289.750000 480 ) (1024 -289.750000 485.434692 ) (1024 -255.750000 485.436737 ) (1024 -255.750000 480 ) 
3 70 77 (1024 -289.750000 485.434814 ) (1024 -289.750000 480 ) (1027.633423 -289.750000 480 ) 
4 70 74 (1024 -289.750000 485.434814 ) (1027.633423 -289.750000 480 ) (1027.634644 -255.750000 480 ) (1024 -255.750000 485.436768 ) 
4 71 74 (1152 -255.750000 480 ) (1152 -256 480 ) (1152 -256 1536 ) (1152 -255.750000 1536 ) 
4 71 73 (1152 -192 1536 ) (1152 -192 480 ) (1152 -255.750000 480 ) (1152 -255.750000 1536 ) 
4 71 72 (1152 -256 1536 ) (1152 -256 480 ) (1216 -256 480 ) (1216 -256 1536 ) 
4 72 76 (1216 -289.750000 480 ) (1216 -289.750000 1536 ) (1152 -289.750000 1536 ) (1152 -289.750000 480 ) 
4 72 74 (1152 -289.750000 480 ) (1152 -289.750000 1536 ) (1152 -256 1536 ) (1152 -256 480 ) 
4 73 239 (1024 -255.750000 1536 ) (1024 -192 1536 ) (1024 -192 485.440552 ) (1024 -255.750000 485.436737 ) 
5 73 74 (1024 -255.750000 485.425293 ) (1027.627075 -255.750000 480 ) (1152 -255.750000 480 ) (1152 -255.750000 1536 ) (1024 -255.750000 1536 ) 
4 74 239 (1024 -289.750000 485.434692 ) (1024 -289.750000 1536 ) (1024 -255.750000 1536 ) (1024 -255.750000 485.436737 ) 
5 74 77 (1152 -289.750000 1536 ) (1024 -289.750000 1536 ) (1024 -289.750000 485.434814 ) (1027.633423 -289.750000 480 ) (1152 -289.750000 480 ) 
4 75 242 (1024 -256 0 ) (1024 -289.750000 0 ) (1024 -289.750000 32 ) (1024 -256 32 ) 
4 75 77 (1024 -289.750000 0 ) (1152 -289.750000 0 ) (1152 -289.750000 32 ) (1024 -289.750000 32 ) 
4 76 78 (1216 -320 480 ) (1216 -320 1536 ) (1152 -320 1536 ) (1152 -320 480 ) 
4 76 77 (1152 -289.750000 1536 ) (1152 -289.750000 480 ) (1152 -320 480 ) (1152 -320 1536 ) 
4 77 244 (1024 -289.750000 0 ) (1024 -320 0 ) (1024 -320 480 ) (1024 -289.750000 480 ) 
4 77 239 (1024 -320 480 ) (1024 -320 1536 ) (1024 -289.750000 1536 ) (1024 -289.750000 480 ) 
4 77 81 (1024 -320 0 ) (1152 -320 0 ) (1152 -320 1536 ) (1024 -320 1536 ) 
4 78 82 (1216 -416 480 ) (1216 -416 1536 ) (1152 -416 1536 ) (1152 -416 480 ) 
4 78 81 (1152 -320 1536 ) (1152 -320 480 ) (1152 -416 480 ) (1152 -416 1536 ) 
11 79 81 (1152 -320 261.785461 ) (1152 -320 96 ) (1152 -416 96 ) (1152 -416 265.998901 ) (1152 -412.303223 285.756836 ) (1152 -401.865906 303.971405 ) (1152 -386.515686 316.320221 ) (1152 -368.370911 320 ) (1152 -349.858276 316.321838 ) (1152 -334.512268 303.973969 ) (1152 -324.069641 285.753906 ) 
4 79 80 (1216 -320 261.781250 ) (1152 -320 261.781250 ) (1152 -320.376038 263.996033 ) (1216 -320.376038 263.996033 ) 
4 80 81 (1152 -320 320 ) (1152 -320 261.785461 ) (1152 -320.376038 264 ) (1152 -320.376038 320 ) 
4 81 244 (1024 -320 480 ) (1024 -320 0 ) (1024 -416 0 ) (1024 -416 480 ) 
4 81 239 (1024 -320 1536 ) (1024 -320 480 ) (1024 -416 480 ) (1024 -416 1536 ) 
4 81 90 (1024 -416 480 ) (1024 -416 0 ) (1152 -416 0 ) (1152 -416 480 ) 
4 81 89 (1024 -416 1536 ) (1024 -416 480 ) (1152 -416 480 ) (1152 -416 1536 ) 
4 82 98 (1216 -1024 480 ) (1216 -1024 1536 ) (1152 -1024 1536 ) (1152 -1024 480 ) 
4 82 92 (1152 -832 480 ) (1152 -1024 480 ) (1152 -1024 1536 ) (1152 -832 1536 ) 
4 82 89 (1152 -416 1536 ) (1152 -416 480 ) (1152 -832 480 ) (1152 -832 1536 ) 
4 82 83 (1152 -1024 480 ) (1152 -896 480 ) (1216 -896 480 ) (1216 -1024 480 ) 
4 83 98 (1216 -1024 320 ) (1216 -1024 480 ) (1152 -1024 480 ) (1152 -1024 320 ) 
4 83 93 (1152 -896 320 ) (1152 -1024 320 ) (1152 -1024 480 ) (1152 -896 480 ) 
4 83 88 (1152 -1024 320 ) (1152 -896 320 ) (1216 -896 320 ) (1216 -1024 320 ) 
4 84 90 (1152 -480.376038 320 ) (1152 -480 320 ) (1152 -480 96 ) (1152 -480.376038 96 ) 
4 84 85 (1152 -480.376038 96 ) (1216 -480.376038 128 ) (1216 -480.376038 264 ) (1152 -480.376038 264 ) 
11 85 90 (1152 -576 96 ) (1152 -576 266 ) (1152 -572.306274 285.748688 ) (1152 -561.861877 303.975433 ) (1152 -546.516541 316.320313 ) (1152 -528.370117 320 ) (1152 -509.869843 316.324738 ) (1152 -494.504364 303.963623 ) (1152 -484.070374 285.758118 ) (1152 -480.376038 264 ) (1152 -480.376038 96 ) 
11 86 90 (1152 -688.179993 320 ) (1152 -669.669006 316.322205 ) (1152 -654.325806 303.979034 ) (1152 -643.882935 285.753326 ) (1152 -640 262.892853 ) (1152 -640 96 ) (1152 -736 96 ) (1152 -736 265 ) (1152 -732.118103 285.750793 ) (1152 -721.673950 303.977112 ) (1152 -706.333130 316.318359 ) 
4 86 87 (1216 -640 262.891357 ) (1152 -640 262.891357 ) (1152 -640.187988 263.998138 ) (1216 -640.187988 263.998138 ) 
4 87 90 (1152 -640.187988 320 ) (1152 -640 320 ) (1152 -640 262.892853 ) (1152 -640.187988 264 ) 
4 88 98 (1152 -1024 0 ) (1216 -1024 0 ) (1216 -1024 320 ) (1152 -1024 320 ) 
4 88 96 (1216 -896 0 ) (1216 -1024 0 ) (1152 -1024 0 ) (1152 -896 0 ) 
4 88 93 (1152 -896 0 ) (1152 -1024 0 ) (1152 -1024 320 ) (1152 -896 320 ) 
4 89 239 (1024 -416 1536 ) (1024 -416 480 ) (1024 -832 480 ) (1024 -832 1536 ) 
4 89 92 (1024 -832 1536 ) (1024 -832 480 ) (1152 -832 480 ) (1152 -832 1536 ) 
4 89 90 (1024 -800 480 ) (1024 -416 480 ) (1152 -416 480 ) (1152 -800 480 ) 
4 90 244 (1024 -416 480 ) (1024 -416 0 ) (1024 -704 0 ) (1024 -704 480 ) 
4 90 246 (1024 -704 0 ) (1024 -800 0 ) (1024 -800 480 ) (1024 -704 480 ) 
3 90 94 (1152 -640 0 ) (1152 -704 0 ) (1088 -704 0 ) 
4 90 96 (1024 -800 0 ) (1024 -704 0 ) (1152 -704 0 ) (1152 -800 0 ) 
6 90 91 (1024 -800 0 ) (1152 -800 0 ) (1152 -800 224 ) (1132.300171 -800 323.440674 ) (1076.608521 -800 406.744171 ) (1024 -800 443.022278 ) 
4 91 257 (1024 -800 0 ) (1024 -832 0 ) (1024 -832 443.025970 ) (1024 -800 443.022278 ) 
4 91 96 (1024 -832 0 ) (1024 -800 0 ) (1152 -800 0 ) (1152 -832 0 ) 
4 92 239 (1024 -1024 480 ) (1024 -1024 1536 ) (1024 -832 1536 ) (1024 -832 480 ) 
4 92 98 (1024 -1024 1536 ) (1024 -1024 480 ) (1152 -1024 480 ) (1152 -1024 1536 ) 
4 92 93 (1024 -1024 480 ) (1024 -896 480 ) (1152 -896 480 ) (1152 -1024 480 ) 
4 93 259 (1024 -1024 0 ) (1024 -1024 480 ) (1024 -896 480 ) (1024 -896 0 ) 
4 93 98 (1024 -1024 480 ) (1024 -1024 0 ) (1152 -1024 0 ) (1152 -1024 480 ) 
4 93 96 (1024 -1024 0 ) (1024 -896 0 ) (1152 -896 0 ) (1152 -1024 0 ) 
3 94 95 (1216 -704 -64 ) (1088 -704 -64 ) (1216 -576 -64 ) 
4 94 96 (1216 -704 -64 ) (1216 -704 0 ) (1088 -704 0 ) (1088 -704 -64 ) 
4 95 256 (1024 -432 -1792 ) (1024 -704 -1792 ) (1024 -704 -424 ) (1024 -432 -424 ) 
4 95 252 (1024 -704 -424 ) (1024 -704 -304 ) (1024 -432 -304 ) (1024 -432 -424 ) 
4 95 251 (1024 0 -320 ) (1024 0 -1792 ) (1024 -432 -1792 ) (1024 -432 -320 ) 
4 95 249 (1024 -192 -320 ) (1024 -432 -320 ) (1024 -432 -304 ) (1024 -192 -304 ) 
4 95 247 (1024 0 -304 ) (1024 0 -320 ) (1024 -192 -320 ) (1024 -192 -304 ) 
4 95 245 (1024 -289.750000 -304 ) (1024 -704 -304 ) (1024 -704 -64 ) (1024 -289.750000 -64 ) 
4 95 243 (1024 0 -64 ) (1024 0 -304 ) (1024 -289.750000 -304 ) (1024 -289.750000 -64 ) 
4 95 96 (1024 -704 -1792 ) (1216 -704 -1792 ) (1216 -704 -64 ) (1024 -704 -64 ) 
4 96 258 (1024 -896 0 ) (1024 -832 0 ) (1024 -832 -1792 ) (1024 -896 -1792 ) 
4 96 259 (1024 -1024 -1792 ) (1024 -1024 0 ) (1024 -896 0 ) (1024 -896 -1792 ) 
4 96 257 (1024 -832 0 ) (1024 -800 0 ) (1024 -800 -1792 ) (1024 -832 -1792 ) 
4 96 256 (1024 -704 -424 ) (1024 -704 -1792 ) (1024 -800 -1792 ) (1024 -800 -424 ) 
4 96 252 (1024 -704 -304 ) (1024 -704 -424 ) (1024 -800 -424 ) (1024 -800 -304 ) 
4 96 246 (1024 -800 0 ) (1024 -704 0 ) (1024 -704 -304 ) (1024 -800 -304 ) 
4 96 98 (1024 -1024 0 ) (1024 -1024 -1792 ) (1216 -1024 -1792 ) (1216 -1024 0 ) 
4 97 99 (3072 -2048 -1792 ) (3072 -2048 1536 ) (2048 -2048 1536 ) (2048 -2048 -1792 ) 
4 97 98 (2048 -1024 1536 ) (2048 -1024 -1792 ) (2048 -2048 -1792 ) (2048 -2048 1536 ) 
4 98 366 (1024 -2048 -1792 ) (1024 -2048 -832 ) (1024 -1024 -832 ) (1024 -1024 -1792 ) 
4 98 363 (1024 -2048 -832 ) (1024 -2048 1536 ) (1024 -1024 1536 ) (1024 -1024 -832 ) 
4 98 100 (1024 -2048 1536 ) (1024 -2048 -1792 ) (2048 -2048 -1792 ) (2048 -2048 1536 ) 
4 99 100 (2048 -2048 1536 ) (2048 -2048 -1792 ) (2048 -2304 -1792 ) (2048 -2304 1536 ) 
4 100 370 (1024 -2304 -1792 ) (1024 -2304 1536 ) (1024 -2048 1536 ) (1024 -2048 -1792 ) 
4 101 106 (1024 2048 -1792 ) (1024 2048 -832 ) (0 2048 -832 ) (0 2048 -1792 ) 
4 101 104 (512 2048 1536 ) (0 2048 1536 ) (0 2048 -832 ) (512 2048 -832 ) 
4 101 103 (1024 2048 -832 ) (1024 2048 1536 ) (512 2048 1536 ) (512 2048 -832 ) 
4 101 102 (0 2048 -1792 ) (0 2048 1536 ) (0 2304 1536 ) (0 2304 -1792 ) 
4 102 227 (-1024 2048 -1792 ) (-1024 2048 1536 ) (-1024 2304 1536 ) (-1024 2304 -1792 ) 
4 102 109 (0 2048 -1792 ) (0 2048 -832 ) (-1024 2048 -832 ) (-1024 2048 -1792 ) 
4 102 107 (0 2048 -832 ) (0 2048 1536 ) (-1024 2048 1536 ) (-1024 2048 -832 ) 
4 103 139 (512 1024 32 ) (512 1024 -832 ) (576 1024 -832 ) (576 1024 32 ) 
4 103 138 (576 1024 1536 ) (512 1024 1536 ) (512 1024 32 ) (576 1024 32 ) 
4 103 111 (1024 1024 -832 ) (1024 1024 480 ) (576 1024 480 ) (576 1024 -832 ) 
4 103 110 (1024 1024 480 ) (1024 1024 1536 ) (576 1024 1536 ) (576 1024 480 ) 
4 103 106 (1024 1024 -832 ) (512 1024 -832 ) (512 2048 -832 ) (1024 2048 -832 ) 
4 103 105 (512 1024 0 ) (512 1024 1536 ) (512 1536 1536 ) (512 1536 0 ) 
4 103 104 (512 2048 -832 ) (512 1536 -832 ) (512 1536 1536 ) (512 2048 1536 ) 
4 104 107 (0 1536 1536 ) (0 2048 1536 ) (0 2048 -832 ) (0 1536 -832 ) 
4 104 106 (0 1536 -832 ) (0 2048 -832 ) (512 2048 -832 ) (512 1536 -832 ) 
4 104 105 (512 1536 0 ) (512 1536 1536 ) (0 1536 1536 ) (0 1536 0 ) 
4 105 150 (0 1024 32 ) (0 1024 0 ) (448 1024 0 ) (448 1024 32 ) 
4 105 146 (448 1024 0 ) (512 1024 0 ) (512 1024 32 ) (448 1024 32 ) 
4 105 138 (512 1024 1536 ) (0 1024 1536 ) (0 1024 32 ) (512 1024 32 ) 
4 105 108 (0 1024 0 ) (0 1024 1536 ) (0 1536 1536 ) (0 1536 0 ) 
4 106 152 (576 1024 -832 ) (0 1024 -832 ) (0 1024 -1792 ) (576 1024 -1792 ) 
4 106 111 (1024 1024 -1792 ) (1024 1024 -832 ) (576 1024 -832 ) (576 1024 -1792 ) 
4 106 109 (0 1024 -1792 ) (0 1024 -832 ) (0 2048 -832 ) (0 2048 -1792 ) 
4 107 229 (-1024 1536 1536 ) (-1024 2048 1536 ) (-1024 2048 -832 ) (-1024 1536 -832 ) 
4 107 109 (-1024 2048 -832 ) (0 2048 -832 ) (0 1536 -832 ) (-1024 1536 -832 ) 
4 107 108 (0 1536 0 ) (0 1536 1536 ) (-1024 1536 1536 ) (-1024 1536 0 ) 
4 108 230 (-1024 1024 0 ) (-1024 1024 1536 ) (-1024 1536 1536 ) (-1024 1536 0 ) 
4 108 224 (-288 1024 0 ) (-256 1024 0 ) (-256 1024 16 ) (-288 1024 16 ) 
4 108 225 (-1024 1024 16 ) (-1024 1024 0 ) (-288 1024 0 ) (-288 1024 16 ) 
4 108 223 (-1024 1024 1536 ) (-1024 1024 16 ) (-256 1024 16 ) (-256 1024 1536 ) 
4 108 220 (-256 1024 0 ) (-192 1024 0 ) (-192 1024 704 ) (-256 1024 704 ) 
4 108 218 (-192 1024 704 ) (-192 1024 872 ) (-256 1024 872 ) (-256 1024 704 ) 
4 108 217 (-192 1024 872 ) (-192 1024 1536 ) (-256 1024 1536 ) (-256 1024 872 ) 
4 108 189 (-192 1024 0 ) (0 1024 0 ) (0 1024 872 ) (-192 1024 872 ) 
4 108 188 (0 1024 872 ) (0 1024 1536 ) (-192 1024 1536 ) (-192 1024 872 ) 
4 109 232 (-1024 1024 -1792 ) (-1024 1024 -832 ) (-1024 2048 -832 ) (-1024 2048 -1792 ) 
4 109 226 (-1024 1024 -832 ) (-1024 1024 -1792 ) (0 1024 -1792 ) (0 1024 -832 ) 
4 110 260 (640 0 1536 ) (576 0 1536 ) (576 0 480 ) (640 0 480 ) 
4 110 239 (1024 0 480 ) (1024 0 1536 ) (640 0 1536 ) (640 0 480 ) 
4 110 157 (576 0 480 ) (576 0 1536 ) (576 256 1536 ) (576 256 480 ) 
4 110 153 (576 256 1536 ) (576 320 1536 ) (576 320 480 ) (576 256 480 ) 
4 110 138 (576 320 1536 ) (576 1024 1536 ) (576 1024 480 ) (576 320 480 ) 
4 110 132 (606 0 480 ) (576 0 480 ) (576 256 480 ) (606 256 480 ) 
4 110 130 (1024 0 480 ) (640 0 480 ) (640 256 480 ) (1024 256 480 ) 
4 110 129 (640 256 480 ) (640 256.250000 480 ) (1024 256.250000 480 ) (1024 256 480 ) 
4 110 116 (1024 704 480 ) (1024 290.250000 480 ) (640 290.250000 480 ) (640 704 480 ) 
4 110 115 (640 800 480 ) (1024 800 480 ) (1024 704 480 ) (640 704 480 ) 
4 110 111 (576 896 480 ) (576 1024 480 ) (1024 1024 480 ) (1024 896 480 ) 
4 111 152 (576 1024 -832 ) (576 1024 -1792 ) (576 896 -1792 ) (576 896 -832 ) 
4 111 139 (576 1024 32 ) (576 1024 -832 ) (576 896 -832 ) (576 896 32 ) 
4 111 138 (576 896 480 ) (576 1024 480 ) (576 1024 32 ) (576 896 32 ) 
4 111 112 (576 896 -1792 ) (1024 896 -1792 ) (1024 896 0 ) (576 896 0 ) 
4 112 152 (576 832 -1792 ) (576 832 -832 ) (576 896 -832 ) (576 896 -1792 ) 
4 112 139 (576 832 -832 ) (576 832 0 ) (576 896 0 ) (576 896 -832 ) 
4 112 114 (640 832 0 ) (576 832 0 ) (576 832 -1792 ) (640 832 -1792 ) 
4 112 113 (1024 832 -1792 ) (1024 832 0 ) (640 832 0 ) (640 832 -1792 ) 
4 113 117 (640 800 -64 ) (640 800 -1792 ) (1024 800 -1792 ) (1024 800 -64 ) 
9 113 115 (895.982300 800 479.997009 ) (797.242371 800 463.187378 ) (715.387817 800 406.740295 ) (659.700439 800 323.443176 ) (640 800 224 ) (640 800 -64 ) (1024 800 -64 ) (1024 800 441.643555 ) (992.770508 800 463.179321 ) 
4 113 114 (640 832 0 ) (640 832 -1792 ) (640 800 -1792 ) (640 800 0 ) 
4 114 152 (576 800 -1792 ) (576 800 -832 ) (576 832 -832 ) (576 832 -1792 ) 
4 114 139 (576 800 -832 ) (576 800 0 ) (576 832 0 ) (576 832 -832 ) 
4 114 120 (576 800 0 ) (576 800 -1792 ) (640 800 -1792 ) (640 800 0 ) 
4 115 120 (640 800 0 ) (640 800 -64 ) (640 704 -64 ) (640 704 0 ) 
7 115 118 (640 736 96 ) (640 704 96 ) (640 704 316.791443 ) (640 706.333069 316.318359 ) (640 721.673889 303.977142 ) (640 732.118103 285.750793 ) (640 736 265 ) 
4 115 117 (640 704 -64 ) (640 800 -64 ) (1024 800 -64 ) (1024 704 -64 ) 
4 115 116 (640 704 480 ) (640 704 0 ) (1024 704 0 ) (1024 704 480 ) 
9 116 128 (1024 290.250000 0 ) (1024 290.250000 443.022003 ) (994.756470 290.250000 463.188385 ) (896.017700 290.250000 479.996979 ) (799.228577 290.250000 463.179047 ) (717.396973 290.250000 406.748993 ) (661.700256 290.250000 323.439880 ) (640 290.250000 224 ) (640 290.250000 0 ) 
4 116 126 (640 320 320 ) (640 320.376038 320 ) (640 320.376038 264 ) (640 320 261.785461 ) 
11 116 125 (640 386.515747 316.320190 ) (640 401.865875 303.971436 ) (640 412.303223 285.756805 ) (640 416 265.998871 ) (640 416 96 ) (640 320 96 ) (640 320 261.785461 ) (640 324.069641 285.753815 ) (640 334.512329 303.974030 ) (640 349.858276 316.321838 ) (640 368.370911 320 ) 
11 116 122 (640 528.367065 320 ) (640 546.516968 316.320007 ) (640 561.861877 303.975525 ) (640 572.306335 285.748688 ) (640 576 266 ) (640 576 96 ) (640 480.376038 96 ) (640 480.376038 264 ) (640 484.070343 285.758026 ) (640 494.504303 303.963562 ) (640 509.870300 316.325043 ) 
4 116 123 (640 480 320 ) (640 480.376038 320 ) (640 480.376038 96 ) (640 480 96 ) 
4 116 119 (640 640 320 ) (640 640.187988 320 ) (640 640.187988 264 ) (640 640 262.892853 ) 
8 116 118 (640 704 316.791443 ) (640 704 96 ) (640 640 96 ) (640 640 262.892853 ) (640 643.882935 285.753326 ) (640 654.325745 303.979065 ) (640 669.669006 316.322174 ) (640 688.179932 320 ) 
4 117 137 (1024 290.250000 -1792 ) (1024 290.250000 -320 ) (640 290.250000 -320 ) (640 290.250000 -1792 ) 
4 117 134 (1024 290.250000 -320 ) (1024 290.250000 -304 ) (640 290.250000 -304 ) (640 290.250000 -320 ) 
4 117 133 (1024 290.250000 -304 ) (1024 290.250000 -64 ) (640 290.250000 -64 ) (640 290.250000 -304 ) 
4 117 127 (640 416 -1792 ) (640 290.250000 -1792 ) (640 290.250000 -64 ) (640 416 -64 ) 
4 117 124 (640 576 -1792 ) (640 416 -1792 ) (640 416 -64 ) (640 576 -64 ) 
4 117 121 (640 704 -1792 ) (640 576 -1792 ) (640 576 -64 ) (640 704 -64 ) 
4 117 120 (640 800 -64 ) (640 800 -1792 ) (640 704 -1792 ) (640 704 -64 ) 
11 118 138 (576 688.184021 320 ) (576 706.333008 316.320007 ) (576 721.673035 303.979431 ) (576 732.119324 285.749359 ) (576 736 265.004639 ) (576 736 128 ) (576 640 128 ) (576 640 262.892853 ) (576 643.883057 285.754120 ) (576 654.324585 303.977509 ) (576 669.669922 316.322357 ) 
4 118 119 (576 640 262.894531 ) (640 640 262.894531 ) (640 640.187988 264.001251 ) (576 640.187988 264.001251 ) 
4 119 138 (576 640 320 ) (576 640.187988 320 ) (576 640.187988 264 ) (576 640 262.892853 ) 
4 120 152 (576 800 -832 ) (576 800 -1792 ) (576 704 -1792 ) (576 704 -832 ) 
4 120 140 (576 704 0 ) (576 744 0 ) (576 744 -80 ) (576 704 -80 ) 
4 120 141 (576 744 -96 ) (576 744 -832 ) (576 704 -832 ) (576 704 -96 ) 
4 120 139 (576 744 0 ) (576 800 0 ) (576 800 -832 ) (576 744 -832 ) 
4 120 121 (576 704 -1792 ) (640 704 -1792 ) (640 704 -64 ) (576 704 -64 ) 
4 121 152 (576 576 -1792 ) (576 576 -832 ) (576 704 -832 ) (576 704 -1792 ) 
4 121 142 (576 576 -125.629662 ) (576 576 -64 ) (576 664 -64 ) (576 664 -80 ) 
4 121 143 (576 576 -832 ) (576 576 -208 ) (576 664 -208 ) (576 664 -832 ) 
4 121 140 (576 664 -64 ) (576 704 -64 ) (576 704 -80 ) (576 664 -80 ) 
4 121 141 (576 704 -96 ) (576 704 -832 ) (576 664 -832 ) (576 664 -96 ) 
4 121 124 (640 576 -1792 ) (640 576 -64 ) (576 576 -64 ) (576 576 -1792 ) 
11 122 138 (576 528.371033 320 ) (576 546.514282 316.321381 ) (576 561.869690 303.968353 ) (576 572.304565 285.758301 ) (576 576 266 ) (576 576 128 ) (576 480.376038 128 ) (576 480.376038 264 ) (576 484.069397 285.752441 ) (576 494.511169 303.971527 ) (576 509.865570 316.323700 ) 
4 122 123 (576 480.376038 127.998047 ) (640 480.376038 95.998047 ) (640 480.376038 264 ) (576 480.376038 264 ) 
4 123 138 (576 480 320 ) (576 480.376038 320 ) (576 480.376038 128 ) (576 480 128 ) 
4 124 152 (576 416 -1792 ) (576 416 -832 ) (576 576 -832 ) (576 576 -1792 ) 
4 124 144 (576 416 -208.592621 ) (576 416 -64 ) (576 448 -64 ) (576 448 -192 ) 
4 124 145 (576 416 -832 ) (576 416 -320 ) (576 448 -320 ) (576 448 -832 ) 
4 124 142 (576 448 -64 ) (576 576 -64 ) (576 576 -125.629662 ) (576 448 -192 ) 
4 124 143 (576 576 -208 ) (576 576 -832 ) (576 448 -832 ) (576 448 -208 ) 
4 124 127 (640 416 -1792 ) (640 416 -64 ) (576 416 -64 ) (576 416 -1792 ) 
11 125 138 (576 368.375031 320 ) (576 386.512695 316.322632 ) (576 401.866150 303.971222 ) (576 412.303162 285.757172 ) (576 416 265.998871 ) (576 416 128 ) (576 320 128 ) (576 320 261.785461 ) (576 324.069519 285.753113 ) (576 334.512848 303.974457 ) (576 349.858276 316.321838 ) 
4 125 126 (576 320 261.783173 ) (640 320 261.783173 ) (640 320.376038 263.997864 ) (576 320.376038 263.997864 ) 
4 126 138 (576 320 320 ) (576 320.376038 320 ) (576 320.376038 264 ) (576 320 261.785461 ) 
4 127 179 (576 290.250000 -1792 ) (576 290.250000 -320 ) (576 320 -320 ) (576 320 -1792 ) 
4 127 174 (576 290.250000 -273.796295 ) (576 290.250000 -64 ) (576 320 -64 ) (576 320 -258.370361 ) 
4 127 152 (576 416 -832 ) (576 416 -1792 ) (576 320 -1792 ) (576 320 -832 ) 
4 127 144 (576 320 -64 ) (576 416 -64 ) (576 416 -208.592621 ) (576 320 -258.370392 ) 
4 127 145 (576 416 -320 ) (576 416 -832 ) (576 320 -832 ) (576 320 -320 ) 
4 127 137 (576 290.250000 -320 ) (576 290.250000 -1792 ) (640 290.250000 -1792 ) (640 290.250000 -320 ) 
4 127 134 (576 290.250000 -304 ) (576 290.250000 -320 ) (640 290.250000 -320 ) (640 290.250000 -304 ) 
4 127 133 (576 290.250000 -64 ) (576 290.250000 -304 ) (640 290.250000 -304 ) (640 290.250000 -64 ) 
9 128 129 (640 256.250000 224.022156 ) (640 256.250000 0 ) (1024 256.250000 0 ) (1024 256.250000 443.022003 ) (994.756470 256.250000 463.188385 ) (896 256.250000 480 ) (799.241821 256.250000 463.187408 ) (717.396667 256.250000 406.747986 ) (661.692810 256.250000 323.428284 ) 
4 129 130 (640 256 480 ) (640 256 32 ) (1024 256 32 ) (1024 256 480 ) 
4 130 240 (1024 0 32 ) (1024 0 480 ) (640 0 480 ) (640 0 32 ) 
7 130 131 (640 0 32 ) (640 0 480 ) (640 98.756302 463.188416 ) (640 180.600525 406.750702 ) (640 236.296448 323.443817 ) (640 256 224 ) (640 256 32 ) 
4 131 261 (640 0 480 ) (606 0 480 ) (606 0 32 ) (640 0 32 ) 
7 131 132 (606 256 224 ) (606 256 32 ) (606 0 32 ) (606 0 480 ) (606 98.756691 463.188354 ) (606 180.600891 406.750671 ) (606 236.296310 323.444489 ) 
4 132 262 (606 0 480 ) (576 0 480 ) (576 0 32 ) (606 0 32 ) 
4 132 157 (576 0 32 ) (576 0 480 ) (576 256 480 ) (576 256 32 ) 
4 133 267 (640 0 -64 ) (576 0 -64 ) (576 0 -304 ) (640 0 -304 ) 
4 133 243 (1024 0 -304 ) (1024 0 -64 ) (640 0 -64 ) (640 0 -304 ) 
4 133 177 (576 24 -64 ) (576 104 -64 ) (576 104 -304 ) (576 24 -304 ) 
4 133 178 (576 0 -304 ) (576 0 -64 ) (576 24 -64 ) (576 24 -304 ) 
4 133 174 (576 232 -64 ) (576 290.250000 -64 ) (576 290.250000 -273.796295 ) (576 232 -304 ) 
4 133 175 (576 104 -64 ) (576 232 -64 ) (576 232 -304 ) (576 104 -304 ) 
4 133 135 (896 24 -304 ) (1024 24 -304 ) (1024 0 -304 ) (896 0 -304 ) 
4 133 136 (576 0 -304 ) (576 24 -304 ) (816 24 -304 ) (816 0 -304 ) 
4 133 134 (576 104 -304 ) (576 290.250000 -304 ) (1024 290.250000 -304 ) (1024 104 -304 ) 
4 134 175 (576 104 -304 ) (576 232 -304 ) (576 232 -320 ) (576 104 -320 ) 
4 134 137 (576 104 -320 ) (576 290.250000 -320 ) (1024 290.250000 -320 ) (1024 104 -320 ) 
4 135 247 (1024 0 -320 ) (1024 0 -304 ) (896 0 -304 ) (896 0 -320 ) 
4 135 137 (1024 0 -320 ) (896 0 -320 ) (896 24 -320 ) (1024 24 -320 ) 
4 136 267 (640 0 -304 ) (576 0 -304 ) (576 0 -320 ) (640 0 -320 ) 
4 136 248 (816 0 -304 ) (640 0 -304 ) (640 0 -320 ) (816 0 -320 ) 
4 136 178 (576 0 -320 ) (576 0 -304 ) (576 24 -304 ) (576 24 -320 ) 
4 136 137 (816 0 -320 ) (576 0 -320 ) (576 24 -320 ) (816 24 -320 ) 
4 137 269 (576 0 -832 ) (576 0 -1792 ) (640 0 -1792 ) (640 0 -832 ) 
4 137 267 (640 0 -320 ) (576 0 -320 ) (576 0 -832 ) (640 0 -832 ) 
4 137 251 (1024 0 -1792 ) (1024 0 -320 ) (640 0 -320 ) (640 0 -1792 ) 
4 137 179 (576 0 -1792 ) (576 0 -320 ) (576 290.250000 -320 ) (576 290.250000 -1792 ) 
4 138 189 (0 1024 872 ) (0 1024 32 ) (0 320 32 ) (0 320 872 ) 
4 138 188 (0 1024 1536 ) (0 1024 872 ) (0 320 872 ) (0 320 1536 ) 
4 138 184 (0 320 480 ) (0 320 32 ) (64 320 32 ) (64 320 480 ) 
4 138 182 (0 320 872 ) (0 320 480 ) (64 320 480 ) (64 320 872 ) 
4 138 181 (0 320 1536 ) (0 320 872 ) (64 320 872 ) (64 320 1536 ) 
10 138 160 (160 320 262.892883 ) (160 320 128 ) (248 320 128 ) (248 320 292.938812 ) (241.674881 320 303.976288 ) (226.329361 320 316.321899 ) (208.187958 320 320 ) (189.670044 320 316.321991 ) (174.325241 320 303.976196 ) (163.881760 320 285.751617 ) 
5 138 159 (252.119308 320 285.750488 ) (248 320 292.938782 ) (248 320 128 ) (256 320 128 ) (256 320 265.004852 ) 
4 138 158 (320 320 480 ) (320 320 1536 ) (64 320 1536 ) (64 320 480 ) 
11 138 156 (323.881714 320 285.751526 ) (320 320 262.893127 ) (320 320 128 ) (416 320 128 ) (416 320 265.004852 ) (412.119324 320 285.750458 ) (401.674805 320 303.976318 ) (386.329315 320 316.321930 ) (368.187927 320 320 ) (349.670074 320 316.322052 ) (334.325256 320 303.976196 ) 
4 138 155 (480 320 480 ) (480 320 1536 ) (320 320 1536 ) (320 320 480 ) 
11 138 154 (576 320 128 ) (576 320 264 ) (571.932251 320 285.750610 ) (561.487793 320 303.976379 ) (546.142700 320 316.321625 ) (528.004761 320 320 ) (509.479858 320 316.319458 ) (494.138275 320 303.976227 ) (483.694733 320 285.751495 ) (480 320 263.994263 ) (480 320 128 ) 
4 138 153 (576 320 480 ) (576 320 1536 ) (480 320 1536 ) (480 320 480 ) 
4 138 151 (448 320 32 ) (0 320 32 ) (0 704 32 ) (448 704 32 ) 
4 138 150 (0 704 32 ) (0 1024 32 ) (448 1024 32 ) (448 704 32 ) 
4 138 146 (448 448 32 ) (448 1024 32 ) (512 1024 32 ) (512 448 32 ) 
4 138 144 (576 320 32 ) (512 320 32 ) (512 448 32 ) (576 448 32 ) 
4 138 142 (512 448 32 ) (512 664 32 ) (576 664 32 ) (576 448 32 ) 
4 138 140 (512 664 32 ) (512 744 32 ) (576 744 32 ) (576 664 32 ) 
4 138 139 (512 744 32 ) (512 1024 32 ) (576 1024 32 ) (576 744 32 ) 
4 139 152 (512 744 -832 ) (512 1024 -832 ) (576 1024 -832 ) (576 744 -832 ) 
4 139 146 (512 744 0 ) (512 744 32 ) (512 1024 32 ) (512 1024 0 ) 
4 139 140 (512 744 32 ) (512 744 -80 ) (576 744 -80 ) (576 744 32 ) 
4 139 141 (512 744 -96 ) (512 744 -832 ) (576 744 -832 ) (576 744 -96 ) 
4 140 147 (512 664 -80 ) (512 664 0 ) (512 704 0 ) (512 704 -80 ) 
4 140 146 (512 664 0 ) (512 664 32 ) (512 744 32 ) (512 744 0 ) 
4 140 142 (512 664 32 ) (512 664 -80 ) (576 664 -80 ) (576 664 32 ) 
4 141 152 (512 664 -832 ) (512 744 -832 ) (576 744 -832 ) (576 664 -832 ) 
4 141 148 (512 704 -832 ) (512 664 -832 ) (512 664 -96 ) (512 704 -96 ) 
4 141 143 (512 664 -208 ) (512 664 -832 ) (576 664 -832 ) (576 664 -208 ) 
3 142 148 (512 448 -192 ) (512 448 -96 ) (512 633.142883 -96 ) 
3 142 147 (512 664 0 ) (512 664 -80 ) (512 509.714294 0 ) 
4 142 146 (512 448 32 ) (512 664 32 ) (512 664 0 ) (512 509.714294 0 ) 
4 142 144 (512 448 32 ) (512 448 -192 ) (576 448 -192 ) (576 448 32 ) 
4 143 152 (512 448 -832 ) (512 664 -832 ) (576 664 -832 ) (576 448 -832 ) 
4 143 148 (512 664 -832 ) (512 448 -832 ) (512 448 -208 ) (512 664 -208 ) 
4 143 145 (512 448 -320 ) (512 448 -832 ) (576 448 -832 ) (576 448 -320 ) 
4 144 174 (576 320 -258.370392 ) (576 320 0 ) (512 320 0 ) (512 320 -258.370361 ) 
4 144 149 (512 320 -258.370392 ) (512 320 0 ) (512 448 0 ) (512 448 -192 ) 
4 145 179 (512 320 -832 ) (576 320 -832 ) (576 320 -320 ) (512 320 -320 ) 
4 145 152 (576 320 -832 ) (512 320 -832 ) (512 448 -832 ) (576 448 -832 ) 
4 145 149 (512 448 -832 ) (512 320 -832 ) (512 320 -320 ) (512 448 -320 ) 
4 146 151 (448 448 32 ) (448 704 32 ) (448 704 0 ) (448 509.714294 0 ) 
4 146 150 (448 704 32 ) (448 1024 32 ) (448 1024 0 ) (448 704 0 ) 
4 146 147 (512 509.714844 0 ) (448 509.714844 0 ) (448 704 0 ) (512 704 0 ) 
4 148 152 (448 448 -832 ) (448 704 -832 ) (512 704 -832 ) (512 448 -832 ) 
4 148 149 (448 448 -96 ) (448 448 -832 ) (512 448 -832 ) (512 448 -96 ) 
4 149 179 (448 320 -832 ) (512 320 -832 ) (512 320 -320 ) (448 320 -320 ) 
4 149 176 (512 320 -320 ) (512 320 0 ) (448 320 0 ) (448 320 -320 ) 
4 149 152 (512 320 -832 ) (448 320 -832 ) (448 448 -832 ) (512 448 -832 ) 
4 150 189 (0 1024 32 ) (0 1024 0 ) (0 704 0 ) (0 704 32 ) 
4 150 151 (448 704 0 ) (448 704 32 ) (0 704 32 ) (0 704 0 ) 
4 151 189 (0 320 0 ) (0 320 32 ) (0 704 32 ) (0 704 0 ) 
4 151 184 (0 320 32 ) (0 320 0 ) (64 320 0 ) (64 320 32 ) 
4 152 226 (0 1024 -832 ) (0 1024 -1792 ) (0 320 -1792 ) (0 320 -832 ) 
4 152 187 (0 320 -832 ) (0 320 -1792 ) (64 320 -1792 ) (64 320 -832 ) 
4 152 180 (64 320 -1792 ) (448 320 -1792 ) (448 320 -832 ) (64 320 -832 ) 
4 152 179 (448 320 -1792 ) (576 320 -1792 ) (576 320 -832 ) (448 320 -832 ) 
4 153 157 (576 256 480 ) (576 256 1536 ) (480 256 1536 ) (480 256 480 ) 
4 153 155 (480 320 1536 ) (480 320 480 ) (480 256 480 ) (480 256 1536 ) 
11 154 157 (576 256 96 ) (576 256 263.994629 ) (571.931335 256 285.750519 ) (561.486084 256 303.977570 ) (546.145020 256 316.319611 ) (528 256 319.998260 ) (509.479858 256 316.319427 ) (494.137115 256 303.975281 ) (483.694946 256 285.752899 ) (480 256 263.994263 ) (480 256 96 ) 
4 155 158 (320 320 1536 ) (320 320 480 ) (320 256 480 ) (320 256 1536 ) 
4 155 157 (320 256 1536 ) (320 256 480 ) (480 256 480 ) (480 256 1536 ) 
11 156 157 (320 256 262.893066 ) (320 256 96 ) (416 256 96 ) (416 256 265 ) (412.117889 256 285.753021 ) (401.675110 256 303.975891 ) (386.331665 256 316.319855 ) (368.183929 256 320 ) (349.670105 256 316.322052 ) (334.324188 256 303.975342 ) (323.881989 256 285.752991 ) 
4 157 262 (576 0 32 ) (576 0 480 ) (320 0 480 ) (320 0 32 ) 
4 157 260 (576 0 480 ) (576 0 1536 ) (320 0 1536 ) (320 0 480 ) 
4 157 166 (320 0 32 ) (320 0 480 ) (320 216 480 ) (320 216 32 ) 
4 157 162 (320 216 480 ) (320 256 480 ) (320 256 32 ) (320 216 32 ) 
4 157 158 (320 0 480 ) (320 0 1536 ) (320 256 1536 ) (320 256 480 ) 
4 158 260 (64 0 1536 ) (64 0 480 ) (320 0 480 ) (320 0 1536 ) 
4 158 183 (64 0 704 ) (64 0 872 ) (64 96 872 ) (64 96 704 ) 
4 158 182 (64 320 872 ) (64 320 480 ) (64 160 480 ) (64 160 872 ) 
5 158 181 (64 320 1536 ) (64 320 872 ) (64 160 872 ) (64 0 1152 ) (64 0 1536 ) 
4 158 170 (160 216 480 ) (160 0 480 ) (97.750000 0 480 ) (97.750000 216 480 ) 
4 158 169 (160 256 480 ) (160 216 480 ) (97.750000 216 480 ) (97.750000 256 480 ) 
4 158 167 (288 0 480 ) (160 0 480 ) (160 216 480 ) (288 216 480 ) 
4 158 166 (320 216 480 ) (320 0 480 ) (288 0 480 ) (288 216 480 ) 
4 158 163 (288 216 480 ) (248 216 480 ) (248 256 480 ) (288 256 480 ) 
4 158 162 (320 256 480 ) (320 216 480 ) (288 216 480 ) (288 256 480 ) 
4 158 165 (248 216 480 ) (160 216 480 ) (160 256 480 ) (248 256 480 ) 
5 159 163 (256 256 224 ) (256 256 265 ) (252.117889 256 285.752991 ) (248 256 292.938782 ) (248 256 224 ) 
4 159 164 (248 256 96 ) (256 256 96 ) (256 256 208 ) (248 256 208 ) 
4 159 161 (248 280 108.001953 ) (248 256 96.001953 ) (248 256 112 ) (248 280 112 ) 
5 159 160 (248 320 128.001953 ) (248 287.996094 112 ) (248 256 112 ) (248 256 292.938782 ) (248 320 292.938782 ) 
10 160 165 (160 256 262.892914 ) (160 256 112 ) (248 256 112 ) (248 256 292.938782 ) (241.675018 256 303.975983 ) (226.331680 256 316.319855 ) (208.184067 256 320 ) (189.670013 256 316.321991 ) (174.324234 256 303.975403 ) (163.882004 256 285.752991 ) 
4 160 161 (248 280 112 ) (248 256 112 ) (160 256 112 ) (160 280 112 ) 
4 161 165 (160 256 112 ) (160 256 96 ) (248 256 96 ) (248 256 112 ) 
4 162 166 (288 216 32 ) (320 216 32 ) (320 216 480 ) (288 216 480 ) 
4 162 163 (288 256 480 ) (288 256 224 ) (288 216 224 ) (288 216 480 ) 
4 162 164 (288 256 208 ) (288 256 32 ) (288 216 32 ) (288 216 208 ) 
4 163 167 (288 216 224 ) (288 216 480 ) (248 216 480 ) (248 216 224 ) 
4 163 165 (248 256 480 ) (248 256 224 ) (248 216 224 ) (248 216 480 ) 
4 164 168 (248 216 32 ) (288 216 32 ) (288 216 208 ) (248 216 208 ) 
4 164 165 (248 256 208 ) (248 256 32 ) (248 216 32 ) (248 216 208 ) 
4 165 173 (160 256 32 ) (160 216 32 ) (160 216 208 ) (160 256 208 ) 
4 165 169 (160 216 208 ) (160 216 480 ) (160 256 480 ) (160 256 208 ) 
4 165 167 (160 216 480 ) (160 216 224 ) (248 216 224 ) (248 216 480 ) 
4 165 168 (160 216 208 ) (160 216 32 ) (248 216 32 ) (248 216 208 ) 
4 166 262 (288 0 32 ) (320 0 32 ) (320 0 480 ) (288 0 480 ) 
4 166 167 (288 216 480 ) (288 216 224 ) (288 0 224 ) (288 0 480 ) 
4 166 168 (288 216 208 ) (288 216 32 ) (288 0 32 ) (288 0 208 ) 
4 167 263 (288 0 224 ) (288 0 480 ) (160 0 480 ) (160 0 224 ) 
4 167 170 (160 0 224 ) (160 0 480 ) (160 216 480 ) (160 216 224 ) 
4 168 264 (160 0 32 ) (288 0 32 ) (288 0 208 ) (160 0 208 ) 
4 168 173 (160 216 32 ) (160 0 32 ) (160 0 208 ) (160 216 208 ) 
4 169 173 (160 256 208 ) (160 216 208 ) (97.750000 216 208 ) (97.750000 256 208 ) 
4 169 172 (97.750000 256 208 ) (97.750000 216 208 ) (97.750000 216 224 ) (97.750000 256 224 ) 
4 169 171 (97.750000 216 224 ) (97.750000 216 353.810059 ) (97.750000 236.294174 323.455139 ) (97.750000 256 224 ) 
4 169 170 (97.750000 216 480 ) (97.750000 216 224 ) (160 216 224 ) (160 216 480 ) 
4 170 263 (160 0 224 ) (160 0 480 ) (97.750000 0 480 ) (97.750000 0 224 ) 
6 170 171 (97.750000 0 224 ) (97.750000 0 480 ) (97.750000 98.762642 463.187347 ) (97.750000 180.606293 406.750000 ) (97.750000 216 353.810059 ) (97.750000 216 224 ) 
4 171 265 (64 0 480 ) (64 0 224 ) (97.750000 0 224 ) (97.750000 0 480 ) 
4 171 185 (64 48 320 ) (64 96 320 ) (64 96 224 ) (64 48 224 ) 
4 171 172 (64 216 224 ) (64 256 224 ) (97.750000 256 224 ) (97.750000 216 224 ) 
4 172 173 (64 216 208 ) (64 256 208 ) (97.750000 256 208 ) (97.750000 216 208 ) 
4 173 266 (64 0 208 ) (64 0 32 ) (97.750000 0 32 ) (97.750000 0 208 ) 
4 173 264 (97.750000 0 32 ) (160 0 32 ) (160 0 208 ) (97.750000 0 208 ) 
4 173 186 (64 40 32 ) (64 0 32 ) (64 0 160 ) (64 40 160 ) 
4 174 175 (512 232 0 ) (512 232 -304 ) (576 232 -304 ) (576 232 0 ) 
4 174 176 (512 232 -304 ) (512 232 0 ) (512 320 0 ) (512 320 -258.370392 ) 
4 175 179 (576 232 -320 ) (576 104 -320 ) (512 104 -320 ) (512 232 -320 ) 
4 175 177 (576 104 -304 ) (576 104 0 ) (512 104 0 ) (512 104 -304 ) 
4 175 176 (512 232 -320 ) (512 104 -320 ) (512 104 0 ) (512 232 0 ) 
4 176 179 (448 104 -320 ) (448 320 -320 ) (512 320 -320 ) (512 104 -320 ) 
4 176 177 (448 104 0 ) (448 104 -304 ) (512 104 -304 ) (512 104 0 ) 
4 177 178 (448 24 0 ) (448 24 -304 ) (576 24 -304 ) (576 24 0 ) 
4 178 268 (576 0 -320 ) (576 0 0 ) (448 0 0 ) (448 0 -320 ) 
4 178 179 (448 0 -320 ) (448 24 -320 ) (576 24 -320 ) (576 0 -320 ) 
4 179 269 (576 0 -1792 ) (576 0 -832 ) (448 0 -832 ) (448 0 -1792 ) 
4 179 268 (576 0 -832 ) (576 0 -320 ) (448 0 -320 ) (448 0 -832 ) 
4 179 180 (448 320 -832 ) (448 320 -1792 ) (448 0 -1792 ) (448 0 -832 ) 
4 180 269 (448 0 -1792 ) (448 0 -832 ) (64 0 -832 ) (64 0 -1792 ) 
4 180 187 (64 320 -832 ) (64 320 -1792 ) (64 0 -1792 ) (64 0 -832 ) 
4 181 270 (64 0 1152 ) (64 0 1536 ) (0 0 1536 ) (0 0 1152 ) 
4 181 207 (0 0 1152 ) (0 0 1536 ) (0 48 1536 ) (0 48 1068 ) 
4 181 191 (0 48 1536 ) (0 96 1536 ) (0 96 984 ) (0 48 1068 ) 
5 181 188 (0 96 1536 ) (0 320 1536 ) (0 320 872 ) (0 160 872 ) (0 96 984 ) 
4 181 182 (0 320 872 ) (64 320 872 ) (64 160 872 ) (0 160 872 ) 
4 182 189 (0 160 872 ) (0 320 872 ) (0 320 480 ) (0 160 480 ) 
4 182 184 (0 256 480 ) (0 320 480 ) (64 320 480 ) (64 256 480 ) 
4 183 271 (64 0 704 ) (64 0 872 ) (0 0 872 ) (0 0 704 ) 
4 183 208 (0 0 704 ) (0 0 872 ) (0 48 872 ) (0 48 704 ) 
4 183 193 (0 48 872 ) (0 96 872 ) (0 96 704 ) (0 48 704 ) 
4 184 189 (0 256 480 ) (0 320 480 ) (0 320 0 ) (0 256 0 ) 
4 185 202 (0 96 288 ) (0 96 224 ) (0 48 224 ) (0 48 288 ) 
4 185 201 (0 48 320 ) (0 96 320 ) (0 96 288 ) (0 48 288 ) 
4 186 273 (64 0 32 ) (64 0 160 ) (0 0 160 ) (0 0 32 ) 
4 186 216 (0 0 32 ) (0 0 160 ) (0 40 160 ) (0 40 32 ) 
4 187 274 (64 0 -1792 ) (64 0 -832 ) (0 0 -832 ) (0 0 -1792 ) 
4 187 226 (0 0 -1792 ) (0 0 -832 ) (0 320 -832 ) (0 320 -1792 ) 
5 188 217 (-192 1024 1536 ) (-192 1024 872 ) (-192 160 872 ) (-192 96 984 ) (-192 96 1536 ) 
4 188 191 (-192 96 1536 ) (-192 96 984 ) (0 96 984 ) (0 96 1536 ) 
4 188 189 (-192 160 872 ) (-192 1024 872 ) (0 1024 872 ) (0 160 872 ) 
4 189 220 (-192 1024 704 ) (-192 1024 0 ) (-192 160 0 ) (-192 160 704 ) 
4 189 218 (-192 1024 872 ) (-192 1024 704 ) (-192 160 704 ) (-192 160 872 ) 
4 189 190 (0 160 872 ) (-192 160 872 ) (-192 160 704 ) (0 160 704 ) 
4 190 194 (-192 96 872 ) (-192 96 704 ) (-48 96 704 ) (-48 96 872 ) 
4 190 193 (-48 96 704 ) (0 96 704 ) (0 96 872 ) (-48 96 872 ) 
4 191 217 (-192 48 1068 ) (-192 48 1536 ) (-192 96 1536 ) (-192 96 984 ) 
4 191 207 (-192 48 1536 ) (-192 48 1068 ) (0 48 1068 ) (0 48 1536 ) 
4 192 208 (-192 48 957 ) (-192 48 872 ) (0 48 872 ) (0 48 957 ) 
4 192 194 (-48 48 872 ) (-192 48 872 ) (-192 96 872 ) (-48 96 872 ) 
4 192 193 (0 48 872 ) (-48 48 872 ) (-48 96 872 ) (0 96 872 ) 
4 193 211 (-48 48 680 ) (0 48 680 ) (0 48 696 ) (-48 48 696 ) 
4 193 208 (0 48 696 ) (0 48 872 ) (-48 48 872 ) (-48 48 696 ) 
4 193 194 (-48 48 696 ) (-48 48 872 ) (-48 96 872 ) (-48 96 696 ) 
4 194 219 (-192 48 704 ) (-192 48 872 ) (-192 96 872 ) (-192 96 704 ) 
4 194 208 (-192 48 872 ) (-192 48 696 ) (-48 48 696 ) (-48 48 872 ) 
4 195 209 (-48 48 512 ) (0 48 512 ) (0 48 664 ) (-48 48 664 ) 
4 195 197 (0 48 512 ) (-48 48 512 ) (-48 96 512 ) (0 96 512 ) 
4 195 196 (-48 96 512 ) (-48 48 512 ) (-48 48 664 ) (-48 96 664 ) 
4 196 215 (-192 48 680 ) (-192 48 512 ) (-144 48 512 ) (-144 48 680 ) 
4 196 212 (-144 48 512 ) (-48 48 512 ) (-48 48 680 ) (-144 48 680 ) 
4 196 197 (-48 48 512 ) (-144 48 512 ) (-144 96 512 ) (-48 96 512 ) 
4 197 212 (-116.571411 48 496 ) (-48 48 496 ) (-48 48 512 ) (-144 48 512 ) 
4 197 209 (-48 48 496 ) (0 48 496 ) (0 48 512 ) (-48 48 512 ) 
4 197 199 (0 48 496 ) (-116.571419 48 496 ) (-116.571411 96 496 ) (0 96 496 ) 
4 198 213 (-192 48 496 ) (-192 48 456 ) (-144 48 456 ) (-144 48 496 ) 
3 198 212 (-144 48 456 ) (-75.428581 48 456 ) (-144 48 496 ) 
4 198 200 (-75.428589 48 456 ) (-192 48 456 ) (-192 96 456 ) (-75.428581 96 456 ) 
3 199 212 (-48 48 456 ) (-48 48 496 ) (-116.571465 48 496 ) 
4 199 209 (-48 48 456 ) (0 48 456 ) (0 48 496 ) (-48 48 496 ) 
4 200 213 (-192 48 456 ) (-192 48 440 ) (-144 48 440 ) (-144 48 456 ) 
4 200 212 (-144 48 440 ) (-48 48 440 ) (-75.428589 48 456 ) (-144 48 456 ) 
4 200 201 (-48 48 440 ) (-192 48 440 ) (-192 96 440 ) (-48 96 440 ) 
4 201 213 (-192 48 440 ) (-192 48 288 ) (-144 48 288 ) (-144 48 440 ) 
4 201 212 (-144 48 288 ) (-48 48 288 ) (-48 48 440 ) (-144 48 440 ) 
4 201 210 (-48 48 288 ) (0 48 288 ) (0 48 440 ) (-48 48 440 ) 
4 201 204 (-48 48 288 ) (-144 48 288 ) (-144 96 288 ) (-48 96 288 ) 
4 201 202 (0 48 288 ) (-48 48 288 ) (-48 96 288 ) (0 96 288 ) 
4 202 210 (-48 48 224 ) (0 48 224 ) (0 48 288 ) (-48 48 288 ) 
4 202 205 (-48 48 232 ) (-48 48 272 ) (-48 96 272 ) (-48 96 232 ) 
4 202 204 (-48 48 272 ) (-48 48 288 ) (-48 96 288 ) (-48 96 272 ) 
4 203 214 (-192 48 272 ) (-192 48 224 ) (-144 48 224 ) (-144 48 272 ) 
3 203 212 (-144 48 224 ) (-61.714279 48 224 ) (-144 48 272 ) 
4 204 212 (-48 48 272 ) (-48 48 288 ) (-144 48 288 ) (-116.571442 48 272 ) 
4 204 205 (-116.571426 96 272 ) (-48 96 272 ) (-48 48 272 ) (-116.571426 48 272 ) 
3 205 212 (-48 48 232 ) (-48 48 272 ) (-116.571442 48 272 ) 
4 206 216 (-192 48 208 ) (-192 48 32 ) (0 48 32 ) (0 48 208 ) 
4 207 323 (0 0 1152 ) (0 0 1536 ) (-192 0 1536 ) (-192 0 1152 ) 
4 207 217 (-192 0 1152 ) (-192 0 1536 ) (-192 48 1536 ) (-192 48 1068 ) 
4 208 324 (0 0 696 ) (0 0 1042 ) (-192 0 1042 ) (-192 0 696 ) 
4 208 221 (-192 0 704 ) (-192 0 872 ) (-192 48 872 ) (-192 48 704 ) 
4 208 211 (-48 48 696 ) (0 48 696 ) (0 0 696 ) (-48 0 696 ) 
4 209 328 (0 0 428 ) (0 0 636 ) (-48 0 636 ) (-48 0 428 ) 
4 209 212 (-48 0 428 ) (-48 0 636 ) (-48 48 664 ) (-48 48 456 ) 
4 210 329 (0 0 224 ) (0 0 412 ) (-48 0 412 ) (-48 0 224 ) 
4 210 212 (-48 48 224 ) (-48 0 224 ) (-48 0 412 ) (-48 48 440 ) 
4 211 327 (0 0 652 ) (0 0 680 ) (-48 0 680 ) (-48 0 652 ) 
4 211 326 (0 0 680 ) (0 0 696 ) (-48 0 696 ) (-48 0 680 ) 
3 211 212 (-48 0 652 ) (-48 0 680 ) (-48 48 680 ) 
4 212 330 (-144 0 224 ) (-48 0 224 ) (-48 0 680 ) (-144 0 680 ) 
4 212 215 (-144 0 540 ) (-144 0 680 ) (-144 48 680 ) (-144 48 512 ) 
4 212 214 (-144 48 224 ) (-144 0 224 ) (-144 0 300 ) (-144 48 272 ) 
4 212 213 (-144 0 316 ) (-144 0 524 ) (-144 48 496 ) (-144 48 288 ) 
4 213 331 (-192 0 524 ) (-192 0 316 ) (-144 0 316 ) (-144 0 524 ) 
4 214 332 (-192 0 300 ) (-192 0 224 ) (-144 0 224 ) (-144 0 300 ) 
4 215 333 (-192 0 680 ) (-192 0 540 ) (-144 0 540 ) (-144 0 680 ) 
4 216 334 (0 0 32 ) (0 0 208 ) (-192 0 208 ) (-192 0 32 ) 
4 216 222 (-192 0 32 ) (-192 0 160 ) (-192 48 160 ) (-192 48 32 ) 
4 217 353 (-256 0 1536 ) (-256 0 1152 ) (-192 0 1152 ) (-192 0 1536 ) 
5 217 223 (-256 0 1152 ) (-256 0 1536 ) (-256 1024 1536 ) (-256 1024 872 ) (-256 160 872 ) 
4 217 218 (-256 160 872 ) (-256 1024 872 ) (-192 1024 872 ) (-192 160 872 ) 
4 218 223 (-256 160 872 ) (-256 1024 872 ) (-256 1024 704 ) (-256 160 704 ) 
4 218 220 (-256 160 704 ) (-256 1024 704 ) (-192 1024 704 ) (-192 160 704 ) 
4 219 223 (-256 48 704 ) (-256 48 872 ) (-256 96 872 ) (-256 96 704 ) 
4 219 221 (-192 48 704 ) (-192 48 872 ) (-256 48 872 ) (-256 48 704 ) 
4 220 224 (-256 1024 0 ) (-256 160 0 ) (-256 160 16 ) (-256 1024 16 ) 
4 220 223 (-256 160 16 ) (-256 160 704 ) (-256 1024 704 ) (-256 1024 16 ) 
4 221 354 (-256 0 872 ) (-256 0 704 ) (-192 0 704 ) (-192 0 872 ) 
4 221 223 (-256 0 704 ) (-256 0 872 ) (-256 48 872 ) (-256 48 704 ) 
4 222 355 (-256 0 160 ) (-256 0 32 ) (-192 0 32 ) (-192 0 160 ) 
4 222 223 (-256 0 32 ) (-256 0 160 ) (-256 48 160 ) (-256 48 32 ) 
4 223 359 (-288 0 16 ) (-256 0 16 ) (-256 0 1536 ) (-288 0 1536 ) 
4 223 361 (-1024 0 1536 ) (-1024 0 16 ) (-288 0 16 ) (-288 0 1536 ) 
4 223 233 (-1024 0 16 ) (-1024 0 1536 ) (-1024 1024 1536 ) (-1024 1024 16 ) 
4 223 224 (-288 1024 16 ) (-256 1024 16 ) (-256 48 16 ) (-288 48 16 ) 
4 223 225 (-1024 1024 16 ) (-288 1024 16 ) (-288 0 16 ) (-1024 0 16 ) 
4 224 225 (-288 1024 0 ) (-288 48 0 ) (-288 48 16 ) (-288 1024 16 ) 
4 225 361 (-1024 0 16 ) (-1024 0 0 ) (-288 0 0 ) (-288 0 16 ) 
4 225 233 (-1024 0 0 ) (-1024 0 16 ) (-1024 1024 16 ) (-1024 1024 0 ) 
4 226 362 (0 0 -1792 ) (0 0 -832 ) (-1024 0 -832 ) (-1024 0 -1792 ) 
4 226 236 (-1024 0 -1792 ) (-1024 0 -832 ) (-1024 1024 -832 ) (-1024 1024 -1792 ) 
4 227 232 (-1024 2048 -1792 ) (-1024 2048 -832 ) (-2048 2048 -832 ) (-2048 2048 -1792 ) 
4 227 229 (-1024 2048 -832 ) (-1024 2048 1536 ) (-1280 2048 1536 ) (-1280 2048 -832 ) 
4 227 231 (-1280 2048 1536 ) (-2048 2048 1536 ) (-2048 2048 -832 ) (-1280 2048 -832 ) 
4 227 228 (-2048 2048 -1792 ) (-2048 2048 1536 ) (-2048 2304 1536 ) (-2048 2304 -1792 ) 
4 228 237 (-2048 2048 -1792 ) (-2048 2048 1536 ) (-2560 2048 1536 ) (-2560 2048 -1792 ) 
4 229 232 (-1280 2048 -832 ) (-1024 2048 -832 ) (-1024 1536 -832 ) (-1280 1536 -832 ) 
4 229 230 (-1280 1536 1536 ) (-1280 1536 0 ) (-1024 1536 0 ) (-1024 1536 1536 ) 
4 229 231 (-1280 2048 -832 ) (-1280 1536 -832 ) (-1280 1536 1536 ) (-1280 2048 1536 ) 
4 230 233 (-1024 1024 0 ) (-1024 1024 1536 ) (-1280 1024 1536 ) (-1280 1024 0 ) 
4 230 231 (-1280 1024 0 ) (-1280 1024 1536 ) (-1280 1536 1536 ) (-1280 1536 0 ) 
4 231 237 (-2048 2048 1536 ) (-2048 2048 -832 ) (-2048 1024 -832 ) (-2048 1024 1536 ) 
4 231 234 (-2048 1024 0 ) (-2048 1024 -832 ) (-1280 1024 -832 ) (-1280 1024 0 ) 
4 231 233 (-1280 1024 1536 ) (-2048 1024 1536 ) (-2048 1024 0 ) (-1280 1024 0 ) 
4 231 232 (-2048 1024 -832 ) (-2048 2048 -832 ) (-1280 2048 -832 ) (-1280 1024 -832 ) 
4 232 237 (-2048 2048 -832 ) (-2048 2048 -1792 ) (-2048 1024 -1792 ) (-2048 1024 -832 ) 
4 232 236 (-1024 1024 -1792 ) (-1024 1024 -832 ) (-2048 1024 -832 ) (-2048 1024 -1792 ) 
4 233 372 (-1024 0 0 ) (-1024 0 1536 ) (-2048 0 1536 ) (-2048 0 0 ) 
4 233 238 (-2048 0 0 ) (-2048 0 1536 ) (-2048 1024 1536 ) (-2048 1024 0 ) 
4 233 235 (-1280 0 0 ) (-2048 0 0 ) (-2048 704 0 ) (-1280 704 0 ) 
4 233 234 (-1280 704 0 ) (-2048 704 0 ) (-2048 1024 0 ) (-1280 1024 0 ) 
4 234 238 (-2048 704 0 ) (-2048 1024 0 ) (-2048 1024 -832 ) (-2048 704 -832 ) 
4 234 236 (-2048 704 -832 ) (-2048 1024 -832 ) (-1280 1024 -832 ) (-1280 704 -832 ) 
4 234 235 (-2048 704 -832 ) (-1280 704 -832 ) (-1280 704 0 ) (-2048 704 0 ) 
4 235 373 (-1280 0 0 ) (-2048 0 0 ) (-2048 0 -832 ) (-1280 0 -832 ) 
4 235 238 (-2048 0 -832 ) (-2048 0 0 ) (-2048 704 0 ) (-2048 704 -832 ) 
4 235 236 (-1280 0 -832 ) (-2048 0 -832 ) (-2048 704 -832 ) (-1280 704 -832 ) 
4 236 375 (-1024 0 -1792 ) (-1024 0 -832 ) (-2048 0 -832 ) (-2048 0 -1792 ) 
4 236 238 (-2048 0 -1792 ) (-2048 0 -832 ) (-2048 1024 -832 ) (-2048 1024 -1792 ) 
4 237 238 (-2048 1024 -1792 ) (-2048 1024 1536 ) (-2560 1024 1536 ) (-2560 1024 -1792 ) 
4 238 380 (-2048 0 -1792 ) (-2048 0 1536 ) (-2560 0 1536 ) (-2560 0 -1792 ) 
4 239 363 (1024 -1024 480 ) (1024 -1024 1536 ) (640 -1024 1536 ) (640 -1024 480 ) 
4 239 310 (640 -480 480 ) (640 -1024 480 ) (640 -1024 1536 ) (640 -480 1536 ) 
4 239 275 (640 -256 480 ) (640 -480 480 ) (640 -480 1536 ) (640 -256 1536 ) 
4 239 260 (640 0 1536 ) (640 0 480 ) (640 -256 480 ) (640 -256 1536 ) 
4 239 259 (640 -1024 480 ) (640 -896 480 ) (1024 -896 480 ) (1024 -1024 480 ) 
4 239 244 (640 -704 480 ) (640 -289.750000 480 ) (1024 -289.750000 480 ) (1024 -704 480 ) 
4 239 246 (640 -800 480 ) (640 -704 480 ) (1024 -704 480 ) (1024 -800 480 ) 
4 239 240 (640 -255.750000 480 ) (640 0 480 ) (1024 0 480 ) (1024 -255.750000 480 ) 
7 240 261 (640 0 480 ) (640 0 32 ) (640 -255.750000 32 ) (640 -255.750000 225.167587 ) (640 -234.307068 323.428436 ) (640 -178.602493 406.749298 ) (640 -96.758133 463.187408 ) 
9 240 241 (640 -255.750000 32 ) (1024 -255.750000 32 ) (1024 -255.750000 443.022034 ) (994.756470 -255.750000 463.188416 ) (896.017639 -255.750000 479.997009 ) (799.228638 -255.750000 463.179077 ) (717.405701 -255.750000 406.755005 ) (661.697937 -255.750000 323.429413 ) (640 -255.750000 224 ) 
4 241 261 (640 -255.750000 32 ) (640 -256 32 ) (640 -256 224 ) (640 -255.750000 224 ) 
9 241 244 (1024 -289.750000 32 ) (1024 -289.750000 443.022034 ) (994.756531 -289.750000 463.188416 ) (896 -289.750000 480 ) (799.241821 -289.750000 463.187439 ) (717.405273 -289.750000 406.753967 ) (661.690552 -289.750000 323.417999 ) (640 -289.750000 224.022125 ) (640 -289.750000 32 ) 
4 241 242 (1024 -289.750000 32 ) (640 -289.750000 32 ) (640 -256 32 ) (1024 -256 32 ) 
4 242 244 (1024 -289.750000 0 ) (1024 -289.750000 32 ) (640 -289.750000 32 ) (640 -289.750000 0 ) 
4 243 318 (640 -256 -304 ) (640 -289.750000 -304 ) (640 -289.750000 -64 ) (640 -256 -64 ) 
4 243 267 (640 0 -64 ) (640 0 -304 ) (640 -256 -304 ) (640 -256 -64 ) 
4 243 249 (992 -192 -304 ) (1024 -192 -304 ) (1024 -289.750000 -304 ) (992 -289.750000 -304 ) 
4 243 250 (640 -289.750000 -304 ) (640 -192 -304 ) (720 -192 -304 ) (720 -289.750000 -304 ) 
4 243 247 (896 0 -304 ) (1024 0 -304 ) (1024 -192 -304 ) (896 -192 -304 ) 
4 243 248 (640 -192 -304 ) (640 0 -304 ) (816 0 -304 ) (816 -192 -304 ) 
4 243 245 (640 -289.750000 -304 ) (1024 -289.750000 -304 ) (1024 -289.750000 -64 ) (640 -289.750000 -64 ) 
9 244 314 (640 -704 96 ) (640 -704 316.747314 ) (640 -687.625122 320 ) (640 -687.605408 320 ) (640 -669.493652 316.327728 ) (640 -654.134033 303.971405 ) (640 -643.696838 285.756989 ) (640 -640 265.998749 ) (640 -640 96 ) 
4 244 313 (640 -576 320 ) (640 -575.624023 320 ) (640 -575.624023 264 ) (640 -576 261.785828 ) 
11 244 312 (640 -527.630920 320 ) (640 -509.483276 316.320221 ) (640 -494.138092 303.975433 ) (640 -483.693787 285.748932 ) (640 -480 266 ) (640 -480 96 ) (640 -576 96 ) (640 -576 261.785828 ) (640 -571.929688 285.758026 ) (640 -561.495605 303.963654 ) (640 -546.131165 316.324738 ) 
4 244 298 (640 -416 96 ) (640 -416 176 ) (640 -320 128 ) (640 -320 96 ) 
4 244 296 (640 -415.812012 279.304657 ) (640 -416 278.976563 ) (640 -416 320 ) (640 -415.812012 320 ) 
4 244 295 (640 -415.812012 264 ) (640 -416 262.893402 ) (640 -416 278.976563 ) (640 -415.812012 279.304657 ) 
11 244 277 (640 -320 128 ) (640 -416 176 ) (640 -416 262.893402 ) (640 -412.117157 285.753204 ) (640 -401.674316 303.978943 ) (640 -386.330994 316.322174 ) (640 -367.820007 320 ) (640 -349.666931 316.318359 ) (640 -334.325989 303.977020 ) (640 -323.881897 285.750885 ) (640 -320 265 ) 
4 244 246 (1024 -704 0 ) (1024 -704 480 ) (640 -704 480 ) (640 -704 0 ) 
4 245 318 (640 -289.750000 -304 ) (640 -704 -304 ) (640 -704 -64 ) (640 -289.750000 -64 ) 
4 245 253 (816 -432 -304 ) (896 -432 -304 ) (896 -648 -304 ) (816 -648 -304 ) 
4 245 254 (896 -648 -304 ) (896 -704 -304 ) (816 -704 -304 ) (816 -648 -304 ) 
4 245 252 (896 -432 -304 ) (1024 -432 -304 ) (1024 -704 -304 ) (896 -704 -304 ) 
4 245 255 (640 -704 -304 ) (640 -432 -304 ) (816 -432 -304 ) (816 -704 -304 ) 
4 245 249 (992 -289.750000 -304 ) (1024 -289.750000 -304 ) (1024 -432 -304 ) (992 -432 -304 ) 
4 245 250 (640 -432 -304 ) (640 -289.750000 -304 ) (720 -289.750000 -304 ) (720 -432 -304 ) 
4 245 246 (640 -704 -304 ) (1024 -704 -304 ) (1024 -704 -64 ) (640 -704 -64 ) 
4 246 321 (640 -704 -304 ) (640 -800 -304 ) (640 -800 0 ) (640 -704 0 ) 
7 246 314 (640 -704 316.747284 ) (640 -704 96 ) (640 -735.624023 96 ) (640 -735.624023 264 ) (640 -731.930420 285.753815 ) (640 -721.487671 303.974060 ) (640 -706.143066 316.321594 ) 
4 246 315 (640 -736 320 ) (640 -735.624023 320 ) (640 -735.624023 96 ) (640 -736 96 ) 
9 246 257 (896.017578 -800 479.996979 ) (799.229797 -800 463.179565 ) (717.399597 -800 406.750397 ) (661.703735 -800 323.443115 ) (640 -800 224 ) (640 -800 -304 ) (1024 -800 -304 ) (1024 -800 443.022278 ) (994.756042 -800 463.188477 ) 
4 246 254 (896 -800 -304 ) (816 -800 -304 ) (816 -704 -304 ) (896 -704 -304 ) 
4 246 252 (1024 -800 -304 ) (896 -800 -304 ) (896 -704 -304 ) (1024 -704 -304 ) 
4 246 255 (816 -800 -304 ) (640 -800 -304 ) (640 -704 -304 ) (816 -704 -304 ) 
4 247 251 (896 0 -320 ) (1024 0 -320 ) (1024 -192 -320 ) (896 -192 -320 ) 
4 247 249 (992 -192 -320 ) (1024 -192 -320 ) (1024 -192 -304 ) (992 -192 -304 ) 
4 248 267 (640 0 -304 ) (640 0 -320 ) (640 -192 -320 ) (640 -192 -304 ) 
4 248 251 (640 -192 -320 ) (640 0 -320 ) (816 0 -320 ) (816 -192 -320 ) 
4 248 250 (640 -192 -320 ) (720 -192 -320 ) (720 -192 -304 ) (640 -192 -304 ) 
4 249 252 (1024 -432 -304 ) (992 -432 -304 ) (992 -432 -320 ) (1024 -432 -320 ) 
4 249 251 (1024 -432 -320 ) (992 -432 -320 ) (992 -192 -320 ) (1024 -192 -320 ) 
4 250 318 (640 -256 -320 ) (640 -432 -320 ) (640 -432 -304 ) (640 -256 -304 ) 
4 250 267 (640 -192 -320 ) (640 -256 -320 ) (640 -256 -304 ) (640 -192 -304 ) 
4 250 255 (720 -432 -304 ) (640 -432 -304 ) (640 -432 -320 ) (720 -432 -320 ) 
4 250 251 (720 -432 -320 ) (640 -432 -320 ) (640 -192 -320 ) (720 -192 -320 ) 
4 251 318 (640 -256 -1792 ) (640 -432 -1792 ) (640 -432 -320 ) (640 -256 -320 ) 
4 251 269 (640 0 -832 ) (640 0 -1792 ) (640 -256 -1792 ) (640 -256 -832 ) 
4 251 267 (640 0 -320 ) (640 0 -832 ) (640 -256 -832 ) (640 -256 -320 ) 
4 251 256 (640 -432 -424 ) (640 -432 -1792 ) (1024 -432 -1792 ) (1024 -432 -424 ) 
4 251 252 (896 -432 -424 ) (1024 -432 -424 ) (1024 -432 -320 ) (896 -432 -320 ) 
4 251 255 (640 -432 -320 ) (640 -432 -424 ) (816 -432 -424 ) (816 -432 -320 ) 
4 252 257 (896 -800 -424 ) (1024 -800 -424 ) (1024 -800 -304 ) (896 -800 -304 ) 
4 252 256 (1024 -800 -424 ) (896 -800 -424 ) (896 -432 -424 ) (1024 -432 -424 ) 
3 252 253 (896 -432 -304 ) (896 -648 -400 ) (896 -648 -304 ) 
4 252 254 (896 -648 -424 ) (896 -800 -424 ) (896 -800 -304 ) (896 -648 -304 ) 
4 253 254 (816 -648 -304 ) (816 -648 -400 ) (896 -648 -400 ) (896 -648 -304 ) 
3 253 255 (816 -432 -304 ) (816 -648 -400 ) (816 -648 -304 ) 
4 254 257 (816 -800 -424 ) (896 -800 -424 ) (896 -800 -304 ) (816 -800 -304 ) 
4 254 256 (896 -800 -424 ) (816 -800 -424 ) (816 -648 -424 ) (896 -648 -424 ) 
4 254 255 (816 -648 -424 ) (816 -800 -424 ) (816 -800 -304 ) (816 -648 -304 ) 
4 255 321 (640 -800 -424 ) (640 -800 -304 ) (640 -704 -304 ) (640 -704 -424 ) 
4 255 318 (640 -704 -304 ) (640 -432 -304 ) (640 -432 -424 ) (640 -704 -424 ) 
4 255 257 (640 -800 -304 ) (640 -800 -424 ) (816 -800 -424 ) (816 -800 -304 ) 
4 255 256 (816 -800 -424 ) (640 -800 -424 ) (640 -432 -424 ) (816 -432 -424 ) 
4 256 321 (640 -800 -1792 ) (640 -800 -424 ) (640 -704 -424 ) (640 -704 -1792 ) 
4 256 318 (640 -704 -424 ) (640 -432 -424 ) (640 -432 -1792 ) (640 -704 -1792 ) 
4 256 257 (640 -800 -424 ) (640 -800 -1792 ) (1024 -800 -1792 ) (1024 -800 -424 ) 
4 257 321 (640 -832 -1792 ) (640 -832 0 ) (640 -800 0 ) (640 -800 -1792 ) 
4 257 258 (1024 -832 -1792 ) (1024 -832 0 ) (640 -832 0 ) (640 -832 -1792 ) 
4 258 321 (640 -832 0 ) (640 -832 -1792 ) (640 -896 -1792 ) (640 -896 0 ) 
4 258 259 (640 -896 -1792 ) (1024 -896 -1792 ) (1024 -896 0 ) (640 -896 0 ) 
4 259 366 (1024 -1024 -1792 ) (1024 -1024 -832 ) (640 -1024 -832 ) (640 -1024 -1792 ) 
4 259 363 (1024 -1024 -832 ) (1024 -1024 480 ) (640 -1024 480 ) (640 -1024 -832 ) 
4 259 321 (640 -1024 -1792 ) (640 -1024 0 ) (640 -896 0 ) (640 -896 -1792 ) 
4 259 316 (640 -1024 0 ) (640 -1024 320 ) (640 -896 320 ) (640 -896 0 ) 
4 259 311 (640 -1024 320 ) (640 -1024 480 ) (640 -896 480 ) (640 -896 320 ) 
4 260 302 (416 -256 1536 ) (64 -256 1536 ) (64 -256 480 ) (416 -256 480 ) 
4 260 275 (640 -256 480 ) (640 -256 1536 ) (416 -256 1536 ) (416 -256 480 ) 
4 260 272 (64 -160 480 ) (64 -256 480 ) (64 -256 872 ) (64 -160 872 ) 
4 260 271 (64 0 872 ) (64 0 704 ) (64 -96 704 ) (64 -96 872 ) 
5 260 270 (64 0 1536 ) (64 0 1152 ) (64 -160 872 ) (64 -256 872 ) (64 -256 1536 ) 
4 260 263 (288 -256 480 ) (97.750000 -256 480 ) (97.750000 0 480 ) (288 0 480 ) 
4 260 262 (606 -256 480 ) (288 -256 480 ) (288 0 480 ) (606 0 480 ) 
7 261 262 (606 -256 32 ) (606 -256 224 ) (606 -234.299820 323.439728 ) (606 -178.602997 406.748993 ) (606 -96.770073 463.179199 ) (606 0 479.993866 ) (606 0 32 ) 
4 262 305 (320.376038 -256 320 ) (320 -256 320 ) (320 -256 261.785858 ) (320.376038 -256 264 ) 
11 262 304 (416 -256 96 ) (416 -256 266.004303 ) (412.306274 -256 285.750519 ) (401.862793 -256 303.976379 ) (386.517700 -256 316.321655 ) (368.374969 -256 320 ) (349.858032 -256 316.322021 ) (334.512238 -256 303.976196 ) (324.070190 -256 285.754089 ) (320 -256 261.785858 ) (320 -256 96 ) 
4 262 293 (480 -256 320 ) (480 -256 278.977661 ) (480.187988 -256 279.305725 ) (480.187988 -256 320 ) 
4 262 292 (480 -256 278.977661 ) (480 -256 262.893066 ) (480.187988 -256 264 ) (480.187988 -256 279.305725 ) 
11 262 282 (483.881744 -256 285.751587 ) (480 -256 262.893066 ) (480 -256 167.290894 ) (576 -256 167.289825 ) (576 -256 265.004364 ) (572.119202 -256 285.750824 ) (561.674805 -256 303.976379 ) (546.329529 -256 316.321869 ) (528.187988 -256 320 ) (509.670074 -256 316.321991 ) (494.325226 -256 303.976166 ) 
4 262 278 (480 -256 167.290894 ) (480 -256 96 ) (576 -256 96 ) (576 -256 167.289825 ) 
4 262 263 (288 -256 224 ) (288 -256 480 ) (288 0 480 ) (288 0 224 ) 
4 262 264 (288 0 32 ) (288 -256 32 ) (288 -256 208 ) (288 0 208 ) 
11 263 306 (160.376007 -256 224 ) (256 -256 224 ) (256 -256 266.004303 ) (252.306274 -256 285.750549 ) (241.862839 -256 303.976318 ) (226.517731 -256 316.321625 ) (208.374908 -256 320 ) (189.858063 -256 316.322021 ) (174.512207 -256 303.976166 ) (164.070206 -256 285.754089 ) (160.376007 -256 264 ) 
4 263 307 (160 -256 224 ) (160.376007 -256 224 ) (160.376007 -256 320 ) (160 -256 320 ) 
7 263 265 (97.750000 -256 224 ) (97.750000 -256 224.008301 ) (97.750000 -234.300201 323.446320 ) (97.750000 -178.610931 406.744232 ) (97.750000 -96.760231 463.186707 ) (97.750000 0 480 ) (97.750000 0 224 ) 
4 264 306 (256 -256 96 ) (256 -256 208 ) (160.376007 -256 208 ) (160.376007 -256 96 ) 
4 264 307 (160.376007 -256 208 ) (160 -256 208 ) (160 -256 96 ) (160.376007 -256 96 ) 
4 264 266 (97.750000 0 32 ) (97.750000 -256 32 ) (97.750000 -256 208 ) (97.750000 0 208 ) 
4 266 273 (64 0 160 ) (64 0 32 ) (64 -40 32 ) (64 -40 160 ) 
4 267 318 (640 -256 -832 ) (640 -256 -64 ) (576 -256 -64 ) (576 -256 -832 ) 
4 267 269 (640 -256 -832 ) (576 -256 -832 ) (576 0 -832 ) (640 0 -832 ) 
4 267 268 (576 0 -832 ) (576 -256 -832 ) (576 -256 -64 ) (576 0 -64 ) 
4 268 319 (576 -256 0 ) (448 -256 0 ) (448 -256 -832 ) (576 -256 -832 ) 
4 268 269 (576 -256 -832 ) (448 -256 -832 ) (448 0 -832 ) (576 0 -832 ) 
4 269 320 (448 -256 -832 ) (64 -256 -832 ) (64 -256 -1792 ) (448 -256 -1792 ) 
4 269 318 (640 -256 -1792 ) (640 -256 -832 ) (576 -256 -832 ) (576 -256 -1792 ) 
4 269 319 (576 -256 -832 ) (448 -256 -832 ) (448 -256 -1792 ) (576 -256 -1792 ) 
4 269 274 (64 0 -832 ) (64 0 -1792 ) (64 -256 -1792 ) (64 -256 -832 ) 
5 270 350 (0 -256 872 ) (0 -256 1536 ) (0 -96 1536 ) (0 -96 984 ) (0 -160 872 ) 
4 270 335 (0 -96 1536 ) (0 -48 1536 ) (0 -48 1068 ) (0 -96 984 ) 
3 270 325 (0 0 1152 ) (0 -48 1068 ) (0 -48 1236 ) 
4 270 323 (0 -48 1536 ) (0 0 1536 ) (0 0 1152 ) (0 -48 1236 ) 
4 270 302 (0 -256 1536 ) (0 -256 872 ) (64 -256 872 ) (64 -256 1536 ) 
4 270 272 (64 -160 872 ) (64 -256 872 ) (0 -256 872 ) (0 -160 872 ) 
4 271 337 (0 -96 872 ) (0 -48 872 ) (0 -48 704 ) (0 -96 704 ) 
4 271 324 (0 -48 872 ) (0 0 872 ) (0 0 704 ) (0 -48 704 ) 
4 272 352 (0 -256 480 ) (0 -256 704 ) (0 -160 704 ) (0 -160 480 ) 
4 272 351 (0 -256 704 ) (0 -256 872 ) (0 -160 872 ) (0 -160 704 ) 
4 272 302 (0 -256 872 ) (0 -256 480 ) (64 -256 480 ) (64 -256 872 ) 
4 273 334 (0 0 160 ) (0 0 32 ) (0 -40 32 ) (0 -40 160 ) 
4 274 362 (0 -256 -1792 ) (0 -256 -832 ) (0 0 -832 ) (0 0 -1792 ) 
4 274 320 (0 -256 -832 ) (0 -256 -1792 ) (64 -256 -1792 ) (64 -256 -832 ) 
4 275 317 (576 -480 1536 ) (416 -480 1536 ) (416 -480 480 ) (576 -480 480 ) 
4 275 310 (640 -480 480 ) (640 -480 1536 ) (576 -480 1536 ) (576 -480 480 ) 
4 275 309 (416 -320 480 ) (416 -480 480 ) (416 -480 1536 ) (416 -320 1536 ) 
4 275 302 (416 -256 1536 ) (416 -256 480 ) (416 -320 480 ) (416 -320 1536 ) 
4 275 301 (480 -480 480 ) (416 -480 480 ) (416 -320 480 ) (480 -320 480 ) 
4 275 300 (576 -480 480 ) (480 -480 480 ) (480 -416 480 ) (576 -416 480 ) 
4 275 297 (480 -416 480 ) (480 -379.123535 480 ) (576 -379.123535 480 ) (576 -416 480 ) 
4 275 294 (480 -379.123535 480 ) (480 -320 480 ) (516.868164 -320 480 ) (516.868164 -379.123535 480 ) 
4 275 291 (576 -379.123535 480 ) (516.868164 -379.123535 480 ) (516.868164 -320 480 ) (576 -320 480 ) 
4 276 290 (540.422424 -355.577362 341.064148 ) (514.241455 -381.761139 320 ) (576 -381.761841 320 ) (576 -355.577637 341.064270 ) 
3 276 287 (514.238525 -381.762756 320 ) (540.420715 -355.577942 341.065186 ) (514.238525 -343.506836 320 ) 
4 276 281 (514.240967 -343.504547 320 ) (540.421387 -355.574829 341.063721 ) (576 -355.575104 341.063812 ) (576 -343.504944 320 ) 
4 276 280 (514.238281 -354.239563 320 ) (514.238281 -343.505157 320 ) (576 -343.505554 320 ) (576 -354.241455 320 ) 
4 276 279 (576 -381.754608 320 ) (514.238281 -381.753906 320 ) (514.238281 -354.239563 320 ) (576 -354.241455 320 ) 
4 277 298 (640 -416 176 ) (576 -416 176 ) (576 -320 128 ) (640 -320 128 ) 
4 277 295 (576 -416 262.899139 ) (640 -416 262.899139 ) (640 -415.812012 264.005890 ) (576 -415.812012 264.005890 ) 
11 277 279 (576 -416 262.893311 ) (576 -412.117188 285.753906 ) (576 -401.675781 303.976563 ) (576 -386.329071 316.322571 ) (576 -367.815948 320 ) (576 -349.668030 316.320221 ) (576 -334.326294 303.978241 ) (576 -323.882080 285.751892 ) (576 -320 265 ) (576 -320 128 ) (576 -416 176 ) 
4 278 292 (480 -310.784363 262.895905 ) (480 -320 262.895905 ) (480.187988 -320 263.998077 ) (480.187988 -311.415924 263.998077 ) 
6 278 282 (576 -256 167.294083 ) (480 -256 167.295120 ) (480 -310.780670 262.893219 ) (482.732147 -320 278.981903 ) (573.384583 -320 278.981262 ) (576 -311.988525 265 ) 
6 278 279 (576 -320 127.996094 ) (576 -320 265 ) (573.384705 -320 278.980499 ) (482.732086 -320 278.981476 ) (480 -320 262.892944 ) (480 -320 128 ) 
4 279 301 (480 -416 176 ) (480 -416 262.893402 ) (480 -320 262.893219 ) (480 -320 128 ) 
4 279 300 (480 -416 262.893280 ) (480 -416 176 ) (576 -416 176 ) (576 -416 262.893341 ) 
4 279 299 (576 -416 176 ) (480 -416 176 ) (480 -320 128 ) (576 -320 128 ) 
4 279 297 (480.001038 -416 262.899139 ) (576 -416 262.899139 ) (576 -412.118347 285.751648 ) (483.881927 -412.118164 285.752747 ) 
5 279 294 (480 -320 262.895905 ) (480 -416 262.895935 ) (483.882477 -412.117462 285.753967 ) (483.882324 -323.882202 285.753082 ) (482.731842 -320 278.978210 ) 
4 279 291 (483.881744 -412.119141 285.753906 ) (576 -412.119324 285.752808 ) (576 -401.678375 303.975098 ) (494.322205 -401.679901 303.973083 ) 
4 279 290 (514.241455 -381.761139 320 ) (494.328400 -401.676361 303.978729 ) (576 -401.674835 303.980682 ) (576 -381.761841 320 ) 
4 279 289 (483.882477 -323.888275 285.763702 ) (483.882813 -412.109375 285.765625 ) (494.314636 -401.681458 303.967651 ) (494.314880 -334.319824 303.967834 ) 
6 279 288 (494.324677 -334.325684 303.978088 ) (494.323578 -401.671875 303.977203 ) (494.330414 -401.672852 303.982727 ) (514.238525 -381.762756 320 ) (514.238525 -354.239563 320 ) (494.329834 -334.328064 303.982239 ) 
5 279 286 (572.116882 -323.883179 285.757843 ) (576 -323.883209 285.757843 ) (576 -320 278.981232 ) (575.998596 -320 278.981232 ) (572.117737 -323.880554 285.753296 ) 
3 279 284 (575.998596 -320 278.981232 ) (573.384583 -320 278.981262 ) (572.117737 -323.880554 285.753296 ) 
4 279 283 (482.732147 -320 278.981903 ) (483.882813 -323.882813 285.757813 ) (572.116882 -323.883179 285.757843 ) (573.384583 -320 278.981262 ) 
5 279 281 (483.882813 -323.882813 285.757813 ) (494.320313 -334.320313 303.972656 ) (494.328003 -334.323853 303.978821 ) (576 -334.322662 303.975891 ) (576 -323.883209 285.757843 ) 
4 279 280 (576 -334.326111 303.978607 ) (494.332031 -334.327301 303.981537 ) (514.238281 -354.240234 320 ) (576 -354.242096 320 ) 
3 280 288 (514.238525 -354.239563 320 ) (514.238525 -343.506836 320 ) (494.329834 -334.328064 303.982239 ) 
4 280 281 (494.328003 -334.323853 303.978821 ) (514.240967 -343.504547 320 ) (576 -343.504944 320 ) (576 -334.322662 303.975891 ) 
4 281 290 (558.975952 -337.021851 355.991577 ) (540.422424 -355.577362 341.064148 ) (576 -355.577637 341.064270 ) (576 -337.021881 355.991699 ) 
4 281 289 (483.882477 -323.884308 285.763702 ) (483.882477 -323.888275 285.763702 ) (494.314880 -334.319824 303.967834 ) (494.314911 -327.289734 303.967865 ) 
4 281 288 (494.324799 -327.291687 303.978180 ) (494.324677 -334.325684 303.978088 ) (514.238525 -343.506836 320 ) (514.238525 -330.288879 320 ) 
4 281 287 (514.238525 -343.506836 320 ) (540.420715 -355.577942 341.065186 ) (558.974731 -337.022095 355.992981 ) (514.238525 -330.288879 320 ) 
4 281 286 (576 -323.883026 285.754425 ) (572.117554 -323.883026 285.754486 ) (565.711548 -330.289337 320 ) (576 -330.289337 320 ) 
4 281 285 (565.711548 -330.289337 320 ) (558.979309 -337.021851 355.989227 ) (576 -337.021881 355.989349 ) (576 -330.289337 320 ) 
5 281 283 (572.117554 -323.883026 285.754486 ) (483.882813 -323.883301 285.755890 ) (494.323639 -327.291443 303.974487 ) (558.973572 -337.021851 355.989227 ) (558.979309 -337.021851 355.989227 ) 
4 282 292 (480 -256 262.895905 ) (480 -310.784363 262.895905 ) (480.187988 -311.415924 263.998077 ) (480.187988 -256 263.998047 ) 
9 282 283 (482.731506 -320 278.978210 ) (573.387634 -320 278.977234 ) (572.121216 -320 285.747253 ) (561.675049 -320 303.975983 ) (546.331726 -320 316.319855 ) (528.184021 -320 320 ) (509.669189 -320 316.321838 ) (494.324921 -320 303.976593 ) (483.881989 -320 285.752960 ) 
3 283 294 (482.731842 -320 278.978210 ) (483.882324 -323.882202 285.753082 ) (483.882324 -320 285.753052 ) 
4 283 289 (483.882477 -320 285.763611 ) (483.882477 -323.884308 285.763702 ) (494.314911 -327.289734 303.967865 ) (494.314941 -320 303.967896 ) 
4 283 288 (494.324921 -320 303.978271 ) (494.324799 -327.291687 303.978180 ) (514.238525 -330.288879 320 ) (514.238586 -320 320 ) 
5 283 287 (514.238525 -330.288879 320 ) (558.974731 -337.022095 355.992981 ) (558.978027 -337.018799 355.995636 ) (558.978271 -320 355.995789 ) (514.238586 -320 320 ) 
4 283 286 (565.710205 -330.281982 320 ) (572.116028 -323.876160 285.756226 ) (572.116028 -320 285.756348 ) (565.710327 -320 320 ) 
5 283 285 (558.976868 -337.015320 355.994446 ) (565.710205 -330.281982 320 ) (565.710327 -320 320 ) (558.976807 -320 355.996277 ) (558.976563 -337.019531 355.996094 ) 
4 283 284 (572.116028 -323.876160 285.756226 ) (572.120117 -323.872070 285.734375 ) (573.384155 -320 278.977142 ) (572.116028 -320 285.756348 ) 
3 284 286 (572.119019 -320 285.752350 ) (572.118958 -323.882813 285.752502 ) (576.002014 -320 278.976501 ) 
3 285 290 (576 -319.995972 369.688446 ) (558.975952 -337.021851 355.991577 ) (576 -337.021881 355.991699 ) 
3 285 287 (558.978027 -337.018799 355.995636 ) (575.995117 -320 369.686890 ) (558.978271 -320 355.995789 ) 
4 285 286 (576 -330.289063 320 ) (565.709595 -330.289063 320 ) (565.709717 -320 320 ) (576 -320 320 ) 
4 287 290 (531.978638 -320 369.684784 ) (503.506500 -381.761017 320 ) (514.241455 -381.761139 320 ) (575.995972 -320 369.685211 ) 
3 287 289 (503.502045 -381.763702 320 ) (531.975647 -320 369.687378 ) (503.502167 -320 320 ) 
4 287 288 (503.506104 -381.757813 320 ) (503.506653 -320 320 ) (514.242188 -320 320 ) (514.242188 -381.753906 320 ) 
4 288 290 (503.506500 -381.761017 320 ) (494.325439 -401.676361 303.978729 ) (494.328400 -401.676361 303.978729 ) (514.241455 -381.761139 320 ) 
5 288 289 (494.314636 -401.681458 303.967651 ) (494.324219 -401.671875 303.984375 ) (503.502045 -381.763702 320 ) (503.502167 -320 320 ) (494.314941 -320 303.967865 ) 
4 289 294 (483.882477 -412.117462 285.753967 ) (486.976715 -401.677185 303.975189 ) (498.134827 -320 369.682251 ) (483.882324 -320 285.753021 ) 
4 289 291 (486.973785 -401.680054 303.972900 ) (483.879883 -412.119141 285.753906 ) (483.881744 -412.119141 285.753906 ) (494.322205 -401.679901 303.973083 ) 
4 289 290 (498.134430 -320 369.684479 ) (486.976563 -401.676483 303.978546 ) (494.325439 -401.676361 303.978729 ) (531.978638 -320 369.684784 ) 
3 290 294 (486.976715 -401.677185 303.975189 ) (511.183899 -320 446.524780 ) (498.134827 -320 369.682251 ) 
4 290 291 (511.181824 -320 446.526337 ) (486.973785 -401.680054 303.972900 ) (576 -401.678375 303.975098 ) (576 -320 446.525818 ) 
4 291 297 (576 -379.124023 480 ) (516.868164 -379.124023 480 ) (483.881927 -412.118164 285.752747 ) (576 -412.118347 285.751648 ) 
4 291 294 (483.882477 -412.117462 285.753967 ) (516.868530 -379.123993 480 ) (516.868530 -320 480 ) (511.183899 -320 446.524780 ) 
4 292 293 (480 -256 278.980469 ) (480 -320 278.981445 ) (480.187988 -320 279.309509 ) (480.187988 -256 279.308533 ) 
4 292 294 (480 -320 262.892944 ) (480.187988 -320 264 ) (480.187988 -320 279.306732 ) (480 -320 278.978668 ) 
4 293 294 (480.187988 -320 320 ) (480 -320 320 ) (480 -320 278.978668 ) (480.187988 -320 279.306732 ) 
4 294 301 (480 -416 262.893402 ) (480 -379.123535 480 ) (480 -320 480 ) (480 -320 262.893219 ) 
4 294 297 (480 -379.124023 480 ) (480 -416 262.899139 ) (480.001038 -416 262.899139 ) (516.868164 -379.124023 480 ) 
4 295 296 (576 -415.812012 279.305878 ) (576 -416 278.977783 ) (640 -416 278.977264 ) (640 -415.812012 279.305359 ) 
4 295 297 (576 -415.812012 263.993469 ) (576 -416 262.886719 ) (576 -416 278.977051 ) (576 -415.812012 279.305145 ) 
4 296 297 (576 -415.812012 279.305145 ) (576 -416 278.977051 ) (576 -416 320 ) (576 -415.812012 320 ) 
3 297 301 (480 -416 262.893402 ) (480 -416 480 ) (480 -379.123535 480 ) 
4 297 300 (480 -416 480 ) (480 -416 262.893280 ) (576 -416 262.893341 ) (576 -416 480 ) 
4 298 299 (576 -416 128 ) (576 -416 176.001953 ) (576 -320 128.001953 ) (576 -320 128 ) 
4 299 319 (576 -320 0 ) (576 -416 0 ) (480 -416 0 ) (480 -320 0 ) 
4 299 301 (480 -320 0 ) (480 -416 0 ) (480 -416 176 ) (480 -320 128 ) 
4 299 300 (480 -416 176 ) (480 -416 0 ) (576 -416 0 ) (576 -416 176 ) 
4 300 319 (576 -480 0 ) (480 -480 0 ) (480 -416 0 ) (576 -416 0 ) 
4 300 317 (480 -480 0 ) (576 -480 0 ) (576 -480 480 ) (480 -480 480 ) 
4 300 301 (480 -416 0 ) (480 -480 0 ) (480 -480 480 ) (480 -416 480 ) 
4 301 319 (480 -320 0 ) (480 -480 0 ) (448 -480 0 ) (448 -320 0 ) 
4 301 317 (416 -480 0 ) (480 -480 0 ) (480 -480 480 ) (416 -480 480 ) 
4 301 309 (416 -320 0 ) (416 -480 0 ) (416 -480 480 ) (416 -320 480 ) 
4 302 352 (0 -256 704 ) (0 -256 480 ) (0 -320 480 ) (0 -320 704 ) 
4 302 350 (0 -256 1536 ) (0 -256 872 ) (0 -320 872 ) (0 -320 1536 ) 
4 302 351 (0 -256 872 ) (0 -256 704 ) (0 -320 704 ) (0 -320 872 ) 
4 302 309 (0 -320 1536 ) (0 -320 480 ) (416 -320 480 ) (416 -320 1536 ) 
4 302 303 (64 -320 480 ) (0 -320 480 ) (0 -256 480 ) (64 -256 480 ) 
4 303 352 (0 -256 480 ) (0 -256 320 ) (0 -320 320 ) (0 -320 480 ) 
4 303 309 (0 -320 480 ) (0 -320 320 ) (64 -320 320 ) (64 -320 480 ) 
4 303 308 (64 -320 320 ) (0 -320 320 ) (0 -256 320 ) (64 -256 320 ) 
11 304 309 (416 -320 128 ) (416 -320 266 ) (412.304901 -320 285.752960 ) (401.863861 -320 303.974518 ) (386.518738 -320 316.319824 ) (368.371002 -320 320 ) (349.858032 -320 316.321991 ) (334.513092 -320 303.976868 ) (324.070007 -320 285.752960 ) (320 -320 261.785828 ) (320 -320 128 ) 
4 304 305 (320 -256 261.785156 ) (320 -320 261.785156 ) (320.376038 -320 264 ) (320.376038 -256 264 ) 
4 305 309 (320.376038 -320 320 ) (320 -320 320 ) (320 -320 261.785828 ) (320.376038 -320 264 ) 
11 306 309 (256 -320 128 ) (256 -320 266 ) (252.304886 -320 285.752930 ) (241.863876 -320 303.974487 ) (226.518738 -320 316.319824 ) (208.370956 -320 320 ) (189.858063 -320 316.322021 ) (174.513046 -320 303.976837 ) (164.070007 -320 285.752991 ) (160.376007 -320 264 ) (160.376007 -320 128 ) 
4 306 307 (160.376007 -256 96 ) (160.376007 -320 128 ) (160.376007 -320 264 ) (160.376007 -256 264 ) 
4 307 309 (160.376007 -320 320 ) (160 -320 320 ) (160 -320 128 ) (160.376007 -320 128 ) 
4 308 352 (0 -256 320 ) (0 -256 0 ) (0 -320 0 ) (0 -320 320 ) 
4 308 309 (0 -320 320 ) (0 -320 0 ) (64 -320 0 ) (64 -320 320 ) 
4 309 352 (0 -320 704 ) (0 -320 0 ) (0 -480 0 ) (0 -480 704 ) 
4 309 350 (0 -320 1536 ) (0 -320 872 ) (0 -480 872 ) (0 -480 1536 ) 
4 309 351 (0 -320 872 ) (0 -320 704 ) (0 -480 704 ) (0 -480 872 ) 
4 309 317 (0 -480 1536 ) (0 -480 0 ) (416 -480 0 ) (416 -480 1536 ) 
4 310 363 (640 -1024 480 ) (640 -1024 1536 ) (576 -1024 1536 ) (576 -1024 480 ) 
4 310 317 (576 -480 1536 ) (576 -480 480 ) (576 -1024 480 ) (576 -1024 1536 ) 
4 310 311 (576 -1024 480 ) (576 -896 480 ) (640 -896 480 ) (640 -1024 480 ) 
4 311 363 (640 -1024 320 ) (640 -1024 480 ) (576 -1024 480 ) (576 -1024 320 ) 
4 311 317 (576 -896 320 ) (576 -1024 320 ) (576 -1024 480 ) (576 -896 480 ) 
4 311 316 (576 -1024 320 ) (576 -896 320 ) (640 -896 320 ) (640 -1024 320 ) 
11 312 317 (576 -480 266 ) (576 -480 128 ) (576 -576 128 ) (576 -576 261.785828 ) (576 -571.930664 285.752411 ) (576 -561.488770 303.971649 ) (576 -546.135803 316.323456 ) (576 -527.629089 320 ) (576 -509.485657 316.321320 ) (576 -494.130371 303.968445 ) (576 -483.695587 285.758575 ) 
4 312 313 (576 -576 261.785156 ) (640 -576 261.785156 ) (640 -575.624023 264 ) (576 -575.624023 264 ) 
4 313 317 (576 -576 261.785828 ) (576 -576 320 ) (576 -575.624023 320 ) (576 -575.624023 264 ) 
12 314 317 (576 -687.625122 320 ) (576 -687.596436 320 ) (576 -669.496582 316.330170 ) (576 -654.133911 303.971313 ) (576 -643.696838 285.757141 ) (576 -640 265.998871 ) (576 -640 128 ) (576 -735.624023 128 ) (576 -735.624023 264 ) (576 -731.930481 285.753204 ) (576 -721.487183 303.974426 ) (576 -706.143005 316.321594 ) 
4 314 315 (576 -735.624023 128 ) (640 -735.624023 96 ) (640 -735.624023 264 ) (576 -735.624023 264 ) 
4 315 317 (576 -736 128 ) (576 -736 320 ) (576 -735.624023 320 ) (576 -735.624023 128 ) 
4 316 363 (640 -1024 0 ) (640 -1024 320 ) (576 -1024 320 ) (576 -1024 0 ) 
4 316 321 (640 -896 0 ) (640 -1024 0 ) (576 -1024 0 ) (576 -896 0 ) 
4 316 317 (576 -896 0 ) (576 -1024 0 ) (576 -1024 320 ) (576 -896 320 ) 
4 317 364 (0 -1024 1536 ) (0 -1024 0 ) (512 -1024 0 ) (512 -1024 1536 ) 
4 317 363 (512 -1024 0 ) (576 -1024 0 ) (576 -1024 1536 ) (512 -1024 1536 ) 
4 317 352 (0 -1024 0 ) (0 -1024 704 ) (0 -480 704 ) (0 -480 0 ) 
4 317 350 (0 -1024 872 ) (0 -1024 1536 ) (0 -480 1536 ) (0 -480 872 ) 
4 317 351 (0 -1024 704 ) (0 -1024 872 ) (0 -480 872 ) (0 -480 704 ) 
4 317 321 (576 -1024 0 ) (512 -1024 0 ) (512 -704 0 ) (576 -704 0 ) 
4 317 319 (448 -480 0 ) (576 -480 0 ) (576 -704 0 ) (448 -704 0 ) 
4 318 321 (640 -704 -1792 ) (640 -704 -64 ) (576 -704 -64 ) (576 -704 -1792 ) 
4 318 319 (576 -256 -1792 ) (576 -704 -1792 ) (576 -704 -64 ) (576 -256 -64 ) 
4 319 322 (448 -704 -832 ) (448 -704 -1792 ) (512 -704 -1792 ) (512 -704 -832 ) 
4 319 321 (576 -704 0 ) (512 -704 0 ) (512 -704 -1792 ) (576 -704 -1792 ) 
4 319 320 (448 -256 -1792 ) (448 -704 -1792 ) (448 -704 -832 ) (448 -256 -832 ) 
4 320 362 (0 -704 -1792 ) (0 -704 -832 ) (0 -256 -832 ) (0 -256 -1792 ) 
4 320 322 (0 -704 -832 ) (0 -704 -1792 ) (448 -704 -1792 ) (448 -704 -832 ) 
4 321 366 (640 -1024 -1792 ) (640 -1024 -832 ) (512 -1024 -832 ) (512 -1024 -1792 ) 
4 321 363 (640 -1024 -832 ) (640 -1024 0 ) (512 -1024 0 ) (512 -1024 -832 ) 
4 321 322 (512 -704 -832 ) (512 -704 -1792 ) (512 -1024 -1792 ) (512 -1024 -832 ) 
4 322 366 (0 -1024 -832 ) (0 -1024 -1792 ) (512 -1024 -1792 ) (512 -1024 -832 ) 
4 322 362 (0 -1024 -1792 ) (0 -1024 -832 ) (0 -704 -832 ) (0 -704 -1792 ) 
4 323 353 (-192 -48 1236 ) (-192 -48 1536 ) (-192 0 1536 ) (-192 0 1152 ) 
4 323 335 (-192 -48 1536 ) (-192 -48 1236 ) (0 -48 1236 ) (0 -48 1536 ) 
4 323 325 (0 0 1152 ) (0 -48 1236 ) (-192 -48 1236 ) (-192 0 1152 ) 
4 324 354 (-192 -48 704 ) (-192 -48 872 ) (-192 0 872 ) (-192 0 704 ) 
4 324 338 (-192 -48 872 ) (-192 -48 696 ) (-144 -48 696 ) (-144 -48 872 ) 
4 324 337 (-144 -48 696 ) (0 -48 696 ) (0 -48 872 ) (-144 -48 872 ) 
4 324 336 (-192 -48 957 ) (-192 -48 872 ) (0 -48 872 ) (0 -48 957 ) 
4 324 326 (0 -48 696 ) (-48 -48 696 ) (-48 0 696 ) (0 0 696 ) 
3 325 353 (-192 -48 1068 ) (-192 -48 1236 ) (-192 0 1152 ) 
4 325 335 (-192 -48 1236 ) (-192 -48 1068 ) (0 -48 1068 ) (0 -48 1236 ) 
4 326 337 (-48 -48 680 ) (0 -48 680 ) (0 -48 696 ) (-48 -48 696 ) 
4 326 327 (0 -48 680 ) (-48 -48 680 ) (-48 0 680 ) (0 0 680 ) 
4 327 337 (0 -48 624 ) (0 -48 680 ) (-48 -48 680 ) (-48 -48 624 ) 
4 327 330 (-48 -48 624 ) (-48 -48 680 ) (-48 0 680 ) (-48 0 652 ) 
4 328 343 (0 -48 552 ) (0 -48 568 ) (-48 -48 568 ) (-48 -48 552 ) 
4 328 342 (0 -48 568 ) (0 -48 608 ) (-48 -48 608 ) (-48 -48 568 ) 
4 328 344 (0 -48 400 ) (0 -48 552 ) (-48 -48 552 ) (-48 -48 400 ) 
4 328 330 (-48 -48 400 ) (-48 -48 608 ) (-48 0 636 ) (-48 0 428 ) 
4 329 348 (-48 -48 224 ) (0 -48 224 ) (0 -48 328 ) (-48 -48 328 ) 
4 329 347 (0 -48 328 ) (0 -48 344 ) (-48 -48 344 ) (-48 -48 328 ) 
4 329 345 (0 -48 344 ) (0 -48 384 ) (-48 -48 384 ) (-48 -48 344 ) 
4 329 330 (-48 0 224 ) (-48 -48 224 ) (-48 -48 384 ) (-48 0 412 ) 
4 330 348 (-144 -48 224 ) (-48 -48 224 ) (-48 -48 328 ) (-144 -48 328 ) 
4 330 347 (-48 -48 328 ) (-48 -48 344 ) (-116.571419 -48 344 ) (-144 -48 328 ) 
3 330 346 (-48 -48 400 ) (-144 -48 400 ) (-144 -48 344 ) 
3 330 345 (-48 -48 344 ) (-48 -48 384 ) (-116.571419 -48 344 ) 
4 330 343 (-48 -48 552 ) (-48 -48 568 ) (-116.571465 -48 568 ) (-144 -48 552 ) 
3 330 342 (-48 -48 568 ) (-48 -48 608 ) (-116.571465 -48 568 ) 
3 330 341 (-75.428497 -48 608 ) (-144 -48 608 ) (-144 -48 568 ) 
4 330 340 (-48 -48 624 ) (-144 -48 624 ) (-144 -48 608 ) (-75.428497 -48 608 ) 
4 330 344 (-48 -48 400 ) (-48 -48 552 ) (-144 -48 552 ) (-144 -48 400 ) 
4 330 337 (-48 -48 624 ) (-48 -48 680 ) (-144 -48 680 ) (-144 -48 624 ) 
4 330 333 (-144 -48 568 ) (-144 -48 680 ) (-144 0 680 ) (-144 0 540 ) 
4 330 332 (-144 0 224 ) (-144 -48 224 ) (-144 -48 328 ) (-144 0 300 ) 
4 330 331 (-144 -48 344 ) (-144 -48 552 ) (-144 0 524 ) (-144 0 316 ) 
4 331 346 (-192 -48 400 ) (-192 -48 344 ) (-144 -48 344 ) (-144 -48 400 ) 
4 331 344 (-192 -48 552 ) (-192 -48 400 ) (-144 -48 400 ) (-144 -48 552 ) 
4 332 348 (-192 -48 328 ) (-192 -48 224 ) (-144 -48 224 ) (-144 -48 328 ) 
4 333 341 (-192 -48 608 ) (-192 -48 568 ) (-144 -48 568 ) (-144 -48 608 ) 
4 333 340 (-192 -48 624 ) (-192 -48 608 ) (-144 -48 608 ) (-144 -48 624 ) 
4 333 339 (-192 -48 680 ) (-192 -48 624 ) (-144 -48 624 ) (-144 -48 680 ) 
4 334 355 (-192 -48 32 ) (-192 -48 160 ) (-192 0 160 ) (-192 0 32 ) 
4 334 349 (-192 -48 208 ) (-192 -48 32 ) (0 -48 32 ) (0 -48 208 ) 
4 335 353 (-192 -96 984 ) (-192 -96 1536 ) (-192 -48 1536 ) (-192 -48 1068 ) 
4 335 350 (-192 -96 1536 ) (-192 -96 984 ) (0 -96 984 ) (0 -96 1536 ) 
4 336 338 (-144 -96 872 ) (-192 -96 872 ) (-192 -48 872 ) (-144 -48 872 ) 
4 336 337 (0 -96 872 ) (-144 -96 872 ) (-144 -48 872 ) (0 -48 872 ) 
4 337 351 (0 -96 704 ) (0 -96 872 ) (-144 -96 872 ) (-144 -96 704 ) 
4 337 340 (-48 -96 624 ) (-144 -96 624 ) (-144 -48 624 ) (-48 -48 624 ) 
4 337 338 (-144 -96 696 ) (-144 -96 872 ) (-144 -48 872 ) (-144 -48 696 ) 
4 337 339 (-144 -48 624 ) (-144 -96 624 ) (-144 -96 680 ) (-144 -48 680 ) 
4 338 356 (-192 -96 704 ) (-192 -96 872 ) (-192 -48 872 ) (-192 -48 704 ) 
4 338 351 (-192 -96 872 ) (-192 -96 704 ) (-144 -96 704 ) (-144 -96 872 ) 
4 339 340 (-144 -96 624 ) (-192 -96 624 ) (-192 -48 624 ) (-144 -48 624 ) 
4 340 341 (-75.428490 -96 608 ) (-192 -96 608 ) (-192 -48 608 ) (-75.428490 -48 608 ) 
4 342 343 (0 -96 568 ) (-116.571411 -96 568 ) (-116.571411 -48 568 ) (0 -48 568 ) 
4 343 344 (0 -96 552 ) (-144 -96 552 ) (-144 -48 552 ) (0 -48 552 ) 
4 344 346 (-48 -96 400 ) (-192 -96 400 ) (-192 -48 400 ) (-48 -48 400 ) 
4 345 347 (0 -96 344 ) (-116.571419 -96 344 ) (-116.571411 -48 344 ) (0 -48 344 ) 
4 347 348 (0 -96 328 ) (-144 -96 328 ) (-144 -48 328 ) (0 -48 328 ) 
4 350 367 (0 -1024 872 ) (0 -1024 1536 ) (-192 -1024 1536 ) (-192 -1024 872 ) 
5 350 353 (-192 -1024 872 ) (-192 -1024 1536 ) (-192 -96 1536 ) (-192 -96 984 ) (-192 -160 872 ) 
4 350 351 (-192 -1024 872 ) (-192 -160 872 ) (0 -160 872 ) (0 -1024 872 ) 
4 351 367 (0 -1024 704 ) (0 -1024 872 ) (-192 -1024 872 ) (-192 -1024 704 ) 
4 351 357 (-192 -1024 704 ) (-192 -1024 872 ) (-192 -160 872 ) (-192 -160 704 ) 
4 351 352 (-192 -1024 704 ) (-192 -160 704 ) (0 -160 704 ) (0 -1024 704 ) 
4 352 367 (-192 -1024 0 ) (0 -1024 0 ) (0 -1024 704 ) (-192 -1024 704 ) 
4 352 358 (-192 -160 0 ) (-192 -1024 0 ) (-192 -1024 704 ) (-192 -160 704 ) 
4 353 367 (-192 -1024 872 ) (-192 -1024 1536 ) (-256 -1024 1536 ) (-256 -1024 872 ) 
4 353 359 (-256 0 1536 ) (-256 0 1152 ) (-256 -48 1068 ) (-256 -48 1536 ) 
5 353 360 (-256 -48 1068 ) (-256 -160 872 ) (-256 -1024 872 ) (-256 -1024 1536 ) (-256 -48 1536 ) 
4 353 357 (-256 -1024 872 ) (-256 -160 872 ) (-192 -160 872 ) (-192 -1024 872 ) 
4 354 359 (-256 0 872 ) (-256 0 704 ) (-256 -48 704 ) (-256 -48 872 ) 
4 354 356 (-192 -48 704 ) (-192 -48 872 ) (-256 -48 872 ) (-256 -48 704 ) 
4 355 359 (-256 0 160 ) (-256 0 32 ) (-256 -48 32 ) (-256 -48 160 ) 
4 356 360 (-256 -96 872 ) (-256 -48 872 ) (-256 -48 704 ) (-256 -96 704 ) 
4 357 367 (-192 -1024 704 ) (-192 -1024 872 ) (-256 -1024 872 ) (-256 -1024 704 ) 
4 357 360 (-256 -1024 704 ) (-256 -1024 872 ) (-256 -160 872 ) (-256 -160 704 ) 
4 357 358 (-256 -1024 704 ) (-256 -160 704 ) (-192 -160 704 ) (-192 -1024 704 ) 
4 358 367 (-256 -1024 0 ) (-192 -1024 0 ) (-192 -1024 704 ) (-256 -1024 704 ) 
4 358 360 (-256 -160 0 ) (-256 -1024 0 ) (-256 -1024 704 ) (-256 -160 704 ) 
4 359 360 (-288 -48 1536 ) (-288 -48 16 ) (-256 -48 16 ) (-256 -48 1536 ) 
4 359 361 (-288 -48 16 ) (-288 -48 1536 ) (-288 0 1536 ) (-288 0 16 ) 
4 360 367 (-288 -1024 0 ) (-256 -1024 0 ) (-256 -1024 1536 ) (-288 -1024 1536 ) 
4 360 361 (-288 -48 0 ) (-288 -1024 0 ) (-288 -1024 1536 ) (-288 -48 1536 ) 
4 361 372 (-1024 0 1536 ) (-1024 0 0 ) (-1024 -1024 0 ) (-1024 -1024 1536 ) 
4 361 367 (-1024 -1024 1536 ) (-1024 -1024 0 ) (-288 -1024 0 ) (-288 -1024 1536 ) 
4 362 375 (-1024 0 -832 ) (-1024 0 -1792 ) (-1024 -1024 -1792 ) (-1024 -1024 -832 ) 
4 362 369 (-1024 -1024 -832 ) (-1024 -1024 -1792 ) (0 -1024 -1792 ) (0 -1024 -832 ) 
4 363 370 (1024 -2048 -832 ) (1024 -2048 1536 ) (512 -2048 1536 ) (512 -2048 -832 ) 
4 363 366 (512 -1024 -832 ) (1024 -1024 -832 ) (1024 -2048 -832 ) (512 -2048 -832 ) 
4 363 364 (512 -1536 0 ) (512 -1536 1536 ) (512 -1024 1536 ) (512 -1024 0 ) 
4 363 365 (512 -1536 -832 ) (512 -2048 -832 ) (512 -2048 1536 ) (512 -1536 1536 ) 
4 364 367 (0 -1024 1536 ) (0 -1024 0 ) (0 -1536 0 ) (0 -1536 1536 ) 
4 364 365 (512 -1536 0 ) (512 -1536 1536 ) (0 -1536 1536 ) (0 -1536 0 ) 
4 365 370 (512 -2048 1536 ) (0 -2048 1536 ) (0 -2048 -832 ) (512 -2048 -832 ) 
4 365 368 (0 -1536 -832 ) (0 -2048 -832 ) (0 -2048 1536 ) (0 -1536 1536 ) 
4 365 366 (512 -1536 -832 ) (512 -2048 -832 ) (0 -2048 -832 ) (0 -1536 -832 ) 
4 366 370 (1024 -2048 -1792 ) (1024 -2048 -832 ) (0 -2048 -832 ) (0 -2048 -1792 ) 
4 366 369 (0 -1024 -832 ) (0 -1024 -1792 ) (0 -2048 -1792 ) (0 -2048 -832 ) 
4 367 376 (-1024 -1536 1536 ) (-1024 -1024 1536 ) (-1024 -1024 0 ) (-1024 -1536 0 ) 
4 367 368 (0 -1536 0 ) (0 -1536 1536 ) (-1024 -1536 1536 ) (-1024 -1536 0 ) 
4 368 377 (-1024 -2048 -832 ) (-1024 -2048 1536 ) (-1024 -1536 1536 ) (-1024 -1536 -832 ) 
4 368 371 (0 -2048 -832 ) (0 -2048 1536 ) (-1024 -2048 1536 ) (-1024 -2048 -832 ) 
4 368 369 (-1024 -2048 -832 ) (-1024 -1536 -832 ) (0 -1536 -832 ) (0 -2048 -832 ) 
4 369 379 (-1024 -2048 -1792 ) (-1024 -2048 -832 ) (-1024 -1024 -832 ) (-1024 -1024 -1792 ) 
4 369 371 (0 -2048 -1792 ) (0 -2048 -832 ) (-1024 -2048 -832 ) (-1024 -2048 -1792 ) 
4 370 371 (0 -2304 -1792 ) (0 -2304 1536 ) (0 -2048 1536 ) (0 -2048 -1792 ) 
4 371 382 (-1024 -2304 -1792 ) (-1024 -2304 1536 ) (-1024 -2048 1536 ) (-1024 -2048 -1792 ) 
4 372 380 (-2048 0 1536 ) (-2048 0 0 ) (-2048 -1024 0 ) (-2048 -1024 1536 ) 
4 372 376 (-1024 -1024 0 ) (-1024 -1024 1536 ) (-1280 -1024 1536 ) (-1280 -1024 0 ) 
4 372 378 (-1280 -1024 1536 ) (-2048 -1024 1536 ) (-2048 -1024 0 ) (-1280 -1024 0 ) 
4 372 374 (-1280 -1024 0 ) (-2048 -1024 0 ) (-2048 -704 0 ) (-1280 -704 0 ) 
4 372 373 (-2048 -704 0 ) (-2048 0 0 ) (-1280 0 0 ) (-1280 -704 0 ) 
4 373 380 (-2048 0 0 ) (-2048 0 -832 ) (-2048 -704 -832 ) (-2048 -704 0 ) 
4 373 375 (-2048 -704 -832 ) (-2048 0 -832 ) (-1280 0 -832 ) (-1280 -704 -832 ) 
4 373 374 (-2048 -704 -832 ) (-1280 -704 -832 ) (-1280 -704 0 ) (-2048 -704 0 ) 
4 374 380 (-2048 -704 -832 ) (-2048 -1024 -832 ) (-2048 -1024 0 ) (-2048 -704 0 ) 
4 374 378 (-1280 -1024 0 ) (-2048 -1024 0 ) (-2048 -1024 -832 ) (-1280 -1024 -832 ) 
4 374 375 (-2048 -1024 -832 ) (-2048 -704 -832 ) (-1280 -704 -832 ) (-1280 -1024 -832 ) 
4 375 380 (-2048 0 -832 ) (-2048 0 -1792 ) (-2048 -1024 -1792 ) (-2048 -1024 -832 ) 
4 375 379 (-1024 -1024 -1792 ) (-1024 -1024 -832 ) (-2048 -1024 -832 ) (-2048 -1024 -1792 ) 
4 376 377 (-1280 -1536 1536 ) (-1280 -1536 0 ) (-1024 -1536 0 ) (-1024 -1536 1536 ) 
4 376 378 (-1280 -1536 0 ) (-1280 -1536 1536 ) (-1280 -1024 1536 ) (-1280 -1024 0 ) 
4 377 382 (-1024 -2048 -832 ) (-1024 -2048 1536 ) (-1280 -2048 1536 ) (-1280 -2048 -832 ) 
4 377 379 (-1024 -1536 -832 ) (-1024 -2048 -832 ) (-1280 -2048 -832 ) (-1280 -1536 -832 ) 
4 377 378 (-1280 -1536 -832 ) (-1280 -2048 -832 ) (-1280 -2048 1536 ) (-1280 -1536 1536 ) 
4 378 382 (-1280 -2048 1536 ) (-2048 -2048 1536 ) (-2048 -2048 -832 ) (-1280 -2048 -832 ) 
4 378 381 (-2048 -2048 -832 ) (-2048 -2048 1536 ) (-2048 -1024 1536 ) (-2048 -1024 -832 ) 
4 378 379 (-2048 -2048 -832 ) (-2048 -1024 -832 ) (-1280 -1024 -832 ) (-1280 -2048 -832 ) 
4 379 382 (-1024 -2048 -1792 ) (-1024 -2048 -832 ) (-2048 -2048 -832 ) (-2048 -2048 -1792 ) 
4 379 381 (-2048 -2048 -1792 ) (-2048 -2048 -832 ) (-2048 -1024 -832 ) (-2048 -1024 -1792 ) 
4 380 381 (-2048 -1024 -1792 ) (-2048 -1024 1536 ) (-2560 -1024 1536 ) (-2560 -1024 -1792 ) 
4 381 383 (-2048 -2048 -1792 ) (-2048 -2048 1536 ) (-2560 -2048 1536 ) (-2560 -2048 -1792 ) 
4 382 383 (-2048 -2048 1536 ) (-2048 -2048 -1792 ) (-2048 -2304 -1792 ) (-2048 -2304 1536 ) 
