PRT1
889
3028
4 0 6 (2944 1024 2048 ) (2048 1024 2048 ) (2048 1024 -1264 ) (2944 1024 -1264 ) 
4 0 3 (2048 1536 -1264 ) (2048 1024 -1264 ) (2048 1024 2048 ) (2048 1536 2048 ) 
4 0 1 (2944 1024 -1264 ) (2048 1024 -1264 ) (2048 1536 -1264 ) (2944 1536 -1264 ) 
4 1 7 (2944 1024 -2032 ) (2944 1024 -1264 ) (2048 1024 -1264 ) (2048 1024 -2032 ) 
4 1 4 (2048 1024 -2032 ) (2048 1024 -1264 ) (2048 1536 -1264 ) (2048 1536 -2032 ) 
4 1 2 (2048 1024 -2032 ) (2048 1536 -2032 ) (2944 1536 -2032 ) (2944 1024 -2032 ) 
4 2 8 (2944 1024 -2048 ) (2944 1024 -2032 ) (2048 1024 -2032 ) (2048 1024 -2048 ) 
4 2 5 (2048 1024 -2048 ) (2048 1024 -2032 ) (2048 1536 -2032 ) (2048 1536 -2048 ) 
4 3 52 (1024 1024 -1264 ) (1024 1024 2048 ) (1024 1536 2048 ) (1024 1536 -1264 ) 
4 3 20 (1024 1024 -8 ) (1024 1024 -1264 ) (1216 1024 -1264 ) (1216 1024 -8 ) 
4 3 19 (1216 1024 -1264 ) (2048 1024 -1264 ) (2048 1024 -8 ) (1216 1024 -8 ) 
4 3 15 (1024 1024 384 ) (1024 1024 -8 ) (1172.270020 1024 -8 ) (1172.270020 1024 384 ) 
4 3 14 (1024 1024 2048 ) (1024 1024 384 ) (1172.270020 1024 384 ) (1172.270020 1024 2048 ) 
4 3 10 (1172.270020 1024 -8 ) (2048 1024 -8 ) (2048 1024 384 ) (1172.270020 1024 384 ) 
4 3 9 (2048 1024 384 ) (2048 1024 2048 ) (1172.270020 1024 2048 ) (1172.270020 1024 384 ) 
4 3 4 (2048 1536 -1264 ) (2048 1024 -1264 ) (1024 1024 -1264 ) (1024 1536 -1264 ) 
4 4 53 (1024 1024 -2032 ) (1024 1024 -1264 ) (1024 1536 -1264 ) (1024 1536 -2032 ) 
4 4 24 (1024 1024 -1264 ) (1024 1024 -2032 ) (2048 1024 -2032 ) (2048 1024 -1264 ) 
4 4 5 (2048 1024 -2032 ) (1024 1024 -2032 ) (1024 1536 -2032 ) (2048 1536 -2032 ) 
4 5 54 (1024 1024 -2048 ) (1024 1024 -2032 ) (1024 1536 -2032 ) (1024 1536 -2048 ) 
4 5 25 (1024 1024 -2032 ) (1024 1024 -2048 ) (2048 1024 -2048 ) (2048 1024 -2032 ) 
4 6 26 (2944 0 2048 ) (2048 0 2048 ) (2048 0 -1264 ) (2944 0 -1264 ) 
4 6 22 (2048 320 -1264 ) (2048 0 -1264 ) (2048 0 -8 ) (2048 320 -8 ) 
4 6 19 (2048 1024 -8 ) (2048 1024 -1264 ) (2048 320 -1264 ) (2048 320 -8 ) 
4 6 11 (2048 88 -8 ) (2048 0 -8 ) (2048 0 2048 ) (2048 88 2048 ) 
4 6 10 (2048 1024 384 ) (2048 1024 -8 ) (2048 88 -8 ) (2048 88 384 ) 
4 6 9 (2048 1024 2048 ) (2048 1024 384 ) (2048 88 384 ) (2048 88 2048 ) 
4 6 7 (2048 1024 -1264 ) (2944 1024 -1264 ) (2944 0 -1264 ) (2048 0 -1264 ) 
4 7 27 (2944 0 -2032 ) (2944 0 -1264 ) (2048 0 -1264 ) (2048 0 -2032 ) 
4 7 24 (2048 1024 -1264 ) (2048 1024 -2032 ) (2048 0 -2032 ) (2048 0 -1264 ) 
4 7 8 (2048 0 -2032 ) (2048 1024 -2032 ) (2944 1024 -2032 ) (2944 0 -2032 ) 
4 8 28 (2944 0 -2048 ) (2944 0 -2032 ) (2048 0 -2032 ) (2048 0 -2048 ) 
4 8 25 (2048 1024 -2032 ) (2048 1024 -2048 ) (2048 0 -2048 ) (2048 0 -2032 ) 
4 9 14 (1172.270020 88 384 ) (1172.270020 88 2048 ) (1172.270020 1024 2048 ) (1172.270020 1024 384 ) 
4 9 12 (1172.270020 88 2048 ) (1172.270020 88 384 ) (1200 88 384 ) (1200 88 2048 ) 
4 9 11 (1200 88 384 ) (2048 88 384 ) (2048 88 2048 ) (1200 88 2048 ) 
5 9 10 (2048 88 384 ) (1200 88 384 ) (1172.270020 100.709579 384 ) (1172.270020 1024 384 ) (2048 1024 384 ) 
4 10 22 (1216 320 -8 ) (2048 320 -8 ) (2048 88 -8 ) (1216 88 -8 ) 
4 10 20 (1172.270020 640 -8 ) (1172.270020 1024 -8 ) (1216 1024 -8 ) (1216 640 -8 ) 
4 10 19 (1216 1024 -8 ) (2048 1024 -8 ) (2048 320 -8 ) (1216 320 -8 ) 
4 10 15 (1172.270020 1024 -8 ) (1172.270020 100.709534 -8 ) (1172.270020 100.709579 384 ) (1172.270020 1024 384 ) 
4 10 11 (1200 88 -8 ) (2048 88 -8 ) (2048 88 384 ) (1200 88 384 ) 
4 11 29 (2048 0 -8 ) (2048 0 2048 ) (1200 0 2048 ) (1200 0 -8 ) 
4 11 22 (2048 0 -8 ) (1216 0 -8 ) (1216 88 -8 ) (2048 88 -8 ) 
7 11 13 (1200 54.153801 64 ) (1200 0 64 ) (1200 0 344 ) (1200 20.307631 340 ) (1200 38.076900 330 ) (1200 49.923103 314 ) (1200 54.153801 296 ) 
4 11 12 (1200 88 2048 ) (1200 88 384 ) (1200 0 384 ) (1200 0 2048 ) 
4 12 30 (1172.270020 0 2048 ) (1172.270020 0 384 ) (1200 0 384 ) (1200 0 2048 ) 
4 12 14 (1172.270020 0 384 ) (1172.270020 0 2048 ) (1172.270020 88 2048 ) (1172.270020 88 384 ) 
4 13 31 (1172.270020 0 344 ) (1172.270020 0 64 ) (1200 0 64 ) (1200 0 344 ) 
7 13 18 (1172.270020 0 64 ) (1172.270020 0 336 ) (1172.270020 27.415318 336 ) (1172.270020 38.076900 330 ) (1172.270020 49.923103 314 ) (1172.270020 54.153801 296 ) (1172.270020 54.153801 64 ) 
4 13 16 (1172.270020 0 336 ) (1172.270020 0 344 ) (1172.270020 20.307631 340 ) (1172.270020 27.415318 336 ) 
5 14 148 (1024 0 528 ) (1024 0 2048 ) (1024 176 2048 ) (1024 176 384 ) (1024 132 384 ) 
3 14 120 (1024 0 384 ) (1024 0 528 ) (1024 132 384 ) 
4 14 72 (1024 176 2048 ) (1024 560 2048 ) (1024 560 384 ) (1024 176 384 ) 
4 14 63 (1024 560 2048 ) (1024 608.076050 2048 ) (1024 608.076050 384 ) (1024 560 384 ) 
4 14 60 (1024 608.076050 2048 ) (1024 640 2048 ) (1024 640 384 ) (1024 608.076050 384 ) 
4 14 59 (1024 640 2048 ) (1024 1024 2048 ) (1024 1024 384 ) (1024 640 384 ) 
4 14 34 (1024 0 2048 ) (1024 0 384 ) (1172.270020 0 384 ) (1172.270020 0 2048 ) 
4 14 16 (1172.270020 87.867950 384 ) (1172.270020 0 384 ) (1172 0 384 ) (1172 88 384 ) 
4 14 15 (1024 1024 384 ) (1172.270020 1024 384 ) (1172.270020 100.709534 384 ) (1024 168.666672 384 ) 
4 15 151 (1024 176 0 ) (1024 176 -8 ) (1024 168.666687 -8 ) (1024 168.666687 0 ) 
4 15 150 (1024 168.666672 384 ) (1024 176 384 ) (1024 176 336 ) (1024 168.666672 344 ) 
4 15 121 (1024 176 336 ) (1024 176 0 ) (1024 168.666687 0 ) (1024 168.666672 344 ) 
4 15 72 (1024 176 384 ) (1024 560 384 ) (1024 560 -8 ) (1024 176 -8 ) 
4 15 69 (1024 608.076050 0 ) (1024 608.076050 -8 ) (1024 560 -8 ) (1024 560 0 ) 
4 15 63 (1024 560 384 ) (1024 608.076050 384 ) (1024 608.076050 0 ) (1024 560 0 ) 
4 15 60 (1024 608.076050 384 ) (1024 640 384 ) (1024 640 -8 ) (1024 608.076050 -8 ) 
4 15 59 (1024 640 384 ) (1024 1024 384 ) (1024 1024 -8 ) (1024 640 -8 ) 
4 15 20 (1024 640 -8 ) (1024 1024 -8 ) (1172.270020 1024 -8 ) (1172.270020 640 -8 ) 
4 16 36 (1172 0 336 ) (1172.270020 0 336 ) (1172.270020 0 384 ) (1172 0 384 ) 
4 16 18 (1172 88 336 ) (1172.270020 87.867943 336 ) (1172.270020 0 336 ) (1172 0 336 ) 
4 17 122 (1024 88 336 ) (1024 160.355530 336 ) (1024 160.355530 0 ) (1024 88 0 ) 
4 17 18 (1024 88 0 ) (1172 88 0 ) (1172 88 336 ) (1024 88 336 ) 
4 18 122 (1024 0 0 ) (1024 0 336 ) (1024 88 336 ) (1024 88 0 ) 
4 18 37 (1024 0 336 ) (1024 0 0 ) (1172.270020 0 0 ) (1172.270020 0 336 ) 
4 19 24 (1216 1024 -1264 ) (2048 1024 -1264 ) (2048 320 -1264 ) (1216 320 -1264 ) 
4 19 22 (1216 320 -1264 ) (2048 320 -1264 ) (2048 320 -8 ) (1216 320 -8 ) 
4 19 21 (1216 640 -1264 ) (1216 320 -1264 ) (1216 320 -256 ) (1216 640 -256 ) 
4 19 20 (1216 1024 -1264 ) (1216 640 -1264 ) (1216 640 -8 ) (1216 1024 -8 ) 
4 20 59 (1024 640 -8 ) (1024 1024 -8 ) (1024 1024 -1264 ) (1024 640 -1264 ) 
4 20 24 (1024 640 -1264 ) (1024 1024 -1264 ) (1216 1024 -1264 ) (1216 640 -1264 ) 
4 20 21 (1024 640 -1264 ) (1216 640 -1264 ) (1216 640 -256 ) (1024 640 -256 ) 
4 21 73 (1024 560 -1264 ) (1024 320 -1264 ) (1024 320 -256 ) (1024 560 -256 ) 
4 21 70 (1024 608.076050 -1264 ) (1024 560 -1264 ) (1024 560 -256 ) (1024 608.076050 -256 ) 
4 21 61 (1024 640 -256 ) (1024 640 -1264 ) (1024 608.076050 -1264 ) (1024 608.076050 -256 ) 
4 21 24 (1024 320 -1264 ) (1024 640 -1264 ) (1216 640 -1264 ) (1216 320 -1264 ) 
4 21 23 (1024 320 -1264 ) (1216 320 -1264 ) (1216 320 -256 ) (1024 320 -372.571411 ) 
4 22 39 (2048 0 -1264 ) (2048 0 -8 ) (1216 0 -8 ) (1216 0 -1264 ) 
4 22 24 (1216 320 -1264 ) (2048 320 -1264 ) (2048 0 -1264 ) (1216 0 -1264 ) 
4 22 23 (1216 320 -256 ) (1216 320 -1264 ) (1216 0 -1264 ) (1216 0 -256 ) 
4 23 152 (1024 0 -1264 ) (1024 0 -372.571350 ) (1024 176 -372.571381 ) (1024 176 -1264 ) 
4 23 74 (1024 176 -372.571381 ) (1024 320 -372.571381 ) (1024 320 -1264 ) (1024 176 -1264 ) 
4 23 40 (1024 0 -372.571381 ) (1024 0 -1264 ) (1216 0 -1264 ) (1216 0 -256 ) 
4 23 24 (1024 0 -1264 ) (1024 320 -1264 ) (1216 320 -1264 ) (1216 0 -1264 ) 
4 24 153 (1024 0 -2032 ) (1024 0 -1264 ) (1024 1024 -1264 ) (1024 1024 -2032 ) 
4 24 44 (2048 0 -2032 ) (2048 0 -1264 ) (1024 0 -1264 ) (1024 0 -2032 ) 
4 24 25 (2048 0 -2032 ) (1024 0 -2032 ) (1024 1024 -2032 ) (2048 1024 -2032 ) 
4 25 154 (1024 0 -2048 ) (1024 0 -2032 ) (1024 1024 -2032 ) (1024 1024 -2048 ) 
4 25 45 (2048 0 -2048 ) (2048 0 -2032 ) (1024 0 -2032 ) (1024 0 -2048 ) 
4 26 46 (2944 -1024 2048 ) (2048 -1024 2048 ) (2048 -1024 -1264 ) (2944 -1024 -1264 ) 
4 26 41 (2048 -320 -1264 ) (2048 -1024 -1264 ) (2048 -1024 -8 ) (2048 -320 -8 ) 
4 26 39 (2048 0 -8 ) (2048 0 -1264 ) (2048 -320 -1264 ) (2048 -320 -8 ) 
4 26 29 (2048 0 2048 ) (2048 0 -8 ) (2048 -1024 -8 ) (2048 -1024 2048 ) 
4 26 27 (2944 -1024 -1264 ) (2048 -1024 -1264 ) (2048 0 -1264 ) (2944 0 -1264 ) 
4 27 47 (2944 -1024 -2032 ) (2944 -1024 -1264 ) (2048 -1024 -1264 ) (2048 -1024 -2032 ) 
4 27 44 (2048 0 -1264 ) (2048 0 -2032 ) (2048 -1024 -2032 ) (2048 -1024 -1264 ) 
4 27 28 (2048 -1024 -2032 ) (2048 0 -2032 ) (2944 0 -2032 ) (2944 -1024 -2032 ) 
4 28 48 (2944 -1024 -2048 ) (2944 -1024 -2032 ) (2048 -1024 -2032 ) (2048 -1024 -2048 ) 
4 28 45 (2048 0 -2032 ) (2048 0 -2048 ) (2048 -1024 -2048 ) (2048 -1024 -2032 ) 
4 29 49 (2048 -1024 -8 ) (2048 -1024 2048 ) (1200 -1024 2048 ) (1200 -1024 -8 ) 
4 29 43 (1216 -1024 -8 ) (1200 -1024 -8 ) (1200 -640 -8 ) (1216 -640 -8 ) 
4 29 41 (2048 -1024 -8 ) (1216 -1024 -8 ) (1216 -320 -8 ) (2048 -320 -8 ) 
4 29 39 (1216 0 -8 ) (2048 0 -8 ) (2048 -320 -8 ) (1216 -320 -8 ) 
4 29 33 (1200 -88 -8 ) (1200 -1024 -8 ) (1200 -1024 384 ) (1200 -88 384 ) 
4 29 32 (1200 -1024 384 ) (1200 -1024 2048 ) (1200 -88 2048 ) (1200 -88 384 ) 
7 29 31 (1200 0 344 ) (1200 0 64 ) (1200 -54.153900 64 ) (1200 -54.153900 296 ) (1200 -49.923096 314 ) (1200 -38.076878 330 ) (1200 -20.307764 340 ) 
4 29 30 (1200 -88 384 ) (1200 -88 2048 ) (1200 0 2048 ) (1200 0 384 ) 
4 30 34 (1172.270020 0 2048 ) (1172.270020 0 384 ) (1172.270020 -88 384 ) (1172.270020 -88 2048 ) 
4 30 32 (1172.270020 -88 2048 ) (1172.270020 -88 384 ) (1200 -88 384 ) (1200 -88 2048 ) 
7 31 37 (1172.270020 0 336 ) (1172.270020 0 64 ) (1172.270020 -54.153900 64 ) (1172.270020 -54.153900 296 ) (1172.270020 -49.923096 314 ) (1172.270020 -38.076878 330 ) (1172.270020 -27.415398 336 ) 
4 31 36 (1172.270020 0 344 ) (1172.270020 0 336 ) (1172.270020 -27.415398 336 ) (1172.270020 -20.307764 340 ) 
4 32 49 (1172.270020 -1024 2048 ) (1172.270020 -1024 384 ) (1200 -1024 384 ) (1200 -1024 2048 ) 
4 32 34 (1172.270020 -1024 384 ) (1172.270020 -1024 2048 ) (1172.270020 -88 2048 ) (1172.270020 -88 384 ) 
4 32 33 (1172.270020 -1024 384 ) (1172.270020 -100.709534 384 ) (1200 -88 384 ) (1200 -1024 384 ) 
4 33 49 (1172.270020 -1024 384 ) (1172.270020 -1024 -8 ) (1200 -1024 -8 ) (1200 -1024 384 ) 
4 33 43 (1200 -1024 -8 ) (1172.270020 -1024 -8 ) (1172.270020 -640 -8 ) (1200 -640 -8 ) 
4 33 35 (1172.270020 -100.709579 -8 ) (1172.270020 -1024 -8 ) (1172.270020 -1024 384 ) (1172.270020 -100.709534 384 ) 
4 34 548 (1024 -1024 384 ) (1024 -1024 2048 ) (1024 -608.076050 2048 ) (1024 -608.076050 384 ) 
4 34 541 (1024 -608.076050 2048 ) (1024 -560 2048 ) (1024 -560 384 ) (1024 -608.076050 384 ) 
4 34 508 (1024 -560 2048 ) (1024 -176 2048 ) (1024 -176 384 ) (1024 -560 384 ) 
5 34 503 (1024 -176 2048 ) (1024 0 2048 ) (1024 0 528 ) (1024 -132 384 ) (1024 -176 384 ) 
3 34 468 (1024 0 528 ) (1024 0 384 ) (1024 -132 384 ) 
4 34 49 (1024 -1024 2048 ) (1024 -1024 384 ) (1172.270020 -1024 384 ) (1172.270020 -1024 2048 ) 
4 34 36 (1172.270020 0 384 ) (1172.270020 -87.867996 384 ) (1172 -88 384 ) (1172 0 384 ) 
4 34 35 (1172.270020 -100.709595 384 ) (1172.270020 -1024 384 ) (1024 -1024 384 ) (1024 -168.666687 384 ) 
4 35 548 (1024 -1024 -8 ) (1024 -1024 384 ) (1024 -608.076050 384 ) (1024 -608.076050 -8 ) 
4 35 546 (1024 -560 0 ) (1024 -560 -8 ) (1024 -608.076050 -8 ) (1024 -608.076050 0 ) 
4 35 541 (1024 -608.076050 384 ) (1024 -560 384 ) (1024 -560 0 ) (1024 -608.076050 0 ) 
4 35 508 (1024 -560 384 ) (1024 -176 384 ) (1024 -176 -8 ) (1024 -560 -8 ) 
4 35 506 (1024 -168.666672 0 ) (1024 -168.666672 -8 ) (1024 -176 -8 ) (1024 -176 0 ) 
4 35 505 (1024 -176 384 ) (1024 -168.666687 384 ) (1024 -168.666687 344 ) (1024 -176 336 ) 
4 35 469 (1024 -168.666687 344 ) (1024 -168.666672 0 ) (1024 -176 0 ) (1024 -176 336 ) 
4 35 49 (1024 -1024 384 ) (1024 -1024 -8 ) (1172.270020 -1024 -8 ) (1172.270020 -1024 384 ) 
4 35 43 (1172.270020 -1024 -8 ) (1024 -1024 -8 ) (1024 -640 -8 ) (1172.270020 -640 -8 ) 
4 36 37 (1172 0 336 ) (1172.270020 0 336 ) (1172.270020 -87.867989 336 ) (1172 -88 336 ) 
4 37 470 (1024 0 336 ) (1024 0 0 ) (1024 -88 0 ) (1024 -88 336 ) 
4 37 38 (1172 -88 336 ) (1024 -88 336 ) (1024 -88 0 ) (1172 -88 0 ) 
4 38 470 (1024 -160.355530 336 ) (1024 -88 336 ) (1024 -88 0 ) (1024 -160.355530 0 ) 
4 39 44 (2048 0 -1264 ) (2048 -320 -1264 ) (1216 -320 -1264 ) (1216 0 -1264 ) 
4 39 41 (1216 -320 -1264 ) (2048 -320 -1264 ) (2048 -320 -8 ) (1216 -320 -8 ) 
4 39 40 (1216 0 -1264 ) (1216 -320 -1264 ) (1216 -320 -256 ) (1216 0 -256 ) 
4 40 509 (1024 -176 -1264 ) (1024 -320 -1264 ) (1024 -320 -372.571350 ) (1024 -176 -372.571350 ) 
4 40 507 (1024 0 -372.571381 ) (1024 0 -1264 ) (1024 -176 -1264 ) (1024 -176 -372.571350 ) 
4 40 44 (1216 -320 -1264 ) (1024 -320 -1264 ) (1024 0 -1264 ) (1216 0 -1264 ) 
4 40 42 (1024 -320 -1264 ) (1216 -320 -1264 ) (1216 -320 -256 ) (1024 -320 -372.571381 ) 
4 41 49 (2048 -1024 -1264 ) (2048 -1024 -8 ) (1216 -1024 -8 ) (1216 -1024 -1264 ) 
4 41 44 (2048 -320 -1264 ) (2048 -1024 -1264 ) (1216 -1024 -1264 ) (1216 -320 -1264 ) 
4 41 42 (1216 -320 -256 ) (1216 -320 -1264 ) (1216 -640 -1264 ) (1216 -640 -256 ) 
4 41 43 (1216 -640 -1264 ) (1216 -1024 -1264 ) (1216 -1024 -8 ) (1216 -640 -8 ) 
4 42 549 (1024 -608.076050 -1264 ) (1024 -640 -1264 ) (1024 -640 -256 ) (1024 -608.076050 -256 ) 
4 42 547 (1024 -560 -1264 ) (1024 -608.076050 -1264 ) (1024 -608.076050 -256 ) (1024 -560 -256 ) 
4 42 510 (1024 -320 -256 ) (1024 -320 -1264 ) (1024 -560 -1264 ) (1024 -560 -256 ) 
4 42 44 (1024 -640 -1264 ) (1024 -320 -1264 ) (1216 -320 -1264 ) (1216 -640 -1264 ) 
4 42 43 (1024 -640 -1264 ) (1216 -640 -1264 ) (1216 -640 -256 ) (1024 -640 -256 ) 
4 43 550 (1024 -1024 -1264 ) (1024 -1024 -8 ) (1024 -640 -8 ) (1024 -640 -1264 ) 
4 43 49 (1216 -1024 -8 ) (1024 -1024 -8 ) (1024 -1024 -1264 ) (1216 -1024 -1264 ) 
4 43 44 (1216 -1024 -1264 ) (1024 -1024 -1264 ) (1024 -640 -1264 ) (1216 -640 -1264 ) 
4 44 568 (1024 -1024 -2032 ) (1024 -1024 -1264 ) (1024 0 -1264 ) (1024 0 -2032 ) 
4 44 50 (2048 -1024 -2032 ) (2048 -1024 -1264 ) (1024 -1024 -1264 ) (1024 -1024 -2032 ) 
4 44 45 (2048 -1024 -2032 ) (1024 -1024 -2032 ) (1024 0 -2032 ) (2048 0 -2032 ) 
4 45 569 (1024 -1024 -2048 ) (1024 -1024 -2032 ) (1024 0 -2032 ) (1024 0 -2048 ) 
4 45 51 (2048 -1024 -2048 ) (2048 -1024 -2032 ) (1024 -1024 -2032 ) (1024 -1024 -2048 ) 
4 46 49 (2048 -1536 2048 ) (2048 -1024 2048 ) (2048 -1024 -1264 ) (2048 -1536 -1264 ) 
4 46 47 (2048 -1536 -1264 ) (2048 -1024 -1264 ) (2944 -1024 -1264 ) (2944 -1536 -1264 ) 
4 47 50 (2048 -1536 -2032 ) (2048 -1536 -1264 ) (2048 -1024 -1264 ) (2048 -1024 -2032 ) 
4 47 48 (2944 -1024 -2032 ) (2944 -1536 -2032 ) (2048 -1536 -2032 ) (2048 -1024 -2032 ) 
4 48 51 (2048 -1536 -2048 ) (2048 -1536 -2032 ) (2048 -1024 -2032 ) (2048 -1024 -2048 ) 
4 49 878 (1024 -1536 2048 ) (1024 -1024 2048 ) (1024 -1024 -1264 ) (1024 -1536 -1264 ) 
4 49 50 (1024 -1024 -1264 ) (2048 -1024 -1264 ) (2048 -1536 -1264 ) (1024 -1536 -1264 ) 
4 50 879 (1024 -1536 -2032 ) (1024 -1536 -1264 ) (1024 -1024 -1264 ) (1024 -1024 -2032 ) 
4 50 51 (2048 -1536 -2032 ) (1024 -1536 -2032 ) (1024 -1024 -2032 ) (2048 -1024 -2032 ) 
4 51 880 (1024 -1536 -2048 ) (1024 -1536 -2032 ) (1024 -1024 -2032 ) (1024 -1024 -2048 ) 
4 52 59 (1024 1024 -1264 ) (1024 1024 2048 ) (448 1024 2048 ) (448 1024 -1264 ) 
4 52 62 (448 1024 2048 ) (0 1024 2048 ) (0 1024 -1264 ) (448 1024 -1264 ) 
4 52 56 (0 1536 -1264 ) (0 1024 -1264 ) (0 1024 -8 ) (0 1536 -8 ) 
4 52 55 (0 1024 -8 ) (0 1024 2048 ) (0 1536 2048 ) (0 1536 -8 ) 
4 52 53 (1024 1024 -1264 ) (0 1024 -1264 ) (0 1536 -1264 ) (1024 1536 -1264 ) 
4 53 153 (1024 1024 -2032 ) (1024 1024 -1264 ) (0 1024 -1264 ) (0 1024 -2032 ) 
4 53 57 (0 1024 -2032 ) (0 1024 -1264 ) (0 1536 -1264 ) (0 1536 -2032 ) 
4 53 54 (0 1024 -2032 ) (0 1536 -2032 ) (1024 1536 -2032 ) (1024 1024 -2032 ) 
4 54 154 (1024 1024 -2048 ) (1024 1024 -2032 ) (0 1024 -2032 ) (0 1024 -2048 ) 
4 54 58 (0 1024 -2048 ) (0 1024 -2032 ) (0 1536 -2032 ) (0 1536 -2048 ) 
4 55 464 (-1024 1024 -8 ) (-1024 1024 2048 ) (-1024 1536 2048 ) (-1024 1536 -8 ) 
4 55 460 (-1024 1024 2048 ) (-1024 1024 -8 ) (-576 1024 -8 ) (-576 1024 2048 ) 
4 55 458 (-576 1024 -8 ) (-512 1024 -8 ) (-512 1024 2048 ) (-576 1024 2048 ) 
4 55 456 (-512 1024 -8 ) (-464 1024 -8 ) (-464 1024 0 ) (-512 1024 0 ) 
4 55 454 (-464 1024 0 ) (-464 1024 112 ) (-512 1024 112 ) (-512 1024 0 ) 
4 55 452 (-464 1024 112 ) (-464 1024 844 ) (-512 1024 844 ) (-512 1024 112 ) 
4 55 449 (-464 1024 1095.078125 ) (-464 1024 2048 ) (-512 1024 2048 ) (-512 1024 1012 ) 
4 55 443 (-464 1024 844 ) (-464 1024 1095.078125 ) (-512 1024 1012 ) (-512 1024 844 ) 
4 55 203 (-464 1024 -8 ) (-160 1024 -8 ) (-160 1024 2048 ) (-464 1024 2048 ) 
4 55 155 (-160 1024 -8 ) (0 1024 -8 ) (0 1024 2048 ) (-160 1024 2048 ) 
4 55 56 (-576 1536 -8 ) (0 1536 -8 ) (0 1024 -8 ) (-576 1024 -8 ) 
4 56 458 (-576 1024 -1264 ) (-512 1024 -1264 ) (-512 1024 -8 ) (-576 1024 -8 ) 
4 56 457 (-512 1024 -1264 ) (-464 1024 -1264 ) (-464 1024 -8 ) (-512 1024 -8 ) 
4 56 204 (-464 1024 -1264 ) (-160 1024 -1264 ) (-160 1024 -8 ) (-464 1024 -8 ) 
4 56 156 (-160 1024 -1264 ) (0 1024 -1264 ) (0 1024 -8 ) (-160 1024 -8 ) 
4 56 57 (0 1536 -1264 ) (0 1024 -1264 ) (-576 1024 -1264 ) (-576 1536 -1264 ) 
4 57 461 (0 1024 -2032 ) (0 1024 -1264 ) (-576 1024 -1264 ) (-576 1024 -2032 ) 
4 57 58 (-576 1024 -2032 ) (-576 1536 -2032 ) (0 1536 -2032 ) (0 1024 -2032 ) 
4 58 463 (-576 1024 -2048 ) (0 1024 -2048 ) (0 1024 -2032 ) (-576 1024 -2032 ) 
4 59 153 (448 1024 -1264 ) (1024 1024 -1264 ) (1024 640 -1264 ) (448 640 -1264 ) 
4 59 60 (448 640 2048 ) (448 640 -8 ) (1024 640 -8 ) (1024 640 2048 ) 
4 59 61 (448 640 -256 ) (448 640 -1264 ) (1024 640 -1264 ) (1024 640 -256 ) 
4 59 62 (448 1024 -1264 ) (448 640 -1264 ) (448 640 2048 ) (448 1024 2048 ) 
4 60 69 (1024 608.076050 -8 ) (1024 608.076050 0 ) (448 608.076050 0 ) (448 608.076050 -8 ) 
4 60 68 (608 608.076050 2048 ) (448 608.076050 2048 ) (448 608.076050 0 ) (608 608.076050 0 ) 
4 60 67 (752 608.076050 2048 ) (608 608.076050 2048 ) (608 608.076050 336 ) (752 608.076050 336 ) 
9 60 66 (752 608.076050 140 ) (752 608.076050 0 ) (816 608.076050 0 ) (816 608.076050 140 ) (813.166992 608.076050 154.666946 ) (800.666931 608.076050 165.667007 ) (784 608.076050 169.332993 ) (767.333008 608.076050 165.667023 ) (754.833008 608.076050 154.667007 ) 
4 60 65 (816 608.076050 2048 ) (752 608.076050 2048 ) (752 608.076050 336 ) (816 608.076050 336 ) 
4 60 64 (960 608.076050 2048 ) (816 608.076050 2048 ) (816 608.076050 336 ) (960 608.076050 336 ) 
4 60 63 (1024 608.076050 0 ) (1024 608.076050 2048 ) (960 608.076050 2048 ) (960 608.076050 0 ) 
4 60 62 (448 608.076050 -8 ) (448 608.076050 2048 ) (448 640 2048 ) (448 640 -8 ) 
4 61 153 (1024 640 -1264 ) (1024 608.076050 -1264 ) (448 608.076050 -1264 ) (448 640 -1264 ) 
4 61 70 (448 608.076050 -1264 ) (1024 608.076050 -1264 ) (1024 608.076050 -256 ) (448 608.076050 -256 ) 
4 61 62 (448 640 -1264 ) (448 608.076050 -1264 ) (448 608.076050 -256 ) (448 640 -256 ) 
4 62 156 (0 1024 -8 ) (0 1024 -1264 ) (0 608.076050 -1264 ) (0 608.076050 -8 ) 
4 62 155 (0 1024 2048 ) (0 1024 -8 ) (0 608.076050 -8 ) (0 608.076050 2048 ) 
4 62 153 (0 1024 -1264 ) (448 1024 -1264 ) (448 608.076050 -1264 ) (0 608.076050 -1264 ) 
4 62 71 (0 608.076050 0 ) (0 608.076050 -1264 ) (448 608.076050 -1264 ) (448 608.076050 0 ) 
4 62 68 (0 608.076050 2048 ) (0 608.076050 0 ) (448 608.076050 0 ) (448 608.076050 2048 ) 
4 63 76 (992 560 2048 ) (960 560 2048 ) (960 560 336 ) (992 560 336 ) 
4 63 75 (1008 560 2048 ) (992 560 2048 ) (992 560 336 ) (1008 560 336 ) 
4 63 72 (1024 560 0 ) (1024 560 2048 ) (1008 560 2048 ) (1008 560 0 ) 
4 63 69 (1024 560 0 ) (960 560 0 ) (960 608.076050 0 ) (1024 608.076050 0 ) 
4 63 64 (960 608.076050 2048 ) (960 608.076050 336 ) (960 560 336 ) (960 560 2048 ) 
4 64 84 (960 560 359.996063 ) (960 560 360 ) (816 560 425.454559 ) (816 560 359.996063 ) 
4 64 83 (960 560 360 ) (960 560 520 ) (816 560 520 ) (816 560 425.454559 ) 
4 64 82 (960 560 520 ) (960 560 2048 ) (816 560 2048 ) (816 560 520 ) 
4 64 65 (816 560 336 ) (816 560 2048 ) (816 608.076050 2048 ) (816 608.076050 336 ) 
4 65 84 (816 560 359.996063 ) (816 560 425.454559 ) (752 560 454.545471 ) (752 560 359.996063 ) 
4 65 83 (816 560 425.454559 ) (816 560 520 ) (752 560 520 ) (752 560 454.545471 ) 
4 65 82 (816 560 520 ) (816 560 2048 ) (752 560 2048 ) (752 560 520 ) 
4 65 67 (752 560 336 ) (752 560 2048 ) (752 608.076050 2048 ) (752 608.076050 336 ) 
8 66 95 (752 560 0 ) (816 560 0 ) (816 560 140 ) (813.166992 560 154.666946 ) (802.561279 560 164 ) (765.438660 560 164 ) (754.833008 560 154.667007 ) (752 560 140 ) 
4 66 69 (816 560 0 ) (752 560 0 ) (752 608.076050 0 ) (816 608.076050 0 ) 
4 67 84 (608 560 520 ) (608 560 359.996063 ) (752 560 359.996063 ) (752 560 454.545471 ) 
3 67 83 (608 560 520 ) (752 560 454.545471 ) (752 560 520 ) 
4 67 82 (608 560 2048 ) (608 560 520 ) (752 560 520 ) (752 560 2048 ) 
4 67 68 (608 608.076050 2048 ) (608 608.076050 336 ) (608 560 336 ) (608 560 2048 ) 
4 68 155 (0 560 0 ) (0 560 2048 ) (0 608.076050 2048 ) (0 608.076050 0 ) 
4 68 110 (0 560 2048 ) (0 560 0 ) (560 560 0 ) (560 560 2048 ) 
4 68 105 (608 560 336 ) (608 560 359.996063 ) (560 560 359.996033 ) (560 560 336 ) 
4 68 84 (608 560 359.996063 ) (608 560 520 ) (560 560 520 ) (560 560 359.996033 ) 
4 68 82 (608 560 520 ) (608 560 2048 ) (560 560 2048 ) (560 560 520 ) 
4 68 69 (608 560 0 ) (448 560 0 ) (448 608.076050 0 ) (608 608.076050 0 ) 
4 68 71 (448 560 0 ) (0 560 0 ) (0 608.076050 0 ) (448 608.076050 0 ) 
4 69 110 (560 560 0 ) (448 560 0 ) (448 560 -8 ) (560 560 -8 ) 
4 69 106 (608 560 0 ) (560 560 0 ) (560 560 -8 ) (608 560 -8 ) 
4 69 78 (1008 560 0 ) (960 560 0 ) (960 560 -8 ) (1008 560 -8 ) 
4 69 72 (1024 560 -8 ) (1024 560 0 ) (1008 560 0 ) (1008 560 -8 ) 
4 69 71 (448 560 -8 ) (448 560 0 ) (448 608.076050 0 ) (448 608.076050 -8 ) 
4 70 153 (1024 608.076050 -1264 ) (1024 560 -1264 ) (448 560 -1264 ) (448 608.076050 -1264 ) 
4 70 111 (448 560 -1264 ) (560 560 -1264 ) (560 560 -256 ) (448 560 -256 ) 
4 70 107 (560 560 -1264 ) (960 560 -1264 ) (960 560 -256 ) (560 560 -256 ) 
4 70 79 (960 560 -1264 ) (1008 560 -1264 ) (1008 560 -256 ) (960 560 -256 ) 
4 70 73 (1008 560 -1264 ) (1024 560 -1264 ) (1024 560 -256 ) (1008 560 -256 ) 
4 70 71 (448 560 -1264 ) (448 560 -256 ) (448 608.076050 -256 ) (448 608.076050 -1264 ) 
4 71 156 (0 608.076050 -1264 ) (0 560 -1264 ) (0 560 -8 ) (0 608.076050 -8 ) 
4 71 155 (0 560 -8 ) (0 560 0 ) (0 608.076050 0 ) (0 608.076050 -8 ) 
4 71 153 (448 560 -1264 ) (0 560 -1264 ) (0 608.076050 -1264 ) (448 608.076050 -1264 ) 
4 71 112 (0 560 -1264 ) (448 560 -1264 ) (448 560 -8 ) (0 560 -8 ) 
4 71 110 (448 560 -8 ) (448 560 0 ) (0 560 0 ) (0 560 -8 ) 
4 72 151 (1024 176 -8 ) (1024 176 0 ) (1008 176 0 ) (1008 176 -8 ) 
4 72 150 (1024 176 336 ) (1024 176 384 ) (1008 176 384 ) (1008 176 336 ) 
4 72 148 (1024 176 384 ) (1024 176 2048 ) (1008 176 2048 ) (1008 176 384 ) 
4 72 121 (1024 176 0 ) (1024 176 336 ) (1008 176 336 ) (1008 176 0 ) 
4 72 80 (1008 320 -8 ) (1008 176 -8 ) (1008 176 0 ) (1008 320 0 ) 
4 72 78 (1008 560 0 ) (1008 560 -8 ) (1008 320 -8 ) (1008 320 0 ) 
9 72 77 (1008 416 136 ) (1008 352 136 ) (1008 352 252 ) (1008 354.833008 266.666992 ) (1008 367.333008 277.666992 ) (1008 384 281.333008 ) (1008 400.666992 277.666992 ) (1008 413.166962 266.667053 ) (1008 416 252 ) 
4 72 75 (1008 560 2048 ) (1008 560 336 ) (1008 176 336 ) (1008 176 2048 ) 
4 73 153 (1024 560 -1264 ) (1024 320 -1264 ) (1008 320 -1264 ) (1008 560 -1264 ) 
4 73 79 (1008 560 -256 ) (1008 560 -1264 ) (1008 320 -1264 ) (1008 320 -256 ) 
4 73 74 (1008 320 -382.285706 ) (1008 320 -1264 ) (1024 320 -1264 ) (1024 320 -372.571411 ) 
4 74 153 (1024 320 -1264 ) (1024 176 -1264 ) (1008 176 -1264 ) (1008 320 -1264 ) 
4 74 152 (1008 176 -1264 ) (1024 176 -1264 ) (1024 176 -372.571350 ) (1008 176 -382.285645 ) 
4 74 81 (1008 320 -1264 ) (1008 176 -1264 ) (1008 176 -382.285706 ) (1008 320 -382.285645 ) 
4 75 148 (1008 176 384 ) (1008 176 2048 ) (992 176 2048 ) (992 176 384 ) 
5 75 76 (992 560 336 ) (992 224 336 ) (992 176 389.142883 ) (992 176 2048 ) (992 560 2048 ) 
4 76 149 (992 176 2048 ) (960 176 2048 ) (960 176 389.142944 ) (992 176 389.142883 ) 
3 76 86 (960 208 353.714325 ) (960 203.975082 358.170471 ) (960 208 360 ) 
3 76 83 (960 560 520 ) (960 560 360 ) (960 208 360 ) 
5 76 82 (960 560 2048 ) (960 560 520 ) (960 203.975082 358.170471 ) (960 176 389.142883 ) (960 176 2048 ) 
5 77 90 (960 416 112 ) (960 352 112 ) (960 352 164 ) (960 379.354858 164 ) (960 416 123.428589 ) 
3 77 89 (960 352 176 ) (960 352 194.285736 ) (960 368.516144 176 ) 
3 77 87 (960 416 164 ) (960 416 123.428589 ) (960 379.354858 164 ) 
10 77 85 (960 352 194.285736 ) (960 352 252 ) (960 354.833008 266.666992 ) (960 367.333008 277.666992 ) (960 384 281.333008 ) (960 400.666992 277.666992 ) (960 413.166962 266.667053 ) (960 416 252 ) (960 416 176 ) (960 368.516144 176 ) 
4 78 80 (1008 320 -8 ) (1008 320 0 ) (960 320 0 ) (960 320 -8 ) 
4 79 153 (960 320 -1264 ) (960 560 -1264 ) (1008 560 -1264 ) (1008 320 -1264 ) 
4 79 107 (960 560 -256 ) (960 560 -1264 ) (960 320 -1264 ) (960 320 -256 ) 
4 79 81 (1008 320 -1264 ) (1008 320 -382.285706 ) (960 320 -411.428528 ) (960 320 -1264 ) 
4 81 153 (1008 176 -1264 ) (960 176 -1264 ) (960 320 -1264 ) (1008 320 -1264 ) 
4 81 152 (960 176 -1264 ) (1008 176 -1264 ) (1008 176 -382.285706 ) (960 176 -411.428528 ) 
4 81 108 (960 320 -1264 ) (960 176 -1264 ) (960 176 -411.428467 ) (960 320 -411.428528 ) 
4 82 149 (960 176 389.142853 ) (960 176 2048 ) (560 176 2048 ) (560 176 389.142822 ) 
5 82 114 (560 224 367.272705 ) (560 203.975067 358.170471 ) (560 176 389.142853 ) (560 176 2048 ) (560 224 2048 ) 
4 82 110 (560 560 2048 ) (560 560 520 ) (560 224 367.272705 ) (560 224 2048 ) 
4 82 104 (608 383.996826 439.997498 ) (784.002991 383.996887 439.997467 ) (757.607361 357.601288 428 ) (608 357.601257 428 ) 
4 82 105 (560 357.601227 428 ) (560 383.996826 439.997498 ) (608 383.996826 439.997498 ) (608 357.601257 428 ) 
4 82 100 (560 203.975739 358.169708 ) (560 208 359.998932 ) (912 208 359.998779 ) (912 203.975845 358.169617 ) 
4 82 98 (560 208 359.998932 ) (560 357.601227 428 ) (608 357.601257 428 ) (608 208 359.998901 ) 
4 82 93 (608 357.601257 428 ) (757.607361 357.601288 428 ) (608.006104 208 359.998901 ) (608 208 359.998901 ) 
4 82 86 (960 208 359.998779 ) (960 203.975861 358.169617 ) (912 203.975845 358.169617 ) (912 208 359.998779 ) 
4 82 84 (560 383.996826 439.997498 ) (560 560 519.998962 ) (608.002258 560 519.998962 ) (784.005554 383.996887 439.997467 ) 
3 82 83 (608.002258 560 519.998962 ) (960 560 519.998779 ) (960 208.002686 360 ) 
4 83 84 (784.002686 383.993408 440 ) (607.996094 560 520.002075 ) (960 560 360 ) (960 559.990845 360 ) 
3 84 110 (560 560 520 ) (560 560 359.996033 ) (560 383.995667 439.998016 ) 
3 84 104 (784.004272 383.996094 439.998047 ) (608 383.996094 439.998047 ) (608 560 359.996307 ) 
4 84 105 (608 383.996094 439.998047 ) (560 383.996094 439.998047 ) (560 560 359.996307 ) (608 560 359.996307 ) 
6 85 92 (912 511.991882 357.818146 ) (912 560 335.996277 ) (912 560 176 ) (912 368.516144 176 ) (912 219.343033 341.155945 ) (912 256 357.818146 ) 
4 85 89 (912 224 336 ) (912 368.515198 176 ) (960 368.515198 176 ) (960 224 336 ) 
3 86 100 (912 203.976089 358.169342 ) (912 208 359.998383 ) (912 208 353.714294 ) 
5 87 95 (912 560 164 ) (912 560 0 ) (912 527.483887 0 ) (912 520 8.285732 ) (912 520 164 ) 
3 87 96 (912 520 8.285732 ) (912 379.354858 164 ) (912 520 164 ) 
4 87 90 (912 379.353912 164 ) (912 527.482910 0 ) (960 527.482910 0 ) (960 379.353882 164 ) 
4 88 139 (960 176 176 ) (960 176 208 ) (912 176 208 ) (912 176 176 ) 
4 88 101 (912 208 176 ) (912 176 176 ) (912 176 208 ) (912 208 193.230774 ) 
3 88 94 (912 245.333328 176 ) (912 208 176 ) (912 208 193.230774 ) 
4 89 137 (960 176 224 ) (960 176 336 ) (912 176 336 ) (912 176 224 ) 
4 89 101 (912 208 209.230759 ) (912 176 224 ) (912 176 336 ) (912 208 336 ) 
5 89 94 (912 224 336 ) (912 368.516174 176 ) (912 280 176 ) (912 208 209.230759 ) (912 208 336 ) 
3 90 95 (912 520 8.285736 ) (912 527.483887 0 ) (912 520 0 ) 
5 90 96 (912 379.354889 164 ) (912 520 8.285736 ) (912 520 0 ) (912 280 0 ) (912 280 164 ) 
4 90 91 (912 280 160 ) (912 280 0 ) (960 280 0 ) (960 280 160 ) 
4 91 141 (960 176 112 ) (960 176 164 ) (912 176 164 ) (912 176 112 ) 
4 91 147 (960 176 0 ) (960 176 112 ) (912 176 112 ) (912 176 0 ) 
4 91 101 (912 208 0 ) (912 176 0 ) (912 176 164 ) (912 208 164 ) 
5 91 96 (912 280 0 ) (912 208 0 ) (912 208 164 ) (912 271.333344 164 ) (912 280 160 ) 
10 92 99 (608 416 176 ) (608 368.516144 176 ) (608 352 194.285721 ) (608 352 252 ) (608 354.833008 266.666992 ) (608 367.332977 277.666962 ) (608 384 281.333008 ) (608 400.666962 277.667023 ) (608 413.166992 266.666992 ) (608 416 252 ) 
4 92 96 (912 520 176 ) (912 368.516144 176 ) (648 368.516113 176 ) (648 520 176 ) 
4 92 94 (608 223.997406 336 ) (608 368.517548 176 ) (912 368.517548 176 ) (912 223.997391 336 ) 
3 93 104 (608 357.605469 427.996094 ) (757.599915 357.605469 427.996094 ) (608 507.205383 359.996124 ) 
4 93 98 (608 208 359.996124 ) (608 208 360.003906 ) (608 357.595703 427.998047 ) (608 507.199951 359.996124 ) 
4 94 102 (648 208 336 ) (608 208 336 ) (608 208 176 ) (648 208 176 ) 
4 94 101 (912 208 176 ) (912 208 336 ) (648 208 336 ) (648 208 176 ) 
3 94 99 (608 352 194.285736 ) (608 368.516144 176 ) (608 352 176 ) 
4 94 96 (912 208 176 ) (648 208 176 ) (648 368.516113 176 ) (912 368.516144 176 ) 
4 95 97 (648 560 164 ) (648 560 0 ) (648 520 0 ) (648 520 164 ) 
4 95 96 (648 520 164 ) (648 520 0 ) (912 520 0 ) (912 520 164 ) 
4 96 101 (648 208 0 ) (912 208 0 ) (912 208 176 ) (648 208 176 ) 
4 96 97 (648 208 0 ) (648 208 164 ) (648 520 164 ) (648 520 0 ) 
4 97 103 (608 208 0 ) (648 208 0 ) (648 208 164 ) (608 208 164 ) 
4 97 99 (608 352 164 ) (608 416 164 ) (608 416 112 ) (608 352 112 ) 
4 98 114 (560 224 336 ) (560 208 353.714294 ) (560 208 360 ) (560 224 367.272705 ) 
4 98 110 (560 560 336 ) (560 224 336 ) (560 224 367.272705 ) (560 357.600067 428 ) 
4 98 105 (560 357.605469 427.996094 ) (608 357.605469 427.996094 ) (608 560 335.998566 ) (560 560 335.998566 ) 
4 98 100 (608 208 353.714294 ) (608 208 360.003876 ) (560 208 360.003876 ) (560 208 353.714294 ) 
9 99 110 (560 367.332977 277.666962 ) (560 384 281.333008 ) (560 400.666962 277.667023 ) (560 413.166962 266.667023 ) (560 416 252 ) (560 416 136 ) (560 352 136 ) (560 352 252 ) (560 354.833008 266.666992 ) 
3 100 114 (560 203.975082 358.170471 ) (560 208 360 ) (560 208 353.714294 ) 
4 101 141 (912 176 112 ) (912 176 176 ) (648 176 176 ) (648 176 112 ) 
4 101 140 (912 176 176 ) (912 176 224 ) (648 176 224 ) (648 176 176 ) 
5 101 137 (912 176 224 ) (912 176 336 ) (648 176 336 ) (648 176 303.272705 ) (822.399963 176 224 ) 
3 101 132 (648 176 303.272705 ) (648 176 224 ) (822.399963 176 224 ) 
4 101 147 (648 176 0 ) (912 176 0 ) (912 176 112 ) (648 176 112 ) 
4 101 102 (648 176 336 ) (648 208 336 ) (648 208 176 ) (648 176 176 ) 
4 101 103 (648 208 164 ) (648 208 0 ) (648 176 0 ) (648 176 164 ) 
4 102 140 (648 176 176 ) (648 176 224 ) (608 176 224 ) (608 176 176 ) 
4 102 137 (648 176 303.272705 ) (648 176 336 ) (608 176 336 ) (608 176 321.454529 ) 
4 102 132 (648 176 224 ) (648 176 303.272705 ) (608 176 321.454529 ) (608 176 224 ) 
4 103 142 (648 176 112 ) (648 176 164 ) (608 176 164 ) (608 176 112 ) 
4 103 147 (608 176 0 ) (648 176 0 ) (648 176 112 ) (608 176 112 ) 
4 104 105 (608 507.201569 359.996124 ) (608 357.597656 427.998047 ) (608 383.994202 439.997345 ) (608 559.996948 359.996124 ) 
4 105 110 (560 560 359.996033 ) (560 560 336 ) (560 357.600067 428 ) (560 383.995667 439.998016 ) 
4 106 110 (560 560 0 ) (560 560 -8 ) (560 224 -8 ) (560 224 0 ) 
4 107 153 (560 320 -1264 ) (560 560 -1264 ) (960 560 -1264 ) (960 320 -1264 ) 
4 107 111 (560 560 -256 ) (560 560 -1264 ) (560 320 -1264 ) (560 320 -256 ) 
4 107 109 (560 320 -654.285645 ) (560 320 -1264 ) (608 320 -1264 ) (608 320 -625.142822 ) 
4 107 108 (960 320 -1264 ) (960 320 -411.428528 ) (608 320 -625.142822 ) (608 320 -1264 ) 
4 108 153 (960 176 -1264 ) (608 176 -1264 ) (608 320 -1264 ) (960 320 -1264 ) 
4 108 152 (608 176 -1264 ) (960 176 -1264 ) (960 176 -411.428467 ) (608 176 -625.142822 ) 
4 108 109 (608 320 -625.142822 ) (608 320 -1264 ) (608 176 -1264 ) (608 176 -625.142944 ) 
4 109 153 (608 176 -1264 ) (560 176 -1264 ) (560 320 -1264 ) (608 320 -1264 ) 
4 109 152 (560 176 -1264 ) (608 176 -1264 ) (608 176 -625.142944 ) (560 176 -654.285706 ) 
4 109 119 (560 224 -1264 ) (560 176 -1264 ) (560 176 -654.285706 ) (560 224 -654.285706 ) 
4 109 113 (560 320 -1264 ) (560 224 -1264 ) (560 224 -654.285706 ) (560 320 -654.285706 ) 
4 110 155 (0 224 -8 ) (0 224 2048 ) (0 560 2048 ) (0 560 -8 ) 
4 110 118 (0 224 0 ) (0 224 -8 ) (512 224 -8 ) (512 224 0 ) 
4 110 117 (512 224 0 ) (560 224 0 ) (560 224 112 ) (512 224 112 ) 
7 110 116 (0 224 277.813629 ) (0 224 136 ) (48 224 136 ) (48 224 252 ) (45.166580 224 266.667114 ) (32.666641 224 277.666962 ) (16 224 281.333008 ) 
9 110 115 (432 224 136 ) (432 224 252 ) (429.166962 224 266.667084 ) (416.667084 224 277.666962 ) (400 224 281.333008 ) (383.333008 224 277.666992 ) (370.833038 224 266.667023 ) (368 224 252 ) (368 224 136 ) 
4 110 114 (0 224 2048 ) (0 224 336 ) (560 224 336 ) (560 224 2048 ) 
4 110 112 (0 320 -8 ) (0 560 -8 ) (448 560 -8 ) (448 320 -8 ) 
4 111 153 (448 560 -1264 ) (560 560 -1264 ) (560 320 -1264 ) (448 320 -1264 ) 
4 111 113 (448 320 -1264 ) (560 320 -1264 ) (560 320 -654.285645 ) (448 320 -722.285706 ) 
4 111 112 (448 320 -1264 ) (448 320 -256 ) (448 560 -256 ) (448 560 -1264 ) 
4 112 156 (0 560 -1264 ) (0 320 -1264 ) (0 320 -8 ) (0 560 -8 ) 
4 112 153 (0 320 -1264 ) (0 560 -1264 ) (448 560 -1264 ) (448 320 -1264 ) 
4 112 113 (0 320 -1264 ) (448 320 -1264 ) (448 320 -722.285706 ) (0 320 -994.285645 ) 
4 113 157 (0 320 -1264 ) (0 224 -1264 ) (0 224 -994.285645 ) (0 320 -994.285645 ) 
4 113 153 (0 224 -1264 ) (0 320 -1264 ) (560 320 -1264 ) (560 224 -1264 ) 
4 113 119 (0 224 -994.285645 ) (0 224 -1264 ) (560 224 -1264 ) (560 224 -654.285706 ) 
4 114 158 (0 176 389.142883 ) (0 176 2048 ) (0 224 2048 ) (0 224 336 ) 
4 114 149 (0 176 2048 ) (0 176 389.142944 ) (560 176 389.142883 ) (560 176 2048 ) 
4 115 142 (368 176 112 ) (432 176 112 ) (432 176 164 ) (368 176 164 ) 
4 115 140 (432 176 176 ) (432 176 224 ) (368 176 224 ) (368 176 176 ) 
9 115 132 (432 176 224 ) (432 176 252 ) (429.166962 176 266.667084 ) (416.667084 176 277.666962 ) (400 176 281.333008 ) (383.333008 176 277.666992 ) (370.833038 176 266.667023 ) (368 176 252 ) (368 176 224 ) 
4 116 159 (0 176 112 ) (0 176 277.813629 ) (0 224 277.813629 ) (0 224 136 ) 
4 116 146 (0 176 176 ) (0 176 124 ) (48 176 124 ) (48 176 176 ) 
4 116 140 (0 176 224 ) (0 176 176 ) (48 176 176 ) (48 176 224 ) 
7 116 132 (0 176 277.813629 ) (0 176 224 ) (48 176 224 ) (48 176 252 ) (45.166569 176 266.667114 ) (32.666634 176 277.666962 ) (16 176 281.333008 ) 
4 117 147 (512 176 0 ) (560 176 0 ) (560 176 112 ) (512 176 112 ) 
4 118 160 (0 176 -8 ) (0 176 0 ) (0 224 0 ) (0 224 -8 ) 
4 119 161 (0 224 -1264 ) (0 176 -1264 ) (0 176 -994.285645 ) (0 224 -994.285645 ) 
4 119 153 (560 176 -1264 ) (0 176 -1264 ) (0 224 -1264 ) (560 224 -1264 ) 
4 119 152 (0 176 -994.285645 ) (0 176 -1264 ) (560 176 -1264 ) (560 176 -654.285706 ) 
4 120 468 (1024 0 384 ) (1024 0 528 ) (960 0 528 ) (960 0 384 ) 
4 120 148 (992 0 527.998169 ) (1024 0 527.998169 ) (1024 131.998215 384 ) (992 131.998215 384 ) 
3 120 123 (960 0 528 ) (960 132 384 ) (960 0 384 ) 
3 121 151 (1008 176 0 ) (1024 176 0 ) (1024 168.666687 0 ) 
3 121 150 (1024 176 335.998016 ) (1008 176 335.998016 ) (1024 168.666687 343.998016 ) 
4 122 470 (1024 0 0 ) (1024 0 336 ) (960 0 336 ) (960 0 0 ) 
4 122 141 (960 176 176 ) (960 176 112 ) (960 136 112 ) (960 136 176 ) 
4 122 145 (960 136 112 ) (960 0 112 ) (960 0 176 ) (960 136 176 ) 
4 122 139 (960 176 212 ) (960 176 176 ) (960 0 176 ) (960 0 212 ) 
4 122 137 (960 176 336 ) (960 176 224 ) (960 0 224 ) (960 0 336 ) 
4 122 147 (960 176 112 ) (960 176 0 ) (960 0 0 ) (960 0 112 ) 
4 123 490 (784 0 440 ) (836.799927 0 416 ) (960 0 416 ) (960 0 440 ) 
4 123 489 (960 0 528 ) (590.400024 0 528 ) (784 0 440 ) (960 0 440 ) 
3 123 488 (836.799927 0 416 ) (960 0 360 ) (960 0 416 ) 
4 123 136 (784.004395 80.664597 439.998138 ) (922.297119 138.286545 377.137573 ) (784.011108 0 439.995087 ) (784.004395 0 439.998138 ) 
3 123 133 (590.409424 0 527.996216 ) (784.004395 80.664597 439.998138 ) (784.004395 0 439.998138 ) 
4 124 187 (0 36.789219 423.272736 ) (0 96 423.272736 ) (0 112 405.818115 ) (0 112 389.086029 ) 
3 124 162 (0 112 405.818115 ) (0 138.293213 377.134583 ) (0 112 389.086029 ) 
3 124 130 (101.506050 138.293365 377.134521 ) (0 96 423.273621 ) (0 36.787300 423.273621 ) 
4 125 472 (0 0 408.727264 ) (0 0 336 ) (192 0 336 ) (16 0 416 ) 
5 125 188 (0 0 336 ) (0 0 408.727264 ) (0 16 408.727264 ) (0 112 365.090820 ) (0 112 336 ) 
3 125 164 (0 112 365.090820 ) (0 176 336 ) (0 112 336 ) 
4 125 132 (0 0 336 ) (0 176 336 ) (192 176 336 ) (192 0 336 ) 
6 126 478 (153.599976 0 528 ) (0 0 528 ) (0 0 447.273590 ) (16.012691 0 439.995087 ) (68.789215 0 439.995087 ) (208 0 503.272736 ) 
3 126 475 (68.789215 0 439.995087 ) (347.210754 0 439.995117 ) (208 0 503.272736 ) 
3 126 186 (0 0 447.273590 ) (0 0 528 ) (0 74 447.273590 ) 
3 126 134 (485.498199 138.288971 377.136475 ) (153.604523 0 527.997192 ) (347.209106 0 439.995117 ) 
4 126 130 (16.004658 80.664551 439.998230 ) (154.297668 138.286758 377.137512 ) (16.011520 0 439.995117 ) (16.004662 0 439.998230 ) 
4 126 129 (0 73.995926 447.273102 ) (16.004658 80.664551 439.998230 ) (16.004662 0 439.998230 ) (0 0 447.273102 ) 
5 126 127 (16.007813 0 439.995209 ) (154.300781 138.292969 377.134766 ) (261.704987 138.292419 377.135406 ) (373.604156 26.396324 427.998108 ) (347.207825 0 439.996429 ) 
3 127 479 (16.012691 0 439.995087 ) (42.400955 0 428 ) (68.789215 0 439.995087 ) 
6 127 476 (42.400955 0 428 ) (192.001923 0 360 ) (224.006653 0 360 ) (373.604126 0 427.998108 ) (347.210754 0 439.995117 ) (68.789215 0 439.995087 ) 
3 127 135 (373.603302 26.394173 427.997772 ) (347.209106 0 439.995117 ) (373.603302 0 427.997772 ) 
3 128 473 (276.799957 0 360 ) (523.200012 0 360 ) (400 0 416 ) 
4 128 131 (523.199585 123.200027 360 ) (523.199585 0 360 ) (276.799957 0 360 ) (276.799957 123.200035 360 ) 
4 129 480 (0 0 440 ) (0 0 432.723389 ) (16.005234 0 439.998474 ) (16.001915 0 440 ) 
3 129 478 (0 0 447.273590 ) (0 0 440 ) (16.001915 0 440 ) 
4 129 186 (0 0 432.723389 ) (0 0 447.273590 ) (0 74 447.273590 ) (0 87.336845 432.723389 ) 
5 129 130 (0 15.997211 432.723633 ) (0 87.337433 432.723633 ) (16.005857 80.664063 440 ) (16.005859 0 440 ) (15.997231 0 439.995087 ) 
4 130 187 (0 15.997800 432.723389 ) (0 87.336845 432.723389 ) (0 96 423.272736 ) (0 36.789223 423.272736 ) 
4 131 481 (224 0 336 ) (576 0 336 ) (523.200012 0 360 ) (276.799957 0 360 ) 
4 131 132 (224 176 336 ) (576 176 336 ) (576 0 336 ) (224 0 336 ) 
4 132 482 (0 0 336 ) (0 0 224 ) (822.400024 0 224 ) (576 0 336 ) 
4 132 190 (0 0 224 ) (0 0 287.049988 ) (0 112 287.049988 ) (0 112 224 ) 
4 132 188 (0 0 287.049988 ) (0 0 336 ) (0 112 336 ) (0 112 287.049988 ) 
4 132 164 (0 112 336 ) (0 176 336 ) (0 176 224 ) (0 112 224 ) 
4 132 140 (0 176 224 ) (822.400024 176 224 ) (822.400024 0 224 ) (0 0 224 ) 
5 132 138 (592 176 328.726929 ) (576.004639 176 335.997192 ) (575.998474 175.997421 336 ) (575.998413 0 336 ) (592 0 328.726929 ) 
4 132 137 (822.398438 0 224 ) (822.398438 176 224 ) (592 176 328.726929 ) (592 0 328.726929 ) 
4 133 491 (731.200012 0 440 ) (757.604309 0 427.998047 ) (784.004272 0 439.998047 ) (784 0 440 ) 
4 133 489 (590.400024 0 528 ) (537.599976 0 528 ) (731.200012 0 440 ) (784 0 440 ) 
5 133 484 (400 0 440 ) (576 0 360 ) (608.008545 0 360 ) (757.604309 0 427.998047 ) (731.200012 0 440 ) 
4 133 483 (537.599976 0 528 ) (206.399994 0 528 ) (400 0 440 ) (731.200012 0 440 ) 
4 133 136 (645.702942 138.296890 377.132874 ) (784.004822 80.667969 439.997742 ) (784.004822 0 439.997742 ) (784 0 439.995087 ) 
3 133 134 (206.410156 0 527.996094 ) (538.297607 138.286423 377.137634 ) (400.011658 0 439.995087 ) 
4 134 483 (206.399994 0 528 ) (153.599976 0 528 ) (347.210754 0 439.995087 ) (400.010712 0 439.995087 ) 
3 134 135 (347.210938 0 439.996094 ) (373.605133 26.394194 427.998566 ) (399.998718 0 439.995544 ) 
3 135 485 (347.210754 0 439.995087 ) (373.604126 0 427.998108 ) (399.997772 0 439.995087 ) 
5 137 486 (592 0 328.727295 ) (822.400024 0 224 ) (960 0 224 ) (960 0 336 ) (784 0 416 ) 
4 137 140 (822.400024 176 224 ) (912 176 224 ) (912 0 224 ) (822.400024 0 224 ) 
4 137 138 (608.003845 176 336 ) (592.001953 176 328.726410 ) (592.001953 0 328.726410 ) (608.003845 0 336 ) 
3 138 487 (576 0 336 ) (592 0 328.727295 ) (608 0 336 ) 
4 139 492 (912 0 176 ) (960 0 176 ) (960 0 212 ) (912 0 212 ) 
4 139 141 (912 176 176 ) (960 176 176 ) (960 136 176 ) (912 136 176 ) 
4 139 145 (960 136 176 ) (960 0 176 ) (912 0 176 ) (912 136 176 ) 
4 139 140 (912 176 176 ) (912 0 176 ) (912 0 212 ) (912 176 212 ) 
4 140 493 (0 0 224 ) (0 0 176 ) (912 0 176 ) (912 0 224 ) 
4 140 190 (0 0 176 ) (0 0 224 ) (0 112 224 ) (0 112 176 ) 
4 140 164 (0 112 224 ) (0 176 224 ) (0 176 176 ) (0 112 176 ) 
4 140 146 (0 0 176 ) (0 176 176 ) (128 176 176 ) (128 0 176 ) 
4 140 143 (128 176 176 ) (256 176 176 ) (256 136 176 ) (128 136 176 ) 
4 140 141 (648 176 176 ) (912 176 176 ) (912 136 176 ) (648 136 176 ) 
4 140 145 (912 136 176 ) (912 0 176 ) (128 0 176 ) (128 136 176 ) 
4 141 142 (648 176 112 ) (648 136 112 ) (648 136 164 ) (648 176 164 ) 
4 141 145 (648 136 112 ) (960 136 112 ) (960 136 176 ) (648 136 176 ) 
4 141 147 (648 176 112 ) (960 176 112 ) (960 136 112 ) (648 136 112 ) 
4 142 145 (128 136 112 ) (648 136 112 ) (648 136 164 ) (256 136 164 ) 
4 142 147 (128 176 112 ) (648 176 112 ) (648 136 112 ) (128 136 112 ) 
4 143 146 (128 136 164 ) (128 136 176 ) (128 176 176 ) (128 176 164 ) 
4 143 144 (226.461517 136 164 ) (128 136 164 ) (128 176 164 ) (226.461517 176 164 ) 
4 143 145 (128 136 176 ) (128 136 164 ) (226.461517 136 164 ) (256 136 176 ) 
4 144 146 (128 136 124 ) (128 136 164 ) (128 176 164 ) (128 176 124 ) 
3 144 145 (128 136 164 ) (128 136 124 ) (226.461517 136 164 ) 
4 145 494 (128 0 112 ) (960 0 112 ) (960 0 176 ) (128 0 176 ) 
4 145 146 (128 0 124 ) (128 0 176 ) (128 136 176 ) (128 136 124 ) 
4 145 147 (960 136 112 ) (960 0 112 ) (128 0 112 ) (128 136 112 ) 
4 146 500 (0 0 176 ) (0 0 124 ) (128 0 124 ) (128 0 176 ) 
4 146 190 (0 0 124 ) (0 0 176 ) (0 112 176 ) (0 112 124 ) 
4 146 164 (0 112 176 ) (0 176 176 ) (0 176 124 ) (0 112 124 ) 
4 147 501 (0 0 112 ) (0 0 0 ) (128 0 0 ) (128 0 112 ) 
4 147 494 (128 0 0 ) (960 0 0 ) (960 0 112 ) (128 0 112 ) 
4 147 199 (0 0 0 ) (0 0 8 ) (0 112 8 ) (0 112 0 ) 
4 147 196 (0 0 8 ) (0 0 112 ) (0 96 112 ) (0 96 8 ) 
4 147 193 (0 96 112 ) (0 112 112 ) (0 112 8 ) (0 96 8 ) 
4 147 184 (0 176 28 ) (0 176 0 ) (0 112 0 ) (0 112 28 ) 
4 147 183 (0 176 38 ) (0 176 28 ) (0 112 28 ) (0 112 38 ) 
4 147 182 (0 176 48 ) (0 176 38 ) (0 112 38 ) (0 112 48 ) 
4 147 173 (0 176 86 ) (0 176 48 ) (0 112 48 ) (0 112 86 ) 
4 147 169 (0 176 106 ) (0 176 86 ) (0 112 86 ) (0 112 106 ) 
4 147 165 (0 112 112 ) (0 176 112 ) (0 176 106 ) (0 112 106 ) 
4 148 503 (1024 0 528 ) (1024 0 2048 ) (992 0 2048 ) (992 0 528 ) 
3 148 150 (1008 176 384 ) (1024 176 384 ) (1024 168.666687 384 ) 
4 148 149 (992 0 584 ) (992 0 2048 ) (992 176 2048 ) (992 176 389.142822 ) 
4 149 504 (992 0 2048 ) (0 0 2048 ) (0 0 584 ) (992 0 584 ) 
4 149 189 (0 0 584 ) (0 0 2048 ) (0 112 2048 ) (0 112 460 ) 
4 149 168 (0 112 2048 ) (0 176 2048 ) (0 176 389.142822 ) (0 112 460 ) 
4 152 507 (1024 0 -1264 ) (1024 0 -372.571350 ) (0 0 -994.285645 ) (0 0 -1264 ) 
4 152 202 (0 112 -1264 ) (0 0 -1264 ) (0 0 -994.285645 ) (0 112 -994.285645 ) 
4 152 185 (0 176 -1264 ) (0 112 -1264 ) (0 112 -994.285645 ) (0 176 -994.285645 ) 
4 152 153 (1024 176 -1264 ) (1024 0 -1264 ) (0 0 -1264 ) (0 176 -1264 ) 
4 153 568 (1024 0 -2032 ) (1024 0 -1264 ) (0 0 -1264 ) (0 0 -2032 ) 
4 153 462 (0 320 -2032 ) (0 0 -2032 ) (0 0 -1264 ) (0 320 -1264 ) 
4 153 461 (0 1024 -1264 ) (0 1024 -2032 ) (0 320 -2032 ) (0 320 -1264 ) 
4 153 154 (1024 0 -2032 ) (0 0 -2032 ) (0 1024 -2032 ) (1024 1024 -2032 ) 
4 154 569 (1024 0 -2048 ) (1024 0 -2032 ) (0 0 -2032 ) (0 0 -2048 ) 
4 154 463 (0 1024 -2032 ) (0 1024 -2048 ) (0 0 -2048 ) (0 0 -2032 ) 
4 155 203 (-160 1024 2048 ) (-160 1024 -8 ) (-160 224 -8 ) (-160 224 2048 ) 
6 155 159 (0 224 136 ) (0 224 277.813660 ) (-0.666569 224 277.667023 ) (-13.166723 224 266.666870 ) (-16 224 252 ) (-16 224 136 ) 
4 155 160 (-160 224 0 ) (-160 224 -8 ) (0 224 -8 ) (0 224 0 ) 
4 155 158 (-160 224 2048 ) (-160 224 336 ) (0 224 336 ) (0 224 2048 ) 
4 155 156 (-160 320 -8 ) (-160 1024 -8 ) (0 1024 -8 ) (0 320 -8 ) 
4 156 461 (-160 1024 -1264 ) (0 1024 -1264 ) (0 320 -1264 ) (-160 320 -1264 ) 
4 156 204 (-160 1024 -8 ) (-160 1024 -1264 ) (-160 320 -1264 ) (-160 320 -8 ) 
4 156 157 (-160 320 -1091.428467 ) (-160 320 -1264 ) (0 320 -1264 ) (0 320 -994.285645 ) 
4 157 462 (0 320 -1264 ) (0 224 -1264 ) (-160 224 -1264 ) (-160 320 -1264 ) 
4 157 205 (-160 320 -1264 ) (-160 224 -1264 ) (-160 224 -1091.428467 ) (-160 320 -1091.428467 ) 
4 157 161 (-160 224 -1091.428467 ) (-160 224 -1264 ) (0 224 -1264 ) (0 224 -994.285645 ) 
4 158 203 (-160 176 389.142883 ) (-160 176 2048 ) (-160 224 2048 ) (-160 224 336 ) 
4 158 168 (-160 176 2048 ) (-160 176 389.142944 ) (0 176 389.142883 ) (0 176 2048 ) 
6 159 164 (0 176 124 ) (0 176 277.813660 ) (-0.666569 176 277.667023 ) (-13.166723 176 266.666870 ) (-16 176 252 ) (-16 176 124 ) 
4 160 203 (-160 176 -8 ) (-160 176 0 ) (-160 224 0 ) (-160 224 -8 ) 
4 161 462 (0 224 -1264 ) (0 176 -1264 ) (-160 176 -1264 ) (-160 224 -1264 ) 
4 161 205 (-160 224 -1264 ) (-160 176 -1264 ) (-160 176 -1091.428467 ) (-160 224 -1091.428467 ) 
4 161 185 (-160 176 -1091.428467 ) (-160 176 -1264 ) (0 176 -1264 ) (0 176 -994.285645 ) 
4 162 187 (-96.002182 112 389.086029 ) (0 112 389.086029 ) (0 112 405.818146 ) (-59.191544 112 405.818146 ) 
4 162 186 (-160 112 405.818115 ) (-160 112 389.086029 ) (-96.002182 112 389.086029 ) (-59.191544 112 405.818146 ) 
4 162 163 (-96.003143 112 389.085571 ) (-160 112 389.085571 ) (-160 138.291809 377.134918 ) (-122.294609 138.291809 377.134918 ) 
3 163 186 (-160 112 389.086029 ) (-160 112 359.996124 ) (-96.002190 112 389.086029 ) 
4 164 190 (-11.384001 112 124 ) (0 112 124 ) (0 112 287.049988 ) (-11.384001 112 287.049988 ) 
4 164 191 (-160 112 287.049988 ) (-160 112 124 ) (-96 112 124 ) (-96 112 287.049988 ) 
5 164 188 (-160 112 336 ) (-160 112 287.049988 ) (0 112 287.049988 ) (0 112 365.090942 ) (-96 112 365.090912 ) 
4 164 166 (-16 112 124 ) (-32 112 124 ) (-32 176 124 ) (-16 176 124 ) 
4 164 167 (-32 112 124 ) (-160 112 124 ) (-160 176 124 ) (-32 176 124 ) 
4 165 193 (-16 112 106 ) (0 112 106 ) (0 112 112 ) (-16 112 112 ) 
4 165 169 (0 112 106 ) (-16 112 106 ) (-16 176 106 ) (0 176 106 ) 
4 166 167 (-32 112 124 ) (-32 176 124 ) (-32 176 116 ) (-32 112 116 ) 
4 167 194 (-160 112 112 ) (-160 112 106 ) (-96 112 106 ) (-96 112 112 ) 
4 167 193 (-96 112 106 ) (-32 112 106 ) (-32 112 112 ) (-96 112 112 ) 
4 167 192 (-160 112 124 ) (-160 112 112 ) (-96 112 112 ) (-96 112 124 ) 
4 167 171 (-48 112 106 ) (-64 112 106 ) (-64 176 106 ) (-48 176 106 ) 
4 167 172 (-64 112 106 ) (-160 112 106 ) (-160 176 106 ) (-64 176 106 ) 
4 168 212 (-160 112 1103.380005 ) (-160 112 1214.155640 ) (-160 176 1103.384766 ) (-160 176 1103.380005 ) 
4 168 211 (-160 112 1214.155640 ) (-160 112 2048 ) (-160 176 2048 ) (-160 176 1103.384766 ) 
4 168 189 (-160 112 2048 ) (-160 112 460 ) (0 112 460 ) (0 112 2048 ) 
4 169 193 (-32 112 86 ) (0 112 86 ) (0 112 106 ) (-32 112 106 ) 
4 169 173 (0 112 86 ) (-32 112 86 ) (-32 176 86 ) (0 176 86 ) 
4 169 170 (-32 176 86 ) (-32 112 86 ) (-32 112 96 ) (-32 176 96 ) 
4 170 193 (-48 112 86 ) (-32 112 86 ) (-32 112 96 ) (-48 112 96 ) 
4 170 173 (-32 112 86 ) (-48 112 86 ) (-48 176 86 ) (-32 176 86 ) 
4 171 193 (-48 112 96 ) (-48 112 106 ) (-64 112 106 ) (-64 112 96 ) 
4 171 172 (-64 112 96 ) (-64 112 106 ) (-64 176 106 ) (-64 176 96 ) 
4 172 194 (-160 112 106 ) (-160 112 86 ) (-96 112 86 ) (-96 112 106 ) 
4 172 193 (-96 112 86 ) (-64 112 86 ) (-64 112 106 ) (-96 112 106 ) 
4 172 177 (-96 112 86 ) (-160 112 86 ) (-160 176 86 ) (-96 176 86 ) 
4 172 175 (-80 112 86 ) (-96 112 86 ) (-96 176 86 ) (-80 176 86 ) 
4 173 193 (-64 112 48 ) (0 112 48 ) (0 112 86 ) (-64 112 86 ) 
4 173 182 (0 112 48 ) (-64 112 48 ) (-64 176 48 ) (0 176 48 ) 
4 173 174 (-64 176 48 ) (-64 112 48 ) (-64 112 76 ) (-64 176 76 ) 
4 174 193 (-80 112 48 ) (-64 112 48 ) (-64 112 76 ) (-80 112 76 ) 
4 174 182 (-64 112 48 ) (-80 112 48 ) (-80 176 48 ) (-64 176 48 ) 
4 174 176 (-80 176 48 ) (-80 112 48 ) (-80 112 66 ) (-80 176 66 ) 
4 175 193 (-80 112 76 ) (-80 112 86 ) (-96 112 86 ) (-96 112 76 ) 
4 175 177 (-96 112 76 ) (-96 112 86 ) (-96 176 86 ) (-96 176 76 ) 
4 176 193 (-96 112 48 ) (-80 112 48 ) (-80 112 66 ) (-96 112 66 ) 
4 176 182 (-80 112 48 ) (-96 112 48 ) (-96 176 48 ) (-80 176 48 ) 
4 176 179 (-96 176 48 ) (-96 112 48 ) (-96 112 58 ) (-96 176 58 ) 
4 177 194 (-160 112 86 ) (-160 112 66 ) (-96 112 66 ) (-96 112 86 ) 
4 177 178 (-160 176 66 ) (-128 176 66 ) (-96 112 66 ) (-160 112 66 ) 
4 178 194 (-160 112 66 ) (-160 112 58 ) (-96 112 58 ) (-96 112 66 ) 
3 178 180 (-160 176 58 ) (-96 112 58 ) (-160 112 58 ) 
3 179 182 (-96 112 48 ) (-128 176 48 ) (-96 176 48 ) 
4 180 194 (-160 112 58 ) (-160 112 48 ) (-96 112 48 ) (-96 112 58 ) 
3 180 181 (-96 112 48 ) (-160 112 48 ) (-160 144 48 ) 
4 181 194 (-160 112 48 ) (-160 112 38 ) (-96 112 38 ) (-96 112 48 ) 
4 182 193 (-96 112 38 ) (0 112 38 ) (0 112 48 ) (-96 112 48 ) 
4 182 183 (0 112 38 ) (-96 112 38 ) (-160 176 38 ) (0 176 38 ) 
4 183 193 (-96 112 28 ) (0 112 28 ) (0 112 38 ) (-96 112 38 ) 
5 183 184 (0 112 28 ) (-96 112 28 ) (-160 144 28 ) (-160 176 28 ) (0 176 28 ) 
4 184 200 (-160 112 8 ) (-160 112 0 ) (-96 112 0 ) (-96 112 8 ) 
4 184 199 (-96 112 0 ) (0 112 0 ) (0 112 8 ) (-96 112 8 ) 
4 184 195 (-160 112 18 ) (-160 112 8 ) (-96 112 8 ) (-96 112 18 ) 
4 184 193 (-96 112 8 ) (0 112 8 ) (0 112 28 ) (-96 112 28 ) 
4 185 462 (0 176 -1264 ) (0 112 -1264 ) (-160 112 -1264 ) (-160 176 -1264 ) 
4 185 228 (-160 176 -1264 ) (-160 112 -1264 ) (-160 112 -1091.428467 ) (-160 176 -1091.428467 ) 
4 185 202 (-160 112 -1091.428467 ) (-160 112 -1264 ) (0 112 -1264 ) (0 112 -994.285645 ) 
4 186 811 (0 0 432.723389 ) (0 0 440 ) (-160 0 440 ) (-160 0 359.996094 ) 
4 186 810 (0 0 440 ) (0 0 528 ) (-160 0 528 ) (-160 0 440 ) 
4 186 187 (-96.001205 112 389.086029 ) (-59.194366 112 405.816406 ) (0 87.335693 432.722931 ) (0 15.998749 432.722931 ) 
4 188 812 (0 0 287.049988 ) (0 0 408.727295 ) (-160 0 336 ) (-160 0 287.049988 ) 
4 188 213 (-160 0 287.049988 ) (-160 0 336 ) (-160 48 336 ) (-160 48 287.049988 ) 
4 188 190 (-11.384001 112 287.049988 ) (0 112 287.049988 ) (0 0 287.049988 ) (-11.384001 0 287.049988 ) 
4 188 191 (-160 0 287.049988 ) (-160 112 287.049988 ) (-96 112 287.049988 ) (-96 0 287.049988 ) 
4 189 819 (0 0 584 ) (0 0 844 ) (-160 0 844 ) (-160 0 584 ) 
4 189 570 (0 0 844 ) (0 0 2048 ) (-160 0 2048 ) (-160 0 844 ) 
4 189 212 (-160 0 1103.380005 ) (-160 0 1408.004639 ) (-160 112 1214.155762 ) (-160 112 1103.380005 ) 
4 189 211 (-160 0 1408.004639 ) (-160 0 2048 ) (-160 112 2048 ) (-160 112 1214.155762 ) 
4 189 208 (-160 8 972 ) (-160 80 972 ) (-160 80 844 ) (-160 8 844 ) 
7 189 207 (-160 25.668594 997.670166 ) (-160 43.993477 1001.331299 ) (-160 62.309212 997.672119 ) (-160 76.087685 986.649292 ) (-160 79.200005 972 ) (-160 8.800003 972 ) (-160 11.916523 986.669067 ) 
4 190 813 (0 0 124 ) (0 0 287.049988 ) (-11.384001 0 287.049988 ) (-11.384001 0 124 ) 
4 191 815 (-96 0 287.049988 ) (-160 0 287.049988 ) (-160 0 124 ) (-96 0 124 ) 
4 191 223 (-160 32 132 ) (-160 48 132 ) (-160 48 124 ) (-160 32 124 ) 
4 191 220 (-160 0 132 ) (-160 0 140 ) (-160 48 140 ) (-160 48 132 ) 
4 191 213 (-160 0 140 ) (-160 0 287.049988 ) (-160 48 287.049988 ) (-160 48 140 ) 
4 191 192 (-160 48 124 ) (-160 112 124 ) (-96 112 124 ) (-96 48 124 ) 
4 192 197 (-160 80 112 ) (-160 96 112 ) (-96 96 112 ) (-96 80 112 ) 
4 192 198 (-160 48 112 ) (-160 80 112 ) (-96 80 112 ) (-96 48 112 ) 
4 192 194 (-160 96 112 ) (-160 112 112 ) (-96 112 112 ) (-96 96 112 ) 
4 193 199 (-96 112 8 ) (0 112 8 ) (0 96 8 ) (-96 96 8 ) 
4 193 196 (-96 96 8 ) (0 96 8 ) (0 96 112 ) (-96 96 112 ) 
4 193 194 (-96 96 28 ) (-96 96 112 ) (-96 112 112 ) (-96 112 28 ) 
4 193 195 (-96 112 8 ) (-96 96 8 ) (-96 96 18 ) (-96 112 18 ) 
4 194 197 (-96 96 28 ) (-96 96 112 ) (-160 96 112 ) (-160 96 28 ) 
4 195 200 (-160 96 8 ) (-160 112 8 ) (-96 112 8 ) (-96 96 8 ) 
4 196 816 (0 0 8 ) (0 0 112 ) (-96 0 112 ) (-96 0 8 ) 
4 196 199 (0 0 8 ) (-96 0 8 ) (-96 96 8 ) (0 96 8 ) 
4 196 197 (-96 96 112 ) (-96 96 18 ) (-96 80 18 ) (-96 80 112 ) 
4 196 198 (-96 80 8 ) (-96 0 8 ) (-96 0 112 ) (-96 80 112 ) 
4 197 198 (-96 80 18 ) (-96 80 112 ) (-160 80 112 ) (-160 80 18 ) 
4 198 816 (-96 0 112 ) (-160 0 112 ) (-160 0 8 ) (-96 0 8 ) 
4 198 226 (-160 0 8 ) (-160 0 112 ) (-160 32 112 ) (-160 32 8 ) 
4 198 201 (-96 0 8 ) (-160 0 8 ) (-160 64 8 ) (-96 64 8 ) 
4 199 816 (0 0 0 ) (0 0 8 ) (-96 0 8 ) (-96 0 0 ) 
4 199 200 (-96 112 0 ) (-96 80 0 ) (-96 80 8 ) (-96 112 8 ) 
4 199 201 (-96 64 0 ) (-96 0 0 ) (-96 0 8 ) (-96 64 8 ) 
4 201 816 (-96 0 8 ) (-160 0 8 ) (-160 0 0 ) (-96 0 0 ) 
4 201 226 (-160 0 0 ) (-160 0 8 ) (-160 32 8 ) (-160 32 0 ) 
4 202 818 (0 0 -1264 ) (0 0 -994.285645 ) (-160 0 -1091.428467 ) (-160 0 -1264 ) 
4 202 462 (0 112 -1264 ) (0 0 -1264 ) (-160 0 -1264 ) (-160 112 -1264 ) 
4 202 228 (-160 112 -1264 ) (-160 0 -1264 ) (-160 0 -1091.428467 ) (-160 112 -1091.428467 ) 
4 203 456 (-464 176 -8 ) (-464 176 0 ) (-464 1024 0 ) (-464 1024 -8 ) 
4 203 454 (-464 176 0 ) (-464 176 112 ) (-464 1024 112 ) (-464 1024 0 ) 
4 203 452 (-464 176 112 ) (-464 176 844 ) (-464 1024 844 ) (-464 1024 112 ) 
4 203 449 (-464 176 1095.078125 ) (-464 176 2048 ) (-464 1024 2048 ) (-464 1024 1095.078125 ) 
4 203 443 (-464 176 844 ) (-464 176 1095.078125 ) (-464 1024 1095.078125 ) (-464 1024 844 ) 
4 203 235 (-464 176 0 ) (-464 176 -8 ) (-208 176 -8 ) (-208 176 0 ) 
4 203 234 (-416 176 844 ) (-344 176 844 ) (-344 176 972 ) (-416 176 972 ) 
4 203 233 (-328 176 844 ) (-256 176 844 ) (-256 176 972 ) (-328 176 972 ) 
7 203 232 (-327.200043 176 972 ) (-256.799988 176 972 ) (-259.916199 176 986.669067 ) (-273.664490 176 997.666870 ) (-292 176 1001.330139 ) (-310.329834 176 997.668091 ) (-324.084930 176 986.664001 ) 
7 203 231 (-415.200012 176 972 ) (-344.799988 176 972 ) (-347.916168 176 986.668945 ) (-361.664551 176 997.666809 ) (-380 176 1001.330139 ) (-398.330048 176 997.668030 ) (-412.084839 176 986.664185 ) 
4 203 229 (-464 176 2048 ) (-464 176 1103.384766 ) (-208 176 1103.384766 ) (-208 176 2048 ) 
4 203 227 (-208 176 -8 ) (-160 176 -8 ) (-160 176 0 ) (-208 176 0 ) 
4 203 211 (-160 176 1103.384766 ) (-160 176 2048 ) (-208 176 2048 ) (-208 176 1103.384766 ) 
4 203 204 (-464 320 -8 ) (-464 1024 -8 ) (-160 1024 -8 ) (-160 320 -8 ) 
4 204 461 (-464 1024 -1264 ) (-160 1024 -1264 ) (-160 320 -1264 ) (-464 320 -1264 ) 
4 204 457 (-464 1024 -1264 ) (-464 320 -1264 ) (-464 320 -8 ) (-464 1024 -8 ) 
3 204 205 (-160 320 -1264 ) (-160 320 -1091.428467 ) (-444.235321 320 -1264 ) 
4 205 462 (-160 320 -1264 ) (-160 176 -1264 ) (-444.235321 176 -1264 ) (-444.235321 320 -1264 ) 
3 205 236 (-444.235321 176 -1264 ) (-208 176 -1264 ) (-208 176 -1120.571289 ) 
4 205 228 (-208 176 -1264 ) (-160 176 -1264 ) (-160 176 -1091.428467 ) (-208 176 -1120.571289 ) 
3 206 571 (-162.311081 0 1016 ) (-176 0 1039.692749 ) (-176 0 1016 ) 
4 206 210 (-176 0 1016 ) (-176 0 1039.691406 ) (-176 80 1039.691406 ) (-176 80 1016 ) 
7 207 210 (-176 25.674051 997.671082 ) (-176 43.993767 1001.331238 ) (-176 62.310139 997.671936 ) (-176 76.087547 986.649963 ) (-176 79.200005 972 ) (-176 8.800003 972 ) (-176 11.915642 986.664917 ) 
4 207 208 (-176 8.800003 972 ) (-176 79.199997 972 ) (-160 79.200005 972 ) (-160 8.800003 972 ) 
4 208 210 (-176 80 844 ) (-176 8 844 ) (-176 8 972 ) (-176 80 972 ) 
4 209 240 (-208 143.644958 1068 ) (-208 80 1068 ) (-208 80 1095.078125 ) (-208 128 1095.078125 ) 
3 209 210 (-192.355820 80 1068 ) (-208 80 1095.076904 ) (-208 80 1068 ) 
3 210 771 (-208 0 1095.078125 ) (-208 0 1079.599609 ) (-200.262009 0 1081.685303 ) 
3 210 712 (-208 0 943.779419 ) (-208 0 940.223511 ) (-206.113098 0 942 ) 
5 210 695 (-208 0 990.626343 ) (-208 0 943.779419 ) (-206.113098 0 942 ) (-176 0 970.355408 ) (-176 0 983.083130 ) 
5 210 620 (-208 0 1079.599609 ) (-208 0 1012.214233 ) (-176 0 1003.588745 ) (-176 0 1039.692749 ) (-200.262009 0 1081.685303 ) 
4 210 618 (-208 0 1012.214233 ) (-208 0 990.626343 ) (-176 0 983.083130 ) (-176 0 1003.588745 ) 
4 210 578 (-208 0 940.223511 ) (-208 0 844 ) (-176 0 844 ) (-176 0 970.355408 ) 
4 210 261 (-208 0 951.525269 ) (-208 0 1068 ) (-208 80 1068 ) (-208 80 1026.870972 ) 
4 210 242 (-208 80 844 ) (-208 0 844 ) (-208 0 951.525269 ) (-208 80 1026.870972 ) 
4 210 240 (-208 0 1068 ) (-208 0 1095.078125 ) (-208 80 1095.078125 ) (-208 80 1068 ) 
4 211 575 (-208 0 2048 ) (-208 0 1408.004639 ) (-176 0 1408.004639 ) (-176 0 2048 ) 
4 211 574 (-176 0 1408.004639 ) (-160 0 1408.004639 ) (-160 0 2048 ) (-176 0 2048 ) 
4 211 237 (-208 160 1131.077515 ) (-208 0 1408.004639 ) (-208 0 2048 ) (-208 160 2048 ) 
4 211 229 (-208 176 2048 ) (-208 176 1103.384766 ) (-208 160 1131.077515 ) (-208 160 2048 ) 
5 211 212 (-208 0 1408.003784 ) (-208 128.002350 1186.458252 ) (-160.002472 176 1103.384277 ) (-160 176 1103.384277 ) (-160 0 1408.003906 ) 
4 212 577 (-208 0 1408.004639 ) (-208 0 1186.458252 ) (-176 0 1131.072754 ) (-176 0 1408.004639 ) 
4 212 574 (-176 0 1131.072754 ) (-160 0 1103.380005 ) (-160 0 1408.004639 ) (-176 0 1408.004639 ) 
3 212 239 (-208 0 1186.458252 ) (-208 0 1408.004639 ) (-208 128.002701 1186.458252 ) 
4 213 820 (-184 0 140 ) (-160 0 140 ) (-160 0 336 ) (-184 0 336 ) 
4 213 221 (-184 48 140 ) (-172 48 140 ) (-172 32 140 ) (-184 32 140 ) 
4 213 220 (-172 48 140 ) (-160 48 140 ) (-160 0 140 ) (-172 0 140 ) 
4 213 215 (-184 0 148 ) (-184 0 336 ) (-184 32 336 ) (-184 32 148 ) 
4 213 214 (-184 48 140 ) (-184 32 140 ) (-184 32 336 ) (-184 48 336 ) 
4 214 222 (-196 48 140 ) (-184 48 140 ) (-184 32 140 ) (-196 32 140 ) 
4 214 218 (-196 48 152 ) (-196 48 140 ) (-196 32 140 ) (-196 32 152 ) 
4 214 217 (-196 48 156 ) (-196 48 152 ) (-196 32 152 ) (-196 32 156 ) 
4 214 216 (-196 48 336 ) (-196 48 156 ) (-196 32 156 ) (-196 32 336 ) 
4 214 215 (-184 32 148 ) (-184 32 336 ) (-196 32 336 ) (-196 32 148 ) 
4 215 821 (-184 0 148 ) (-184 0 336 ) (-196 0 336 ) (-196 0 148 ) 
4 215 216 (-196 0 156 ) (-196 0 336 ) (-196 32 336 ) (-196 32 156 ) 
4 216 823 (-208 0 336 ) (-208 0 156 ) (-196 0 156 ) (-196 0 336 ) 
4 216 436 (-208 0 164 ) (-208 0 336 ) (-208 48 336 ) (-208 48 164 ) 
4 216 217 (-208 32 156 ) (-208 48 156 ) (-196 48 156 ) (-196 32 156 ) 
4 217 218 (-200 48 152 ) (-196 48 152 ) (-196 32 152 ) (-200 32 152 ) 
4 218 222 (-200 48 140 ) (-196 48 140 ) (-196 32 140 ) (-200 32 140 ) 
4 218 219 (-200 32 140 ) (-196 32 140 ) (-196 32 148 ) (-200 32 148 ) 
4 219 825 (-200 0 140 ) (-196 0 140 ) (-196 0 148 ) (-200 0 148 ) 
4 219 222 (-200 32 140 ) (-196 32 140 ) (-196 0 140 ) (-200 0 140 ) 
4 220 827 (-160 0 132 ) (-160 0 140 ) (-172 0 140 ) (-172 0 132 ) 
4 220 223 (-172 48 132 ) (-160 48 132 ) (-160 32 132 ) (-172 32 132 ) 
4 220 221 (-172 48 132 ) (-172 32 132 ) (-172 32 140 ) (-172 48 140 ) 
4 221 224 (-184 48 132 ) (-172 48 132 ) (-172 32 132 ) (-184 32 132 ) 
4 221 222 (-184 48 132 ) (-184 32 132 ) (-184 32 140 ) (-184 48 140 ) 
4 222 829 (-184 0 140 ) (-200 0 140 ) (-200 0 132 ) (-184 0 132 ) 
4 222 224 (-200 0 132 ) (-200 48 132 ) (-184 48 132 ) (-184 0 132 ) 
4 223 225 (-172 48 124 ) (-160 48 124 ) (-160 32 124 ) (-172 32 124 ) 
4 223 224 (-172 48 124 ) (-172 32 124 ) (-172 32 132 ) (-172 48 132 ) 
4 224 831 (-172 0 132 ) (-200 0 132 ) (-200 0 124 ) (-172 0 124 ) 
4 224 225 (-200 0 124 ) (-200 48 124 ) (-172 48 124 ) (-172 0 124 ) 
4 225 832 (-160 0 120 ) (-160 0 124 ) (-200 0 124 ) (-200 0 120 ) 
4 226 833 (-208 0 112 ) (-208 0 0 ) (-160 0 0 ) (-160 0 112 ) 
4 226 441 (-208 32 0 ) (-208 0 0 ) (-208 0 112 ) (-208 32 112 ) 
4 227 423 (-208 160 -8 ) (-208 128 -8 ) (-208 128 0 ) (-208 160 0 ) 
4 227 235 (-208 176 0 ) (-208 176 -8 ) (-208 160 -8 ) (-208 160 0 ) 
4 228 835 (-208 0 -1120.571289 ) (-208 0 -1264 ) (-160 0 -1264 ) (-160 0 -1091.428467 ) 
4 228 462 (-160 176 -1264 ) (-160 0 -1264 ) (-208 0 -1264 ) (-208 176 -1264 ) 
4 228 442 (-208 80 -1264 ) (-208 0 -1264 ) (-208 0 -1120.571411 ) (-208 80 -1120.571289 ) 
4 228 435 (-208 128 -1264 ) (-208 80 -1264 ) (-208 80 -1120.571289 ) (-208 128 -1120.571289 ) 
4 228 424 (-208 160 -1264 ) (-208 128 -1264 ) (-208 128 -1120.571289 ) (-208 160 -1120.571289 ) 
4 228 236 (-208 176 -1120.571289 ) (-208 176 -1264 ) (-208 160 -1264 ) (-208 160 -1120.571289 ) 
4 229 450 (-464 160 1131.077515 ) (-464 160 2048 ) (-464 176 2048 ) (-464 176 1103.384766 ) 
4 229 237 (-464 160 2048 ) (-464 160 1131.077515 ) (-208 160 1131.077515 ) (-208 160 2048 ) 
4 230 241 (-416 160 1016 ) (-256 160 1016 ) (-256 160 1039.692749 ) (-416 160 1039.692749 ) 
7 231 241 (-415.200012 160 972 ) (-344.799988 160 972 ) (-347.915344 160 986.665100 ) (-361.669678 160 997.667725 ) (-380 160 1001.330017 ) (-398.330048 160 997.668030 ) (-412.084839 160 986.664185 ) 
4 231 234 (-344.799988 160 972 ) (-415.200012 160 972 ) (-415.200012 176 972 ) (-344.799988 176 972 ) 
7 232 241 (-327.200012 160 972 ) (-256.799988 160 972 ) (-259.915375 160 986.665161 ) (-273.669647 160 997.667725 ) (-292 160 1001.330017 ) (-310.329926 160 997.668030 ) (-324.084869 160 986.664063 ) 
4 232 233 (-256.799988 160 972 ) (-327.200012 160 972 ) (-327.200043 176 972 ) (-256.799988 176 972 ) 
4 233 241 (-328 160 844 ) (-256 160 844 ) (-256 160 972 ) (-328 160 972 ) 
4 234 241 (-416 160 844 ) (-344 160 844 ) (-344 160 972 ) (-416 160 972 ) 
4 235 456 (-464 160 -8 ) (-464 160 0 ) (-464 176 0 ) (-464 176 -8 ) 
4 235 423 (-464 160 0 ) (-464 160 -8 ) (-208 160 -8 ) (-208 160 0 ) 
4 236 462 (-444.235321 176 -1264 ) (-208 176 -1264 ) (-208 160 -1264 ) (-444.235291 160 -1264 ) 
3 236 424 (-444.235321 160 -1264 ) (-208 160 -1264 ) (-208 160 -1120.571411 ) 
4 237 575 (-464 0 2048 ) (-464 0 1408.004639 ) (-208 0 1408.004639 ) (-208 0 2048 ) 
4 237 450 (-464 0 1408.004639 ) (-464 0 2048 ) (-464 160 2048 ) (-464 160 1131.077515 ) 
4 237 239 (-208 128.002319 1186.458252 ) (-208 0 1408.003784 ) (-336 0 1408.003784 ) (-336.001312 0 1408.002319 ) 
3 237 238 (-336 0 1408.003784 ) (-464 0 1408.003784 ) (-464 128 1186.462891 ) 
3 238 576 (-464 0 1408.004639 ) (-464 0 1186.462891 ) (-336 0 1408.004639 ) 
3 238 451 (-464 0 1186.462891 ) (-464 0 1408.004639 ) (-464 128 1186.462891 ) 
4 239 577 (-208 0 1186.458252 ) (-208 0 1408.004639 ) (-336 0 1408.004639 ) (-336.001282 0 1408.002319 ) 
4 240 790 (-421.865570 0 1068 ) (-403.863647 0 1068 ) (-393.724274 0 1216.711060 ) (-410.256531 0 1188.097168 ) 
4 240 789 (-464 0 1095.078125 ) (-464 0 1068 ) (-421.865570 0 1068 ) (-410.256531 0 1188.097168 ) 
6 240 771 (-371.420685 0 1068 ) (-251.034607 0 1068 ) (-208 0 1079.599487 ) (-208 0 1095.078247 ) (-336 0 1316.619995 ) (-371.420654 0 1255.314087 ) 
4 240 761 (-403.863647 0 1068 ) (-371.420685 0 1068 ) (-371.420654 0 1255.314087 ) (-393.724274 0 1216.711060 ) 
3 240 621 (-251.034607 0 1068 ) (-244.112213 0 1068 ) (-244.287537 0 1069.818604 ) 
4 240 620 (-244.112213 0 1068 ) (-208 0 1068 ) (-208 0 1079.599487 ) (-244.287537 0 1069.818604 ) 
4 240 445 (-464 0 1068 ) (-464 0 1095.078125 ) (-464 80 1095.078125 ) (-464 80 1068 ) 
4 240 444 (-464 80 1095.078125 ) (-464 128 1095.078125 ) (-464 143.644958 1068 ) (-464 80 1068 ) 
3 240 350 (-464 0 1068 ) (-464 101.883186 1068 ) (-362.111877 0 1068 ) 
5 240 279 (-256.112061 0 1068 ) (-362.111877 0 1068 ) (-395.750000 33.636497 1068 ) (-395.750000 79.752853 1068 ) (-365.806671 109.696274 1068 ) 
6 240 261 (-347.503021 128 1068 ) (-212.330322 128 1068 ) (-208 123.669693 1068 ) (-208 0 1068 ) (-256.112061 0 1068 ) (-365.806671 109.696274 1068 ) 
3 240 260 (-395.750000 128 1068 ) (-347.503021 128 1068 ) (-395.750000 79.752853 1068 ) 
5 240 250 (-464 101.883186 1068 ) (-464 117.535660 1068 ) (-453.535706 128 1068 ) (-395.750000 128 1068 ) (-395.750000 33.636497 1068 ) 
3 240 248 (-464 117.535660 1068 ) (-464 128 1068 ) (-453.535706 128 1068 ) 
3 240 242 (-212.330322 128 1068 ) (-208 128 1068 ) (-208 123.669693 1068 ) 
4 240 241 (-416 143.644958 1068 ) (-256 143.644958 1068 ) (-256 128 1068 ) (-416 128 1068 ) 
4 241 261 (-256 128 1068 ) (-347.503021 128 1068 ) (-279.958923 128 1004.305969 ) (-256 128 1026.870972 ) 
5 241 260 (-347.503021 128 1068 ) (-395.750000 128 1068 ) (-364.147766 128 983.727356 ) (-332.994049 128 954.356445 ) (-279.958923 128 1004.305969 ) 
5 241 250 (-395.750000 128 1068 ) (-416 128 1068 ) (-416 128 1032.612305 ) (-385.959259 128 1004.290649 ) (-375.538544 128 1014.102783 ) 
3 241 249 (-385.959259 128 1004.290649 ) (-364.147766 128 983.727356 ) (-375.538544 128 1014.102783 ) 
3 241 248 (-416 128 1032.612305 ) (-416 128 876.179749 ) (-332.994049 128 954.356445 ) 
4 241 246 (-416 128 876.179749 ) (-416 128 844 ) (-256 128 844 ) (-256 128 1026.870972 ) 
4 242 838 (-208 0 836 ) (-208 0 844 ) (-256 0 844 ) (-256 0 836 ) 
4 242 722 (-248.332245 0 913.539551 ) (-251.407501 0 910.643250 ) (-250.683960 0 900.031433 ) (-247.608673 0 902.927185 ) 
4 242 721 (-251.407501 0 910.643250 ) (-256 0 906.317932 ) (-256 0 895.025757 ) (-250.683960 0 900.031433 ) 
4 242 717 (-226.251648 0 934.335449 ) (-248.332245 0 913.539551 ) (-247.608673 0 902.927185 ) (-221.285370 0 927.713745 ) 
4 242 716 (-215.778122 0 944.199646 ) (-226.251648 0 934.335449 ) (-221.285370 0 927.713745 ) (-211.782562 0 936.661804 ) 
5 242 712 (-208 0 940.223511 ) (-208 0 943.779419 ) (-212.109756 0 947.654602 ) (-215.778122 0 944.199646 ) (-211.782562 0 936.661804 ) 
3 242 695 (-208 0 943.779419 ) (-208 0 951.525269 ) (-212.109756 0 947.654602 ) 
4 242 578 (-208 0 844 ) (-208 0 940.223511 ) (-256 0 895.025757 ) (-256 0 844 ) 
4 242 323 (-256 14.188164 919.681580 ) (-256 9.952579 915.692383 ) (-246.047211 0 915.692566 ) (-241.812027 0 919.681335 ) 
3 242 307 (-256 9.952579 915.692383 ) (-256 0 906.318787 ) (-246.047211 0 915.692566 ) 
3 242 273 (-256 33.638123 938 ) (-256 33.166607 937.555969 ) (-255.361954 33 938 ) 
4 242 269 (-222.361832 0 938 ) (-218.114395 0 942 ) (-232 13.885440 942 ) (-235 12.638205 938 ) 
4 242 268 (-239 10.975430 932.666748 ) (-236 12.222525 936.666748 ) (-236.499985 14.138140 938 ) (-241 18.638161 938 ) 
6 242 267 (-256 33.166607 937.555969 ) (-256 14.188164 919.681580 ) (-248.738937 6.926997 919.681458 ) (-239 10.975430 932.666748 ) (-241 18.638161 938 ) (-255.361954 33 938 ) 
3 242 266 (-236 12.222525 936.666748 ) (-235 12.638204 938 ) (-236.499985 14.138140 938 ) 
4 242 264 (-248.738937 6.926997 919.681458 ) (-241.812027 0 919.681335 ) (-222.361832 0 938 ) (-235 12.638204 938 ) 
6 242 261 (-212.332031 128 1068 ) (-256 128 1026.872437 ) (-256 37.885994 942 ) (-218.114395 0 942 ) (-208 0 951.526306 ) (-208 123.667969 1068 ) 
5 242 246 (-256 0 844 ) (-256 0 906.316467 ) (-256 128 1026.869507 ) (-256 128 869.200012 ) (-256 80 844 ) 
4 242 245 (-256 0 836 ) (-256 64.761902 836 ) (-208 64.761902 836 ) (-208 0 836 ) 
4 242 243 (-256 80.001762 844 ) (-256 128 869.199097 ) (-208 128 869.199097 ) (-208 80.001762 844 ) 
3 243 246 (-256 128 869.200012 ) (-256 128 844 ) (-256 80 844 ) 
4 244 837 (-256 0 634 ) (-208 0 634 ) (-208 0 793.993408 ) (-256 0 793.993408 ) 
4 244 425 (-256 128 592 ) (-208 128 592 ) (-208 80 592 ) (-256 80 592 ) 
4 244 421 (-256 80 592 ) (-208 80 592 ) (-208 0 634 ) (-256 0 634 ) 
6 244 247 (-256 80.016571 592 ) (-256 0 634.008850 ) (-256 0 793.993408 ) (-256 34.298298 812 ) (-256 128 812 ) (-256 128 592 ) 
4 245 838 (-208 0 802 ) (-208 0 836 ) (-256 0 836 ) (-256 0 802 ) 
3 245 247 (-256 0 802 ) (-256 0 812 ) (-256 19.047615 812 ) 
4 246 743 (-265.142090 0 897.707764 ) (-282.511566 0 881.348816 ) (-277.550171 0 874.733643 ) (-259.151123 0 892.058594 ) 
4 246 736 (-282.511566 0 881.348816 ) (-291.888245 0 872.517700 ) (-286.927673 0 865.903564 ) (-277.550171 0 874.733643 ) 
4 246 721 (-256 0 895.025757 ) (-256 0 906.317932 ) (-265.142090 0 897.707764 ) (-259.151123 0 892.058594 ) 
4 246 628 (-291.888245 0 872.517700 ) (-322.167572 0 844 ) (-310.189209 0 844 ) (-286.927673 0 865.903564 ) 
3 246 578 (-256 0 844 ) (-256 0 895.025757 ) (-310.189209 0 844 ) 
3 246 346 (-321.536957 27.079258 870.098511 ) (-314.469208 0 851.251160 ) (-294.457825 0 870.098328 ) 
4 246 344 (-329.770874 58.626644 892.055664 ) (-328.267151 52.865242 888.045715 ) (-275.401947 0 888.045593 ) (-271.143799 0 892.056030 ) 
4 246 323 (-280.015381 38.203880 919.681946 ) (-280.018005 33.970093 915.691956 ) (-256 9.952579 915.692383 ) (-256 14.188164 919.681580 ) 
4 246 308 (-280.022919 26.031216 908.210266 ) (-280.024841 22.956081 905.312256 ) (-268.296021 22.248363 915.692139 ) (-271.568817 25.521091 915.692078 ) 
6 246 307 (-280.024841 22.956081 905.312256 ) (-280.033569 8.889690 892.055969 ) (-271.143799 0 892.056030 ) (-256 0 906.318787 ) (-256 9.952579 915.692383 ) (-268.296021 22.248363 915.692139 ) 
3 246 298 (-280.018005 33.970093 915.691956 ) (-280.022919 26.031216 908.210266 ) (-271.568817 25.521091 915.692078 ) 
4 246 276 (-280 61.886917 942.001038 ) (-280.003326 57.641533 938 ) (-261.362305 39 938 ) (-260.115051 42.001076 942 ) 
3 246 274 (-280.003326 57.641533 938 ) (-280.010101 46.720955 927.708496 ) (-261.364227 39.002388 938 ) 
5 246 273 (-280.010101 46.720955 927.708496 ) (-280.014618 39.434475 920.841675 ) (-256 33.166611 937.555969 ) (-256 33.638126 938 ) (-261.364227 39.002388 938 ) 
4 246 267 (-280.014618 39.434475 920.841675 ) (-280.015381 38.203880 919.681946 ) (-256 14.188164 919.681580 ) (-256 33.166611 937.555969 ) 
4 246 261 (-256 128 1026.872437 ) (-279.959686 128 1004.306641 ) (-280 61.886917 942.001038 ) (-256 37.885998 942 ) 
5 246 260 (-279.959686 128 1004.306641 ) (-332.994720 128 954.356995 ) (-333.023285 71.087830 900.728760 ) (-329.770874 58.626644 892.055664 ) (-280.033569 8.889690 892.055969 ) 
3 246 259 (-291.888580 0 872.518127 ) (-275.401947 0 888.045593 ) (-303.534241 28.132299 888.045654 ) 
5 246 258 (-328.267151 52.865242 888.045715 ) (-321.536957 27.079258 870.098511 ) (-294.457825 0 870.098328 ) (-291.888580 0 872.518127 ) (-303.534241 28.132299 888.045654 ) 
4 246 249 (-333.023285 71.087830 900.728760 ) (-333.053528 10.885277 844 ) (-322.168243 0 844 ) (-314.469208 0 851.251160 ) 
3 246 248 (-332.994720 128 954.356995 ) (-450.168518 128 844 ) (-333.053528 10.885277 844 ) 
4 247 842 (-464 0 710.419434 ) (-464 0 634 ) (-416 0 634 ) (-416 0 755.626770 ) 
5 247 839 (-416 0 634 ) (-256 0 634 ) (-256 0 812 ) (-356.144348 0 812 ) (-416 0 755.626770 ) 
5 247 453 (-464 0 648 ) (-464 0 710.419434 ) (-464 18.666576 728 ) (-464 24 728 ) (-464 24 648 ) 
4 247 425 (-416 128 592 ) (-256 128 592 ) (-256 80 592 ) (-416 80 592 ) 
4 247 421 (-416 80 592 ) (-256 80 592 ) (-256 0 634 ) (-416 0 634 ) 
3 247 420 (-464 107.854858 812 ) (-464 0 710.419556 ) (-356.144897 0 812 ) 
4 248 787 (-418.395050 0 902.872681 ) (-415.320038 0 899.973267 ) (-414.594604 0 910.612549 ) (-417.669647 0 913.511658 ) 
4 248 782 (-444.725311 0 927.699585 ) (-418.395050 0 902.872681 ) (-417.669647 0 913.511658 ) (-439.752136 0 934.330505 ) 
4 248 781 (-454.224243 0 936.656189 ) (-444.725311 0 927.699585 ) (-439.752136 0 934.330505 ) (-450.224243 0 944.203308 ) 
4 248 777 (-459.886169 0 941.994812 ) (-454.224243 0 936.656189 ) (-450.224243 0 944.203308 ) (-453.886597 0 947.656067 ) 
4 248 772 (-464 0 957.190735 ) (-464 0 945.873779 ) (-459.886169 0 941.994812 ) (-453.886597 0 947.656067 ) 
4 248 632 (-415.320038 0 899.973267 ) (-386.052856 0 872.377136 ) (-380.041931 0 878.037170 ) (-414.594604 0 910.612549 ) 
4 248 628 (-386.052856 0 872.377136 ) (-355.957428 0 844 ) (-343.938751 0 844 ) (-380.041931 0 878.037170 ) 
3 248 579 (-464 0 945.873779 ) (-464 0 844 ) (-355.957428 0 844 ) 
4 248 445 (-464 0 844 ) (-464 0 957.190735 ) (-464 80 1032.612427 ) (-464 80 844 ) 
4 248 411 (-438.310516 81.779861 1010.072205 ) (-447.526093 89.459328 1026 ) (-464 79.575783 1032.213623 ) (-464 45.709896 1000.285767 ) 
4 248 406 (-430.301239 75.105614 996.229004 ) (-438.310516 81.779861 1010.072205 ) (-464 45.709896 1000.285767 ) (-464 41.406906 996.229004 ) 
4 248 388 (-413.090363 24.904436 932.674683 ) (-412.818359 29.408127 936.664185 ) (-429.998199 12.228302 936.664246 ) (-427.005981 10.988728 932.674622 ) 
3 248 384 (-414.250000 5.704336 915.666687 ) (-413.090363 24.904436 932.674683 ) (-427.005981 10.988728 932.674622 ) 
4 248 382 (-442.226532 0 936.664246 ) (-414.594543 0 910.613586 ) (-414.250000 5.704336 915.666687 ) (-429.998199 12.228302 936.664246 ) 
3 248 381 (-434 13.886574 942 ) (-437 6.645112 938 ) (-431 12.643660 938 ) 
4 248 380 (-438.001831 4.224692 936.664246 ) (-432.001801 10.224722 936.664246 ) (-431 12.645035 938 ) (-437 6.645112 938 ) 
4 248 379 (-432.001801 10.224722 936.664246 ) (-412.818359 29.408127 936.664185 ) (-412.727234 30.916862 938 ) (-431 12.645035 938 ) 
4 248 378 (-447.886230 0 942 ) (-442.226532 0 936.664246 ) (-438.001831 4.224692 936.664246 ) (-434 13.886574 942 ) 
6 248 374 (-413.836029 61.384918 967.770508 ) (-430.301239 75.105614 996.229004 ) (-464 41.406906 996.229004 ) (-464 0 957.191711 ) (-447.886230 0 942 ) (-423.499878 24.386667 942 ) 
4 248 372 (-411.028351 59.045242 962.917725 ) (-413.836029 61.384918 967.770508 ) (-423.499878 24.386667 942 ) (-412.454529 35.432163 942 ) 
4 248 369 (-396.611969 47.031868 938 ) (-398.926392 48.960503 942 ) (-405.886292 42 942 ) (-404.643494 39 938 ) 
5 248 368 (-393.530640 44.464153 932.674744 ) (-395.657715 46.236675 936.351196 ) (-398.644196 45 938 ) (-404.642303 39.001671 938 ) (-394.998779 42.996029 932.674744 ) 
4 248 367 (-404.642303 39.001671 938 ) (-412.727234 30.916843 938 ) (-413.090363 24.904436 932.674683 ) (-394.998779 42.996029 932.674744 ) 
3 248 366 (-395.657715 46.236675 936.351196 ) (-396.611969 47.031868 938 ) (-398.644196 45 938 ) 
4 248 364 (-402.988770 35.006027 932.674744 ) (-413.090363 24.904436 932.674683 ) (-414.594543 0 910.613586 ) (-388.486816 0 886 ) 
5 248 358 (-343.937500 0 844 ) (-342.226135 1.711352 844 ) (-393.530640 44.464153 932.674744 ) (-402.988770 35.006027 932.674744 ) (-388.486816 0 886 ) 
3 248 351 (-398.926392 48.960503 942 ) (-411.028351 59.045242 962.917725 ) (-412.454529 35.432163 942 ) 
3 248 350 (-447.526093 89.459328 1026 ) (-464 103.187263 1054.473877 ) (-464 79.575783 1032.213623 ) 
3 248 260 (-333.024323 71.088432 900.731506 ) (-332.995605 128 954.359009 ) (-364.148407 128 983.729065 ) 
4 248 255 (-395.657745 46.236664 936.351135 ) (-392.841278 43.889668 931.483154 ) (-386.009369 46.719471 927.710083 ) (-386.007172 50.233994 931.021423 ) 
4 248 254 (-392.841278 43.889668 931.483154 ) (-387.140320 39.138985 921.629639 ) (-386.013916 39.433201 920.845093 ) (-386.009369 46.719471 927.710083 ) 
3 248 253 (-387.140320 39.138985 921.629639 ) (-386.014679 38.200966 919.684082 ) (-386.013916 39.433201 920.845093 ) 
4 248 252 (-414.439148 61.887482 968.812927 ) (-395.657745 46.236664 936.351135 ) (-386.007172 50.233994 931.021423 ) (-386 61.885918 942 ) 
3 248 251 (-422.073608 68.249390 982.008362 ) (-414.439148 61.887482 968.812927 ) (-402.979431 61.886852 958.008423 ) 
7 248 250 (-385.958649 128 1004.291199 ) (-453.534485 128 1068 ) (-464 117.534447 1068 ) (-464 103.187263 1054.473877 ) (-422.073608 68.249390 982.008362 ) (-402.979431 61.886852 958.008423 ) (-386 61.885918 942 ) 
6 248 249 (-342.226135 1.711352 844 ) (-333.054688 10.882813 844 ) (-333.024323 71.088432 900.731506 ) (-364.148407 128 983.729065 ) (-385.958649 128 1004.291199 ) (-386.014679 38.200966 919.684082 ) 
3 249 646 (-339.004578 0 916.678833 ) (-340.532349 0 920.752869 ) (-340.044067 0 915.700012 ) 
5 249 632 (-340.532349 0 920.752869 ) (-342.136261 0 925.029968 ) (-347.812012 0 919.685608 ) (-346.813171 0 909.326050 ) (-340.044067 0 915.700012 ) 
5 249 628 (-340.514709 0 844 ) (-322.167572 0 844 ) (-314.468994 0 851.250671 ) (-339.004578 0 916.678833 ) (-346.813171 0 909.326050 ) 
3 249 364 (-344.562775 0 886 ) (-347.810577 0 919.686951 ) (-373.076233 25.264559 919.685913 ) 
5 249 358 (-386.011749 38.199524 919.685425 ) (-342.222656 1.708984 844 ) (-340.513580 0 844 ) (-344.562775 0 886 ) (-373.076233 25.264559 919.685913 ) 
3 249 349 (-345.001221 17.352501 932.665161 ) (-346.503296 16.729744 936.670593 ) (-345.001282 10.973782 932.665100 ) 
5 249 346 (-342.137695 0 925.028564 ) (-314.470032 0 851.249695 ) (-321.537781 27.080379 870.097961 ) (-345.001221 17.352501 932.665161 ) (-345.001282 10.973782 932.665100 ) 
4 249 345 (-339.667511 40.537254 918.443359 ) (-341.667542 36.881119 923.776489 ) (-341.667664 28.385151 923.776367 ) (-339.667603 32.039181 918.443176 ) 
4 249 344 (-328.267700 52.866226 888.045227 ) (-329.771393 58.627640 892.055237 ) (-339.667511 40.537254 918.443359 ) (-339.667603 32.039181 918.443176 ) 
4 249 341 (-341.667542 36.881119 923.776489 ) (-348.501709 24.388069 942 ) (-347.001770 18.639984 938 ) (-341.667664 28.385151 923.776367 ) 
5 249 260 (-329.771393 58.627640 892.055237 ) (-333.023071 71.086609 900.726868 ) (-364.148193 128 983.727173 ) (-375.539032 128 1014.102295 ) (-348.501709 24.388069 942 ) 
4 249 258 (-321.537781 27.080379 870.097961 ) (-328.267700 52.866226 888.045227 ) (-347.001770 18.639984 938 ) (-346.503296 16.729744 936.670593 ) 
3 249 257 (-366.113983 42 942 ) (-373.361725 45 938 ) (-367.361023 39 938 ) 
4 249 255 (-367.363770 39.002491 938 ) (-373.361725 45 938 ) (-386.008026 50.234352 931.020874 ) (-386.010254 46.719872 927.709595 ) 
4 249 254 (-361.361481 33 938 ) (-367.363770 39.002491 938 ) (-386.010254 46.719872 927.709595 ) (-386.014832 39.433411 920.844482 ) 
6 249 253 (-386.015625 38.199219 919.681641 ) (-347.813171 0 919.683289 ) (-342.136871 0 925.027771 ) (-347.001160 18.640249 938 ) (-361.361481 33 938 ) (-386.014832 39.433411 920.844482 ) 
3 249 252 (-366.113983 42 942 ) (-386 61.886772 942 ) (-386.008026 50.234352 931.020874 ) 
4 249 250 (-348.501129 24.388247 942 ) (-375.539185 128 1014.100586 ) (-385.958801 128 1004.290039 ) (-386 61.886772 942 ) 
3 250 411 (-447.521820 89.457390 1026 ) (-438.307343 81.778732 1010.073486 ) (-396.501282 38.439247 1026 ) 
4 250 410 (-383.689453 26.013494 1022.001221 ) (-379.391632 21.486774 1024.377563 ) (-379.549530 21.604065 1024.798584 ) (-384.350525 26.564247 1023.145203 ) 
4 250 409 (-379.549530 21.604065 1024.798584 ) (-380 21.938599 1026 ) (-386 27.938366 1026 ) (-384.350525 26.564247 1023.145203 ) 
3 250 408 (-386 28.447002 1020.723694 ) (-383.689453 26.013494 1022.001221 ) (-386 27.938366 1026 ) 
5 250 406 (-438.307343 81.778732 1010.073486 ) (-430.298035 75.104393 996.230164 ) (-386 28.447002 1020.723694 ) (-386 27.938366 1026 ) (-396.501282 38.439247 1026 ) 
4 250 405 (-383.685455 26.009287 1022.003418 ) (-386 28.446991 1020.723694 ) (-386 30.637678 998 ) (-383.689087 28.624018 994.918762 ) 
4 250 404 (-378.020508 20.468204 1020.721191 ) (-379.391632 21.486774 1024.377563 ) (-383.685455 26.009287 1022.003418 ) (-383.685638 26.133070 1020.721191 ) 
4 250 403 (-377.747833 20.265642 1019.994080 ) (-378.020508 20.468204 1020.721191 ) (-383.685638 26.133070 1020.721191 ) (-383.686035 26.429966 1017.645813 ) 
5 250 392 (-375.740631 18.774544 1014.641541 ) (-377.747833 20.265642 1019.994080 ) (-383.686035 26.429966 1017.645813 ) (-383.689087 28.624018 994.918762 ) (-374.851349 20.922697 983.135132 ) 
3 250 391 (-386 28.446991 1020.723694 ) (-398.046936 41.135639 1014.062561 ) (-386 30.637678 998 ) 
4 250 374 (-430.298035 75.104393 996.230164 ) (-422.067078 68.245331 982.003662 ) (-409.727142 55.906113 982.002136 ) (-407.913177 51.527332 1008.607300 ) 
4 250 359 (-379.635986 25.816721 981.998352 ) (-374.819946 21 981.997742 ) (-374.851349 20.922699 983.135132 ) (-377.429779 23.169571 986.573059 ) 
4 250 353 (-386 32.180237 982 ) (-379.635986 25.816721 981.998352 ) (-377.429779 23.169571 986.573059 ) (-386 30.637669 998 ) 
5 250 351 (-409.727142 55.906113 982.002136 ) (-386 32.180237 982 ) (-386 30.637669 998 ) (-398.046936 41.135639 1014.062561 ) (-407.913177 51.527332 1008.607300 ) 
5 250 350 (-464 103.189056 1054.480835 ) (-447.521820 89.457390 1026 ) (-380 21.938599 1026 ) (-395.750000 33.638935 1068 ) (-464 101.885742 1068 ) 
3 250 339 (-368.859985 30.595934 996.287964 ) (-386.342651 62.552429 1042.908936 ) (-388.651306 38.748043 1049.064331 ) 
5 250 337 (-389.590973 29.059238 1051.569702 ) (-368.814453 13.625350 996.165955 ) (-368.814240 30.512331 996.166016 ) (-368.859985 30.595934 996.287964 ) (-388.651306 38.748043 1049.064331 ) 
4 250 288 (-368.814453 13.625350 996.165955 ) (-363.504608 9.680916 982.006409 ) (-358.543182 11.737953 968.776306 ) (-368.814240 30.512331 996.166016 ) 
4 250 279 (-395.752350 33.636238 1068 ) (-389.590973 29.059238 1051.569702 ) (-386.342651 62.552429 1042.908936 ) (-395.751678 79.751144 1068 ) 
6 250 260 (-358.543182 11.737953 968.776306 ) (-354.505981 13.411811 958.010620 ) (-348.501709 24.388025 942 ) (-375.539032 128 1014.102295 ) (-395.750977 128 1068 ) (-395.751678 79.751144 1068 ) 
4 250 252 (-386.003906 61.890625 942.003540 ) (-366.110626 41.997345 942.003662 ) (-371.084503 29.986340 958.018372 ) (-402.987701 61.890476 958.017151 ) 
4 250 251 (-402.976563 61.886719 958 ) (-371.089539 30 958.001160 ) (-374.820831 21 982.001526 ) (-422.073944 68.249748 982.007751 ) 
5 251 374 (-422.067078 68.245331 982.003662 ) (-414.434174 61.884632 968.810913 ) (-413.445923 60.896423 968.810852 ) (-410 56.564808 978 ) (-409.727142 55.906128 982.002075 ) 
3 251 372 (-413.445923 60.896423 968.810852 ) (-410.626556 58.077213 968.810791 ) (-410 56.564808 978 ) 
3 251 371 (-385.996307 33.448204 968.809937 ) (-385.681732 33.133640 968.809937 ) (-385.423981 32.761497 969.996643 ) 
5 251 359 (-385.681732 33.133640 968.809937 ) (-378.494202 25.946468 968.809692 ) (-374.819946 21 981.997681 ) (-379.636017 25.816759 981.998291 ) (-385.423981 32.761497 969.996643 ) 
4 251 353 (-386 33.451752 968.809937 ) (-385.996307 33.448204 968.809937 ) (-379.636017 25.816759 981.998291 ) (-386 32.180237 982 ) 
4 251 352 (-388.864349 36.316116 968.810059 ) (-386 33.451752 968.809937 ) (-386 32.180237 982 ) (-386.003113 32.183464 982 ) 
4 251 351 (-410.626556 58.077213 968.810791 ) (-388.864349 36.316116 968.810059 ) (-386.003113 32.183464 982 ) (-409.727142 55.906128 982.002075 ) 
4 251 252 (-378.494263 25.943977 968.816345 ) (-414.442505 61.890373 968.817627 ) (-402.987701 61.890476 958.017151 ) (-371.091370 29.993198 958.018372 ) 
3 252 374 (-414.434174 61.884632 968.810913 ) (-413.834564 61.384956 967.774536 ) (-413.445923 60.896423 968.810852 ) 
4 252 372 (-413.834564 61.384956 967.774536 ) (-411.027954 59.046150 962.923584 ) (-410.626556 58.077213 968.810791 ) (-413.445923 60.896423 968.810852 ) 
6 252 371 (-393.696320 43.535133 944.046814 ) (-388.898529 37.778133 953.998901 ) (-385.681732 33.133644 968.809937 ) (-385.996307 33.448208 968.809937 ) (-391.209412 39.703167 958 ) (-394.126312 43.916145 944.554810 ) 
3 252 370 (-391.209412 39.703167 958 ) (-396.398895 45.929779 947.239685 ) (-394.126312 43.916145 944.554810 ) 
4 252 369 (-398.924194 48.959770 942.003357 ) (-396.609833 47.031155 938.003235 ) (-393.696320 43.535133 944.046814 ) (-396.398895 45.929779 947.239685 ) 
4 252 366 (-396.609833 47.031155 938.003235 ) (-395.654938 46.235428 936.352783 ) (-391.275970 41.210777 943.052368 ) (-388.898529 37.778133 953.998901 ) 
4 252 359 (-391.275970 41.210777 943.052368 ) (-381.505890 30 958 ) (-378.494202 25.946476 968.809692 ) (-385.681732 33.133644 968.809937 ) 
3 252 352 (-391.209381 39.703136 958 ) (-385.996307 33.448208 968.809937 ) (-388.864319 36.316082 968.810059 ) 
5 252 351 (-411.027954 59.046150 962.923584 ) (-398.924194 48.959770 942.003357 ) (-391.209381 39.703136 958 ) (-388.864319 36.316082 968.810059 ) (-410.626556 58.077213 968.810791 ) 
3 252 257 (-373.358032 44.996235 938 ) (-366.114258 41.998116 941.997314 ) (-374.597900 41.998184 941.997437 ) 
5 252 255 (-386.008240 50.232037 931.019409 ) (-373.358032 44.996235 938 ) (-374.597900 41.998184 941.997437 ) (-391.964569 41.998337 941.997742 ) (-395.657379 46.235413 936.348450 ) 
3 253 632 (-342.136261 0 925.029968 ) (-350.469971 0 947.253174 ) (-347.812012 0 919.685608 ) 
3 253 398 (-353 1.881234 954 ) (-355.254608 3.556081 960.012268 ) (-357.509277 5.810618 960.012390 ) 
7 253 364 (-373.076233 25.264559 919.685913 ) (-347.810577 0 919.686951 ) (-350.467651 0 947.247070 ) (-353 1.881234 954 ) (-357.509277 5.810618 960.012390 ) (-376.444702 24.745075 960.013367 ) (-384.063690 35 932.666687 ) 
4 253 358 (-387.138000 39.138062 921.632080 ) (-386.011749 38.199524 919.685425 ) (-373.076233 25.264559 919.685913 ) (-384.063690 35 932.666687 ) 
5 253 349 (-345.001282 10.882028 932.665100 ) (-345.001282 10.973735 932.665100 ) (-346.503296 16.729771 936.670654 ) (-348.500549 15.901705 941.996521 ) (-353.065704 7.561262 954.169678 ) 
5 253 348 (-353.004395 1.880799 954.005920 ) (-350.472534 0 947.254333 ) (-345.001404 0 932.664978 ) (-345.001282 10.882028 932.665100 ) (-353.004181 7.586600 954.005615 ) 
3 253 346 (-345.001404 0 932.664978 ) (-342.137695 0 925.028564 ) (-345.001282 10.973735 932.665100 ) 
3 253 258 (-346.503296 16.729771 936.670654 ) (-347.001770 18.639959 938 ) (-348.500549 15.901705 941.996521 ) 
4 253 256 (-372.324188 27.001827 953.995361 ) (-376.446869 24.745518 960.012207 ) (-355.253418 3.553040 960.012695 ) (-352.997498 7.674842 953.996948 ) 
5 253 254 (-372.330139 26.993856 954.011169 ) (-361.359802 32.998055 938 ) (-386.014557 39.431850 920.843201 ) (-387.139160 39.138103 921.626526 ) (-378.116730 26.993853 954.011230 ) 
4 254 365 (-384.063690 35 932.666687 ) (-378.118500 26.997980 954.005615 ) (-385.962067 35.998058 942.005432 ) (-387.449493 38 936.666687 ) 
3 254 360 (-385.962067 35.998058 942.005432 ) (-388.579224 39.001106 938.001343 ) (-387.449493 38 936.666687 ) 
4 254 358 (-392.838531 43.888435 931.484863 ) (-387.138000 39.138062 921.632080 ) (-384.063690 35 932.666687 ) (-388.579224 39.001106 938.001343 ) 
4 254 255 (-367.362396 39.002247 938.001465 ) (-386.009949 46.720440 927.710388 ) (-392.842957 43.890182 931.484070 ) (-388.583252 39.001678 938.002136 ) 
4 255 368 (-395.654938 46.235428 936.352783 ) (-393.529053 44.463863 932.678345 ) (-391.598328 41.676201 941.568237 ) (-391.963776 42 942 ) 
4 255 358 (-393.529053 44.463863 932.678345 ) (-392.838531 43.888435 931.484863 ) (-388.579224 39.001102 938.001343 ) (-391.598328 41.676201 941.568237 ) 
3 255 257 (-367.371735 39.003052 938.003906 ) (-373.365234 44.996094 938.003906 ) (-374.604462 42 942 ) 
4 256 398 (-355.254608 3.556081 960.012268 ) (-358.008606 5.601939 967.356201 ) (-363.017303 10.610399 967.356445 ) (-357.509277 5.810619 960.012390 ) 
4 256 364 (-363.017303 10.610399 967.356445 ) (-374.398712 21.991241 967.356934 ) (-376.444702 24.745075 960.013367 ) (-357.509277 5.810619 960.012390 ) 
3 258 628 (-294.457581 0 870.097839 ) (-291.888245 0 872.517700 ) (-305.052856 0 890.070496 ) 
5 258 349 (-348.494232 15.899717 941.992432 ) (-344.998077 17.349360 932.669373 ) (-341.947205 12.140526 936.737183 ) (-343.849243 11.357300 941.799011 ) (-343.994354 11.399770 941.992493 ) 
3 258 348 (-341.947205 12.140526 936.737183 ) (-341 10.523378 938 ) (-343.849243 11.357300 941.799011 ) 
5 258 346 (-344.998077 17.349360 932.669373 ) (-321.534332 27.078365 870.099365 ) (-294.456116 0 870.099182 ) (-305.045441 0 890.060669 ) (-341 10.523378 938 ) 
4 258 345 (-339.667877 32.039200 918.442993 ) (-341.667755 28.385292 923.776245 ) (-336 14.706224 931.333374 ) (-333 15.946609 927.333374 ) 
4 258 344 (-303.532928 28.130129 888.043945 ) (-328.268799 52.865974 888.044006 ) (-339.667877 32.039200 918.442993 ) (-333 15.946609 927.333374 ) 
4 258 341 (-341.667755 28.385292 923.776245 ) (-347.001526 18.640171 938 ) (-341 12.638821 938 ) (-336 14.706224 931.333374 ) 
5 258 259 (-303.532745 28.130091 888.044128 ) (-341 12.635192 938 ) (-341 10.516492 938 ) (-305.068878 0 890.091858 ) (-291.888214 0 872.517700 ) 
3 259 743 (-282.511566 0 881.348816 ) (-275.401550 0 888.045166 ) (-316.870514 0 927.160706 ) 
3 259 740 (-322.366913 0 932.345215 ) (-332.599121 0 941.996704 ) (-325.776154 0 929.135010 ) 
6 259 736 (-291.888245 0 872.517700 ) (-282.511566 0 881.348816 ) (-316.870514 0 927.160706 ) (-322.366913 0 932.345215 ) (-325.776154 0 929.135010 ) (-305.052856 0 890.070496 ) 
4 259 346 (-305.045441 0 890.060669 ) (-332.594757 0 941.992676 ) (-338.005676 5.410990 941.992615 ) (-341 10.523378 938 ) 
4 259 345 (-333 15.946609 927.333374 ) (-336 14.706224 931.333374 ) (-329.906525 0 939.457886 ) (-326.392639 0 936.143188 ) 
4 259 344 (-275.402771 0 888.043884 ) (-303.532928 28.130129 888.043945 ) (-333 15.946609 927.333374 ) (-326.392639 0 936.143188 ) 
4 259 343 (-341 12.638878 938 ) (-338.002686 5.404884 941.996582 ) (-337.997467 5.399658 941.996582 ) (-335 6.638898 938 ) 
5 259 342 (-337.997467 5.399658 941.996582 ) (-332.597870 0 941.996643 ) (-329.906525 0 939.457886 ) (-331 2.638301 938 ) (-335 6.638898 938 ) 
3 259 341 (-336 14.706224 931.333374 ) (-341 12.638878 938 ) (-331 2.638301 938 ) 
4 260 345 (-341.663055 36.878624 923.782471 ) (-339.663086 40.534958 918.449219 ) (-326.554962 8.890978 935.926758 ) (-330.069427 8.890754 939.240662 ) 
4 260 344 (-339.663086 40.534958 918.449219 ) (-329.766846 58.627209 892.059265 ) (-280.033234 8.893940 892.059570 ) (-326.554962 8.890978 935.926758 ) 
4 260 342 (-349.979462 8.889486 958.014587 ) (-350.010925 8.920958 958.014587 ) (-338.002930 13.893516 942.003906 ) (-333 8.890567 942.003967 ) 
4 260 341 (-348.496063 24.386543 942.003845 ) (-341.663055 36.878624 923.782471 ) (-330.069427 8.890754 939.240662 ) (-333 8.890567 942.003967 ) 
4 260 339 (-386.340149 62.552002 1042.908447 ) (-368.811768 30.513096 996.166870 ) (-332.300873 81.774796 1010.075745 ) (-341.512146 89.450806 1026 ) 
3 260 333 (-324.292847 75.101471 996.231201 ) (-332.300873 81.774796 1010.075745 ) (-368.641876 30.751629 996.231567 ) 
4 260 328 (-307.593384 61.185322 967.360657 ) (-316.060699 68.241386 982 ) (-324.549011 71.068642 992.669861 ) (-316.081207 64.014122 978.032288 ) 
4 260 327 (-286.840088 43.891026 931.481750 ) (-289.656097 46.237679 936.350159 ) (-293.053864 44.830086 938.226868 ) (-290.237366 42.483665 933.358215 ) 
4 260 326 (-281.139252 39.140350 921.625977 ) (-286.840088 43.891026 931.481750 ) (-290.237366 42.483665 933.358215 ) (-285.010345 38.129051 924.322754 ) 
4 260 325 (-289.656097 46.237679 936.350159 ) (-307.593384 61.185322 967.360657 ) (-316.081207 64.014122 978.032288 ) (-293.053864 44.830086 938.226868 ) 
4 260 323 (-280.016907 33.969040 915.691040 ) (-280.014252 38.202847 919.681030 ) (-281.139252 39.140350 921.625977 ) (-285.010345 38.129051 924.322754 ) 
3 260 318 (-321 10.987583 932.666687 ) (-319.501221 16.724710 936.663452 ) (-323.997559 12.228368 936.663452 ) 
4 260 316 (-327.340302 8.885627 936.663452 ) (-321.549042 8.885996 931.202637 ) (-321 10.987583 932.666687 ) (-323.997559 12.228368 936.663452 ) 
4 260 315 (-330.071075 8.885452 939.238403 ) (-328.758240 8.885536 938 ) (-325 12.643481 938 ) (-328 13.886622 942 ) 
4 260 314 (-328.758240 8.885536 938 ) (-327.340302 8.885627 936.663452 ) (-326.002411 10.223510 936.663452 ) (-325 12.644106 938 ) 
4 260 313 (-326.002411 10.223510 936.663452 ) (-319.501221 16.724710 936.663452 ) (-319 18.643978 938 ) (-325 12.644106 938 ) 
3 260 312 (-333 8.885265 942 ) (-330.071075 8.885452 939.238403 ) (-328 13.886622 942 ) 
4 260 308 (-280.023773 22.956070 905.312378 ) (-280.021851 26.031204 908.210388 ) (-312.134735 24.091230 936.663452 ) (-315.407471 20.818501 936.663452 ) 
5 260 307 (-321.549042 8.885996 931.202637 ) (-280.032532 8.888644 892.055115 ) (-280.023773 22.956070 905.312378 ) (-315.407471 20.818501 936.663452 ) (-319.501221 16.724724 936.663452 ) 
4 260 306 (-312.134735 24.091230 936.663452 ) (-313.643799 24 938 ) (-319 18.643980 938 ) (-319.501221 16.724724 936.663452 ) 
4 260 303 (-292.922943 44.721043 938 ) (-295.236938 46.648823 942 ) (-299.885040 42 942 ) (-298.643250 39 938 ) 
3 260 302 (-290.237366 42.483677 933.358276 ) (-292.922943 44.721043 938 ) (-298.642059 39.001911 938 ) 
4 260 301 (-285.010345 38.129051 924.322754 ) (-290.237366 42.483677 933.358276 ) (-298.642059 39.001911 938 ) (-304.644073 33 938 ) 
5 260 298 (-280.021851 26.031204 908.210388 ) (-280.016907 33.969040 915.691040 ) (-285.010345 38.129051 924.322754 ) (-304.644073 33 938 ) (-313.643799 24 938 ) 
8 260 288 (-368.811768 30.513096 996.166870 ) (-358.539063 11.736328 968.773438 ) (-349.980469 8.884182 958.011719 ) (-333 8.885265 942 ) (-295.236938 46.648823 942 ) (-324.549011 71.068642 992.669861 ) (-327.382019 72.012245 996.231201 ) (-368.641876 30.751629 996.231567 ) 
3 260 282 (-316.060699 68.241386 982 ) (-324.292847 75.101471 996.231201 ) (-327.382019 72.012245 996.231201 ) 
4 260 279 (-395.749603 79.750923 1068 ) (-386.340149 62.552002 1042.908447 ) (-341.512146 89.450806 1026 ) (-365.805725 109.695328 1068 ) 
3 260 278 (-308.115875 61.885376 968.513550 ) (-308.433441 61.885365 968.812988 ) (-307.948608 61.481350 967.974792 ) 
5 260 276 (-280.002136 57.640900 938 ) (-280 61.886303 942 ) (-308.115875 61.885376 968.513550 ) (-307.948608 61.481350 967.974792 ) (-303.343658 57.643913 960.013611 ) 
4 260 274 (-280.008942 46.720955 927.708557 ) (-280.002136 57.640900 938 ) (-303.343658 57.643913 960.013611 ) (-286.840088 43.891022 931.481750 ) 
4 260 273 (-280.013489 39.434452 920.841736 ) (-280.008942 46.720955 927.708557 ) (-286.840088 43.891022 931.481750 ) (-281.139252 39.140350 921.625977 ) 
3 260 267 (-280.014252 38.202847 919.681030 ) (-280.013489 39.434452 920.841736 ) (-281.139252 39.140350 921.625977 ) 
3 260 263 (-316.060699 68.241379 982 ) (-308.433441 61.885365 968.812988 ) (-296.979095 61.885742 958.011841 ) 
6 260 261 (-280 61.886303 942 ) (-279.958282 128 1004.306580 ) (-347.501404 128 1068 ) (-365.805725 109.695328 1068 ) (-316.060699 68.241379 982 ) (-296.979095 61.885742 958.011841 ) 
3 261 771 (-251.034622 0 1068 ) (-256.112061 0 1068 ) (-255.983459 0 1066.666138 ) 
5 261 716 (-218.113831 0 942 ) (-215.778122 0 944.199707 ) (-223.104874 0 958.022034 ) (-247.105682 0 980.652771 ) (-235.093262 0 958.010498 ) 
3 261 712 (-215.778122 0 944.199707 ) (-212.109756 0 947.654602 ) (-223.104874 0 958.022034 ) 
5 261 698 (-237.319366 0 997.537720 ) (-249.597534 0 1000.432007 ) (-247.820419 0 982 ) (-247.105682 0 980.652771 ) (-234.550293 0 968.814087 ) 
3 261 697 (-235.822968 0 982.015564 ) (-234.550293 0 968.814087 ) (-223.104828 0 958.021973 ) 
6 261 695 (-212.109756 0 947.654602 ) (-208 0 951.525269 ) (-208 0 990.626343 ) (-237.319366 0 997.537720 ) (-235.822968 0 982.015564 ) (-223.104828 0 958.021973 ) 
3 261 623 (-251.931931 0 1024.644043 ) (-251.873718 0 1024.040283 ) (-242.713989 0 1021.571289 ) 
5 261 622 (-252.341736 0 1028.894531 ) (-251.931931 0 1024.644043 ) (-242.713989 0 1021.571289 ) (-239.554184 0 1020.719604 ) (-240.063248 0 1026 ) 
5 261 621 (-244.112213 0 1068 ) (-251.034622 0 1068 ) (-255.983459 0 1066.666138 ) (-252.341736 0 1028.894531 ) (-240.063248 0 1026 ) 
4 261 620 (-208 0 1012.214233 ) (-208 0 1068 ) (-244.112213 0 1068 ) (-239.554184 0 1020.719604 ) 
4 261 619 (-239.554184 0 1020.719604 ) (-251.873718 0 1024.040283 ) (-249.597534 0 1000.432007 ) (-237.319366 0 997.537720 ) 
4 261 618 (-208 0 990.626343 ) (-208 0 1012.214233 ) (-239.554184 0 1020.719604 ) (-237.319366 0 997.537720 ) 
4 261 339 (-341.510559 89.449638 1026 ) (-332.299622 81.773972 1010.076294 ) (-304.092621 52.530487 1020.821838 ) (-303.743317 51.681870 1026 ) 
3 261 334 (-304.092621 52.530487 1020.821838 ) (-290.499695 38.438061 1026 ) (-303.743317 51.681870 1026 ) 
4 261 333 (-332.299622 81.773972 1010.076294 ) (-324.291534 75.100670 996.231750 ) (-305.055420 54.838676 1006.868652 ) (-304.150513 52.590481 1020.799805 ) 
5 261 331 (-305.055420 54.838676 1006.868652 ) (-277.685913 26.009499 1022.003052 ) (-277.685394 25.623592 1026 ) (-290.499695 38.438061 1026 ) (-304.150513 52.590481 1020.799805 ) 
3 261 330 (-277.685913 26.009499 1022.003052 ) (-271.111145 19.084101 1025.638672 ) (-277.685730 25.877102 1023.374329 ) 
4 261 329 (-271.111145 19.084101 1025.638672 ) (-270.457764 18.395859 1026 ) (-277.685394 25.623592 1026 ) (-277.685730 25.877102 1023.374329 ) 
5 261 282 (-324.291534 75.100670 996.231750 ) (-316.058167 68.239624 981.997742 ) (-268.819519 21 981.998352 ) (-270.062012 18 1026 ) (-270.457764 18.395859 1026 ) 
4 261 281 (-253 5.180351 981.998535 ) (-247.819626 0 981.998596 ) (-251.931412 0 1024.643799 ) (-256 3.937713 1026 ) 
3 261 280 (-251.931412 0 1024.643799 ) (-252.062164 0 1026 ) (-256 3.937713 1026 ) 
4 261 279 (-365.804352 109.694145 1068 ) (-341.510559 89.449638 1026 ) (-252.062164 0 1026 ) (-256.111755 0 1068 ) 
3 261 277 (-265.088440 30.002670 957.996948 ) (-289.084320 53.998455 957.997559 ) (-260.120850 42 942 ) 
4 261 276 (-296.972931 61.887054 957.997742 ) (-280.004517 61.887550 941.997009 ) (-260.115143 41.997967 941.996826 ) (-289.084320 53.998455 957.997559 ) 
4 261 271 (-232 13.878854 942 ) (-226.250885 0 949.665527 ) (-235.085693 0 957.996216 ) (-243.997314 8.911604 957.996399 ) 
3 261 269 (-232.002625 13.885162 941.996521 ) (-218.117615 0 941.996399 ) (-226.250885 0 949.665527 ) 
4 261 263 (-296.976563 61.886719 958.011963 ) (-265.085693 29.995926 958.011169 ) (-268.820190 21 982.002686 ) (-316.062500 68.242188 982.002075 ) 
4 261 262 (-244.003998 8.914299 958.010681 ) (-235.089676 0 958.010498 ) (-247.821426 0 982.002991 ) (-253.001099 5.179752 982.002930 ) 
4 262 716 (-247.749008 0 981.259399 ) (-246.548965 0 968.812561 ) (-235.093262 0 958.010498 ) (-247.105682 0 980.652771 ) 
3 262 698 (-247.820419 0 982 ) (-247.749008 0 981.259399 ) (-247.105682 0 980.652771 ) 
3 262 287 (-248.054413 1.506268 968.811768 ) (-246.876801 0.328633 968.811768 ) (-250.217285 3.113051 974.579407 ) 
5 262 284 (-246.876801 0.328633 968.811768 ) (-246.548172 0 968.811768 ) (-247.819626 0 981.998596 ) (-253 5.179899 981.998535 ) (-250.217285 3.113051 974.579407 ) 
4 262 272 (-246.551788 0 968.808044 ) (-248.053009 1.501252 968.808044 ) (-243.998657 8.912930 957.996460 ) (-235.085693 0 957.996216 ) 
4 263 328 (-316.058167 68.239624 981.997742 ) (-308.431366 61.884045 968.812317 ) (-272.493408 25.945595 968.812012 ) (-268.820038 21 981.998352 ) 
5 263 278 (-272.498383 25.947012 968.808228 ) (-308.437500 61.886719 968.808472 ) (-308.126617 61.886726 968.515320 ) (-289.084290 53.998440 957.997559 ) (-265.087036 30.001244 957.996948 ) 
3 263 276 (-308.126617 61.886726 968.515320 ) (-296.972931 61.887054 957.997742 ) (-289.084290 53.998440 957.997559 ) 
4 264 717 (-241.811935 0 919.680542 ) (-226.251663 0 934.335510 ) (-232 0 942 ) (-242.601059 0 927.865234 ) 
4 264 716 (-226.251663 0 934.335510 ) (-222.361328 0 938 ) (-229.763672 0 944.981750 ) (-232 0 942 ) 
3 264 323 (-248.738968 6.927965 919.681458 ) (-241.811096 0 919.681396 ) (-242.600281 0 927.866394 ) 
3 264 269 (-222.363556 0 937.997498 ) (-235.001846 12.638359 937.997498 ) (-229.765396 0 944.979492 ) 
4 264 268 (-236 12.226149 936.668579 ) (-239 10.979103 932.668579 ) (-239 0 932.668701 ) (-236 0 936.668701 ) 
4 264 267 (-239 10.979103 932.668579 ) (-248.742645 6.929586 919.679504 ) (-242.602631 0 927.866211 ) (-239 0 932.668701 ) 
5 264 266 (-235.001068 12.635526 938.001465 ) (-235.003235 12.640774 937.998535 ) (-236 12.226149 936.668579 ) (-236 0 936.668701 ) (-235.001114 0 938.001526 ) 
3 264 265 (-229.766006 0 944.981628 ) (-232.001099 5.394720 942.001465 ) (-232.001129 0 942.001465 ) 
4 265 716 (-229.763672 0 944.981750 ) (-244.237961 0 958.634583 ) (-244 0 958 ) (-232 0 942 ) 
4 265 272 (-244 0.431207 958 ) (-244.235992 0 958.629333 ) (-229.765396 0 944.979492 ) (-232 5.393337 942 ) 
3 266 719 (-238 0 942 ) (-236 0 936.666626 ) (-235 0 938 ) 
5 266 268 (-238 11.396111 942 ) (-236.499756 14.137675 937.998779 ) (-236 12.222839 936.666016 ) (-236 0 936.666016 ) (-238 0 942 ) 
3 267 718 (-244.470459 0 947.254517 ) (-242.601059 0 927.865234 ) (-239 0 932.666626 ) 
7 267 323 (-281.138062 39.139969 921.627014 ) (-280.012939 38.202377 919.681885 ) (-248.738968 6.927965 919.681458 ) (-242.600281 0 927.866394 ) (-244.469376 0 947.251648 ) (-249.255081 3.555274 960.013489 ) (-270.444580 24.745108 960.013245 ) 
5 267 273 (-255.360596 33 938 ) (-280.012817 39.433823 920.841797 ) (-281.142578 39.138672 921.628906 ) (-272.122192 26.995804 954.008972 ) (-266.329834 26.995657 954.009216 ) 
4 267 270 (-266.323547 27.004036 953.991821 ) (-270.445313 24.748047 960.007813 ) (-249.253036 3.555428 960.008057 ) (-246.997223 7.676866 953.992554 ) 
6 267 268 (-239 0 932.667969 ) (-239 10.977796 932.667969 ) (-241 18.641973 938.002319 ) (-247 7.681768 953.998718 ) (-247 1.878704 953.998718 ) (-244.469604 0 947.253601 ) 
5 268 719 (-244.843613 0 951.124878 ) (-244.470459 0 947.254517 ) (-239 0 932.666626 ) (-236 0 936.666626 ) (-238 0 942 ) 
3 268 324 (-244.469376 0 947.251648 ) (-244.842712 0 951.123657 ) (-247 1.880027 954 ) 
4 269 716 (-222.361328 0 938 ) (-218.113831 0 942 ) (-226.247742 0 949.669678 ) (-229.763672 0 944.981750 ) 
3 269 272 (-232.011124 5.419129 941.986511 ) (-229.765839 0 944.980225 ) (-228.837219 0 946.218445 ) 
4 269 271 (-232 5.401055 942 ) (-228.837219 0 946.218445 ) (-226.247101 0 949.672180 ) (-232 13.887802 942.001282 ) 
4 270 323 (-268.398468 21.990784 967.358093 ) (-270.444580 24.745108 960.013245 ) (-249.255081 3.555275 960.013489 ) (-252.009201 5.601293 967.357788 ) 
3 271 716 (-226.247742 0 949.669678 ) (-235.093231 0 958.010437 ) (-228.836777 0 946.217651 ) 
4 271 272 (-232 5.400976 942.001282 ) (-228.837692 0 946.218994 ) (-235.094025 0 958.011169 ) (-244.008728 8.914433 958.011597 ) 
6 272 716 (-235.093231 0 958.010437 ) (-246.548965 0 968.812561 ) (-246.027847 0 963.407593 ) (-244.237930 0 958.634521 ) (-229.763672 0 944.981750 ) (-228.836777 0 946.217651 ) 
4 272 287 (-246.026855 0 963.404968 ) (-246.482544 0 968.131042 ) (-246.876801 0.328632 968.811768 ) (-248.054413 1.506261 968.811768 ) 
3 272 284 (-246.482544 0 968.131042 ) (-246.548172 0 968.811768 ) (-246.876801 0.328632 968.811768 ) 
3 273 326 (-286.838745 43.890461 931.482483 ) (-281.138062 39.139969 921.627014 ) (-272.117920 26.997648 954.006470 ) 
5 273 274 (-261.365692 39 938 ) (-261.365021 39.002274 937.998169 ) (-280.006165 46.718487 927.708923 ) (-286.839844 43.886719 931.484375 ) (-282.580902 39 938 ) 
4 274 327 (-289.654785 46.237129 936.350952 ) (-286.838745 43.890461 931.482483 ) (-282.578247 39.001350 938.001343 ) (-285.962738 42 942 ) 
4 274 325 (-303.341553 57.642593 960.012939 ) (-289.654785 46.237129 936.350952 ) (-285.962738 42 942 ) (-301.208954 55.509968 960.012939 ) 
5 274 276 (-303.339844 57.640625 960.007446 ) (-301.205200 55.505867 960.007446 ) (-261.371826 39.001400 938.001404 ) (-261.370209 39.005329 937.996155 ) (-280.002014 57.637581 937.996582 ) 
3 274 275 (-268.606537 42.001034 942 ) (-301.208069 55.508690 960.009460 ) (-285.965057 42.001019 942 ) 
4 275 325 (-275.505219 30 958 ) (-274.944580 29.245174 960.013184 ) (-301.208954 55.509968 960.012939 ) (-285.962738 42 942 ) 
4 275 278 (-301.205200 55.505867 960.007446 ) (-274.948090 29.247183 960.007751 ) (-273.572937 30 958 ) (-268.609741 42 942 ) 
3 276 328 (-307.944885 61.478661 967.971313 ) (-307.590729 61.183529 967.359009 ) (-307.426636 61.019451 967.359009 ) 
4 276 325 (-307.590729 61.183529 967.359009 ) (-303.341553 57.642593 960.012939 ) (-301.208954 55.509968 960.012939 ) (-307.426636 61.019451 967.359009 ) 
5 276 278 (-301.214844 55.515625 960.017578 ) (-268.601746 42.002312 942.001099 ) (-289.103088 54.009670 958.011780 ) (-308.116791 61.886093 968.513794 ) (-307.949371 61.482182 967.975037 ) 
4 276 277 (-268.601746 42.002312 942.001099 ) (-268.598328 42 942 ) (-260.114563 42.001167 942 ) (-289.103088 54.009670 958.011780 ) 
3 277 278 (-289.105469 54.007813 958.011719 ) (-268.599945 42 942 ) (-265.086456 29.990967 958.012512 ) 
5 278 328 (-308.431366 61.884045 968.812317 ) (-307.944885 61.478661 967.971313 ) (-307.426636 61.019451 967.359009 ) (-272.898407 26.490788 967.358215 ) (-272.493408 25.945610 968.812012 ) 
4 278 325 (-307.426636 61.019451 967.359009 ) (-301.208954 55.509968 960.012939 ) (-274.944580 29.245193 960.013184 ) (-272.898407 26.490788 967.358215 ) 
5 279 771 (-255.983459 0 1066.666138 ) (-256.112061 0 1068 ) (-362.111877 0 1068 ) (-360.527618 0 1051.568481 ) (-334.638306 0 1045.465576 ) 
3 279 624 (-298.740356 0 1055.141479 ) (-334.638306 0 1045.465576 ) (-299.957489 0 1037.290283 ) 
4 279 622 (-252.062653 0 1026 ) (-252.341736 0 1028.894531 ) (-259.586517 0 1030.602295 ) (-259.390503 0 1027.727417 ) 
4 279 621 (-252.341736 0 1028.894531 ) (-255.983459 0 1066.666138 ) (-261.936035 0 1065.061646 ) (-259.586517 0 1030.602295 ) 
5 279 603 (-282.469788 0 1059.526978 ) (-298.740356 0 1055.141479 ) (-299.936707 0 1037.594971 ) (-297.804932 0 1036.782837 ) (-282.469788 0 1033.167969 ) 
4 279 599 (-282.469788 0 1035.996582 ) (-282.469788 0 1033.167969 ) (-278.727539 0 1032.285767 ) (-266.727936 0 1032.285767 ) 
6 279 598 (-261.936035 0 1065.061646 ) (-282.469788 0 1059.526978 ) (-282.469788 0 1035.996582 ) (-266.727936 0 1032.285767 ) (-265.512573 0 1032.285767 ) (-259.806091 0 1033.822510 ) 
3 279 593 (-299.936707 0 1037.594971 ) (-299.957489 0 1037.290283 ) (-297.804932 0 1036.782837 ) 
3 279 591 (-278.727539 0 1032.285767 ) (-271.680817 0 1030.624634 ) (-265.512573 0 1032.285767 ) 
4 279 582 (-271.680817 0 1030.624634 ) (-259.390503 0 1027.727417 ) (-259.586517 0 1030.602295 ) (-266.079834 0 1032.132935 ) 
3 279 580 (-259.586517 0 1030.602295 ) (-259.806091 0 1033.822510 ) (-266.079834 0 1032.132935 ) 
4 279 350 (-360.525269 0 1051.567993 ) (-362.109497 0 1068 ) (-395.750000 33.638935 1068 ) (-389.588226 29.061525 1051.568604 ) 
4 279 340 (-289.763519 17.719368 1030.710449 ) (-288.400635 14.408348 1031.169678 ) (-300.023254 2.243298 1036.777222 ) (-303.272614 3.581665 1037.227783 ) 
6 279 339 (-388.648102 38.746727 1049.064453 ) (-386.340790 62.552818 1042.908813 ) (-341.515625 89.449219 1026.001587 ) (-303.739502 51.672581 1026.001343 ) (-289.763519 17.719368 1030.710449 ) (-303.272614 3.581665 1037.227783 ) 
4 279 338 (-303.234833 3.566109 1037.222534 ) (-300.023254 2.243298 1036.777222 ) (-302.166534 0 1037.811279 ) (-303.178467 0 1038.049805 ) 
5 279 337 (-360.527588 0 1051.569092 ) (-389.587158 29.057993 1051.569702 ) (-388.648102 38.746727 1049.064453 ) (-303.234833 3.566109 1037.222534 ) (-303.178467 0 1038.049805 ) 
3 279 335 (-288.400635 14.408348 1031.169678 ) (-282.469788 0 1033.167969 ) (-302.166534 0 1037.811279 ) 
5 279 334 (-303.739502 51.672581 1026.001343 ) (-290.496643 38.429523 1026.001221 ) (-276.627350 2.145542 1031.284912 ) (-277.515564 0 1032 ) (-282.469788 0 1033.167969 ) 
3 279 331 (-290.496643 38.429523 1026.001221 ) (-277.688080 25.620785 1026.001099 ) (-283.339539 19.705591 1028.727783 ) 
5 279 329 (-277.688080 25.620785 1026.001099 ) (-270.458344 18.390928 1026.001099 ) (-270.565002 16.786699 1026.404419 ) (-276.627319 2.145526 1031.284912 ) (-283.339539 19.705591 1028.727783 ) 
3 279 282 (-270.458344 18.390928 1026.001099 ) (-270.067444 18 1026.001099 ) (-270.484772 17.993206 1026.101074 ) 
3 279 280 (-256.003052 3.935425 1026 ) (-252.067703 0 1026 ) (-265.508514 0 1029.169434 ) 
4 280 622 (-251.931915 0 1024.644043 ) (-252.062653 0 1026 ) (-259.390503 0 1027.727417 ) (-259.348846 0 1027.116333 ) 
3 280 583 (-259.390503 0 1027.727417 ) (-265.509033 0 1029.169678 ) (-259.348846 0 1027.116333 ) 
3 280 281 (-256 3.939497 1025.998657 ) (-251.929672 0 1024.641968 ) (-256 0 1025.998657 ) 
4 281 698 (-247.820419 0 982 ) (-249.597534 0 1000.432007 ) (-254.332840 0 1001.548218 ) (-253.763824 0 993.202759 ) 
4 281 623 (-251.873703 0 1024.040283 ) (-251.931915 0 1024.644043 ) (-256 0 1026 ) (-255.941132 0 1025.136597 ) 
4 281 619 (-249.597534 0 1000.432007 ) (-251.873703 0 1024.040283 ) (-255.941132 0 1025.136597 ) (-254.332840 0 1001.548218 ) 
3 281 284 (-253 5.178749 981.998413 ) (-247.821259 0 981.998413 ) (-253.763626 0 993.199951 ) 
4 282 333 (-305.054901 54.837482 1006.870178 ) (-324.293884 75.102455 996.231689 ) (-327.383240 72.013245 996.231628 ) (-293.548798 26.898746 1017.492676 ) 
5 282 331 (-277.686157 26.009169 1022.004089 ) (-305.054901 54.837482 1006.870178 ) (-293.548798 26.898746 1017.492676 ) (-287.102997 18.303974 1021.543091 ) (-285.422577 18.272543 1022.004089 ) 
4 282 330 (-271.115845 19.088442 1025.637207 ) (-277.686157 26.009169 1022.004089 ) (-285.422577 18.272543 1022.004089 ) (-270.857178 18 1026 ) 
4 282 329 (-270.486420 17.993166 1026.101685 ) (-270.459564 18.397175 1026 ) (-271.115845 19.088442 1025.637207 ) (-270.857178 18 1026 ) 
4 282 328 (-324.549530 71.069199 992.669373 ) (-316.061279 68.241669 981.998596 ) (-268.820953 21 981.998474 ) (-273.751648 20.273024 992.663696 ) 
4 282 291 (-287.102997 18.303982 1021.542969 ) (-288.405334 20.040493 1020.724609 ) (-282.315277 28.836376 992.664673 ) (-273.751648 20.273024 992.663696 ) 
4 282 288 (-288.405334 20.040493 1020.724609 ) (-327.383179 72.013115 996.231628 ) (-324.549530 71.069199 992.669373 ) (-282.315277 28.836376 992.664673 ) 
3 283 702 (-258.742859 0 1002.587830 ) (-257.519196 0 1000.281311 ) (-257.659027 0 1002.332336 ) 
5 283 585 (-271.166046 0 1026.004395 ) (-258.742859 0 1002.587830 ) (-257.659027 0 1002.332336 ) (-259 0 1022 ) (-265.518005 0 1024.483032 ) 
5 283 310 (-270.478851 17 992.663330 ) (-266.574768 13.096371 992.662903 ) (-265.683624 10.421363 996.025391 ) (-268.858521 11.480963 1000.012817 ) (-270.687744 16.969517 993.115173 ) 
3 283 307 (-266.574768 13.096371 992.662903 ) (-263.005981 9.527721 992.662476 ) (-265.683624 10.421363 996.025391 ) 
3 283 295 (-268.858521 11.480963 1000.012817 ) (-272.293671 12.627422 1004.327148 ) (-270.601013 16.709255 993.442261 ) 
4 283 293 (-272.293671 12.627422 1004.327148 ) (-280.824585 15.474553 1015.041321 ) (-270.687744 16.969517 993.115173 ) (-270.601013 16.709255 993.442261 ) 
5 283 286 (-261.498383 8.020178 992.662292 ) (-257 3.521615 992.661804 ) (-257.519043 0 1000.278992 ) (-271.166260 0 1026.004517 ) (-274.001709 2.835472 1026.004517 ) 
6 283 285 (-263.005981 9.527721 992.662476 ) (-261.498383 8.020178 992.662292 ) (-274.001709 2.835472 1026.004517 ) (-275.654572 4.488368 1026.004517 ) (-284.041687 15 1022 ) (-280.824585 15.474553 1015.041321 ) 
5 284 716 (-246.483322 0 968.131836 ) (-247.749008 0 981.259399 ) (-253.306808 0 986.499939 ) (-253 0 982 ) (-248.517883 0 970.047668 ) 
4 284 698 (-247.749008 0 981.259399 ) (-247.820419 0 982 ) (-253.763809 0 993.202759 ) (-253.306808 0 986.499939 ) 
3 284 287 (-250.219650 3.114101 974.585754 ) (-246.483673 0 968.135254 ) (-248.519653 0 970.052429 ) 
4 285 724 (-257.745392 0 982.654419 ) (-262.404266 0 995.078125 ) (-274.243774 0 1006.241760 ) (-285.624451 0 1008.924500 ) 
3 285 722 (-255.933929 0 977.031006 ) (-255.474319 0 976.598206 ) (-256 0 978 ) 
5 285 721 (-291.199554 0 1010.238708 ) (-255.933929 0 977.031006 ) (-256 0 978 ) (-257.745392 0 982.654419 ) (-285.624451 0 1008.924500 ) 
3 285 700 (-262.404266 0 995.078125 ) (-265.848511 0 1004.262756 ) (-274.243774 0 1006.241760 ) 
4 285 587 (-294.569427 0 1024.449707 ) (-301 0 1022 ) (-301.162262 0 1019.620056 ) (-294.527863 0 1013.372803 ) 
7 285 586 (-282.469818 0 1027.714355 ) (-282.487366 0 1027.714355 ) (-294.470673 0 1024.487305 ) (-294.569427 0 1024.449707 ) (-294.527863 0 1013.372803 ) (-291.199554 0 1010.238708 ) (-282.469818 0 1008.180847 ) 
5 285 585 (-274.320282 0 1026.854126 ) (-277.514313 0 1027.714355 ) (-282.469818 0 1027.714355 ) (-282.469818 0 1008.180847 ) (-265.848511 0 1004.262756 ) 
4 285 310 (-268.858337 11.479463 1000.014343 ) (-265.683411 10.419951 996.026978 ) (-276.103699 0 996.026489 ) (-280.338379 0 1000.014038 ) 
5 285 307 (-265.683411 10.419951 996.026978 ) (-263.003998 9.525806 992.661926 ) (-258.733643 5.967256 985.289673 ) (-255.476089 0 976.602844 ) (-276.103699 0 996.026489 ) 
6 285 297 (-301 2.686674 1022 ) (-300.988281 2.703125 1022.004272 ) (-297.692657 5.998506 1022.004333 ) (-280.451752 10.497649 1010.006592 ) (-290.949646 0 1010.005981 ) (-301.162109 0 1019.622375 ) 
5 285 295 (-280.451752 10.497649 1010.006592 ) (-272.294830 12.626264 1004.330261 ) (-268.858337 11.479463 1000.014343 ) (-270.593170 9.744728 1000.014282 ) (-284.951782 5.997725 1010.006348 ) 
4 285 294 (-270.593170 9.744728 1000.014282 ) (-280.338379 0 1000.014038 ) (-290.949646 0 1010.005981 ) (-284.951782 5.997725 1010.006348 ) 
5 285 293 (-297.692657 5.998506 1022.004333 ) (-288.701782 14.988674 1022.004395 ) (-288.685730 15 1022 ) (-280.828674 15.474106 1015.047913 ) (-272.294830 12.626264 1004.330261 ) 
6 285 286 (-256 0.959041 977.995300 ) (-258.734924 5.968737 985.289246 ) (-261.500763 8.022464 992.664795 ) (-274.003143 2.837096 1026.004395 ) (-274.321899 0 1026.854370 ) (-256 0 977.995239 ) 
4 286 725 (-262.404297 0 995.078125 ) (-257.745392 0 982.654419 ) (-256.219299 0 981.216370 ) (-256.804413 0 989.797913 ) 
3 286 721 (-257.745392 0 982.654419 ) (-256 0 978 ) (-256.219299 0 981.216370 ) 
5 286 702 (-257.519196 0 1000.281311 ) (-258.742859 0 1002.587830 ) (-265.848541 0 1004.262756 ) (-262.404297 0 995.078125 ) (-256.804413 0 989.797913 ) 
4 286 585 (-258.742859 0 1002.587830 ) (-271.166077 0 1026.004517 ) (-274.320282 0 1026.854126 ) (-265.848541 0 1004.262756 ) 
3 286 309 (-258.733643 5.967256 985.289673 ) (-256.198639 3.854808 980.913330 ) (-256 0.959707 978 ) 
3 287 716 (-246.027832 0 963.407593 ) (-246.483322 0 968.131836 ) (-248.517868 0 970.047668 ) 
6 288 742 (-345.640106 0 973.612427 ) (-344.809174 0 965.013367 ) (-343.719727 0 962.959717 ) (-337.385101 0 954.513550 ) (-332.998749 0 950.377747 ) (-326.997925 0 956.033997 ) 
3 288 741 (-343.719727 0 962.959717 ) (-341.094604 0 958.011169 ) (-337.385101 0 954.513550 ) 
4 288 734 (-325.300232 0 970.400330 ) (-326.658325 0 956.354065 ) (-324.911133 0 958 ) (-321.220520 0 964.960754 ) 
6 288 693 (-316.325745 0 1016.161560 ) (-321.049713 0 1014.361938 ) (-325.300232 0 970.400330 ) (-321.220520 0 964.960754 ) (-312.178345 0 982.012634 ) (-309.050873 0 1014.446716 ) 
4 288 692 (-333.004303 0 961.697632 ) (-328.759186 0 957.694763 ) (-326.304871 0 960.009827 ) (-325.452759 0 968.822815 ) 
4 288 687 (-328.759186 0 957.694763 ) (-326.997925 0 956.033997 ) (-326.658325 0 956.354065 ) (-326.304871 0 960.009827 ) 
4 288 676 (-334.303497 0 962.922729 ) (-333.004303 0 961.697632 ) (-325.452759 0 968.822815 ) (-324.175690 0 982.031006 ) 
3 288 668 (-321.049713 0 1014.361938 ) (-321.430176 0 1014.216980 ) (-321.073029 0 1014.120728 ) 
5 288 666 (-344.093536 0 1005.583374 ) (-348.564850 0 1003.880066 ) (-346.068115 0 978.041687 ) (-341.810364 0 970.001221 ) (-340.549316 0 968.812134 ) 
4 288 665 (-341.821716 0 982.013184 ) (-340.549316 0 968.812134 ) (-334.303497 0 962.922729 ) (-333.003418 0 965.375610 ) 
6 288 664 (-321.430176 0 1014.216980 ) (-344.093536 0 1005.583374 ) (-341.821716 0 982.013184 ) (-333.003418 0 965.375610 ) (-324.175690 0 982.031006 ) (-321.073029 0 1014.120728 ) 
3 288 663 (-346.068115 0 978.041687 ) (-345.640106 0 973.612427 ) (-341.810364 0 970.001221 ) 
4 288 651 (-348.564850 0 1003.880066 ) (-355.668793 0 1001.173828 ) (-353.820068 0 982 ) (-344.809174 0 965.013367 ) 
3 288 626 (-308.601807 0 1019.104004 ) (-316.325745 0 1016.161560 ) (-309.050873 0 1014.446716 ) 
4 288 399 (-353.817719 0 981.994995 ) (-355.666809 0 1001.174500 ) (-360.148926 4.646507 999.467041 ) (-358.955048 5.137048 981.995667 ) 
5 288 347 (-350.026794 8.902502 958.071533 ) (-349.975189 8.885309 958.006653 ) (-341.090118 0 958.006958 ) (-353.821625 0 982.006531 ) (-359.002686 5.180712 982.007202 ) 
4 288 342 (-341.090271 0 958.015015 ) (-349.979462 8.889486 958.014587 ) (-332.996033 8.890568 942 ) (-332.994537 0 950.381714 ) 
4 288 339 (-368.641541 30.753967 996.230957 ) (-368.778107 30.562216 996.178955 ) (-304.401215 4.046413 1020.703430 ) (-304.347595 4.098067 1020.723877 ) 
6 288 337 (-368.778107 30.562216 996.178955 ) (-368.812225 30.514309 996.165955 ) (-368.812225 13.625586 996.165955 ) (-355.668732 0 1001.172974 ) (-308.601898 0 1019.103149 ) (-304.401215 4.046413 1020.703430 ) 
5 288 333 (-368.648438 30.750000 996.230469 ) (-304.352356 4.093225 1020.724609 ) (-290.047882 18.397911 1020.724731 ) (-293.548798 26.898714 1017.492676 ) (-327.383240 72.013245 996.231628 ) 
3 288 331 (-290.047882 18.397911 1020.724731 ) (-288.405334 20.040478 1020.724731 ) (-293.548798 26.898714 1017.492676 ) 
5 288 328 (-316.075806 64.012817 978.024597 ) (-324.545898 71.069344 992.666138 ) (-282.314209 28.837639 992.662964 ) (-282.313568 29.865353 982.011719 ) (-283.178528 31.115389 978.023254 ) 
4 288 325 (-295.235718 46.650692 942 ) (-316.075806 64.012817 978.024597 ) (-283.178528 31.115389 978.023254 ) (-287.520844 37.390984 958 ) 
5 288 312 (-316.002380 8.910995 957.996765 ) (-324.913391 0 957.996704 ) (-332.997742 0 950.376770 ) (-333 8.885681 942 ) (-328 13.884960 942 ) 
4 288 304 (-293.546875 44.625034 945.499695 ) (-287.520844 37.392532 957.996948 ) (-294.910706 30.002674 957.996887 ) (-299.884521 42 942 ) 
3 288 303 (-295.234375 46.650391 942 ) (-293.546875 44.625034 945.499695 ) (-299.884521 42 942 ) 
4 288 292 (-304.360016 4.086878 1020.719910 ) (-308.602661 0 1019.103699 ) (-312.179199 0 982.011047 ) (-307 5.180016 982.010864 ) 
5 288 291 (-282.313232 29.866676 982.009827 ) (-282.313843 28.839293 992.658142 ) (-288.405487 20.041307 1020.723511 ) (-290.086914 18.359854 1020.723511 ) (-291.180298 21 982.010193 ) 
4 288 290 (-294.906006 30 958 ) (-287.523438 37.382813 958 ) (-282.312500 29.863281 982.011414 ) (-291.179901 20.995731 982.011658 ) 
4 288 289 (-324.905457 0 958 ) (-316 8.905826 958 ) (-306.995483 5.179876 982.012146 ) (-312.175262 0 982.012268 ) 
3 289 734 (-324.911133 0 958 ) (-319.690948 0 962.921326 ) (-321.220520 0 964.960754 ) 
4 289 693 (-319.690948 0 962.921326 ) (-313.452209 0 968.801758 ) (-312.178345 0 982.012634 ) (-321.220520 0 964.960754 ) 
4 289 322 (-319.690002 0 962.920044 ) (-324.913391 0 957.996704 ) (-316.001251 8.912138 957.996765 ) (-316 8.909905 958 ) 
4 289 321 (-311.950287 1.502222 968.799255 ) (-313.452484 0 968.799255 ) (-319.690002 0 962.920044 ) (-316 8.909905 958 ) 
4 289 292 (-313.452362 0 968.806885 ) (-311.947449 1.504960 968.806824 ) (-306.995972 5.183344 982.010864 ) (-312.179199 0 982.011047 ) 
3 290 328 (-282.313568 29.865353 982.011719 ) (-282.313324 30.250195 978.023193 ) (-283.178528 31.115389 978.023254 ) 
4 290 325 (-282.313324 30.250195 978.023193 ) (-282.312744 31.140030 968.800903 ) (-287.520844 37.390984 958 ) (-283.178528 31.115389 978.023254 ) 
4 290 305 (-287.520844 37.392532 957.996948 ) (-282.312042 31.140896 968.799377 ) (-287.502533 25.950336 968.799377 ) (-294.912079 30.001287 957.996887 ) 
4 290 291 (-287.505219 25.947790 968.806152 ) (-282.312500 31.140625 968.806030 ) (-282.313232 29.866676 982.009827 ) (-291.183380 20.996311 982.010193 ) 
3 291 331 (-287.103027 18.303978 1021.543091 ) (-288.405334 20.040478 1020.724731 ) (-290.086029 18.359774 1020.724731 ) 
5 291 328 (-282.314209 28.837639 992.662964 ) (-273.749664 20.273113 992.662354 ) (-273.586182 20.666077 986.898865 ) (-277.865997 25.802872 978.023010 ) (-282.313324 30.250193 978.023193 ) 
3 291 325 (-277.865997 25.802872 978.023010 ) (-282.312744 31.140030 968.800903 ) (-282.313324 30.250193 978.023193 ) 
4 291 305 (-282.312042 31.140896 968.799377 ) (-273.584534 20.666063 986.899170 ) (-278.447998 21 982 ) (-287.502502 25.950359 968.799316 ) 
5 292 693 (-309.050873 0 1014.446716 ) (-313.452209 0 968.801758 ) (-311.127716 0 970.992737 ) (-307 0 982 ) (-304.855164 0 1013.457703 ) 
4 292 626 (-304.360016 0 1020.719910 ) (-308.601807 0 1019.104004 ) (-309.050873 0 1014.446716 ) (-304.855164 0 1013.457703 ) 
3 292 337 (-308.601898 0 1019.103149 ) (-304.360077 0 1020.719055 ) (-304.360107 4.086028 1020.719116 ) 
4 292 321 (-312.188568 0 969.990540 ) (-313.452484 0 968.799255 ) (-311.950287 1.502233 968.799255 ) (-311.503540 0.685035 969.990540 ) 
3 292 319 (-311.129059 0 970.989197 ) (-312.188568 0 969.990540 ) (-311.503540 0.685035 969.990540 ) 
3 293 310 (-270.685822 16.969486 993.115662 ) (-270.599030 16.709011 993.442932 ) (-271.131470 17 992.666687 ) 
5 293 297 (-280.452026 10.498425 1010.004639 ) (-297.694214 6 1022.003662 ) (-297.695770 6 1022.003174 ) (-289.531281 17 992.666687 ) (-283.152832 17 992.666565 ) 
5 293 295 (-271.133484 17 992.666321 ) (-270.600098 16.708508 993.443970 ) (-272.292755 12.627611 1004.326538 ) (-280.452026 10.498425 1010.004639 ) (-283.152832 17 992.666565 ) 
4 294 721 (-280.339783 0 1000.012695 ) (-290.950592 0 1010.004333 ) (-294.520874 0 1003.277710 ) (-304.167511 0 977.553284 ) 
3 294 311 (-293.642273 18.546165 969.991028 ) (-291.184967 21.003452 969.991089 ) (-285.691162 18 978 ) 
6 294 310 (-270.594696 9.747183 1000.007813 ) (-280.342133 0 1000.007629 ) (-304.168945 0 977.549500 ) (-307.003510 5.185105 969.990601 ) (-293.642273 18.546165 969.991028 ) (-285.691162 18 978 ) 
5 294 297 (-304.014160 3.938485 977.962219 ) (-294.532684 0 1003.246216 ) (-290.947357 0 1010.001221 ) (-284.947723 6 1010.001404 ) (-289.938385 18.014690 977.961060 ) 
3 294 296 (-294.518646 0 1003.280945 ) (-304 3.938468 977.996826 ) (-304 0 977.996765 ) 
4 294 295 (-270.595276 9.743901 1000.012512 ) (-285.695557 18 977.997559 ) (-289.938873 18 977.998413 ) (-284.953217 5.997740 1010.004883 ) 
5 295 310 (-270.599030 16.709011 993.442932 ) (-268.857880 11.483946 1000.007813 ) (-270.594696 9.747183 1000.007813 ) (-285.691162 18 978 ) (-271.131470 17 992.666687 ) 
4 295 297 (-280.450043 10.497213 1010.001526 ) (-283.151428 17 992.658630 ) (-289.932343 18 978 ) (-284.947723 6 1010.001404 ) 
3 296 727 (-294.520874 0 1003.277710 ) (-303.419647 0 986.511841 ) (-304 0 978 ) 
3 296 297 (-303.420380 0 986.501343 ) (-294.532684 0 1003.246216 ) (-304 3.932592 978 ) 
5 297 727 (-291.852753 0 1010.392639 ) (-295.987305 0 1011.367310 ) (-303 0 992.666870 ) (-303.419647 0 986.511780 ) (-294.520844 0 1003.277710 ) 
4 297 721 (-290.950592 0 1010.004333 ) (-291.199402 0 1010.238647 ) (-291.852753 0 1010.392639 ) (-294.520844 0 1003.277710 ) 
3 297 694 (-295.987305 0 1011.367310 ) (-301.634186 0 1012.698425 ) (-303 0 992.666870 ) 
4 297 587 (-294.527863 0 1013.372864 ) (-301.162262 0 1019.620117 ) (-301.634186 0 1012.698425 ) (-294.519043 0 1011.021179 ) 
3 297 586 (-291.199402 0 1010.238647 ) (-294.527863 0 1013.372864 ) (-294.519043 0 1011.021179 ) 
4 298 323 (-271.566437 25.521002 915.693420 ) (-280.017517 33.972237 915.693542 ) (-285.008087 38.129944 924.320374 ) (-273.031189 22 967.333313 ) 
6 298 308 (-312.134674 24.091656 936.662720 ) (-280.022156 26.031507 908.210388 ) (-271.574341 25.521717 915.686646 ) (-273.039001 22 967.332825 ) (-284.535126 22 967.332642 ) (-309.663025 23.726940 942.011597 ) 
3 298 306 (-313.643982 24 938 ) (-312.134674 24.091656 936.662720 ) (-309.663025 23.726940 942.011597 ) 
4 298 301 (-276.742950 26.996048 954.008606 ) (-285.009949 38.128868 924.321045 ) (-304.644958 33 938 ) (-293.670502 26.996342 954.008179 ) 
3 298 299 (-297.774414 22.906902 953.989990 ) (-284.546875 21.998047 967.320313 ) (-293.684052 26.996052 953.992310 ) 
3 299 311 (-297.766876 22.909533 954 ) (-284.535126 22 967.332642 ) (-291.599091 22 967.332520 ) 
3 300 325 (-292.141815 43.786728 939.618103 ) (-275.818970 24.194195 973.482483 ) (-280.129852 30 958 ) 
4 300 305 (-275.829346 24.205227 973.453064 ) (-290.844727 42.227283 942.302612 ) (-291.392639 42 942 ) (-286.423096 30 958 ) 
3 300 303 (-290.844727 42.227283 942.302612 ) (-292.120972 43.759079 939.654968 ) (-291.392639 42 942 ) 
3 300 302 (-291.401489 42 942 ) (-292.138733 43.780003 939.625305 ) (-290.587463 42 942 ) 
3 301 326 (-285.008087 38.129944 924.320374 ) (-290.235474 42.484940 933.356506 ) (-276.742035 26.997650 954.006470 ) 
4 301 302 (-298.641754 39.001961 938 ) (-298.641266 39 938 ) (-287.202850 39 938 ) (-290.237335 42.483505 933.356873 ) 
5 302 327 (-290.235474 42.484940 933.356506 ) (-292.921753 44.722893 938 ) (-292.141815 43.786728 939.618103 ) (-290.585388 42 942 ) (-287.200348 39.001347 938.001343 ) 
5 302 303 (-291.392639 42 942 ) (-292.120972 43.759079 939.654968 ) (-292.920837 44.719116 937.995605 ) (-298.634521 39.005581 937.995728 ) (-298.632751 39.001308 938.001404 ) 
3 303 327 (-292.921753 44.722893 938 ) (-293.052002 44.831417 938.225159 ) (-292.141815 43.786728 939.618103 ) 
5 303 325 (-293.052002 44.831417 938.225159 ) (-295.235718 46.650692 942 ) (-293.548126 44.625183 945.499878 ) (-290.845581 42.230835 942.307373 ) (-292.141815 43.786728 939.618103 ) 
5 303 304 (-291.401611 42 942 ) (-290.847595 42.230148 942.305542 ) (-293.550781 44.625000 945.498047 ) (-299.885162 42.001472 942 ) (-299.884888 42 942 ) 
3 304 325 (-293.548126 44.625183 945.499878 ) (-287.520813 37.390953 958 ) (-290.907959 42.286098 942.381042 ) 
5 304 305 (-291.398132 41.988586 942.015625 ) (-291.378906 42.007813 942.015625 ) (-290.908386 42.283443 942.383118 ) (-287.521454 37.388817 958.001343 ) (-294.911041 30 958.001221 ) 
4 305 328 (-277.865997 25.802879 978.022949 ) (-273.586182 20.666077 986.898865 ) (-273.447235 21 982 ) (-274.554688 22.491531 978.022949 ) 
6 305 325 (-287.520813 37.390953 958 ) (-277.865997 25.802879 978.022949 ) (-274.554688 22.491531 978.022949 ) (-275.818970 24.194197 973.482483 ) (-290.845581 42.230835 942.307373 ) (-290.907959 42.286098 942.381042 ) 
3 306 313 (-319 18.644478 938 ) (-319.501526 16.724812 936.662598 ) (-317.495667 15.894279 942.011475 ) 
4 306 308 (-315.406677 20.818623 936.661621 ) (-312.133789 24.091524 936.661621 ) (-309.660278 23.726559 942.014404 ) (-312.933228 20.453667 942.014404 ) 
4 306 307 (-317.494568 15.892389 942.014343 ) (-319.501770 16.723539 936.661682 ) (-315.406677 20.818623 936.661621 ) (-312.933228 20.453667 942.014404 ) 
4 307 743 (-271.143311 0 892.055664 ) (-265.142090 0 897.707703 ) (-316.093170 0 945.751465 ) (-319.227509 0 937.393188 ) 
3 307 735 (-313 0 954 ) (-316.093170 0 945.751465 ) (-284.400146 0 915.866882 ) 
5 307 722 (-251.407501 0 910.643250 ) (-248.332245 0 913.539612 ) (-252 0 967.333313 ) (-255.474319 0 976.598206 ) (-255.933929 0 977.031006 ) 
7 307 721 (-265.142090 0 897.707703 ) (-251.407501 0 910.643250 ) (-255.933929 0 977.031006 ) (-276.105133 0 996.025146 ) (-308.801575 0 965.195679 ) (-313 0 954 ) (-284.400146 0 915.866882 ) 
4 307 718 (-246.695343 0 922.406189 ) (-250.697357 0 963.859619 ) (-252 0 967.333313 ) (-248.750000 0 919.666748 ) 
4 307 717 (-248.332245 0 913.539612 ) (-246.047119 0 915.691772 ) (-246.695343 0 922.406189 ) (-248.750000 0 919.666748 ) 
4 307 344 (-321.547974 8.891296 931.205444 ) (-280.033234 8.893940 892.059570 ) (-271.139221 0 892.059631 ) (-319.225372 0 937.399048 ) 
5 307 323 (-256.008575 3.945000 978.022827 ) (-250.696045 0 963.856079 ) (-246.045914 0 915.692932 ) (-268.293762 22.248280 915.693359 ) (-270.061737 17.998541 978.022827 ) 
7 307 318 (-317.495667 15.894279 942.011475 ) (-319.501526 16.724812 936.662598 ) (-321 10.988880 932.666687 ) (-321 6.785419 932.666687 ) (-319.227295 0 937.393738 ) (-313 0 954 ) (-313 7.675389 954 ) 
3 307 316 (-321 10.988880 932.666687 ) (-321.549072 8.887122 931.202515 ) (-321 6.785419 932.666687 ) 
7 307 310 (-313.001617 7.676549 953.995667 ) (-308.802612 0 965.193054 ) (-276.104218 0 996.024292 ) (-265.682373 10.421652 996.024536 ) (-266.571960 13.092067 992.667908 ) (-270.263092 17.522097 985.010681 ) (-301.041504 19.636751 953.995728 ) 
3 307 309 (-256 3.938733 978.007996 ) (-258.726563 5.962891 985.277344 ) (-256 0.969264 978.007996 ) 
6 307 308 (-315.408936 20.818689 936.663879 ) (-312.941406 20.454590 942.003906 ) (-277.218842 18 978 ) (-270.063171 18 978 ) (-268.296173 22.248589 915.691345 ) (-280.024353 22.956280 905.312012 ) 
4 308 323 (-268.293762 22.248280 915.693359 ) (-271.566437 25.521002 915.693420 ) (-273.031189 22 967.333374 ) (-270.061096 18 978 ) 
4 308 311 (-284.531494 22 967.335632 ) (-297.769409 22.908770 953.995911 ) (-301.041565 19.636757 953.995667 ) (-277.220367 18 978 ) 
4 310 721 (-276.105133 0 996.025146 ) (-280.339783 0 1000.012695 ) (-304.167450 0 977.553345 ) (-308.801575 0 965.195679 ) 
4 310 311 (-277.221863 18 978 ) (-301.042969 19.636719 953.996094 ) (-293.643768 18.546133 969.991333 ) (-285.693207 18 978 ) 
4 312 742 (-326.997894 0 956.033997 ) (-332.998749 0 950.377747 ) (-330.301880 0 947.834961 ) (-326.302063 0 955.377930 ) 
4 312 734 (-324.911163 0 958 ) (-326.658295 0 956.354126 ) (-326.715027 0 955.767273 ) (-326.302063 0 955.377930 ) 
3 312 687 (-326.658295 0 956.354126 ) (-326.997894 0 956.033997 ) (-326.715027 0 955.767273 ) 
4 312 342 (-328.751678 4.642264 942.004028 ) (-330.299103 0 947.840210 ) (-332.994537 0 950.381714 ) (-332.996033 8.886630 942.003967 ) 
5 312 341 (-332.996033 8.890568 942 ) (-330.069427 8.890754 939.240662 ) (-328.554535 5.233671 941.260498 ) (-328.751678 4.642264 942.004028 ) (-332.996033 8.886630 942.003967 ) 
5 312 322 (-315.996887 8.910289 958.004028 ) (-324.907043 0 958.004272 ) (-330.300446 0 947.833557 ) (-329.165924 3.403607 943.554626 ) (-328 5.393968 942 ) 
3 312 316 (-329.165924 3.403607 943.554626 ) (-328.556854 5.230826 941.257446 ) (-328 5.393968 942 ) 
4 312 315 (-327.997528 5.407869 941.996765 ) (-328.757751 5.722841 940.982971 ) (-330.068451 8.888132 939.234314 ) (-327.996094 13.892578 941.996094 ) 
3 312 314 (-327.989624 5.404590 942.007324 ) (-328.557129 5.238328 941.250671 ) (-328.757751 5.722841 940.982971 ) 
5 313 318 (-319.500000 16.725586 936.660156 ) (-317.491791 15.893979 942.015381 ) (-321.988586 11.397224 942.015259 ) (-325 10.515060 938 ) (-323.995087 12.230485 936.660217 ) 
3 313 316 (-325 10.515060 938 ) (-326.004883 10.220688 936.660217 ) (-323.995087 12.230485 936.660217 ) 
4 313 314 (-325 12.642092 938 ) (-325 12.642424 937.998291 ) (-326 10.225586 936.664063 ) (-325 10.518768 937.998901 ) 
4 314 345 (-328.753571 8.890838 938 ) (-327.335419 8.890928 936.662659 ) (-328.554535 5.233671 941.260498 ) (-328.753601 5.714215 940.995117 ) 
5 314 316 (-328 5.393970 942 ) (-328.556854 5.230826 941.257446 ) (-327.337952 8.887604 936.660217 ) (-326.004883 10.220688 936.660217 ) (-325 10.515060 938 ) 
4 314 315 (-328.759979 5.714244 940.993225 ) (-328.001953 5.400521 942.002625 ) (-325 12.649707 938 ) (-328.761383 8.889800 938 ) 
3 315 345 (-330.069427 8.890754 939.240662 ) (-328.753571 8.890838 938 ) (-328.753601 5.714215 940.995117 ) 
5 316 345 (-327.335419 8.890928 936.662659 ) (-326.554962 8.890978 935.926758 ) (-325 5.137136 938 ) (-328 3.894847 942 ) (-328.554535 5.233640 941.260559 ) 
4 316 344 (-326.554962 8.890978 935.926758 ) (-321.547974 8.891296 931.205444 ) (-321 6.793537 932.666748 ) (-325 5.137136 938 ) 
3 316 342 (-328.002991 3.893584 942.004089 ) (-329.161072 3.414023 943.548157 ) (-328.751648 4.642283 942.004028 ) 
4 316 341 (-328 3.894847 942 ) (-328.002991 3.893584 942.004089 ) (-328.751648 4.642283 942.004028 ) (-328.554535 5.233640 941.260559 ) 
3 316 322 (-328.010529 5.373788 942.016663 ) (-329.166382 3.400697 943.557800 ) (-328.757751 3.569921 943.012939 ) 
5 316 318 (-320.996094 6.784111 932.664063 ) (-320.996094 10.990013 932.664063 ) (-323.993622 12.230769 936.660767 ) (-325 10.514473 938.001343 ) (-325 5.126451 938.001282 ) 
4 316 317 (-328 5.393454 942.001282 ) (-328.010529 5.373788 942.016663 ) (-328.757751 3.569921 943.012939 ) (-327.998993 3.884125 942.001282 ) 
4 317 742 (-328.757721 0 946.379028 ) (-326.390015 0 944.146545 ) (-321.419525 0 950.773865 ) (-322.758118 0 952.036072 ) 
4 317 734 (-321.419525 0 950.773865 ) (-316 0 958 ) (-316.179352 0 958.239197 ) (-322.758118 0 952.036072 ) 
4 317 342 (-326.386536 0 944.151184 ) (-328.753571 0 946.382996 ) (-328.753571 3.582775 943.004822 ) (-328 3.894857 942 ) 
6 317 322 (-327.994080 5.396545 942.007813 ) (-328.007813 5.382813 942.007813 ) (-328.756226 3.576048 943.005737 ) (-328.756226 0 946.377563 ) (-320.679657 0 953.992859 ) (-319.005188 1.674396 953.992920 ) 
4 317 320 (-320.679657 0 953.992859 ) (-316.178040 0 958.237427 ) (-316 0.429969 958 ) (-319.005188 1.674396 953.992920 ) 
4 318 743 (-322.875427 0 940.832764 ) (-319.227509 0 937.393188 ) (-316.093170 0 945.751465 ) (-317.904999 0 947.459961 ) 
3 318 735 (-316.093170 0 945.751465 ) (-313 0 954 ) (-317.904999 0 947.459961 ) 
4 318 344 (-321 6.793537 932.666748 ) (-319.225372 0 937.399048 ) (-322.872009 0 940.837402 ) (-325 5.137142 938 ) 
5 319 693 (-311.127716 0 970.992798 ) (-312.186249 0 969.995056 ) (-317.494904 0 959.993164 ) (-316.179352 0 958.239197 ) (-315.763184 0 958.631592 ) 
4 319 321 (-316 2.555879 958 ) (-317.496643 0 959.995605 ) (-312.192322 0 969.988525 ) (-311.504303 0.688030 969.988464 ) 
4 319 320 (-317.496185 0 959.996338 ) (-316 2.555937 958 ) (-316 0.437367 958 ) (-316.181183 0 958.241577 ) 
3 320 734 (-317.494904 0 959.993164 ) (-320.676483 0 953.998840 ) (-316.179352 0 958.239197 ) 
4 320 322 (-318.995148 1.680620 954.006348 ) (-320.675781 0 954.006348 ) (-317.496643 0 959.995605 ) (-316 2.555993 958 ) 
3 321 693 (-312.186249 0 969.995056 ) (-319.690979 0 962.921326 ) (-317.494904 0 959.993164 ) 
5 321 322 (-316 2.554346 958 ) (-317.495483 0 959.995300 ) (-319.691650 0 962.921936 ) (-316.003906 8.906250 958.003906 ) (-316 8.912331 958 ) 
4 322 742 (-326.302063 0 955.377930 ) (-330.301880 0 947.834961 ) (-328.757721 0 946.379028 ) (-322.758118 0 952.036072 ) 
6 322 734 (-319.690979 0 962.921326 ) (-324.911163 0 958 ) (-326.302063 0 955.377930 ) (-322.758118 0 952.036072 ) (-320.676483 0 953.998840 ) (-317.494904 0 959.993164 ) 
4 322 342 (-328.753571 0 946.382996 ) (-330.299103 0 947.840210 ) (-329.161072 3.414023 943.548157 ) (-328.753571 3.582775 943.004822 ) 
4 323 718 (-242.601059 0 927.865234 ) (-244.470444 0 947.254517 ) (-250.697357 0 963.859619 ) (-246.695343 0 922.406189 ) 
4 323 717 (-246.047119 0 915.691772 ) (-241.811935 0 919.680542 ) (-242.601059 0 927.865234 ) (-246.695343 0 922.406189 ) 
4 323 326 (-272.116852 26.995523 954.009338 ) (-281.138763 39.140022 921.624023 ) (-285.008789 38.128906 924.320313 ) (-276.741638 26.995518 954.009338 ) 
3 323 324 (-247 0 954 ) (-244.471008 0 947.257324 ) (-247 1.878088 953.998718 ) 
3 324 719 (-244.470444 0 947.254517 ) (-244.843597 0 951.124878 ) (-247 0 954 ) 
4 325 328 (-316.081879 64.013184 978.030640 ) (-274.557495 22.490341 978.026062 ) (-272.900177 26.492256 967.354309 ) (-307.590576 61.183212 967.354675 ) 
4 325 327 (-290.588470 42 942 ) (-293.054382 44.830681 938.226746 ) (-289.656250 46.238281 936.347656 ) (-285.962646 42 942 ) 
4 326 327 (-290.238281 42.488281 933.359375 ) (-287.202820 39.003593 938.004395 ) (-282.579742 39.001930 938.002136 ) (-286.840973 43.891846 931.482178 ) 
3 329 334 (-276.629547 2.150583 1031.283203 ) (-283.339722 19.705511 1028.726929 ) (-288.033905 15.184122 1026.938599 ) 
3 329 332 (-288.032501 15.182192 1026.939331 ) (-285.248474 17.863741 1028 ) (-285.305359 18 1026 ) 
5 329 331 (-285.248474 17.863741 1028 ) (-283.337830 19.704060 1028.727783 ) (-277.683838 25.621576 1026 ) (-277.684113 25.874929 1023.375061 ) (-285.305359 18 1026 ) 
4 329 330 (-285.310333 18 1026.001343 ) (-277.686798 25.877583 1023.375427 ) (-271.104492 19.076609 1025.642334 ) (-270.848511 18 1026.001221 ) 
4 330 331 (-277.684265 26.007153 1022.005066 ) (-285.418945 18.272476 1022.005127 ) (-285.305359 18 1026 ) (-277.684113 25.874929 1023.375061 ) 
5 331 334 (-283.339722 19.705511 1028.726929 ) (-290.500061 38.438057 1026 ) (-304.150208 52.589787 1020.799072 ) (-289.886078 17.984211 1026.233032 ) (-285.251770 17.863838 1027.998535 ) 
4 331 333 (-305.054688 54.839844 1006.865234 ) (-290.031891 18.359013 1020.735840 ) (-289.886230 17.984159 1026.233765 ) (-304.150421 52.589924 1020.799805 ) 
4 331 332 (-289.887451 17.984375 1026.230469 ) (-289.893555 18 1026 ) (-285.308350 18 1026 ) (-285.251373 17.864126 1028 ) 
4 332 334 (-289.886078 17.984211 1026.233032 ) (-289.353516 16.692181 1026.435913 ) (-288.033905 15.184123 1026.938599 ) (-285.251770 17.863838 1027.998535 ) 
5 333 339 (-304.150208 52.589787 1020.799072 ) (-332.301208 81.775177 1010.074890 ) (-368.641541 30.753967 996.230957 ) (-304.347595 4.098061 1020.723877 ) (-289.899170 18.015961 1026.228027 ) 
3 334 599 (-278.727753 0 1032.285767 ) (-282.469788 0 1033.167847 ) (-282.469788 0 1032.285767 ) 
3 334 590 (-281.270844 0 1032.285767 ) (-282.469788 0 1032.285767 ) (-282.469788 0 1032.003052 ) 
5 334 340 (-289.888763 18.025761 1026.234497 ) (-289.321747 16.648220 1026.450562 ) (-288.514648 14.687327 1027.104248 ) (-288.400482 14.408523 1031.169434 ) (-289.763367 17.719538 1030.710205 ) 
4 334 339 (-304.089844 52.527344 1020.824219 ) (-289.888763 18.025761 1026.234497 ) (-289.763367 17.719538 1030.710205 ) (-303.742645 51.680733 1026 ) 
4 334 335 (-288.514648 14.687327 1027.104248 ) (-282.469482 0 1032 ) (-282.469574 0 1033.167725 ) (-288.400482 14.408523 1031.169434 ) 
4 335 627 (-302.920654 0 1030.010864 ) (-303.200592 0 1027.115234 ) (-300.609589 0 1027.726074 ) (-300.413513 0 1030.601929 ) 
4 335 624 (-299.957489 0 1037.290283 ) (-302.166565 0 1037.811035 ) (-302.920654 0 1030.010864 ) (-300.413513 0 1030.601929 ) 
4 335 603 (-282.469788 0 1033.167847 ) (-297.804932 0 1036.782837 ) (-286 0 1032.285767 ) (-282.469788 0 1032.285767 ) 
3 335 594 (-293.271301 0 1032.285767 ) (-286 0 1032.285767 ) (-288.779755 0 1033.344727 ) 
5 335 593 (-297.804932 0 1036.782837 ) (-299.957489 0 1037.290283 ) (-300.298706 0 1032.285767 ) (-293.271301 0 1032.285767 ) (-288.779755 0 1033.344727 ) 
4 335 590 (-300.298706 0 1032.285767 ) (-300.609589 0 1027.726074 ) (-282.469788 0 1032.003052 ) (-282.469788 0 1032.285767 ) 
4 335 340 (-288.400055 14.405197 1031.170166 ) (-288.514343 14.682920 1027.116211 ) (-300.682007 2.514559 1027.116333 ) (-300.019928 2.241918 1036.776611 ) 
4 335 338 (-300.682007 2.514559 1027.116333 ) (-303.196411 0 1027.116333 ) (-302.161682 0 1037.809937 ) (-300.019928 2.241918 1036.776611 ) 
3 335 336 (-303.198395 0 1027.116211 ) (-300.651398 2.547131 1027.116211 ) (-294.496033 0 1029.167969 ) 
4 336 627 (-303.200592 0 1027.115234 ) (-303.285400 0 1026.238159 ) (-300.651154 0 1027.116211 ) (-300.609589 0 1027.726196 ) 
3 336 592 (-300.651154 0 1027.116211 ) (-294.499664 0 1029.166748 ) (-300.609589 0 1027.726196 ) 
3 336 338 (-303.281250 0 1026.239624 ) (-303.196411 0 1027.116333 ) (-300.651031 2.545528 1027.116333 ) 
3 337 771 (-334.638306 0 1045.465576 ) (-360.527618 0 1051.568481 ) (-359.298340 0 1038.818726 ) 
3 337 693 (-321.049683 0 1014.362000 ) (-316.325745 0 1016.161621 ) (-320.774292 0 1017.210266 ) 
4 337 672 (-348.458832 0 1023.736206 ) (-350.530731 0 1024.224609 ) (-350.316071 0 1022.003052 ) (-350.299377 0 1021.998535 ) 
4 337 670 (-345.782410 0 1023.105286 ) (-348.458832 0 1023.736206 ) (-350.299377 0 1021.998535 ) (-345.552429 0 1020.719055 ) 
5 337 668 (-321.430267 0 1014.217041 ) (-321.049683 0 1014.362000 ) (-320.774292 0 1017.210266 ) (-345.782410 0 1023.105286 ) (-345.552429 0 1020.719055 ) 
4 337 666 (-348.564850 0 1003.880066 ) (-344.093567 0 1005.583435 ) (-345.552429 0 1020.719055 ) (-350.316071 0 1022.003052 ) 
3 337 664 (-344.093567 0 1005.583435 ) (-321.430267 0 1014.217041 ) (-345.552429 0 1020.719055 ) 
4 337 658 (-357.931641 0 1024.643921 ) (-357.873444 0 1024.040161 ) (-350.316071 0 1022.003052 ) (-350.326294 0 1022.108765 ) 
4 337 657 (-358.062408 0 1026 ) (-357.931641 0 1024.643921 ) (-350.326294 0 1022.108765 ) (-350.530731 0 1024.224609 ) 
4 337 651 (-357.873444 0 1024.040161 ) (-355.668793 0 1001.173828 ) (-348.564850 0 1003.880066 ) (-350.316071 0 1022.003052 ) 
5 337 626 (-320.774292 0 1017.210266 ) (-316.325745 0 1016.161621 ) (-304.360016 0 1020.719971 ) (-303.739716 0 1029.817627 ) (-319.924286 0 1026.001831 ) 
3 337 625 (-338.995728 0 1021.505493 ) (-320.774292 0 1017.210266 ) (-319.924286 0 1026.001831 ) 
6 337 624 (-303.178467 0 1038.049561 ) (-334.638306 0 1045.465576 ) (-359.298340 0 1038.818726 ) (-358.062408 0 1026 ) (-338.995728 0 1021.505493 ) (-303.739716 0 1029.817627 ) 
3 337 410 (-379.549500 21.604033 1024.798706 ) (-379.391602 21.486740 1024.377686 ) (-377.111877 19.085613 1025.638184 ) 
4 337 409 (-376.458130 18.397036 1026 ) (-380 21.938593 1026 ) (-379.549500 21.604033 1024.798706 ) (-377.111877 19.085613 1025.638184 ) 
5 337 404 (-376.061188 18 1026 ) (-376.458130 18.397036 1026 ) (-379.391602 21.486740 1024.377686 ) (-378.020447 20.468143 1020.721191 ) (-375.912201 18.360014 1020.721252 ) 
3 337 403 (-378.020447 20.468143 1020.721191 ) (-377.747772 20.265583 1019.994080 ) (-375.909027 18.356833 1020.721252 ) 
4 337 401 (-357.551331 0 1020.721252 ) (-357.929443 0 1024.643066 ) (-361.966400 3.907040 1025.988770 ) (-361.600311 4.048802 1020.721252 ) 
4 337 400 (-357.929443 0 1024.643066 ) (-358.060211 0 1026 ) (-361.967133 3.906751 1026 ) (-361.966400 3.907040 1025.988770 ) 
4 337 399 (-355.666809 0 1001.174500 ) (-357.551331 0 1020.721252 ) (-361.601288 4.049759 1020.721252 ) (-360.148926 4.646507 999.467041 ) 
3 337 392 (-375.912170 18.360100 1020.719971 ) (-377.747772 20.265583 1019.994080 ) (-375.740601 18.774529 1014.641663 ) 
4 337 350 (-358.060211 0 1026 ) (-360.525269 0 1051.567993 ) (-389.588226 29.061525 1051.568604 ) (-380 21.938593 1026 ) 
5 337 339 (-304.360016 4.027787 1020.719971 ) (-368.779480 30.561117 996.179199 ) (-368.854858 30.592165 996.279541 ) (-388.649200 38.745804 1049.064453 ) (-303.234833 3.564449 1037.222534 ) 
4 337 338 (-304 3.882356 1026 ) (-303.234894 3.567278 1037.221924 ) (-303.178680 0 1038.049561 ) (-304 0 1026 ) 
4 338 627 (-303.739746 0 1029.817627 ) (-304 0 1026 ) (-303.285400 0 1026.238159 ) (-302.920685 0 1030.010742 ) 
4 338 624 (-302.166565 0 1037.811035 ) (-303.178467 0 1038.049561 ) (-303.739746 0 1029.817627 ) (-302.920685 0 1030.010742 ) 
4 338 340 (-300.022644 2.241379 1036.777222 ) (-300.684998 2.514127 1027.104980 ) (-304 3.879543 1026 ) (-303.234833 3.564449 1037.222534 ) 
5 339 340 (-303.273956 3.581742 1037.227783 ) (-304.040924 3.897578 1025.998291 ) (-290.504181 17.434513 1025.998291 ) (-289.889648 18.026489 1026.232422 ) (-289.763763 17.720623 1030.710083 ) 
4 341 345 (-341.664063 36.875000 923.777344 ) (-327.997864 3.883194 941.998962 ) (-330.995087 2.632777 938 ) (-341.664886 28.384987 923.773010 ) 
4 341 343 (-341 12.640711 938 ) (-335 6.640644 938 ) (-337.994080 13.876827 941.992126 ) (-338.005981 13.888729 941.992126 ) 
4 341 342 (-335 6.640644 938 ) (-331 2.640625 938 ) (-328.003906 3.886719 941.992188 ) (-337.994080 13.876827 941.992126 ) 
3 342 742 (-326.390045 0 944.146545 ) (-337.385132 0 954.513550 ) (-328 0 942 ) 
4 342 741 (-337.385132 0 954.513550 ) (-341.094604 0 958.011169 ) (-334.837708 0 946.216553 ) (-333 0 948.666809 ) 
5 342 740 (-334.837708 0 946.216553 ) (-332.599121 0 941.996704 ) (-329.906952 0 939.457336 ) (-328 0 942 ) (-333 0 948.666809 ) 
4 342 347 (-334.836395 0 946.218323 ) (-341.090118 0 958.006958 ) (-350.004974 8.915082 958.006653 ) (-338 5.401404 942 ) 
4 342 346 (-337.994446 5.399775 941.992615 ) (-332.594757 0 941.992676 ) (-334.836395 0 946.218323 ) (-338 5.401404 942 ) 
4 342 345 (-327.997955 0 941.997375 ) (-329.904266 0 939.453857 ) (-330.995087 2.632777 938 ) (-327.998535 3.882915 941.998047 ) 
4 342 343 (-338.001038 13.888412 941.998779 ) (-335.001648 6.640213 938 ) (-338 5.400442 941.996765 ) (-338.001007 5.400888 941.998779 ) 
5 344 743 (-275.401550 0 888.045166 ) (-271.143311 0 892.055664 ) (-322.875427 0 940.832703 ) (-325 0 938 ) (-316.870514 0 927.160767 ) 
4 344 740 (-325 0 938 ) (-326.392914 0 936.142761 ) (-322.366882 0 932.345215 ) (-321.424408 0 933.232666 ) 
3 344 736 (-322.366882 0 932.345215 ) (-316.870514 0 927.160767 ) (-321.424408 0 933.232666 ) 
5 344 345 (-339.666016 32.046875 918.441406 ) (-326.388489 0 936.143799 ) (-324.997894 0 937.997253 ) (-324.997559 5.125706 937.996765 ) (-339.665039 40.534103 918.440125 ) 
4 345 740 (-328 0 942 ) (-329.906952 0 939.457336 ) (-326.392914 0 936.142761 ) (-325 0 938 ) 
4 346 740 (-325.776123 0 929.135010 ) (-334.837677 0 946.216553 ) (-341 0 938 ) (-330.801971 0 924.402588 ) 
3 346 736 (-305.052826 0 890.070435 ) (-325.776123 0 929.135010 ) (-330.801971 0 924.402588 ) 
5 346 646 (-330.801971 0 924.402588 ) (-341 0 938 ) (-342.062103 0 936.584045 ) (-340.532318 0 920.752808 ) (-339.004578 0 916.678833 ) 
3 346 632 (-342.062103 0 936.584045 ) (-345 0 932.666748 ) (-340.532318 0 920.752808 ) 
5 346 628 (-314.468994 0 851.250671 ) (-294.457581 0 870.097839 ) (-305.052826 0 890.070435 ) (-330.801971 0 924.402588 ) (-339.004578 0 916.678833 ) 
3 346 349 (-341.947601 12.140371 936.737732 ) (-345 17.351563 932.667969 ) (-345 10.882549 932.667969 ) 
5 346 348 (-341 10.523300 938 ) (-341.947601 12.140371 936.737732 ) (-345 10.882549 932.667969 ) (-345 0 932.667969 ) (-341 0 938 ) 
3 346 347 (-334.836487 0 946.218933 ) (-338 5.401547 942 ) (-338 0 942 ) 
3 347 742 (-343.719666 0 962.959595 ) (-344.809174 0 965.013367 ) (-344.742493 0 964.323364 ) 
5 347 741 (-334.837677 0 946.216553 ) (-343.719666 0 962.959595 ) (-344.742493 0 964.323364 ) (-343.263580 0 949.018066 ) (-338 0 942 ) 
5 347 651 (-344.809174 0 965.013367 ) (-353.820068 0 982 ) (-352.027405 0 963.406433 ) (-350 0 958 ) (-343.263580 0 949.018066 ) 
3 347 399 (-352.024963 0 963.400024 ) (-353.817719 0 981.994995 ) (-358.998352 5.180347 981.995667 ) 
3 348 646 (-342.062103 0 936.584045 ) (-341 0 938 ) (-342.376221 0 939.834961 ) 
5 348 632 (-350.843201 0 951.124329 ) (-350.469971 0 947.253174 ) (-345 0 932.666748 ) (-342.062103 0 936.584045 ) (-342.376221 0 939.834961 ) 
3 348 364 (-350.467651 0 947.247070 ) (-350.841217 0 951.121643 ) (-353 1.881223 954 ) 
4 348 349 (-343.853210 11.356194 941.804321 ) (-341.948456 12.140514 936.735413 ) (-345 10.883049 932.666687 ) (-352.998383 7.588944 953.997864 ) 
4 350 790 (-424.413544 0 1041.640747 ) (-405.957520 0 1037.290161 ) (-403.863647 0 1068 ) (-421.865570 0 1068 ) 
4 350 789 (-464 0 1068 ) (-464 0 1050.972290 ) (-424.413544 0 1041.640747 ) (-421.865570 0 1068 ) 
4 350 771 (-371.420654 0 1035.551270 ) (-359.298340 0 1038.818726 ) (-362.111877 0 1068 ) (-371.420654 0 1068 ) 
5 350 761 (-405.957520 0 1037.290161 ) (-384.091949 0 1032.135864 ) (-371.420654 0 1035.551270 ) (-371.420654 0 1068 ) (-403.863647 0 1068 ) 
3 350 624 (-384.091949 0 1032.135864 ) (-358.062408 0 1026 ) (-359.298340 0 1038.818726 ) 
5 350 445 (-464 0 1050.972290 ) (-464 0 1068 ) (-464 80 1068 ) (-464 80 1032.612427 ) (-464 79.576729 1032.213379 ) 
5 350 418 (-390.632660 23.089996 1028.235229 ) (-389.339050 19.705873 1028.728027 ) (-408.167664 0 1037.811646 ) (-409.178436 0 1038.049927 ) (-409.235718 3.621512 1037.209717 ) 
3 350 417 (-409.178436 0 1038.049927 ) (-412.696228 0 1038.879150 ) (-409.235718 3.621512 1037.209717 ) 
4 350 414 (-385.997345 10.963966 1030.001099 ) (-382.625610 2.143507 1031.285522 ) (-383.513153 0 1032 ) (-385.998230 0 1032.585815 ) 
4 350 412 (-389.339050 19.705873 1028.728027 ) (-385.997345 10.963966 1030.001099 ) (-385.998230 0 1032.585815 ) (-408.167664 0 1037.811646 ) 
6 350 411 (-464 79.572136 1032.215088 ) (-447.523438 89.457031 1026 ) (-396.498199 38.434292 1026 ) (-390.632660 23.089996 1028.235229 ) (-412.696228 0 1038.879150 ) (-464 0 1050.972778 ) 
5 350 409 (-385.996429 27.933016 1026 ) (-376.457092 18.394144 1026 ) (-376.564117 16.783627 1026.405518 ) (-382.625610 2.143506 1031.285522 ) (-385.997467 10.964305 1030 ) 
4 350 407 (-386 27.937382 1026 ) (-385.996429 27.933016 1026 ) (-385.997467 10.964305 1030 ) (-390.632660 23.089998 1028.235229 ) 
3 350 406 (-396.498199 38.434292 1026 ) (-386 27.937382 1026 ) (-390.632660 23.089998 1028.235229 ) 
3 350 404 (-376.457092 18.394144 1026 ) (-376.062988 18 1026 ) (-376.483734 17.993185 1026.101440 ) 
3 350 402 (-363.251160 3.377818 1026.427490 ) (-365.332123 0 1027.714355 ) (-371.451263 0 1029.156738 ) 
5 350 400 (-361.968445 3.906206 1026 ) (-358.062042 0 1026 ) (-362.804474 0 1027.118530 ) (-364.368561 1.564041 1027.118530 ) (-363.251160 3.377814 1026.427490 ) 
3 350 397 (-362.804474 0 1027.118530 ) (-365.332123 0 1027.714355 ) (-364.368561 1.564041 1027.118530 ) 
4 351 406 (-403.042358 11.404305 1020.723145 ) (-398.046753 41.133366 1014.062378 ) (-407.913177 51.525272 1008.606995 ) (-407.087036 7.359573 1020.723267 ) 
3 351 391 (-386 30.636478 998.001160 ) (-398.046448 41.133011 1014.061829 ) (-403.041656 11.405109 1020.722229 ) 
5 351 374 (-407.087250 7.359167 1020.725403 ) (-407.913361 51.525150 1008.609314 ) (-410 56.563324 977.998840 ) (-410 10.307260 978 ) (-409.726624 8.451644 982.014709 ) 
5 351 372 (-410 56.563324 977.998840 ) (-411.028717 59.045609 962.917236 ) (-412.454895 35.432358 942 ) (-411.364014 19.548918 958 ) (-410 10.307260 978 ) 
5 351 370 (-405.892426 41.997917 942.002808 ) (-405.888306 42.002037 942.002808 ) (-396.401062 45.931232 947.241699 ) (-391.207245 39.699718 958.010925 ) (-400.915039 29.991880 958.010925 ) 
3 351 369 (-405.888306 42.002037 942.002808 ) (-398.927704 48.962658 942.002808 ) (-396.401062 45.931232 947.241699 ) 
4 351 353 (-397.179749 21 982.013611 ) (-386.001038 32.178082 982.013245 ) (-386.001068 30.636892 998 ) (-396.339539 18.969463 1011.782593 ) 
4 351 352 (-400.910706 30 958.002319 ) (-391.209045 39.700699 958.002747 ) (-386 32.176525 982.010986 ) (-397.179901 20.995874 982.011292 ) 
4 352 371 (-400.910919 29.996021 958.010925 ) (-391.207245 39.699718 958.010925 ) (-386 33.451950 968.808289 ) (-393.504700 25.946972 968.808411 ) 
4 352 353 (-393.501343 25.952021 968.794983 ) (-386.001007 33.452438 968.795044 ) (-386.001038 32.178082 982.013245 ) (-397.183929 20.995012 982.013611 ) 
4 353 405 (-383.690155 28.622843 994.920105 ) (-386 30.636478 998.001160 ) (-396.339142 18.969269 1011.785461 ) (-391.882935 19.374378 1005.843872 ) 
4 353 392 (-377.430450 23.168097 986.573853 ) (-383.690155 28.622843 994.920105 ) (-391.882935 19.374378 1005.843872 ) (-378.497650 20.591228 987.996765 ) 
4 353 371 (-393.504700 25.946976 968.808350 ) (-386 33.451950 968.808289 ) (-385.421722 32.758320 970.007019 ) (-392.682465 25.497456 970.007080 ) 
5 353 359 (-385.421722 32.758320 970.007019 ) (-377.431641 23.171875 986.574219 ) (-378.500519 20.591045 988 ) (-384.456299 21 982 ) (-392.682465 25.497456 970.007080 ) 
3 354 395 (-386.424164 16.597912 998.565430 ) (-387.922760 14.038746 1000.563599 ) (-382 17 992.666626 ) 
3 354 357 (-389.149658 17 992.666687 ) (-387.919952 14.040118 1000.559937 ) (-386.421997 16.598101 998.562683 ) 
3 354 355 (-387.925781 14.037109 1000.566406 ) (-389.156738 17 992.665405 ) (-382 17 992.665833 ) 
4 355 632 (-387.025452 0 999.367249 ) (-396.143585 0 1011.524780 ) (-409.419647 0 986.511780 ) (-410.021027 0 977.691711 ) 
5 355 395 (-396.143585 0 1011.524780 ) (-387.025452 0 999.367188 ) (-379.906067 17.190468 989.874634 ) (-382 17 992.666626 ) (-387.922760 14.038746 1000.563599 ) 
4 355 373 (-410.546082 7.639687 969.995850 ) (-410.021393 0 977.691406 ) (-410 0 977.998840 ) (-410 3.937583 977.998901 ) 
5 355 364 (-410.019653 0 977.698730 ) (-410.544067 7.635719 970.007141 ) (-399.634918 18.545073 970.007019 ) (-396.068085 18.300100 973.599976 ) (-388.481995 0 998 ) 
3 355 362 (-391.700073 18 978 ) (-379.908997 17.190281 989.877319 ) (-381.812439 12.594351 992.415283 ) 
5 355 361 (-396.068085 18.300100 973.599976 ) (-391.700073 18 978 ) (-381.812439 12.594351 992.415283 ) (-387.028534 0 999.370117 ) (-388.481995 0 998 ) 
6 355 357 (-410.002350 3.950969 977.965576 ) (-409.420013 0 986.506592 ) (-396.141846 0 1011.522522 ) (-387.919952 14.040118 1000.559937 ) (-389.149658 17 992.666687 ) (-395.950165 18.002371 977.966675 ) 
3 355 356 (-399.640503 18.546003 969.995422 ) (-395.938049 18 978 ) (-391.694519 18 978 ) 
3 356 364 (-399.634918 18.545073 970.007019 ) (-397.185150 20.994873 970.006958 ) (-396.068085 18.300098 973.599976 ) 
4 356 361 (-397.185150 20.994873 970.006958 ) (-397.182556 20.997467 970.006958 ) (-391.700073 18 978 ) (-396.068085 18.300098 973.599976 ) 
4 357 632 (-396.143585 0 1011.524780 ) (-404.666687 0 1022.888916 ) (-407 0 1022 ) (-409.419647 0 986.511780 ) 
6 357 395 (-404.001190 5.694660 1022.001587 ) (-404.667969 1.726563 1022.890625 ) (-404.667969 0 1022.890625 ) (-396.143585 0 1011.524780 ) (-386.424164 16.597908 998.565491 ) (-395.036041 15.815005 1010.048035 ) 
3 358 632 (-388.488007 0 886 ) (-380.041931 0 878.037170 ) (-371.585602 0 886 ) 
5 358 628 (-380.041931 0 878.037170 ) (-343.938751 0 844 ) (-340.514709 0 844 ) (-344.564148 0 886 ) (-371.585602 0 886 ) 
4 358 368 (-391.598724 41.675060 941.566650 ) (-393.530273 44.463985 932.673035 ) (-394.997009 42.997238 932.673035 ) (-396.165039 39.001072 938.001343 ) 
3 358 367 (-394.997009 42.997238 932.673035 ) (-402.989441 35.004776 932.673035 ) (-396.165039 39.001072 938.001343 ) 
4 358 365 (-384.064514 35 932.669373 ) (-387.450378 38 936.669434 ) (-397.865509 38 936.669434 ) (-402.988586 35 932.669434 ) 
5 358 364 (-344.563904 0 886.003540 ) (-384.064514 35 932.669373 ) (-402.988586 35 932.669434 ) (-402.990845 34.997742 932.667664 ) (-388.492279 0 886.003906 ) 
4 358 360 (-387.450378 38 936.669434 ) (-388.579498 39 938.003357 ) (-396.157043 39 938.003357 ) (-397.865509 38 936.669434 ) 
3 359 392 (-374.853485 20.922516 983.137878 ) (-377.430450 23.168097 986.573853 ) (-378.497650 20.591228 987.996765 ) 
5 359 371 (-392.681274 25.498182 970.005188 ) (-385.422302 32.757057 970.005432 ) (-388.898041 37.775604 954.001709 ) (-393.674957 32.998470 954.002075 ) (-394.551361 30 958 ) 
3 359 366 (-388.898041 37.775604 954.001709 ) (-391.275238 41.207985 943.056152 ) (-393.674957 32.998470 954.002075 ) 
3 360 367 (-396.165039 39.001076 938.001404 ) (-397.874420 38 936.666748 ) (-397.042816 35.998112 942.005371 ) 
4 360 365 (-397.046570 35.995911 942.008362 ) (-397.878906 38 936.665039 ) (-387.450623 38 936.665039 ) (-385.962128 35.996117 942.008057 ) 
3 361 632 (-386 0 998 ) (-387.025452 0 999.367249 ) (-388.475800 0 998 ) 
5 361 395 (-381.809021 12.595629 992.411926 ) (-387.025452 0 999.367188 ) (-386 0 998 ) (-372.102448 13.897772 979.469788 ) (-374.692139 16.154064 982.922729 ) 
6 361 364 (-388.477997 0 997.997375 ) (-397.184570 21.003906 969.992188 ) (-378.291687 21.001402 969.996521 ) (-373.043640 14.978242 978.027161 ) (-372.585022 13.412998 980.114075 ) (-385.997192 0 997.997498 ) 
3 361 363 (-373.037750 14.973825 978.024414 ) (-378.296783 21.008408 969.977783 ) (-376.055359 17.989965 978.026978 ) 
4 361 362 (-374.686127 16.155861 982.914856 ) (-376.055817 18 977.995728 ) (-391.699036 18 977.995728 ) (-381.810242 12.594116 992.413696 ) 
4 362 395 (-379.906067 17.190472 989.874634 ) (-381.809021 12.595629 992.411926 ) (-374.692139 16.154064 982.922729 ) (-376.261932 17.521749 985.015808 ) 
3 363 364 (-374.808533 21.001425 969.996460 ) (-373.043671 14.978249 978.027100 ) (-378.291687 21.001404 969.996460 ) 
8 364 632 (-414.594635 0 910.612610 ) (-388.488007 0 886 ) (-371.585602 0 886 ) (-346.813171 0 909.326050 ) (-350.843201 0 951.124268 ) (-386 0 998 ) (-388.475800 0 998 ) (-410.021027 0 977.691711 ) 
3 364 628 (-371.585602 0 886 ) (-344.564148 0 886 ) (-346.813171 0 909.326050 ) 
5 364 398 (-353 1.879213 954 ) (-363.020905 10.611535 967.361084 ) (-371.020569 12.955141 978.027344 ) (-356.151093 0 958.201355 ) (-353 0 954 ) 
5 364 395 (-371.020569 12.955141 978.027344 ) (-372.586365 13.413858 980.115051 ) (-386 0 998 ) (-357.499939 0 960 ) (-357.499939 1.175200 960 ) 
3 364 394 (-357.499939 0 960 ) (-356.151093 0 958.201355 ) (-357.499939 1.175200 960 ) 
4 364 386 (-412.250336 0 945 ) (-410.021393 0 977.691406 ) (-410.546082 7.639792 969.995728 ) (-412.250305 19.202345 945 ) 
5 364 384 (-413.090759 24.904436 932.673950 ) (-414.250336 5.705658 915.667114 ) (-414.250336 0 915.667114 ) (-412.250336 0 945 ) (-412.250305 19.202345 945 ) 
3 364 382 (-414.250336 5.705658 915.667114 ) (-414.594940 0 910.612854 ) (-414.250336 0 915.667114 ) 
4 364 367 (-413.088257 24.905914 932.672974 ) (-411.633942 15.038785 954.003174 ) (-399.674011 27 954.002441 ) (-402.996521 34.997704 932.673035 ) 
5 364 365 (-378.116730 26.993858 954.011169 ) (-384.063843 34.998722 932.664856 ) (-402.987000 34.998707 932.664917 ) (-403 34.995327 932.673950 ) (-399.675079 26.993969 954.010925 ) 
5 365 367 (-397.042816 35.998112 942.005371 ) (-397.874420 38 936.666748 ) (-402.989441 35.004776 932.673035 ) (-402.996521 34.997704 932.673035 ) (-399.673553 26.998032 954.005554 ) 
4 366 371 (-393.680115 33 954 ) (-388.901398 37.779167 954 ) (-393.698914 43.535946 944.047913 ) (-397.406860 42 942 ) 
4 366 369 (-393.698914 43.535946 944.047913 ) (-396.613525 47.033340 938.002136 ) (-398.648468 44.998405 938.002136 ) (-397.406860 42 942 ) 
4 366 368 (-397.404205 41.998047 941.997375 ) (-398.646027 44.997108 937.998596 ) (-395.656464 46.236435 936.348511 ) (-391.963593 42 942 ) 
4 367 388 (-412.818726 29.408182 936.663513 ) (-413.090759 24.904436 932.673950 ) (-411.636688 15.039114 954 ) (-412.454163 26.937397 942.010437 ) 
3 367 379 (-412.727600 30.917061 938 ) (-412.818726 29.408182 936.663513 ) (-412.454163 26.937397 942.010437 ) 
4 367 368 (-404.643066 39.001945 938 ) (-404.642731 39.001106 938.001526 ) (-396.162842 39 938.001282 ) (-394.994446 42.998238 932.671509 ) 
3 368 369 (-397.406860 42 942 ) (-398.648468 44.998405 938.002136 ) (-404.645264 39.001698 938.002197 ) 
3 369 371 (-397.360657 42.021709 942.027893 ) (-393.700897 43.537754 944.049011 ) (-394.127563 43.915817 944.552917 ) 
6 369 370 (-397.412048 42 942 ) (-397.360657 42.021709 942.027893 ) (-394.127563 43.915817 944.552917 ) (-396.400818 45.930099 947.237610 ) (-405.885529 42.001873 942 ) (-405.885162 42 941.998779 ) 
5 370 371 (-397.398376 41.988358 942.015625 ) (-397.378906 42.007813 942.015625 ) (-394.125702 43.913582 944.556641 ) (-391.208405 39.699905 958.004333 ) (-400.911407 29.997089 958.003906 ) 
5 372 374 (-423.500610 24.385895 942 ) (-417.501434 13.412748 957.997192 ) (-410.001953 10.307326 977.996094 ) (-410.001953 56.565151 977.996094 ) (-413.836578 61.385460 967.770325 ) 
3 373 787 (-410.167328 0 977.553833 ) (-410.021027 0 977.691711 ) (-410 0 978 ) 
4 373 386 (-410.544037 7.636039 970.006714 ) (-410.019592 0 977.698486 ) (-410.164185 0 977.562195 ) (-412.997528 5.182548 970.006653 ) 
5 374 781 (-450.224213 0 944.203308 ) (-447.886780 0 942 ) (-430.913361 0 957.998718 ) (-418.883484 0 980.684814 ) (-442.899200 0 958.023682 ) 
3 374 777 (-453.886597 0 947.656067 ) (-450.224213 0 944.203308 ) (-442.899200 0 958.023682 ) 
5 374 774 (-431.452209 0 968.825012 ) (-418.883484 0 980.684814 ) (-418.178101 0 982.015015 ) (-414.602600 0 1019.103760 ) (-427.050507 0 1014.361694 ) 
3 374 773 (-442.899170 0 958.023743 ) (-431.452209 0 968.825012 ) (-430.175842 0 982.029236 ) 
6 374 772 (-464 0 1000.285706 ) (-464 0 957.190735 ) (-453.886597 0 947.656067 ) (-442.899170 0 958.023743 ) (-430.175842 0 982.029236 ) (-427.050507 0 1014.361694 ) 
4 374 445 (-464 0 957.190735 ) (-464 0 1000.285706 ) (-464 26.342600 1000.285767 ) (-464 41.407799 996.228821 ) 
4 374 411 (-464 26.341358 1000.286133 ) (-464 0 1000.286133 ) (-414.602570 0 1019.104187 ) (-410.350830 4.095648 1020.723938 ) 
6 374 406 (-464 26.340855 1000.286377 ) (-410.351044 4.095510 1020.723328 ) (-407.087036 7.359571 1020.723267 ) (-407.913177 51.525272 1008.606995 ) (-430.301300 75.105782 996.228027 ) (-464 41.409416 996.228394 ) 
4 374 378 (-430.907501 0 958.009766 ) (-447.889832 0 942.002380 ) (-433.998077 13.891960 942.002563 ) (-421.992279 8.914969 958.010254 ) 
4 374 376 (-430.911713 0 958 ) (-422.064362 8.846963 958 ) (-413.045441 5.133098 982.011353 ) (-418.178406 0 982.011780 ) 
4 374 375 (-418.179352 0 982.013855 ) (-413 5.180487 982.013733 ) (-410.359985 4.088178 1020.720032 ) (-414.603882 0 1019.103333 ) 
4 375 774 (-418.178101 0 982.015015 ) (-412.234802 0 993.223022 ) (-410.359985 0 1020.719971 ) (-414.602600 0 1019.103760 ) 
3 375 415 (-414.602570 0 1019.104187 ) (-410.359955 0 1020.720398 ) (-410.359955 4.086845 1020.720459 ) 
3 375 377 (-412.235016 0 993.219727 ) (-418.178406 0 982.011780 ) (-413 5.179302 982.011353 ) 
4 376 781 (-430.913361 0 957.998718 ) (-419.451843 0 968.802307 ) (-418.248596 0 981.283875 ) (-418.883484 0 980.684814 ) 
3 376 774 (-418.248596 0 981.283875 ) (-418.178101 0 982.015015 ) (-418.883484 0 980.684814 ) 
5 376 390 (-419.451294 0 968.808228 ) (-425.693420 0 962.924500 ) (-422.034546 8.834672 958.046082 ) (-421.931152 8.792121 958.183655 ) (-417.946930 1.504382 968.808289 ) 
4 376 389 (-425.693420 0 962.924500 ) (-430.907501 0 958.009766 ) (-422.061493 8.845757 958.010254 ) (-422.034546 8.834672 958.046082 ) 
5 376 377 (-419.451080 0 968.804626 ) (-417.948303 1.502798 968.804626 ) (-413.054230 5.136744 981.855652 ) (-413.043427 5.132271 982.013733 ) (-418.175598 0 982.013855 ) 
6 377 781 (-419.451843 0 968.802307 ) (-418.185974 0 969.995483 ) (-415.854523 0 974.388123 ) (-413 0 982 ) (-412.691315 0 986.527710 ) (-418.248596 0 981.283875 ) 
4 377 774 (-412.691315 0 986.527710 ) (-412.234802 0 993.223022 ) (-418.178101 0 982.015015 ) (-418.248596 0 981.283875 ) 
4 377 390 (-418.180267 0 970.006287 ) (-419.451294 0 968.808228 ) (-417.946930 1.504382 968.808289 ) (-417.497681 0.682548 970.006348 ) 
3 378 781 (-447.886780 0 942 ) (-442.226837 0 936.663574 ) (-430.913391 0 957.998657 ) 
4 378 389 (-422 8.911154 958 ) (-430.910553 0 958 ) (-437.160645 0 946.214111 ) (-434 5.395351 942 ) 
4 378 382 (-437.160645 0 946.214111 ) (-442.225708 0 936.662415 ) (-438.003143 4.222571 936.662415 ) (-434 5.395351 942 ) 
4 378 381 (-434 5.402022 942 ) (-437.001129 6.644510 938 ) (-434.003906 13.884766 941.996094 ) (-434 13.883358 942 ) 
3 378 380 (-433.980957 5.393927 942.026733 ) (-438.007111 4.214390 936.658508 ) (-437.001129 6.644510 938 ) 
5 379 388 (-412.818237 29.407547 936.662415 ) (-412.453369 26.934788 942.013611 ) (-427.989136 11.398489 942.014465 ) (-431 10.516454 938 ) (-429.996887 12.228857 936.662415 ) 
3 379 382 (-431 10.516454 938 ) (-432.003143 10.222584 936.662415 ) (-429.996887 12.228857 936.662415 ) 
3 379 380 (-430.998077 12.643614 937.997375 ) (-432 10.224609 936.660156 ) (-430.997681 10.518333 937.996887 ) 
4 380 382 (-434 5.395354 942 ) (-438.003143 4.222571 936.662415 ) (-432.003143 10.222584 936.662415 ) (-431 10.516454 938 ) 
4 380 381 (-437 6.646484 937.992188 ) (-433.998047 5.403157 941.997375 ) (-431 12.638617 938 ) (-431.004852 12.640604 937.993591 ) 
4 382 787 (-417.669647 0 913.511658 ) (-414.594635 0 910.612610 ) (-414.250031 0 915.666687 ) (-417.250031 0 919.666687 ) 
4 382 782 (-439.752136 0 934.330505 ) (-417.669647 0 913.511658 ) (-417.250031 0 919.666687 ) (-434 0 942 ) 
4 382 781 (-442.226837 0 936.663574 ) (-439.752136 0 934.330505 ) (-434 0 942 ) (-437.161682 0 946.215515 ) 
3 382 389 (-434.007751 5.379520 942.015015 ) (-437.158997 0 946.216797 ) (-436.236176 0 944.986328 ) 
4 382 388 (-427.002167 10.992970 932.673950 ) (-429.993469 12.232365 936.662476 ) (-430.998322 10.516972 938.002319 ) (-430.998291 4.168664 938.002319 ) 
4 382 387 (-433.998230 5.395800 942.002319 ) (-434.007751 5.379520 942.015015 ) (-436.236176 0 944.986328 ) (-433.998199 0 942.002319 ) 
5 382 384 (-414.253906 0 915.675781 ) (-414.253906 5.710938 915.675781 ) (-427.002167 10.992970 932.673950 ) (-430.998291 4.168664 938.002319 ) (-430.998291 0 938.002258 ) 
3 383 781 (-422 0 958 ) (-423.494873 0 959.993164 ) (-430.733002 0 946.356018 ) 
4 383 389 (-426.667419 0 954.008606 ) (-423.492554 0 959.990112 ) (-422 2.548832 958 ) (-424.993652 1.673819 954.008484 ) 
3 383 387 (-430.720215 0 946.372986 ) (-426.667419 0 954.008606 ) (-424.993652 1.673819 954.008484 ) 
3 383 385 (-422 2.555595 958 ) (-423.496216 0 959.995728 ) (-422 0 958 ) 
4 384 787 (-414.250031 0 915.666687 ) (-412.250031 0 945 ) (-415.250031 0 949 ) (-417.250031 0 919.666687 ) 
4 384 783 (-415.250031 0 949 ) (-419 0 954 ) (-431 0 938 ) (-417.250031 0 919.666687 ) 
5 384 388 (-427.005768 10.986898 932.671631 ) (-431.001007 4.164148 937.998657 ) (-419 7.672012 954 ) (-412.250366 19.198452 945 ) (-413.091156 24.901566 932.671631 ) 
4 384 386 (-412.250000 0 945 ) (-412.250000 19.205078 945 ) (-419 7.678644 954 ) (-419 0 954 ) 
4 385 781 (-417.127747 0 970.992920 ) (-418.186005 0 969.995422 ) (-423.494873 0 959.993164 ) (-422 0 958 ) 
4 385 390 (-423.492554 0 959.990112 ) (-418.177246 0 970.004272 ) (-417.498413 0.678834 970.004272 ) (-422 2.548815 958 ) 
5 386 787 (-412.250031 0 945 ) (-410.021027 0 977.691711 ) (-410.167328 0 977.553833 ) (-414 0 967.333313 ) (-415.250000 0 949 ) 
3 386 784 (-414 0 967.333313 ) (-419 0 954 ) (-415.250000 0 949 ) 
4 386 388 (-411.636108 15.031843 954.007690 ) (-412.250366 19.198452 945 ) (-419 7.672026 954 ) (-418.997009 7.670788 954.007935 ) 
4 387 781 (-436.238281 0 944.984314 ) (-434 0 942 ) (-430.733063 0 946.355896 ) (-426.675140 0 954.001282 ) 
5 387 389 (-433.982391 5.404341 942.023438 ) (-434.019531 5.367188 942.023438 ) (-436.242584 0 944.987549 ) (-426.680328 0 954.001770 ) (-424.998749 1.681658 954.001648 ) 
6 389 781 (-425.690948 0 962.921265 ) (-430.913391 0 957.998657 ) (-437.161682 0 946.215515 ) (-436.238281 0 944.984314 ) (-426.675140 0 954.001282 ) (-423.494873 0 959.993164 ) 
4 389 390 (-423.492615 0 959.995850 ) (-421.997925 2.552816 958.002747 ) (-421.998077 8.911257 958.002625 ) (-425.688202 0 962.923340 ) 
3 390 781 (-418.186005 0 969.995422 ) (-425.690948 0 962.921265 ) (-423.494873 0 959.993164 ) 
3 391 406 (-386 28.446018 1020.722778 ) (-398.046753 41.133366 1014.062378 ) (-403.042358 11.404305 1020.723145 ) 
4 391 405 (-396.341705 18.968498 1011.796753 ) (-386.002350 30.637026 998.010925 ) (-386.002289 28.446938 1020.726440 ) (-396.089569 18.359650 1020.726501 ) 
4 392 405 (-383.691406 28.623047 994.919922 ) (-391.884369 19.374344 1005.844421 ) (-391.460480 18.360098 1020.720032 ) (-383.687927 26.429485 1017.645996 ) 
3 392 403 (-383.685364 26.427223 1017.644897 ) (-391.455414 18.360237 1020.717896 ) (-375.914276 18.360229 1020.718079 ) 
3 393 651 (-358.257507 0 980.020020 ) (-360.325500 0 1001.440796 ) (-359 0 982 ) 
3 393 399 (-359 0.551114 982 ) (-360.324921 0 1001.432678 ) (-358.257751 0 980.020813 ) 
4 394 652 (-357.499969 0 960 ) (-356.151093 0 958.201416 ) (-356.697357 0 963.859619 ) (-358 0 967.333191 ) 
4 394 398 (-356.151611 0 958.205017 ) (-357.500153 1.174945 960.003113 ) (-358 0.967066 967.333069 ) (-356.697571 0 963.860229 ) 
4 394 395 (-358 0.967140 967.334412 ) (-357.500366 1.175125 960 ) (-357.500366 0 960 ) (-358 0 967.334412 ) 
6 395 655 (-383.514435 0 1027.714355 ) (-383.545105 0 1027.714355 ) (-383.597443 0 994.796570 ) (-371.235199 0 978.313599 ) (-371.339691 0 1002.905762 ) (-380.320251 0 1026.854004 ) 
4 395 654 (-371.235199 0 978.313599 ) (-357.499969 0 960 ) (-358 0 967.333191 ) (-371.339691 0 1002.905762 ) 
5 395 653 (-383.545105 0 1027.714355 ) (-388.487793 0 1027.714355 ) (-400.470367 0 1024.487549 ) (-404.666687 0 1022.888916 ) (-383.597443 0 994.796570 ) 
4 395 398 (-357.500153 1.174945 960.003113 ) (-371.018402 12.952900 978.027466 ) (-362.010406 3.945001 978.027771 ) (-358 0.967065 967.333130 ) 
6 395 396 (-362 3.938613 978 ) (-377.212646 15.233353 1018.567810 ) (-378.499878 15 1022 ) (-379.131256 10.579592 1023.684082 ) (-380.319977 0 1026.854004 ) (-362 0 978 ) 
4 396 656 (-365 0 1022 ) (-371.518768 0 1024.483398 ) (-380.320251 0 1026.854004 ) (-362 0 978 ) 
4 397 657 (-362.804382 0 1027.117798 ) (-365.335114 0 1027.714355 ) (-367.143066 0 1027.714355 ) (-362.719635 0 1026.239868 ) 
4 397 402 (-367.137268 0 1027.712402 ) (-365.326263 0 1027.712402 ) (-364.364960 1.560478 1027.117920 ) (-364.817230 2.030019 1026.939087 ) 
4 397 400 (-364.829132 2.041362 1026.942993 ) (-364.387360 1.582712 1027.117798 ) (-362.804626 0 1027.117798 ) (-362.719879 0 1026.239868 ) 
3 398 652 (-356.697327 0 963.859619 ) (-356.151093 0 958.201416 ) (-353 0 954 ) 
5 399 651 (-352.027405 0 963.406433 ) (-357.553497 0 1020.721802 ) (-361.716553 0 1021.843140 ) (-360.325531 0 1001.441284 ) (-358.257477 0 980.020020 ) 
4 399 401 (-357.553650 0 1020.723022 ) (-361.602936 4.049082 1020.723022 ) (-361.641144 4.033339 1020.737549 ) (-361.716553 0 1021.843384 ) 
4 400 657 (-357.931641 0 1024.643921 ) (-358.062408 0 1026 ) (-362.804382 0 1027.117798 ) (-362.719635 0 1026.239868 ) 
4 400 402 (-364.364960 1.560478 1027.117920 ) (-363.243439 3.381003 1026.424438 ) (-363.299988 3.357688 1026.433350 ) (-364.817230 2.030017 1026.939087 ) 
4 400 401 (-362 3.891798 1026 ) (-361.967010 3.905401 1025.989624 ) (-357.931793 0 1024.645020 ) (-362 0 1026 ) 
4 401 658 (-357.873444 0 1024.040161 ) (-357.931641 0 1024.643921 ) (-362 0 1026 ) (-361.941132 0 1025.136597 ) 
4 401 651 (-357.553497 0 1020.721802 ) (-357.873444 0 1024.040161 ) (-361.941132 0 1025.136597 ) (-361.716553 0 1021.843140 ) 
4 402 657 (-365.335114 0 1027.714355 ) (-371.451263 0 1029.156006 ) (-371.451233 0 1029.150391 ) (-367.143066 0 1027.714355 ) 
3 403 410 (-386.001526 18.171263 1023.489624 ) (-386.002167 23.692743 1022.002502 ) (-391.422516 18.272650 1022.002563 ) 
5 403 405 (-391.423950 18.272680 1022.002136 ) (-386.002319 23.694054 1022.002197 ) (-383.687439 26.132601 1020.721802 ) (-383.687927 26.429485 1017.645996 ) (-391.460480 18.360098 1020.720032 ) 
4 403 404 (-375.914398 18.360016 1020.721130 ) (-383.686493 26.131765 1020.721069 ) (-386.005127 23.689219 1022.003540 ) (-386.004395 18.171253 1023.489685 ) 
5 404 410 (-377.106964 19.078293 1025.640503 ) (-383.686523 26.008289 1022.002502 ) (-386.002167 23.692743 1022.002502 ) (-386.001526 18.171263 1023.489624 ) (-376.850586 18 1026 ) 
4 404 409 (-376.486053 17.993280 1026.099976 ) (-376.459290 18.396137 1025.998657 ) (-377.106964 19.078293 1025.640503 ) (-376.850586 18 1026 ) 
3 404 405 (-386.002319 23.694054 1022.002197 ) (-383.687256 26.009014 1022.002197 ) (-383.687439 26.132601 1020.721802 ) 
4 405 408 (-383.686523 26.008289 1022.002502 ) (-386 28.446018 1020.722778 ) (-396.086914 18.359896 1020.723022 ) (-391.422516 18.272657 1022.002502 ) 
3 406 445 (-464 26.342600 1000.285767 ) (-464 45.711014 1000.285767 ) (-464 41.407799 996.228821 ) 
6 406 411 (-390.628876 23.093637 1028.237061 ) (-396.488281 38.421875 1026.004883 ) (-438.311890 81.779556 1010.072083 ) (-464 45.711388 1000.286133 ) (-464 26.341358 1000.286133 ) (-410.350830 4.095650 1020.723877 ) 
4 406 408 (-396.089600 18.359829 1020.723938 ) (-386.002350 28.447243 1020.723877 ) (-386.002747 27.939188 1025.997559 ) (-395.941528 18 1025.997681 ) 
4 406 407 (-386.002747 27.939188 1025.997559 ) (-386.002747 27.939024 1026 ) (-390.636719 23.089844 1028.234375 ) (-396.507996 17.433773 1025.997681 ) 
4 407 418 (-389.335236 19.709503 1028.729858 ) (-390.628876 23.093637 1028.237061 ) (-396.505066 17.433161 1025.998535 ) (-393.573212 15.627751 1027.115356 ) 
3 407 412 (-385.989838 10.957951 1030.004272 ) (-389.335236 19.709503 1028.729858 ) (-393.573212 15.627751 1027.115356 ) 
5 407 409 (-385.996948 10.956722 1030.002075 ) (-395.412933 16.755421 1026.414917 ) (-395.930695 18.006804 1025.997803 ) (-386 27.937061 1025.997681 ) (-385.995514 27.931730 1026 ) 
5 408 410 (-395.916321 18.017281 1025.994263 ) (-395.933105 18 1025.994263 ) (-391.438721 18.272446 1022.005554 ) (-383.694916 26.016348 1022.005493 ) (-384.353058 26.564608 1023.145142 ) 
3 408 409 (-385.998383 27.935202 1025.994141 ) (-395.916321 18.017281 1025.994263 ) (-384.353058 26.564608 1023.145142 ) 
4 409 414 (-382.615662 2.131131 1031.289673 ) (-385.989838 10.957951 1030.004272 ) (-393.573212 15.627741 1027.115479 ) (-394.035675 15.182335 1026.939331 ) 
5 409 410 (-395.928101 18 1026 ) (-395.929688 18.003906 1026 ) (-384.350464 26.561876 1023.146362 ) (-377.109528 19.080866 1025.640259 ) (-376.852478 18 1026 ) 
5 411 792 (-421.705750 0 1021.997559 ) (-414.126740 0 1024.040405 ) (-413.658875 0 1028.893555 ) (-425.925323 0 1026.001465 ) (-425.926514 0 1025.989136 ) 
3 411 791 (-426.435577 0 1020.722656 ) (-421.705750 0 1021.997559 ) (-425.926514 0 1025.989136 ) 
4 411 790 (-413.658875 0 1028.893555 ) (-412.696289 0 1038.878662 ) (-424.413574 0 1041.640747 ) (-425.925323 0 1026.001465 ) 
4 411 789 (-464 0 1050.972290 ) (-464 0 1010.597534 ) (-426.435577 0 1020.722656 ) (-424.413574 0 1041.640747 ) 
4 411 774 (-427.050446 0 1014.361755 ) (-414.602631 0 1019.103821 ) (-414.126740 0 1024.040405 ) (-426.435577 0 1020.722656 ) 
4 411 772 (-464 0 1010.597534 ) (-464 0 1000.285706 ) (-427.050446 0 1014.361755 ) (-426.435577 0 1020.722656 ) 
4 411 445 (-464 0 1000.285706 ) (-464 0 1050.972290 ) (-464 79.576729 1032.213379 ) (-464 45.711014 1000.285767 ) 
4 411 418 (-396.503204 17.431210 1025.996582 ) (-390.628906 23.089844 1028.234375 ) (-409.235657 3.617458 1037.210693 ) (-410 3.934025 1025.996704 ) 
4 411 417 (-409.235657 3.617458 1037.210693 ) (-412.692291 0 1038.878296 ) (-413.934204 0 1025.996704 ) (-410 3.934025 1025.996704 ) 
4 411 416 (-410 3.934025 1025.996704 ) (-413.934204 0 1025.996704 ) (-414.442444 0 1020.724976 ) (-410.359650 4.082821 1020.724915 ) 
3 411 415 (-414.598816 0 1019.102966 ) (-410.341156 4.101327 1020.724915 ) (-414.442444 0 1020.724976 ) 
4 412 793 (-408.921875 0 1030.010376 ) (-409.201782 0 1027.115356 ) (-406.609589 0 1027.726440 ) (-406.413544 0 1030.601685 ) 
4 412 790 (-405.957520 0 1037.290161 ) (-408.167725 0 1037.811157 ) (-408.921875 0 1030.010376 ) (-406.413544 0 1030.601685 ) 
3 412 763 (-406.318207 0 1032 ) (-406.609589 0 1027.726440 ) (-388.483154 0 1032 ) 
4 412 762 (-386 0 1032.585571 ) (-405.957520 0 1037.290161 ) (-406.318207 0 1032 ) (-388.483154 0 1032 ) 
4 412 418 (-389.335938 19.703125 1028.728516 ) (-393.566498 15.628576 1027.116821 ) (-409.195862 0 1027.116821 ) (-408.161957 0 1037.811035 ) 
5 412 414 (-394.544128 14.655126 1027.114990 ) (-393.574219 15.625000 1027.114990 ) (-385.997040 10.957987 1030.001831 ) (-385.998016 0 1032.585205 ) (-388.480133 0 1032 ) 
3 412 413 (-409.200012 0 1027.114990 ) (-406.647247 2.552635 1027.114990 ) (-400.478668 0 1029.171143 ) 
4 413 793 (-406.609589 0 1027.726563 ) (-409.201782 0 1027.115356 ) (-409.286896 0 1026.234985 ) (-406.651367 0 1027.113525 ) 
3 413 764 (-400.470306 0 1029.173950 ) (-406.609589 0 1027.726563 ) (-406.651367 0 1027.113525 ) 
3 413 419 (-409.280914 0 1026.237183 ) (-409.195862 0 1027.116821 ) (-406.641937 2.553810 1027.116821 ) 
4 414 762 (-384.092102 0 1032.135864 ) (-386 0 1032.585571 ) (-388.483215 0 1032 ) (-384.596130 0 1032 ) 
4 415 774 (-414.602631 0 1019.103821 ) (-410.360016 0 1020.720093 ) (-410.283295 0 1021.845093 ) (-414.446442 0 1020.723938 ) 
3 415 416 (-410.359772 4.097250 1020.723206 ) (-414.456970 0 1020.723206 ) (-410.283325 0 1021.844360 ) 
3 416 792 (-413.937805 0 1026 ) (-414.126709 0 1024.040405 ) (-412.365112 0 1024.515137 ) 
5 416 774 (-414.126709 0 1024.040405 ) (-414.446442 0 1020.723938 ) (-410.283325 0 1021.845093 ) (-410.238190 0 1022.507080 ) (-412.365112 0 1024.515137 ) 
3 416 417 (-410 3.941805 1026.009033 ) (-413.941132 0 1026.009033 ) (-410.238037 0 1022.508911 ) 
5 417 792 (-413.658875 0 1028.893555 ) (-413.937805 0 1026 ) (-412.365112 0 1024.515137 ) (-410.058899 0 1025.136841 ) (-409.739746 0 1029.817505 ) 
4 417 790 (-409.178467 0 1038.049438 ) (-412.696289 0 1038.878662 ) (-413.658875 0 1028.893555 ) (-409.739746 0 1029.817505 ) 
3 417 774 (-412.365112 0 1024.515137 ) (-410.238190 0 1022.507080 ) (-410.058899 0 1025.136841 ) 
4 417 419 (-410 3.931674 1025.997314 ) (-410 3.934346 1026 ) (-409.935699 0 1026.942261 ) (-410 0 1025.997437 ) 
5 417 418 (-410 3.934346 1026 ) (-410 3.937828 1026.002686 ) (-409.235748 3.621559 1037.209106 ) (-409.178314 0 1038.048462 ) (-409.935699 0 1026.942261 ) 
4 418 793 (-409.201782 0 1027.115356 ) (-408.921875 0 1030.010376 ) (-409.739746 0 1029.817505 ) (-409.935791 0 1026.942261 ) 
4 418 790 (-408.921875 0 1030.010376 ) (-408.167725 0 1037.811157 ) (-409.178467 0 1038.049438 ) (-409.739746 0 1029.817505 ) 
5 418 419 (-406.648773 2.551815 1027.114502 ) (-409.201630 0 1027.114502 ) (-409.939453 0 1026.940552 ) (-410.003723 3.934364 1025.997803 ) (-409.998718 3.939383 1025.997803 ) 
4 419 793 (-409.286896 0 1026.234985 ) (-409.201782 0 1027.115356 ) (-409.935791 0 1026.942261 ) (-410 0 1025.997314 ) 
4 420 842 (-464 0 812 ) (-464 0 710.419434 ) (-416 0 755.626770 ) (-416 0 812 ) 
3 420 839 (-416 0 755.626770 ) (-356.144348 0 812 ) (-416 0 812 ) 
3 420 453 (-464 0 710.419434 ) (-464 0 728 ) (-464 18.666580 728 ) 
4 421 839 (-416 0 592 ) (-256 0 592 ) (-256 0 634 ) (-416 0 634 ) 
4 421 837 (-256 0 592 ) (-208 0 592 ) (-208 0 634 ) (-256 0 634 ) 
4 421 437 (-256 80 592 ) (-208 80 592 ) (-208 0 592 ) (-256 0 592 ) 
4 421 438 (-416 80 592 ) (-256 80 592 ) (-256 0 592 ) (-416 0 592 ) 
3 421 422 (-416 64.761917 592 ) (-416 0 592 ) (-416 0 626 ) 
4 422 840 (-464 0 626 ) (-464 0 592 ) (-416 0 592 ) (-416 0 626 ) 
4 422 439 (-464 0 592 ) (-464 64.761902 592 ) (-416 64.761902 592 ) (-416 0 592 ) 
4 423 456 (-464 128 -8 ) (-464 128 0 ) (-464 160 0 ) (-464 160 -8 ) 
4 424 462 (-444.235321 160 -1264 ) (-208 160 -1264 ) (-208 128 -1264 ) (-444.235291 128 -1264 ) 
3 424 435 (-208 128 -1264 ) (-208 128 -1120.571411 ) (-444.235321 128 -1264 ) 
4 425 437 (-208 80 584 ) (-208 80 592 ) (-256 80 592 ) (-256 80 584 ) 
4 425 438 (-256 80 592 ) (-416 80 592 ) (-400.761932 80 584 ) (-256 80 584 ) 
4 425 427 (-208 80 584 ) (-400.761963 80 584 ) (-400.761932 128 584 ) (-208 128 584 ) 
4 426 439 (-416 80 584 ) (-464 80 584 ) (-464 80 508 ) (-416 80 508 ) 
3 426 438 (-416 80 584 ) (-416 80 508 ) (-271.238098 80 508 ) 
4 426 428 (-271.238098 80 508 ) (-464 80 508 ) (-464 128 508 ) (-271.238098 128 508 ) 
4 427 437 (-208 80 508 ) (-208 80 584 ) (-256 80 584 ) (-256 80 508 ) 
3 427 438 (-256 80 584 ) (-400.761963 80 584 ) (-256 80 508 ) 
4 428 439 (-416 80 508 ) (-464 80 508 ) (-464 80 500 ) (-416 80 500 ) 
4 428 438 (-271.238098 80 508 ) (-416 80 508 ) (-416 80 500 ) (-256 80 500 ) 
4 428 429 (-256 80 500 ) (-464 80 500 ) (-464 128 500 ) (-256 128 500 ) 
4 429 439 (-416 80 500 ) (-464 80 500 ) (-464 80 256 ) (-416 80 256 ) 
4 429 436 (-208 80 256 ) (-208 80 500 ) (-256 80 500 ) (-256 80 256 ) 
4 429 438 (-256 80 500 ) (-416 80 500 ) (-416 80 256 ) (-256 80 256 ) 
4 429 430 (-208 80 256 ) (-416 80 256 ) (-416 128 256 ) (-208 128 256 ) 
4 430 436 (-208 80 248 ) (-208 80 256 ) (-256 80 256 ) (-256 80 248 ) 
4 430 438 (-256 80 256 ) (-416 80 256 ) (-400.761902 80 248 ) (-256 80 248 ) 
4 430 432 (-208 80 248 ) (-400.761902 80 248 ) (-400.761902 128 248 ) (-208 128 248 ) 
4 431 440 (-416 80 248 ) (-464 80 248 ) (-464 80 172 ) (-416 80 172 ) 
3 431 438 (-416 80 248 ) (-416 80 172 ) (-271.238098 80 172 ) 
4 431 433 (-271.238129 80 172 ) (-464 80 172 ) (-464 128 172 ) (-271.238098 128 172 ) 
4 432 436 (-208 80 172 ) (-208 80 248 ) (-256 80 248 ) (-256 80 172 ) 
3 432 438 (-256 80 248 ) (-400.761902 80 248 ) (-256 80 172 ) 
4 433 440 (-416 80 172 ) (-464 80 172 ) (-464 80 164 ) (-416 80 164 ) 
4 433 438 (-271.238129 80 172 ) (-416 80 172 ) (-416 80 164 ) (-256 80 164 ) 
4 434 441 (-208 80 0 ) (-208 80 152 ) (-464 80 152 ) (-464 80 0 ) 
4 435 462 (-444.235321 128 -1264 ) (-208 128 -1264 ) (-208 80 -1264 ) (-444.235291 80 -1264 ) 
3 435 442 (-208 80 -1264 ) (-208 80 -1120.571411 ) (-444.235321 80 -1264 ) 
4 436 836 (-256 0 164 ) (-208 0 164 ) (-208 0 458 ) (-256 0 458 ) 
4 436 438 (-256 80 500 ) (-256 80 164 ) (-256 0 164 ) (-256 0 458 ) 
4 437 837 (-208 0 466 ) (-208 0 592 ) (-256 0 592 ) (-256 0 466 ) 
4 437 438 (-256 80 592 ) (-256 80 508 ) (-256 0 466 ) (-256 0 592 ) 
4 438 839 (-416 0 164 ) (-256 0 164 ) (-256 0 592 ) (-416 0 592 ) 
4 438 440 (-416 80 248 ) (-416 80 164 ) (-416 0 164 ) (-416 0 290 ) 
5 438 439 (-416 80 584 ) (-416 80 256 ) (-416 0 298 ) (-416 0 592 ) (-416 64.761887 592 ) 
4 439 840 (-464 0 592 ) (-464 0 298 ) (-416 0 298 ) (-416 0 592 ) 
4 440 841 (-464 0 290 ) (-464 0 164 ) (-416 0 164 ) (-416 0 290 ) 
4 441 843 (-464 0 152 ) (-464 0 0 ) (-208 0 0 ) (-208 0 152 ) 
4 441 455 (-464 0 0 ) (-464 0 112 ) (-464 32 112 ) (-464 32 0 ) 
3 442 844 (-444.235321 0 -1264 ) (-208 0 -1264 ) (-208 0 -1120.571411 ) 
4 442 462 (-208 0 -1264 ) (-444.235291 0 -1264 ) (-444.235321 80 -1264 ) (-208 80 -1264 ) 
4 443 459 (-512 320 844 ) (-512 176 844 ) (-512 176 1012 ) (-512 320 1012 ) 
4 443 458 (-512 1024 1012 ) (-512 1024 844 ) (-512 320 844 ) (-512 320 1012 ) 
4 443 452 (-512 176 844 ) (-512 1024 844 ) (-464 1024 844 ) (-464 176 844 ) 
4 443 449 (-512 1024 1012.001038 ) (-512 176 1012.001038 ) (-464 176 1095.079102 ) (-464 1024 1095.079102 ) 
3 444 445 (-464 80 1095.074219 ) (-479.642670 80 1068 ) (-464 80 1068 ) 
4 445 789 (-464 0 1010.597534 ) (-464 0 1095.078125 ) (-496 0 1039.692627 ) (-496 0 1001.972412 ) 
4 445 772 (-464 0 945.873840 ) (-464 0 1010.597534 ) (-496 0 1001.972412 ) (-496 0 976.046692 ) 
4 445 579 (-496 0 844 ) (-464 0 844 ) (-464 0 945.873840 ) (-496 0 976.046692 ) 
4 445 448 (-496 80 972 ) (-496 80 844 ) (-496 8 844 ) (-496 8 972 ) 
7 445 447 (-496 79.200005 972 ) (-496 8.800003 972 ) (-496 11.916533 986.669128 ) (-496 25.664444 997.666870 ) (-496 44 1001.330078 ) (-496 62.329746 997.668030 ) (-496 76.084526 986.664185 ) 
4 445 446 (-496 80 1039.687500 ) (-496 80 1016 ) (-496 0 1016 ) (-496 0 1039.687500 ) 
3 446 794 (-496 0 1016 ) (-496 0 1039.692627 ) (-509.688843 0 1016 ) 
7 447 459 (-512 11.915648 986.664978 ) (-512 25.670059 997.667908 ) (-512 44 1001.330017 ) (-512 62.330719 997.667786 ) (-512 76.084381 986.664856 ) (-512 79.200005 972 ) (-512 8.800003 972 ) 
4 447 448 (-512 8.800003 972 ) (-512 79.200005 972 ) (-496 79.200005 972 ) (-496 8.800003 972 ) 
4 448 459 (-512 80 844 ) (-512 8 844 ) (-512 8 972 ) (-512 80 972 ) 
4 449 459 (-512 320 1012 ) (-512 176 1012 ) (-512 176 2048 ) (-512 320 2048 ) 
4 449 458 (-512 1024 2048 ) (-512 1024 1012 ) (-512 320 1012 ) (-512 320 2048 ) 
4 449 450 (-512 176 2048 ) (-512 176 1103.384766 ) (-464 176 1103.384766 ) (-464 176 2048 ) 
4 450 797 (-512 0 2048 ) (-512 0 1408.004639 ) (-496 0 1408.004639 ) (-496 0 2048 ) 
4 450 575 (-496 0 1408.004639 ) (-464 0 1408.004639 ) (-464 0 2048 ) (-496 0 2048 ) 
4 450 459 (-512 0 1408.004639 ) (-512 0 2048 ) (-512 176 2048 ) (-512 176 1103.384766 ) 
4 450 451 (-464 127.998199 1186.462891 ) (-464 0 1408.001709 ) (-512 0 1408.001709 ) (-512 175.998169 1103.384766 ) 
4 451 797 (-512 0 1408.004639 ) (-512 0 1103.384766 ) (-496 0 1131.077515 ) (-496 0 1408.004639 ) 
4 451 576 (-496 0 1131.077515 ) (-464 0 1186.462891 ) (-464 0 1408.004639 ) (-496 0 1408.004639 ) 
3 451 459 (-512 0 1103.384766 ) (-512 0 1408.004639 ) (-512 176 1103.384766 ) 
4 452 459 (-512 320 112 ) (-512 176 112 ) (-512 176 844 ) (-512 320 844 ) 
4 452 458 (-512 1024 844 ) (-512 1024 112 ) (-512 320 112 ) (-512 320 844 ) 
4 452 454 (-512 176 112 ) (-512 1024 112 ) (-464 1024 112 ) (-464 176 112 ) 
4 453 860 (-512 0 728 ) (-512 0 648 ) (-464 0 648 ) (-464 0 728 ) 
4 453 459 (-512 0 648 ) (-512 0 728 ) (-512 24 728 ) (-512 24 648 ) 
4 454 459 (-512 320 0 ) (-512 176 0 ) (-512 176 112 ) (-512 320 112 ) 
4 454 458 (-512 1024 112 ) (-512 1024 0 ) (-512 320 0 ) (-512 320 112 ) 
4 454 456 (-512 176 0 ) (-512 1024 0 ) (-464 1024 0 ) (-464 176 0 ) 
4 455 861 (-512 0 112 ) (-512 0 0 ) (-464 0 0 ) (-464 0 112 ) 
4 455 459 (-512 32 0 ) (-512 0 0 ) (-512 0 112 ) (-512 32 112 ) 
4 456 459 (-512 320 -8 ) (-512 32 -8 ) (-512 32 0 ) (-512 320 0 ) 
4 456 458 (-512 1024 0 ) (-512 1024 -8 ) (-512 320 -8 ) (-512 320 0 ) 
4 456 457 (-512 320 -8 ) (-512 1024 -8 ) (-464 1024 -8 ) (-464 320 -8 ) 
4 457 461 (-512 1024 -1264 ) (-464 1024 -1264 ) (-464 320 -1264 ) (-512 320 -1264 ) 
4 457 458 (-512 1024 -8 ) (-512 1024 -1264 ) (-512 320 -1264 ) (-512 320 -8 ) 
4 458 461 (-576 1024 -1264 ) (-512 1024 -1264 ) (-512 320 -1264 ) (-576 320 -1264 ) 
4 458 460 (-576 320 -8 ) (-576 320 2048 ) (-576 1024 2048 ) (-576 1024 -8 ) 
4 458 459 (-512 320 -8 ) (-512 320 2048 ) (-576 320 2048 ) (-576 320 -8 ) 
4 459 863 (-576 0 844 ) (-576 0 -8 ) (-512 0 -8 ) (-512 0 844 ) 
4 459 809 (-576 0 2048 ) (-576 0 844 ) (-512 0 844 ) (-512 0 2048 ) 
4 459 460 (-576 0 -8 ) (-576 0 2048 ) (-576 320 2048 ) (-576 320 -8 ) 
4 460 864 (-1024 0 844 ) (-1024 0 -8 ) (-576 0 -8 ) (-576 0 844 ) 
4 460 809 (-1024 0 2048 ) (-1024 0 844 ) (-576 0 844 ) (-576 0 2048 ) 
4 460 465 (-1024 0 -8 ) (-1024 0 2048 ) (-1024 1024 2048 ) (-1024 1024 -8 ) 
5 461 462 (-576 320 -1344 ) (-576 320 -2032 ) (0 320 -2032 ) (0 320 -1264 ) (-444.235413 320 -1264 ) 
4 461 463 (-576 320 -2032 ) (-576 1024 -2032 ) (0 1024 -2032 ) (0 320 -2032 ) 
5 462 875 (0 0 -2032 ) (0 0 -1264 ) (-444.235413 0 -1264 ) (-576 0 -1344 ) (-576 0 -2032 ) 
4 462 463 (0 0 -2032 ) (-576 0 -2032 ) (-576 320 -2032 ) (0 320 -2032 ) 
4 463 877 (0 0 -2048 ) (0 0 -2032 ) (-576 0 -2032 ) (-576 0 -2048 ) 
4 464 466 (-2048 1024 -8 ) (-2048 1024 2048 ) (-2048 1536 2048 ) (-2048 1536 -8 ) 
4 464 465 (-1024 1024 -8 ) (-1024 1024 2048 ) (-2048 1024 2048 ) (-2048 1024 -8 ) 
4 465 885 (-1024 0 -8 ) (-1024 0 2048 ) (-2048 0 2048 ) (-2048 0 -8 ) 
4 465 467 (-2048 0 -8 ) (-2048 0 2048 ) (-2048 1024 2048 ) (-2048 1024 -8 ) 
4 466 467 (-2048 1024 -8 ) (-2048 1024 2048 ) (-2432 1024 2048 ) (-2432 1024 -8 ) 
4 467 886 (-2048 0 -8 ) (-2048 0 2048 ) (-2432 0 2048 ) (-2432 0 -8 ) 
4 468 503 (1024 -131.998215 384 ) (1024 0 527.998047 ) (992 0 527.998047 ) (992 -131.998199 384 ) 
4 468 490 (960 0 440 ) (960 0 416 ) (960 -70.400032 384 ) (960 -123.200012 384 ) 
4 468 489 (960 -132.003952 384 ) (960 0 528.004333 ) (960 0 440 ) (960 -123.200012 384 ) 
3 468 488 (960 0 416 ) (960 0 384 ) (960 -70.400032 384 ) 
4 469 508 (1008 -176 0 ) (1024 -176 0 ) (1024 -176 336 ) (1008 -176 336 ) 
3 469 506 (1024 -176 0 ) (1008 -176 0 ) (1024 -168.666687 0 ) 
3 469 505 (1008 -176 335.998047 ) (1024 -176 335.998047 ) (1024 -168.666687 343.998047 ) 
4 470 495 (960 -136 0 ) (960 -176 0 ) (960 -176 176 ) (960 -136 176 ) 
4 470 494 (960 0 0 ) (960 -136 0 ) (960 -136 176 ) (960 0 176 ) 
4 470 492 (960 -176 176 ) (960 -176 212 ) (960 0 212 ) (960 0 176 ) 
4 470 486 (960 -176 224 ) (960 -176 336 ) (960 0 336 ) (960 0 224 ) 
3 471 810 (0 -138.285675 377.142883 ) (0 -96 423.272736 ) (0 -36.799973 423.272736 ) 
4 471 478 (0 -96 423.273529 ) (16 -102.666298 416 ) (16 -52.799110 416 ) (0 -36.798214 423.273529 ) 
3 471 477 (16 -102.666298 416 ) (101.487595 -138.285721 377.142853 ) (16 -52.799110 416 ) 
4 472 812 (0 0 408.727264 ) (0 0 336 ) (0 -176 336 ) (0 -16 408.727264 ) 
4 472 482 (192 -175.996109 336 ) (0 -175.996124 336 ) (0 0 336 ) (192 0 336 ) 
4 473 481 (276.799988 0 360 ) (523.199585 0 360 ) (523.199585 -123.200035 360 ) (276.799988 -123.200027 360 ) 
3 474 483 (400 -102.665138 416 ) (485.481781 -138.282639 377.144257 ) (400 -52.800907 416 ) 
3 474 475 (314.516357 -138.284302 377.143494 ) (400 -102.664063 416 ) (400 -52.800190 416 ) 
5 475 483 (207.998779 -22.665375 503.272186 ) (400 -102.665138 416 ) (400 -52.800907 416 ) (347.197632 0 440 ) (207.998657 0 503.272156 ) 
5 475 478 (42.399132 -91.663284 428.001251 ) (207.997269 -22.664063 503.273407 ) (207.997269 0 503.273407 ) (68.796249 0 440 ) (42.399128 -26.397219 428.001251 ) 
3 475 477 (42.404301 -91.667969 427.998047 ) (42.404297 -26.404305 427.998047 ) (154.286407 -138.285492 377.142975 ) 
6 475 476 (154.284531 -138.284531 377.144165 ) (42.402344 -26.402344 428 ) (68.804688 0 440.001068 ) (347.201599 0 440 ) (373.604126 -26.401758 427.998138 ) (261.721191 -138.285767 377.142792 ) 
3 476 485 (373.602966 0 427.997589 ) (347.197632 0 440 ) (373.603119 -26.405203 427.997650 ) 
3 476 479 (68.796249 0 440 ) (42.399124 0 428.001251 ) (42.399128 -26.397219 428.001251 ) 
4 477 478 (15.997270 -52.799160 416 ) (15.997271 -102.664063 416 ) (42.399132 -91.663284 428.001251 ) (42.399128 -26.397217 428.001251 ) 
4 478 810 (0 0 528 ) (0 0 440 ) (0 -36.799976 423.272736 ) (0 -96 423.272736 ) 
3 478 483 (153.601563 0 527.998047 ) (207.998779 -22.665375 503.272186 ) (207.998657 0 503.272156 ) 
4 478 480 (0 -16.009415 432.723389 ) (0 0 440 ) (16 0 440 ) (16.005262 -0.004277 439.998474 ) 
3 478 479 (68.800781 0 440 ) (42.400871 -26.399910 428 ) (16 0 440 ) 
3 480 811 (0 0 440 ) (0 0 432.723389 ) (0 -16.008564 432.723389 ) 
4 481 482 (576 0 336 ) (576 -175.996094 336 ) (224 -175.996109 336 ) (224 0 336 ) 
4 482 813 (0 0 287.049988 ) (0 0 224 ) (0 -176 224 ) (0 -176 287.049988 ) 
4 482 812 (0 0 336 ) (0 0 287.049988 ) (0 -176 287.049988 ) (0 -176 336 ) 
7 482 553 (0 -176 277.813660 ) (0 -176 224 ) (48 -176 224 ) (48 -176 252 ) (45.166695 -176 266.666992 ) (32.666626 -176 277.666962 ) (16 -176 281.333008 ) 
9 482 552 (368 -176 224 ) (432 -176 224 ) (432 -176 252 ) (429.166992 -176 266.667023 ) (416.667023 -176 277.666992 ) (400 -176 281.333008 ) (383.333008 -176 277.666992 ) (370.833038 -176 266.667023 ) (368 -176 252 ) 
3 482 530 (608 -176 224 ) (822.400024 -176 224 ) (608 -176 321.454529 ) 
4 482 493 (822.400024 -176 224 ) (0 -176 224 ) (0 0 224 ) (822.400024 0 224 ) 
5 482 487 (576 -175.998199 336 ) (576.003906 -176 335.998047 ) (592 -176 328.727173 ) (592 0 328.726837 ) (575.997986 0 336 ) 
4 482 486 (592 -176 328.727173 ) (822.398438 -176 224 ) (822.398438 0 224 ) (592 0 328.726837 ) 
3 483 489 (537.601563 0 527.998047 ) (869.477661 -138.282211 377.144409 ) (731.196228 0 440 ) 
4 483 485 (373.603363 -26.404152 427.997772 ) (347.199219 0 440 ) (400 0 440 ) (400.004272 -0.004204 439.998047 ) 
5 483 484 (400 0 440 ) (731.199219 0 440.001953 ) (757.605835 -26.406637 427.998810 ) (645.721802 -138.287430 377.142395 ) (538.286865 -138.286636 377.142303 ) 
3 484 491 (757.602295 0 427.997162 ) (731.196228 0 440 ) (757.602295 -26.406216 427.997162 ) 
5 486 530 (822.400024 -176 224 ) (912 -176 224 ) (912 -176 336 ) (608 -176 336 ) (608 -176 321.454529 ) 
4 486 517 (912 -176 224 ) (960 -176 224 ) (960 -176 336 ) (912 -176 336 ) 
4 486 493 (912 -176 224 ) (822.400024 -176 224 ) (822.400024 0 224 ) (912 0 224 ) 
4 486 487 (592 0 328.726563 ) (592 -176 328.726563 ) (608 -176 336 ) (608.001831 0 336 ) 
3 488 490 (960 -123.199577 360 ) (960 0 416 ) (836.800110 0 416 ) 
4 489 491 (757.601563 -26.406227 427.996826 ) (731.195313 0 440 ) (784 0 440 ) (784.004272 -0.003724 439.998077 ) 
4 489 490 (784 0 440 ) (960 0 440 ) (960 -138.285156 377.144531 ) (922.283997 -138.285614 377.143585 ) 
4 492 516 (912 -176 176 ) (960 -176 176 ) (960 -176 212 ) (912 -176 212 ) 
4 492 495 (960 -136 176 ) (960 -176 176 ) (912 -176 176 ) (912 -136 176 ) 
4 492 494 (912 0 176 ) (960 0 176 ) (960 -136 176 ) (912 -136 176 ) 
4 492 493 (912 0 176 ) (912 -176 176 ) (912 -176 212 ) (912 0 212 ) 
4 493 813 (0 0 224 ) (0 0 176 ) (0 -176 176 ) (0 -176 224 ) 
4 493 553 (0 -176 224 ) (0 -176 176 ) (48 -176 176 ) (48 -176 224 ) 
4 493 552 (368 -176 176 ) (432 -176 176 ) (432 -176 224 ) (368 -176 224 ) 
4 493 530 (608 -176 176 ) (912 -176 176 ) (912 -176 224 ) (608 -176 224 ) 
4 493 500 (0 0 176 ) (128 0 176 ) (128 -144 176 ) (0 -144 176 ) 
4 493 502 (128 -144 176 ) (128 -176 176 ) (0 -176 176 ) (0 -144 176 ) 
4 493 497 (256 -176 176 ) (128 -176 176 ) (128 -136 176 ) (256 -136 176 ) 
4 493 495 (912 -136 176 ) (912 -176 176 ) (656 -176 176 ) (656 -136 176 ) 
4 493 494 (128 0 176 ) (912 0 176 ) (912 -136 176 ) (128 -136 176 ) 
4 494 500 (128 -136 124 ) (128 -136 176 ) (128 0 176 ) (128 0 124 ) 
4 494 501 (128 0 0 ) (128 -136 0 ) (128 -136 112 ) (128 0 112 ) 
3 494 499 (128 -136 164 ) (128 -136 124 ) (226.461517 -136 164 ) 
5 494 498 (128 -136 112 ) (128 -136 0 ) (608 -136 0 ) (608 -136 164 ) (256 -136 164 ) 
4 494 497 (128 -136 176 ) (128 -136 164 ) (226.461517 -136 164 ) (256 -136 176 ) 
4 494 496 (608 -136 0 ) (656 -136 0 ) (656 -136 164 ) (608 -136 164 ) 
4 494 495 (656 -136 0 ) (960 -136 0 ) (960 -136 176 ) (656 -136 176 ) 
4 495 536 (656 -176 0 ) (960 -176 0 ) (960 -176 164 ) (656 -176 164 ) 
4 495 531 (912 -176 176 ) (656 -176 176 ) (656 -176 164 ) (912 -176 164 ) 
4 495 516 (960 -176 164 ) (960 -176 176 ) (912 -176 176 ) (912 -176 164 ) 
4 495 496 (656 -136 164 ) (656 -136 0 ) (656 -176 0 ) (656 -176 164 ) 
4 496 536 (608 -176 0 ) (656 -176 0 ) (656 -176 164 ) (608 -176 164 ) 
4 496 498 (608 -136 164 ) (608 -136 0 ) (608 -176 0 ) (608 -176 164 ) 
4 497 500 (128 -144 176 ) (128 -136 176 ) (128 -136 164 ) (128 -144 164 ) 
4 497 502 (128 -176 164 ) (128 -176 176 ) (128 -144 176 ) (128 -144 164 ) 
4 497 499 (128 -176 164 ) (128 -136 164 ) (226.461517 -136 164 ) (226.461548 -176 164 ) 
4 498 552 (432 -176 164 ) (368 -176 164 ) (368 -176 112 ) (432 -176 112 ) 
4 498 501 (128 -136 0 ) (128 -144 0 ) (128 -144 112 ) (128 -136 112 ) 
4 498 502 (128 -144 0 ) (128 -176 0 ) (128 -176 112 ) (128 -144 112 ) 
4 499 500 (128 -144 164 ) (128 -136 164 ) (128 -136 124 ) (128 -144 124 ) 
4 499 502 (128 -176 124 ) (128 -176 164 ) (128 -144 164 ) (128 -144 124 ) 
4 500 813 (0 0 176 ) (0 0 124 ) (0 -144 124 ) (0 -144 176 ) 
4 500 502 (128 -144 124 ) (128 -144 176 ) (0 -144 176 ) (0 -144 124 ) 
4 501 816 (0 0 112 ) (0 0 0 ) (0 -144 0 ) (0 -144 112 ) 
4 501 502 (0 -144 0 ) (128 -144 0 ) (128 -144 112 ) (0 -144 112 ) 
4 502 817 (0 -144 0 ) (0 -176 0 ) (0 -176 124 ) (0 -144 124 ) 
4 502 813 (0 -176 124 ) (0 -176 176 ) (0 -144 176 ) (0 -144 124 ) 
4 502 553 (0 -176 176 ) (0 -176 112 ) (48 -176 112 ) (48 -176 176 ) 
4 503 512 (992 -176 384 ) (1008 -176 384 ) (1008 -176 534.545471 ) (992 -176 534.545532 ) 
4 503 511 (1008 -176 534.545471 ) (1008 -176 2048 ) (992 -176 2048 ) (992 -176 534.545532 ) 
4 503 508 (1008 -176 384 ) (1024 -176 384 ) (1024 -176 2048 ) (1008 -176 2048 ) 
3 503 505 (1024 -176 384 ) (1008 -176 384 ) (1024 -168.666687 384 ) 
4 503 504 (992 -176 389.142853 ) (992 -176 2048 ) (992 0 2048 ) (992 0 584 ) 
4 504 819 (0 0 844 ) (0 0 584 ) (0 -176 389.142853 ) (0 -176 844 ) 
4 504 570 (0 0 2048 ) (0 0 844 ) (0 -176 844 ) (0 -176 2048 ) 
4 504 551 (0 -176 2048 ) (0 -176 389.142822 ) (608 -176 389.142853 ) (608 -176 2048 ) 
3 504 533 (628.799866 -176 510.545502 ) (608 -176 520 ) (608 -176 510.545502 ) 
4 504 526 (608 -176 389.142853 ) (895.885681 -176 389.142853 ) (628.799866 -176 510.545502 ) (608 -176 510.545502 ) 
5 504 513 (895.885681 -176 389.142853 ) (992 -176 389.142853 ) (992 -176 534.545471 ) (608 -176 534.545410 ) (608 -176 520 ) 
4 504 511 (992 -176 534.545471 ) (992 -176 2048 ) (608 -176 2048 ) (608 -176 534.545410 ) 
4 505 508 (1008 -176 336 ) (1024 -176 336 ) (1024 -176 384 ) (1008 -176 384 ) 
4 506 508 (1008 -176 -8 ) (1024 -176 -8 ) (1024 -176 0 ) (1008 -176 0 ) 
4 507 818 (0 0 -994.285645 ) (0 0 -1264 ) (0 -176 -1264 ) (0 -176 -994.285645 ) 
4 507 568 (0 -176 -1264 ) (0 0 -1264 ) (1024 0 -1264 ) (1024 -176 -1264 ) 
4 507 555 (0 -176 -994.285645 ) (0 -176 -1264 ) (608 -176 -1264 ) (608 -176 -625.142761 ) 
4 507 539 (608 -176 -1264 ) (960 -176 -1264 ) (960 -176 -411.428497 ) (608 -176 -625.142761 ) 
4 507 538 (960 -176 -1264 ) (1008 -176 -1264 ) (1008 -176 -382.285645 ) (960 -176 -411.428497 ) 
4 507 509 (1008 -176 -1264 ) (1024 -176 -1264 ) (1024 -176 -372.571350 ) (1008 -176 -382.285645 ) 
4 508 546 (1024 -560 -8 ) (1024 -560 0 ) (1008 -560 0 ) (1008 -560 -8 ) 
4 508 541 (1024 -560 0 ) (1024 -560 2048 ) (1008 -560 2048 ) (1008 -560 0 ) 
4 508 537 (1008 -176 0 ) (1008 -176 -8 ) (1008 -560 -8 ) (1008 -560 0 ) 
4 508 535 (1008 -416 136 ) (1008 -416 164 ) (1008 -352 164 ) (1008 -352 136 ) 
3 508 532 (1008 -560 336 ) (1008 -560 338.181824 ) (1008 -555.200134 338.181824 ) 
9 508 520 (1008 -352 164 ) (1008 -416 164 ) (1008 -416 252 ) (1008 -413.166962 266.667023 ) (1008 -400.666931 277.667053 ) (1008 -384 281.333038 ) (1008 -367.333008 277.666992 ) (1008 -354.833008 266.666992 ) (1008 -352 252 ) 
4 508 518 (1008 -560 336 ) (1008 -555.200134 338.181824 ) (1008 -208 338.181763 ) (1008 -208 336 ) 
4 508 514 (1008 -176 338.181763 ) (1008 -176 336 ) (1008 -208 336 ) (1008 -208 338.181763 ) 
4 508 512 (1008 -176 534.545410 ) (1008 -176 338.181763 ) (1008 -560 338.181824 ) (1008 -560 360 ) 
4 508 511 (1008 -176 2048 ) (1008 -176 534.545410 ) (1008 -560 360 ) (1008 -560 2048 ) 
4 509 568 (1008 -176 -1264 ) (1024 -176 -1264 ) (1024 -320 -1264 ) (1008 -320 -1264 ) 
4 509 538 (1008 -176 -382.285645 ) (1008 -176 -1264 ) (1008 -320 -1264 ) (1008 -320 -382.285706 ) 
4 509 510 (1008 -320 -382.285645 ) (1008 -320 -1264 ) (1024 -320 -1264 ) (1024 -320 -372.571350 ) 
4 510 568 (1024 -320 -1264 ) (1024 -560 -1264 ) (1008 -560 -1264 ) (1008 -320 -1264 ) 
4 510 547 (1008 -560 -1264 ) (1024 -560 -1264 ) (1024 -560 -256 ) (1008 -560 -256 ) 
4 510 540 (1008 -320 -1264 ) (1008 -560 -1264 ) (1008 -560 -256 ) (1008 -320 -256 ) 
4 511 556 (608 -224 512.727234 ) (608 -560 360 ) (608 -560 2048 ) (608 -224 2048 ) 
4 511 551 (608 -176 2048 ) (608 -176 534.545410 ) (608 -224 512.727234 ) (608 -224 2048 ) 
4 511 545 (608 -560 2048 ) (608 -560 360 ) (752 -560 360 ) (752 -560 2048 ) 
4 511 543 (752 -560 360 ) (816 -560 360 ) (816 -560 2048 ) (752 -560 2048 ) 
4 511 542 (816 -560 360 ) (960 -560 360 ) (960 -560 2048 ) (816 -560 2048 ) 
4 511 541 (960 -560 360 ) (1008 -560 360 ) (1008 -560 2048 ) (960 -560 2048 ) 
4 511 534 (608.009338 -560 360 ) (608 -560 360 ) (608 -384.004700 439.998230 ) (784.003906 -384.004700 439.998230 ) 
3 511 533 (608 -384.004700 439.998230 ) (608 -208 520 ) (784.003906 -384.004700 439.998230 ) 
5 511 513 (992 -560 360 ) (960 -560 360 ) (608 -208 520 ) (608 -176 534.545776 ) (992 -176 534.545776 ) 
4 511 512 (1008 -176 534.545776 ) (1008 -560 360 ) (992 -560 360 ) (992 -176 534.545776 ) 
4 512 541 (1008 -560 338.181824 ) (1008 -560 360 ) (992 -560 360 ) (992 -560 345.454559 ) 
4 512 532 (1008 -555.199707 338.182007 ) (1008 -560 338.182007 ) (992 -560 345.454742 ) (992 -539.199646 345.454742 ) 
4 512 518 (1008 -208 338.182007 ) (1008 -555.199707 338.182007 ) (992 -539.199646 345.454742 ) (992 -208 345.454742 ) 
4 512 514 (992 -176 345.454742 ) (1008 -176 338.182007 ) (1008 -208 338.182007 ) (992 -208 345.454742 ) 
5 512 513 (992 -215.461716 345.453125 ) (992 -560 345.453094 ) (992 -560 359.996765 ) (992 -176 534.542236 ) (992 -176 389.142883 ) 
3 513 551 (608 -176 534.545410 ) (608 -176 520 ) (608 -208 520 ) 
3 513 541 (992 -560 360 ) (960 -560 360 ) (992 -560 345.454559 ) 
5 513 533 (784.002563 -384.006500 440 ) (608 -208.003906 520 ) (608 -176 520 ) (628.800476 -176 510.545532 ) (810.404785 -357.604370 427.998077 ) 
4 513 532 (960 -507.199677 360 ) (992 -539.199707 345.454742 ) (992 -560 345.454742 ) (960 -560 360 ) 
4 513 527 (912 -208 381.818420 ) (912 -256.009094 381.818420 ) (810.404724 -357.604370 427.998077 ) (660.800476 -208 496 ) 
5 513 526 (628.800476 -176 510.545532 ) (895.886230 -176 389.142853 ) (912 -182.615631 381.818420 ) (912 -208 381.818420 ) (660.800476 -208 496 ) 
4 513 522 (912 -256.009094 381.818420 ) (912 -208 381.818420 ) (960 -208 360 ) (960 -208.009064 360 ) 
5 513 519 (973.829041 -208 353.714294 ) (992 -215.460236 345.454742 ) (992 -539.199707 345.454742 ) (960 -507.199707 360 ) (960 -208 360 ) 
3 513 515 (912 -182.615631 381.818420 ) (973.829041 -208 353.714294 ) (912 -208 381.818420 ) 
4 514 518 (992 -208 336 ) (1008 -208 336 ) (1008 -208 338.181763 ) (992 -208 345.454498 ) 
3 515 526 (912 -208 353.714294 ) (912 -208 381.818115 ) (912 -182.615921 381.818115 ) 
4 515 522 (912 -208 381.818146 ) (912 -208 359.996094 ) (960 -208 359.996124 ) (960 -208 360 ) 
3 515 519 (960 -208 353.714294 ) (973.828430 -208 353.714294 ) (960 -208 360 ) 
4 516 536 (960 -208 164 ) (912 -208 164 ) (912 -176 164 ) (960 -176 164 ) 
4 516 531 (912 -176 164 ) (912 -208 164 ) (912 -208 176 ) (912 -176 176 ) 
4 516 530 (912 -208 176 ) (912 -208 203.199997 ) (912 -176 216 ) (912 -176 176 ) 
4 516 523 (912 -208 203.199997 ) (912 -208 164 ) (960 -208 164 ) (960 -208 203.199997 ) 
4 517 530 (912 -208 211.200012 ) (912 -208 336 ) (912 -176 336 ) (912 -176 224 ) 
4 517 524 (912 -208 336 ) (912 -208 211.200012 ) (960 -208 211.200012 ) (960 -208 336 ) 
4 518 532 (992 -560 336 ) (1008 -560 336 ) (1008 -555.206970 338.177917 ) (992 -539.206970 345.450653 ) 
4 518 519 (992 -224 336 ) (992 -560 336 ) (992 -539.200562 345.454559 ) (992 -215.460449 345.454559 ) 
4 519 532 (960 -560 336 ) (992 -560 336 ) (992 -539.206970 345.450653 ) (960 -507.206970 359.996094 ) 
4 520 535 (1008 -352 164 ) (1008 -416 164 ) (960 -416 164 ) (960 -352 164 ) 
3 520 525 (960 -368.516144 176 ) (960 -352 194.285736 ) (960 -352 176 ) 
10 520 521 (960 -416 176 ) (960 -416 252 ) (960 -413.166962 266.667023 ) (960 -400.667023 277.666992 ) (960 -384 281.333008 ) (960 -367.333008 277.666992 ) (960 -354.833008 266.666992 ) (960 -352 252 ) (960 -352 194.285736 ) (960 -368.516144 176 ) 
6 521 528 (912 -560 176 ) (912 -560 335.997559 ) (912 -511.994659 357.818176 ) (912 -256 357.818176 ) (912 -219.343018 341.155914 ) (912 -368.516144 176 ) 
4 521 525 (960 -296 256.286255 ) (960 -368.516602 176 ) (912 -368.516754 176 ) (912 -296 256.286346 ) 
4 521 524 (960 -224 336 ) (960 -296 256.286255 ) (912 -296 256.286346 ) (912 -224 336 ) 
3 522 527 (912 -256.008423 381.818115 ) (912 -208 381.818115 ) (912 -208 359.996094 ) 
4 523 536 (912 -296 164 ) (912 -208 164 ) (960 -208 164 ) (960 -296 164 ) 
5 523 531 (912 -208 164 ) (912 -296 164 ) (912 -296 168 ) (912 -276 176 ) (912 -208 176 ) 
3 523 530 (912 -276 176 ) (912 -208 203.199997 ) (912 -208 176 ) 
5 524 530 (912 -296 176 ) (912 -296 256.285706 ) (912 -224 336 ) (912 -208 336 ) (912 -208 211.200012 ) 
4 524 525 (960 -296 176 ) (960 -296 256.279266 ) (912 -296 256.279266 ) (912 -296 176 ) 
3 525 530 (912 -368.516144 176 ) (912 -296 256.285706 ) (912 -296 176 ) 
4 526 551 (608 -176 510.545502 ) (608 -176 389.142883 ) (608 -208 353.714294 ) (608 -208 496 ) 
4 526 533 (660.793091 -208 496 ) (628.793091 -176 510.544678 ) (608 -176 510.544678 ) (608 -208 496 ) 
5 526 527 (912 -208 359.996094 ) (912 -208 381.818176 ) (660.799805 -208 496 ) (608 -208 496 ) (608 -208 359.996094 ) 
3 527 556 (608 -357.604370 427.998047 ) (608 -224 488.727325 ) (608 -224 367.268829 ) 
4 527 551 (608 -224 488.727325 ) (608 -208 496 ) (608 -208 359.996094 ) (608 -224 367.268829 ) 
4 527 533 (810.396484 -357.603455 427.997681 ) (660.793091 -208 496 ) (608 -208 496 ) (608 -357.603455 427.997681 ) 
3 527 529 (608 -208 359.997070 ) (757.605286 -357.603271 427.998535 ) (608 -357.603271 427.998535 ) 
10 528 557 (608 -352 194.285706 ) (608 -368.516113 176 ) (608 -416 176 ) (608 -416 252 ) (608 -413.166962 266.667023 ) (608 -400.666962 277.667023 ) (608 -384 281.333038 ) (608 -367.333069 277.667053 ) (608 -354.833008 266.666992 ) (608 -352 252 ) 
4 528 531 (912 -368.516113 176 ) (912 -512 176 ) (656 -512 176 ) (656 -368.516144 176 ) 
4 528 530 (912 -224 336 ) (912 -368.517609 176 ) (608 -368.517609 176 ) (608 -224 336 ) 
4 529 556 (608 -507.208679 359.996124 ) (608 -357.604370 427.998047 ) (608 -224 367.268829 ) (608 -224 359.996094 ) 
3 529 551 (608 -224 367.268829 ) (608 -208 359.996094 ) (608 -224 359.996094 ) 
3 529 534 (757.603455 -357.603455 427.997681 ) (608 -357.603455 427.997681 ) (608 -507.206909 359.996124 ) 
3 530 557 (608 -352 176 ) (608 -368.516113 176 ) (608 -352 194.285706 ) 
4 530 531 (912 -176 176 ) (912 -368.516113 176 ) (656 -368.516144 176 ) (656 -176 176 ) 
4 531 536 (656 -176 164 ) (912 -176 164 ) (912 -512 164 ) (656 -512 164 ) 
4 532 541 (960 -560 336 ) (1008 -560 336 ) (1008 -560 338.181824 ) (960 -560 360 ) 
4 533 556 (608 -224 488.727325 ) (608 -357.604370 427.998077 ) (608 -384.004272 439.998047 ) (608 -224 512.727234 ) 
5 533 551 (608 -176 520 ) (608 -176 510.545502 ) (608 -224 488.727325 ) (608 -224 512.727234 ) (608 -208 520 ) 
4 533 534 (608 -357.601563 427.996094 ) (757.599915 -357.601563 427.996094 ) (784.003418 -384.005066 439.997681 ) (608 -384.005066 439.997681 ) 
5 534 556 (608 -357.604370 427.998077 ) (608 -507.208679 359.996124 ) (608 -560 359.996124 ) (608 -560 360 ) (608 -384.004272 439.998047 ) 
4 535 536 (960 -416 112 ) (960 -416 164 ) (960 -352 164 ) (960 -352 112 ) 
4 536 557 (608 -416 164 ) (608 -352 164 ) (608 -352 112 ) (608 -416 112 ) 
8 536 544 (752 -560 0 ) (816 -560 0 ) (816 -560 140 ) (813.167053 -560 154.666931 ) (802.561340 -560 164 ) (765.438660 -560 164 ) (754.833008 -560 154.666992 ) (752 -560 140 ) 
4 537 546 (960 -560 -8 ) (1008 -560 -8 ) (1008 -560 0 ) (960 -560 0 ) 
4 538 568 (960 -176 -1264 ) (1008 -176 -1264 ) (1008 -320 -1264 ) (960 -320 -1264 ) 
4 538 540 (1008 -320 -1264 ) (1008 -320 -382.285706 ) (960 -320 -411.428528 ) (960 -320 -1264 ) 
4 538 539 (960 -320 -1264 ) (960 -320 -411.428467 ) (960 -176 -411.428528 ) (960 -176 -1264 ) 
4 539 568 (608 -320 -1264 ) (608 -176 -1264 ) (960 -176 -1264 ) (960 -320 -1264 ) 
4 539 560 (608 -224 -1264 ) (608 -320 -1264 ) (608 -320 -625.142944 ) (608 -224 -625.142883 ) 
4 539 555 (608 -176 -625.142822 ) (608 -176 -1264 ) (608 -224 -1264 ) (608 -224 -625.142883 ) 
4 539 540 (608 -320 -625.142822 ) (608 -320 -1264 ) (960 -320 -1264 ) (960 -320 -411.428467 ) 
4 540 568 (608 -560 -1264 ) (608 -320 -1264 ) (1008 -320 -1264 ) (1008 -560 -1264 ) 
4 540 561 (608 -320 -1264 ) (608 -560 -1264 ) (608 -560 -256 ) (608 -320 -256 ) 
4 540 547 (608 -560 -256 ) (608 -560 -1264 ) (1008 -560 -1264 ) (1008 -560 -256 ) 
4 541 548 (960 -608.076050 0 ) (1024 -608.076050 0 ) (1024 -608.076050 2048 ) (960 -608.076050 2048 ) 
4 541 546 (1024 -608.076050 0 ) (960 -608.076050 0 ) (960 -560 0 ) (1024 -560 0 ) 
4 541 542 (960 -560 2048 ) (960 -560 336 ) (960 -608.076050 336 ) (960 -608.076050 2048 ) 
4 542 548 (960 -608.076050 336 ) (960 -608.076050 2048 ) (816 -608.076050 2048 ) (816 -608.076050 336 ) 
4 542 543 (816 -608.076050 336 ) (816 -608.076050 2048 ) (816 -560 2048 ) (816 -560 336 ) 
4 543 548 (816 -608.076050 336 ) (816 -608.076050 2048 ) (752 -608.076050 2048 ) (752 -608.076050 336 ) 
4 543 545 (752 -608.076050 336 ) (752 -608.076050 2048 ) (752 -560 2048 ) (752 -560 336 ) 
9 544 548 (752 -608.076050 0 ) (816 -608.076050 0 ) (816 -608.076050 140 ) (813.167053 -608.076050 154.666962 ) (800.666992 -608.076050 165.667007 ) (784 -608.076050 169.332993 ) (767.333008 -608.076050 165.667023 ) (754.833008 -608.076050 154.666992 ) (752 -608.076050 140 ) 
4 544 546 (816 -608.076050 0 ) (752 -608.076050 0 ) (752 -560 0 ) (816 -560 0 ) 
4 545 556 (608 -608.076050 336 ) (608 -608.076050 2048 ) (608 -560 2048 ) (608 -560 336 ) 
4 545 548 (608 -608.076050 2048 ) (608 -608.076050 336 ) (752 -608.076050 336 ) (752 -608.076050 2048 ) 
4 546 559 (608 -608.076050 -8 ) (608 -608.076050 0 ) (608 -560 0 ) (608 -560 -8 ) 
4 546 548 (608 -608.076050 0 ) (608 -608.076050 -8 ) (1024 -608.076050 -8 ) (1024 -608.076050 0 ) 
4 547 568 (608 -608.076050 -1264 ) (608 -560 -1264 ) (1024 -560 -1264 ) (1024 -608.076050 -1264 ) 
4 547 561 (608 -560 -1264 ) (608 -608.076050 -1264 ) (608 -608.076050 -256 ) (608 -560 -256 ) 
4 547 549 (608 -608.076050 -256 ) (608 -608.076050 -1264 ) (1024 -608.076050 -1264 ) (1024 -608.076050 -256 ) 
4 548 878 (1024 -1024 -8 ) (1024 -1024 2048 ) (608 -1024 2048 ) (608 -1024 -8 ) 
4 548 559 (608 -1024 -8 ) (608 -1024 336 ) (608 -608.076050 336 ) (608 -608.076050 -8 ) 
4 548 556 (608 -1024 336 ) (608 -1024 2048 ) (608 -608.076050 2048 ) (608 -608.076050 336 ) 
4 548 550 (608 -1024 -8 ) (608 -640 -8 ) (1024 -640 -8 ) (1024 -1024 -8 ) 
4 549 568 (608 -640 -1264 ) (608 -608.076050 -1264 ) (1024 -608.076050 -1264 ) (1024 -640 -1264 ) 
4 549 561 (608 -608.076050 -1264 ) (608 -640 -1264 ) (608 -640 -256 ) (608 -608.076050 -256 ) 
4 549 550 (608 -640 -256 ) (608 -640 -1264 ) (1024 -640 -1264 ) (1024 -640 -256 ) 
4 550 878 (1024 -1024 -1264 ) (1024 -1024 -8 ) (608 -1024 -8 ) (608 -1024 -1264 ) 
4 550 568 (1024 -1024 -1264 ) (608 -1024 -1264 ) (608 -640 -1264 ) (1024 -640 -1264 ) 
4 550 562 (608 -640 -1264 ) (608 -1024 -1264 ) (608 -1024 -8 ) (608 -640 -8 ) 
4 551 865 (0 -224 336 ) (0 -224 2048 ) (0 -176 2048 ) (0 -176 389.142944 ) 
4 551 563 (0 -224 2048 ) (0 -224 336 ) (560 -224 336 ) (560 -224 2048 ) 
4 551 556 (560 -224 336 ) (608 -224 336 ) (608 -224 2048 ) (560 -224 2048 ) 
9 552 563 (368 -224 252 ) (368 -224 136 ) (432 -224 136 ) (432 -224 252 ) (429.166992 -224 266.667023 ) (416.667053 -224 277.666962 ) (400 -224 281.333008 ) (383.333008 -224 277.666992 ) (370.833038 -224 266.667023 ) 
4 553 867 (0 -224 136 ) (0 -224 277.813660 ) (0 -176 277.813660 ) (0 -176 112 ) 
7 553 563 (0 -224 277.813660 ) (0 -224 136 ) (48 -224 136 ) (48 -224 252 ) (45.166695 -224 266.666992 ) (32.666626 -224 277.666962 ) (16 -224 281.333008 ) 
4 554 869 (0 -224 -8 ) (0 -224 0 ) (0 -176 0 ) (0 -176 -8 ) 
4 554 563 (0 -224 0 ) (0 -224 -8 ) (560 -224 -8 ) (560 -224 0 ) 
4 554 558 (560 -224 -8 ) (608 -224 -8 ) (608 -224 0 ) (560 -224 0 ) 
4 555 870 (0 -176 -1264 ) (0 -224 -1264 ) (0 -224 -994.285645 ) (0 -176 -994.285645 ) 
4 555 568 (0 -224 -1264 ) (0 -176 -1264 ) (608 -176 -1264 ) (608 -224 -1264 ) 
4 555 564 (0 -224 -994.285645 ) (0 -224 -1264 ) (560 -224 -1264 ) (560 -224 -654.285767 ) 
4 555 560 (560 -224 -1264 ) (608 -224 -1264 ) (608 -224 -625.142944 ) (560 -224 -654.285767 ) 
4 556 878 (560 -1024 2048 ) (560 -1024 336 ) (608 -1024 336 ) (608 -1024 2048 ) 
4 556 563 (560 -224 2048 ) (560 -224 336 ) (560 -1024 336 ) (560 -1024 2048 ) 
4 556 559 (560 -1024 336 ) (560 -560 336 ) (608 -560 336 ) (608 -1024 336 ) 
9 557 563 (560 -352 136 ) (560 -416 136 ) (560 -416 252 ) (560 -413.166962 266.667023 ) (560 -400.666962 277.667023 ) (560 -384 281.333038 ) (560 -367.333069 277.667053 ) (560 -354.833008 266.666992 ) (560 -352 252 ) 
4 558 563 (560 -224 0 ) (560 -224 -8 ) (560 -560 -8 ) (560 -560 0 ) 
4 558 559 (560 -560 -8 ) (608 -560 -8 ) (608 -560 0 ) (560 -560 0 ) 
4 559 878 (560 -1024 336 ) (560 -1024 -8 ) (608 -1024 -8 ) (608 -1024 336 ) 
4 559 563 (560 -560 -8 ) (560 -1024 -8 ) (560 -1024 336 ) (560 -560 336 ) 
4 559 562 (560 -1024 -8 ) (560 -640 -8 ) (608 -640 -8 ) (608 -1024 -8 ) 
4 560 568 (560 -320 -1264 ) (560 -224 -1264 ) (608 -224 -1264 ) (608 -320 -1264 ) 
4 560 564 (560 -224 -654.285706 ) (560 -224 -1264 ) (560 -320 -1264 ) (560 -320 -654.285706 ) 
4 560 561 (608 -320 -1264 ) (608 -320 -625.142944 ) (560 -320 -654.285706 ) (560 -320 -1264 ) 
4 561 568 (560 -640 -1264 ) (560 -320 -1264 ) (608 -320 -1264 ) (608 -640 -1264 ) 
4 561 565 (560 -320 -1264 ) (560 -640 -1264 ) (560 -640 -256 ) (560 -320 -256 ) 
4 561 562 (608 -640 -1264 ) (608 -640 -256 ) (560 -640 -256 ) (560 -640 -1264 ) 
4 562 878 (560 -1024 -8 ) (560 -1024 -1264 ) (608 -1024 -1264 ) (608 -1024 -8 ) 
4 562 568 (608 -1024 -1264 ) (560 -1024 -1264 ) (560 -640 -1264 ) (608 -640 -1264 ) 
4 562 566 (560 -640 -1264 ) (560 -1024 -1264 ) (560 -1024 -8 ) (560 -640 -8 ) 
4 563 878 (0 -1024 2048 ) (0 -1024 -8 ) (560 -1024 -8 ) (560 -1024 2048 ) 
4 563 871 (0 -320 336 ) (0 -224 336 ) (0 -224 -8 ) (0 -320 -8 ) 
4 563 873 (0 -1024 -8 ) (0 -1024 336 ) (0 -320 336 ) (0 -320 -8 ) 
4 563 865 (0 -1024 336 ) (0 -1024 2048 ) (0 -224 2048 ) (0 -224 336 ) 
4 563 566 (560 -640 -8 ) (560 -1024 -8 ) (448 -1024 -8 ) (448 -640 -8 ) 
4 563 567 (0 -1024 -8 ) (0 -320 -8 ) (448 -320 -8 ) (448 -1024 -8 ) 
4 564 872 (0 -224 -1264 ) (0 -320 -1264 ) (0 -320 -994.285645 ) (0 -224 -994.285645 ) 
4 564 568 (0 -320 -1264 ) (0 -224 -1264 ) (560 -224 -1264 ) (560 -320 -1264 ) 
4 564 565 (448 -320 -1264 ) (560 -320 -1264 ) (560 -320 -654.285706 ) (448 -320 -722.285706 ) 
4 564 567 (0 -320 -1264 ) (448 -320 -1264 ) (448 -320 -722.285706 ) (0 -320 -994.285645 ) 
4 565 568 (448 -640 -1264 ) (448 -320 -1264 ) (560 -320 -1264 ) (560 -640 -1264 ) 
4 565 566 (448 -640 -256 ) (448 -640 -1264 ) (560 -640 -1264 ) (560 -640 -256 ) 
4 565 567 (448 -320 -256 ) (448 -320 -1264 ) (448 -640 -1264 ) (448 -640 -256 ) 
4 566 878 (448 -1024 -1264 ) (560 -1024 -1264 ) (560 -1024 -8 ) (448 -1024 -8 ) 
4 566 568 (560 -1024 -1264 ) (448 -1024 -1264 ) (448 -640 -1264 ) (560 -640 -1264 ) 
4 566 567 (448 -640 -1264 ) (448 -1024 -1264 ) (448 -1024 -8 ) (448 -640 -8 ) 
4 567 878 (0 -1024 -8 ) (0 -1024 -1264 ) (448 -1024 -1264 ) (448 -1024 -8 ) 
4 567 873 (0 -320 -1264 ) (0 -1024 -1264 ) (0 -1024 -8 ) (0 -320 -8 ) 
4 567 568 (448 -1024 -1264 ) (0 -1024 -1264 ) (0 -320 -1264 ) (448 -320 -1264 ) 
4 568 879 (1024 -1024 -2032 ) (1024 -1024 -1264 ) (0 -1024 -1264 ) (0 -1024 -2032 ) 
4 568 875 (0 0 -1264 ) (0 0 -2032 ) (0 -320 -2032 ) (0 -320 -1264 ) 
4 568 876 (0 -320 -2032 ) (0 -1024 -2032 ) (0 -1024 -1264 ) (0 -320 -1264 ) 
4 568 569 (0 -1024 -2032 ) (0 0 -2032 ) (1024 0 -2032 ) (1024 -1024 -2032 ) 
4 569 880 (1024 -1024 -2048 ) (1024 -1024 -2032 ) (0 -1024 -2032 ) (0 -1024 -2048 ) 
4 569 877 (0 0 -2032 ) (0 0 -2048 ) (0 -1024 -2048 ) (0 -1024 -2032 ) 
4 570 865 (-160 -176 844 ) (0 -176 844 ) (0 -176 2048 ) (-160 -176 2048 ) 
4 570 819 (0 -176 844 ) (-160 -176 844 ) (-160 0 844 ) (0 0 844 ) 
4 570 799 (-160 -176 1103.380005 ) (-160 -176 1103.384766 ) (-160 -80 1269.541260 ) (-160 -80 1103.380005 ) 
4 570 798 (-160 -176 1103.384766 ) (-160 -176 2048 ) (-160 -80 2048 ) (-160 -80 1269.541260 ) 
4 570 574 (-160 -80 1103.380005 ) (-160 -80 2048 ) (-160 0 2048 ) (-160 0 1103.380127 ) 
4 570 573 (-160 -8 844 ) (-160 -80 844 ) (-160 -80 972 ) (-160 -8 972 ) 
7 570 572 (-160 -44.006283 1001.331299 ) (-160 -25.685539 997.671082 ) (-160 -11.913157 986.653198 ) (-160 -8.800003 972 ) (-160 -79.200005 972 ) (-160 -76.083473 986.669189 ) (-160 -62.331650 997.670044 ) 
4 571 620 (-176 0 1039.692627 ) (-176 0 1016 ) (-176 -48.474243 1016 ) (-176 -73.635696 1039.692627 ) 
4 571 578 (-176 -48.474243 1016 ) (-176 -80 1016 ) (-176 -80 1039.692627 ) (-176 -73.635696 1039.692627 ) 
3 572 695 (-176 -11.742792 985.851318 ) (-176 -10.563963 980.302734 ) (-176 -18.030716 987.333618 ) 
4 572 620 (-176 -29.904167 998.513916 ) (-176 -25.684486 997.670898 ) (-176 -24.744410 996.918823 ) (-176 -27.438896 996.192566 ) 
5 572 618 (-176 -24.744410 996.918823 ) (-176 -11.913307 986.653931 ) (-176 -11.742792 985.851318 ) (-176 -18.030716 987.333618 ) (-176 -27.438896 996.192566 ) 
7 572 578 (-176 -8.800003 972 ) (-176 -79.200005 972 ) (-176 -76.084366 986.664978 ) (-176 -62.326031 997.671082 ) (-176 -44.005989 1001.331299 ) (-176 -29.904167 998.513916 ) (-176 -10.563963 980.302734 ) 
4 572 573 (-176 -79.200005 972 ) (-176 -8.800003 972 ) (-160 -8.800003 972 ) (-160 -79.200005 972 ) 
4 573 578 (-176 -8 844 ) (-176 -80 844 ) (-176 -80 972 ) (-176 -8 972 ) 
4 574 799 (-160 -80 1103.380005 ) (-160 -80 1269.541138 ) (-176 -80 1269.541138 ) (-176 -80 1131.072754 ) 
4 574 798 (-160 -80 1269.541138 ) (-160 -80 2048 ) (-176 -80 2048 ) (-176 -80 1269.541138 ) 
4 574 577 (-176 0 1408.004761 ) (-176 0 1131.072754 ) (-176 -80 1131.072754 ) (-176 -80 1269.541138 ) 
4 574 575 (-176 0 2048 ) (-176 0 1408.004761 ) (-176 -80 1269.541138 ) (-176 -80 2048 ) 
4 575 798 (-176 -80 1269.541138 ) (-176 -80 2048 ) (-496 -80 2048 ) (-496 -80 1269.541260 ) 
4 575 797 (-496 -80 1269.541138 ) (-496 -80 2048 ) (-496 0 2048 ) (-496 0 1408.004761 ) 
5 575 577 (-336 0 1408.004395 ) (-176 0 1408.002930 ) (-176 -80 1269.539307 ) (-256.002197 -80 1269.540161 ) (-336.001251 -0.001251 1408.002197 ) 
4 575 576 (-496 -80 1269.542969 ) (-496 0 1408.005981 ) (-336 0 1408.004395 ) (-416 -80 1269.541992 ) 
3 576 801 (-416 -80 1269.541260 ) (-496 -80 1269.541260 ) (-496 -80 1131.077637 ) 
4 576 797 (-496 -80 1131.077515 ) (-496 -80 1269.541138 ) (-496 0 1408.004761 ) (-496 0 1131.077515 ) 
3 577 799 (-176 -80 1131.072754 ) (-176 -80 1269.541138 ) (-256.002747 -80 1269.541138 ) 
4 578 838 (-256 0 844 ) (-208 0 844 ) (-208 -80 844 ) (-256 -80 844 ) 
3 578 802 (-390.189514 -80 844 ) (-208 -80 844 ) (-208 -80 1015.553589 ) 
3 578 743 (-259.150482 0 892.057983 ) (-277.549713 0 874.733032 ) (-290.543793 -31.393431 892.058472 ) 
4 578 736 (-277.549713 0 874.733032 ) (-286.927246 0 865.903015 ) (-306.544006 -47.393723 892.058716 ) (-290.543793 -31.393431 892.058472 ) 
3 578 735 (-266.543518 -7.393063 892.058105 ) (-280.035706 -20.885302 892.058289 ) (-280.022766 -39.958645 910.030396 ) 
4 578 733 (-244.233765 -80 981.433777 ) (-239.140930 -80 986.229248 ) (-243.899338 -76.032623 978.012878 ) (-252.398468 -73.197884 967.340759 ) 
3 578 729 (-243.899338 -76.032623 978.012878 ) (-254.689514 -67.036194 959.381409 ) (-252.082367 -73.303314 967.737671 ) 
5 578 728 (-254.689514 -67.036194 959.381409 ) (-280.018707 -45.917694 915.645386 ) (-280.015808 -50.189526 919.670593 ) (-252.398468 -73.197884 967.340759 ) (-252.082367 -73.303314 967.737671 ) 
4 578 722 (-247.608582 0 902.925964 ) (-250.683884 0 900.030212 ) (-252.879456 -36.393387 932.231812 ) (-249.792923 -36.207184 934.962769 ) 
5 578 721 (-250.683884 0 900.030212 ) (-259.150482 0 892.057983 ) (-266.543518 -7.393063 892.058105 ) (-279.204407 -37.981514 908.939270 ) (-252.879456 -36.393387 932.231812 ) 
3 578 719 (-240.497864 -28.715639 936.660889 ) (-236.004379 -24.222191 936.660889 ) (-239 -22.975994 932.666687 ) 
5 578 718 (-248.750000 -18.919971 919.666687 ) (-249.792923 -36.207184 934.962769 ) (-247.873672 -36.091400 936.660950 ) (-240.497864 -28.715639 936.660889 ) (-239 -22.975994 932.666687 ) 
5 578 717 (-221.284698 0 927.712891 ) (-247.608582 0 902.925964 ) (-248.750000 -18.919971 919.666687 ) (-236.004379 -24.222191 936.660889 ) (-227.995621 -16.213486 936.660828 ) 
3 578 716 (-211.782028 0 936.660767 ) (-221.284698 0 927.712891 ) (-227.995621 -16.213486 936.660828 ) 
3 578 715 (-232 -25.887022 942 ) (-229.001480 -18.643589 938.001953 ) (-234.998520 -24.640631 938.002014 ) 
4 578 714 (-227.995621 -16.213486 936.660828 ) (-233.995636 -22.213455 936.660889 ) (-235.001526 -24.643635 938.002014 ) (-229.001480 -18.643589 938.001953 ) 
4 578 713 (-233.995636 -22.213455 936.660889 ) (-247.873672 -36.091400 936.660950 ) (-246.357834 -36 938.002197 ) (-235.001526 -24.643635 938.002014 ) 
4 578 712 (-206.112259 0 942 ) (-211.782028 0 936.660767 ) (-227.995621 -16.213486 936.660828 ) (-232 -25.887022 942 ) 
4 578 708 (-267.070923 -56.713047 938.002380 ) (-264.756104 -58.643063 942 ) (-260.112701 -54 942 ) (-261.359802 -51.001911 938.002319 ) 
3 578 707 (-261.359802 -51.001911 938.002319 ) (-255.357147 -45 938.002258 ) (-263.024536 -47 932.666626 ) 
4 578 706 (-255.357147 -45 938.002258 ) (-246.357864 -36 938.002136 ) (-267.080505 -37.250107 919.666565 ) (-263.024536 -47 932.666626 ) 
6 578 705 (-279.204407 -37.981514 908.939270 ) (-280.022766 -39.958645 910.030396 ) (-280.018707 -45.917694 915.645386 ) (-267.070923 -56.713047 938.002380 ) (-261.359802 -51.001911 938.002319 ) (-267.080505 -37.250107 919.666565 ) 
6 578 695 (-239.140930 -80 986.229248 ) (-213.153137 -80 1010.699707 ) (-176 -18.033203 987.334167 ) (-176 0 970.353638 ) (-206.112259 0 942 ) (-264.756104 -58.643063 942 ) 
3 578 685 (-251.539551 -73.913460 968.823303 ) (-251.981812 -73.544998 968.059937 ) (-251.828659 -73.913162 968.550781 ) 
5 578 682 (-251.981812 -73.544998 968.059937 ) (-256.645874 -69.659309 960.009277 ) (-280.002594 -69.638885 937.997009 ) (-280 -73.884415 941.997437 ) (-251.828659 -73.913162 968.550781 ) 
3 578 677 (-256.645874 -69.659309 960.009277 ) (-280.015808 -50.189526 919.670593 ) (-280.002594 -69.638885 937.997009 ) 
4 578 675 (-244.746078 -80 980.951355 ) (-244.233765 -80 981.433777 ) (-251.539551 -73.913460 968.823303 ) (-262.996155 -73.901764 958.024597 ) 
3 578 668 (-252.150894 -80 973.978882 ) (-244.746078 -80 980.951355 ) (-250.296280 -78.145409 973.978882 ) 
5 578 664 (-279.995575 -80 947.759949 ) (-252.150894 -80 973.978882 ) (-250.296280 -78.145409 973.978882 ) (-262.996155 -73.901764 958.024597 ) (-280 -73.884415 941.997437 ) 
4 578 662 (-320.040070 -80 910.053528 ) (-279.995575 -80 947.759949 ) (-280.035706 -20.885302 892.058289 ) (-306.544006 -47.393723 892.058716 ) 
5 578 628 (-333.034271 -80 897.817993 ) (-320.040070 -80 910.053528 ) (-286.927246 0 865.903015 ) (-310.188416 0 844 ) (-333.073029 -22.884361 844 ) 
5 578 620 (-213.153137 -80 1010.699707 ) (-178.242432 -80 1043.572144 ) (-176 -73.635773 1039.690918 ) (-176 -27.440319 996.192139 ) (-190.084885 -41.525024 996.192139 ) 
3 578 618 (-176 -27.440319 996.192139 ) (-176 -18.033203 987.334167 ) (-190.084885 -41.525024 996.192139 ) 
3 578 579 (-390.189331 -80 844 ) (-333.034271 -80 897.817993 ) (-333.073029 -22.884361 844 ) 
4 579 802 (-464 -80 844 ) (-390.189514 -80 844 ) (-333.034576 -80 897.818298 ) (-464 -80 1021.306152 ) 
4 579 796 (-496 -8 844 ) (-496 -80 844 ) (-496 -80 972 ) (-496 -8 972 ) 
7 579 795 (-496 -44 1001.330078 ) (-496 -25.665001 997.666992 ) (-496 -11.916317 986.668091 ) (-496 -8.800003 972 ) (-496 -79.200005 972 ) (-496 -76.083511 986.669006 ) (-496 -62.335487 997.666870 ) 
4 579 794 (-496 -80 1016 ) (-496 -80 1039.692627 ) (-496 -67.499855 1039.692627 ) (-496 -42.372581 1016 ) 
4 579 789 (-496 -21.387548 996.207458 ) (-496 -67.500000 1039.687500 ) (-491.591766 -80 1047.317261 ) (-437.387177 -80 996.207458 ) 
4 579 788 (-412.819122 -41.407814 936.653137 ) (-413.090942 -36.907974 932.666504 ) (-416.363678 -33.635288 932.666565 ) (-416.091858 -38.134998 936.653076 ) 
4 579 787 (-413.090942 -36.907974 932.666504 ) (-415.320404 0 899.967834 ) (-418.395447 0 902.867310 ) (-416.363678 -33.635288 932.666565 ) 
4 579 786 (-412.727783 -42.919643 937.992554 ) (-412.819122 -41.407814 936.653137 ) (-416.091858 -38.134998 936.653076 ) (-416 -39.646900 937.992554 ) 
3 579 783 (-429.989624 -24.237049 936.652832 ) (-416.091858 -38.134998 936.653076 ) (-417.250031 -18.961958 919.666687 ) 
5 579 782 (-418.395447 0 902.867310 ) (-444.727844 0 927.696228 ) (-438.010498 -16.216091 936.652710 ) (-429.989624 -24.237049 936.652832 ) (-417.250031 -18.961958 919.666687 ) 
3 579 781 (-444.727844 0 927.696228 ) (-454.226379 0 936.652405 ) (-438.010498 -16.216091 936.652710 ) 
4 579 780 (-434.005798 -25.883514 941.992188 ) (-433.994141 -25.895187 941.992188 ) (-430.994415 -24.653074 937.992554 ) (-437.005615 -18.641903 937.992554 ) 
4 579 779 (-432.010345 -22.216309 936.652832 ) (-438.010498 -16.216091 936.652710 ) (-437.005615 -18.641903 937.992554 ) (-431.005615 -24.641859 937.992554 ) 
4 579 778 (-416 -39.646900 937.992554 ) (-416.091858 -38.134998 936.653076 ) (-432.010345 -22.216309 936.652832 ) (-431.005615 -24.641859 937.992554 ) 
4 579 777 (-454.226379 0 936.652405 ) (-459.889282 0 941.992004 ) (-434.005798 -25.883514 941.992188 ) (-438.010498 -16.216091 936.652710 ) 
6 579 772 (-496 0 976.040894 ) (-496 -21.387548 996.207458 ) (-437.387177 -80 996.207458 ) (-410.487915 -80 970.843994 ) (-412.455078 -47.434288 941.992310 ) (-459.889282 0 941.992004 ) 
3 579 758 (-408.721832 -45.505131 936.653198 ) (-404.236542 -49.990479 936.653320 ) (-402.998383 -47 932.666321 ) 
5 579 756 (-397.709229 -34.226475 915.634644 ) (-414.252167 -17.684185 915.635193 ) (-412.819122 -41.407764 936.653137 ) (-408.721832 -45.505131 936.653198 ) (-402.998383 -47 932.666321 ) 
4 579 753 (-374.227478 -80 936.653870 ) (-351.933899 -80 915.633118 ) (-397.709229 -34.226475 915.634644 ) (-404.236542 -49.990479 936.653320 ) 
4 579 752 (-405.894562 -53.994831 941.992432 ) (-405.883575 -54.005817 941.992432 ) (-398.641724 -57.005665 937.992615 ) (-404.652374 -50.995026 937.992615 ) 
4 579 751 (-396.217102 -58.010029 936.653442 ) (-402.216888 -52.010147 936.653320 ) (-404.641754 -51.005661 937.992615 ) (-398.641724 -57.005665 937.992615 ) 
4 579 750 (-402.216888 -52.010147 936.653320 ) (-412.819122 -41.407764 936.653137 ) (-412.727783 -42.919651 937.992615 ) (-404.641754 -51.005661 937.992615 ) 
4 579 749 (-379.889465 -80 941.992554 ) (-374.227478 -80 936.653870 ) (-396.217102 -58.010029 936.653442 ) (-405.883575 -54.005817 941.992432 ) 
3 579 746 (-410.487915 -80 970.843994 ) (-379.889465 -80 941.992554 ) (-412.455078 -47.434296 941.992371 ) 
5 579 632 (-386.055908 0 872.374268 ) (-415.320404 0 899.967834 ) (-414.252167 -17.684185 915.635193 ) (-394.410553 -37.525017 915.634521 ) (-386.029999 -38.031246 908.209839 ) 
3 579 630 (-394.410553 -37.525017 915.634521 ) (-386.024628 -45.910606 915.634277 ) (-386.029999 -38.031246 908.209839 ) 
6 579 628 (-351.933899 -80 915.633118 ) (-333.037811 -80 897.815857 ) (-333.076599 -22.886646 844 ) (-355.963470 0 844 ) (-386.055908 0 872.374268 ) (-386.024628 -45.910606 915.634277 ) 
4 580 621 (-260.062958 -14.240908 1037.588379 ) (-259.349121 -14.538725 1027.119141 ) (-259.586639 0 1030.602295 ) (-259.806183 0 1033.822388 ) 
4 580 614 (-259.345917 -14.537273 1027.118774 ) (-260.059784 -14.239429 1037.588745 ) (-280.007355 -34.186943 1037.588867 ) (-280.005585 -35.196892 1027.118774 ) 
3 580 606 (-280.005951 -35.194668 1027.119263 ) (-280.007721 -34.184814 1037.588257 ) (-290.398743 -24.318687 1032.132935 ) 
4 580 602 (-280.001526 -34.177315 1037.589844 ) (-271.784088 -25.959862 1037.589844 ) (-277.691925 -11.607368 1032.134155 ) (-280.004089 -13.919441 1032.134155 ) 
6 580 598 (-271.784088 -25.959862 1037.589844 ) (-260.062958 -14.238724 1037.589844 ) (-259.806213 0 1033.824463 ) (-265.520599 0 1032.285767 ) (-266.482330 -0.398270 1032.134033 ) (-277.691925 -11.607368 1032.134155 ) 
5 580 596 (-288.384888 -26.236944 1033.194336 ) (-280.011719 -34.187500 1037.589844 ) (-280.001526 -34.177315 1037.589844 ) (-280.004089 -13.919441 1032.134155 ) (-285.601898 -19.517021 1032.134155 ) 
3 580 593 (-290.404419 -24.319340 1032.134155 ) (-288.384888 -26.236944 1033.194336 ) (-285.601898 -19.517021 1032.134155 ) 
3 580 591 (-265.520599 0 1032.285767 ) (-266.084045 0 1032.134033 ) (-266.482330 -0.398270 1032.134033 ) 
4 580 588 (-271.447327 -26.642635 1027.119141 ) (-279.995087 -35.190399 1027.119141 ) (-279.997864 -13.919845 1032.133301 ) (-277.678070 -11.600071 1032.133301 ) 
5 580 583 (-259.347656 -14.542969 1027.119263 ) (-259.357697 -14.553005 1027.119263 ) (-274.399963 -8.322008 1032.133301 ) (-272.079590 -6.001655 1032.133301 ) (-259.487732 -6.002739 1029.165161 ) 
4 580 582 (-272.079590 -6.001655 1032.133301 ) (-266.077850 0 1032.133301 ) (-259.586182 0 1030.603271 ) (-259.487732 -6.002739 1029.165161 ) 
4 580 581 (-279.995087 -35.190399 1027.119141 ) (-280 -35.195313 1027.119141 ) (-290.394531 -24.316406 1032.133301 ) (-279.997864 -13.919845 1032.133301 ) 
4 581 606 (-280.005951 -35.195038 1027.115479 ) (-280.005951 -35.194668 1027.119263 ) (-290.398743 -24.318687 1032.132935 ) (-299.955688 -15.244493 1027.115601 ) 
3 581 596 (-285.601929 -19.517071 1032.134155 ) (-280 -13.914854 1032.134155 ) (-283.374573 -14.138741 1031.285645 ) 
4 581 593 (-299.967010 -15.239400 1027.114258 ) (-290.404419 -24.319340 1032.134155 ) (-285.601929 -19.517071 1032.134155 ) (-283.374573 -14.138741 1031.285645 ) 
5 581 588 (-283.353210 -14.144299 1031.288574 ) (-280.002808 -13.921875 1032.130859 ) (-280.001190 -35.191025 1027.116699 ) (-280.006409 -35.196491 1027.114136 ) (-288.517059 -26.686142 1027.114136 ) 
3 582 622 (-259.390625 0 1027.727417 ) (-259.586639 0 1030.602295 ) (-259.488617 -6 1029.164795 ) 
3 582 600 (-272.084564 -6 1032.134033 ) (-266.482330 -0.398280 1032.134033 ) (-271.860199 -2.625396 1031.285645 ) 
4 582 591 (-266.482330 -0.398280 1032.134033 ) (-266.084045 0 1032.134033 ) (-271.685669 0 1030.625610 ) (-271.860199 -2.625396 1031.285645 ) 
5 582 583 (-259.488556 -6 1029.165161 ) (-272.078125 -6 1032.132813 ) (-271.853790 -2.626057 1031.284546 ) (-265.511780 0 1029.170532 ) (-259.390533 0 1027.727661 ) 
5 583 622 (-259.349121 -14.538725 1027.119141 ) (-259.348938 -14.538807 1027.116211 ) (-259.348969 0 1027.116333 ) (-259.390625 0 1027.727417 ) (-259.488617 -6 1029.164795 ) 
3 583 600 (-274.402130 -8.317737 1032.134033 ) (-272.084564 -6 1032.134033 ) (-271.860535 -2.630357 1031.286865 ) 
3 584 699 (-274.347931 -30.849648 1013.540039 ) (-280.004578 -36.254337 1016.147522 ) (-285.586884 -30.671869 1016.147461 ) 
3 584 617 (-274.670868 -30.071539 1024.952271 ) (-280 -35.685558 1022.002563 ) (-274.586945 -30.272657 1022.002502 ) 
5 584 613 (-280 -35.685558 1022.002563 ) (-280.004730 -35.690662 1022 ) (-280.003723 -36.255211 1016.147156 ) (-274.346191 -30.849672 1013.539551 ) (-274.586945 -30.272657 1022.002502 ) 
4 584 608 (-280.004089 -36.252930 1016.148438 ) (-280.005096 -35.688446 1022 ) (-285.420532 -30.272797 1022 ) (-285.585022 -30.671856 1016.147644 ) 
3 584 589 (-285.421631 -30.272766 1022 ) (-280.005096 -35.689274 1022 ) (-274.672546 -30.071518 1024.952515 ) 
3 585 724 (-282.469788 0 1008.182251 ) (-274.245789 0 1006.243652 ) (-280.840973 -3.957058 1008.731140 ) 
4 585 702 (-265.849121 0 1004.264282 ) (-257.659119 0 1002.333679 ) (-257.906433 -15.140507 1005.961121 ) (-268.278351 -25.050415 1010.742188 ) 
5 585 701 (-267.630493 -18.369629 1009.014587 ) (-268.278351 -25.050415 1010.742188 ) (-271.031708 -27.681141 1012.011414 ) (-271.075867 -27.680443 1012.021667 ) (-275.160156 -17.758087 1010.645386 ) 
5 585 700 (-274.245789 0 1006.243652 ) (-265.849121 0 1004.264282 ) (-267.630493 -18.369629 1009.014587 ) (-275.160156 -17.758087 1010.645386 ) (-280.840973 -3.957058 1008.731140 ) 
4 585 587 (-271.073608 -27.682129 1012.019531 ) (-271.353882 -27.001465 1022.003906 ) (-280.001587 -5.992790 1029.997803 ) (-280.017334 -5.954333 1009.005981 ) 
4 585 586 (-280.001587 -5.992790 1029.997803 ) (-282.468353 0 1027.719604 ) (-282.468292 0 1008.180115 ) (-280.017334 -5.954333 1009.005981 ) 
3 586 727 (-294.519043 0 1011.022583 ) (-291.852264 0 1010.393921 ) (-291.760254 -1.132742 1010.639282 ) 
5 586 724 (-285.626434 0 1008.926331 ) (-282.469788 0 1008.182251 ) (-280.840973 -3.957029 1008.731140 ) (-282.482727 -4.942056 1009.350342 ) (-289.240143 -2.167489 1010.289185 ) 
4 586 721 (-291.852264 0 1010.393921 ) (-285.626434 0 1008.926331 ) (-289.240143 -2.167489 1010.289185 ) (-291.760254 -1.132742 1010.639282 ) 
3 586 700 (-280.840973 -3.957029 1008.731140 ) (-280.019135 -5.953592 1009.008057 ) (-282.482727 -4.942056 1009.350342 ) 
4 586 587 (-280.018127 -5.954918 1009.007813 ) (-280.002075 -5.993881 1030 ) (-294.571686 0 1024.462280 ) (-294.521240 0 1011.022034 ) 
5 587 727 (-295.986786 0 1011.368591 ) (-294.519043 0 1011.022583 ) (-291.760254 -1.132742 1010.639282 ) (-289.694702 -26.563946 1016.147400 ) (-294.194794 -22.063717 1016.147339 ) 
4 587 724 (-289.240143 -2.167489 1010.289185 ) (-282.482727 -4.942056 1009.350342 ) (-291.034119 -10.072866 1012.575623 ) (-291.563049 -3.560743 1011.165161 ) 
3 587 721 (-291.760254 -1.132742 1010.639282 ) (-289.240143 -2.167489 1010.289185 ) (-291.563049 -3.560743 1011.165161 ) 
5 587 701 (-275.160126 -17.758089 1010.645386 ) (-271.075867 -27.680443 1012.021667 ) (-288.859528 -27.399141 1016.147400 ) (-289.694702 -26.563946 1016.147400 ) (-290.511169 -16.511305 1013.970093 ) 
5 587 700 (-282.482727 -4.942056 1009.350342 ) (-280.019135 -5.953592 1009.008057 ) (-275.160126 -17.758089 1010.645386 ) (-290.511169 -16.511305 1013.970093 ) (-291.034119 -10.072866 1012.575623 ) 
4 587 694 (-301.634125 0 1012.699768 ) (-295.986786 0 1011.368591 ) (-294.194794 -22.063717 1016.147339 ) (-301.399078 -14.859230 1016.147217 ) 
3 588 616 (-271.452454 -26.643774 1027.118774 ) (-280.005585 -35.196892 1027.118774 ) (-280.005096 -35.481045 1024.172974 ) 
4 588 610 (-280.005463 -35.478798 1024.173828 ) (-280.005951 -35.195038 1027.115479 ) (-288.516296 -26.684338 1027.115479 ) (-288.516571 -26.685070 1027.104980 ) 
4 588 602 (-280.004089 -13.915159 1032.133057 ) (-280 -13.914854 1032.134155 ) (-277.682251 -11.597727 1032.134155 ) (-280.004242 -12.635232 1031.788330 ) 
4 588 596 (-283.350250 -14.137128 1031.291748 ) (-280.004089 -13.915159 1032.133057 ) (-280.004242 -12.635232 1031.788330 ) (-283.346802 -14.128752 1031.290405 ) 
3 588 589 (-274.702362 -30 1026 ) (-280.005829 -35.480091 1024.173340 ) (-285.309631 -30 1026 ) 
4 589 617 (-274.700684 -30 1026 ) (-280.005096 -35.481045 1024.172974 ) (-280.004730 -35.690662 1022 ) (-274.670868 -30.071539 1024.952271 ) 
4 589 611 (-280.005096 -35.688446 1022 ) (-280.005463 -35.478798 1024.173828 ) (-285.308075 -30 1026 ) (-285.420532 -30.272799 1022 ) 
3 590 627 (-300.413605 0 1030.601807 ) (-300.609680 0 1027.726196 ) (-300.511627 -6 1029.163940 ) 
4 590 624 (-300.489624 -7.347440 1029.486694 ) (-300.298798 0 1032.285767 ) (-300.413605 0 1030.601807 ) (-300.511627 -6 1029.163940 ) 
4 590 603 (-282.469788 0 1032.287231 ) (-286.004395 0 1032.287354 ) (-284.693115 -1.311023 1031.787842 ) (-282.305908 -0.398147 1032.135498 ) 
3 590 599 (-281.264740 0 1032.287109 ) (-282.469788 0 1032.287231 ) (-282.305908 -0.398147 1032.135498 ) 
4 590 594 (-286.004395 0 1032.287354 ) (-293.262329 0 1032.287842 ) (-296.956665 -6 1030.002075 ) (-284.693115 -1.311023 1031.787842 ) 
4 590 593 (-293.262329 0 1032.287842 ) (-300.297668 0 1032.288330 ) (-300.488586 -7.351264 1029.487793 ) (-296.956665 -6 1030.002075 ) 
4 590 592 (-288.173218 -2.637614 1031.281128 ) (-300.489502 -7.346184 1029.487427 ) (-300.609528 0 1027.727173 ) (-294.576965 0 1029.149414 ) 
3 591 601 (-271.857025 -2.627042 1031.285400 ) (-274.401184 -0.401480 1032.133789 ) (-277.681732 -0.401632 1032.133911 ) 
3 591 600 (-271.857025 -2.627042 1031.285400 ) (-266.482269 -0.401112 1032.133301 ) (-274.401184 -0.401480 1032.133789 ) 
4 591 599 (-266.482269 -0.401112 1032.133301 ) (-266.729706 0 1032.286255 ) (-278.732941 0 1032.286987 ) (-277.681732 -0.401632 1032.133911 ) 
3 591 598 (-266.482269 -0.401112 1032.133301 ) (-265.513733 0 1032.286133 ) (-266.729706 0 1032.286255 ) 
5 592 627 (-300.651245 -13.570208 1027.116089 ) (-300.608215 -11.913887 1027.747070 ) (-300.511627 -6 1029.163940 ) (-300.609680 0 1027.726196 ) (-300.651276 0 1027.116211 ) 
3 592 624 (-300.608215 -11.913887 1027.747070 ) (-300.489624 -7.347440 1029.486694 ) (-300.511627 -6 1029.163940 ) 
5 592 595 (-288.158722 -2.643577 1031.280396 ) (-288.167908 -2.639795 1031.281860 ) (-296.956665 -6 1030.002075 ) (-300.607544 -11.930738 1027.743164 ) (-300.650269 -13.575980 1027.116455 ) 
3 592 593 (-296.956665 -6 1030.002075 ) (-300.488586 -7.351264 1029.487793 ) (-300.607544 -11.930738 1027.743164 ) 
5 593 624 (-300.651306 -14.550894 1027.115234 ) (-299.936798 -14.256332 1037.594971 ) (-299.936798 0 1037.595093 ) (-300.298798 0 1032.285767 ) (-300.608246 -11.914192 1027.747070 ) 
4 593 606 (-299.936646 -14.254453 1037.594971 ) (-300.651154 -14.549005 1027.115601 ) (-299.955688 -15.244491 1027.115601 ) (-288.380402 -26.235067 1033.192627 ) 
3 593 604 (-287.706543 -9.194480 1032.936157 ) (-285.598206 -8.320883 1032.133057 ) (-286.485352 -6 1032.471069 ) 
5 593 603 (-288.779144 0 1033.344849 ) (-299.936707 0 1037.595215 ) (-299.936768 -14.262146 1037.595093 ) (-287.706543 -9.194480 1032.936157 ) (-286.485352 -6 1032.471069 ) 
4 593 597 (-299.936768 -14.262146 1037.595093 ) (-288.384766 -26.238281 1033.194336 ) (-283.374176 -14.138594 1031.285767 ) (-285.598206 -8.320883 1032.133057 ) 
5 593 595 (-300.608124 -11.916848 1027.747681 ) (-296.966827 -6.002908 1030 ) (-286.485168 -6.001979 1032.471436 ) (-285.598663 -8.320911 1032.133789 ) (-300.651154 -14.550920 1027.116577 ) 
4 593 594 (-296.966827 -6.002908 1030 ) (-293.270721 0 1032.286865 ) (-288.779694 0 1033.345581 ) (-286.485168 -6.001979 1032.471436 ) 
4 594 603 (-284.692780 -1.311128 1031.788086 ) (-286.003906 0 1032.287598 ) (-288.779144 0 1033.344849 ) (-286.485291 -6 1032.470947 ) 
4 594 595 (-286.484375 -5.997005 1032.470703 ) (-296.958984 -5.997183 1030.001099 ) (-288.149506 -2.627990 1031.283447 ) (-285.599152 -3.682875 1032.133545 ) 
3 595 627 (-300.651306 -14.550894 1027.115234 ) (-300.608246 -11.914192 1027.747070 ) (-300.651245 -13.570303 1027.116089 ) 
3 595 605 (-285.599487 -3.683085 1032.133545 ) (-286.485291 -6 1032.470947 ) (-285.599518 -8.317434 1032.133545 ) 
4 596 606 (-280.007721 -34.184814 1037.588257 ) (-280.007721 -34.184319 1037.593384 ) (-288.235199 -25.956512 1037.593384 ) (-288.352905 -26.261189 1033.207031 ) 
5 596 602 (-288.235474 -25.957153 1037.595215 ) (-280.007477 -34.184723 1037.595703 ) (-279.996887 -34.174675 1037.590088 ) (-279.998688 -12.636072 1031.787964 ) (-282.307465 -11.604380 1032.131958 ) 
4 596 597 (-288.236328 -25.960938 1037.591797 ) (-282.310181 -11.610456 1032.129883 ) (-283.349304 -14.133446 1031.288818 ) (-288.353821 -26.262096 1033.207397 ) 
4 597 606 (-288.235199 -25.956512 1037.593384 ) (-299.932465 -14.258784 1037.593384 ) (-288.380402 -26.235067 1033.192627 ) (-288.352905 -26.261189 1033.207031 ) 
4 597 604 (-285.595886 -8.322083 1032.133301 ) (-287.705139 -9.195998 1032.936768 ) (-286.817383 -22.523697 1036.288330 ) (-282.309052 -11.608235 1032.133423 ) 
4 597 603 (-287.705139 -9.195998 1032.936768 ) (-299.931519 -14.261683 1037.594482 ) (-288.235474 -25.957153 1037.595215 ) (-286.817383 -22.523697 1036.288330 ) 
4 598 771 (-261.691284 -13.561394 1061.472290 ) (-261.936035 0 1065.061646 ) (-282.469788 0 1059.526978 ) (-272.291107 -24.728115 1055.605347 ) 
4 598 621 (-261.936127 0 1065.061523 ) (-261.691406 -13.561491 1061.472046 ) (-260.062958 -14.240908 1037.588379 ) (-259.806183 0 1033.822388 ) 
4 598 614 (-260.059784 -14.239429 1037.588745 ) (-261.688293 -13.559975 1061.473389 ) (-272.290588 -24.729309 1055.605103 ) (-271.782959 -25.962570 1037.588867 ) 
4 598 603 (-280.021942 -5.945299 1058.584351 ) (-282.469299 0 1059.527222 ) (-282.469025 0 1035.996338 ) (-280 -6 1034 ) 
5 598 602 (-277.689819 -11.610125 1032.132935 ) (-271.782745 -25.960718 1037.588379 ) (-272.290405 -24.727390 1055.605713 ) (-280.021942 -5.945299 1058.584351 ) (-280 -6 1034 ) 
4 598 600 (-279.994904 -6.014601 1033.998291 ) (-279.998962 -6.004731 1034.001587 ) (-266.477234 -0.403877 1032.134644 ) (-274.403748 -8.329952 1032.134521 ) 
5 598 599 (-279.998962 -6.004731 1034.001587 ) (-282.470673 0 1036 ) (-266.714508 0 1032.285767 ) (-266.470093 -0.396736 1032.134644 ) (-266.477234 -0.403877 1032.134644 ) 
4 599 603 (-282.468994 0 1032.285767 ) (-282.304291 -0.400087 1032.133301 ) (-280 -6 1034 ) (-282.469025 0 1035.996338 ) 
4 599 601 (-279.998077 -5.993261 1034 ) (-280.001221 -5.985659 1033.996826 ) (-277.687592 -0.397949 1032.134277 ) (-274.403442 -0.398092 1032.134399 ) 
4 599 600 (-266.480469 -0.398438 1032.134766 ) (-279.996094 -5.998047 1034 ) (-279.998077 -5.993261 1034 ) (-274.403442 -0.398092 1032.134399 ) 
3 600 601 (-280.001160 -5.997265 1034 ) (-274.403870 -0.399968 1032.133423 ) (-271.857605 -2.627670 1031.284668 ) 
5 602 771 (-287.867157 -25.003485 1051.332764 ) (-284.597870 -28.272863 1051.332764 ) (-275.494110 -28.102428 1053.832520 ) (-272.291107 -24.728115 1055.605347 ) (-280.022247 -5.946041 1058.583984 ) 
3 602 765 (-284.597870 -28.272863 1051.332764 ) (-280.010498 -32.860374 1051.332642 ) (-275.494110 -28.102428 1053.832520 ) 
4 602 614 (-272.290588 -24.729309 1055.605103 ) (-280.009674 -32.861214 1051.332642 ) (-280.007355 -34.186943 1037.588867 ) (-271.782959 -25.962570 1037.588867 ) 
4 602 606 (-280.007721 -34.184319 1037.593384 ) (-280.010040 -32.858971 1051.333130 ) (-287.866577 -25.002113 1051.333252 ) (-288.235199 -25.956511 1037.593384 ) 
3 602 604 (-280 -6 1034 ) (-282.308502 -11.605671 1032.131470 ) (-286.820190 -22.529297 1036.288940 ) 
6 602 603 (-280.021240 -5.942312 1058.585327 ) (-279.998993 -5.996381 1034.001221 ) (-280 -6 1034 ) (-286.820190 -22.529297 1036.288940 ) (-288.236115 -25.957472 1037.593750 ) (-287.867523 -25.003138 1051.332764 ) 
5 603 771 (-282.469788 0 1059.526978 ) (-298.740356 0 1055.141479 ) (-299 -13.870261 1051.332886 ) (-287.867157 -25.003485 1051.332764 ) (-280.022247 -5.946041 1058.583984 ) 
4 603 624 (-299.936798 -14.256332 1037.594971 ) (-299 -13.870174 1051.333618 ) (-298.740387 0 1055.142212 ) (-299.936798 0 1037.595093 ) 
5 603 606 (-287.866577 -25.002113 1051.333252 ) (-299 -13.868293 1051.333496 ) (-299.936646 -14.254453 1037.594971 ) (-299.932465 -14.258784 1037.593384 ) (-288.235199 -25.956511 1037.593384 ) 
3 603 605 (-280.001587 -6 1034 ) (-286.486115 -6 1032.470947 ) (-285.599792 -3.681029 1032.133301 ) 
5 603 604 (-280.001587 -6 1034 ) (-280 -6.003906 1034 ) (-286.819672 -22.533102 1036.290039 ) (-287.706970 -9.193139 1032.936035 ) (-286.486115 -6 1032.470947 ) 
3 604 605 (-286.483795 -6.004810 1032.470093 ) (-280.003906 -6.004699 1033.998047 ) (-285.598724 -8.320287 1032.132935 ) 
3 606 771 (-299 -13.870261 1051.332886 ) (-299.274841 -28.547646 1047.302612 ) (-284.597870 -28.272863 1051.332642 ) 
4 606 765 (-299.274841 -28.547646 1047.302612 ) (-299.744812 -53.650169 1040.409668 ) (-280.010498 -32.860374 1051.332642 ) (-284.597870 -28.272863 1051.332642 ) 
3 606 668 (-291.629883 -47.361847 1021.506409 ) (-300.747131 -56.072983 1025.709106 ) (-301.033691 -37.958153 1021.506348 ) 
5 606 624 (-301.033905 -37.968037 1021.504028 ) (-300.747498 -56.073795 1025.704590 ) (-299.744812 -53.650089 1040.410522 ) (-299 -13.870174 1051.333618 ) (-300.651306 -14.550894 1027.115234 ) 
6 606 616 (-300.650116 -55.841408 1027.118652 ) (-300.746338 -56.073971 1025.707520 ) (-292.707764 -48.393433 1022.002502 ) (-290.600769 -46.286461 1022.002502 ) (-280.005585 -35.197254 1027.114990 ) (-280.005585 -35.196892 1027.118774 ) 
4 606 614 (-280.009674 -32.861214 1051.332642 ) (-299.743896 -53.650875 1040.409790 ) (-300.650116 -55.841408 1027.118652 ) (-280.005585 -35.196892 1027.118774 ) 
3 606 613 (-292.707764 -48.393433 1022.002502 ) (-291.630127 -47.363800 1021.505798 ) (-290.600769 -46.286461 1022.002502 ) 
4 606 610 (-288.519318 -26.691612 1027.114624 ) (-280.007813 -35.203125 1027.114624 ) (-282.310822 -37.613503 1026.003418 ) (-289.893951 -30.030312 1026.003418 ) 
4 606 609 (-282.310822 -37.613503 1026.003418 ) (-291.630463 -47.367710 1021.506409 ) (-301.034180 -37.964272 1021.506409 ) (-300.727997 -19.196188 1026.003540 ) 
4 607 668 (-282.313690 -38.460609 1017.211914 ) (-285.773865 -41.766655 1018.806946 ) (-301.217743 -26.323181 1018.806946 ) (-301.326508 -19.447750 1017.211792 ) 
3 607 625 (-301.326874 -19.447823 1017.207275 ) (-301.217957 -26.332233 1018.804443 ) (-301.087189 -19.347618 1020.722412 ) 
3 607 613 (-285.773804 -41.768318 1018.806580 ) (-282.312866 -38.461514 1017.211426 ) (-282.312775 -38.122154 1020.722290 ) 
4 607 609 (-301.087128 -19.347561 1020.723633 ) (-301.217957 -26.328140 1018.806702 ) (-285.776733 -41.769165 1018.806763 ) (-282.313873 -38.120918 1020.723572 ) 
4 607 608 (-290.069519 -30.360155 1020.719177 ) (-282.308594 -38.121094 1020.719177 ) (-282.308685 -38.460354 1017.209290 ) (-290.169617 -30.599415 1017.209961 ) 
4 608 733 (-280.004578 -36.254337 1016.147522 ) (-282.313690 -38.460609 1017.211914 ) (-290.174988 -30.599289 1017.211853 ) (-285.586884 -30.671867 1016.147461 ) 
4 608 613 (-282.312866 -38.461514 1017.211426 ) (-280.003723 -36.255211 1016.147156 ) (-280.004730 -35.690662 1022 ) (-282.312775 -38.122154 1020.722290 ) 
4 608 611 (-280.007813 -35.691406 1022 ) (-285.426239 -30.272821 1022 ) (-290.074890 -30.359856 1020.723572 ) (-282.313873 -38.120918 1020.723572 ) 
4 609 668 (-285.773865 -41.766655 1018.806946 ) (-291.629883 -47.361847 1021.506409 ) (-301.033691 -37.958153 1021.506348 ) (-301.217743 -26.323181 1018.806946 ) 
4 609 625 (-301.217957 -26.332233 1018.804443 ) (-301.033905 -37.968037 1021.504028 ) (-300.727203 -19.197134 1026.001953 ) (-301.087189 -19.347618 1020.722412 ) 
3 609 617 (-282.312744 -37.998409 1022.002502 ) (-282.312683 -37.865437 1023.378174 ) (-286.306885 -41.992569 1022.002502 ) 
4 609 616 (-282.312683 -37.865437 1023.378174 ) (-282.312592 -37.611843 1026.001831 ) (-290.600800 -46.286472 1022.002502 ) (-286.306885 -41.992569 1022.002502 ) 
5 609 613 (-291.630127 -47.363800 1021.505798 ) (-285.773804 -41.768318 1018.806580 ) (-282.312775 -38.122154 1020.722290 ) (-282.312744 -37.998409 1022.002502 ) (-290.600800 -46.286472 1022.002502 ) 
4 609 611 (-282.308594 -38.121094 1020.719177 ) (-290.034729 -30.394915 1020.719177 ) (-289.894745 -30.032335 1025.989258 ) (-282.310547 -37.865540 1023.378174 ) 
4 609 610 (-289.894745 -30.032335 1025.989258 ) (-289.894379 -30.031393 1026.002930 ) (-282.312500 -37.613281 1026.002930 ) (-282.310547 -37.865540 1023.378174 ) 
4 610 616 (-280.005096 -35.481041 1024.172974 ) (-280.005585 -35.197254 1027.114990 ) (-282.312592 -37.611843 1026.001831 ) (-282.312683 -37.865440 1023.378174 ) 
5 610 611 (-282.311340 -37.862282 1023.379883 ) (-289.894531 -30.027344 1025.992188 ) (-289.883270 -30 1026.001343 ) (-285.309906 -30 1026.001099 ) (-280.005920 -35.480110 1024.173950 ) 
4 611 617 (-280.004730 -35.690395 1022.002563 ) (-280.005096 -35.481041 1024.172974 ) (-282.312683 -37.865440 1023.378174 ) (-282.312744 -37.998409 1022.002502 ) 
4 611 613 (-282.312775 -38.122154 1020.722290 ) (-280.004730 -35.690662 1022 ) (-280.004730 -35.690395 1022.002563 ) (-282.312744 -37.998409 1022.002502 ) 
4 612 733 (-269.426392 -46.832752 1016.147766 ) (-273.658325 -47.116013 1017.212097 ) (-279.994934 -40.779373 1017.212036 ) (-277.685944 -38.572979 1016.147644 ) 
4 612 695 (-257.981628 -19.744116 1007.064087 ) (-258.412109 -46.095528 1013.377563 ) (-269.426392 -46.832752 1016.147766 ) (-277.685944 -38.572979 1016.147644 ) 
3 612 668 (-273.658325 -47.116013 1017.212097 ) (-287.602966 -48.049377 1020.719238 ) (-279.994934 -40.779373 1017.212036 ) 
3 612 618 (-258.412109 -46.099083 1013.376587 ) (-257.981598 -19.744232 1007.062439 ) (-258.912781 -19.358835 1020.719421 ) 
3 612 615 (-287.604889 -48.051308 1020.718933 ) (-258.407959 -46.093750 1013.376953 ) (-258.908630 -19.354710 1020.719116 ) 
3 612 613 (-287.597015 -48.046249 1020.715576 ) (-269.911163 -30.360394 1020.715698 ) (-269.678040 -30.923607 1012.455200 ) 
4 613 733 (-277.685944 -38.572990 1016.147583 ) (-279.994934 -40.779381 1017.212036 ) (-282.313690 -38.460621 1017.211975 ) (-280.004547 -36.254326 1016.147522 ) 
4 613 699 (-269.680756 -30.923462 1012.457275 ) (-277.685944 -38.572990 1016.147583 ) (-280.004547 -36.254326 1016.147522 ) (-274.347900 -30.849640 1013.540039 ) 
4 613 668 (-279.994934 -40.779381 1017.212036 ) (-287.602966 -48.049377 1020.719238 ) (-292.707031 -48.391010 1022.002930 ) (-282.313690 -38.460621 1017.211975 ) 
4 613 617 (-274.585205 -30.272709 1022.001709 ) (-286.307617 -41.995132 1022.001648 ) (-285.396820 -45.843220 1020.718933 ) (-269.913940 -30.360167 1020.719055 ) 
4 613 616 (-286.307617 -41.995132 1022.001648 ) (-292.705780 -48.393307 1022.001648 ) (-287.604889 -48.051308 1020.718933 ) (-285.396820 -45.843220 1020.718933 ) 
4 614 802 (-260.492340 -80 1043.887573 ) (-300.238098 -80 1033.174561 ) (-300.368713 -80 1031.258789 ) (-258.965851 -80 1021.499023 ) 
3 614 771 (-261.433624 -27.839195 1057.693237 ) (-261.691284 -13.561394 1061.472290 ) (-275.494080 -28.102430 1053.832397 ) 
5 614 765 (-300.238129 -80 1033.174316 ) (-260.492310 -80 1043.887329 ) (-261.433624 -27.839195 1057.693237 ) (-275.494080 -28.102430 1053.832397 ) (-299.744812 -53.650169 1040.409668 ) 
3 614 733 (-258.622833 -58.995312 1016.468201 ) (-258.673553 -62.100822 1017.212219 ) (-261.779053 -58.995312 1017.212219 ) 
5 614 668 (-258.673553 -62.100822 1017.212219 ) (-258.965942 -80 1021.500610 ) (-300.368622 -80 1031.260376 ) (-300.700897 -58.995323 1026.387085 ) (-261.779053 -58.995312 1017.212219 ) 
5 614 624 (-300.701111 -59.005447 1026.384766 ) (-300.369019 -80 1031.255615 ) (-300.238129 -80 1033.175171 ) (-299.744812 -53.650089 1040.410522 ) (-300.651062 -55.840691 1027.119019 ) 
4 614 621 (-261.691406 -13.561491 1061.472046 ) (-261.606903 -18.243694 1060.232788 ) (-259.272858 -19.209820 1026 ) (-259.349152 -14.538726 1027.119141 ) 
5 614 620 (-261.606903 -18.243694 1060.232788 ) (-260.492432 -80 1043.887329 ) (-258.965912 -80 1021.498718 ) (-258.622833 -59 1016.467285 ) (-259.272858 -19.209820 1026 ) 
5 614 616 (-300.702209 -58.996094 1026.386719 ) (-300.652344 -55.843750 1027.118164 ) (-271.453949 -26.645365 1027.118286 ) (-270.064362 -30.001503 1026 ) (-299.058655 -58.996151 1026 ) 
3 614 615 (-259.275299 -19.212305 1026 ) (-258.625397 -58.997597 1016.467773 ) (-299.058655 -58.996151 1026 ) 
5 615 733 (-258.600983 -57.658470 1016.147888 ) (-258.622833 -58.995312 1016.468201 ) (-261.779053 -58.995312 1017.212219 ) (-273.658325 -47.116013 1017.212097 ) (-269.426392 -46.832752 1016.147766 ) 
3 615 695 (-258.412109 -46.095528 1013.377563 ) (-258.600983 -57.658470 1016.147888 ) (-269.426392 -46.832752 1016.147766 ) 
4 615 668 (-261.779053 -58.995312 1017.212219 ) (-299.057861 -58.995323 1026 ) (-287.602966 -48.049377 1020.719238 ) (-273.658325 -47.116013 1017.212097 ) 
4 615 620 (-258.622833 -59 1016.467285 ) (-258.412109 -46.099083 1013.376587 ) (-258.912781 -19.358835 1020.719421 ) (-259.272858 -19.209820 1026 ) 
4 615 617 (-269.914764 -30.360222 1020.718262 ) (-285.400055 -45.845688 1020.718140 ) (-270.070160 -30.008682 1025.997070 ) (-270.061768 -30 1025.997070 ) 
4 615 616 (-285.400055 -45.845688 1020.718140 ) (-287.604248 -48.049904 1020.718140 ) (-299.053345 -58.994579 1025.996948 ) (-270.070160 -30.008682 1025.997070 ) 
5 616 668 (-299.057861 -58.995323 1026 ) (-300.700897 -58.995323 1026.387085 ) (-300.747131 -56.072983 1025.709106 ) (-292.707031 -48.391010 1022.002930 ) (-287.602966 -48.049377 1020.719238 ) 
3 616 624 (-300.747498 -56.073795 1025.704590 ) (-300.701111 -59.005447 1026.384766 ) (-300.651062 -55.840691 1027.119019 ) 
4 616 617 (-270.070251 -30 1026 ) (-285.399292 -45.838249 1020.721252 ) (-286.309174 -41.993156 1022.002930 ) (-274.702362 -30 1026 ) 
6 618 695 (-237.319489 0 997.539063 ) (-176 0 983.084351 ) (-176 -18.028923 987.334351 ) (-190.085724 -41.522583 996.193054 ) (-258.412109 -46.095501 1013.377563 ) (-257.981659 -19.744127 1007.064087 ) 
6 618 620 (-258.911865 -19.357924 1020.719299 ) (-258.411224 -46.098389 1013.376465 ) (-190.086426 -41.525116 996.192444 ) (-176 -27.438782 996.192505 ) (-176 0 1003.588684 ) (-239.554184 0 1020.719421 ) 
4 618 619 (-237.316177 0 997.537292 ) (-254.602676 -16.518438 1005.506042 ) (-255.639709 -16.088894 1020.715759 ) (-239.551025 0 1020.715881 ) 
3 619 698 (-254.332932 0 1001.549622 ) (-237.319489 0 997.539063 ) (-254.602707 -16.515306 1005.506409 ) 
4 619 623 (-255.639954 -16.085964 1020.719299 ) (-240.158295 -0.604112 1020.719421 ) (-242.711151 0 1021.570374 ) (-255.941147 0 1025.136475 ) 
3 619 622 (-240.158295 -0.604112 1020.719421 ) (-239.554184 0 1020.719421 ) (-242.711151 0 1021.570374 ) 
5 620 802 (-213.154449 -80 1010.700073 ) (-208 -80 1015.553589 ) (-208 -80 1058.036255 ) (-260.492340 -80 1043.887573 ) (-258.965851 -80 1021.499023 ) 
5 620 771 (-196.674026 -26.626785 1075.475220 ) (-200.261932 0 1081.685181 ) (-244.287521 0 1069.818604 ) (-261.606812 -18.243582 1060.232910 ) (-261.433655 -27.839199 1057.693115 ) 
4 620 765 (-260.492310 -80 1043.887329 ) (-189.482086 -80 1063.027466 ) (-196.674026 -26.626785 1075.475220 ) (-261.433655 -27.839199 1057.693115 ) 
4 620 733 (-236.260071 -80 1016.148193 ) (-240.774460 -80 1017.212341 ) (-258.673553 -62.100834 1017.212219 ) (-258.600983 -57.658463 1016.147888 ) 
5 620 695 (-190.085724 -41.522583 996.193054 ) (-213.155029 -80 1010.701660 ) (-236.260071 -80 1016.148193 ) (-258.600983 -57.658463 1016.147888 ) (-258.412109 -46.095501 1013.377563 ) 
3 620 668 (-240.774460 -80 1017.212341 ) (-258.965942 -80 1021.500610 ) (-258.673553 -62.100834 1017.212219 ) 
4 620 623 (-240.147598 -0.596029 1020.715881 ) (-255.639725 -16.088800 1020.715759 ) (-256 -15.939684 1026 ) (-255.998260 -15.937971 1026 ) 
4 620 622 (-239.551590 0 1020.715881 ) (-240.147598 -0.596029 1020.715881 ) (-255.998260 -15.937971 1026 ) (-240.060898 0 1026 ) 
4 620 621 (-259.270416 -19.210258 1026 ) (-261.604553 -18.244085 1060.233521 ) (-244.284805 0 1069.819458 ) (-240.060898 0 1026 ) 
3 621 771 (-244.287521 0 1069.818604 ) (-261.936035 0 1065.061646 ) (-261.606812 -18.243582 1060.232910 ) 
4 621 622 (-240.062500 0 1026 ) (-256.001190 -15.938700 1026 ) (-259.349579 -14.552125 1027.116577 ) (-259.587402 0 1030.602905 ) 
4 622 623 (-240.152344 -0.605469 1020.716797 ) (-256 -15.945313 1026 ) (-256 0 1026 ) (-242.710999 0 1021.569702 ) 
3 624 802 (-300.238098 -80 1033.174561 ) (-304.090576 -80 1032.136108 ) (-300.368713 -80 1031.258789 ) 
6 624 771 (-299.274841 -28.547653 1047.302612 ) (-298.740356 0 1055.141479 ) (-371.420654 0 1035.551270 ) (-380.397522 -3.694353 1032.135864 ) (-372.573853 -11.517884 1032.135864 ) (-329.699890 -29.117260 1038.948242 ) 
3 624 769 (-372.573853 -11.517884 1032.135864 ) (-354.509644 -29.581739 1032.135864 ) (-329.699890 -29.117260 1038.948242 ) 
4 624 765 (-304.090393 -80 1032.135986 ) (-300.238129 -80 1033.174316 ) (-299.274841 -28.547653 1047.302612 ) (-354.509644 -29.581739 1032.135864 ) 
3 624 761 (-371.420654 0 1035.551270 ) (-384.091949 0 1032.135864 ) (-380.397522 -3.694353 1032.135864 ) 
4 624 672 (-356.807037 -5.996633 1027.119141 ) (-350.530853 0 1024.226074 ) (-348.457642 0 1023.737366 ) (-352.058197 -5.996521 1026 ) 
4 624 671 (-365.371338 -18.717510 1032.136719 ) (-367.692078 -16.396820 1032.136719 ) (-356.807037 -5.996633 1027.119141 ) (-352.058197 -5.996521 1026 ) 
3 624 670 (-348.457642 0 1023.737366 ) (-345.782562 0 1023.106750 ) (-352.058197 -5.996521 1026 ) 
6 624 668 (-304.087341 -80 1032.136963 ) (-365.371338 -18.717510 1032.136719 ) (-345.782562 0 1023.106750 ) (-338.992737 0 1021.506226 ) (-301.033661 -37.958149 1021.506348 ) (-300.368622 -80 1031.260376 ) 
5 624 657 (-378.092438 -5.996720 1032.136719 ) (-380.402130 -3.687090 1032.136719 ) (-371.451233 0 1029.157593 ) (-350.530853 0 1024.226074 ) (-356.807037 -5.996634 1027.119141 ) 
3 624 649 (-367.692078 -16.396820 1032.136719 ) (-378.092438 -5.996720 1032.136719 ) (-356.807037 -5.996634 1027.119141 ) 
5 624 627 (-300.414490 0 1030.601074 ) (-300.652130 -14.544494 1027.115845 ) (-303.996429 -15.927974 1026.001221 ) (-304 -15.924500 1026.001221 ) (-303.739777 0 1029.817139 ) 
3 624 626 (-304 -15.924500 1026.001221 ) (-319.924347 0 1026.001343 ) (-303.739777 0 1029.817139 ) 
4 624 625 (-300.728119 -19.196314 1026.001221 ) (-301.034668 -37.960938 1021.504883 ) (-338.996307 0 1021.504822 ) (-319.924347 0 1026.001343 ) 
4 625 668 (-338.992737 0 1021.506226 ) (-320.774200 0 1017.211609 ) (-301.326477 -19.447781 1017.211792 ) (-301.033661 -37.958149 1021.506348 ) 
4 625 626 (-319.921875 0 1026.002441 ) (-304 -15.922013 1026.002319 ) (-304.599365 -16.172626 1017.209839 ) (-320.771912 0 1017.209717 ) 
3 626 693 (-320.774200 0 1017.211609 ) (-304.855072 0 1013.459045 ) (-304.599213 -16.175024 1017.211731 ) 
3 626 627 (-304 -15.924316 1026 ) (-304 0 1026 ) (-303.739838 0 1029.815674 ) 
4 628 802 (-333.034576 -80 897.818298 ) (-320.040375 -80 910.053894 ) (-348.781738 -80 948.375671 ) (-351.933411 -80 915.638123 ) 
3 628 754 (-358.750793 -68.751144 961.667725 ) (-359.097015 -68.360504 962.129333 ) (-360.694427 -67.028671 959.371094 ) 
5 628 753 (-386.021698 -45.912254 915.638611 ) (-351.932617 -80 915.637329 ) (-348.781219 -80 948.374939 ) (-358.750793 -68.751144 961.667725 ) (-360.694427 -67.028671 959.371094 ) 
4 628 736 (-306.542847 -47.392117 892.059143 ) (-286.926819 0 865.904419 ) (-330.801056 0 924.403503 ) (-343.998322 -31.884459 942 ) 
6 628 662 (-353.001495 -75.240311 954.004028 ) (-348.783081 -80 948.379456 ) (-320.039551 -80 910.054749 ) (-306.542847 -47.392117 892.059143 ) (-343.998322 -31.884459 942 ) (-353.001495 -53.636055 954.004028 ) 
3 628 660 (-359.096985 -68.362686 962.131348 ) (-353.001495 -75.240311 954.004028 ) (-353.001495 -53.636055 954.004028 ) 
4 628 648 (-367.777222 -49.994259 936.658447 ) (-339.990021 -22.207184 936.658569 ) (-336.987701 -14.953617 932.655457 ) (-369.026001 -46.992359 932.655884 ) 
5 628 646 (-336.987701 -14.953617 932.655457 ) (-330.798279 0 924.402893 ) (-340.043823 0 915.697327 ) (-374.317108 -34.273331 915.697205 ) (-369.026001 -46.992359 932.655884 ) 
4 628 642 (-385.986633 -45.942852 915.697144 ) (-373.846954 -56.063972 936.658447 ) (-367.777222 -49.994259 936.658447 ) (-374.317108 -34.273331 915.697205 ) 
5 628 641 (-373.069183 -56.712402 938.001343 ) (-372.934570 -56.824642 938.233826 ) (-366.113098 -54.001160 941.998413 ) (-366.111176 -54 941.998413 ) (-367.358215 -51.001396 938.001343 ) 
4 628 640 (-373.846954 -56.063972 936.658447 ) (-373.069183 -56.712402 938.001343 ) (-367.355804 -50.998997 938.001343 ) (-369.789154 -52.006187 936.658447 ) 
4 628 639 (-367.355804 -50.998997 938.001343 ) (-340.997009 -24.640053 938.001221 ) (-339.990021 -22.207184 936.658569 ) (-369.789154 -52.006187 936.658447 ) 
3 628 638 (-372.934570 -56.824642 938.233826 ) (-370.754303 -58.642395 941.998474 ) (-366.113098 -54.001160 941.998413 ) 
3 628 634 (-370.754303 -58.642395 941.998474 ) (-359.094513 -68.363426 962.131226 ) (-343.994781 -31.882618 941.998230 ) 
4 628 632 (-386.051178 0 872.377197 ) (-386.025330 -38.031155 908.211182 ) (-377.564545 -37.520744 915.697205 ) (-340.043823 0 915.697327 ) 
4 628 630 (-386.025330 -38.031155 908.211182 ) (-386.019989 -45.915054 915.639587 ) (-385.986633 -45.942852 915.697144 ) (-377.564545 -37.520744 915.697205 ) 
3 629 754 (-385.993835 -41.814533 958.494873 ) (-385.996582 -40.353882 973.639404 ) (-390.215240 -36.135410 973.639221 ) 
5 629 748 (-385.997375 -39.931694 978.016785 ) (-386.001007 -38.004234 998.001343 ) (-391.876343 -31.374979 1005.835144 ) (-392.545776 -33 982 ) (-391.435333 -34.493992 978.016357 ) 
4 629 744 (-385.996582 -40.353882 973.639404 ) (-385.997375 -39.931694 978.016785 ) (-391.435333 -34.493992 978.016357 ) (-390.215240 -36.135410 973.639221 ) 
3 629 650 (-391.878693 -31.374626 1005.840271 ) (-386.002228 -38.005123 998.005005 ) (-379.665619 -32.484905 989.556213 ) 
3 629 643 (-385.998840 -40.354549 973.617188 ) (-385.996002 -41.812702 958.499817 ) (-381.787994 -36.143711 973.617126 ) 
5 629 636 (-379.454559 -33 982 ) (-379.669708 -32.484669 989.559692 ) (-386.003448 -38.002251 998.004639 ) (-385.998840 -40.354549 973.617188 ) (-381.787994 -36.143711 973.617126 ) 
3 630 758 (-385.990906 -43.372639 942.339966 ) (-385.992126 -42.727356 949.030457 ) (-389.241180 -39 954 ) 
5 630 756 (-385.988556 -44.612667 929.482910 ) (-385.990906 -43.372639 942.339966 ) (-389.241180 -39 954 ) (-393.163666 -34.500088 960 ) (-394.296478 -37.250137 919.666138 ) 
5 630 753 (-394.409576 -37.524719 915.638916 ) (-386.021698 -45.912254 915.638611 ) (-385.986053 -45.941975 915.700134 ) (-385.988556 -44.612667 929.482910 ) (-394.296478 -37.250137 919.666138 ) 
4 630 646 (-377.680420 -37.250137 919.666199 ) (-378.828400 -34.500095 960 ) (-385.994232 -42.725891 949.032349 ) (-385.990540 -44.611671 929.481506 ) 
4 630 642 (-385.987946 -45.940979 915.699951 ) (-377.567535 -37.520561 915.699951 ) (-377.680420 -37.250137 919.666199 ) (-385.990540 -44.611671 929.481506 ) 
5 630 632 (-378.819580 -34.500607 960 ) (-377.559570 -37.520508 915.707031 ) (-386.028198 -38.031406 908.213867 ) (-394.409973 -37.525108 915.639648 ) (-393.164001 -34.500603 960 ) 
4 630 631 (-382.746674 -39.001595 953.996033 ) (-378.824219 -34.499012 959.998840 ) (-393.165710 -34.499008 959.998901 ) (-389.240845 -39.001564 953.996094 ) 
3 631 757 (-392.957703 -34 967.333313 ) (-393.028137 -34.171120 964.825073 ) (-392.258545 -34.940685 964.825073 ) 
4 631 756 (-393.028137 -34.171120 964.825073 ) (-393.163666 -34.500088 960 ) (-389.241180 -39 954 ) (-392.258545 -34.940685 964.825073 ) 
3 631 647 (-378.828400 -34.500095 960 ) (-379.037109 -34 967.333374 ) (-382.748505 -39 954 ) 
4 631 632 (-379.028168 -34 967.331848 ) (-378.819580 -34.500607 960 ) (-393.164001 -34.500603 960 ) (-392.958069 -34 967.331787 ) 
5 632 787 (-415.320282 0 899.968811 ) (-414.252075 -17.684229 915.636108 ) (-410.297424 -16.055075 973.637268 ) (-410 -11.728876 978 ) (-410 0 978 ) 
3 632 775 (-410.297424 -16.055075 973.637268 ) (-410 -15.932531 978 ) (-410 -11.728876 978 ) 
6 632 757 (-410.297668 -16.053837 973.638184 ) (-410.898621 -16.301405 964.824341 ) (-393.028137 -34.171120 964.825073 ) (-392.957703 -34 967.333313 ) (-393.701050 -33 970 ) (-396.079926 -30.270958 973.638855 ) 
5 632 756 (-410.898621 -16.301405 964.824341 ) (-414.252136 -17.682928 915.639648 ) (-397.704590 -34.229836 915.639038 ) (-394.296478 -37.250137 919.666138 ) (-393.028137 -34.171120 964.825073 ) 
3 632 755 (-393.701050 -33 970 ) (-394.715332 -31.635498 973.638916 ) (-396.079926 -30.270958 973.638855 ) 
3 632 753 (-397.704590 -34.229836 915.639038 ) (-394.409576 -37.524719 915.638916 ) (-394.296478 -37.250137 919.666138 ) 
4 632 745 (-410 -15.930887 978.015381 ) (-410.297668 -16.053837 973.638184 ) (-394.715332 -31.635498 973.638916 ) (-395.935547 -29.993923 978.016479 ) 
3 632 655 (-371.235199 0 978.315735 ) (-383.597412 0 994.798706 ) (-386.096222 -6.095551 998.130432 ) 
6 632 654 (-374.692902 -28.152874 982.925964 ) (-357.500153 -13.175187 960.002319 ) (-357.500153 0 960.002319 ) (-371.235199 0 978.315735 ) (-386.096222 -6.095551 998.130432 ) (-391.660522 -19.669079 1005.549438 ) 
4 632 653 (-383.597412 0 994.798706 ) (-404.665436 0 1022.889465 ) (-404.665527 -13.166588 1022.889404 ) (-391.660522 -19.669079 1005.549438 ) 
4 632 652 (-357.500153 -13.175187 960.002319 ) (-353.001556 -9.256192 954.004211 ) (-353.001556 0 954.004211 ) (-357.500153 0 960.002319 ) 
5 632 647 (-369.931915 -24.287622 973.616882 ) (-375.931641 -30.287369 973.617004 ) (-378.294830 -33 970 ) (-379.037109 -34 967.333313 ) (-378.828400 -34.500092 960 ) 
7 632 646 (-374.322449 -34.275459 915.699951 ) (-340.046997 0 915.699829 ) (-342.380005 0 939.840149 ) (-367.712555 -22.068264 973.616821 ) (-369.931915 -24.287622 973.616882 ) (-378.828400 -34.500092 960 ) (-377.680420 -37.250137 919.666199 ) 
3 632 645 (-375.931641 -30.287369 973.617004 ) (-377.287994 -31.643715 973.617004 ) (-378.294830 -33 970 ) 
3 632 642 (-377.567535 -37.520561 915.699951 ) (-374.322449 -34.275459 915.699951 ) (-377.680420 -37.250137 919.666199 ) 
4 632 637 (-367.712555 -22.068264 973.616821 ) (-371.038696 -24.965797 978.051636 ) (-376.053528 -29.980648 978.051880 ) (-377.287994 -31.643715 973.617004 ) 
6 632 633 (-376.058990 -30 977.997253 ) (-374.688995 -28.154736 982.918762 ) (-404.666718 -13.165884 1022.889038 ) (-407 -13.499207 1022 ) (-407.235352 -14.793520 1018.548706 ) (-395.931885 -30 977.997253 ) 
4 633 654 (-395.001099 -27.818052 1010.003479 ) (-376.263855 -29.521427 985.020569 ) (-374.692902 -28.152874 982.925964 ) (-391.660522 -19.669079 1005.549438 ) 
6 633 653 (-404.665527 -13.731422 1022.889404 ) (-403.998108 -17.700148 1022 ) (-395.033417 -27.815115 1010.046570 ) (-395.001099 -27.818052 1010.003479 ) (-391.660522 -19.669079 1005.549438 ) (-404.665527 -13.166588 1022.889404 ) 
6 634 754 (-360.694427 -67.028664 959.371094 ) (-359.097015 -68.360504 962.129333 ) (-367.730164 -58.619576 973.640198 ) (-381.867035 -44.483257 973.639587 ) (-378.480225 -49.373207 958.023682 ) (-372.438904 -56.620541 945.493469 ) 
3 634 753 (-370.754639 -58.641037 942 ) (-360.694427 -67.028664 959.371094 ) (-372.438904 -56.620541 945.493469 ) 
4 634 748 (-371.013092 -54.915379 978.017456 ) (-383.684753 -40.617699 994.913025 ) (-383.684021 -41.859856 982.017334 ) (-382.816406 -43.112518 978.016968 ) 
4 634 744 (-367.730164 -58.619576 973.640198 ) (-371.013092 -54.915379 978.017456 ) (-382.816406 -43.112518 978.016968 ) (-381.867035 -44.483257 973.639587 ) 
3 634 662 (-353.001526 -53.636078 954.004028 ) (-343.998322 -31.884453 942 ) (-353.001556 -28.156872 954.004150 ) 
6 634 660 (-383.685974 -40.618591 994.916687 ) (-359.096985 -68.362686 962.131348 ) (-353.001526 -53.636078 954.004028 ) (-353.001556 -28.156872 954.004150 ) (-356.015350 -26.909082 958.022522 ) (-374.010712 -32.187119 982.016296 ) 
4 634 638 (-366.121094 -54 942 ) (-370.758606 -58.637878 942 ) (-378.478851 -49.376163 958.015503 ) (-371.091156 -41.988747 958.015076 ) 
4 634 636 (-383.684082 -41.860699 982.015869 ) (-383.684601 -40.618774 994.911255 ) (-374.853638 -32.922642 983.135986 ) (-374.822052 -33 982.015259 ) 
4 634 635 (-371.099060 -41.993317 958.018127 ) (-378.480286 -49.374413 958.018494 ) (-383.684326 -41.859756 982.022888 ) (-374.815948 -32.991898 982.021973 ) 
4 635 754 (-383.683533 -42.666836 973.639526 ) (-383.683258 -43.131535 968.815186 ) (-378.480225 -49.373207 958.023682 ) (-381.867035 -44.483261 973.639587 ) 
3 635 748 (-383.684021 -41.859856 982.017334 ) (-383.683777 -42.245186 978.016968 ) (-382.816406 -43.112518 978.016968 ) 
4 635 744 (-383.683777 -42.245186 978.016968 ) (-383.683533 -42.666836 973.639526 ) (-381.867035 -44.483261 973.639587 ) (-382.816406 -43.112518 978.016968 ) 
4 635 643 (-378.478851 -49.376163 958.015503 ) (-383.683624 -43.132168 968.812866 ) (-378.496613 -37.945457 968.812500 ) (-371.096893 -41.994473 958.015076 ) 
4 635 636 (-378.495636 -37.944244 968.815735 ) (-383.683563 -43.131935 968.816101 ) (-383.684082 -41.860699 982.015869 ) (-374.817413 -32.994411 982.015259 ) 
4 636 754 (-385.996582 -40.353878 973.639404 ) (-385.996582 -40.356403 973.613220 ) (-383.683258 -43.131535 968.815186 ) (-383.683533 -42.666836 973.639526 ) 
4 636 748 (-383.684753 -40.617699 994.913025 ) (-386.001007 -38.004234 998.001343 ) (-385.997375 -39.931690 978.016785 ) (-383.683777 -42.245190 978.016907 ) 
4 636 744 (-385.997375 -39.931690 978.016785 ) (-385.996582 -40.353878 973.639404 ) (-383.683533 -42.666836 973.639526 ) (-383.683777 -42.245190 978.016907 ) 
4 636 661 (-386.002228 -38.005123 998.005005 ) (-383.685974 -40.618591 994.916687 ) (-374.854340 -32.922287 983.141174 ) (-379.665619 -32.484905 989.556213 ) 
4 636 643 (-383.683624 -43.132168 968.812866 ) (-385.997131 -40.356735 973.612244 ) (-381.785950 -36.145550 973.612183 ) (-378.496613 -37.945457 968.812500 ) 
3 637 659 (-365 -23.189472 970.001160 ) (-367.708099 -22.067970 973.612854 ) (-371.030548 -24.962364 978.042786 ) 
4 637 647 (-375.931458 -30.291054 973.612061 ) (-369.931671 -24.291273 973.611938 ) (-368.809967 -27.002142 969.997437 ) (-374.808807 -33.001057 969.997498 ) 
4 637 646 (-369.931671 -24.291273 973.611938 ) (-367.708893 -22.068497 973.611877 ) (-364.998077 -23.190191 969.997437 ) (-368.809967 -27.002142 969.997437 ) 
3 637 645 (-377.285950 -31.645561 973.612061 ) (-375.931458 -30.291054 973.612061 ) (-374.808807 -33.001057 969.997498 ) 
3 638 754 (-372.438904 -56.620537 945.493469 ) (-378.480255 -49.373196 958.023682 ) (-375.084625 -54.275856 942.367188 ) 
5 638 753 (-372.934845 -56.823318 938.235596 ) (-370.754639 -58.641037 942 ) (-372.438904 -56.620537 945.493469 ) (-375.084625 -54.275856 942.367188 ) (-374.810974 -54.670975 941.105408 ) 
4 638 643 (-375.086212 -54.275185 942.366333 ) (-378.478699 -49.375671 958.022400 ) (-371.086304 -41.983513 958.022034 ) (-374.617096 -54 942 ) 
3 638 642 (-374.813568 -54.668922 941.108154 ) (-375.086212 -54.275185 942.366333 ) (-374.617096 -54 942 ) 
5 638 641 (-366.116791 -54.001640 942.001648 ) (-366.116302 -54.002785 942 ) (-372.933411 -56.825424 938.236633 ) (-373.885132 -55.733612 939.692383 ) (-374.603973 -54.001690 942.001648 ) 
3 638 640 (-374.810669 -54.671814 941.108154 ) (-374.609924 -53.987385 942.020752 ) (-373.885132 -55.733612 939.692383 ) 
3 639 738 (-341 -24.638746 938.001099 ) (-339.993988 -22.209991 936.660706 ) (-341 -22.504833 938.001038 ) 
6 639 648 (-339.996094 -22.207031 936.660645 ) (-367.784912 -49.995850 936.660583 ) (-367.792389 -50 936.666443 ) (-368.617065 -48 942 ) (-368.610260 -47.977009 942.030762 ) (-344.023071 -23.390163 942.030151 ) 
3 639 644 (-367.792389 -50 936.666443 ) (-369.498535 -51 938 ) (-368.617065 -48 942 ) 
3 639 642 (-367.784912 -49.995850 936.660583 ) (-369.793640 -52.004593 936.660583 ) (-369.498535 -51 938 ) 
3 639 640 (-369.491821 -51 938 ) (-369.786072 -52.002899 936.661438 ) (-367.361847 -51 938 ) 
4 640 753 (-373.846985 -56.062820 936.660583 ) (-373.069550 -56.711002 938.002991 ) (-373.877686 -55.741650 939.677856 ) (-374.810974 -54.670975 941.105408 ) 
5 640 642 (-369.793640 -52.004593 936.660583 ) (-373.849823 -56.060768 936.660583 ) (-374.813568 -54.668922 941.108154 ) (-374.617096 -54 942 ) (-369.498535 -51 938 ) 
4 640 641 (-374.602173 -53.997787 941.996460 ) (-373.877594 -55.743393 939.669006 ) (-373.071991 -56.709694 938 ) (-367.362793 -51 938 ) 
3 641 753 (-373.069550 -56.711002 938.002991 ) (-372.934845 -56.823318 938.235596 ) (-373.877686 -55.741650 939.677856 ) 
4 642 753 (-385.986053 -45.941975 915.700134 ) (-373.846985 -56.062820 936.660583 ) (-375.084656 -54.275848 942.367249 ) (-385.988556 -44.612663 929.482849 ) 
4 642 648 (-374.157623 -50 936.666931 ) (-367.790100 -50 936.666809 ) (-367.779999 -49.994160 936.658936 ) (-369.028381 -46.993477 932.658264 ) 
5 642 646 (-374.320313 -34.273438 915.699219 ) (-385.990021 -44.612045 929.483398 ) (-379.910248 -50 936.666992 ) (-374.157623 -50 936.666931 ) (-369.028381 -46.993477 932.658264 ) 
4 642 644 (-379.910248 -50 936.666992 ) (-378.781921 -51 938 ) (-369.496643 -51 938 ) (-367.790100 -50 936.666809 ) 
3 642 643 (-375.396637 -54 942 ) (-375.086243 -54.275070 942.366821 ) (-374.616760 -54 942 ) 
6 643 754 (-375.084656 -54.275848 942.367249 ) (-378.480255 -49.373196 958.023682 ) (-385.996582 -40.356403 973.613220 ) (-385.993835 -41.814518 958.494995 ) (-385.855804 -42 958 ) (-375.395660 -54 942 ) 
3 644 758 (-381.395935 -48 942 ) (-379.909241 -50 936.666382 ) (-378.780823 -51 938 ) 
4 644 648 (-368.615295 -48 942 ) (-367.789063 -50 936.669006 ) (-374.158081 -50 936.669006 ) (-374.981964 -48 942 ) 
4 644 646 (-374.158081 -50 936.669006 ) (-379.910706 -50 936.669006 ) (-381.396271 -48 942 ) (-374.981964 -48 942 ) 
3 645 647 (-375.928711 -30.289063 973.613281 ) (-374.806152 -33 969.997742 ) (-378.291504 -33.001183 969.997131 ) 
5 646 758 (-385.992096 -42.727356 949.030396 ) (-385.990875 -43.372635 942.339905 ) (-383.294434 -47 932.666321 ) (-379.909241 -50 936.666382 ) (-381.395935 -48 942 ) 
3 646 756 (-385.990875 -43.372635 942.339905 ) (-385.988556 -44.612663 929.482849 ) (-383.294434 -47 932.666321 ) 
4 646 740 (-336.991669 -14.956452 932.657654 ) (-330.801056 0 924.403503 ) (-341 0 938.001099 ) (-341 -16.134502 938.001099 ) 
4 646 659 (-353.001556 -9.256180 954.004150 ) (-367.708099 -22.067970 973.612854 ) (-365 -23.189465 970.001221 ) (-353.001556 -19.662649 954.004150 ) 
6 646 648 (-374.984406 -47.998913 942.001587 ) (-374.159790 -50 936.665833 ) (-369.029297 -46.992538 932.656128 ) (-336.991699 -14.954533 932.655640 ) (-353.008514 -19.661320 954.009888 ) (-372.338867 -38.994663 954.007324 ) 
4 646 647 (-372.336121 -39.001118 953.997314 ) (-368.808167 -26.998209 970.001282 ) (-369.929688 -24.289564 973.612854 ) (-382.746826 -39.001072 953.997437 ) 
4 648 740 (-339.993988 -22.209991 936.660706 ) (-336.991669 -14.956452 932.657654 ) (-341 -16.134499 938.001099 ) (-341 -22.504833 938.001038 ) 
3 649 771 (-372.573883 -11.517855 1032.135864 ) (-378.091949 -6 1032.135864 ) (-377.868134 -9.344616 1031.294678 ) 
5 649 770 (-376.757141 -25.946747 1027.119141 ) (-375.610870 -24.739157 1027.753540 ) (-372.499390 -11.592356 1032.135864 ) (-372.573883 -11.517855 1032.135864 ) (-377.868134 -9.344616 1031.294678 ) 
3 649 769 (-375.610870 -24.739157 1027.753540 ) (-367.693390 -16.398243 1032.135864 ) (-372.499390 -11.592356 1032.135864 ) 
3 649 671 (-356.813416 -6.005204 1027.118652 ) (-367.695313 -16.402344 1032.134766 ) (-376.757690 -25.949352 1027.118530 ) 
4 649 657 (-356.804688 -6 1027.118408 ) (-365.313141 -14.508458 1027.118408 ) (-377.867004 -9.345072 1031.294800 ) (-378.090759 -6 1032.135986 ) 
3 650 765 (-391.423126 -30.272827 1022 ) (-386.005737 -35.689980 1022 ) (-380.672546 -30.071560 1024.951904 ) 
4 650 748 (-386.005432 -35.689278 1022.004272 ) (-391.422333 -30.272539 1022.004211 ) (-391.876343 -31.374977 1005.835144 ) (-386.001007 -38.004230 998.001343 ) 
4 650 661 (-386 -38.005692 998.003967 ) (-379.662933 -32.485023 989.554443 ) (-380.670593 -30.071505 1024.952759 ) (-386.004425 -35.690582 1022 ) 
3 651 742 (-344.739624 0 964.319580 ) (-345.637390 0 973.609863 ) (-351.707458 -6.070107 973.609985 ) 
5 651 741 (-343.260590 0 949.014160 ) (-344.739624 0 964.319580 ) (-351.707458 -6.070107 973.609985 ) (-355.853729 -10.216385 973.610046 ) (-350 -5.871087 958 ) 
5 651 666 (-346.065125 0 978.036011 ) (-350.313812 0 1022.002502 ) (-361.727417 -11.413557 1022.002441 ) (-359 -12.551867 982 ) (-357.513611 -11.448535 978.036377 ) 
4 651 663 (-345.637390 0 973.609863 ) (-346.065125 0 978.036011 ) (-357.513611 -11.448535 978.036377 ) (-355.853729 -10.216385 973.610046 ) 
3 651 658 (-361.727448 -11.411425 1022.003052 ) (-350.316040 0 1022.003113 ) (-361.941101 0 1025.136597 ) 
3 652 659 (-357.500275 -13.177778 960.004272 ) (-353.002930 -9.259869 954.007813 ) (-358 -12.969224 967.333313 ) 
4 652 654 (-357.500488 0 960 ) (-357.500488 -13.175537 960 ) (-358 -12.966885 967.334961 ) (-358 0 967.334961 ) 
5 653 655 (-386.097137 -6.095928 998.129700 ) (-383.598175 0 994.797791 ) (-383.545868 0 1027.714355 ) (-386.003601 -5.991516 1029.996826 ) (-386.008514 -6.003523 1029.998657 ) 
5 653 654 (-386.010345 -6.007976 1030 ) (-394.645660 -26.997511 1022.014343 ) (-395.001221 -27.816559 1010.001648 ) (-386.097137 -6.095928 998.129700 ) (-386.008514 -6.003523 1029.998657 ) 
4 654 659 (-371.024597 -24.959637 978.036682 ) (-357.500275 -13.177778 960.004272 ) (-358 -12.969224 967.333252 ) (-362.013702 -15.948606 978.036560 ) 
8 654 656 (-378.500641 -26.998863 1022 ) (-377.217285 -27.232224 1018.578125 ) (-362 -15.935986 977.998352 ) (-362 0 977.998352 ) (-371.339661 0 1002.904419 ) (-380.750610 -3.838099 1028 ) (-380.750610 -8.175712 1028 ) (-379.126801 -22.615799 1023.670166 ) 
6 654 655 (-386.097565 -6.096207 998.125000 ) (-386.008972 -6.003789 1030 ) (-386.005615 -6.002409 1030.002075 ) (-380.749054 -3.837529 1028 ) (-371.339508 0 1002.907471 ) (-371.234955 0 978.310852 ) 
3 655 656 (-371.339661 0 1002.904419 ) (-380.320831 0 1026.854126 ) (-380.752167 -3.838734 1028.004395 ) 
5 657 771 (-377.868134 -9.344614 1031.294678 ) (-378.091949 -6 1032.135864 ) (-380.403992 -3.687871 1032.135864 ) (-380.405701 -3.688578 1032.135254 ) (-377.878967 -9.340160 1031.292969 ) 
5 657 672 (-350.324005 0 1022.107971 ) (-350.528229 0 1024.221436 ) (-356.813416 -6.005204 1027.118652 ) (-365.315674 -14.507411 1027.118652 ) (-365.314758 -14.507814 1027.104858 ) 
3 657 658 (-362 0 1026 ) (-350.326355 0 1022.109436 ) (-362 -11.297699 1026 ) 
4 658 674 (-350.313812 0 1022.002502 ) (-350.324005 0 1022.107971 ) (-362 -11.299829 1026 ) (-361.727448 -11.413570 1022.002441 ) 
3 660 765 (-383.686676 -38.008949 1022 ) (-378.500031 -43.195347 1022 ) (-379.391449 -33.484821 1024.377197 ) 
4 660 754 (-367.730194 -58.619530 973.640259 ) (-358.750763 -68.751175 961.667664 ) (-356.758270 -70.516960 964.022095 ) (-360.365204 -65.984261 973.640564 ) 
3 660 753 (-358.750763 -68.751175 961.667664 ) (-353 -75.239899 954 ) (-356.758270 -70.516960 964.022095 ) 
5 660 748 (-378.501617 -43.192871 1022.004333 ) (-383.686401 -38.008251 1022.004272 ) (-383.684753 -40.617695 994.913025 ) (-371.013123 -54.915340 978.017517 ) (-362.006683 -63.921478 978.017822 ) 
4 660 744 (-371.013123 -54.915340 978.017517 ) (-367.730194 -58.619530 973.640259 ) (-360.365204 -65.984261 973.640564 ) (-362.006683 -63.921478 978.017822 ) 
4 660 668 (-378.018768 -32.464779 1020.719360 ) (-379.390686 -33.484020 1024.377808 ) (-378.499054 -43.196411 1022 ) (-376.534393 -45.665386 1016.760986 ) 
5 660 664 (-358.535553 -23.736017 968.764038 ) (-363.504730 -21.681786 982.015259 ) (-378.018768 -32.464779 1020.719360 ) (-376.534393 -45.665386 1016.760986 ) (-372.976624 -50.136391 1007.273621 ) 
5 660 662 (-353.001953 -75.238281 954.007813 ) (-353.001953 -28.153355 954.007813 ) (-354.507446 -25.401207 958.022461 ) (-358.535553 -23.736017 968.764038 ) (-372.976624 -50.136391 1007.273621 ) 
5 660 661 (-379.386230 -33.483929 1024.378906 ) (-375.738556 -30.773834 1014.651855 ) (-374.850128 -32.922813 983.133484 ) (-383.683136 -40.620277 994.910889 ) (-383.684479 -38.011135 1022 ) 
5 661 765 (-386.005737 -35.689980 1022 ) (-383.686676 -38.008949 1022 ) (-379.391449 -33.484821 1024.377197 ) (-379.706451 -30.053473 1025.217163 ) (-380.672546 -30.071560 1024.951904 ) 
4 661 748 (-383.686401 -38.008251 1022.004272 ) (-386.005432 -35.689278 1022.004272 ) (-386.001007 -38.004230 998.001343 ) (-383.684753 -40.617695 994.913025 ) 
3 661 673 (-379.705627 -30.053448 1025.217529 ) (-379.518066 -32.096512 1024.717407 ) (-379.016632 -30.178720 1023.380188 ) 
5 661 669 (-379.518066 -32.096512 1024.717407 ) (-379.390686 -33.484020 1024.377808 ) (-378.018768 -32.464779 1020.719360 ) (-378.260406 -30.316216 1021.363586 ) (-379.016632 -30.178720 1023.380188 ) 
3 661 667 (-378.018768 -32.464779 1020.719360 ) (-375.742889 -30.773941 1014.650330 ) (-378.260406 -30.316216 1021.363586 ) 
4 662 802 (-320.040375 -80 910.053894 ) (-279.996124 -80 947.760437 ) (-343.111694 -80 1007.272400 ) (-348.781738 -80 948.375671 ) 
3 662 754 (-360.365234 -65.984253 973.640625 ) (-356.758270 -70.516983 964.022095 ) (-348.617920 -77.731194 973.641113 ) 
5 662 753 (-356.758270 -70.516983 964.022095 ) (-353 -75.239899 954 ) (-348.781219 -80 948.374939 ) (-346.349030 -80 973.641174 ) (-348.617920 -77.731194 973.641113 ) 
4 662 748 (-372.977386 -50.134991 1007.273010 ) (-362.006653 -63.921547 978.017700 ) (-345.927673 -80 978.018311 ) (-343.111603 -80 1007.272278 ) 
4 662 744 (-362.006653 -63.921547 978.017700 ) (-360.365234 -65.984253 973.640625 ) (-346.349030 -80 973.641174 ) (-345.927673 -80 978.018311 ) 
3 662 743 (-315.922089 -20.885719 925.896118 ) (-280.036255 -20.885996 892.059448 ) (-290.544739 -31.394690 892.059692 ) 
4 662 737 (-350.013550 -20.909681 958.018005 ) (-349.989319 -20.885458 958.018005 ) (-333 -20.885588 942 ) (-338 -25.885019 942 ) 
5 662 736 (-306.541992 -47.392227 892.059998 ) (-343.998260 -31.884085 942 ) (-333 -20.885588 942 ) (-315.922089 -20.885719 925.896118 ) (-290.544739 -31.394690 892.059692 ) 
4 662 735 (-280.035156 -20.883932 892.062500 ) (-309.320313 -20.884470 919.675110 ) (-287.256561 -42.948288 919.675415 ) (-280.022095 -39.952370 910.029480 ) 
4 662 728 (-287.256561 -42.948288 919.675415 ) (-280.015076 -50.189789 919.675537 ) (-280.018005 -45.917889 915.650391 ) (-284.237701 -41.698120 915.650269 ) 
3 662 705 (-280.018005 -45.917889 915.650391 ) (-280.022095 -39.952370 910.029480 ) (-284.237701 -41.698120 915.650269 ) 
4 662 690 (-328.754456 -20.884827 938 ) (-332.996704 -20.884905 942 ) (-328 -25.882149 942 ) (-325 -24.639835 938 ) 
3 662 689 (-326.555542 -20.884787 935.925964 ) (-328.754456 -20.884827 938 ) (-325 -24.638697 938 ) 
4 662 688 (-321.548248 -20.884695 931.204651 ) (-326.555542 -20.884787 935.925964 ) (-325 -24.638697 938 ) (-319 -30.638954 938 ) 
4 662 682 (-299.881592 -54 942 ) (-279.998840 -73.882698 942 ) (-280.001740 -69.637154 938 ) (-298.639191 -51 938 ) 
4 662 681 (-304.638763 -45 938 ) (-300.138733 -49.500328 938 ) (-298.225220 -50 936.666565 ) (-296.982880 -47 932.666565 ) 
6 662 680 (-309.320313 -20.884470 919.675110 ) (-321.548248 -20.884695 931.204651 ) (-319 -30.638954 938 ) (-304.638763 -45 938 ) (-296.982880 -47 932.666565 ) (-292.948059 -37.256775 919.675354 ) 
3 662 679 (-300.138733 -49.500328 938 ) (-298.639191 -51 938 ) (-298.225220 -50 936.666565 ) 
4 662 677 (-298.639191 -51 938 ) (-280.001740 -69.637154 938 ) (-280.015076 -50.189789 919.675537 ) (-292.948059 -37.256775 919.675354 ) 
3 662 668 (-359.396454 -63.715553 1007.276123 ) (-343.111359 -80 1007.275513 ) (-330.074066 -80 994.982849 ) 
8 662 664 (-332.996704 -20.884905 942 ) (-349.992371 -20.885218 958.024292 ) (-358.539948 -23.736296 968.771912 ) (-372.979218 -50.133324 1007.276611 ) (-359.396454 -63.715553 1007.276123 ) (-330.074066 -80 994.982849 ) (-279.994659 -80 947.763855 ) (-279.998840 -73.882698 942 ) 
4 663 742 (-351.709778 -6.065259 973.613098 ) (-345.644501 0 973.612976 ) (-341.806854 0 969.994507 ) (-348.995941 -7.189154 969.994690 ) 
4 663 741 (-355.854919 -10.210402 973.613159 ) (-351.709778 -6.065259 973.613098 ) (-348.995941 -7.189154 969.994690 ) (-354.498047 -12.691325 969.994812 ) 
4 663 666 (-354.502899 -12.684381 970.007813 ) (-341.818787 0 970.007813 ) (-346.068909 0 978.034424 ) (-357.513092 -11.443870 978.034973 ) 
3 664 802 (-279.996124 -80 947.760437 ) (-252.151962 -80 973.979126 ) (-330.079498 -80 994.984314 ) 
3 664 748 (-376.535706 -45.663353 1016.761902 ) (-372.977386 -50.134991 1007.273010 ) (-359.390106 -63.721924 1007.272705 ) 
3 664 742 (-333.004456 -3.901678 958.016174 ) (-333 -13.813136 948.667847 ) (-340.012695 -10.909472 958.016907 ) 
4 664 737 (-333 -13.813136 948.667847 ) (-332.998291 -20.885590 941.997192 ) (-349.989319 -20.885458 958.018005 ) (-340.012695 -10.909472 958.016907 ) 
3 664 733 (-290.742065 -31.954762 997.331665 ) (-263.090240 -61.086884 982.025574 ) (-291.178497 -32.998207 982.027710 ) 
4 664 693 (-324.176147 0 982.030151 ) (-321.073120 0 1014.120789 ) (-305.401428 -16.510630 1005.446045 ) (-306.998077 -17.178366 982.028870 ) 
4 664 691 (-328 -25.882782 942 ) (-333 -13.819590 948.665527 ) (-333.003357 -3.895910 958.025146 ) (-315.980347 -20.917980 958.026184 ) 
3 664 690 (-328 -25.882782 942 ) (-332.996094 -20.886719 942 ) (-333 -13.819590 948.665527 ) 
3 664 684 (-299.882416 -54 942 ) (-294.917847 -41.979301 958.027405 ) (-270.873993 -66.021812 958.028870 ) 
4 664 682 (-279.996094 -73.886719 942 ) (-299.882416 -54 942 ) (-270.873993 -66.021812 958.028870 ) (-262.992126 -73.903236 958.029358 ) 
6 664 676 (-315.991821 -20.905668 958.021851 ) (-333 -3.898438 958.020752 ) (-333.001831 -3.892982 958.027588 ) (-333.002625 0 965.374146 ) (-324.175934 0 982.034485 ) (-306.987518 -17.188602 982.033386 ) 
5 664 675 (-262.996094 -73.898438 958.025208 ) (-294.904877 -41.991432 958.023193 ) (-291.188293 -32.987991 982.032349 ) (-263.099121 -61.077465 982.030579 ) (-250.297180 -78.144615 973.979370 ) 
9 664 668 (-250.299469 -78.149078 973.980591 ) (-263.121735 -61.052834 982.045105 ) (-321.072845 0 1014.122559 ) (-345.552612 0 1020.721008 ) (-378.020447 -32.466255 1020.721191 ) (-376.536499 -45.662872 1016.764038 ) (-359.387115 -63.725235 1007.272644 ) (-330.082764 -80 994.986755 ) (-252.150421 -80 973.980591 ) 
3 664 667 (-378.019501 -32.464809 1020.718689 ) (-375.914886 -30.360189 1020.718689 ) (-375.743469 -30.774014 1014.649292 ) 
4 664 666 (-361.639862 -16.085182 1020.718506 ) (-345.554688 0 1020.718384 ) (-341.821930 0 982.013611 ) (-359 -17.178440 982.014587 ) 
7 664 665 (-359.007660 -17.184540 982.020508 ) (-341.821259 0 982.018799 ) (-333 0 965.376343 ) (-333 -3.895756 958.026062 ) (-333.003082 -3.905294 958.014038 ) (-349.986481 -20.886665 958.016357 ) (-350.023682 -20.899067 958.063110 ) 
6 665 742 (-348.106842 -7.557427 968.809143 ) (-340.548981 0 968.808472 ) (-334.304596 0 962.920715 ) (-333.004456 -3.897488 958.020142 ) (-333.004456 -3.901678 958.016174 ) (-340.012695 -10.909473 958.016907 ) 
5 665 741 (-354.053619 -13.503887 968.809692 ) (-348.106842 -7.557427 968.809143 ) (-340.012695 -10.909473 958.016907 ) (-349.989319 -20.885458 958.018005 ) (-350.016296 -20.885458 958.043457 ) 
3 665 676 (-333.001831 -3.892982 958.027588 ) (-334.301453 0 962.922607 ) (-333.002625 0 965.374146 ) 
4 665 666 (-341.821930 0 982.013611 ) (-340.548706 0 968.811523 ) (-354.054657 -13.505198 968.812500 ) (-359.005432 -17.182888 982.014587 ) 
4 666 742 (-348.995941 -7.189155 969.994690 ) (-341.806854 0 969.994507 ) (-340.548981 0 968.808472 ) (-348.106842 -7.557430 968.809143 ) 
4 666 741 (-354.498047 -12.691326 969.994812 ) (-348.995941 -7.189155 969.994690 ) (-348.106842 -7.557430 968.809143 ) (-354.053619 -13.503894 968.809692 ) 
4 666 670 (-345.552612 0 1020.721008 ) (-350.316223 0 1022.005005 ) (-361.727570 -11.411366 1022.004944 ) (-361.640045 -16.086662 1020.721069 ) 
3 667 669 (-378.262238 -30.316059 1021.365967 ) (-378.020447 -32.466255 1020.721191 ) (-375.914124 -30.360022 1020.721191 ) 
8 668 802 (-252.151962 -80 973.979126 ) (-244.744522 -80 980.954163 ) (-244.176575 -80 982.025696 ) (-240.774643 -80 1017.210876 ) (-304.090576 -80 1032.136108 ) (-341.693787 -80 1022 ) (-343.111694 -80 1007.272400 ) (-330.079498 -80 994.984314 ) 
3 668 769 (-354.509644 -29.581741 1032.135864 ) (-365.372681 -18.718910 1032.135864 ) (-376.069061 -29.985371 1026.215942 ) 
6 668 765 (-378.500031 -43.195347 1022 ) (-341.693756 -80 1022 ) (-304.090393 -80 1032.135986 ) (-354.509644 -29.581741 1032.135864 ) (-376.069061 -29.985371 1026.215942 ) (-379.391449 -33.484821 1024.377197 ) 
5 668 748 (-341.693420 -80 1022.004700 ) (-378.501617 -43.192871 1022.004333 ) (-376.535706 -45.663353 1016.761902 ) (-359.390106 -63.721924 1007.272705 ) (-343.111603 -80 1007.272278 ) 
5 668 733 (-290.175110 -30.599390 1017.210449 ) (-240.774673 -80 1017.210876 ) (-244.177414 -80 982.024170 ) (-263.090240 -61.086884 982.025574 ) (-290.742065 -31.954760 997.331665 ) 
4 668 693 (-321.073120 0 1014.120789 ) (-320.774384 0 1017.210266 ) (-304.599304 -16.175137 1017.210388 ) (-305.401428 -16.510632 1005.446045 ) 
4 668 675 (-263.099121 -61.077465 982.030579 ) (-244.176788 -80 982.029358 ) (-244.748322 -80 980.950623 ) (-250.297180 -78.144615 973.979370 ) 
3 668 671 (-376.458466 -30.396046 1026 ) (-365.372437 -18.719213 1032.135986 ) (-352.061981 -6 1026 ) 
5 668 670 (-345.551849 0 1020.718384 ) (-361.639862 -16.087242 1020.718567 ) (-362 -15.938290 1026 ) (-352.061981 -6 1026 ) (-345.781891 0 1023.105164 ) 
5 668 669 (-375.913513 -30.360188 1020.718689 ) (-378.019501 -32.466061 1020.718689 ) (-379.391418 -33.485310 1024.377197 ) (-376.458466 -30.396046 1026 ) (-376.062469 -30 1026 ) 
3 669 765 (-379.518860 -32.096848 1024.716919 ) (-379.391449 -33.484821 1024.377197 ) (-376.459351 -30.396446 1026 ) 
4 669 673 (-379.018219 -30.178604 1023.381836 ) (-379.519104 -32.094860 1024.717529 ) (-376.463287 -30.396893 1025.998901 ) (-376.066559 -30 1025.998901 ) 
5 670 674 (-350.302032 0 1022 ) (-361.727264 -11.424614 1022 ) (-362 -15.933497 1025.998657 ) (-361.996033 -15.929637 1025.998657 ) (-350.223297 0 1022.074463 ) 
4 670 672 (-361.996033 -15.929637 1025.998657 ) (-352.061279 -5.994884 1025.998535 ) (-348.462006 0 1023.736938 ) (-350.223297 0 1022.074463 ) 
3 671 770 (-375.610809 -24.739103 1027.753540 ) (-376.757080 -25.946686 1027.119141 ) (-376.567413 -28.781441 1026.406250 ) 
6 671 769 (-365.372681 -18.718910 1032.135864 ) (-367.693390 -16.398243 1032.135864 ) (-375.610809 -24.739103 1027.753540 ) (-376.567413 -28.781441 1026.406250 ) (-376.486328 -29.993189 1026.101440 ) (-376.069092 -29.985376 1026.215942 ) 
3 671 765 (-376.486328 -29.993189 1026.101440 ) (-376.459351 -30.396446 1026 ) (-376.069092 -29.985376 1026.215942 ) 
3 671 673 (-376.065216 -30 1026 ) (-376.461212 -30.396091 1026 ) (-376.488190 -29.993216 1026.100952 ) 
4 671 672 (-352.061646 -5.997825 1026 ) (-361.998505 -15.934156 1026 ) (-365.354675 -14.544337 1027.118286 ) (-356.808167 -5.997845 1027.118286 ) 
6 672 674 (-361.998901 -15.936673 1026 ) (-362 -15.936219 1026 ) (-362 -11.297698 1026 ) (-350.326355 0 1022.109741 ) (-350.213501 0 1022.072144 ) (-361.964844 -15.898438 1025.989258 ) 
4 673 765 (-379.706451 -30.053473 1025.217163 ) (-379.518860 -32.096848 1024.716919 ) (-376.459351 -30.396446 1026 ) (-376.486328 -29.993189 1026.101440 ) 
3 675 802 (-244.744522 -80 980.954163 ) (-244.233673 -80 981.435181 ) (-244.176575 -80 982.025696 ) 
5 675 733 (-291.186920 -32.989746 982.027710 ) (-244.177414 -80 982.024170 ) (-244.234207 -80 981.436829 ) (-251.542816 -73.911255 968.822327 ) (-287.511902 -37.941772 968.822327 ) 
5 675 685 (-287.507690 -37.937786 968.832947 ) (-251.531250 -73.914375 968.833130 ) (-251.829498 -73.914085 968.552002 ) (-270.873962 -66.021820 958.028870 ) (-294.907288 -41.989838 958.027466 ) 
3 675 682 (-251.829498 -73.914085 968.552002 ) (-262.992126 -73.903236 958.029358 ) (-270.873962 -66.021820 958.028870 ) 
3 676 742 (-334.304596 0 962.920715 ) (-333.005859 0 961.696167 ) (-333.004456 -3.897488 958.020142 ) 
3 676 734 (-325.453278 0 968.822266 ) (-325.300629 0 970.400879 ) (-324.116669 -1.336609 968.822266 ) 
5 676 693 (-325.300629 0 970.400879 ) (-324.176147 0 982.030151 ) (-306.989227 -17.187201 982.028870 ) (-311.941681 -13.511736 968.822266 ) (-324.116669 -1.336609 968.822266 ) 
5 676 692 (-333.003357 -3.895910 958.025146 ) (-333.005035 0 961.699585 ) (-325.445343 0 968.832703 ) (-311.937744 -13.507644 968.832764 ) (-315.990204 -20.908104 958.026184 ) 
3 677 735 (-287.253998 -42.953045 919.671997 ) (-292.952820 -37.254227 919.671997 ) (-289.930817 -39.931072 923.241150 ) 
5 677 728 (-280.019531 -50.187500 919.672058 ) (-287.253998 -42.953045 919.671997 ) (-289.930817 -39.931072 923.241150 ) (-258.800171 -67.506241 960.008179 ) (-256.649567 -69.656860 960.008179 ) 
4 677 682 (-256.640625 -69.660156 960.015198 ) (-258.789276 -67.511505 960.015198 ) (-298.643768 -50.998837 937.998047 ) (-280.003143 -69.639442 937.998047 ) 
4 677 681 (-278.561951 -50 936.666931 ) (-281.948669 -47 932.666931 ) (-296.988525 -47 932.666809 ) (-298.230743 -50 936.666809 ) 
3 677 680 (-281.948669 -47 932.666931 ) (-292.952484 -37.252724 919.670471 ) (-296.988525 -47 932.666809 ) 
5 677 679 (-298.643890 -50.997822 937.997192 ) (-298.638916 -51 938 ) (-277.433289 -51 938 ) (-278.561951 -50 936.666931 ) (-298.230743 -50 936.666809 ) 
3 677 678 (-291.398346 -54 942 ) (-258.798157 -67.507004 960.009644 ) (-274.046570 -54 942 ) 
4 678 729 (-285.059174 -41.246918 960.008545 ) (-258.800171 -67.506241 960.008179 ) (-274.047943 -54 942 ) (-284.500031 -42 958 ) 
4 678 685 (-258.789276 -67.511505 960.015198 ) (-285.056458 -41.244339 960.015442 ) (-286.437988 -42 958 ) (-291.400116 -54 942 ) 
3 679 732 (-277.434723 -51 938 ) (-278.563477 -50 936.666626 ) (-280.047455 -48 942 ) 
5 679 681 (-278.562500 -50 936.669250 ) (-298.233978 -50 936.669189 ) (-300.132813 -49.503281 937.991882 ) (-297.387421 -48 941.998840 ) (-280.045776 -48 941.998779 ) 
4 680 743 (-318.629547 -9.707871 938.987915 ) (-309.319458 -20.885771 919.670471 ) (-315.921844 -20.885721 925.895874 ) (-321 -18.782799 932.666748 ) 
3 680 736 (-315.921844 -20.885721 925.895874 ) (-321.549286 -20.885677 931.201965 ) (-321 -18.782799 932.666748 ) 
5 680 735 (-292.952820 -37.254227 919.671997 ) (-309.316406 -20.890625 919.671936 ) (-318.628204 -9.710104 938.991394 ) (-313 -13.886901 954 ) (-289.930817 -39.931072 923.241150 ) 
5 680 731 (-313 -13.886901 954 ) (-310.746674 -15.559113 960.008850 ) (-289.559174 -36.746876 960.008606 ) (-281.950287 -47 932.666565 ) (-289.930817 -39.931072 923.241150 ) 
5 680 688 (-312.998688 -13.884360 953.998291 ) (-318.627411 -9.706867 938.988342 ) (-321.547699 -20.886106 931.200867 ) (-319 -30.642521 937.997131 ) (-312.998688 -19.679300 953.998291 ) 
4 680 683 (-289.556488 -36.744305 960.015503 ) (-310.746094 -15.554688 960.015625 ) (-313 -19.672474 954.005554 ) (-293.675293 -38.998619 954.003967 ) 
5 680 681 (-293.676910 -38.998089 954.002502 ) (-304.642212 -45 937.997620 ) (-296.984589 -47 932.663330 ) (-281.948853 -47 932.663391 ) (-287.890411 -38.998100 954.002441 ) 
4 681 732 (-280.047455 -48 942 ) (-278.563477 -50 936.666626 ) (-281.950287 -47 932.666565 ) (-287.886902 -39 954 ) 
3 682 733 (-251.988449 -73.540009 968.053162 ) (-252.402557 -73.195023 967.338440 ) (-252.593643 -73.003937 967.338379 ) 
4 682 728 (-252.402557 -73.195023 967.338440 ) (-256.649567 -69.656860 960.008179 ) (-258.800171 -67.506241 960.008179 ) (-252.593643 -73.003937 967.338379 ) 
5 682 685 (-258.796875 -67.507813 960.007813 ) (-291.377808 -54.008842 942.009827 ) (-270.879425 -66.018929 958.024170 ) (-251.831146 -73.912552 968.549072 ) (-251.985519 -73.541809 968.054626 ) 
4 682 684 (-291.377808 -54.008842 942.009827 ) (-291.397522 -54 941.998962 ) (-299.881622 -54 942 ) (-270.879425 -66.018929 958.024170 ) 
4 683 731 (-310.746674 -15.559113 960.008850 ) (-308 -17.597940 967.335022 ) (-291.598267 -34 967.335999 ) (-289.559174 -36.746872 960.008606 ) 
4 684 685 (-270.886719 -66.015625 958.019531 ) (-291.382813 -54.007813 942.007813 ) (-291.396698 -53.993927 942.007813 ) (-294.917694 -41.985485 958.019226 ) 
5 685 733 (-287.511902 -37.941780 968.822266 ) (-251.542816 -73.911255 968.822327 ) (-251.988449 -73.540009 968.053162 ) (-252.593643 -73.003937 967.338379 ) (-287.098389 -38.499001 967.336365 ) 
4 685 729 (-252.593643 -73.003937 967.338379 ) (-258.800171 -67.506241 960.008179 ) (-285.059143 -41.246941 960.008545 ) (-287.098389 -38.499001 967.336365 ) 
3 686 693 (-317.506744 -8.798890 960.009033 ) (-315.246643 -11.059033 960.008972 ) (-316 -10.499964 958 ) 
3 686 692 (-315.245636 -11.060963 960.011780 ) (-317.508820 -8.797774 960.011780 ) (-316 -12.439283 958 ) 
3 686 687 (-316 -12.432064 958.001709 ) (-317.503601 -8.801500 960.007385 ) (-316 -10.497983 958.001709 ) 
5 687 742 (-328.760651 0 957.693420 ) (-326.715271 0 955.764832 ) (-323.179108 -4.245568 948.427734 ) (-328 -15.884066 942 ) (-328.757141 -15.570517 943.009521 ) 
4 687 737 (-328 -15.884066 942 ) (-328 -15.885907 941.998901 ) (-328.756897 -16.642170 941.998901 ) (-328.757141 -15.570517 943.009521 ) 
3 687 736 (-328 -15.885907 941.998901 ) (-328.756653 -17.710913 940.991028 ) (-328.756897 -16.642170 941.998901 ) 
5 687 734 (-323.177490 -4.247859 948.429932 ) (-326.715363 0 955.770020 ) (-326.305450 0 960.009277 ) (-317.506744 -8.798890 960.009033 ) (-316 -10.500032 958 ) 
6 687 692 (-316 -12.439487 958 ) (-317.508820 -8.797774 960.011780 ) (-326.306549 0 960.011902 ) (-328.761139 0 957.696594 ) (-328.758362 -15.571627 943.011169 ) (-328 -17.402014 942 ) 
3 687 690 (-328.758362 -15.571627 943.011169 ) (-328.757965 -17.715481 940.989319 ) (-328 -17.402014 942 ) 
3 687 689 (-327.998505 -17.399284 941.998047 ) (-328.754883 -17.712072 940.989563 ) (-327.998627 -15.886079 941.998230 ) 
4 688 743 (-320.831909 -7.063673 943.557556 ) (-318.629547 -9.707871 938.987915 ) (-321 -18.782799 932.666748 ) (-325 -17.126352 938 ) 
4 688 736 (-321 -18.782799 932.666748 ) (-321.549286 -20.885677 931.201965 ) (-326.557159 -20.885639 935.923828 ) (-325 -17.126352 938 ) 
3 688 735 (-318.628204 -9.710104 938.991394 ) (-320.830139 -7.066266 943.559814 ) (-313 -13.886901 954 ) 
4 688 689 (-325.001892 -24.639278 937.996704 ) (-325 -24.638363 938 ) (-325 -17.127754 938 ) (-326.556580 -20.886192 935.923828 ) 
5 689 736 (-325 -17.126352 938 ) (-326.557159 -20.885639 935.923828 ) (-328.755951 -20.885622 937.997070 ) (-328.756653 -17.710913 940.991028 ) (-328 -15.884065 942 ) 
5 689 690 (-328 -17.402014 942 ) (-328.757965 -17.715481 940.989319 ) (-328.757385 -20.886196 938 ) (-325 -24.642830 938 ) (-325 -24.642523 938 ) 
4 690 737 (-328.757141 -15.570491 943.009521 ) (-328.756897 -16.642157 941.998901 ) (-332.998291 -20.883648 942 ) (-333 -13.813102 948.667847 ) 
4 690 736 (-328.756897 -16.642157 941.998901 ) (-328.755951 -20.885622 937.997070 ) (-332.998291 -20.885590 941.997192 ) (-332.998291 -20.883648 942 ) 
3 690 692 (-328.010681 -17.377192 942.009033 ) (-328.756073 -15.578154 943.002869 ) (-329.163696 -15.409389 943.546326 ) 
5 690 691 (-328.001892 -17.398367 941.997314 ) (-328.010681 -17.377192 942.009033 ) (-329.163696 -15.409389 943.546326 ) (-332.996887 -13.822333 948.657288 ) (-328.001892 -25.876709 941.997314 ) 
3 691 742 (-329.167145 -15.400702 943.556213 ) (-333 -13.813102 948.667847 ) (-333.004456 -3.897536 958.020081 ) 
5 691 692 (-327.985352 -17.393555 942.019531 ) (-328.019531 -17.359375 942.019531 ) (-329.160583 -15.412012 943.540894 ) (-333.003204 -3.892331 958.026428 ) (-315.979614 -20.915911 958.027161 ) 
5 692 742 (-333.005859 0 961.696167 ) (-328.760651 0 957.693420 ) (-328.757141 -15.570491 943.009521 ) (-329.167145 -15.400702 943.556213 ) (-333.004456 -3.897536 958.020081 ) 
4 692 734 (-326.305450 0 960.009277 ) (-325.453278 0 968.822266 ) (-324.116669 -1.336609 968.822266 ) (-317.506805 -8.798847 960.009033 ) 
4 692 693 (-324.116669 -1.336609 968.822266 ) (-311.941681 -13.511741 968.822266 ) (-315.246704 -11.058996 960.008972 ) (-317.506805 -8.798847 960.009033 ) 
3 693 734 (-316 -10.498699 958 ) (-325.299927 0 970.401184 ) (-316 0 958 ) 
4 694 727 (-303 0 992.670349 ) (-295.988098 0 1011.367920 ) (-294.196014 -22.062563 1016.146606 ) (-303 -15.519144 992.670227 ) 
3 695 802 (-239.140793 -80 986.230774 ) (-213.154449 -80 1010.700073 ) (-236.260208 -80 1016.146729 ) 
6 695 733 (-243.900406 -76.031662 978.012695 ) (-239.141068 -80 986.230957 ) (-236.260788 -80 1016.146301 ) (-277.685455 -38.572678 1016.145752 ) (-277.683502 -41.861179 982.013855 ) (-276.816162 -43.113663 978.014648 ) 
5 695 729 (-254.692337 -67.033340 959.377625 ) (-243.900406 -76.031662 978.012695 ) (-276.816162 -43.113663 978.014648 ) (-272.479980 -49.375217 958.021301 ) (-266.440704 -56.621010 945.494507 ) 
3 695 728 (-264.756012 -58.642250 942 ) (-254.692337 -67.033340 959.377625 ) (-266.440704 -56.621010 945.494507 ) 
4 695 712 (-244.016724 -20.911657 958.022217 ) (-223.105179 0 958.022644 ) (-206.112976 0 942 ) (-232 -25.886957 942 ) 
4 695 709 (-266.439209 -56.620441 945.493774 ) (-272.479065 -49.374153 958.021667 ) (-265.088379 -41.983425 958.021851 ) (-260.113708 -54 942 ) 
3 695 708 (-264.754822 -58.641254 942 ) (-266.439209 -56.620441 945.493774 ) (-260.113708 -54 942 ) 
4 695 699 (-277.684387 -41.861202 982.015503 ) (-277.686401 -38.572678 1016.146118 ) (-269.681793 -30.923553 1012.456055 ) (-268.822571 -32.998981 982.016357 ) 
4 695 698 (-254.602600 -16.514015 1005.504578 ) (-237.321121 0 997.537842 ) (-235.825027 0 982.019470 ) (-253.001221 -17.176947 982.017822 ) 
4 695 697 (-223.101563 0 958.014282 ) (-244.005203 -20.903648 958.013916 ) (-253.009735 -17.188660 982.026001 ) (-235.821335 0 982.026672 ) 
4 695 696 (-265.096588 -41.995029 958.013550 ) (-272.480469 -49.378906 958.013428 ) (-277.682648 -41.861961 982.025024 ) (-268.811462 -32.990623 982.025391 ) 
3 696 733 (-277.683502 -41.861179 982.013855 ) (-277.683258 -42.246487 978.014648 ) (-276.816162 -43.113663 978.014648 ) 
4 696 729 (-277.683258 -42.246487 978.014648 ) (-277.682739 -43.133041 968.812988 ) (-272.479980 -49.375217 958.021301 ) (-276.816162 -43.113663 978.014648 ) 
4 696 710 (-272.479065 -49.374153 958.021667 ) (-277.681854 -43.132156 968.813232 ) (-272.494904 -37.945118 968.813416 ) (-265.096893 -41.991932 958.021790 ) 
4 696 699 (-272.494354 -37.943363 968.817993 ) (-277.683594 -43.132813 968.817871 ) (-277.684387 -41.861202 982.015503 ) (-268.817566 -32.993992 982.016357 ) 
4 697 716 (-248.055283 -13.505142 968.814148 ) (-234.550339 0 968.814514 ) (-223.105179 0 958.022644 ) (-244.008316 -20.903248 958.022217 ) 
4 697 698 (-234.552414 0 968.819092 ) (-248.057007 -13.505093 968.818726 ) (-253.006668 -17.182396 982.017822 ) (-235.825027 0 982.019470 ) 
4 698 716 (-253.306854 0 986.500366 ) (-234.550339 0 968.814514 ) (-248.055267 -13.505138 968.814087 ) (-253 -4.465833 982 ) 
5 699 733 (-277.685455 -38.572678 1016.145752 ) (-285.585632 -30.671988 1016.145630 ) (-286.407440 -32.665329 986.909973 ) (-282.118988 -37.810509 978.014771 ) (-277.683258 -42.246490 978.014648 ) 
3 699 729 (-282.118988 -37.810509 978.014771 ) (-277.682739 -43.133041 968.812988 ) (-277.683258 -42.246490 978.014648 ) 
4 699 710 (-277.681854 -43.132156 968.813232 ) (-286.406006 -32.665405 986.908875 ) (-281.534760 -33 982 ) (-272.494904 -37.945126 968.813354 ) 
3 700 727 (-290.510040 -16.511845 1013.968689 ) (-291.033081 -10.073221 1012.574280 ) (-293.494476 -19.496441 1006.009766 ) 
6 700 724 (-293.491760 -19.497725 1006.006348 ) (-291.029358 -10.071467 1012.572815 ) (-274.243378 0 1006.241760 ) (-262.404541 0 995.078735 ) (-254.355118 -14.714904 973.613586 ) (-271.285309 -31.645123 973.613342 ) 
4 700 703 (-271.282684 -31.646727 973.609009 ) (-254.353500 -14.717413 973.609314 ) (-256.023132 -15.956824 978.061646 ) (-270.043549 -29.977459 978.060364 ) 
6 700 702 (-264.072021 -21.927574 999.526733 ) (-256 -15.935612 978.001648 ) (-256 -11.705908 978.001648 ) (-262.403503 0 995.077332 ) (-265.848022 0 1004.262695 ) (-267.629395 -18.370188 1009.013062 ) 
6 700 701 (-293.496094 -19.496094 1006.011719 ) (-274.290680 -30 977.997864 ) (-270.065247 -30 977.997986 ) (-264.072266 -21.927734 999.527344 ) (-267.629456 -18.370552 1009.013184 ) (-290.511963 -16.512094 1013.969055 ) 
4 701 727 (-294.421906 -23.046974 1003.536377 ) (-289.693665 -26.561249 1016.145020 ) (-290.510040 -16.511845 1013.968689 ) (-293.494476 -19.496441 1006.009766 ) 
4 701 726 (-289.498383 -28.955343 993.323059 ) (-294.419922 -23.050781 1003.531250 ) (-293.491760 -19.497725 1006.006348 ) (-274.292542 -30 978 ) 
3 701 702 (-268.277069 -25.049082 1010.740173 ) (-264.072021 -21.927574 999.526733 ) (-267.629395 -18.370188 1009.013062 ) 
3 702 725 (-262.404541 0 995.078735 ) (-256.804443 0 989.798279 ) (-256 -11.707967 978 ) 
4 703 724 (-252.992554 -17.205727 969.980103 ) (-268.794922 -33.007366 969.980591 ) (-271.285309 -31.645124 973.613342 ) (-254.355118 -14.714903 973.613586 ) 
4 704 729 (-269.143982 -54.225155 942.300049 ) (-284.148468 -36.225349 973.399353 ) (-279.856476 -42 958 ) (-269.398041 -54 942 ) 
3 704 728 (-267.874878 -55.747597 939.669617 ) (-269.143982 -54.225155 942.300049 ) (-269.398041 -54 942 ) 
4 704 710 (-284.151062 -36.223511 973.404358 ) (-269.144318 -54.225693 942.300659 ) (-268.599243 -54 942 ) (-273.579224 -42 958 ) 
3 704 708 (-269.144318 -54.225693 942.300659 ) (-267.872253 -55.751682 939.664063 ) (-268.599243 -54 942 ) 
3 704 705 (-268.602783 -53.998093 941.997253 ) (-267.877075 -55.746712 939.665771 ) (-269.401154 -53.998100 941.997253 ) 
5 705 735 (-279.204315 -37.981438 908.940369 ) (-280.023621 -39.960876 910.032776 ) (-284.232635 -41.703712 915.644775 ) (-287.742218 -37.743435 920.324219 ) (-287.248871 -37.250107 919.666504 ) 
6 705 728 (-287.742035 -37.742249 920.322693 ) (-284.232941 -41.701950 915.643921 ) (-280.019318 -45.915688 915.644043 ) (-267.070801 -56.712181 938.003052 ) (-267.874878 -55.747597 939.669617 ) (-269.398041 -54 942 ) 
3 705 721 (-267.081635 -37.250355 919.666931 ) (-279.203979 -37.981743 908.940918 ) (-287.246613 -37.250427 919.666870 ) 
4 705 708 (-268.599243 -54 942 ) (-267.872253 -55.751682 939.664063 ) (-267.070984 -56.712887 938.003296 ) (-261.360748 -51.002613 938.003235 ) 
4 705 707 (-261.360168 -51 938 ) (-263.023987 -47 932.667847 ) (-277.297699 -47 932.667786 ) (-272.784698 -51 938 ) 
5 705 706 (-263.023987 -47 932.667847 ) (-267.079773 -37.249996 919.668274 ) (-287.251129 -37.250000 919.668213 ) (-287.743378 -37.742241 920.324524 ) (-277.297699 -47 932.667786 ) 
3 706 735 (-287.742218 -37.743435 920.324219 ) (-288.260925 -37.158104 921.015869 ) (-287.248871 -37.250107 919.666504 ) 
4 706 731 (-288.259491 -37.158333 921.012634 ) (-287.742035 -37.742249 920.322693 ) (-277.296143 -47 932.666626 ) (-286.957642 -34 967.333374 ) 
4 706 722 (-249.792999 -36.207264 934.964111 ) (-252.879547 -36.393486 932.233093 ) (-253.782639 -35.490337 945.478699 ) (-250.268631 -35.731602 941.940186 ) 
7 706 721 (-252.879547 -36.393486 932.233093 ) (-267.081635 -37.250355 919.666931 ) (-287.246613 -37.250427 919.666870 ) (-288.260864 -37.158203 921.019531 ) (-286.958923 -34 967.332825 ) (-275.485382 -34 967.332886 ) (-253.782639 -35.490337 945.478699 ) 
3 706 718 (-247.874268 -36.091499 936.661804 ) (-249.792999 -36.207264 934.964111 ) (-250.261078 -35.739151 941.829468 ) 
4 706 713 (-246.358627 -36 938.002869 ) (-247.874268 -36.091499 936.661804 ) (-250.261078 -35.739151 941.829468 ) (-250.268631 -35.731602 941.940186 ) 
3 706 711 (-262.226563 -34.911034 953.981873 ) (-275.483551 -34 967.331360 ) (-266.322632 -39.006798 953.982117 ) 
5 706 707 (-277.297546 -47 932.663391 ) (-263.029266 -47 932.663452 ) (-255.356400 -44.997875 938.002869 ) (-266.338837 -38.997669 954.002869 ) (-283.245148 -38.997646 954.002930 ) 
3 707 732 (-277.296143 -47 932.666626 ) (-272.783051 -51 938 ) (-283.241516 -39 954 ) 
4 708 728 (-267.070801 -56.712181 938.003052 ) (-264.756012 -58.642250 942 ) (-266.440674 -56.621014 945.494507 ) (-269.143951 -54.225155 942.300049 ) 
5 708 709 (-268.594055 -54 942 ) (-269.143005 -54.226746 942.303528 ) (-266.439331 -56.622917 945.497864 ) (-260.112000 -54.001892 942.003235 ) (-260.112946 -54 942 ) 
3 709 729 (-266.440674 -56.621014 945.494507 ) (-272.479950 -49.375214 958.021301 ) (-269.085327 -54.277115 942.369324 ) 
5 709 710 (-268.609192 -53.988083 942.015625 ) (-268.636719 -54.015625 942.015625 ) (-269.085297 -54.278442 942.366028 ) (-272.481659 -49.374184 958.024658 ) (-265.088715 -41.980286 958.026001 ) 
4 710 733 (-282.119019 -37.810493 978.014832 ) (-286.407440 -32.665329 986.909973 ) (-286.545441 -33 982 ) (-285.434845 -34.494476 978.015015 ) 
6 710 729 (-272.479950 -49.375214 958.021301 ) (-282.119019 -37.810493 978.014832 ) (-285.434845 -34.494476 978.015015 ) (-284.148468 -36.225346 973.399353 ) (-269.143951 -54.225155 942.300049 ) (-269.085327 -54.277115 942.369324 ) 
3 711 724 (-262.225464 -34.910671 953.980469 ) (-275.485382 -34 967.332886 ) (-268.385773 -34 967.332886 ) 
4 712 716 (-244.010651 -20.913853 958.014160 ) (-223.096878 0 958.014526 ) (-211.779877 0 936.664368 ) (-227.998276 -16.218317 936.664368 ) 
4 712 715 (-231.998550 -17.395630 942.002014 ) (-228.998962 -18.640345 938.002625 ) (-231.996994 -25.883844 942 ) (-231.998413 -25.883261 942.002197 ) 
3 712 714 (-232.014496 -17.389013 942.023254 ) (-227.992950 -16.209713 936.661194 ) (-228.998962 -18.640345 938.002625 ) 
5 713 719 (-242.505386 -27.889532 942.014343 ) (-238.010605 -23.394865 942.014160 ) (-235 -22.512011 938 ) (-236.001740 -24.221731 936.664368 ) (-240.499146 -28.719109 936.664368 ) 
5 713 718 (-247.871231 -36.091160 936.664307 ) (-250.261719 -35.738281 941.839844 ) (-250.273636 -35.657581 942.014587 ) (-242.505386 -27.889532 942.014343 ) (-240.499146 -28.719109 936.664368 ) 
3 713 717 (-235 -22.512011 938 ) (-233.998245 -22.218252 936.664368 ) (-236.001740 -24.221731 936.664368 ) 
3 713 714 (-235 -24.638250 938 ) (-233.997131 -22.214176 936.661560 ) (-235 -22.508410 938 ) 
4 714 717 (-232 -17.391800 942 ) (-227.998276 -16.218317 936.664368 ) (-233.998245 -22.218252 936.664368 ) (-235 -22.512011 938 ) 
3 714 715 (-228.995605 -18.641586 938.007019 ) (-231.995117 -17.396851 942.006531 ) (-234.994766 -24.640787 938.007080 ) 
4 716 717 (-227.993637 -16.209812 936.660767 ) (-232 -17.384388 942.001343 ) (-231.998840 0 942.001587 ) (-221.284180 0 927.714966 ) 
3 717 722 (-248.749725 0 919.667114 ) (-247.608398 0 902.927429 ) (-248.749710 -18.918703 919.667114 ) 
5 717 719 (-239 -22.977673 932.668884 ) (-236.005737 -24.222996 936.661743 ) (-235 -22.508198 938.001282 ) (-235 0 938.001282 ) (-239 0 932.668884 ) 
4 717 718 (-248.750000 0 919.671875 ) (-248.750000 -18.924095 919.671875 ) (-239 -22.977673 932.668884 ) (-239 0 932.668884 ) 
7 718 722 (-249.792740 -36.208233 934.965210 ) (-250.260513 -35.740467 941.825867 ) (-250.273880 -35.649868 942.022034 ) (-252 -10.515150 967.332031 ) (-252 0 967.332092 ) (-248.749725 0 919.667114 ) (-248.749710 -18.918703 919.667114 ) 
3 718 720 (-246.994904 -19.677437 953.986389 ) (-252 -10.517635 967.333069 ) (-251.089401 -23.771162 953.987610 ) 
6 718 719 (-247 -19.663095 954 ) (-242.506577 -27.884462 942.018494 ) (-240.497726 -28.715027 936.661743 ) (-239 -22.975889 932.667969 ) (-239 0 932.667969 ) (-247 0 954 ) 
3 720 724 (-252 -10.515144 967.332092 ) (-251.089157 -23.775225 953.979492 ) (-252 -17.614998 967.332092 ) 
3 721 743 (-284.398956 0 915.865356 ) (-259.150635 0 892.059021 ) (-266.544342 -7.393838 892.059143 ) 
6 721 735 (-313 0 954 ) (-284.396851 0 915.863770 ) (-266.543060 -7.391953 892.058716 ) (-279.204315 -37.981438 908.940369 ) (-288.260925 -37.158104 921.015869 ) (-313 -9.242489 954 ) 
6 721 731 (-313 -9.240734 954 ) (-288.259491 -37.158333 921.012634 ) (-286.957642 -34 967.333313 ) (-287.700653 -33 970 ) (-292.940491 -26.988470 978.015137 ) (-303.994293 -15.934248 978.015198 ) 
3 721 730 (-287.700653 -33 970 ) (-289.934631 -29.994429 978.015137 ) (-292.940491 -26.988470 978.015137 ) 
5 721 727 (-304 -15.927730 977.993652 ) (-296.287354 -21.660488 998.561890 ) (-291.562103 -3.561096 1011.164001 ) (-291.851410 0 1010.392761 ) (-304 0 977.994507 ) 
3 721 725 (-256 -3.198914 978 ) (-256.219635 0 981.221252 ) (-257.747986 0 982.661316 ) 
9 721 724 (-275.475372 -34.003773 967.323547 ) (-262.232025 -34.912983 953.988464 ) (-254.362869 -27.043949 953.988708 ) (-256 -3.198914 978 ) (-257.747986 0 982.661316 ) (-285.620239 0 1008.923523 ) (-291.561554 -3.563278 1011.164063 ) (-296.287506 -21.664383 998.560669 ) (-294.806702 -23.440767 995.491516 ) 
3 721 723 (-282.804138 -30 978.001221 ) (-294.805908 -23.441681 995.490112 ) (-289.931732 -30 978.001221 ) 
5 721 722 (-256 -3.201422 978 ) (-253.783203 -35.492188 945.484375 ) (-252.879822 -36.395569 932.234741 ) (-250.684143 0 900.031250 ) (-256 0 978 ) 
4 722 724 (-251.089233 -23.770350 953.988831 ) (-251.998886 -10.521236 967.330322 ) (-256 -3.198911 978 ) (-254.362869 -27.043928 953.988770 ) 
3 723 726 (-282.802490 -30 978 ) (-294.806702 -23.440767 995.491516 ) (-289.735535 -29.524117 984.981079 ) 
5 724 727 (-296.287354 -21.660488 998.561890 ) (-295.926575 -21.928631 999.523926 ) (-293.494476 -19.496441 1006.009766 ) (-291.033081 -10.073221 1012.574280 ) (-291.562103 -3.561096 1011.164001 ) 
5 724 726 (-294.811188 -23.435080 995.503967 ) (-282.798798 -30 977.997559 ) (-274.292480 -30 978 ) (-293.495667 -19.495644 1006.011597 ) (-295.929840 -21.929838 999.518311 ) 
4 724 725 (-262.404968 0 995.078308 ) (-256 -11.710177 977.997253 ) (-256 -3.197250 977.996887 ) (-257.746918 0 982.655884 ) 
3 726 727 (-295.926575 -21.928631 999.523926 ) (-294.421906 -23.046974 1003.536377 ) (-293.494476 -19.496441 1006.009766 ) 
4 728 735 (-287.250000 -42.953125 919.667969 ) (-289.928375 -39.929607 923.239136 ) (-287.742218 -37.743439 920.324219 ) (-284.232635 -41.703712 915.644775 ) 
3 728 733 (-252.585175 -73.010605 967.347290 ) (-252.395340 -73.200432 967.347290 ) (-252.083374 -73.304413 967.739014 ) 
4 728 732 (-272.783020 -51.001545 937.997681 ) (-277.296906 -47.001190 932.663757 ) (-281.947876 -47.001144 932.663879 ) (-277.431854 -51.001465 937.997742 ) 
4 728 731 (-277.296906 -47.001190 932.663757 ) (-287.741364 -37.744965 920.321899 ) (-289.928467 -39.931889 923.238037 ) (-281.947876 -47.001144 932.663879 ) 
5 728 729 (-252.582657 -73.013084 967.347229 ) (-252.087448 -73.303078 967.733887 ) (-254.697540 -67.029510 959.368774 ) (-269.398010 -54.001465 941.997681 ) (-274.045166 -54.001431 941.997803 ) 
5 729 733 (-243.902344 -76.031250 978.012024 ) (-285.437683 -34.495911 978.011169 ) (-287.099976 -38.495876 967.344666 ) (-252.585175 -73.010605 967.347290 ) (-252.083374 -73.304413 967.739014 ) 
3 730 731 (-291.185669 -33.001381 969.996582 ) (-292.942688 -26.987720 978.014832 ) (-287.699951 -33.001431 969.996521 ) 
4 731 735 (-289.928375 -39.929607 923.239136 ) (-313 -13.885298 954 ) (-313 -9.242492 954 ) (-287.742218 -37.743439 920.324219 ) 
4 731 732 (-281.948853 -47 932.666870 ) (-277.297546 -47 932.666870 ) (-283.244415 -39 954 ) (-287.886047 -39 954 ) 
4 733 802 (-244.233673 -80 981.435181 ) (-239.140793 -80 986.230774 ) (-236.260208 -80 1016.146729 ) (-240.774643 -80 1017.210876 ) 
3 734 742 (-326.715271 0 955.764832 ) (-321.420532 0 950.772522 ) (-323.179108 -4.245577 948.427734 ) 
6 735 743 (-317.905945 0 947.458679 ) (-284.398956 0 915.865356 ) (-266.544342 -7.393838 892.059143 ) (-280.036255 -20.885996 892.059448 ) (-309.319458 -20.885771 919.670471 ) (-320.831909 -7.063677 943.557556 ) 
5 736 743 (-325 -17.133793 937.998718 ) (-290.547455 -31.398485 892.060669 ) (-277.551147 0 874.732300 ) (-321.425598 0 933.231506 ) (-325 -8.638083 937.998718 ) 
4 736 740 (-323.994873 -6.210390 936.661804 ) (-321.424347 0 933.234436 ) (-330.802887 0 924.403870 ) (-339.996429 -22.211777 936.661926 ) 
3 736 739 (-338 -25.884573 942 ) (-335.002777 -18.643169 938.003662 ) (-340.997284 -24.637617 938.003723 ) 
4 736 738 (-335.002777 -18.643169 938.003662 ) (-333.996429 -16.211838 936.661865 ) (-339.996429 -22.211777 936.661926 ) (-341.002777 -24.643110 938.003723 ) 
4 736 737 (-338.001556 -25.888260 942.002075 ) (-328 -15.886719 942.001953 ) (-323.994873 -6.210390 936.661804 ) (-333.996429 -16.211838 936.661865 ) 
3 737 743 (-325.001007 -8.638078 937.998718 ) (-323.997467 -6.213566 936.660645 ) (-325.001007 -6.507902 937.998657 ) 
4 737 742 (-340.023560 -10.914038 958.028809 ) (-328.002991 -15.890877 942.001404 ) (-328 -15.885900 941.998657 ) (-328 -7.387800 941.998657 ) 
4 737 741 (-340.011719 -10.909180 958.015625 ) (-333 -8.852710 948.667114 ) (-338 -17.387213 942 ) (-350.012085 -20.910221 958.016113 ) 
4 737 740 (-333 -8.852710 948.667114 ) (-323.992188 -6.210938 936.657898 ) (-333.993408 -16.212101 936.657837 ) (-338 -17.387213 942 ) 
3 737 739 (-338 -17.400215 942 ) (-335.002258 -18.644724 938.001709 ) (-338 -25.887287 941.998718 ) 
3 737 738 (-338.016998 -17.393375 942.021362 ) (-333.996094 -16.213867 936.660156 ) (-335.002258 -18.644724 938.001709 ) 
4 738 740 (-333.993408 -16.212101 936.657837 ) (-339.993378 -22.212051 936.657837 ) (-341 -22.507313 938 ) (-338 -17.387205 942 ) 
3 738 739 (-341 -24.648441 938 ) (-334.996094 -18.644531 938 ) (-337.998077 -17.399517 942.002686 ) 
4 740 743 (-325.001007 -6.507902 937.998657 ) (-323.997467 -6.213566 936.660645 ) (-321.425598 0 933.231506 ) (-325 0 937.998718 ) 
4 740 742 (-333.001038 -8.854322 948.665405 ) (-328 -7.387800 941.998657 ) (-328 0 941.998718 ) (-333.001068 0 948.665466 ) 
4 740 741 (-338.001465 -17.381172 942.001892 ) (-333.001434 -8.847672 948.668640 ) (-333.001434 0 948.668640 ) (-338.001648 0 942.002197 ) 
5 741 742 (-351.714294 -6.073749 973.616455 ) (-340.023560 -10.914038 958.028809 ) (-333.001038 -8.854322 948.665405 ) (-333.001068 0 948.665466 ) (-344.742249 0 964.320374 ) 
3 744 802 (-350.158905 -80 970.046204 ) (-346.349426 -80 973.640808 ) (-345.928070 -80 978.017578 ) 
4 744 754 (-390.214386 -36.136215 973.637085 ) (-348.618652 -77.729935 973.639404 ) (-355.129486 -75.031799 970.041931 ) (-392.677704 -37.485123 970.040039 ) 
4 744 753 (-348.618652 -77.729935 973.639404 ) (-346.348480 -80 973.639526 ) (-350.161072 -80 970.042175 ) (-355.129486 -75.031799 970.041931 ) 
4 744 748 (-392.682251 -37.485004 970.040283 ) (-350.165527 -80 970.042358 ) (-345.927490 -80 978.028137 ) (-391.438385 -34.490665 978.025208 ) 
3 745 776 (-410 -15.932157 978.013428 ) (-410.297424 -16.055075 973.637268 ) (-410.542480 -19.618818 970.043335 ) 
4 745 757 (-410.546051 -19.617512 970.039124 ) (-410.300781 -16.050781 973.635986 ) (-396.078308 -30.272594 973.636780 ) (-397.192719 -32.970287 970.039795 ) 
4 745 755 (-396.078308 -30.272594 973.636780 ) (-394.714539 -31.636290 973.636841 ) (-397.177856 -32.985165 970.039795 ) (-397.192719 -32.970287 970.039795 ) 
6 746 802 (-346.435974 -80 1020.722351 ) (-408.222595 -80 1004.068420 ) (-410.487549 -80 970.849060 ) (-379.886627 -80 941.995300 ) (-362.902191 -80 958.021729 ) (-350.175873 -80 982.032898 ) 
6 746 772 (-412.455017 -47.433914 941.992798 ) (-410.487854 -80 970.844604 ) (-408.222595 -80 1004.068359 ) (-407.087067 -19.348610 1020.722595 ) (-409.725189 -20.450674 982.030212 ) (-411.362061 -31.538242 958.023010 ) 
3 746 759 (-407.088287 -19.347393 1020.722473 ) (-408.223816 -80 1004.067993 ) (-346.436035 -80 1020.722229 ) 
4 746 749 (-379.885132 -80 941.996277 ) (-405.881226 -54.003033 941.996155 ) (-400.916931 -41.985573 958.019348 ) (-362.903442 -80 958.019226 ) 
4 746 748 (-396.073730 -30.359928 1020.722473 ) (-346.433899 -80 1020.722290 ) (-350.177612 -80 982.029602 ) (-397.178162 -32.998051 982.030090 ) 
4 746 747 (-362.896515 -80 958.025879 ) (-400.904877 -41.990078 958.026855 ) (-397.186432 -32.989338 982.028809 ) (-350.175781 -80 982.030945 ) 
3 747 802 (-362.902191 -80 958.021729 ) (-351.452545 -80 968.825500 ) (-350.175873 -80 982.032898 ) 
4 747 754 (-393.511139 -37.941486 968.823059 ) (-357.334808 -74.117935 968.823364 ) (-376.888214 -66.014893 958.019287 ) (-400.909637 -41.992863 958.019348 ) 
4 747 753 (-357.334808 -74.117935 968.823364 ) (-351.452759 -80 968.823425 ) (-362.903442 -80 958.019226 ) (-376.888214 -66.014893 958.019287 ) 
4 747 748 (-351.455292 -80 968.824341 ) (-393.512665 -37.941090 968.824097 ) (-397.187347 -32.988846 982.030090 ) (-350.177612 -80 982.029602 ) 
5 748 802 (-341.693787 -80 1022 ) (-346.435974 -80 1020.722351 ) (-351.452545 -80 968.825500 ) (-350.158905 -80 970.046204 ) (-345.928070 -80 978.017578 ) 
4 748 760 (-396.075806 -30.359940 1020.722412 ) (-346.436035 -80 1020.722229 ) (-341.693756 -80 1022 ) (-391.423126 -30.272827 1022 ) 
4 748 754 (-392.677704 -37.485123 970.040039 ) (-355.129486 -75.031799 970.041931 ) (-357.334808 -74.117943 968.823364 ) (-393.511139 -37.941486 968.823059 ) 
4 748 753 (-355.129486 -75.031799 970.041931 ) (-350.161072 -80 970.042175 ) (-351.452759 -80 968.823425 ) (-357.334808 -74.117943 968.823364 ) 
3 749 802 (-379.886627 -80 941.995300 ) (-374.225555 -80 936.657471 ) (-362.902100 -80 958.021790 ) 
3 749 754 (-397.388611 -54 942 ) (-400.913910 -41.984928 958.020264 ) (-376.884552 -66.015190 958.019653 ) 
5 749 753 (-374.222656 -80 936.652954 ) (-396.211975 -58.010670 936.652588 ) (-397.388611 -54 942 ) (-376.884552 -66.015190 958.019653 ) (-362.900269 -80 958.019287 ) 
5 749 752 (-397.397552 -54.002174 942.002258 ) (-397.396088 -54.007210 941.995544 ) (-398.637268 -57.007153 937.995300 ) (-405.882080 -54.005615 941.996277 ) (-405.880463 -54.001686 942.001526 ) 
3 749 751 (-397.396088 -54.007210 941.995544 ) (-396.222870 -58.007435 936.661926 ) (-398.637268 -57.007153 937.995300 ) 
3 750 786 (-412.819061 -41.407494 936.653687 ) (-412.727753 -42.919182 937.992981 ) (-412.453796 -38.933315 942.010864 ) 
5 750 758 (-404.232727 -49.989929 936.652466 ) (-408.717224 -45.505436 936.652405 ) (-407.885620 -43.493076 942.018738 ) (-403.392639 -47.986183 942.018616 ) (-402.508331 -51 938 ) 
4 750 756 (-408.717224 -45.505436 936.652405 ) (-412.820313 -41.402344 936.652344 ) (-412.454376 -38.924225 942.018921 ) (-407.885620 -43.493076 942.018738 ) 
3 750 753 (-402.211914 -52.010750 936.652527 ) (-404.232727 -49.989929 936.652466 ) (-402.508331 -51 938 ) 
4 750 751 (-404.632233 -51.001759 938.001587 ) (-404.634735 -51.007786 937.993530 ) (-402.213867 -52.011719 936.656250 ) (-402.510010 -51.002102 938.002075 ) 
4 751 753 (-396.211975 -58.010670 936.652588 ) (-402.211914 -52.010750 936.652527 ) (-402.508331 -51 938 ) (-397.388611 -54 942 ) 
4 751 752 (-398.642639 -57.005074 937.998413 ) (-397.400604 -54.002182 942.002319 ) (-404.646027 -51 938 ) (-404.646423 -51.001320 937.998413 ) 
4 753 802 (-374.225555 -80 936.657471 ) (-351.933411 -80 915.638123 ) (-346.349426 -80 973.640808 ) (-362.902100 -80 958.021790 ) 
5 753 758 (-404.233368 -49.992756 936.657959 ) (-402.514862 -51 938 ) (-378.781830 -51 938 ) (-383.295410 -47 932.666687 ) (-402.993896 -47 932.667236 ) 
3 753 756 (-383.295410 -47 932.666687 ) (-397.705292 -34.229961 915.639832 ) (-402.993896 -47 932.667236 ) 
4 753 754 (-397.394836 -54 942 ) (-376.875000 -66.023438 958.031250 ) (-348.613464 -77.735458 973.647400 ) (-375.396637 -54 942 ) 
3 755 757 (-397.209106 -33.001144 969.997253 ) (-396.081268 -30.270590 973.638000 ) (-393.700745 -33.001152 969.997253 ) 
4 756 788 (-413.090881 -36.907654 932.667053 ) (-412.819061 -41.407494 936.653687 ) (-412.453796 -38.933315 942.010864 ) (-411.636353 -27.039989 954 ) 
4 756 787 (-414.252075 -17.684229 915.636108 ) (-413.090881 -36.907654 932.667053 ) (-411.636353 -27.039989 954 ) (-410.898376 -16.302641 964.823425 ) 
6 756 758 (-402.993042 -47 932.666565 ) (-383.295471 -47 932.666626 ) (-389.243652 -39 954 ) (-399.675659 -39 954 ) (-407.895569 -43.498291 942.004517 ) (-408.724548 -45.502823 936.659119 ) 
4 756 757 (-399.674927 -38.998833 954.004211 ) (-392.259705 -34.940224 964.826416 ) (-410.898254 -16.302534 964.825623 ) (-411.637665 -27.035656 954.005432 ) 
4 757 787 (-410.542450 -19.618809 970.043335 ) (-410.297424 -16.055075 973.637268 ) (-410.898376 -16.302641 964.823425 ) (-411.636353 -27.039989 954 ) 
4 759 802 (-403.863647 -80 1068 ) (-408.222595 -80 1004.068420 ) (-346.435974 -80 1020.722351 ) (-341.865936 -80 1068 ) 
4 759 800 (-331.217804 -80 1178.156372 ) (-396.353027 -80 1178.156372 ) (-403.863647 -80 1068 ) (-341.865936 -80 1068 ) 
5 759 789 (-408.222595 -80 1004.068359 ) (-396.352814 -80 1178.158569 ) (-393.724213 -57.725273 1216.711182 ) (-393.724213 -13.766457 1216.711182 ) (-407.087067 -19.348614 1020.722595 ) 
5 759 767 (-406.726990 -19.197712 1025.987915 ) (-393.722992 -13.765449 1216.713379 ) (-390.611603 -16.356297 1222.098633 ) (-395.388489 -28.719501 1044.781982 ) (-395.923767 -30 1025.988159 ) 
3 759 766 (-390.611603 -16.356297 1222.098633 ) (-390.323975 -16.595795 1222.596436 ) (-395.388489 -28.719501 1044.781982 ) 
5 759 765 (-390.323975 -16.595795 1222.596436 ) (-369.737762 -33.737770 1258.226807 ) (-331.215393 -80 1178.156372 ) (-345.924530 -80 1025.989624 ) (-395.923767 -30 1025.988159 ) 
4 759 760 (-346.433594 -80 1020.723206 ) (-396.073730 -30.359867 1020.723389 ) (-395.923767 -30 1025.988159 ) (-345.924530 -80 1025.989624 ) 
3 760 802 (-345.926636 -80 1025.991699 ) (-346.435974 -80 1020.722351 ) (-341.703613 -80 1021.997925 ) 
4 760 765 (-341.705139 -80 1021.997986 ) (-391.433594 -30.272980 1021.997742 ) (-395.925049 -30 1025.990479 ) (-345.925873 -80 1025.992065 ) 
4 761 790 (-393.724213 -9.178843 1216.711182 ) (-393.724213 0 1216.711182 ) (-405.957458 0 1037.290039 ) (-405.734070 -14.121399 1040.566406 ) 
5 761 771 (-386 -6 1034 ) (-380.397095 -3.694940 1032.135986 ) (-371.418823 0 1035.551880 ) (-371.418823 0 1255.317261 ) (-385.624207 -5.846107 1230.730713 ) 
4 761 767 (-393.724243 -9.179614 1216.711182 ) (-405.734100 -14.122175 1040.566528 ) (-386 -6 1034 ) (-386.426788 -6.176401 1229.341553 ) 
3 761 766 (-386 -6 1034 ) (-385.624207 -5.846107 1230.730713 ) (-386.426788 -6.176401 1229.341553 ) 
5 761 762 (-386.001709 -6 1034 ) (-405.734192 -14.119755 1040.565674 ) (-405.957428 0 1037.289795 ) (-384.097656 0 1032.136719 ) (-383.687531 -0.410140 1032.136719 ) 
4 762 790 (-405.957458 0 1037.290039 ) (-406.318146 0 1032 ) (-405.994751 -14.228684 1036.742920 ) (-405.734070 -14.121399 1040.566406 ) 
3 762 767 (-405.734100 -14.122175 1040.566528 ) (-405.994781 -14.229458 1036.743164 ) (-386 -6 1034 ) 
5 762 763 (-385.998505 -5.990022 1033.997925 ) (-386.005859 -6.007813 1034.003906 ) (-405.994598 -14.234008 1036.745972 ) (-406.318115 0 1032.001099 ) (-388.479950 0 1032 ) 
3 763 793 (-406.413483 0 1030.601807 ) (-406.609528 0 1027.726563 ) (-406.511505 -6 1029.164185 ) 
5 763 790 (-406.318146 0 1032 ) (-406.413483 0 1030.601807 ) (-406.511505 -6 1029.164185 ) (-406.374481 -14.384962 1031.173462 ) (-405.994751 -14.228684 1036.742920 ) 
3 763 767 (-405.994781 -14.229458 1036.743164 ) (-406.374512 -14.385738 1031.173584 ) (-386 -6 1034 ) 
5 763 764 (-386.012085 -5.980244 1033.993408 ) (-386.003906 -6 1034 ) (-406.374481 -14.383346 1031.173950 ) (-406.609528 0 1027.727295 ) (-400.462616 0 1029.176514 ) 
5 764 793 (-406.609528 0 1027.726563 ) (-406.651306 0 1027.113647 ) (-406.651276 -14.498878 1027.113647 ) (-406.650330 -14.498486 1027.127563 ) (-406.511505 -6 1029.164185 ) 
3 764 790 (-406.650330 -14.498486 1027.127563 ) (-406.374481 -14.384962 1031.173462 ) (-406.511505 -6 1029.164185 ) 
4 764 767 (-406.374512 -14.385738 1031.173584 ) (-406.651337 -14.499660 1027.113647 ) (-385.995514 -5.998927 1033.998779 ) (-386 -6 1034 ) 
5 765 802 (-208 -80 1068 ) (-341.865936 -80 1068 ) (-345.926636 -80 1025.991699 ) (-341.703613 -80 1021.997925 ) (-208 -80 1058.036255 ) 
4 765 800 (-192.354996 -80 1068 ) (-256 -80 1178.156372 ) (-331.217804 -80 1178.156372 ) (-341.865936 -80 1068 ) 
5 765 771 (-196.678101 -26.626446 1075.482300 ) (-329.700745 -29.116879 1038.956055 ) (-366.210449 -13.750358 1264.331787 ) (-347.548004 -11.548027 1296.632690 ) (-324.452026 -11.548026 1296.632690 ) 
5 765 769 (-329.853027 -29.119730 1038.914185 ) (-376.884521 -30 1026 ) (-395.872131 -30 1026 ) (-390.038605 -16.562286 1223.090210 ) (-366.962494 -13.839106 1263.030151 ) 
4 765 768 (-329.700745 -29.116879 1038.956055 ) (-329.853027 -29.119730 1038.914185 ) (-366.962494 -13.839106 1263.030151 ) (-366.210449 -13.750358 1264.331787 ) 
4 765 766 (-395.873718 -30.003880 1025.946411 ) (-395.929688 -30 1025.996094 ) (-390.327881 -16.596424 1222.589478 ) (-390.038605 -16.562286 1223.090210 ) 
5 766 769 (-390.038818 -16.559217 1223.089722 ) (-395.872314 -29.997089 1026 ) (-387.408112 -9.419645 1032.860107 ) (-386 -6 1034.437866 ) (-385.734161 -6.109459 1230.540405 ) 
3 766 768 (-386 -6 1034.437866 ) (-385.625458 -5.845572 1230.728516 ) (-385.734161 -6.109459 1230.540405 ) 
6 766 767 (-386.001953 -6.003906 1034.425781 ) (-387.371796 -9.332406 1032.890869 ) (-395.881134 -29.996965 1026.012573 ) (-395.321808 -28.547134 1047.276733 ) (-390.612122 -16.357878 1222.097656 ) (-386.426727 -6.176947 1229.341553 ) 
4 767 790 (-393.724213 -13.766457 1216.711182 ) (-393.724213 -9.178843 1216.711182 ) (-406.650330 -14.498484 1027.127686 ) (-406.727142 -19.198261 1026.001465 ) 
3 767 769 (-386.001617 -6 1034 ) (-386 -6 1034.437866 ) (-387.403015 -9.407316 1032.865845 ) 
7 768 771 (-386 -6 1034.437256 ) (-385.969879 -5.987617 1049.511719 ) (-385.607910 -5.838658 1230.758789 ) (-366.212006 -13.750444 1264.329102 ) (-329.701447 -29.117348 1038.947998 ) (-377.878632 -9.341032 1031.292969 ) (-384.476929 -6.627160 1033.492310 ) 
3 768 770 (-386 -6 1034 ) (-377.868011 -9.348168 1031.293823 ) (-372.492157 -11.561796 1032.146118 ) 
6 768 769 (-385.735809 -6.108443 1230.537476 ) (-386 -6 1036.461792 ) (-386 -6 1034 ) (-372.492157 -11.561796 1032.146118 ) (-329.851288 -29.120110 1038.906860 ) (-366.961884 -13.839026 1263.031250 ) 
3 769 771 (-386 -6 1034 ) (-386 -6 1034.437256 ) (-385.094574 -6.372836 1033.875732 ) 
3 769 770 (-386 -6.001006 1034 ) (-372.492615 -11.563109 1032.145630 ) (-376.568359 -28.770702 1026.408936 ) 
3 770 771 (-386 -6 1034 ) (-385.094574 -6.372836 1033.875732 ) (-384.479736 -6.626005 1033.494019 ) 
3 772 802 (-437.382721 -80 996.208618 ) (-410.487549 -80 970.849060 ) (-408.222595 -80 1004.068420 ) 
6 772 789 (-496 -21.383223 996.207214 ) (-437.384186 -80 996.207092 ) (-408.223724 -80 1004.067139 ) (-407.088196 -19.347576 1020.721558 ) (-426.435699 0 1020.721558 ) (-496 0 1001.970886 ) 
4 772 777 (-434.005280 -25.878860 941.992981 ) (-459.884003 0 941.992859 ) (-442.903503 0 958.015564 ) (-421.988708 -20.915556 958.015015 ) 
4 772 774 (-430.173431 0 982.033813 ) (-426.437500 0 1020.721313 ) (-410.359924 -16.077589 1020.721252 ) (-412.997650 -17.175724 982.034668 ) 
4 772 773 (-421.990265 -20.911659 958.026123 ) (-442.901123 0 958.026672 ) (-430.175781 0 982.027344 ) (-412.989532 -17.186241 982.028137 ) 
4 773 781 (-421.994385 -20.909882 958.015015 ) (-442.903503 0 958.015564 ) (-431.452667 0 968.820496 ) (-417.942352 -13.510365 968.820557 ) 
4 773 774 (-417.941467 -13.507729 968.822876 ) (-431.449158 0 968.822815 ) (-430.173431 0 982.033813 ) (-412.987061 -17.186319 982.034668 ) 
3 774 792 (-410.058929 0 1025.135742 ) (-421.704895 0 1021.996704 ) (-410.272949 -11.431679 1021.996765 ) 
4 774 791 (-421.704895 0 1021.996704 ) (-426.435699 0 1020.721558 ) (-410.359894 -16.075853 1020.721558 ) (-410.272949 -11.431679 1021.996765 ) 
4 774 781 (-417.942322 -13.510378 968.820618 ) (-431.452667 0 968.820496 ) (-412.691589 0 986.523376 ) (-413 -4.485230 982 ) 
3 775 787 (-410.004517 -11.732717 977.988037 ) (-410.301453 -16.051481 973.632690 ) (-411.637787 -14.715223 973.632629 ) 
3 775 776 (-411.634888 -14.714348 973.640381 ) (-410.297241 -16.051922 973.640442 ) (-410 -15.929468 978 ) 
4 776 787 (-410.301453 -16.051481 973.632690 ) (-410.546753 -19.619022 970.034973 ) (-412.986908 -17.178900 970.034912 ) (-411.637787 -14.715223 973.632629 ) 
4 777 781 (-438.007324 -16.217642 936.656860 ) (-454.224701 0 936.656616 ) (-442.903381 0 958.016357 ) (-421.988129 -20.916290 958.015808 ) 
4 777 780 (-434.001465 -25.877956 942.001892 ) (-434.006531 -25.880043 941.995178 ) (-437.008270 -18.637836 937.993896 ) (-434.001831 -17.394304 942.002441 ) 
3 777 779 (-438.011719 -16.216797 936.656250 ) (-434 -17.393414 942.005310 ) (-437.008270 -18.637836 937.993896 ) 
3 778 786 (-416 -39.644382 937.995300 ) (-416.091339 -38.133507 936.656738 ) (-415.726288 -35.660664 942.011047 ) 
5 778 783 (-415.728516 -35.659767 942.009827 ) (-416.093475 -38.131851 936.657227 ) (-429.992767 -24.232307 936.657043 ) (-431 -22.513205 938 ) (-427.992188 -23.395443 942.010498 ) 
3 778 782 (-429.992767 -24.232307 936.657043 ) (-432.007294 -22.217758 936.656982 ) (-431 -22.513205 938 ) 
4 778 779 (-431 -24.645508 937.996094 ) (-430.998047 -24.645105 937.997375 ) (-430.998077 -22.514463 937.997375 ) (-432.004364 -22.219297 936.655640 ) 
4 779 782 (-432.007294 -22.217758 936.656982 ) (-438.007324 -16.217642 936.656860 ) (-434 -17.393047 942 ) (-431 -22.513205 938 ) 
4 779 780 (-434 -17.399384 942 ) (-437.003265 -18.641581 937.995667 ) (-431.003113 -24.641813 937.995789 ) (-431 -24.640518 938 ) 
4 781 782 (-434.001495 -17.392618 942.001892 ) (-438.009308 -16.217049 936.658142 ) (-444.727020 0 927.701172 ) (-434.001465 0 942.001953 ) 
3 782 787 (-417.249786 -18.955818 919.666321 ) (-418.394806 0 902.872437 ) (-417.249756 0 919.666321 ) 
5 782 783 (-431 -22.517355 938 ) (-429.996246 -24.231733 936.659729 ) (-417.250122 -18.954025 919.664917 ) (-417.250122 0 919.664917 ) (-431 0 938 ) 
5 783 788 (-415.726257 -35.660614 942.011108 ) (-416.091339 -38.133507 936.656738 ) (-416.363159 -33.633789 932.670227 ) (-415.249786 -26.080416 949 ) (-415.249786 -28.727879 949 ) 
5 783 787 (-416.363159 -33.633789 932.670227 ) (-417.249786 -18.955818 919.666321 ) (-417.249756 0 919.666321 ) (-415.249756 0 949 ) (-415.249786 -26.080416 949 ) 
3 783 785 (-419 -19.676161 954 ) (-415.250031 -28.727180 949 ) (-415.250031 -26.079914 949 ) 
4 783 784 (-419 -19.676161 954 ) (-415.250031 -26.079914 949 ) (-415.250031 0 949 ) (-419 0 954 ) 
4 784 787 (-415.249786 -26.080414 949 ) (-415.249756 0 949 ) (-414 0 967.334106 ) (-414 -17.599644 967.334106 ) 
4 784 785 (-419 -19.673708 954 ) (-415.250031 -26.077349 949 ) (-414.908386 -23.762335 954.005127 ) (-418.998322 -19.673010 954.004456 ) 
3 785 788 (-415.249786 -28.727882 949 ) (-415.249786 -26.080414 949 ) (-414.908844 -23.767536 954 ) 
4 786 788 (-416.091797 -38.130859 936.656250 ) (-415.726440 -35.656059 942.015320 ) (-412.453644 -38.930691 942.013550 ) (-412.818939 -41.405041 936.656006 ) 
4 787 788 (-414.909546 -23.775166 953.991882 ) (-416.363129 -33.636574 932.672852 ) (-413.086548 -36.911621 932.672363 ) (-411.632690 -27.048386 953.995361 ) 
5 789 802 (-464 -80 1021.306152 ) (-437.382721 -80 996.208618 ) (-408.222595 -80 1004.068420 ) (-403.863647 -80 1068 ) (-464 -80 1068 ) 
4 789 800 (-396.353027 -80 1178.156372 ) (-416 -80 1178.156372 ) (-479.644928 -80 1068 ) (-403.863647 -80 1068 ) 
4 789 794 (-496 -67.499855 1039.692627 ) (-496 0 1039.692627 ) (-496 0 1016 ) (-496 -42.372589 1016 ) 
4 789 791 (-410.359741 -16.073826 1020.723450 ) (-426.433502 0 1020.723511 ) (-425.923248 0 1026.002075 ) (-410 -15.923475 1026.002075 ) 
4 789 790 (-393.723053 -13.765480 1216.713257 ) (-406.726044 -19.197311 1026.002075 ) (-425.923248 0 1026.002075 ) (-410.254211 0 1188.101196 ) 
4 790 793 (-409.739746 0 1029.817383 ) (-406.412994 0 1030.601685 ) (-406.649689 -14.498214 1027.127808 ) (-410 -15.876641 1026.013184 ) 
4 790 792 (-410.040070 -15.893502 1026 ) (-425.933502 0 1026 ) (-409.739746 0 1029.817383 ) (-410 -15.876641 1026.013184 ) 
4 791 792 (-410.272888 -11.434244 1021.997803 ) (-421.707428 0 1021.997742 ) (-425.925018 0 1025.989868 ) (-410 -15.924991 1025.990356 ) 
4 792 793 (-410 -15.876587 1026.011719 ) (-410 -15.876978 1025.997314 ) (-410 0 1025.997437 ) (-409.739868 0 1029.816040 ) 
7 795 809 (-512 -8.800003 972 ) (-512 -79.200005 972 ) (-512 -76.084381 986.664917 ) (-512 -62.329979 997.667786 ) (-512 -44 1001.330017 ) (-512 -25.663847 997.666748 ) (-512 -11.916460 986.668823 ) 
4 795 796 (-496 -8.800003 972 ) (-496 -79.200005 972 ) (-512 -79.200005 972 ) (-512 -8.800003 972 ) 
4 796 809 (-512 -8 844 ) (-512 -80 844 ) (-512 -80 972 ) (-512 -8 972 ) 
4 797 809 (-512 0 2048 ) (-512 0 1103.384766 ) (-512 -80 1103.384766 ) (-512 -80 2048 ) 
4 797 801 (-512 -80 1269.541016 ) (-512 -80 1103.384766 ) (-496 -80 1131.077393 ) (-496 -80 1269.541138 ) 
4 797 798 (-512 -80 2048 ) (-512 -80 1269.541016 ) (-496 -80 1269.541138 ) (-496 -80 2048 ) 
4 798 866 (-160 -176 1103.384766 ) (-160 -176 2048 ) (-512 -176 2048 ) (-512 -176 1103.384766 ) 
4 798 809 (-512 -176 1103.384766 ) (-512 -176 2048 ) (-512 -80 2048 ) (-512 -80 1269.541260 ) 
3 798 801 (-512 -176 1103.384033 ) (-512 -80 1269.540161 ) (-416 -80 1269.540161 ) 
4 798 799 (-256.002167 -80 1269.540161 ) (-160 -80 1269.540161 ) (-160 -176 1103.384033 ) (-160.002319 -176 1103.384033 ) 
4 800 803 (-256 -143.644958 1068 ) (-416 -143.644958 1068 ) (-416 -128 1068 ) (-256 -128 1068 ) 
4 800 802 (-464 -80 1068 ) (-208 -80 1068 ) (-208 -128 1068 ) (-464 -128 1068 ) 
3 801 809 (-512 -176 1103.384766 ) (-512 -80 1269.541260 ) (-512 -80 1103.384766 ) 
4 802 845 (-384 -80 844 ) (-208 -80 844 ) (-208 -128 844 ) (-384 -128 844 ) 
4 802 803 (-416 -128 844 ) (-256 -128 844 ) (-256 -128 1068 ) (-416 -128 1068 ) 
4 803 807 (-328 -160 844 ) (-256 -160 844 ) (-256 -160 972 ) (-328 -160 972 ) 
4 803 808 (-416 -160 972 ) (-416 -160 844 ) (-344 -160 844 ) (-344 -160 972 ) 
7 803 806 (-327.200073 -160 972 ) (-256.799988 -160 972 ) (-259.916199 -160 986.669006 ) (-273.658417 -160 997.661926 ) (-292.008850 -160 1001.328247 ) (-310.330688 -160 997.667847 ) (-324.084778 -160 986.664612 ) 
7 803 805 (-415.200012 -160 972 ) (-344.799988 -160 972 ) (-347.916199 -160 986.669067 ) (-361.658203 -160 997.661804 ) (-380.009094 -160 1001.328186 ) (-398.330963 -160 997.667786 ) (-412.084686 -160 986.664795 ) 
4 803 804 (-416 -160 1039.692749 ) (-416 -160 1016 ) (-256 -160 1016 ) (-256 -160 1039.692749 ) 
7 805 866 (-415.200012 -176 972 ) (-344.799957 -176 972 ) (-347.915344 -176 986.665161 ) (-361.663269 -176 997.662659 ) (-380.009583 -176 1001.328125 ) (-398.330994 -176 997.667847 ) (-412.084686 -176 986.664856 ) 
4 805 808 (-415.200012 -160 972 ) (-344.799988 -160 972 ) (-344.799957 -176 972 ) (-415.200012 -176 972 ) 
7 806 866 (-327.200012 -176 972 ) (-256.799988 -176 972 ) (-259.915375 -176 986.665161 ) (-273.663422 -176 997.662781 ) (-292.009338 -176 1001.328186 ) (-310.330841 -176 997.667847 ) (-324.084717 -176 986.664673 ) 
4 806 807 (-327.200073 -160 972 ) (-256.799988 -160 972 ) (-256.799988 -176 972 ) (-327.200012 -176 972 ) 
4 807 866 (-328 -176 844 ) (-256 -176 844 ) (-256 -176 972 ) (-328 -176 972 ) 
4 808 866 (-416 -176 844 ) (-344 -176 844 ) (-344 -176 972 ) (-416 -176 972 ) 
4 809 885 (-1024 0 2048 ) (-1024 0 844 ) (-1024 -176 844 ) (-1024 -176 2048 ) 
4 809 866 (-1024 -176 2048 ) (-1024 -176 844 ) (-512 -176 844 ) (-512 -176 2048 ) 
4 809 864 (-576 -176 844 ) (-1024 -176 844 ) (-1024 0 844 ) (-576 0 844 ) 
4 809 863 (-512 -176 844 ) (-576 -176 844 ) (-576 0 844 ) (-512 0 844 ) 
5 810 811 (-122.273445 -138.284653 377.144531 ) (-160 -138.284653 377.144531 ) (-160 0 440.001190 ) (0 0 440.001190 ) (0 -16.011215 432.723358 ) 
4 812 820 (-160 -48 336 ) (-160 0 336 ) (-160 0 287.049988 ) (-160 -48 287.049988 ) 
4 812 814 (-11.384001 -176 287.049988 ) (-96 -176 287.049988 ) (-96 -112 287.049988 ) (-11.384001 -112 287.049988 ) 
4 812 813 (0 -176 287.049988 ) (-11.384001 -176 287.049988 ) (-11.384001 0 287.049988 ) (0 0 287.049988 ) 
4 812 815 (-96 -176 287.049988 ) (-160 -176 287.049988 ) (-160 0 287.049988 ) (-96 0 287.049988 ) 
5 813 867 (0 -176 124 ) (0 -176 277.813660 ) (-0.666564 -176 277.667023 ) (-11.384001 -176 268.235657 ) (-11.384001 -176 124 ) 
4 813 817 (0 -176 124 ) (-11.384001 -176 124 ) (-11.384001 -144 124 ) (0 -144 124 ) 
4 813 814 (-11.384001 -112 124 ) (-11.384001 -176 124 ) (-11.384001 -176 287.049988 ) (-11.384001 -112 287.049988 ) 
5 814 867 (-16 -176 252 ) (-16 -176 124 ) (-11.384001 -176 124 ) (-11.384001 -176 268.235657 ) (-13.166601 -176 266.666992 ) 
4 814 817 (-11.384001 -176 124 ) (-96 -176 124 ) (-96 -144 124 ) (-11.384001 -144 124 ) 
4 814 815 (-96 -112 124 ) (-96 -176 124 ) (-96 -176 287.049988 ) (-96 -112 287.049988 ) 
4 815 830 (-160 -32 124 ) (-160 -48 124 ) (-160 -48 132 ) (-160 -32 132 ) 
4 815 827 (-160 0 140 ) (-160 0 132 ) (-160 -48 132 ) (-160 -48 140 ) 
4 815 820 (-160 -48 287.049988 ) (-160 0 287.049988 ) (-160 0 140 ) (-160 -48 140 ) 
4 815 817 (-96 -176 124 ) (-160 -176 124 ) (-160 -144 124 ) (-96 -144 124 ) 
4 816 833 (-160 0 112 ) (-160 0 0 ) (-160 -32 0 ) (-160 -32 112 ) 
4 816 817 (-160 -144 0 ) (0 -144 0 ) (0 -144 112 ) (-160 -144 112 ) 
4 817 867 (0 -176 112 ) (0 -176 124 ) (-16 -176 124 ) (-16 -176 112 ) 
4 818 875 (-160 0 -1264 ) (0 0 -1264 ) (0 -176 -1264 ) (-160 -176 -1264 ) 
4 818 870 (-160 -176 -1264 ) (0 -176 -1264 ) (0 -176 -994.285645 ) (-160 -176 -1091.428467 ) 
4 818 835 (-160 0 -1264 ) (-160 -176 -1264 ) (-160 -176 -1091.428467 ) (-160 0 -1091.428467 ) 
4 819 865 (0 -176 389.142883 ) (0 -176 844 ) (-160 -176 844 ) (-160 -176 389.142853 ) 
4 820 828 (-172 -48 140 ) (-184 -48 140 ) (-184 -32 140 ) (-172 -32 140 ) 
4 820 827 (-160 -48 140 ) (-172 -48 140 ) (-172 0 140 ) (-160 0 140 ) 
4 820 821 (-184 -32 148 ) (-184 -32 336 ) (-184 0 336 ) (-184 0 148 ) 
4 820 822 (-184 -32 140 ) (-184 -48 140 ) (-184 -48 336 ) (-184 -32 336 ) 
4 821 823 (-196 -32 156 ) (-196 -32 336 ) (-196 0 336 ) (-196 0 156 ) 
4 821 822 (-184 -32 148 ) (-184 -32 336 ) (-196 -32 336 ) (-196 -32 148 ) 
4 822 829 (-184 -48 140 ) (-196 -48 140 ) (-196 -32 140 ) (-184 -32 140 ) 
4 822 826 (-196 -32 140 ) (-196 -48 140 ) (-196 -48 152 ) (-196 -32 152 ) 
4 822 824 (-196 -48 152 ) (-196 -48 156 ) (-196 -32 156 ) (-196 -32 152 ) 
4 822 823 (-196 -48 156 ) (-196 -48 336 ) (-196 -32 336 ) (-196 -32 156 ) 
4 823 836 (-208 0 336 ) (-208 0 164 ) (-208 -48 164 ) (-208 -48 336 ) 
4 823 824 (-196 -32 156 ) (-196 -48 156 ) (-208 -48 156 ) (-208 -32 156 ) 
4 824 826 (-196 -32 152 ) (-196 -48 152 ) (-200 -48 152 ) (-200 -32 152 ) 
4 825 829 (-200 0 140 ) (-196 0 140 ) (-196 -32 140 ) (-200 -32 140 ) 
4 825 826 (-200 -32 140 ) (-196 -32 140 ) (-196 -32 148 ) (-200 -32 148 ) 
4 826 829 (-196 -48 140 ) (-200 -48 140 ) (-200 -32 140 ) (-196 -32 140 ) 
4 827 830 (-160 -48 132 ) (-172 -48 132 ) (-172 -32 132 ) (-160 -32 132 ) 
4 827 828 (-172 -32 132 ) (-172 -48 132 ) (-172 -48 140 ) (-172 -32 140 ) 
4 828 831 (-172 -48 132 ) (-184 -48 132 ) (-184 -32 132 ) (-172 -32 132 ) 
4 828 829 (-184 -32 132 ) (-184 -48 132 ) (-184 -48 140 ) (-184 -32 140 ) 
4 829 831 (-184 -48 132 ) (-200 -48 132 ) (-200 0 132 ) (-184 0 132 ) 
4 830 832 (-160 -48 124 ) (-172 -48 124 ) (-172 -32 124 ) (-160 -32 124 ) 
4 830 831 (-172 -32 124 ) (-172 -48 124 ) (-172 -48 132 ) (-172 -32 132 ) 
4 831 832 (-172 -48 124 ) (-200 -48 124 ) (-200 0 124 ) (-172 0 124 ) 
4 833 843 (-208 -32 112 ) (-208 0 112 ) (-208 0 0 ) (-208 -32 0 ) 
4 834 869 (-160 -176 -8 ) (-160 -176 0 ) (-208 -176 0 ) (-208 -176 -8 ) 
4 834 858 (-208 -176 -8 ) (-208 -176 0 ) (-208 -128 0 ) (-208 -128 -8 ) 
4 835 875 (-208 0 -1264 ) (-160 0 -1264 ) (-160 -176 -1264 ) (-208 -176 -1264 ) 
4 835 870 (-208 -176 -1264 ) (-160 -176 -1264 ) (-160 -176 -1091.428467 ) (-208 -176 -1120.571289 ) 
4 835 859 (-208 -128 -1264 ) (-208 -176 -1264 ) (-208 -176 -1120.571411 ) (-208 -128 -1120.571411 ) 
4 835 857 (-208 -80 -1264 ) (-208 -128 -1264 ) (-208 -128 -1120.571411 ) (-208 -80 -1120.571411 ) 
4 835 844 (-208 0 -1264 ) (-208 -80 -1264 ) (-208 -80 -1120.571411 ) (-208 0 -1120.571289 ) 
4 836 855 (-256 -80 164 ) (-208 -80 164 ) (-208 -80 332 ) (-256 -80 332 ) 
4 836 854 (-208 -80 332 ) (-208 -80 340 ) (-256 -80 340 ) (-256 -80 332 ) 
4 836 852 (-208 -80 340 ) (-208 -80 416 ) (-256 -80 416 ) (-256 -80 340 ) 
4 836 839 (-256 0 164 ) (-256 -80 164 ) (-256 -80 416 ) (-256 0 458 ) 
4 837 849 (-208 -80 668 ) (-208 -80 751.993408 ) (-256 -80 751.993408 ) (-256 -80 668 ) 
4 837 850 (-208 -80 424 ) (-208 -80 668 ) (-256 -80 668 ) (-256 -80 424 ) 
4 837 839 (-256 -80 424 ) (-256 -80 751.993408 ) (-256 0 793.993408 ) (-256 0 466 ) 
4 838 845 (-208 -80 760 ) (-208 -80 844 ) (-256 -80 844 ) (-256 -80 760 ) 
4 838 839 (-256 -80 760 ) (-256 -80 812 ) (-256 0 812 ) (-256 0 802 ) 
4 839 855 (-416 -80 164 ) (-256 -80 164 ) (-256 -80 332 ) (-416 -80 332 ) 
4 839 854 (-256 -80 332 ) (-256 -80 340 ) (-400.761902 -80 340 ) (-416 -80 332 ) 
3 839 853 (-271.238098 -80 416 ) (-416 -80 416 ) (-416 -80 340 ) 
3 839 852 (-256 -80 340 ) (-256 -80 416 ) (-400.761902 -80 340 ) 
4 839 851 (-256 -80 424 ) (-416 -80 424 ) (-416 -80 416 ) (-271.238098 -80 416 ) 
3 839 849 (-256 -80 668 ) (-256 -80 752 ) (-416 -80 668 ) 
3 839 848 (-271.237976 -80 752 ) (-416 -80 752 ) (-416 -80 676 ) 
4 839 847 (-256 -80 760 ) (-416 -80 760 ) (-416 -80 752 ) (-271.237976 -80 752 ) 
4 839 850 (-256 -80 424 ) (-256 -80 668 ) (-416 -80 668 ) (-416 -80 424 ) 
4 839 846 (-384 -80 812 ) (-416 -80 812 ) (-416 -80 760 ) (-384 -80 760 ) 
4 839 845 (-256 -80 760 ) (-256 -80 812 ) (-384 -80 812 ) (-384 -80 760 ) 
4 839 842 (-416 -80 676 ) (-416 -80 812 ) (-416 0 812 ) (-416 0 634 ) 
4 839 841 (-416 0 164 ) (-416 -80 164 ) (-416 -80 332 ) (-416 0 290 ) 
4 839 840 (-416 -80 340 ) (-416 -80 668 ) (-416 0 626 ) (-416 0 298 ) 
4 840 853 (-464 -80 416 ) (-464 -80 340 ) (-416 -80 340 ) (-416 -80 416 ) 
4 840 851 (-464 -80 424 ) (-464 -80 416 ) (-416 -80 416 ) (-416 -80 424 ) 
4 840 850 (-464 -80 668 ) (-464 -80 424 ) (-416 -80 424 ) (-416 -80 668 ) 
4 841 855 (-464 -80 332 ) (-464 -80 164 ) (-416 -80 164 ) (-416 -80 332 ) 
4 842 860 (-464 -24 728 ) (-464 0 728 ) (-464 0 648 ) (-464 -24 648 ) 
4 842 848 (-464 -80 752 ) (-464 -80 676 ) (-416 -80 676 ) (-416 -80 752 ) 
4 842 847 (-464 -80 760 ) (-464 -80 752 ) (-416 -80 752 ) (-416 -80 760 ) 
4 842 846 (-464 -80 812 ) (-464 -80 760 ) (-416 -80 760 ) (-416 -80 812 ) 
4 843 861 (-464 -32 112 ) (-464 0 112 ) (-464 0 0 ) (-464 -32 0 ) 
4 843 856 (-464 -80 152 ) (-464 -80 0 ) (-208 -80 0 ) (-208 -80 152 ) 
4 844 875 (-444.235321 0 -1264 ) (-208 0 -1264 ) (-208 -80 -1264 ) (-444.235291 -80 -1264 ) 
3 844 857 (-444.235321 -80 -1264 ) (-208 -80 -1264 ) (-208 -80 -1120.571411 ) 
4 845 847 (-256 -128 760 ) (-384 -128 760 ) (-384 -80 760 ) (-256 -80 760 ) 
4 845 846 (-384 -80 812 ) (-384 -80 760 ) (-384 -128 760 ) (-384 -128 812 ) 
4 846 847 (-384 -128 760 ) (-464 -128 760 ) (-464 -80 760 ) (-384 -80 760 ) 
4 847 848 (-271.238068 -128 752 ) (-464 -128 752 ) (-464 -80 752 ) (-271.238068 -80 752 ) 
4 849 850 (-208 -128 668 ) (-416 -128 668 ) (-416 -80 668 ) (-208 -80 668 ) 
4 850 851 (-256 -128 424 ) (-464 -128 424 ) (-464 -80 424 ) (-256 -80 424 ) 
4 851 853 (-271.238098 -128 416 ) (-464 -128 416 ) (-464 -80 416 ) (-271.238098 -80 416 ) 
4 852 854 (-208 -128 340 ) (-400.761902 -128 340 ) (-400.761902 -80 340 ) (-208 -80 340 ) 
4 854 855 (-208 -128 332 ) (-416 -128 332 ) (-416 -80 332 ) (-208 -80 332 ) 
4 857 875 (-208 -80 -1264 ) (-208 -128 -1264 ) (-444.235291 -128 -1264 ) (-444.235321 -80 -1264 ) 
3 857 859 (-444.235321 -128 -1264 ) (-208 -128 -1264 ) (-208 -128 -1120.571411 ) 
4 858 869 (-208 -176 -8 ) (-208 -176 0 ) (-464 -176 0 ) (-464 -176 -8 ) 
4 858 862 (-464 -176 -8 ) (-464 -176 0 ) (-464 -128 0 ) (-464 -128 -8 ) 
4 859 875 (-208 -128 -1264 ) (-208 -176 -1264 ) (-444.235291 -176 -1264 ) (-444.235321 -128 -1264 ) 
3 859 870 (-444.235321 -176 -1264 ) (-208 -176 -1264 ) (-208 -176 -1120.571411 ) 
4 860 863 (-512 -24 728 ) (-512 0 728 ) (-512 0 648 ) (-512 -24 648 ) 
4 861 863 (-512 -32 112 ) (-512 0 112 ) (-512 0 0 ) (-512 -32 0 ) 
4 862 869 (-464 -176 -8 ) (-464 -176 0 ) (-512 -176 0 ) (-512 -176 -8 ) 
4 862 863 (-512 -176 -8 ) (-512 -176 0 ) (-512 -32 0 ) (-512 -32 -8 ) 
4 863 869 (-512 -176 -8 ) (-512 -176 0 ) (-576 -176 0 ) (-576 -176 -8 ) 
4 863 868 (-512 -176 0 ) (-512 -176 336 ) (-576 -176 336 ) (-576 -176 0 ) 
4 863 866 (-512 -176 336 ) (-512 -176 844 ) (-576 -176 844 ) (-576 -176 336 ) 
4 863 864 (-576 -176 -8 ) (-576 -176 844 ) (-576 0 844 ) (-576 0 -8 ) 
4 864 885 (-1024 0 844 ) (-1024 0 -8 ) (-1024 -176 -8 ) (-1024 -176 844 ) 
4 864 874 (-1024 -176 336 ) (-1024 -176 -8 ) (-576 -176 -8 ) (-576 -176 336 ) 
4 864 866 (-1024 -176 844 ) (-1024 -176 336 ) (-576 -176 336 ) (-576 -176 844 ) 
4 865 881 (0 -1024 336 ) (0 -1024 2048 ) (-160 -1024 2048 ) (-160 -1024 336 ) 
4 865 871 (0 -224 336 ) (0 -320 336 ) (-160 -320 336 ) (-160 -224 336 ) 
4 865 873 (0 -320 336 ) (0 -1024 336 ) (-160 -1024 336 ) (-160 -320 336 ) 
5 865 866 (-160 -224 336 ) (-160 -1024 336 ) (-160 -1024 2048 ) (-160 -176 2048 ) (-160 -176 389.142944 ) 
4 866 885 (-1024 -1024 336 ) (-1024 -1024 2048 ) (-1024 -176 2048 ) (-1024 -176 336 ) 
4 866 881 (-160 -1024 2048 ) (-1024 -1024 2048 ) (-1024 -1024 336 ) (-160 -1024 336 ) 
4 866 874 (-1024 -176 336 ) (-576 -176 336 ) (-576 -1024 336 ) (-1024 -1024 336 ) 
4 866 871 (-160 -224 336 ) (-160 -320 336 ) (-576 -320 336 ) (-576 -224 336 ) 
4 866 873 (-160 -320 336 ) (-160 -1024 336 ) (-576 -1024 336 ) (-576 -320 336 ) 
4 866 868 (-576 -176 336 ) (-160 -176 336 ) (-160 -224 336 ) (-576 -224 336 ) 
6 867 871 (0 -224 136 ) (0 -224 277.813660 ) (-0.666570 -224 277.667023 ) (-13.166601 -224 266.666992 ) (-16 -224 252 ) (-16 -224 136 ) 
4 868 874 (-576 -224 336 ) (-576 -176 336 ) (-576 -176 0 ) (-576 -224 0 ) 
4 868 871 (-576 -224 336 ) (-576 -224 0 ) (-160 -224 0 ) (-160 -224 336 ) 
4 868 869 (-160 -224 0 ) (-576 -224 0 ) (-576 -176 0 ) (-160 -176 0 ) 
4 869 874 (-576 -176 0 ) (-576 -176 -8 ) (-576 -224 -8 ) (-576 -224 0 ) 
4 869 871 (-576 -224 0 ) (-576 -224 -8 ) (0 -224 -8 ) (0 -224 0 ) 
4 870 875 (0 -176 -1264 ) (0 -224 -1264 ) (-444.235413 -224 -1264 ) (-444.235413 -176 -1264 ) 
3 870 872 (-444.235413 -224 -1264 ) (0 -224 -1264 ) (0 -224 -994.285645 ) 
4 871 874 (-576 -320 336 ) (-576 -224 336 ) (-576 -224 -8 ) (-576 -320 -8 ) 
4 871 873 (-576 -320 336 ) (-576 -320 -8 ) (0 -320 -8 ) (0 -320 336 ) 
4 872 875 (0 -224 -1264 ) (0 -320 -1264 ) (-444.235413 -320 -1264 ) (-444.235413 -224 -1264 ) 
3 872 873 (-444.235413 -320 -1264 ) (0 -320 -1264 ) (0 -320 -994.285645 ) 
4 873 882 (0 -1024 -1264 ) (0 -1024 -8 ) (-576 -1024 -8 ) (-576 -1024 -1264 ) 
4 873 881 (0 -1024 -8 ) (0 -1024 336 ) (-576 -1024 336 ) (-576 -1024 -8 ) 
4 873 876 (0 -320 -1264 ) (0 -1024 -1264 ) (-576 -1024 -1264 ) (-576 -320 -1264 ) 
4 873 874 (-576 -1024 336 ) (-576 -320 336 ) (-576 -320 -8 ) (-576 -1024 -8 ) 
4 874 885 (-1024 -1024 -8 ) (-1024 -1024 336 ) (-1024 -176 336 ) (-1024 -176 -8 ) 
4 874 881 (-576 -1024 336 ) (-1024 -1024 336 ) (-1024 -1024 -8 ) (-576 -1024 -8 ) 
5 875 876 (-576 -320 -1344 ) (-576 -320 -2032 ) (0 -320 -2032 ) (0 -320 -1264 ) (-444.235413 -320 -1264 ) 
4 875 877 (-576 -320 -2032 ) (-576 0 -2032 ) (0 0 -2032 ) (0 -320 -2032 ) 
4 876 883 (0 -1024 -2032 ) (0 -1024 -1264 ) (-576 -1024 -1264 ) (-576 -1024 -2032 ) 
4 876 877 (0 -1024 -2032 ) (-576 -1024 -2032 ) (-576 -320 -2032 ) (0 -320 -2032 ) 
4 877 884 (0 -1024 -2048 ) (0 -1024 -2032 ) (-576 -1024 -2032 ) (-576 -1024 -2048 ) 
4 878 882 (0 -1024 -8 ) (0 -1024 -1264 ) (0 -1536 -1264 ) (0 -1536 -8 ) 
4 878 881 (0 -1536 2048 ) (0 -1024 2048 ) (0 -1024 -8 ) (0 -1536 -8 ) 
4 878 879 (0 -1536 -1264 ) (0 -1024 -1264 ) (1024 -1024 -1264 ) (1024 -1536 -1264 ) 
4 879 883 (0 -1536 -2032 ) (0 -1536 -1264 ) (0 -1024 -1264 ) (0 -1024 -2032 ) 
4 879 880 (1024 -1536 -2032 ) (0 -1536 -2032 ) (0 -1024 -2032 ) (1024 -1024 -2032 ) 
4 880 884 (0 -1536 -2048 ) (0 -1536 -2032 ) (0 -1024 -2032 ) (0 -1024 -2048 ) 
4 881 887 (-1024 -1024 2048 ) (-1024 -1024 -8 ) (-1024 -1536 -8 ) (-1024 -1536 2048 ) 
4 881 882 (0 -1536 -8 ) (-576 -1536 -8 ) (-576 -1024 -8 ) (0 -1024 -8 ) 
4 882 883 (-576 -1024 -1264 ) (0 -1024 -1264 ) (0 -1536 -1264 ) (-576 -1536 -1264 ) 
4 883 884 (0 -1536 -2032 ) (-576 -1536 -2032 ) (-576 -1024 -2032 ) (0 -1024 -2032 ) 
4 885 887 (-1024 -1024 -8 ) (-1024 -1024 2048 ) (-2048 -1024 2048 ) (-2048 -1024 -8 ) 
4 885 886 (-2048 0 2048 ) (-2048 0 -8 ) (-2048 -1024 -8 ) (-2048 -1024 2048 ) 
4 886 888 (-2048 -1024 -8 ) (-2048 -1024 2048 ) (-2432 -1024 2048 ) (-2432 -1024 -8 ) 
4 887 888 (-2048 -1024 2048 ) (-2048 -1024 -8 ) (-2048 -1536 -8 ) (-2048 -1536 2048 ) 
