PRT1
1053
2482
4 0 2 (11264 14336 -14848 ) (11264 14336 13312 ) (11264 14848 13312 ) (11264 14848 -14848 ) 
4 0 1 (12288 14336 -14848 ) (12288 14336 13312 ) (11264 14336 13312 ) (11264 14336 -14848 ) 
4 1 10 (12288 13312 -14848 ) (12288 13312 13312 ) (11264 13312 13312 ) (11264 13312 -14848 ) 
4 1 4 (11264 13312 -14848 ) (11264 13312 13312 ) (11264 14336 13312 ) (11264 14336 -14848 ) 
4 2 4 (11264 14336 -14848 ) (11264 14336 13312 ) (10240 14336 13312 ) (10240 14336 -14848 ) 
4 2 3 (10240 14336 -14848 ) (10240 14336 13312 ) (10240 14848 13312 ) (10240 14848 -14848 ) 
4 3 6 (9216 14336 -14848 ) (9216 14336 13312 ) (9216 14848 13312 ) (9216 14848 -14848 ) 
4 3 5 (10240 14336 -14848 ) (10240 14336 13312 ) (9216 14336 13312 ) (9216 14336 -14848 ) 
4 4 14 (11264 13312 -14848 ) (11264 13312 13312 ) (10240 13312 13312 ) (10240 13312 -14848 ) 
4 4 5 (10240 14336 13312 ) (10240 14336 -14848 ) (10240 13312 -14848 ) (10240 13312 13312 ) 
4 5 15 (10240 13312 -14848 ) (10240 13312 13312 ) (9216 13312 13312 ) (9216 13312 -14848 ) 
4 5 8 (9216 13312 -14848 ) (9216 13312 13312 ) (9216 14336 13312 ) (9216 14336 -14848 ) 
4 6 8 (9216 14336 -14848 ) (9216 14336 13312 ) (8192 14336 13312 ) (8192 14336 -14848 ) 
4 6 7 (8192 14336 -14848 ) (8192 14336 13312 ) (8192 14848 13312 ) (8192 14848 -14848 ) 
4 7 30 (7168 14336 -14848 ) (7168 14336 13312 ) (7168 14848 13312 ) (7168 14848 -14848 ) 
4 7 9 (8192 14336 -14848 ) (8192 14336 13312 ) (7168 14336 13312 ) (7168 14336 -14848 ) 
4 8 18 (9216 13312 -14848 ) (9216 13312 13312 ) (8192 13312 13312 ) (8192 13312 -14848 ) 
4 8 9 (8192 14336 13312 ) (8192 14336 -14848 ) (8192 13312 -14848 ) (8192 13312 13312 ) 
4 9 32 (7168 13312 -14848 ) (7168 13312 13312 ) (7168 14336 13312 ) (7168 14336 -14848 ) 
4 9 19 (8192 13312 -14848 ) (8192 13312 13312 ) (7168 13312 13312 ) (7168 13312 -14848 ) 
4 10 14 (11264 13312 13312 ) (11264 13312 -14848 ) (11264 12288 -14848 ) (11264 12288 13312 ) 
4 10 11 (12288 12288 -14848 ) (12288 12288 13312 ) (11264 12288 13312 ) (11264 12288 -14848 ) 
4 11 16 (11264 11264 -14848 ) (11264 11264 13312 ) (11264 12288 13312 ) (11264 12288 -14848 ) 
4 11 12 (12288 11264 -14848 ) (12288 11264 13312 ) (11264 11264 13312 ) (11264 11264 -14848 ) 
4 12 22 (11264 10240 -14848 ) (11264 10240 13312 ) (11264 11264 13312 ) (11264 11264 -14848 ) 
4 12 13 (12288 10240 -14848 ) (12288 10240 13312 ) (11264 10240 13312 ) (11264 10240 -14848 ) 
4 13 78 (12288 9216 -14848 ) (12288 9216 13312 ) (11264 9216 13312 ) (11264 9216 -14848 ) 
4 13 24 (11264 9216 -14848 ) (11264 9216 13312 ) (11264 10240 13312 ) (11264 10240 -14848 ) 
4 14 16 (11264 12288 -14848 ) (11264 12288 13312 ) (10240 12288 13312 ) (10240 12288 -14848 ) 
4 14 15 (10240 13312 13312 ) (10240 13312 -14848 ) (10240 12288 -14848 ) (10240 12288 13312 ) 
4 15 18 (9216 13312 13312 ) (9216 13312 -14848 ) (9216 12288 -14848 ) (9216 12288 13312 ) 
4 15 17 (10240 12288 -14848 ) (10240 12288 13312 ) (9216 12288 13312 ) (9216 12288 -14848 ) 
4 16 22 (11264 11264 -14848 ) (11264 11264 13312 ) (10240 11264 13312 ) (10240 11264 -14848 ) 
4 16 17 (10240 12288 13312 ) (10240 12288 -14848 ) (10240 11264 -14848 ) (10240 11264 13312 ) 
4 17 23 (10240 11264 -14848 ) (10240 11264 13312 ) (9216 11264 13312 ) (9216 11264 -14848 ) 
4 17 20 (9216 11264 -14848 ) (9216 11264 13312 ) (9216 12288 13312 ) (9216 12288 -14848 ) 
4 18 20 (9216 12288 -14848 ) (9216 12288 13312 ) (8192 12288 13312 ) (8192 12288 -14848 ) 
4 18 19 (8192 13312 13312 ) (8192 13312 -14848 ) (8192 12288 -14848 ) (8192 12288 13312 ) 
4 19 46 (7168 12288 -14848 ) (7168 12288 13312 ) (7168 13312 13312 ) (7168 13312 -14848 ) 
4 19 21 (8192 12288 -14848 ) (8192 12288 13312 ) (7168 12288 13312 ) (7168 12288 -14848 ) 
4 20 26 (9216 11264 -14848 ) (9216 11264 13312 ) (8192 11264 13312 ) (8192 11264 -14848 ) 
4 20 21 (8192 12288 13312 ) (8192 12288 -14848 ) (8192 11264 -14848 ) (8192 11264 13312 ) 
4 21 48 (7168 11264 -14848 ) (7168 11264 13312 ) (7168 12288 13312 ) (7168 12288 -14848 ) 
4 21 27 (8192 11264 -14848 ) (8192 11264 13312 ) (7168 11264 13312 ) (7168 11264 -14848 ) 
4 22 24 (11264 10240 -14848 ) (11264 10240 13312 ) (10240 10240 13312 ) (10240 10240 -14848 ) 
4 22 23 (10240 11264 13312 ) (10240 11264 -14848 ) (10240 10240 -14848 ) (10240 10240 13312 ) 
4 23 26 (9216 11264 13312 ) (9216 11264 -14848 ) (9216 10240 -14848 ) (9216 10240 13312 ) 
4 23 25 (10240 10240 -14848 ) (10240 10240 13312 ) (9216 10240 13312 ) (9216 10240 -14848 ) 
4 24 82 (11264 9216 -14848 ) (11264 9216 13312 ) (10240 9216 13312 ) (10240 9216 -14848 ) 
4 24 25 (10240 10240 13312 ) (10240 10240 -14848 ) (10240 9216 -14848 ) (10240 9216 13312 ) 
4 25 83 (10240 9216 -14848 ) (10240 9216 13312 ) (9216 9216 13312 ) (9216 9216 -14848 ) 
4 25 28 (9216 9216 -14848 ) (9216 9216 13312 ) (9216 10240 13312 ) (9216 10240 -14848 ) 
4 26 28 (9216 10240 -14848 ) (9216 10240 13312 ) (8192 10240 13312 ) (8192 10240 -14848 ) 
4 26 27 (8192 11264 13312 ) (8192 11264 -14848 ) (8192 10240 -14848 ) (8192 10240 13312 ) 
4 27 54 (7168 10240 -14848 ) (7168 10240 13312 ) (7168 11264 13312 ) (7168 11264 -14848 ) 
4 27 29 (8192 10240 -14848 ) (8192 10240 13312 ) (7168 10240 13312 ) (7168 10240 -14848 ) 
4 28 86 (9216 9216 -14848 ) (9216 9216 13312 ) (8192 9216 13312 ) (8192 9216 -14848 ) 
4 28 29 (8192 10240 13312 ) (8192 10240 -14848 ) (8192 9216 -14848 ) (8192 9216 13312 ) 
4 29 87 (8192 9216 -14848 ) (8192 9216 13312 ) (7168 9216 13312 ) (7168 9216 -14848 ) 
4 29 56 (7168 9216 -14848 ) (7168 9216 13312 ) (7168 10240 13312 ) (7168 10240 -14848 ) 
4 30 32 (7168 14336 -14848 ) (7168 14336 13312 ) (6144 14336 13312 ) (6144 14336 -14848 ) 
4 30 31 (6144 14336 -14848 ) (6144 14336 13312 ) (6144 14848 13312 ) (6144 14848 -14848 ) 
4 31 34 (5120 14336 -14848 ) (5120 14336 13312 ) (5120 14848 13312 ) (5120 14848 -14848 ) 
4 31 33 (6144 14336 -14848 ) (6144 14336 13312 ) (5120 14336 13312 ) (5120 14336 -14848 ) 
4 32 46 (7168 13312 -14848 ) (7168 13312 13312 ) (6144 13312 13312 ) (6144 13312 -14848 ) 
4 32 33 (6144 14336 13312 ) (6144 14336 -14848 ) (6144 13312 -14848 ) (6144 13312 13312 ) 
4 33 47 (6144 13312 -14848 ) (6144 13312 13312 ) (5120 13312 13312 ) (5120 13312 -14848 ) 
4 33 36 (5120 13312 -14848 ) (5120 13312 13312 ) (5120 14336 13312 ) (5120 14336 -14848 ) 
4 34 36 (5120 14336 -14848 ) (5120 14336 13312 ) (4096 14336 13312 ) (4096 14336 -14848 ) 
4 34 35 (4096 14336 -14848 ) (4096 14336 13312 ) (4096 14848 13312 ) (4096 14848 -14848 ) 
4 35 38 (3072 14336 -14848 ) (3072 14336 13312 ) (3072 14848 13312 ) (3072 14848 -14848 ) 
4 35 37 (4096 14336 -14848 ) (4096 14336 13312 ) (3072 14336 13312 ) (3072 14336 -14848 ) 
4 36 50 (5120 13312 -14848 ) (5120 13312 13312 ) (4096 13312 13312 ) (4096 13312 -14848 ) 
4 36 37 (4096 14336 13312 ) (4096 14336 -14848 ) (4096 13312 -14848 ) (4096 13312 13312 ) 
4 37 51 (4096 13312 -14848 ) (4096 13312 13312 ) (3072 13312 13312 ) (3072 13312 -14848 ) 
4 37 40 (3072 13312 -14848 ) (3072 13312 13312 ) (3072 14336 13312 ) (3072 14336 -14848 ) 
4 38 40 (3072 14336 -14848 ) (3072 14336 13312 ) (2048 14336 13312 ) (2048 14336 -14848 ) 
4 38 39 (2048 14336 -14848 ) (2048 14336 13312 ) (2048 14848 13312 ) (2048 14848 -14848 ) 
4 39 42 (1024 14336 -14848 ) (1024 14336 13312 ) (1024 14848 13312 ) (1024 14848 -14848 ) 
4 39 41 (2048 14336 -14848 ) (2048 14336 13312 ) (1024 14336 13312 ) (1024 14336 -14848 ) 
4 40 62 (3072 13312 -14848 ) (3072 13312 13312 ) (2048 13312 13312 ) (2048 13312 -14848 ) 
4 40 41 (2048 14336 13312 ) (2048 14336 -14848 ) (2048 13312 -14848 ) (2048 13312 13312 ) 
4 41 63 (2048 13312 -14848 ) (2048 13312 13312 ) (1024 13312 13312 ) (1024 13312 -14848 ) 
4 41 44 (1024 13312 -14848 ) (1024 13312 13312 ) (1024 14336 13312 ) (1024 14336 -14848 ) 
4 42 44 (1024 14336 -14848 ) (1024 14336 13312 ) (0 14336 13312 ) (0 14336 -14848 ) 
4 42 43 (0 14336 -14848 ) (0 14336 13312 ) (0 14848 13312 ) (0 14848 -14848 ) 
4 43 192 (-1024 14336 -14848 ) (-1024 14336 13312 ) (-1024 14848 13312 ) (-1024 14848 -14848 ) 
4 43 45 (0 14336 -14848 ) (0 14336 13312 ) (-1024 14336 13312 ) (-1024 14336 -14848 ) 
4 44 66 (1024 13312 -14848 ) (1024 13312 13312 ) (0 13312 13312 ) (0 13312 -14848 ) 
4 44 45 (0 14336 13312 ) (0 14336 -14848 ) (0 13312 -14848 ) (0 13312 13312 ) 
4 45 194 (-1024 13312 -14848 ) (-1024 13312 13312 ) (-1024 14336 13312 ) (-1024 14336 -14848 ) 
4 45 67 (0 13312 -14848 ) (0 13312 13312 ) (-1024 13312 13312 ) (-1024 13312 -14848 ) 
4 46 48 (7168 12288 -14848 ) (7168 12288 13312 ) (6144 12288 13312 ) (6144 12288 -14848 ) 
4 46 47 (6144 13312 13312 ) (6144 13312 -14848 ) (6144 12288 -14848 ) (6144 12288 13312 ) 
4 47 50 (5120 13312 13312 ) (5120 13312 -14848 ) (5120 12288 -14848 ) (5120 12288 13312 ) 
4 47 49 (6144 12288 -14848 ) (6144 12288 13312 ) (5120 12288 13312 ) (5120 12288 -14848 ) 
4 48 54 (7168 11264 -14848 ) (7168 11264 13312 ) (6144 11264 13312 ) (6144 11264 -14848 ) 
4 48 49 (6144 12288 13312 ) (6144 12288 -14848 ) (6144 11264 -14848 ) (6144 11264 13312 ) 
4 49 55 (6144 11264 -14848 ) (6144 11264 13312 ) (5120 11264 13312 ) (5120 11264 -14848 ) 
4 49 52 (5120 11264 -14848 ) (5120 11264 13312 ) (5120 12288 13312 ) (5120 12288 -14848 ) 
4 50 52 (5120 12288 -14848 ) (5120 12288 13312 ) (4096 12288 13312 ) (4096 12288 -14848 ) 
4 50 51 (4096 13312 13312 ) (4096 13312 -14848 ) (4096 12288 -14848 ) (4096 12288 13312 ) 
4 51 62 (3072 13312 13312 ) (3072 13312 -14848 ) (3072 12288 -14848 ) (3072 12288 13312 ) 
4 51 53 (4096 12288 -14848 ) (4096 12288 13312 ) (3072 12288 13312 ) (3072 12288 -14848 ) 
4 52 58 (5120 11264 -14848 ) (5120 11264 13312 ) (4096 11264 13312 ) (4096 11264 -14848 ) 
4 52 53 (4096 12288 13312 ) (4096 12288 -14848 ) (4096 11264 -14848 ) (4096 11264 13312 ) 
4 53 64 (3072 11264 -14848 ) (3072 11264 13312 ) (3072 12288 13312 ) (3072 12288 -14848 ) 
4 53 59 (4096 11264 -14848 ) (4096 11264 13312 ) (3072 11264 13312 ) (3072 11264 -14848 ) 
4 54 56 (7168 10240 -14848 ) (7168 10240 13312 ) (6144 10240 13312 ) (6144 10240 -14848 ) 
4 54 55 (6144 11264 13312 ) (6144 11264 -14848 ) (6144 10240 -14848 ) (6144 10240 13312 ) 
4 55 58 (5120 11264 13312 ) (5120 11264 -14848 ) (5120 10240 -14848 ) (5120 10240 13312 ) 
4 55 57 (6144 10240 -14848 ) (6144 10240 13312 ) (5120 10240 13312 ) (5120 10240 -14848 ) 
4 56 118 (7168 9216 -14848 ) (7168 9216 13312 ) (6144 9216 13312 ) (6144 9216 -14848 ) 
4 56 57 (6144 10240 13312 ) (6144 10240 -14848 ) (6144 9216 -14848 ) (6144 9216 13312 ) 
4 57 119 (6144 9216 -14848 ) (6144 9216 13312 ) (5120 9216 13312 ) (5120 9216 -14848 ) 
4 57 60 (5120 9216 -14848 ) (5120 9216 13312 ) (5120 10240 13312 ) (5120 10240 -14848 ) 
4 58 60 (5120 10240 -14848 ) (5120 10240 13312 ) (4096 10240 13312 ) (4096 10240 -14848 ) 
4 58 59 (4096 11264 13312 ) (4096 11264 -14848 ) (4096 10240 -14848 ) (4096 10240 13312 ) 
4 59 70 (3072 10240 -14848 ) (3072 10240 13312 ) (3072 11264 13312 ) (3072 11264 -14848 ) 
4 59 61 (4096 10240 -14848 ) (4096 10240 13312 ) (3072 10240 13312 ) (3072 10240 -14848 ) 
4 60 122 (5120 9216 -14848 ) (5120 9216 13312 ) (4096 9216 13312 ) (4096 9216 -14848 ) 
4 60 61 (4096 10240 13312 ) (4096 10240 -14848 ) (4096 9216 -14848 ) (4096 9216 13312 ) 
4 61 123 (4096 9216 -14848 ) (4096 9216 13312 ) (3072 9216 13312 ) (3072 9216 -14848 ) 
4 61 72 (3072 9216 -14848 ) (3072 9216 13312 ) (3072 10240 13312 ) (3072 10240 -14848 ) 
4 62 64 (3072 12288 -14848 ) (3072 12288 13312 ) (2048 12288 13312 ) (2048 12288 -14848 ) 
4 62 63 (2048 13312 13312 ) (2048 13312 -14848 ) (2048 12288 -14848 ) (2048 12288 13312 ) 
4 63 66 (1024 13312 13312 ) (1024 13312 -14848 ) (1024 12288 -14848 ) (1024 12288 13312 ) 
4 63 65 (2048 12288 -14848 ) (2048 12288 13312 ) (1024 12288 13312 ) (1024 12288 -14848 ) 
4 64 70 (3072 11264 -14848 ) (3072 11264 13312 ) (2048 11264 13312 ) (2048 11264 -14848 ) 
4 64 65 (2048 12288 13312 ) (2048 12288 -14848 ) (2048 11264 -14848 ) (2048 11264 13312 ) 
4 65 71 (2048 11264 -14848 ) (2048 11264 13312 ) (1024 11264 13312 ) (1024 11264 -14848 ) 
4 65 68 (1024 11264 -14848 ) (1024 11264 13312 ) (1024 12288 13312 ) (1024 12288 -14848 ) 
4 66 68 (1024 12288 -14848 ) (1024 12288 13312 ) (0 12288 13312 ) (0 12288 -14848 ) 
4 66 67 (0 13312 13312 ) (0 13312 -14848 ) (0 12288 -14848 ) (0 12288 13312 ) 
4 67 208 (-1024 12288 -14848 ) (-1024 12288 13312 ) (-1024 13312 13312 ) (-1024 13312 -14848 ) 
4 67 69 (0 12288 -14848 ) (0 12288 13312 ) (-1024 12288 13312 ) (-1024 12288 -14848 ) 
4 68 74 (1024 11264 -14848 ) (1024 11264 13312 ) (0 11264 13312 ) (0 11264 -14848 ) 
4 68 69 (0 12288 13312 ) (0 12288 -14848 ) (0 11264 -14848 ) (0 11264 13312 ) 
4 69 210 (-1024 11264 -14848 ) (-1024 11264 13312 ) (-1024 12288 13312 ) (-1024 12288 -14848 ) 
4 69 75 (0 11264 -14848 ) (0 11264 13312 ) (-1024 11264 13312 ) (-1024 11264 -14848 ) 
4 70 72 (3072 10240 -14848 ) (3072 10240 13312 ) (2048 10240 13312 ) (2048 10240 -14848 ) 
4 70 71 (2048 11264 13312 ) (2048 11264 -14848 ) (2048 10240 -14848 ) (2048 10240 13312 ) 
4 71 74 (1024 11264 13312 ) (1024 11264 -14848 ) (1024 10240 -14848 ) (1024 10240 13312 ) 
4 71 73 (2048 10240 -14848 ) (2048 10240 13312 ) (1024 10240 13312 ) (1024 10240 -14848 ) 
4 72 134 (3072 9216 -14848 ) (3072 9216 13312 ) (2048 9216 13312 ) (2048 9216 -14848 ) 
4 72 73 (2048 10240 13312 ) (2048 10240 -14848 ) (2048 9216 -14848 ) (2048 9216 13312 ) 
4 73 135 (2048 9216 -14848 ) (2048 9216 13312 ) (1024 9216 13312 ) (1024 9216 -14848 ) 
4 73 76 (1024 9216 -14848 ) (1024 9216 13312 ) (1024 10240 13312 ) (1024 10240 -14848 ) 
4 74 76 (1024 10240 -14848 ) (1024 10240 13312 ) (0 10240 13312 ) (0 10240 -14848 ) 
4 74 75 (0 11264 13312 ) (0 11264 -14848 ) (0 10240 -14848 ) (0 10240 13312 ) 
4 75 216 (-1024 10240 -14848 ) (-1024 10240 13312 ) (-1024 11264 13312 ) (-1024 11264 -14848 ) 
4 75 77 (0 10240 -14848 ) (0 10240 13312 ) (-1024 10240 13312 ) (-1024 10240 -14848 ) 
4 76 138 (1024 9216 -14848 ) (1024 9216 13312 ) (0 9216 13312 ) (0 9216 -14848 ) 
4 76 77 (0 10240 13312 ) (0 10240 -14848 ) (0 9216 -14848 ) (0 9216 13312 ) 
4 77 218 (-1024 9216 -14848 ) (-1024 9216 13312 ) (-1024 10240 13312 ) (-1024 10240 -14848 ) 
4 77 139 (0 9216 -14848 ) (0 9216 13312 ) (-1024 9216 13312 ) (-1024 9216 -14848 ) 
4 78 82 (11264 9216 13312 ) (11264 9216 -14848 ) (11264 8192 -14848 ) (11264 8192 13312 ) 
4 78 79 (12288 8192 -14848 ) (12288 8192 13312 ) (11264 8192 13312 ) (11264 8192 -14848 ) 
4 79 84 (11264 7168 -14848 ) (11264 7168 13312 ) (11264 8192 13312 ) (11264 8192 -14848 ) 
4 79 80 (12288 7168 -14848 ) (12288 7168 13312 ) (11264 7168 13312 ) (11264 7168 -14848 ) 
4 80 90 (11264 6144 -14848 ) (11264 6144 13312 ) (11264 7168 13312 ) (11264 7168 -14848 ) 
4 80 81 (12288 6144 -14848 ) (12288 6144 13312 ) (11264 6144 13312 ) (11264 6144 -14848 ) 
4 81 98 (12288 5120 -14848 ) (12288 5120 13312 ) (11264 5120 13312 ) (11264 5120 -14848 ) 
4 81 92 (11264 5120 -14848 ) (11264 5120 13312 ) (11264 6144 13312 ) (11264 6144 -14848 ) 
4 82 84 (11264 8192 -14848 ) (11264 8192 13312 ) (10240 8192 13312 ) (10240 8192 -14848 ) 
4 82 83 (10240 9216 13312 ) (10240 9216 -14848 ) (10240 8192 -14848 ) (10240 8192 13312 ) 
4 83 86 (9216 9216 13312 ) (9216 9216 -14848 ) (9216 8192 -14848 ) (9216 8192 13312 ) 
4 83 85 (10240 8192 -14848 ) (10240 8192 13312 ) (9216 8192 13312 ) (9216 8192 -14848 ) 
4 84 90 (11264 7168 -14848 ) (11264 7168 13312 ) (10240 7168 13312 ) (10240 7168 -14848 ) 
4 84 85 (10240 8192 13312 ) (10240 8192 -14848 ) (10240 7168 -14848 ) (10240 7168 13312 ) 
4 85 91 (10240 7168 -14848 ) (10240 7168 13312 ) (9216 7168 13312 ) (9216 7168 -14848 ) 
4 85 88 (9216 7168 -14848 ) (9216 7168 13312 ) (9216 8192 13312 ) (9216 8192 -14848 ) 
4 86 88 (9216 8192 -14848 ) (9216 8192 13312 ) (8192 8192 13312 ) (8192 8192 -14848 ) 
4 86 87 (8192 9216 13312 ) (8192 9216 -14848 ) (8192 8192 -14848 ) (8192 8192 13312 ) 
4 87 118 (7168 9216 13312 ) (7168 9216 -14848 ) (7168 8192 -14848 ) (7168 8192 13312 ) 
4 87 89 (8192 8192 -14848 ) (8192 8192 13312 ) (7168 8192 13312 ) (7168 8192 -14848 ) 
4 88 94 (9216 7168 -14848 ) (9216 7168 13312 ) (8192 7168 13312 ) (8192 7168 -14848 ) 
4 88 89 (8192 8192 13312 ) (8192 8192 -14848 ) (8192 7168 -14848 ) (8192 7168 13312 ) 
4 89 120 (7168 7168 -14848 ) (7168 7168 13312 ) (7168 8192 13312 ) (7168 8192 -14848 ) 
4 89 95 (8192 7168 -14848 ) (8192 7168 13312 ) (7168 7168 13312 ) (7168 7168 -14848 ) 
4 90 92 (11264 6144 -14848 ) (11264 6144 13312 ) (10240 6144 13312 ) (10240 6144 -14848 ) 
4 90 91 (10240 7168 13312 ) (10240 7168 -14848 ) (10240 6144 -14848 ) (10240 6144 13312 ) 
4 91 94 (9216 7168 13312 ) (9216 7168 -14848 ) (9216 6144 -14848 ) (9216 6144 13312 ) 
4 91 93 (10240 6144 -14848 ) (10240 6144 13312 ) (9216 6144 13312 ) (9216 6144 -14848 ) 
4 92 102 (11264 5120 -14848 ) (11264 5120 13312 ) (10240 5120 13312 ) (10240 5120 -14848 ) 
4 92 93 (10240 6144 13312 ) (10240 6144 -14848 ) (10240 5120 -14848 ) (10240 5120 13312 ) 
4 93 103 (10240 5120 -14848 ) (10240 5120 13312 ) (9216 5120 13312 ) (9216 5120 -14848 ) 
4 93 96 (9216 5120 -14848 ) (9216 5120 13312 ) (9216 6144 13312 ) (9216 6144 -14848 ) 
4 94 96 (9216 6144 -14848 ) (9216 6144 13312 ) (8192 6144 13312 ) (8192 6144 -14848 ) 
4 94 95 (8192 7168 13312 ) (8192 7168 -14848 ) (8192 6144 -14848 ) (8192 6144 13312 ) 
4 95 126 (7168 6144 -14848 ) (7168 6144 13312 ) (7168 7168 13312 ) (7168 7168 -14848 ) 
4 95 97 (8192 6144 -14848 ) (8192 6144 13312 ) (7168 6144 13312 ) (7168 6144 -14848 ) 
4 96 106 (9216 5120 -14848 ) (9216 5120 13312 ) (8192 5120 13312 ) (8192 5120 -14848 ) 
4 96 97 (8192 6144 13312 ) (8192 6144 -14848 ) (8192 5120 -14848 ) (8192 5120 13312 ) 
4 97 128 (7168 5120 -14848 ) (7168 5120 13312 ) (7168 6144 13312 ) (7168 6144 -14848 ) 
4 97 107 (8192 5120 -14848 ) (8192 5120 13312 ) (7168 5120 13312 ) (7168 5120 -14848 ) 
4 98 102 (11264 5120 13312 ) (11264 5120 -14848 ) (11264 4096 -14848 ) (11264 4096 13312 ) 
4 98 99 (12288 4096 -14848 ) (12288 4096 13312 ) (11264 4096 13312 ) (11264 4096 -14848 ) 
4 99 104 (11264 3072 -14848 ) (11264 3072 13312 ) (11264 4096 13312 ) (11264 4096 -14848 ) 
4 99 100 (12288 3072 -14848 ) (12288 3072 13312 ) (11264 3072 13312 ) (11264 3072 -14848 ) 
4 100 110 (11264 2048 -14848 ) (11264 2048 13312 ) (11264 3072 13312 ) (11264 3072 -14848 ) 
4 100 101 (12288 2048 -14848 ) (12288 2048 13312 ) (11264 2048 13312 ) (11264 2048 -14848 ) 
4 101 388 (12288 1024 -14848 ) (12288 1024 13312 ) (11264 1024 13312 ) (11264 1024 -14848 ) 
4 101 112 (11264 1024 -14848 ) (11264 1024 13312 ) (11264 2048 13312 ) (11264 2048 -14848 ) 
4 102 104 (11264 4096 -14848 ) (11264 4096 13312 ) (10240 4096 13312 ) (10240 4096 -14848 ) 
4 102 103 (10240 5120 13312 ) (10240 5120 -14848 ) (10240 4096 -14848 ) (10240 4096 13312 ) 
4 103 106 (9216 5120 13312 ) (9216 5120 -14848 ) (9216 4096 -14848 ) (9216 4096 13312 ) 
4 103 105 (10240 4096 -14848 ) (10240 4096 13312 ) (9216 4096 13312 ) (9216 4096 -14848 ) 
4 104 110 (11264 3072 -14848 ) (11264 3072 13312 ) (10240 3072 13312 ) (10240 3072 -14848 ) 
4 104 105 (10240 4096 13312 ) (10240 4096 -14848 ) (10240 3072 -14848 ) (10240 3072 13312 ) 
4 105 111 (10240 3072 -14848 ) (10240 3072 13312 ) (9216 3072 13312 ) (9216 3072 -14848 ) 
4 105 108 (9216 3072 -14848 ) (9216 3072 13312 ) (9216 4096 13312 ) (9216 4096 -14848 ) 
4 106 108 (9216 4096 -14848 ) (9216 4096 13312 ) (8192 4096 13312 ) (8192 4096 -14848 ) 
4 106 107 (8192 5120 13312 ) (8192 5120 -14848 ) (8192 4096 -14848 ) (8192 4096 13312 ) 
4 107 150 (7168 4096 -14848 ) (7168 4096 13312 ) (7168 5120 13312 ) (7168 5120 -14848 ) 
4 107 109 (8192 4096 -14848 ) (8192 4096 13312 ) (7168 4096 13312 ) (7168 4096 -14848 ) 
4 108 114 (9216 3072 -14848 ) (9216 3072 13312 ) (8192 3072 13312 ) (8192 3072 -14848 ) 
4 108 109 (8192 4096 13312 ) (8192 4096 -14848 ) (8192 3072 -14848 ) (8192 3072 13312 ) 
4 109 152 (7168 3072 -14848 ) (7168 3072 13312 ) (7168 4096 13312 ) (7168 4096 -14848 ) 
4 109 115 (8192 3072 -14848 ) (8192 3072 13312 ) (7168 3072 13312 ) (7168 3072 -14848 ) 
4 110 112 (11264 2048 -14848 ) (11264 2048 13312 ) (10240 2048 13312 ) (10240 2048 -14848 ) 
4 110 111 (10240 3072 13312 ) (10240 3072 -14848 ) (10240 2048 -14848 ) (10240 2048 13312 ) 
4 111 114 (9216 3072 13312 ) (9216 3072 -14848 ) (9216 2048 -14848 ) (9216 2048 13312 ) 
4 111 113 (10240 2048 -14848 ) (10240 2048 13312 ) (9216 2048 13312 ) (9216 2048 -14848 ) 
4 112 392 (11264 1024 -14848 ) (11264 1024 13312 ) (10240 1024 13312 ) (10240 1024 -14848 ) 
4 112 113 (10240 2048 13312 ) (10240 2048 -14848 ) (10240 1024 -14848 ) (10240 1024 13312 ) 
4 113 393 (10240 1024 -14848 ) (10240 1024 13312 ) (9216 1024 13312 ) (9216 1024 -14848 ) 
4 113 116 (9216 1024 -14848 ) (9216 1024 13312 ) (9216 2048 13312 ) (9216 2048 -14848 ) 
4 114 116 (9216 2048 -14848 ) (9216 2048 13312 ) (8192 2048 13312 ) (8192 2048 -14848 ) 
4 114 115 (8192 3072 13312 ) (8192 3072 -14848 ) (8192 2048 -14848 ) (8192 2048 13312 ) 
4 115 158 (7168 2048 -14848 ) (7168 2048 13312 ) (7168 3072 13312 ) (7168 3072 -14848 ) 
4 115 117 (8192 2048 -14848 ) (8192 2048 13312 ) (7168 2048 13312 ) (7168 2048 -14848 ) 
4 116 396 (9216 1024 -14848 ) (9216 1024 13312 ) (8192 1024 13312 ) (8192 1024 -14848 ) 
4 116 117 (8192 2048 13312 ) (8192 2048 -14848 ) (8192 1024 -14848 ) (8192 1024 13312 ) 
4 117 397 (8192 1024 -14848 ) (8192 1024 13312 ) (7168 1024 13312 ) (7168 1024 -14848 ) 
4 117 160 (7168 1024 -14848 ) (7168 1024 13312 ) (7168 2048 13312 ) (7168 2048 -14848 ) 
4 118 120 (7168 8192 -14848 ) (7168 8192 13312 ) (6144 8192 13312 ) (6144 8192 -14848 ) 
4 118 119 (6144 9216 13312 ) (6144 9216 -14848 ) (6144 8192 -14848 ) (6144 8192 13312 ) 
4 119 122 (5120 9216 13312 ) (5120 9216 -14848 ) (5120 8192 -14848 ) (5120 8192 13312 ) 
4 119 121 (6144 8192 -14848 ) (6144 8192 13312 ) (5120 8192 13312 ) (5120 8192 -14848 ) 
4 120 126 (7168 7168 -14848 ) (7168 7168 13312 ) (6144 7168 13312 ) (6144 7168 -14848 ) 
4 120 121 (6144 8192 13312 ) (6144 8192 -14848 ) (6144 7168 -14848 ) (6144 7168 13312 ) 
4 121 127 (6144 7168 -14848 ) (6144 7168 13312 ) (5120 7168 13312 ) (5120 7168 -14848 ) 
4 121 124 (5120 7168 -14848 ) (5120 7168 13312 ) (5120 8192 13312 ) (5120 8192 -14848 ) 
4 122 124 (5120 8192 -14848 ) (5120 8192 13312 ) (4096 8192 13312 ) (4096 8192 -14848 ) 
4 122 123 (4096 9216 13312 ) (4096 9216 -14848 ) (4096 8192 -14848 ) (4096 8192 13312 ) 
4 123 134 (3072 9216 13312 ) (3072 9216 -14848 ) (3072 8192 -14848 ) (3072 8192 13312 ) 
4 123 125 (4096 8192 -14848 ) (4096 8192 13312 ) (3072 8192 13312 ) (3072 8192 -14848 ) 
4 124 130 (5120 7168 -14848 ) (5120 7168 13312 ) (4096 7168 13312 ) (4096 7168 -14848 ) 
4 124 125 (4096 8192 13312 ) (4096 8192 -14848 ) (4096 7168 -14848 ) (4096 7168 13312 ) 
4 125 136 (3072 7168 -14848 ) (3072 7168 13312 ) (3072 8192 13312 ) (3072 8192 -14848 ) 
4 125 131 (4096 7168 -14848 ) (4096 7168 13312 ) (3072 7168 13312 ) (3072 7168 -14848 ) 
4 126 128 (7168 6144 -14848 ) (7168 6144 13312 ) (6144 6144 13312 ) (6144 6144 -14848 ) 
4 126 127 (6144 7168 13312 ) (6144 7168 -14848 ) (6144 6144 -14848 ) (6144 6144 13312 ) 
4 127 130 (5120 7168 13312 ) (5120 7168 -14848 ) (5120 6144 -14848 ) (5120 6144 13312 ) 
4 127 129 (6144 6144 -14848 ) (6144 6144 13312 ) (5120 6144 13312 ) (5120 6144 -14848 ) 
4 128 150 (7168 5120 -14848 ) (7168 5120 13312 ) (6144 5120 13312 ) (6144 5120 -14848 ) 
4 128 129 (6144 6144 13312 ) (6144 6144 -14848 ) (6144 5120 -14848 ) (6144 5120 13312 ) 
4 129 151 (6144 5120 -14848 ) (6144 5120 13312 ) (5120 5120 13312 ) (5120 5120 -14848 ) 
4 129 132 (5120 5120 -14848 ) (5120 5120 13312 ) (5120 6144 13312 ) (5120 6144 -14848 ) 
4 130 132 (5120 6144 -14848 ) (5120 6144 13312 ) (4096 6144 13312 ) (4096 6144 -14848 ) 
4 130 131 (4096 7168 13312 ) (4096 7168 -14848 ) (4096 6144 -14848 ) (4096 6144 13312 ) 
4 131 142 (3072 6144 -14848 ) (3072 6144 13312 ) (3072 7168 13312 ) (3072 7168 -14848 ) 
4 131 133 (4096 6144 -14848 ) (4096 6144 13312 ) (3072 6144 13312 ) (3072 6144 -14848 ) 
4 132 154 (5120 5120 -14848 ) (5120 5120 13312 ) (4096 5120 13312 ) (4096 5120 -14848 ) 
4 132 133 (4096 6144 13312 ) (4096 6144 -14848 ) (4096 5120 -14848 ) (4096 5120 13312 ) 
4 133 155 (4096 5120 -14848 ) (4096 5120 13312 ) (3072 5120 13312 ) (3072 5120 -14848 ) 
4 133 144 (3072 5120 -14848 ) (3072 5120 13312 ) (3072 6144 13312 ) (3072 6144 -14848 ) 
4 134 136 (3072 8192 -14848 ) (3072 8192 13312 ) (2048 8192 13312 ) (2048 8192 -14848 ) 
4 134 135 (2048 9216 13312 ) (2048 9216 -14848 ) (2048 8192 -14848 ) (2048 8192 13312 ) 
4 135 138 (1024 9216 13312 ) (1024 9216 -14848 ) (1024 8192 -14848 ) (1024 8192 13312 ) 
4 135 137 (2048 8192 -14848 ) (2048 8192 13312 ) (1024 8192 13312 ) (1024 8192 -14848 ) 
4 136 142 (3072 7168 -14848 ) (3072 7168 13312 ) (2048 7168 13312 ) (2048 7168 -14848 ) 
4 136 137 (2048 8192 13312 ) (2048 8192 -14848 ) (2048 7168 -14848 ) (2048 7168 13312 ) 
4 137 143 (2048 7168 -14848 ) (2048 7168 13312 ) (1024 7168 13312 ) (1024 7168 -14848 ) 
4 137 140 (1024 7168 -14848 ) (1024 7168 13312 ) (1024 8192 13312 ) (1024 8192 -14848 ) 
4 138 140 (1024 8192 -14848 ) (1024 8192 13312 ) (0 8192 13312 ) (0 8192 -14848 ) 
4 138 139 (0 9216 13312 ) (0 9216 -14848 ) (0 8192 -14848 ) (0 8192 13312 ) 
4 139 276 (-1024 8192 -14848 ) (-1024 8192 13312 ) (-1024 9216 13312 ) (-1024 9216 -14848 ) 
4 139 141 (0 8192 -14848 ) (0 8192 13312 ) (-1024 8192 13312 ) (-1024 8192 -14848 ) 
4 140 146 (1024 7168 -14848 ) (1024 7168 13312 ) (0 7168 13312 ) (0 7168 -14848 ) 
4 140 141 (0 8192 13312 ) (0 8192 -14848 ) (0 7168 -14848 ) (0 7168 13312 ) 
4 141 278 (-1024 7168 -14848 ) (-1024 7168 13312 ) (-1024 8192 13312 ) (-1024 8192 -14848 ) 
4 141 147 (0 7168 -14848 ) (0 7168 13312 ) (-1024 7168 13312 ) (-1024 7168 -14848 ) 
4 142 144 (3072 6144 -14848 ) (3072 6144 13312 ) (2048 6144 13312 ) (2048 6144 -14848 ) 
4 142 143 (2048 7168 13312 ) (2048 7168 -14848 ) (2048 6144 -14848 ) (2048 6144 13312 ) 
4 143 146 (1024 7168 13312 ) (1024 7168 -14848 ) (1024 6144 -14848 ) (1024 6144 13312 ) 
4 143 145 (2048 6144 -14848 ) (2048 6144 13312 ) (1024 6144 13312 ) (1024 6144 -14848 ) 
4 144 166 (3072 5120 -14848 ) (3072 5120 13312 ) (2048 5120 13312 ) (2048 5120 -14848 ) 
4 144 145 (2048 6144 13312 ) (2048 6144 -14848 ) (2048 5120 -14848 ) (2048 5120 13312 ) 
4 145 167 (2048 5120 -14848 ) (2048 5120 13312 ) (1024 5120 13312 ) (1024 5120 -14848 ) 
4 145 148 (1024 5120 -14848 ) (1024 5120 13312 ) (1024 6144 13312 ) (1024 6144 -14848 ) 
4 146 148 (1024 6144 -14848 ) (1024 6144 13312 ) (0 6144 13312 ) (0 6144 -14848 ) 
4 146 147 (0 7168 13312 ) (0 7168 -14848 ) (0 6144 -14848 ) (0 6144 13312 ) 
4 147 284 (-1024 6144 -14848 ) (-1024 6144 13312 ) (-1024 7168 13312 ) (-1024 7168 -14848 ) 
4 147 149 (0 6144 -14848 ) (0 6144 13312 ) (-1024 6144 13312 ) (-1024 6144 -14848 ) 
4 148 170 (1024 5120 -14848 ) (1024 5120 13312 ) (0 5120 13312 ) (0 5120 -14848 ) 
4 148 149 (0 6144 13312 ) (0 6144 -14848 ) (0 5120 -14848 ) (0 5120 13312 ) 
4 149 286 (-1024 5120 -14848 ) (-1024 5120 13312 ) (-1024 6144 13312 ) (-1024 6144 -14848 ) 
4 149 171 (0 5120 -14848 ) (0 5120 13312 ) (-1024 5120 13312 ) (-1024 5120 -14848 ) 
4 150 152 (7168 4096 -14848 ) (7168 4096 13312 ) (6144 4096 13312 ) (6144 4096 -14848 ) 
4 150 151 (6144 5120 13312 ) (6144 5120 -14848 ) (6144 4096 -14848 ) (6144 4096 13312 ) 
4 151 154 (5120 5120 13312 ) (5120 5120 -14848 ) (5120 4096 -14848 ) (5120 4096 13312 ) 
4 151 153 (6144 4096 -14848 ) (6144 4096 13312 ) (5120 4096 13312 ) (5120 4096 -14848 ) 
4 152 158 (7168 3072 -14848 ) (7168 3072 13312 ) (6144 3072 13312 ) (6144 3072 -14848 ) 
4 152 153 (6144 4096 13312 ) (6144 4096 -14848 ) (6144 3072 -14848 ) (6144 3072 13312 ) 
4 153 159 (6144 3072 -14848 ) (6144 3072 13312 ) (5120 3072 13312 ) (5120 3072 -14848 ) 
4 153 156 (5120 3072 -14848 ) (5120 3072 13312 ) (5120 4096 13312 ) (5120 4096 -14848 ) 
4 154 156 (5120 4096 -14848 ) (5120 4096 13312 ) (4096 4096 13312 ) (4096 4096 -14848 ) 
4 154 155 (4096 5120 13312 ) (4096 5120 -14848 ) (4096 4096 -14848 ) (4096 4096 13312 ) 
4 155 166 (3072 5120 13312 ) (3072 5120 -14848 ) (3072 4096 -14848 ) (3072 4096 13312 ) 
4 155 157 (4096 4096 -14848 ) (4096 4096 13312 ) (3072 4096 13312 ) (3072 4096 -14848 ) 
4 156 162 (5120 3072 -14848 ) (5120 3072 13312 ) (4096 3072 13312 ) (4096 3072 -14848 ) 
4 156 157 (4096 4096 13312 ) (4096 4096 -14848 ) (4096 3072 -14848 ) (4096 3072 13312 ) 
4 157 168 (3072 3072 -14848 ) (3072 3072 13312 ) (3072 4096 13312 ) (3072 4096 -14848 ) 
4 157 163 (4096 3072 -14848 ) (4096 3072 13312 ) (3072 3072 13312 ) (3072 3072 -14848 ) 
4 158 160 (7168 2048 -14848 ) (7168 2048 13312 ) (6144 2048 13312 ) (6144 2048 -14848 ) 
4 158 159 (6144 3072 13312 ) (6144 3072 -14848 ) (6144 2048 -14848 ) (6144 2048 13312 ) 
4 159 162 (5120 3072 13312 ) (5120 3072 -14848 ) (5120 2048 -14848 ) (5120 2048 13312 ) 
4 159 161 (6144 2048 -14848 ) (6144 2048 13312 ) (5120 2048 13312 ) (5120 2048 -14848 ) 
4 160 428 (7168 1024 -14848 ) (7168 1024 13312 ) (6144 1024 13312 ) (6144 1024 -14848 ) 
4 160 161 (6144 2048 13312 ) (6144 2048 -14848 ) (6144 1024 -14848 ) (6144 1024 13312 ) 
4 161 429 (6144 1024 -14848 ) (6144 1024 13312 ) (5120 1024 13312 ) (5120 1024 -14848 ) 
4 161 164 (5120 1024 -14848 ) (5120 1024 13312 ) (5120 2048 13312 ) (5120 2048 -14848 ) 
4 162 164 (5120 2048 -14848 ) (5120 2048 13312 ) (4096 2048 13312 ) (4096 2048 -14848 ) 
4 162 163 (4096 3072 13312 ) (4096 3072 -14848 ) (4096 2048 -14848 ) (4096 2048 13312 ) 
4 163 174 (3072 2048 -14848 ) (3072 2048 13312 ) (3072 3072 13312 ) (3072 3072 -14848 ) 
4 163 165 (4096 2048 -14848 ) (4096 2048 13312 ) (3072 2048 13312 ) (3072 2048 -14848 ) 
4 164 432 (5120 1024 -14848 ) (5120 1024 13312 ) (4096 1024 13312 ) (4096 1024 -14848 ) 
4 164 165 (4096 2048 13312 ) (4096 2048 -14848 ) (4096 1024 -14848 ) (4096 1024 13312 ) 
4 165 433 (4096 1024 -14848 ) (4096 1024 13312 ) (3072 1024 13312 ) (3072 1024 -14848 ) 
4 165 176 (3072 1024 -14848 ) (3072 1024 13312 ) (3072 2048 13312 ) (3072 2048 -14848 ) 
4 166 168 (3072 4096 -14848 ) (3072 4096 13312 ) (2048 4096 13312 ) (2048 4096 -14848 ) 
4 166 167 (2048 5120 13312 ) (2048 5120 -14848 ) (2048 4096 -14848 ) (2048 4096 13312 ) 
4 167 170 (1024 5120 13312 ) (1024 5120 -14848 ) (1024 4096 -14848 ) (1024 4096 13312 ) 
4 167 169 (2048 4096 -14848 ) (2048 4096 13312 ) (1024 4096 13312 ) (1024 4096 -14848 ) 
4 168 174 (3072 3072 -14848 ) (3072 3072 13312 ) (2048 3072 13312 ) (2048 3072 -14848 ) 
4 168 169 (2048 4096 13312 ) (2048 4096 -14848 ) (2048 3072 -14848 ) (2048 3072 13312 ) 
4 169 175 (2048 3072 -14848 ) (2048 3072 13312 ) (1024 3072 13312 ) (1024 3072 -14848 ) 
4 169 172 (1024 3072 -14848 ) (1024 3072 13312 ) (1024 4096 13312 ) (1024 4096 -14848 ) 
4 170 172 (1024 4096 -14848 ) (1024 4096 13312 ) (0 4096 13312 ) (0 4096 -14848 ) 
4 170 171 (0 5120 13312 ) (0 5120 -14848 ) (0 4096 -14848 ) (0 4096 13312 ) 
4 171 308 (-1024 4096 -14848 ) (-1024 4096 13312 ) (-1024 5120 13312 ) (-1024 5120 -14848 ) 
4 171 173 (0 4096 -14848 ) (0 4096 13312 ) (-1024 4096 13312 ) (-1024 4096 -14848 ) 
4 172 183 (1024 3072 -14848 ) (1024 3072 13312 ) (0 3072 13312 ) (0 3072 -14848 ) 
4 172 173 (0 4096 13312 ) (0 4096 -14848 ) (0 3072 -14848 ) (0 3072 13312 ) 
4 173 310 (-1024 3072 -14848 ) (-1024 3072 13312 ) (-1024 4096 13312 ) (-1024 4096 -14848 ) 
4 173 184 (0 3072 -14848 ) (0 3072 13312 ) (-1024 3072 13312 ) (-1024 3072 -14848 ) 
4 174 176 (3072 2048 -14848 ) (3072 2048 13312 ) (2048 2048 13312 ) (2048 2048 -14848 ) 
4 174 175 (2048 3072 13312 ) (2048 3072 -14848 ) (2048 2048 -14848 ) (2048 2048 13312 ) 
4 175 183 (1024 3072 13312 ) (1024 3072 -14848 ) (1024 2048 -14848 ) (1024 2048 13312 ) 
4 175 178 (1248 2048 13312 ) (1024 2048 13312 ) (1024 2048 -14848 ) (1248 2048 -14848 ) 
4 175 177 (2048 2048 -14848 ) (2048 2048 13312 ) (1248 2048 13312 ) (1248 2048 -14848 ) 
4 176 444 (3072 1024 -14848 ) (3072 1024 13312 ) (2048 1024 13312 ) (2048 1024 -14848 ) 
4 176 177 (2048 2048 13312 ) (2048 2048 -14848 ) (2048 1024 -14848 ) (2048 1024 13312 ) 
4 177 459 (2048 1024 -14848 ) (2048 1024 -576 ) (1248 1024 -576 ) (1248 1024 -14848 ) 
4 177 452 (1264 1024 0 ) (1248 1024 0 ) (1248 1024 -576 ) (1264 1024 -576 ) 
4 177 449 (1920 1024 0 ) (1456 1024 0 ) (1456 1024 -576 ) (1920 1024 -576 ) 
4 177 448 (2048 1024 -576 ) (2048 1024 0 ) (1920 1024 0 ) (1920 1024 -576 ) 
4 177 451 (1456 1024 0 ) (1264 1024 0 ) (1264 1024 -576 ) (1456 1024 -576 ) 
4 177 445 (2048 1024 0 ) (2048 1024 13312 ) (1248 1024 13312 ) (1248 1024 0 ) 
3 177 181 (1248 1216 224 ) (1248 1571.852539 289.360596 ) (1248 1608 152 ) 
3 177 180 (1248 1024 188.734680 ) (1248 1024 2371.199951 ) (1248 1571.852539 289.360596 ) 
4 177 179 (1248 1024 13312 ) (1248 1648 13312 ) (1248 1648 0 ) (1248 1024 2371.199951 ) 
4 177 182 (1248 1648 -576 ) (1248 1648 -14848 ) (1248 1024 -14848 ) (1248 1024 -576 ) 
4 177 178 (1248 1648 13312 ) (1248 2048 13312 ) (1248 2048 -14848 ) (1248 1648 -14848 ) 
4 178 185 (1024 1648 13312 ) (1024 2048 13312 ) (1024 2048 -14848 ) (1024 1648 -14848 ) 
4 178 179 (1248 1648 0 ) (1248 1648 13312 ) (1024 1648 13312 ) (1024 1648 0 ) 
4 178 182 (1024 1648 -14848 ) (1248 1648 -14848 ) (1248 1648 -576 ) (1024 1648 -576 ) 
4 179 446 (1248 1024 2371.199951 ) (1248 1024 13312 ) (1024 1024 13312 ) (1024 1024 2371.200195 ) 
4 179 186 (1024 1024 2371.199951 ) (1024 1024 13312 ) (1024 1648 13312 ) (1024 1648 0 ) 
4 179 181 (1248 1608 152 ) (1248 1571.851563 289.360474 ) (1024 1571.851563 289.360596 ) (1024 1608 152 ) 
4 179 180 (1248 1571.851563 289.360474 ) (1248 1024 2371.196533 ) (1024 1024 2371.196289 ) (1024 1571.851563 289.360596 ) 
4 180 446 (1248 1024 188.734680 ) (1248 1024 2371.199951 ) (1024 1024 2371.200195 ) (1024 1024 188.734863 ) 
3 180 187 (1024 1024 188.734680 ) (1024 1024 2371.199951 ) (1024 1571.852539 289.360596 ) 
4 180 181 (1024 1571.857300 289.361816 ) (1248 1571.857300 289.361816 ) (1248 1216 224 ) (1024 1216 224 ) 
3 181 188 (1024 1216 224 ) (1024 1571.852539 289.360596 ) (1024 1608 152 ) 
4 182 459 (1248 1024 -14848 ) (1248 1024 -576 ) (1024 1024 -576 ) (1024 1024 -14848 ) 
4 182 189 (1024 1024 -14848 ) (1024 1024 -576 ) (1024 1648 -576 ) (1024 1648 -14848 ) 
4 183 190 (176 2048 13312 ) (0 2048 13312 ) (0 2048 -14848 ) (176 2048 -14848 ) 
4 183 185 (1024 2048 -14848 ) (1024 2048 13312 ) (176 2048 13312 ) (176 2048 -14848 ) 
4 183 184 (0 3072 13312 ) (0 3072 -14848 ) (0 2048 -14848 ) (0 2048 13312 ) 
4 184 316 (-1024 2048 -14848 ) (-1024 2048 13312 ) (-1024 3072 13312 ) (-1024 3072 -14848 ) 
4 184 191 (0 2048 -14848 ) (0 2048 13312 ) (-1024 2048 13312 ) (-1024 2048 -14848 ) 
4 185 190 (176 1648 13312 ) (176 2048 13312 ) (176 2048 -14848 ) (176 1648 -14848 ) 
4 185 186 (176 1648 13312 ) (176 1648 0 ) (1024 1648 0 ) (1024 1648 13312 ) 
4 185 189 (176 1648 -576 ) (176 1648 -14848 ) (1024 1648 -14848 ) (1024 1648 -576 ) 
4 186 469 (1024 1024 2371.199951 ) (1024 1024 13312 ) (176 1024 13312 ) (176 1024 2371.200195 ) 
4 186 190 (176 1024 13312 ) (176 1648 13312 ) (176 1648 0 ) (176 1024 2371.199951 ) 
4 186 188 (176 1571.851563 289.360596 ) (176 1608 152 ) (1024 1608 152 ) (1024 1571.851563 289.360474 ) 
4 186 187 (176 1024 2371.196289 ) (176 1571.851563 289.360596 ) (1024 1571.851563 289.360474 ) (1024 1024 2371.196289 ) 
4 187 469 (1024 1024 188.734680 ) (1024 1024 2371.199951 ) (176 1024 2371.200195 ) (176 1024 188.734863 ) 
3 187 190 (176 1024 188.734680 ) (176 1024 2371.199951 ) (176 1571.852539 289.360596 ) 
4 187 188 (176 1216 224 ) (176 1571.857422 289.361816 ) (1024 1571.857300 289.361816 ) (1024 1216 224 ) 
3 188 190 (176 1216 224 ) (176 1571.852539 289.360596 ) (176 1608 152 ) 
4 189 477 (1024 1024 -14848 ) (1024 1024 -576 ) (176 1024 -576 ) (176 1024 -14848 ) 
4 189 190 (176 1648 -576 ) (176 1648 -14848 ) (176 1024 -14848 ) (176 1024 -576 ) 
4 190 477 (176 1024 -14848 ) (176 1024 -576 ) (0 1024 -576 ) (0 1024 -14848 ) 
4 190 472 (176 1024 -576 ) (176 1024 13312 ) (0 1024 13312 ) (0 1024 -576 ) 
4 190 191 (0 2048 13312 ) (0 2048 -14848 ) (0 1024 -14848 ) (0 1024 13312 ) 
4 191 516 (-1024 1024 -1024 ) (-1024 1024 -14848 ) (-360 1024 -14848 ) (-360 1024 -1024 ) 
4 191 515 (-592 1024 -768 ) (-1024 1024 -768 ) (-1024 1024 -1024 ) (-592 1024 -1024 ) 
4 191 514 (-560 1024 -768 ) (-592 1024 -768 ) (-592 1024 -1024 ) (-560 1024 -1024 ) 
4 191 512 (-360 1024 -768 ) (-560 1024 -768 ) (-560 1024 -1024 ) (-360 1024 -1024 ) 
4 191 511 (0 1024 -14848 ) (0 1024 -792 ) (-360 1024 -792 ) (-360 1024 -14848 ) 
4 191 509 (-192 1024 -768 ) (-360 1024 -768 ) (-360 1024 -792 ) (-192 1024 -792 ) 
4 191 508 (0 1024 -792 ) (0 1024 -768 ) (-192 1024 -768 ) (-192 1024 -792 ) 
4 191 507 (-592 1024 -600 ) (-1024 1024 -600 ) (-1024 1024 -768 ) (-592 1024 -768 ) 
4 191 504 (-560 1024 -600 ) (-592 1024 -600 ) (-592 1024 -768 ) (-560 1024 -768 ) 
4 191 497 (-360 1024 -600 ) (-560 1024 -600 ) (-560 1024 -768 ) (-360 1024 -768 ) 
4 191 494 (-192 1024 -600 ) (-360 1024 -600 ) (-360 1024 -768 ) (-192 1024 -768 ) 
4 191 493 (0 1024 -768 ) (0 1024 -600 ) (-192 1024 -600 ) (-192 1024 -768 ) 
4 191 492 (-592 1024 -512 ) (-1024 1024 -512 ) (-1024 1024 -600 ) (-592 1024 -600 ) 
4 191 490 (-560 1024 -512 ) (-592 1024 -512 ) (-592 1024 -600 ) (-560 1024 -600 ) 
4 191 489 (-360 1024 -512 ) (-560 1024 -512 ) (-560 1024 -600 ) (-360 1024 -600 ) 
4 191 487 (-192 1024 -576 ) (-360 1024 -576 ) (-360 1024 -600 ) (-192 1024 -600 ) 
4 191 486 (0 1024 -600 ) (0 1024 -576 ) (-192 1024 -576 ) (-192 1024 -600 ) 
4 191 485 (0 1024 -576 ) (0 1024 -512 ) (-360 1024 -512 ) (-360 1024 -576 ) 
4 191 481 (0 1024 -512 ) (0 1024 -64 ) (-1024 1024 -64 ) (-1024 1024 -512 ) 
4 191 480 (-784 1024 -48 ) (-1024 1024 -48 ) (-1024 1024 -64 ) (-784 1024 -64 ) 
4 191 479 (0 1024 -64 ) (0 1024 -48 ) (-784 1024 -48 ) (-784 1024 -64 ) 
4 191 478 (0 1024 -48 ) (0 1024 13312 ) (-1024 1024 13312 ) (-1024 1024 -48 ) 
4 191 318 (-1024 1024 -14848 ) (-1024 1024 13312 ) (-1024 2048 13312 ) (-1024 2048 -14848 ) 
4 192 194 (-1024 14336 -14848 ) (-1024 14336 13312 ) (-2048 14336 13312 ) (-2048 14336 -14848 ) 
4 192 193 (-2048 14336 -14848 ) (-2048 14336 13312 ) (-2048 14848 13312 ) (-2048 14848 -14848 ) 
4 193 196 (-3072 14336 -14848 ) (-3072 14336 13312 ) (-3072 14848 13312 ) (-3072 14848 -14848 ) 
4 193 195 (-2048 14336 -14848 ) (-2048 14336 13312 ) (-3072 14336 13312 ) (-3072 14336 -14848 ) 
4 194 208 (-1024 13312 -14848 ) (-1024 13312 13312 ) (-2048 13312 13312 ) (-2048 13312 -14848 ) 
4 194 195 (-2048 14336 13312 ) (-2048 14336 -14848 ) (-2048 13312 -14848 ) (-2048 13312 13312 ) 
4 195 209 (-2048 13312 -14848 ) (-2048 13312 13312 ) (-3072 13312 13312 ) (-3072 13312 -14848 ) 
4 195 198 (-3072 13312 -14848 ) (-3072 13312 13312 ) (-3072 14336 13312 ) (-3072 14336 -14848 ) 
4 196 198 (-3072 14336 -14848 ) (-3072 14336 13312 ) (-4096 14336 13312 ) (-4096 14336 -14848 ) 
4 196 197 (-4096 14336 -14848 ) (-4096 14336 13312 ) (-4096 14848 13312 ) (-4096 14848 -14848 ) 
4 197 200 (-5120 14336 -14848 ) (-5120 14336 13312 ) (-5120 14848 13312 ) (-5120 14848 -14848 ) 
4 197 199 (-4096 14336 -14848 ) (-4096 14336 13312 ) (-5120 14336 13312 ) (-5120 14336 -14848 ) 
4 198 212 (-3072 13312 -14848 ) (-3072 13312 13312 ) (-4096 13312 13312 ) (-4096 13312 -14848 ) 
4 198 199 (-4096 14336 13312 ) (-4096 14336 -14848 ) (-4096 13312 -14848 ) (-4096 13312 13312 ) 
4 199 213 (-4096 13312 -14848 ) (-4096 13312 13312 ) (-5120 13312 13312 ) (-5120 13312 -14848 ) 
4 199 202 (-5120 13312 -14848 ) (-5120 13312 13312 ) (-5120 14336 13312 ) (-5120 14336 -14848 ) 
4 200 202 (-5120 14336 -14848 ) (-5120 14336 13312 ) (-6144 14336 13312 ) (-6144 14336 -14848 ) 
4 200 201 (-6144 14336 -14848 ) (-6144 14336 13312 ) (-6144 14848 13312 ) (-6144 14848 -14848 ) 
4 201 204 (-7168 14336 -14848 ) (-7168 14336 13312 ) (-7168 14848 13312 ) (-7168 14848 -14848 ) 
4 201 203 (-6144 14336 -14848 ) (-6144 14336 13312 ) (-7168 14336 13312 ) (-7168 14336 -14848 ) 
4 202 224 (-5120 13312 -14848 ) (-5120 13312 13312 ) (-6144 13312 13312 ) (-6144 13312 -14848 ) 
4 202 203 (-6144 14336 13312 ) (-6144 14336 -14848 ) (-6144 13312 -14848 ) (-6144 13312 13312 ) 
4 203 225 (-6144 13312 -14848 ) (-6144 13312 13312 ) (-7168 13312 13312 ) (-7168 13312 -14848 ) 
4 203 206 (-7168 13312 -14848 ) (-7168 13312 13312 ) (-7168 14336 13312 ) (-7168 14336 -14848 ) 
4 204 206 (-7168 14336 -14848 ) (-7168 14336 13312 ) (-8192 14336 13312 ) (-8192 14336 -14848 ) 
4 204 205 (-8192 14336 -14848 ) (-8192 14336 13312 ) (-8192 14848 13312 ) (-8192 14848 -14848 ) 
4 205 240 (-9216 14336 -14848 ) (-9216 14336 13312 ) (-9216 14848 13312 ) (-9216 14848 -14848 ) 
4 205 207 (-8192 14336 -14848 ) (-8192 14336 13312 ) (-9216 14336 13312 ) (-9216 14336 -14848 ) 
4 206 228 (-7168 13312 -14848 ) (-7168 13312 13312 ) (-8192 13312 13312 ) (-8192 13312 -14848 ) 
4 206 207 (-8192 14336 13312 ) (-8192 14336 -14848 ) (-8192 13312 -14848 ) (-8192 13312 13312 ) 
4 207 242 (-9216 13312 -14848 ) (-9216 13312 13312 ) (-9216 14336 13312 ) (-9216 14336 -14848 ) 
4 207 229 (-8192 13312 -14848 ) (-8192 13312 13312 ) (-9216 13312 13312 ) (-9216 13312 -14848 ) 
4 208 210 (-1024 12288 -14848 ) (-1024 12288 13312 ) (-2048 12288 13312 ) (-2048 12288 -14848 ) 
4 208 209 (-2048 13312 13312 ) (-2048 13312 -14848 ) (-2048 12288 -14848 ) (-2048 12288 13312 ) 
4 209 212 (-3072 13312 13312 ) (-3072 13312 -14848 ) (-3072 12288 -14848 ) (-3072 12288 13312 ) 
4 209 211 (-2048 12288 -14848 ) (-2048 12288 13312 ) (-3072 12288 13312 ) (-3072 12288 -14848 ) 
4 210 216 (-1024 11264 -14848 ) (-1024 11264 13312 ) (-2048 11264 13312 ) (-2048 11264 -14848 ) 
4 210 211 (-2048 12288 13312 ) (-2048 12288 -14848 ) (-2048 11264 -14848 ) (-2048 11264 13312 ) 
4 211 217 (-2048 11264 -14848 ) (-2048 11264 13312 ) (-3072 11264 13312 ) (-3072 11264 -14848 ) 
4 211 214 (-3072 11264 -14848 ) (-3072 11264 13312 ) (-3072 12288 13312 ) (-3072 12288 -14848 ) 
4 212 214 (-3072 12288 -14848 ) (-3072 12288 13312 ) (-4096 12288 13312 ) (-4096 12288 -14848 ) 
4 212 213 (-4096 13312 13312 ) (-4096 13312 -14848 ) (-4096 12288 -14848 ) (-4096 12288 13312 ) 
4 213 224 (-5120 13312 13312 ) (-5120 13312 -14848 ) (-5120 12288 -14848 ) (-5120 12288 13312 ) 
4 213 215 (-4096 12288 -14848 ) (-4096 12288 13312 ) (-5120 12288 13312 ) (-5120 12288 -14848 ) 
4 214 220 (-3072 11264 -14848 ) (-3072 11264 13312 ) (-4096 11264 13312 ) (-4096 11264 -14848 ) 
4 214 215 (-4096 12288 13312 ) (-4096 12288 -14848 ) (-4096 11264 -14848 ) (-4096 11264 13312 ) 
4 215 226 (-5120 11264 -14848 ) (-5120 11264 13312 ) (-5120 12288 13312 ) (-5120 12288 -14848 ) 
4 215 221 (-4096 11264 -14848 ) (-4096 11264 13312 ) (-5120 11264 13312 ) (-5120 11264 -14848 ) 
4 216 218 (-1024 10240 -14848 ) (-1024 10240 13312 ) (-2048 10240 13312 ) (-2048 10240 -14848 ) 
4 216 217 (-2048 11264 13312 ) (-2048 11264 -14848 ) (-2048 10240 -14848 ) (-2048 10240 13312 ) 
4 217 220 (-3072 11264 13312 ) (-3072 11264 -14848 ) (-3072 10240 -14848 ) (-3072 10240 13312 ) 
4 217 219 (-2048 10240 -14848 ) (-2048 10240 13312 ) (-3072 10240 13312 ) (-3072 10240 -14848 ) 
4 218 276 (-1024 9216 -14848 ) (-1024 9216 13312 ) (-2048 9216 13312 ) (-2048 9216 -14848 ) 
4 218 219 (-2048 10240 13312 ) (-2048 10240 -14848 ) (-2048 9216 -14848 ) (-2048 9216 13312 ) 
4 219 277 (-2048 9216 -14848 ) (-2048 9216 13312 ) (-3072 9216 13312 ) (-3072 9216 -14848 ) 
4 219 222 (-3072 9216 -14848 ) (-3072 9216 13312 ) (-3072 10240 13312 ) (-3072 10240 -14848 ) 
4 220 222 (-3072 10240 -14848 ) (-3072 10240 13312 ) (-4096 10240 13312 ) (-4096 10240 -14848 ) 
4 220 221 (-4096 11264 13312 ) (-4096 11264 -14848 ) (-4096 10240 -14848 ) (-4096 10240 13312 ) 
4 221 232 (-5120 10240 -14848 ) (-5120 10240 13312 ) (-5120 11264 13312 ) (-5120 11264 -14848 ) 
4 221 223 (-4096 10240 -14848 ) (-4096 10240 13312 ) (-5120 10240 13312 ) (-5120 10240 -14848 ) 
4 222 280 (-3072 9216 -14848 ) (-3072 9216 13312 ) (-4096 9216 13312 ) (-4096 9216 -14848 ) 
4 222 223 (-4096 10240 13312 ) (-4096 10240 -14848 ) (-4096 9216 -14848 ) (-4096 9216 13312 ) 
4 223 281 (-4096 9216 -14848 ) (-4096 9216 13312 ) (-5120 9216 13312 ) (-5120 9216 -14848 ) 
4 223 234 (-5120 9216 -14848 ) (-5120 9216 13312 ) (-5120 10240 13312 ) (-5120 10240 -14848 ) 
4 224 226 (-5120 12288 -14848 ) (-5120 12288 13312 ) (-6144 12288 13312 ) (-6144 12288 -14848 ) 
4 224 225 (-6144 13312 13312 ) (-6144 13312 -14848 ) (-6144 12288 -14848 ) (-6144 12288 13312 ) 
4 225 228 (-7168 13312 13312 ) (-7168 13312 -14848 ) (-7168 12288 -14848 ) (-7168 12288 13312 ) 
4 225 227 (-6144 12288 -14848 ) (-6144 12288 13312 ) (-7168 12288 13312 ) (-7168 12288 -14848 ) 
4 226 232 (-5120 11264 -14848 ) (-5120 11264 13312 ) (-6144 11264 13312 ) (-6144 11264 -14848 ) 
4 226 227 (-6144 12288 13312 ) (-6144 12288 -14848 ) (-6144 11264 -14848 ) (-6144 11264 13312 ) 
4 227 233 (-6144 11264 -14848 ) (-6144 11264 13312 ) (-7168 11264 13312 ) (-7168 11264 -14848 ) 
4 227 230 (-7168 11264 -14848 ) (-7168 11264 13312 ) (-7168 12288 13312 ) (-7168 12288 -14848 ) 
4 228 230 (-7168 12288 -14848 ) (-7168 12288 13312 ) (-8192 12288 13312 ) (-8192 12288 -14848 ) 
4 228 229 (-8192 13312 13312 ) (-8192 13312 -14848 ) (-8192 12288 -14848 ) (-8192 12288 13312 ) 
4 229 252 (-9216 12288 -14848 ) (-9216 12288 13312 ) (-9216 13312 13312 ) (-9216 13312 -14848 ) 
4 229 231 (-8192 12288 -14848 ) (-8192 12288 13312 ) (-9216 12288 13312 ) (-9216 12288 -14848 ) 
4 230 236 (-7168 11264 -14848 ) (-7168 11264 13312 ) (-8192 11264 13312 ) (-8192 11264 -14848 ) 
4 230 231 (-8192 12288 13312 ) (-8192 12288 -14848 ) (-8192 11264 -14848 ) (-8192 11264 13312 ) 
4 231 254 (-9216 11264 -14848 ) (-9216 11264 13312 ) (-9216 12288 13312 ) (-9216 12288 -14848 ) 
4 231 237 (-8192 11264 -14848 ) (-8192 11264 13312 ) (-9216 11264 13312 ) (-9216 11264 -14848 ) 
4 232 234 (-5120 10240 -14848 ) (-5120 10240 13312 ) (-6144 10240 13312 ) (-6144 10240 -14848 ) 
4 232 233 (-6144 11264 13312 ) (-6144 11264 -14848 ) (-6144 10240 -14848 ) (-6144 10240 13312 ) 
4 233 236 (-7168 11264 13312 ) (-7168 11264 -14848 ) (-7168 10240 -14848 ) (-7168 10240 13312 ) 
4 233 235 (-6144 10240 -14848 ) (-6144 10240 13312 ) (-7168 10240 13312 ) (-7168 10240 -14848 ) 
4 234 292 (-5120 9216 -14848 ) (-5120 9216 13312 ) (-6144 9216 13312 ) (-6144 9216 -14848 ) 
4 234 235 (-6144 10240 13312 ) (-6144 10240 -14848 ) (-6144 9216 -14848 ) (-6144 9216 13312 ) 
4 235 293 (-6144 9216 -14848 ) (-6144 9216 13312 ) (-7168 9216 13312 ) (-7168 9216 -14848 ) 
4 235 238 (-7168 9216 -14848 ) (-7168 9216 13312 ) (-7168 10240 13312 ) (-7168 10240 -14848 ) 
4 236 238 (-7168 10240 -14848 ) (-7168 10240 13312 ) (-8192 10240 13312 ) (-8192 10240 -14848 ) 
4 236 237 (-8192 11264 13312 ) (-8192 11264 -14848 ) (-8192 10240 -14848 ) (-8192 10240 13312 ) 
4 237 260 (-9216 10240 -14848 ) (-9216 10240 13312 ) (-9216 11264 13312 ) (-9216 11264 -14848 ) 
4 237 239 (-8192 10240 -14848 ) (-8192 10240 13312 ) (-9216 10240 13312 ) (-9216 10240 -14848 ) 
4 238 296 (-7168 9216 -14848 ) (-7168 9216 13312 ) (-8192 9216 13312 ) (-8192 9216 -14848 ) 
4 238 239 (-8192 10240 13312 ) (-8192 10240 -14848 ) (-8192 9216 -14848 ) (-8192 9216 13312 ) 
4 239 297 (-8192 9216 -14848 ) (-8192 9216 13312 ) (-9216 9216 13312 ) (-9216 9216 -14848 ) 
4 239 262 (-9216 9216 -14848 ) (-9216 9216 13312 ) (-9216 10240 13312 ) (-9216 10240 -14848 ) 
4 240 242 (-9216 14336 -14848 ) (-9216 14336 13312 ) (-10240 14336 13312 ) (-10240 14336 -14848 ) 
4 240 241 (-10240 14336 -14848 ) (-10240 14336 13312 ) (-10240 14848 13312 ) (-10240 14848 -14848 ) 
4 241 244 (-11264 14336 -14848 ) (-11264 14336 13312 ) (-11264 14848 13312 ) (-11264 14848 -14848 ) 
4 241 243 (-10240 14336 -14848 ) (-10240 14336 13312 ) (-11264 14336 13312 ) (-11264 14336 -14848 ) 
4 242 252 (-9216 13312 -14848 ) (-9216 13312 13312 ) (-10240 13312 13312 ) (-10240 13312 -14848 ) 
4 242 243 (-10240 14336 13312 ) (-10240 14336 -14848 ) (-10240 13312 -14848 ) (-10240 13312 13312 ) 
4 243 253 (-10240 13312 -14848 ) (-10240 13312 13312 ) (-11264 13312 13312 ) (-11264 13312 -14848 ) 
4 243 246 (-11264 13312 -14848 ) (-11264 13312 13312 ) (-11264 14336 13312 ) (-11264 14336 -14848 ) 
4 244 246 (-11264 14336 -14848 ) (-11264 14336 13312 ) (-12288 14336 13312 ) (-12288 14336 -14848 ) 
4 244 245 (-12288 14336 -14848 ) (-12288 14336 13312 ) (-12288 14848 13312 ) (-12288 14848 -14848 ) 
4 245 248 (-13312 14336 -14848 ) (-13312 14336 13312 ) (-13312 14848 13312 ) (-13312 14848 -14848 ) 
4 245 247 (-12288 14336 -14848 ) (-12288 14336 13312 ) (-13312 14336 13312 ) (-13312 14336 -14848 ) 
4 246 256 (-11264 13312 -14848 ) (-11264 13312 13312 ) (-12288 13312 13312 ) (-12288 13312 -14848 ) 
4 246 247 (-12288 14336 13312 ) (-12288 14336 -14848 ) (-12288 13312 -14848 ) (-12288 13312 13312 ) 
4 247 257 (-12288 13312 -14848 ) (-12288 13312 13312 ) (-13312 13312 13312 ) (-13312 13312 -14848 ) 
4 247 250 (-13312 13312 -14848 ) (-13312 13312 13312 ) (-13312 14336 13312 ) (-13312 14336 -14848 ) 
4 248 250 (-13312 14336 -14848 ) (-13312 14336 13312 ) (-14336 14336 13312 ) (-14336 14336 -14848 ) 
4 248 249 (-14336 14336 -14848 ) (-14336 14336 13312 ) (-14336 14848 13312 ) (-14336 14848 -14848 ) 
4 249 251 (-14336 14336 -14848 ) (-14336 14336 13312 ) (-14848 14336 13312 ) (-14848 14336 -14848 ) 
4 250 268 (-13312 13312 -14848 ) (-13312 13312 13312 ) (-14336 13312 13312 ) (-14336 13312 -14848 ) 
4 250 251 (-14336 14336 13312 ) (-14336 14336 -14848 ) (-14336 13312 -14848 ) (-14336 13312 13312 ) 
4 251 269 (-14336 13312 -14848 ) (-14336 13312 13312 ) (-14848 13312 13312 ) (-14848 13312 -14848 ) 
4 252 254 (-9216 12288 -14848 ) (-9216 12288 13312 ) (-10240 12288 13312 ) (-10240 12288 -14848 ) 
4 252 253 (-10240 13312 13312 ) (-10240 13312 -14848 ) (-10240 12288 -14848 ) (-10240 12288 13312 ) 
4 253 256 (-11264 13312 13312 ) (-11264 13312 -14848 ) (-11264 12288 -14848 ) (-11264 12288 13312 ) 
4 253 255 (-10240 12288 -14848 ) (-10240 12288 13312 ) (-11264 12288 13312 ) (-11264 12288 -14848 ) 
4 254 260 (-9216 11264 -14848 ) (-9216 11264 13312 ) (-10240 11264 13312 ) (-10240 11264 -14848 ) 
4 254 255 (-10240 12288 13312 ) (-10240 12288 -14848 ) (-10240 11264 -14848 ) (-10240 11264 13312 ) 
4 255 261 (-10240 11264 -14848 ) (-10240 11264 13312 ) (-11264 11264 13312 ) (-11264 11264 -14848 ) 
4 255 258 (-11264 11264 -14848 ) (-11264 11264 13312 ) (-11264 12288 13312 ) (-11264 12288 -14848 ) 
4 256 258 (-11264 12288 -14848 ) (-11264 12288 13312 ) (-12288 12288 13312 ) (-12288 12288 -14848 ) 
4 256 257 (-12288 13312 13312 ) (-12288 13312 -14848 ) (-12288 12288 -14848 ) (-12288 12288 13312 ) 
4 257 268 (-13312 13312 13312 ) (-13312 13312 -14848 ) (-13312 12288 -14848 ) (-13312 12288 13312 ) 
4 257 259 (-12288 12288 -14848 ) (-12288 12288 13312 ) (-13312 12288 13312 ) (-13312 12288 -14848 ) 
4 258 264 (-11264 11264 -14848 ) (-11264 11264 13312 ) (-12288 11264 13312 ) (-12288 11264 -14848 ) 
4 258 259 (-12288 12288 13312 ) (-12288 12288 -14848 ) (-12288 11264 -14848 ) (-12288 11264 13312 ) 
4 259 270 (-13312 11264 -14848 ) (-13312 11264 13312 ) (-13312 12288 13312 ) (-13312 12288 -14848 ) 
4 259 265 (-12288 11264 -14848 ) (-12288 11264 13312 ) (-13312 11264 13312 ) (-13312 11264 -14848 ) 
4 260 262 (-9216 10240 -14848 ) (-9216 10240 13312 ) (-10240 10240 13312 ) (-10240 10240 -14848 ) 
4 260 261 (-10240 11264 13312 ) (-10240 11264 -14848 ) (-10240 10240 -14848 ) (-10240 10240 13312 ) 
4 261 264 (-11264 11264 13312 ) (-11264 11264 -14848 ) (-11264 10240 -14848 ) (-11264 10240 13312 ) 
4 261 263 (-10240 10240 -14848 ) (-10240 10240 13312 ) (-11264 10240 13312 ) (-11264 10240 -14848 ) 
4 262 340 (-9216 9216 -14848 ) (-9216 9216 13312 ) (-10240 9216 13312 ) (-10240 9216 -14848 ) 
4 262 263 (-10240 10240 13312 ) (-10240 10240 -14848 ) (-10240 9216 -14848 ) (-10240 9216 13312 ) 
4 263 341 (-10240 9216 -14848 ) (-10240 9216 13312 ) (-11264 9216 13312 ) (-11264 9216 -14848 ) 
4 263 266 (-11264 9216 -14848 ) (-11264 9216 13312 ) (-11264 10240 13312 ) (-11264 10240 -14848 ) 
4 264 266 (-11264 10240 -14848 ) (-11264 10240 13312 ) (-12288 10240 13312 ) (-12288 10240 -14848 ) 
4 264 265 (-12288 11264 13312 ) (-12288 11264 -14848 ) (-12288 10240 -14848 ) (-12288 10240 13312 ) 
4 265 272 (-13312 10240 -14848 ) (-13312 10240 13312 ) (-13312 11264 13312 ) (-13312 11264 -14848 ) 
4 265 267 (-12288 10240 -14848 ) (-12288 10240 13312 ) (-13312 10240 13312 ) (-13312 10240 -14848 ) 
4 266 344 (-11264 9216 -14848 ) (-11264 9216 13312 ) (-12288 9216 13312 ) (-12288 9216 -14848 ) 
4 266 267 (-12288 10240 13312 ) (-12288 10240 -14848 ) (-12288 9216 -14848 ) (-12288 9216 13312 ) 
4 267 345 (-12288 9216 -14848 ) (-12288 9216 13312 ) (-13312 9216 13312 ) (-13312 9216 -14848 ) 
4 267 274 (-13312 9216 -14848 ) (-13312 9216 13312 ) (-13312 10240 13312 ) (-13312 10240 -14848 ) 
4 268 270 (-13312 12288 -14848 ) (-13312 12288 13312 ) (-14336 12288 13312 ) (-14336 12288 -14848 ) 
4 268 269 (-14336 13312 13312 ) (-14336 13312 -14848 ) (-14336 12288 -14848 ) (-14336 12288 13312 ) 
4 269 271 (-14336 12288 -14848 ) (-14336 12288 13312 ) (-14848 12288 13312 ) (-14848 12288 -14848 ) 
4 270 272 (-13312 11264 -14848 ) (-13312 11264 13312 ) (-14336 11264 13312 ) (-14336 11264 -14848 ) 
4 270 271 (-14336 12288 13312 ) (-14336 12288 -14848 ) (-14336 11264 -14848 ) (-14336 11264 13312 ) 
4 271 273 (-14336 11264 -14848 ) (-14336 11264 13312 ) (-14848 11264 13312 ) (-14848 11264 -14848 ) 
4 272 274 (-13312 10240 -14848 ) (-13312 10240 13312 ) (-14336 10240 13312 ) (-14336 10240 -14848 ) 
4 272 273 (-14336 11264 13312 ) (-14336 11264 -14848 ) (-14336 10240 -14848 ) (-14336 10240 13312 ) 
4 273 275 (-14336 10240 -14848 ) (-14336 10240 13312 ) (-14848 10240 13312 ) (-14848 10240 -14848 ) 
4 274 356 (-13312 9216 -14848 ) (-13312 9216 13312 ) (-14336 9216 13312 ) (-14336 9216 -14848 ) 
4 274 275 (-14336 10240 13312 ) (-14336 10240 -14848 ) (-14336 9216 -14848 ) (-14336 9216 13312 ) 
4 275 357 (-14336 9216 -14848 ) (-14336 9216 13312 ) (-14848 9216 13312 ) (-14848 9216 -14848 ) 
4 276 278 (-1024 8192 -14848 ) (-1024 8192 13312 ) (-2048 8192 13312 ) (-2048 8192 -14848 ) 
4 276 277 (-2048 9216 13312 ) (-2048 9216 -14848 ) (-2048 8192 -14848 ) (-2048 8192 13312 ) 
4 277 280 (-3072 9216 13312 ) (-3072 9216 -14848 ) (-3072 8192 -14848 ) (-3072 8192 13312 ) 
4 277 279 (-2048 8192 -14848 ) (-2048 8192 13312 ) (-3072 8192 13312 ) (-3072 8192 -14848 ) 
4 278 284 (-1024 7168 -14848 ) (-1024 7168 13312 ) (-2048 7168 13312 ) (-2048 7168 -14848 ) 
4 278 279 (-2048 8192 13312 ) (-2048 8192 -14848 ) (-2048 7168 -14848 ) (-2048 7168 13312 ) 
4 279 285 (-2048 7168 -14848 ) (-2048 7168 13312 ) (-3072 7168 13312 ) (-3072 7168 -14848 ) 
4 279 282 (-3072 7168 -14848 ) (-3072 7168 13312 ) (-3072 8192 13312 ) (-3072 8192 -14848 ) 
4 280 282 (-3072 8192 -14848 ) (-3072 8192 13312 ) (-4096 8192 13312 ) (-4096 8192 -14848 ) 
4 280 281 (-4096 9216 13312 ) (-4096 9216 -14848 ) (-4096 8192 -14848 ) (-4096 8192 13312 ) 
4 281 292 (-5120 9216 13312 ) (-5120 9216 -14848 ) (-5120 8192 -14848 ) (-5120 8192 13312 ) 
4 281 283 (-4096 8192 -14848 ) (-4096 8192 13312 ) (-5120 8192 13312 ) (-5120 8192 -14848 ) 
4 282 288 (-3072 7168 -14848 ) (-3072 7168 13312 ) (-4096 7168 13312 ) (-4096 7168 -14848 ) 
4 282 283 (-4096 8192 13312 ) (-4096 8192 -14848 ) (-4096 7168 -14848 ) (-4096 7168 13312 ) 
4 283 294 (-5120 7168 -14848 ) (-5120 7168 13312 ) (-5120 8192 13312 ) (-5120 8192 -14848 ) 
4 283 289 (-4096 7168 -14848 ) (-4096 7168 13312 ) (-5120 7168 13312 ) (-5120 7168 -14848 ) 
4 284 286 (-1024 6144 -14848 ) (-1024 6144 13312 ) (-2048 6144 13312 ) (-2048 6144 -14848 ) 
4 284 285 (-2048 7168 13312 ) (-2048 7168 -14848 ) (-2048 6144 -14848 ) (-2048 6144 13312 ) 
4 285 288 (-3072 7168 13312 ) (-3072 7168 -14848 ) (-3072 6144 -14848 ) (-3072 6144 13312 ) 
4 285 287 (-2048 6144 -14848 ) (-2048 6144 13312 ) (-3072 6144 13312 ) (-3072 6144 -14848 ) 
4 286 308 (-1024 5120 -14848 ) (-1024 5120 13312 ) (-2048 5120 13312 ) (-2048 5120 -14848 ) 
4 286 287 (-2048 6144 13312 ) (-2048 6144 -14848 ) (-2048 5120 -14848 ) (-2048 5120 13312 ) 
4 287 309 (-2048 5120 -14848 ) (-2048 5120 13312 ) (-3072 5120 13312 ) (-3072 5120 -14848 ) 
4 287 290 (-3072 5120 -14848 ) (-3072 5120 13312 ) (-3072 6144 13312 ) (-3072 6144 -14848 ) 
4 288 290 (-3072 6144 -14848 ) (-3072 6144 13312 ) (-4096 6144 13312 ) (-4096 6144 -14848 ) 
4 288 289 (-4096 7168 13312 ) (-4096 7168 -14848 ) (-4096 6144 -14848 ) (-4096 6144 13312 ) 
4 289 300 (-5120 6144 -14848 ) (-5120 6144 13312 ) (-5120 7168 13312 ) (-5120 7168 -14848 ) 
4 289 291 (-4096 6144 -14848 ) (-4096 6144 13312 ) (-5120 6144 13312 ) (-5120 6144 -14848 ) 
4 290 312 (-3072 5120 -14848 ) (-3072 5120 13312 ) (-4096 5120 13312 ) (-4096 5120 -14848 ) 
4 290 291 (-4096 6144 13312 ) (-4096 6144 -14848 ) (-4096 5120 -14848 ) (-4096 5120 13312 ) 
4 291 313 (-4096 5120 -14848 ) (-4096 5120 13312 ) (-5120 5120 13312 ) (-5120 5120 -14848 ) 
4 291 302 (-5120 5120 -14848 ) (-5120 5120 13312 ) (-5120 6144 13312 ) (-5120 6144 -14848 ) 
4 292 294 (-5120 8192 -14848 ) (-5120 8192 13312 ) (-6144 8192 13312 ) (-6144 8192 -14848 ) 
4 292 293 (-6144 9216 13312 ) (-6144 9216 -14848 ) (-6144 8192 -14848 ) (-6144 8192 13312 ) 
4 293 296 (-7168 9216 13312 ) (-7168 9216 -14848 ) (-7168 8192 -14848 ) (-7168 8192 13312 ) 
4 293 295 (-6144 8192 -14848 ) (-6144 8192 13312 ) (-7168 8192 13312 ) (-7168 8192 -14848 ) 
4 294 300 (-5120 7168 -14848 ) (-5120 7168 13312 ) (-6144 7168 13312 ) (-6144 7168 -14848 ) 
4 294 295 (-6144 8192 13312 ) (-6144 8192 -14848 ) (-6144 7168 -14848 ) (-6144 7168 13312 ) 
4 295 301 (-6144 7168 -14848 ) (-6144 7168 13312 ) (-7168 7168 13312 ) (-7168 7168 -14848 ) 
4 295 298 (-7168 7168 -14848 ) (-7168 7168 13312 ) (-7168 8192 13312 ) (-7168 8192 -14848 ) 
4 296 298 (-7168 8192 -14848 ) (-7168 8192 13312 ) (-8192 8192 13312 ) (-8192 8192 -14848 ) 
4 296 297 (-8192 9216 13312 ) (-8192 9216 -14848 ) (-8192 8192 -14848 ) (-8192 8192 13312 ) 
4 297 340 (-9216 9216 13312 ) (-9216 9216 -14848 ) (-9216 8192 -14848 ) (-9216 8192 13312 ) 
4 297 299 (-8192 8192 -14848 ) (-8192 8192 13312 ) (-9216 8192 13312 ) (-9216 8192 -14848 ) 
4 298 304 (-7168 7168 -14848 ) (-7168 7168 13312 ) (-8192 7168 13312 ) (-8192 7168 -14848 ) 
4 298 299 (-8192 8192 13312 ) (-8192 8192 -14848 ) (-8192 7168 -14848 ) (-8192 7168 13312 ) 
4 299 342 (-9216 7168 -14848 ) (-9216 7168 13312 ) (-9216 8192 13312 ) (-9216 8192 -14848 ) 
4 299 305 (-8192 7168 -14848 ) (-8192 7168 13312 ) (-9216 7168 13312 ) (-9216 7168 -14848 ) 
4 300 302 (-5120 6144 -14848 ) (-5120 6144 13312 ) (-6144 6144 13312 ) (-6144 6144 -14848 ) 
4 300 301 (-6144 7168 13312 ) (-6144 7168 -14848 ) (-6144 6144 -14848 ) (-6144 6144 13312 ) 
4 301 304 (-7168 7168 13312 ) (-7168 7168 -14848 ) (-7168 6144 -14848 ) (-7168 6144 13312 ) 
4 301 303 (-6144 6144 -14848 ) (-6144 6144 13312 ) (-7168 6144 13312 ) (-7168 6144 -14848 ) 
4 302 324 (-5120 5120 -14848 ) (-5120 5120 13312 ) (-6144 5120 13312 ) (-6144 5120 -14848 ) 
4 302 303 (-6144 6144 13312 ) (-6144 6144 -14848 ) (-6144 5120 -14848 ) (-6144 5120 13312 ) 
4 303 325 (-6144 5120 -14848 ) (-6144 5120 13312 ) (-7168 5120 13312 ) (-7168 5120 -14848 ) 
4 303 306 (-7168 5120 -14848 ) (-7168 5120 13312 ) (-7168 6144 13312 ) (-7168 6144 -14848 ) 
4 304 306 (-7168 6144 -14848 ) (-7168 6144 13312 ) (-8192 6144 13312 ) (-8192 6144 -14848 ) 
4 304 305 (-8192 7168 13312 ) (-8192 7168 -14848 ) (-8192 6144 -14848 ) (-8192 6144 13312 ) 
4 305 348 (-9216 6144 -14848 ) (-9216 6144 13312 ) (-9216 7168 13312 ) (-9216 7168 -14848 ) 
4 305 307 (-8192 6144 -14848 ) (-8192 6144 13312 ) (-9216 6144 13312 ) (-9216 6144 -14848 ) 
4 306 328 (-7168 5120 -14848 ) (-7168 5120 13312 ) (-8192 5120 13312 ) (-8192 5120 -14848 ) 
4 306 307 (-8192 6144 13312 ) (-8192 6144 -14848 ) (-8192 5120 -14848 ) (-8192 5120 13312 ) 
4 307 350 (-9216 5120 -14848 ) (-9216 5120 13312 ) (-9216 6144 13312 ) (-9216 6144 -14848 ) 
4 307 329 (-8192 5120 -14848 ) (-8192 5120 13312 ) (-9216 5120 13312 ) (-9216 5120 -14848 ) 
4 308 310 (-1024 4096 -14848 ) (-1024 4096 13312 ) (-2048 4096 13312 ) (-2048 4096 -14848 ) 
4 308 309 (-2048 5120 13312 ) (-2048 5120 -14848 ) (-2048 4096 -14848 ) (-2048 4096 13312 ) 
4 309 312 (-3072 5120 13312 ) (-3072 5120 -14848 ) (-3072 4096 -14848 ) (-3072 4096 13312 ) 
4 309 311 (-2048 4096 -14848 ) (-2048 4096 13312 ) (-3072 4096 13312 ) (-3072 4096 -14848 ) 
4 310 316 (-1024 3072 -14848 ) (-1024 3072 13312 ) (-2048 3072 13312 ) (-2048 3072 -14848 ) 
4 310 311 (-2048 4096 13312 ) (-2048 4096 -14848 ) (-2048 3072 -14848 ) (-2048 3072 13312 ) 
4 311 317 (-2048 3072 -14848 ) (-2048 3072 13312 ) (-3072 3072 13312 ) (-3072 3072 -14848 ) 
4 311 314 (-3072 3072 -14848 ) (-3072 3072 13312 ) (-3072 4096 13312 ) (-3072 4096 -14848 ) 
4 312 314 (-3072 4096 -14848 ) (-3072 4096 13312 ) (-4096 4096 13312 ) (-4096 4096 -14848 ) 
4 312 313 (-4096 5120 13312 ) (-4096 5120 -14848 ) (-4096 4096 -14848 ) (-4096 4096 13312 ) 
4 313 324 (-5120 5120 13312 ) (-5120 5120 -14848 ) (-5120 4096 -14848 ) (-5120 4096 13312 ) 
4 313 315 (-4096 4096 -14848 ) (-4096 4096 13312 ) (-5120 4096 13312 ) (-5120 4096 -14848 ) 
4 314 320 (-3072 3072 -14848 ) (-3072 3072 13312 ) (-4096 3072 13312 ) (-4096 3072 -14848 ) 
4 314 315 (-4096 4096 13312 ) (-4096 4096 -14848 ) (-4096 3072 -14848 ) (-4096 3072 13312 ) 
4 315 326 (-5120 3072 -14848 ) (-5120 3072 13312 ) (-5120 4096 13312 ) (-5120 4096 -14848 ) 
4 315 321 (-4096 3072 -14848 ) (-4096 3072 13312 ) (-5120 3072 13312 ) (-5120 3072 -14848 ) 
4 316 318 (-1024 2048 -14848 ) (-1024 2048 13312 ) (-2048 2048 13312 ) (-2048 2048 -14848 ) 
4 316 317 (-2048 3072 13312 ) (-2048 3072 -14848 ) (-2048 2048 -14848 ) (-2048 2048 13312 ) 
4 317 320 (-3072 3072 13312 ) (-3072 3072 -14848 ) (-3072 2048 -14848 ) (-3072 2048 13312 ) 
4 317 319 (-2048 2048 -14848 ) (-2048 2048 13312 ) (-3072 2048 13312 ) (-3072 2048 -14848 ) 
4 318 747 (-1024 1024 -14848 ) (-1024 1024 -1024 ) (-2048 1024 -1024 ) (-2048 1024 -14848 ) 
4 318 746 (-1024 1024 -1024 ) (-1024 1024 -512 ) (-2048 1024 -512 ) (-2048 1024 -1024 ) 
4 318 742 (-1024 1024 -512 ) (-1024 1024 -64 ) (-2048 1024 -64 ) (-2048 1024 -512 ) 
4 318 739 (-1024 1024 -64 ) (-1024 1024 13312 ) (-1536 1024 13312 ) (-1536 1024 -64 ) 
4 318 741 (-1536 1024 13312 ) (-2048 1024 13312 ) (-2048 1024 -64 ) (-1536 1024 -64 ) 
4 318 319 (-2048 2048 13312 ) (-2048 2048 -14848 ) (-2048 1024 -14848 ) (-2048 1024 13312 ) 
4 319 754 (-2048 1024 -14848 ) (-2048 1024 -1024 ) (-3072 1024 -1024 ) (-3072 1024 -14848 ) 
4 319 752 (-2048 1024 -1024 ) (-2048 1024 -512 ) (-2096 1024 -512 ) (-2096 1024 -1024 ) 
4 319 753 (-2096 1024 -512 ) (-3072 1024 -512 ) (-3072 1024 -1024 ) (-2096 1024 -1024 ) 
4 319 749 (-2048 1024 -512 ) (-2048 1024 -352 ) (-2096 1024 -352 ) (-2096 1024 -512 ) 
4 319 751 (-2096 1024 -352 ) (-3072 1024 -352 ) (-3072 1024 -512 ) (-2096 1024 -512 ) 
4 319 748 (-2048 1024 -352 ) (-2048 1024 13312 ) (-3072 1024 13312 ) (-3072 1024 -352 ) 
4 319 322 (-3072 1024 -14848 ) (-3072 1024 13312 ) (-3072 2048 13312 ) (-3072 2048 -14848 ) 
4 320 322 (-3072 2048 -14848 ) (-3072 2048 13312 ) (-4096 2048 13312 ) (-4096 2048 -14848 ) 
4 320 321 (-4096 3072 13312 ) (-4096 3072 -14848 ) (-4096 2048 -14848 ) (-4096 2048 13312 ) 
4 321 332 (-5120 2048 -14848 ) (-5120 2048 13312 ) (-5120 3072 13312 ) (-5120 3072 -14848 ) 
4 321 323 (-4096 2048 -14848 ) (-4096 2048 13312 ) (-5120 2048 13312 ) (-5120 2048 -14848 ) 
4 322 770 (-3072 1024 -14848 ) (-3072 1024 13312 ) (-4096 1024 13312 ) (-4096 1024 -14848 ) 
4 322 323 (-4096 2048 13312 ) (-4096 2048 -14848 ) (-4096 1024 -14848 ) (-4096 1024 13312 ) 
4 323 771 (-4096 1024 -14848 ) (-4096 1024 13312 ) (-5120 1024 13312 ) (-5120 1024 -14848 ) 
4 323 334 (-5120 1024 -14848 ) (-5120 1024 13312 ) (-5120 2048 13312 ) (-5120 2048 -14848 ) 
4 324 326 (-5120 4096 -14848 ) (-5120 4096 13312 ) (-6144 4096 13312 ) (-6144 4096 -14848 ) 
4 324 325 (-6144 5120 13312 ) (-6144 5120 -14848 ) (-6144 4096 -14848 ) (-6144 4096 13312 ) 
4 325 328 (-7168 5120 13312 ) (-7168 5120 -14848 ) (-7168 4096 -14848 ) (-7168 4096 13312 ) 
4 325 327 (-6144 4096 -14848 ) (-6144 4096 13312 ) (-7168 4096 13312 ) (-7168 4096 -14848 ) 
4 326 332 (-5120 3072 -14848 ) (-5120 3072 13312 ) (-6144 3072 13312 ) (-6144 3072 -14848 ) 
4 326 327 (-6144 4096 13312 ) (-6144 4096 -14848 ) (-6144 3072 -14848 ) (-6144 3072 13312 ) 
4 327 333 (-6144 3072 -14848 ) (-6144 3072 13312 ) (-7168 3072 13312 ) (-7168 3072 -14848 ) 
4 327 330 (-7168 3072 -14848 ) (-7168 3072 13312 ) (-7168 4096 13312 ) (-7168 4096 -14848 ) 
4 328 330 (-7168 4096 -14848 ) (-7168 4096 13312 ) (-8192 4096 13312 ) (-8192 4096 -14848 ) 
4 328 329 (-8192 5120 13312 ) (-8192 5120 -14848 ) (-8192 4096 -14848 ) (-8192 4096 13312 ) 
4 329 364 (-9216 4096 -14848 ) (-9216 4096 13312 ) (-9216 5120 13312 ) (-9216 5120 -14848 ) 
4 329 331 (-8192 4096 -14848 ) (-8192 4096 13312 ) (-9216 4096 13312 ) (-9216 4096 -14848 ) 
4 330 336 (-7168 3072 -14848 ) (-7168 3072 13312 ) (-8192 3072 13312 ) (-8192 3072 -14848 ) 
4 330 331 (-8192 4096 13312 ) (-8192 4096 -14848 ) (-8192 3072 -14848 ) (-8192 3072 13312 ) 
4 331 366 (-9216 3072 -14848 ) (-9216 3072 13312 ) (-9216 4096 13312 ) (-9216 4096 -14848 ) 
4 331 337 (-8192 3072 -14848 ) (-8192 3072 13312 ) (-9216 3072 13312 ) (-9216 3072 -14848 ) 
4 332 334 (-5120 2048 -14848 ) (-5120 2048 13312 ) (-6144 2048 13312 ) (-6144 2048 -14848 ) 
4 332 333 (-6144 3072 13312 ) (-6144 3072 -14848 ) (-6144 2048 -14848 ) (-6144 2048 13312 ) 
4 333 336 (-7168 3072 13312 ) (-7168 3072 -14848 ) (-7168 2048 -14848 ) (-7168 2048 13312 ) 
4 333 335 (-6144 2048 -14848 ) (-6144 2048 13312 ) (-7168 2048 13312 ) (-7168 2048 -14848 ) 
4 334 856 (-5120 1024 -14848 ) (-5120 1024 13312 ) (-6144 1024 13312 ) (-6144 1024 -14848 ) 
4 334 335 (-6144 2048 13312 ) (-6144 2048 -14848 ) (-6144 1024 -14848 ) (-6144 1024 13312 ) 
4 335 857 (-6144 1024 -14848 ) (-6144 1024 13312 ) (-7168 1024 13312 ) (-7168 1024 -14848 ) 
4 335 338 (-7168 1024 -14848 ) (-7168 1024 13312 ) (-7168 2048 13312 ) (-7168 2048 -14848 ) 
4 336 338 (-7168 2048 -14848 ) (-7168 2048 13312 ) (-8192 2048 13312 ) (-8192 2048 -14848 ) 
4 336 337 (-8192 3072 13312 ) (-8192 3072 -14848 ) (-8192 2048 -14848 ) (-8192 2048 13312 ) 
4 337 372 (-9216 2048 -14848 ) (-9216 2048 13312 ) (-9216 3072 13312 ) (-9216 3072 -14848 ) 
4 337 339 (-8192 2048 -14848 ) (-8192 2048 13312 ) (-9216 2048 13312 ) (-9216 2048 -14848 ) 
4 338 860 (-7168 1024 -14848 ) (-7168 1024 13312 ) (-8192 1024 13312 ) (-8192 1024 -14848 ) 
4 338 339 (-8192 2048 13312 ) (-8192 2048 -14848 ) (-8192 1024 -14848 ) (-8192 1024 13312 ) 
4 339 861 (-8192 1024 -14848 ) (-8192 1024 13312 ) (-9216 1024 13312 ) (-9216 1024 -14848 ) 
4 339 374 (-9216 1024 -14848 ) (-9216 1024 13312 ) (-9216 2048 13312 ) (-9216 2048 -14848 ) 
4 340 342 (-9216 8192 -14848 ) (-9216 8192 13312 ) (-10240 8192 13312 ) (-10240 8192 -14848 ) 
4 340 341 (-10240 9216 13312 ) (-10240 9216 -14848 ) (-10240 8192 -14848 ) (-10240 8192 13312 ) 
4 341 344 (-11264 9216 13312 ) (-11264 9216 -14848 ) (-11264 8192 -14848 ) (-11264 8192 13312 ) 
4 341 343 (-10240 8192 -14848 ) (-10240 8192 13312 ) (-11264 8192 13312 ) (-11264 8192 -14848 ) 
4 342 348 (-9216 7168 -14848 ) (-9216 7168 13312 ) (-10240 7168 13312 ) (-10240 7168 -14848 ) 
4 342 343 (-10240 8192 13312 ) (-10240 8192 -14848 ) (-10240 7168 -14848 ) (-10240 7168 13312 ) 
4 343 349 (-10240 7168 -14848 ) (-10240 7168 13312 ) (-11264 7168 13312 ) (-11264 7168 -14848 ) 
4 343 346 (-11264 7168 -14848 ) (-11264 7168 13312 ) (-11264 8192 13312 ) (-11264 8192 -14848 ) 
4 344 346 (-11264 8192 -14848 ) (-11264 8192 13312 ) (-12288 8192 13312 ) (-12288 8192 -14848 ) 
4 344 345 (-12288 9216 13312 ) (-12288 9216 -14848 ) (-12288 8192 -14848 ) (-12288 8192 13312 ) 
4 345 356 (-13312 9216 13312 ) (-13312 9216 -14848 ) (-13312 8192 -14848 ) (-13312 8192 13312 ) 
4 345 347 (-12288 8192 -14848 ) (-12288 8192 13312 ) (-13312 8192 13312 ) (-13312 8192 -14848 ) 
4 346 352 (-11264 7168 -14848 ) (-11264 7168 13312 ) (-12288 7168 13312 ) (-12288 7168 -14848 ) 
4 346 347 (-12288 8192 13312 ) (-12288 8192 -14848 ) (-12288 7168 -14848 ) (-12288 7168 13312 ) 
4 347 358 (-13312 7168 -14848 ) (-13312 7168 13312 ) (-13312 8192 13312 ) (-13312 8192 -14848 ) 
4 347 353 (-12288 7168 -14848 ) (-12288 7168 13312 ) (-13312 7168 13312 ) (-13312 7168 -14848 ) 
4 348 350 (-9216 6144 -14848 ) (-9216 6144 13312 ) (-10240 6144 13312 ) (-10240 6144 -14848 ) 
4 348 349 (-10240 7168 13312 ) (-10240 7168 -14848 ) (-10240 6144 -14848 ) (-10240 6144 13312 ) 
4 349 352 (-11264 7168 13312 ) (-11264 7168 -14848 ) (-11264 6144 -14848 ) (-11264 6144 13312 ) 
4 349 351 (-10240 6144 -14848 ) (-10240 6144 13312 ) (-11264 6144 13312 ) (-11264 6144 -14848 ) 
4 350 364 (-9216 5120 -14848 ) (-9216 5120 13312 ) (-10240 5120 13312 ) (-10240 5120 -14848 ) 
4 350 351 (-10240 6144 13312 ) (-10240 6144 -14848 ) (-10240 5120 -14848 ) (-10240 5120 13312 ) 
4 351 365 (-10240 5120 -14848 ) (-10240 5120 13312 ) (-11264 5120 13312 ) (-11264 5120 -14848 ) 
4 351 354 (-11264 5120 -14848 ) (-11264 5120 13312 ) (-11264 6144 13312 ) (-11264 6144 -14848 ) 
4 352 354 (-11264 6144 -14848 ) (-11264 6144 13312 ) (-12288 6144 13312 ) (-12288 6144 -14848 ) 
4 352 353 (-12288 7168 13312 ) (-12288 7168 -14848 ) (-12288 6144 -14848 ) (-12288 6144 13312 ) 
4 353 360 (-13312 6144 -14848 ) (-13312 6144 13312 ) (-13312 7168 13312 ) (-13312 7168 -14848 ) 
4 353 355 (-12288 6144 -14848 ) (-12288 6144 13312 ) (-13312 6144 13312 ) (-13312 6144 -14848 ) 
4 354 368 (-11264 5120 -14848 ) (-11264 5120 13312 ) (-12288 5120 13312 ) (-12288 5120 -14848 ) 
4 354 355 (-12288 6144 13312 ) (-12288 6144 -14848 ) (-12288 5120 -14848 ) (-12288 5120 13312 ) 
4 355 369 (-12288 5120 -14848 ) (-12288 5120 13312 ) (-13312 5120 13312 ) (-13312 5120 -14848 ) 
4 355 362 (-13312 5120 -14848 ) (-13312 5120 13312 ) (-13312 6144 13312 ) (-13312 6144 -14848 ) 
4 356 358 (-13312 8192 -14848 ) (-13312 8192 13312 ) (-14336 8192 13312 ) (-14336 8192 -14848 ) 
4 356 357 (-14336 9216 13312 ) (-14336 9216 -14848 ) (-14336 8192 -14848 ) (-14336 8192 13312 ) 
4 357 359 (-14336 8192 -14848 ) (-14336 8192 13312 ) (-14848 8192 13312 ) (-14848 8192 -14848 ) 
4 358 360 (-13312 7168 -14848 ) (-13312 7168 13312 ) (-14336 7168 13312 ) (-14336 7168 -14848 ) 
4 358 359 (-14336 8192 13312 ) (-14336 8192 -14848 ) (-14336 7168 -14848 ) (-14336 7168 13312 ) 
4 359 361 (-14336 7168 -14848 ) (-14336 7168 13312 ) (-14848 7168 13312 ) (-14848 7168 -14848 ) 
4 360 362 (-13312 6144 -14848 ) (-13312 6144 13312 ) (-14336 6144 13312 ) (-14336 6144 -14848 ) 
4 360 361 (-14336 7168 13312 ) (-14336 7168 -14848 ) (-14336 6144 -14848 ) (-14336 6144 13312 ) 
4 361 363 (-14336 6144 -14848 ) (-14336 6144 13312 ) (-14848 6144 13312 ) (-14848 6144 -14848 ) 
4 362 380 (-13312 5120 -14848 ) (-13312 5120 13312 ) (-14336 5120 13312 ) (-14336 5120 -14848 ) 
4 362 363 (-14336 6144 13312 ) (-14336 6144 -14848 ) (-14336 5120 -14848 ) (-14336 5120 13312 ) 
4 363 381 (-14336 5120 -14848 ) (-14336 5120 13312 ) (-14848 5120 13312 ) (-14848 5120 -14848 ) 
4 364 366 (-9216 4096 -14848 ) (-9216 4096 13312 ) (-10240 4096 13312 ) (-10240 4096 -14848 ) 
4 364 365 (-10240 5120 13312 ) (-10240 5120 -14848 ) (-10240 4096 -14848 ) (-10240 4096 13312 ) 
4 365 368 (-11264 5120 13312 ) (-11264 5120 -14848 ) (-11264 4096 -14848 ) (-11264 4096 13312 ) 
4 365 367 (-10240 4096 -14848 ) (-10240 4096 13312 ) (-11264 4096 13312 ) (-11264 4096 -14848 ) 
4 366 372 (-9216 3072 -14848 ) (-9216 3072 13312 ) (-10240 3072 13312 ) (-10240 3072 -14848 ) 
4 366 367 (-10240 4096 13312 ) (-10240 4096 -14848 ) (-10240 3072 -14848 ) (-10240 3072 13312 ) 
4 367 373 (-10240 3072 -14848 ) (-10240 3072 13312 ) (-11264 3072 13312 ) (-11264 3072 -14848 ) 
4 367 370 (-11264 3072 -14848 ) (-11264 3072 13312 ) (-11264 4096 13312 ) (-11264 4096 -14848 ) 
4 368 370 (-11264 4096 -14848 ) (-11264 4096 13312 ) (-12288 4096 13312 ) (-12288 4096 -14848 ) 
4 368 369 (-12288 5120 13312 ) (-12288 5120 -14848 ) (-12288 4096 -14848 ) (-12288 4096 13312 ) 
4 369 380 (-13312 5120 13312 ) (-13312 5120 -14848 ) (-13312 4096 -14848 ) (-13312 4096 13312 ) 
4 369 371 (-12288 4096 -14848 ) (-12288 4096 13312 ) (-13312 4096 13312 ) (-13312 4096 -14848 ) 
4 370 376 (-11264 3072 -14848 ) (-11264 3072 13312 ) (-12288 3072 13312 ) (-12288 3072 -14848 ) 
4 370 371 (-12288 4096 13312 ) (-12288 4096 -14848 ) (-12288 3072 -14848 ) (-12288 3072 13312 ) 
4 371 382 (-13312 3072 -14848 ) (-13312 3072 13312 ) (-13312 4096 13312 ) (-13312 4096 -14848 ) 
4 371 377 (-12288 3072 -14848 ) (-12288 3072 13312 ) (-13312 3072 13312 ) (-13312 3072 -14848 ) 
4 372 374 (-9216 2048 -14848 ) (-9216 2048 13312 ) (-10240 2048 13312 ) (-10240 2048 -14848 ) 
4 372 373 (-10240 3072 13312 ) (-10240 3072 -14848 ) (-10240 2048 -14848 ) (-10240 2048 13312 ) 
4 373 376 (-11264 3072 13312 ) (-11264 3072 -14848 ) (-11264 2048 -14848 ) (-11264 2048 13312 ) 
4 373 375 (-10240 2048 -14848 ) (-10240 2048 13312 ) (-11264 2048 13312 ) (-11264 2048 -14848 ) 
4 374 907 (-9216 1024 -14848 ) (-9216 1024 13312 ) (-10240 1024 13312 ) (-10240 1024 -14848 ) 
4 374 375 (-10240 2048 13312 ) (-10240 2048 -14848 ) (-10240 1024 -14848 ) (-10240 1024 13312 ) 
4 375 908 (-10240 1024 -14848 ) (-10240 1024 13312 ) (-11264 1024 13312 ) (-11264 1024 -14848 ) 
4 375 378 (-11264 1024 -14848 ) (-11264 1024 13312 ) (-11264 2048 13312 ) (-11264 2048 -14848 ) 
4 376 378 (-11264 2048 -14848 ) (-11264 2048 13312 ) (-12288 2048 13312 ) (-12288 2048 -14848 ) 
4 376 377 (-12288 3072 13312 ) (-12288 3072 -14848 ) (-12288 2048 -14848 ) (-12288 2048 13312 ) 
4 377 384 (-13312 2048 -14848 ) (-13312 2048 13312 ) (-13312 3072 13312 ) (-13312 3072 -14848 ) 
4 377 379 (-12288 2048 -14848 ) (-12288 2048 13312 ) (-13312 2048 13312 ) (-13312 2048 -14848 ) 
4 378 911 (-11264 1024 -14848 ) (-11264 1024 13312 ) (-12288 1024 13312 ) (-12288 1024 -14848 ) 
4 378 379 (-12288 2048 13312 ) (-12288 2048 -14848 ) (-12288 1024 -14848 ) (-12288 1024 13312 ) 
4 379 912 (-12288 1024 -14848 ) (-12288 1024 13312 ) (-13312 1024 13312 ) (-13312 1024 -14848 ) 
4 379 386 (-13312 1024 -14848 ) (-13312 1024 13312 ) (-13312 2048 13312 ) (-13312 2048 -14848 ) 
4 380 382 (-13312 4096 -14848 ) (-13312 4096 13312 ) (-14336 4096 13312 ) (-14336 4096 -14848 ) 
4 380 381 (-14336 5120 13312 ) (-14336 5120 -14848 ) (-14336 4096 -14848 ) (-14336 4096 13312 ) 
4 381 383 (-14336 4096 -14848 ) (-14336 4096 13312 ) (-14848 4096 13312 ) (-14848 4096 -14848 ) 
4 382 384 (-13312 3072 -14848 ) (-13312 3072 13312 ) (-14336 3072 13312 ) (-14336 3072 -14848 ) 
4 382 383 (-14336 4096 13312 ) (-14336 4096 -14848 ) (-14336 3072 -14848 ) (-14336 3072 13312 ) 
4 383 385 (-14336 3072 -14848 ) (-14336 3072 13312 ) (-14848 3072 13312 ) (-14848 3072 -14848 ) 
4 384 386 (-13312 2048 -14848 ) (-13312 2048 13312 ) (-14336 2048 13312 ) (-14336 2048 -14848 ) 
4 384 385 (-14336 3072 13312 ) (-14336 3072 -14848 ) (-14336 2048 -14848 ) (-14336 2048 13312 ) 
4 385 387 (-14336 2048 -14848 ) (-14336 2048 13312 ) (-14848 2048 13312 ) (-14848 2048 -14848 ) 
4 386 923 (-13312 1024 -14848 ) (-13312 1024 13312 ) (-14336 1024 13312 ) (-14336 1024 -14848 ) 
4 386 387 (-14336 2048 13312 ) (-14336 2048 -14848 ) (-14336 1024 -14848 ) (-14336 1024 13312 ) 
4 387 924 (-14336 1024 -14848 ) (-14336 1024 13312 ) (-14848 1024 13312 ) (-14848 1024 -14848 ) 
4 388 392 (11264 1024 13312 ) (11264 1024 -14848 ) (11264 0 -14848 ) (11264 0 13312 ) 
4 388 389 (12288 0 -14848 ) (12288 0 13312 ) (11264 0 13312 ) (11264 0 -14848 ) 
4 389 394 (11264 -1024 -14848 ) (11264 -1024 13312 ) (11264 0 13312 ) (11264 0 -14848 ) 
4 389 390 (12288 -1024 -14848 ) (12288 -1024 13312 ) (11264 -1024 13312 ) (11264 -1024 -14848 ) 
4 390 400 (11264 -2048 -14848 ) (11264 -2048 13312 ) (11264 -1024 13312 ) (11264 -1024 -14848 ) 
4 390 391 (12288 -2048 -14848 ) (12288 -2048 13312 ) (11264 -2048 13312 ) (11264 -2048 -14848 ) 
4 391 408 (12288 -3072 -14848 ) (12288 -3072 13312 ) (11264 -3072 13312 ) (11264 -3072 -14848 ) 
4 391 402 (11264 -3072 -14848 ) (11264 -3072 13312 ) (11264 -2048 13312 ) (11264 -2048 -14848 ) 
4 392 394 (11264 0 -14848 ) (11264 0 13312 ) (10240 0 13312 ) (10240 0 -14848 ) 
4 392 393 (10240 1024 13312 ) (10240 1024 -14848 ) (10240 0 -14848 ) (10240 0 13312 ) 
4 393 396 (9216 1024 13312 ) (9216 1024 -14848 ) (9216 0 -14848 ) (9216 0 13312 ) 
4 393 395 (10240 0 -14848 ) (10240 0 13312 ) (9216 0 13312 ) (9216 0 -14848 ) 
4 394 400 (11264 -1024 -14848 ) (11264 -1024 13312 ) (10240 -1024 13312 ) (10240 -1024 -14848 ) 
4 394 395 (10240 0 13312 ) (10240 0 -14848 ) (10240 -1024 -14848 ) (10240 -1024 13312 ) 
4 395 401 (10240 -1024 -14848 ) (10240 -1024 13312 ) (9216 -1024 13312 ) (9216 -1024 -14848 ) 
4 395 398 (9216 -1024 -14848 ) (9216 -1024 13312 ) (9216 0 13312 ) (9216 0 -14848 ) 
4 396 398 (9216 0 -14848 ) (9216 0 13312 ) (8192 0 13312 ) (8192 0 -14848 ) 
4 396 397 (8192 1024 13312 ) (8192 1024 -14848 ) (8192 0 -14848 ) (8192 0 13312 ) 
4 397 428 (7168 1024 13312 ) (7168 1024 -14848 ) (7168 0 -14848 ) (7168 0 13312 ) 
4 397 399 (8192 0 -14848 ) (8192 0 13312 ) (7168 0 13312 ) (7168 0 -14848 ) 
4 398 404 (9216 -1024 -14848 ) (9216 -1024 13312 ) (8192 -1024 13312 ) (8192 -1024 -14848 ) 
4 398 399 (8192 0 13312 ) (8192 0 -14848 ) (8192 -1024 -14848 ) (8192 -1024 13312 ) 
4 399 430 (7168 -1024 -14848 ) (7168 -1024 13312 ) (7168 0 13312 ) (7168 0 -14848 ) 
4 399 405 (8192 -1024 -14848 ) (8192 -1024 13312 ) (7168 -1024 13312 ) (7168 -1024 -14848 ) 
4 400 402 (11264 -2048 -14848 ) (11264 -2048 13312 ) (10240 -2048 13312 ) (10240 -2048 -14848 ) 
4 400 401 (10240 -1024 13312 ) (10240 -1024 -14848 ) (10240 -2048 -14848 ) (10240 -2048 13312 ) 
4 401 404 (9216 -1024 13312 ) (9216 -1024 -14848 ) (9216 -2048 -14848 ) (9216 -2048 13312 ) 
4 401 403 (10240 -2048 -14848 ) (10240 -2048 13312 ) (9216 -2048 13312 ) (9216 -2048 -14848 ) 
4 402 412 (11264 -3072 -14848 ) (11264 -3072 13312 ) (10240 -3072 13312 ) (10240 -3072 -14848 ) 
4 402 403 (10240 -2048 13312 ) (10240 -2048 -14848 ) (10240 -3072 -14848 ) (10240 -3072 13312 ) 
4 403 413 (10240 -3072 -14848 ) (10240 -3072 13312 ) (9216 -3072 13312 ) (9216 -3072 -14848 ) 
4 403 406 (9216 -3072 -14848 ) (9216 -3072 13312 ) (9216 -2048 13312 ) (9216 -2048 -14848 ) 
4 404 406 (9216 -2048 -14848 ) (9216 -2048 13312 ) (8192 -2048 13312 ) (8192 -2048 -14848 ) 
4 404 405 (8192 -1024 13312 ) (8192 -1024 -14848 ) (8192 -2048 -14848 ) (8192 -2048 13312 ) 
4 405 436 (7168 -2048 -14848 ) (7168 -2048 13312 ) (7168 -1024 13312 ) (7168 -1024 -14848 ) 
4 405 407 (8192 -2048 -14848 ) (8192 -2048 13312 ) (7168 -2048 13312 ) (7168 -2048 -14848 ) 
4 406 416 (9216 -3072 -14848 ) (9216 -3072 13312 ) (8192 -3072 13312 ) (8192 -3072 -14848 ) 
4 406 407 (8192 -2048 13312 ) (8192 -2048 -14848 ) (8192 -3072 -14848 ) (8192 -3072 13312 ) 
4 407 438 (7168 -3072 -14848 ) (7168 -3072 13312 ) (7168 -2048 13312 ) (7168 -2048 -14848 ) 
4 407 417 (8192 -3072 -14848 ) (8192 -3072 13312 ) (7168 -3072 13312 ) (7168 -3072 -14848 ) 
4 408 412 (11264 -3072 13312 ) (11264 -3072 -14848 ) (11264 -4096 -14848 ) (11264 -4096 13312 ) 
4 408 409 (12288 -4096 -14848 ) (12288 -4096 13312 ) (11264 -4096 13312 ) (11264 -4096 -14848 ) 
4 409 414 (11264 -5120 -14848 ) (11264 -5120 13312 ) (11264 -4096 13312 ) (11264 -4096 -14848 ) 
4 409 410 (12288 -5120 -14848 ) (12288 -5120 13312 ) (11264 -5120 13312 ) (11264 -5120 -14848 ) 
4 410 420 (11264 -6144 -14848 ) (11264 -6144 13312 ) (11264 -5120 13312 ) (11264 -5120 -14848 ) 
4 410 411 (12288 -6144 -14848 ) (12288 -6144 13312 ) (11264 -6144 13312 ) (11264 -6144 -14848 ) 
4 411 648 (12288 -7168 -14848 ) (12288 -7168 13312 ) (11264 -7168 13312 ) (11264 -7168 -14848 ) 
4 411 422 (11264 -7168 -14848 ) (11264 -7168 13312 ) (11264 -6144 13312 ) (11264 -6144 -14848 ) 
4 412 414 (11264 -4096 -14848 ) (11264 -4096 13312 ) (10240 -4096 13312 ) (10240 -4096 -14848 ) 
4 412 413 (10240 -3072 13312 ) (10240 -3072 -14848 ) (10240 -4096 -14848 ) (10240 -4096 13312 ) 
4 413 416 (9216 -3072 13312 ) (9216 -3072 -14848 ) (9216 -4096 -14848 ) (9216 -4096 13312 ) 
4 413 415 (10240 -4096 -14848 ) (10240 -4096 13312 ) (9216 -4096 13312 ) (9216 -4096 -14848 ) 
4 414 420 (11264 -5120 -14848 ) (11264 -5120 13312 ) (10240 -5120 13312 ) (10240 -5120 -14848 ) 
4 414 415 (10240 -4096 13312 ) (10240 -4096 -14848 ) (10240 -5120 -14848 ) (10240 -5120 13312 ) 
4 415 421 (10240 -5120 -14848 ) (10240 -5120 13312 ) (9216 -5120 13312 ) (9216 -5120 -14848 ) 
4 415 418 (9216 -5120 -14848 ) (9216 -5120 13312 ) (9216 -4096 13312 ) (9216 -4096 -14848 ) 
4 416 418 (9216 -4096 -14848 ) (9216 -4096 13312 ) (8192 -4096 13312 ) (8192 -4096 -14848 ) 
4 416 417 (8192 -3072 13312 ) (8192 -3072 -14848 ) (8192 -4096 -14848 ) (8192 -4096 13312 ) 
4 417 609 (7168 -4096 -14848 ) (7168 -4096 13312 ) (7168 -3072 13312 ) (7168 -3072 -14848 ) 
4 417 419 (8192 -4096 -14848 ) (8192 -4096 13312 ) (7168 -4096 13312 ) (7168 -4096 -14848 ) 
4 418 424 (9216 -5120 -14848 ) (9216 -5120 13312 ) (8192 -5120 13312 ) (8192 -5120 -14848 ) 
4 418 419 (8192 -4096 13312 ) (8192 -4096 -14848 ) (8192 -5120 -14848 ) (8192 -5120 13312 ) 
4 419 611 (7168 -5120 -14848 ) (7168 -5120 13312 ) (7168 -4096 13312 ) (7168 -4096 -14848 ) 
4 419 425 (8192 -5120 -14848 ) (8192 -5120 13312 ) (7168 -5120 13312 ) (7168 -5120 -14848 ) 
4 420 422 (11264 -6144 -14848 ) (11264 -6144 13312 ) (10240 -6144 13312 ) (10240 -6144 -14848 ) 
4 420 421 (10240 -5120 13312 ) (10240 -5120 -14848 ) (10240 -6144 -14848 ) (10240 -6144 13312 ) 
4 421 424 (9216 -5120 13312 ) (9216 -5120 -14848 ) (9216 -6144 -14848 ) (9216 -6144 13312 ) 
4 421 423 (10240 -6144 -14848 ) (10240 -6144 13312 ) (9216 -6144 13312 ) (9216 -6144 -14848 ) 
4 422 652 (11264 -7168 -14848 ) (11264 -7168 13312 ) (10240 -7168 13312 ) (10240 -7168 -14848 ) 
4 422 423 (10240 -6144 13312 ) (10240 -6144 -14848 ) (10240 -7168 -14848 ) (10240 -7168 13312 ) 
4 423 653 (10240 -7168 -14848 ) (10240 -7168 13312 ) (9216 -7168 13312 ) (9216 -7168 -14848 ) 
4 423 426 (9216 -7168 -14848 ) (9216 -7168 13312 ) (9216 -6144 13312 ) (9216 -6144 -14848 ) 
4 424 426 (9216 -6144 -14848 ) (9216 -6144 13312 ) (8192 -6144 13312 ) (8192 -6144 -14848 ) 
4 424 425 (8192 -5120 13312 ) (8192 -5120 -14848 ) (8192 -6144 -14848 ) (8192 -6144 13312 ) 
4 425 617 (7168 -6144 -14848 ) (7168 -6144 13312 ) (7168 -5120 13312 ) (7168 -5120 -14848 ) 
4 425 427 (8192 -6144 -14848 ) (8192 -6144 13312 ) (7168 -6144 13312 ) (7168 -6144 -14848 ) 
4 426 656 (9216 -7168 -14848 ) (9216 -7168 13312 ) (8192 -7168 13312 ) (8192 -7168 -14848 ) 
4 426 427 (8192 -6144 13312 ) (8192 -6144 -14848 ) (8192 -7168 -14848 ) (8192 -7168 13312 ) 
4 427 657 (8192 -7168 -14848 ) (8192 -7168 13312 ) (7168 -7168 13312 ) (7168 -7168 -14848 ) 
4 427 619 (7168 -7168 -14848 ) (7168 -7168 13312 ) (7168 -6144 13312 ) (7168 -6144 -14848 ) 
4 428 430 (7168 0 -14848 ) (7168 0 13312 ) (6144 0 13312 ) (6144 0 -14848 ) 
4 428 429 (6144 1024 13312 ) (6144 1024 -14848 ) (6144 0 -14848 ) (6144 0 13312 ) 
4 429 432 (5120 1024 13312 ) (5120 1024 -14848 ) (5120 0 -14848 ) (5120 0 13312 ) 
4 429 431 (6144 0 -14848 ) (6144 0 13312 ) (5120 0 13312 ) (5120 0 -14848 ) 
4 430 436 (7168 -1024 -14848 ) (7168 -1024 13312 ) (6144 -1024 13312 ) (6144 -1024 -14848 ) 
4 430 431 (6144 0 13312 ) (6144 0 -14848 ) (6144 -1024 -14848 ) (6144 -1024 13312 ) 
4 431 437 (6144 -1024 -14848 ) (6144 -1024 13312 ) (5120 -1024 13312 ) (5120 -1024 -14848 ) 
4 431 434 (5120 -1024 -14848 ) (5120 -1024 13312 ) (5120 0 13312 ) (5120 0 -14848 ) 
4 432 434 (5120 0 -14848 ) (5120 0 13312 ) (4096 0 13312 ) (4096 0 -14848 ) 
4 432 433 (4096 1024 13312 ) (4096 1024 -14848 ) (4096 0 -14848 ) (4096 0 13312 ) 
4 433 444 (3072 1024 13312 ) (3072 1024 -14848 ) (3072 0 -14848 ) (3072 0 13312 ) 
4 433 435 (4096 0 -14848 ) (4096 0 13312 ) (3072 0 13312 ) (3072 0 -14848 ) 
4 434 440 (5120 -1024 -14848 ) (5120 -1024 13312 ) (4096 -1024 13312 ) (4096 -1024 -14848 ) 
4 434 435 (4096 0 13312 ) (4096 0 -14848 ) (4096 -1024 -14848 ) (4096 -1024 13312 ) 
4 435 460 (3072 -1024 -14848 ) (3072 -1024 13312 ) (3072 0 13312 ) (3072 0 -14848 ) 
4 435 441 (4096 -1024 -14848 ) (4096 -1024 13312 ) (3072 -1024 13312 ) (3072 -1024 -14848 ) 
4 436 438 (7168 -2048 -14848 ) (7168 -2048 13312 ) (6144 -2048 13312 ) (6144 -2048 -14848 ) 
4 436 437 (6144 -1024 13312 ) (6144 -1024 -14848 ) (6144 -2048 -14848 ) (6144 -2048 13312 ) 
4 437 440 (5120 -1024 13312 ) (5120 -1024 -14848 ) (5120 -2048 -14848 ) (5120 -2048 13312 ) 
4 437 439 (6144 -2048 -14848 ) (6144 -2048 13312 ) (5120 -2048 13312 ) (5120 -2048 -14848 ) 
4 438 609 (7168 -3072 -14848 ) (7168 -3072 13312 ) (6144 -3072 13312 ) (6144 -3072 -14848 ) 
4 438 439 (6144 -2048 13312 ) (6144 -2048 -14848 ) (6144 -3072 -14848 ) (6144 -3072 13312 ) 
4 439 610 (6144 -3072 -14848 ) (6144 -3072 13312 ) (5120 -3072 13312 ) (5120 -3072 -14848 ) 
4 439 442 (5120 -3072 -14848 ) (5120 -3072 13312 ) (5120 -2048 13312 ) (5120 -2048 -14848 ) 
4 440 442 (5120 -2048 -14848 ) (5120 -2048 13312 ) (4096 -2048 13312 ) (4096 -2048 -14848 ) 
4 440 441 (4096 -1024 13312 ) (4096 -1024 -14848 ) (4096 -2048 -14848 ) (4096 -2048 13312 ) 
4 441 561 (3072 -2048 -14848 ) (3072 -2048 13312 ) (3072 -1024 13312 ) (3072 -1024 -14848 ) 
4 441 443 (4096 -2048 -14848 ) (4096 -2048 13312 ) (3072 -2048 13312 ) (3072 -2048 -14848 ) 
4 442 613 (5120 -3072 -14848 ) (5120 -3072 13312 ) (4096 -3072 13312 ) (4096 -3072 -14848 ) 
4 442 443 (4096 -2048 13312 ) (4096 -2048 -14848 ) (4096 -3072 -14848 ) (4096 -3072 13312 ) 
4 443 614 (4096 -3072 -14848 ) (4096 -3072 13312 ) (3072 -3072 13312 ) (3072 -3072 -14848 ) 
4 443 563 (3072 -3072 -14848 ) (3072 -3072 13312 ) (3072 -2048 13312 ) (3072 -2048 -14848 ) 
4 444 460 (3072 0 -14848 ) (3072 0 13312 ) (2048 0 13312 ) (2048 0 -14848 ) 
4 444 459 (2048 1024 -576 ) (2048 1024 -14848 ) (2048 0 -14848 ) (2048 0 -576 ) 
4 444 448 (2048 1024 0 ) (2048 1024 -576 ) (2048 0 -576 ) (2048 0 0 ) 
4 444 445 (2048 1024 13312 ) (2048 1024 0 ) (2048 0 0 ) (2048 0 13312 ) 
4 445 462 (1264 0 13312 ) (1248 0 13312 ) (1248 0 0 ) (1264 0 0 ) 
4 445 461 (2048 0 0 ) (2048 0 13312 ) (1264 0 13312 ) (1264 0 0 ) 
4 445 456 (1264 640 0 ) (1264 0 0 ) (1248 0 0 ) (1248 640 0 ) 
4 445 454 (1264 672 0 ) (1264 640 0 ) (1248 640 0 ) (1248 672 0 ) 
4 445 452 (1248 1024 0 ) (1264 1024 0 ) (1264 672 0 ) (1248 672 0 ) 
4 445 449 (1456 1024 0 ) (1920 1024 0 ) (1920 928 0 ) (1456 928 0 ) 
4 445 450 (1920 64 0 ) (1920 0 0 ) (1456 0 0 ) (1456 64 0 ) 
4 445 448 (1920 1024 0 ) (2048 1024 0 ) (2048 0 0 ) (1920 0 0 ) 
4 445 451 (1264 1024 0 ) (1456 1024 0 ) (1456 0 0 ) (1264 0 0 ) 
4 445 447 (1248 784 0 ) (1248 0 0 ) (1248 0 0.653064 ) (1248 824 152 ) 
4 445 446 (1248 0 0.653064 ) (1248 0 13312 ) (1248 1024 13312 ) (1248 1024 188.734375 ) 
4 446 473 (1024 672 124.081421 ) (1024 640 118.203880 ) (1024 640 13312 ) (1024 672 13312 ) 
4 446 474 (1024 640 118.203880 ) (1024 0 0.653064 ) (1024 0 13312 ) (1024 640 13312 ) 
4 446 469 (1024 1024 13312 ) (1024 1024 188.734375 ) (1024 784 144.652817 ) (1024 784 13312 ) 
4 446 471 (1024 784 144.652817 ) (1024 672 124.081421 ) (1024 672 13312 ) (1024 784 13312 ) 
4 446 466 (1216 0 13312 ) (1024 0 13312 ) (1024 0 144 ) (1216 0 144 ) 
4 446 465 (1232 0 13312 ) (1216 0 13312 ) (1216 0 0.653100 ) (1232 0 0.653082 ) 
4 446 462 (1248 0 13312 ) (1232 0 13312 ) (1232 0 0.653082 ) (1248 0 0.653064 ) 
4 446 447 (1248 824 152 ) (1248 0 0.653625 ) (1024 0 0.653617 ) (1024 824 152 ) 
4 447 473 (1024 672 0 ) (1024 640 0 ) (1024 640 118.203888 ) (1024 672 124.081429 ) 
4 447 474 (1024 640 0 ) (1024 0 0 ) (1024 0 0.653064 ) (1024 640 118.203888 ) 
3 447 470 (1024 784 0 ) (1024 784 144.652817 ) (1024 824 152 ) 
4 447 471 (1024 784 0 ) (1024 672 0 ) (1024 672 124.081429 ) (1024 784 144.652817 ) 
4 447 465 (1216 0 0 ) (1232 0 0 ) (1232 0 0.653082 ) (1216 0 0.653100 ) 
4 447 462 (1232 0 0 ) (1248 0 0 ) (1248 0 0.653064 ) (1232 0 0.653082 ) 
4 447 456 (1248 640 0 ) (1248 0 0 ) (1232 0 0 ) (1232 640 0 ) 
4 447 458 (1232 0 0 ) (1024 0 0 ) (1024 640 0 ) (1232 640 0 ) 
4 447 454 (1248 672 0 ) (1248 640 0 ) (1024 640 0 ) (1024 672 0 ) 
4 447 453 (1248 784 0 ) (1248 672 0 ) (1024 672 0 ) (1024 784 0 ) 
4 448 461 (2048 0 -576 ) (2048 0 0 ) (1920 0 0 ) (1920 0 -576 ) 
4 448 459 (2048 0 -576 ) (1920 0 -576 ) (1920 1024 -576 ) (2048 1024 -576 ) 
4 448 449 (1920 1024 -576 ) (1920 928 -576 ) (1920 928 0 ) (1920 1024 0 ) 
4 448 450 (1920 64 -576 ) (1920 0 -576 ) (1920 0 0 ) (1920 64 0 ) 
4 449 459 (1456 928 -576 ) (1456 1024 -576 ) (1920 1024 -576 ) (1920 928 -576 ) 
4 449 451 (1456 1024 -576 ) (1456 928 -576 ) (1456 928 0 ) (1456 1024 0 ) 
4 450 461 (1920 0 0 ) (1456 0 0 ) (1456 0 -576 ) (1920 0 -576 ) 
4 450 459 (1920 0 -576 ) (1456 0 -576 ) (1456 64 -576 ) (1920 64 -576 ) 
4 450 451 (1456 64 -576 ) (1456 0 -576 ) (1456 0 0 ) (1456 64 0 ) 
4 451 461 (1456 0 0 ) (1264 0 0 ) (1264 0 -576 ) (1456 0 -576 ) 
4 451 459 (1456 0 -576 ) (1264 0 -576 ) (1264 1024 -576 ) (1456 1024 -576 ) 
4 451 456 (1264 0 -352 ) (1264 0 0 ) (1264 640 0 ) (1264 640 -352 ) 
4 451 457 (1264 640 -576 ) (1264 0 -576 ) (1264 0 -512 ) (1264 640 -512 ) 
4 451 454 (1264 640 -352 ) (1264 640 0 ) (1264 672 0 ) (1264 672 -352 ) 
4 451 455 (1264 672 -576 ) (1264 640 -576 ) (1264 640 -512 ) (1264 672 -512 ) 
4 451 452 (1264 1024 -576 ) (1264 672 -576 ) (1264 672 0 ) (1264 1024 0 ) 
4 452 459 (1248 1024 -576 ) (1264 1024 -576 ) (1264 672 -576 ) (1248 672 -576 ) 
4 452 454 (1264 672 -352 ) (1264 672 0 ) (1248 672 0 ) (1248 672 -352 ) 
4 452 455 (1248 672 -576 ) (1264 672 -576 ) (1264 672 -512 ) (1248 672 -512 ) 
4 452 453 (1248 784 -576 ) (1248 672 -576 ) (1248 672 0 ) (1248 784 0 ) 
4 453 471 (1024 784 -576 ) (1024 672 -576 ) (1024 672 0 ) (1024 784 0 ) 
4 453 459 (1024 672 -576 ) (1024 784 -576 ) (1248 784 -576 ) (1248 672 -576 ) 
4 453 454 (1248 672 -352 ) (1248 672 0 ) (1024 672 0 ) (1024 672 -352 ) 
4 453 455 (1024 672 -576 ) (1248 672 -576 ) (1248 672 -512 ) (1024 672 -512 ) 
4 454 473 (1024 640 -352 ) (1024 640 0 ) (1024 672 0 ) (1024 672 -352 ) 
4 454 456 (1264 640 -352 ) (1264 640 0 ) (1232 640 0 ) (1232 640 -352 ) 
4 454 458 (1232 640 0 ) (1024 640 0 ) (1024 640 -352 ) (1232 640 -352 ) 
4 455 475 (1024 672 -576 ) (1024 640 -576 ) (1024 640 -512 ) (1024 672 -512 ) 
4 455 459 (1024 640 -576 ) (1024 672 -576 ) (1264 672 -576 ) (1264 640 -576 ) 
4 455 457 (1232 640 -576 ) (1264 640 -576 ) (1264 640 -512 ) (1232 640 -512 ) 
4 455 458 (1024 640 -576 ) (1232 640 -576 ) (1232 640 -512 ) (1024 640 -512 ) 
4 456 462 (1264 0 0 ) (1232 0 0 ) (1232 0 -352 ) (1264 0 -352 ) 
4 456 458 (1232 640 0 ) (1232 640 -352 ) (1232 0 -352 ) (1232 0 0 ) 
4 457 463 (1232 0 -512 ) (1232 0 -576 ) (1264 0 -576 ) (1264 0 -512 ) 
4 457 459 (1264 0 -576 ) (1232 0 -576 ) (1232 640 -576 ) (1264 640 -576 ) 
4 457 458 (1232 640 -512 ) (1232 640 -576 ) (1232 0 -576 ) (1232 0 -512 ) 
4 458 475 (1024 640 -576 ) (1024 0 -576 ) (1024 0 -512 ) (1024 640 -512 ) 
4 458 474 (1024 0 -512 ) (1024 0 0 ) (1024 640 0 ) (1024 640 -512 ) 
4 458 465 (1232 0 0 ) (1216 0 0 ) (1216 0 -576 ) (1232 0 -576 ) 
4 458 459 (1232 0 -576 ) (1024 0 -576 ) (1024 640 -576 ) (1232 640 -576 ) 
4 459 477 (1024 1024 -576 ) (1024 1024 -14848 ) (1024 0 -14848 ) (1024 0 -576 ) 
4 459 468 (2048 0 -14848 ) (2048 0 -576 ) (1024 0 -576 ) (1024 0 -14848 ) 
4 460 561 (3072 -1024 -14848 ) (3072 -1024 13312 ) (2048 -1024 13312 ) (2048 -1024 -14848 ) 
4 460 468 (2048 0 -576 ) (2048 0 -14848 ) (2048 -1024 -14848 ) (2048 -1024 -576 ) 
4 460 461 (2048 0 13312 ) (2048 0 -576 ) (2048 -1024 -576 ) (2048 -1024 13312 ) 
4 461 562 (2048 -1024 -576 ) (2048 -1024 13312 ) (1264 -1024 13312 ) (1264 -1024 -576 ) 
4 461 468 (2048 -1024 -576 ) (1264 -1024 -576 ) (1264 0 -576 ) (2048 0 -576 ) 
4 461 462 (1264 -896 -352 ) (1264 -896 13312 ) (1264 0 13312 ) (1264 0 -352 ) 
4 461 463 (1264 0 -576 ) (1264 -896 -576 ) (1264 -896 -512 ) (1264 0 -512 ) 
4 461 464 (1264 -896 -576 ) (1264 -1024 -576 ) (1264 -1024 13312 ) (1264 -896 13312 ) 
4 462 465 (1232 -896 -352 ) (1232 -896 13312 ) (1232 0 13312 ) (1232 0 -352 ) 
4 462 464 (1232 -896 13312 ) (1232 -896 -352 ) (1264 -896 -352 ) (1264 -896 13312 ) 
4 463 468 (1232 -896 -576 ) (1232 0 -576 ) (1264 0 -576 ) (1264 -896 -576 ) 
4 463 465 (1232 0 -576 ) (1232 -896 -576 ) (1232 -896 -512 ) (1232 0 -512 ) 
4 463 464 (1232 -896 -512 ) (1232 -896 -576 ) (1264 -896 -576 ) (1264 -896 -512 ) 
4 464 562 (1264 -1024 13312 ) (1232 -1024 13312 ) (1232 -1024 -576 ) (1264 -1024 -576 ) 
4 464 468 (1264 -1024 -576 ) (1232 -1024 -576 ) (1232 -896 -576 ) (1264 -896 -576 ) 
4 464 465 (1232 -896 -576 ) (1232 -1024 -576 ) (1232 -1024 13312 ) (1232 -896 13312 ) 
4 465 562 (1232 -1024 13312 ) (1216 -1024 13312 ) (1216 -1024 -576 ) (1232 -1024 -576 ) 
4 465 468 (1232 -1024 -576 ) (1216 -1024 -576 ) (1216 0 -576 ) (1232 0 -576 ) 
4 465 466 (1216 -864 144 ) (1216 -864 13312 ) (1216 0 13312 ) (1216 0 144 ) 
4 465 467 (1216 -864 -576 ) (1216 -1024 -576 ) (1216 -1024 13312 ) (1216 -864 13312 ) 
4 466 517 (1024 -864 13312 ) (1024 0 13312 ) (1024 0 144 ) (1024 -864 144 ) 
4 466 467 (1216 -864 144 ) (1216 -864 13312 ) (1024 -864 13312 ) (1024 -864 144 ) 
4 467 562 (1216 -1024 13312 ) (1024 -1024 13312 ) (1024 -1024 -576 ) (1216 -1024 -576 ) 
4 467 521 (1024 -1024 -576 ) (1024 -1024 13312 ) (1024 -896 13312 ) (1024 -896 -576 ) 
4 467 518 (1024 -896 13312 ) (1024 -864 13312 ) (1024 -864 -576 ) (1024 -896 -576 ) 
4 467 468 (1216 -1024 -576 ) (1024 -1024 -576 ) (1024 -864 -576 ) (1216 -864 -576 ) 
4 468 562 (2048 -1024 -14848 ) (2048 -1024 -576 ) (1024 -1024 -576 ) (1024 -1024 -14848 ) 
4 468 524 (1024 -1024 -14848 ) (1024 -1024 -576 ) (1024 0 -576 ) (1024 0 -14848 ) 
4 469 470 (1024 784 144.653320 ) (176 784 144.653320 ) (176 824 152 ) (1024 824 152 ) 
4 469 471 (176 784 13312 ) (176 784 144.652344 ) (1024 784 144.653137 ) (1024 784 13312 ) 
4 469 472 (176 784 144.653137 ) (176 784 13312 ) (176 1024 13312 ) (176 1024 188.734375 ) 
3 470 472 (176 784 0 ) (176 784 144.653137 ) (176 824 152 ) 
4 470 471 (176 784 144.652344 ) (176 784 0 ) (1024 784 0 ) (1024 784 144.653137 ) 
4 471 477 (1024 784 -576 ) (1024 672 -576 ) (176 672 -576 ) (176 784 -576 ) 
4 471 476 (176 672 -576 ) (208 672 -576 ) (208 672 -512 ) (176 672 -512 ) 
4 471 475 (208 672 -576 ) (1024 672 -576 ) (1024 672 -512 ) (208 672 -512 ) 
4 471 473 (1024 672 -352 ) (1024 672 13312 ) (176 672 13312 ) (176 672 -352 ) 
4 471 472 (176 784 -576 ) (176 672 -576 ) (176 672 13312 ) (176 784 13312 ) 
4 472 485 (0 1024 -512 ) (0 1024 -576 ) (0 672 -576 ) (0 672 -512 ) 
4 472 481 (0 1024 -64 ) (0 1024 -512 ) (0 672 -512 ) (0 672 -64 ) 
4 472 479 (0 1024 -48 ) (0 1024 -64 ) (0 672 -64 ) (0 672 -48 ) 
4 472 478 (0 1024 13312 ) (0 1024 -48 ) (0 672 -48 ) (0 672 13312 ) 
4 472 477 (0 672 -576 ) (0 1024 -576 ) (176 1024 -576 ) (176 672 -576 ) 
4 472 476 (0 672 -576 ) (176 672 -576 ) (176 672 -512 ) (0 672 -512 ) 
4 472 473 (176 672 -352 ) (176 672 13312 ) (0 672 13312 ) (0 672 -352 ) 
4 473 482 (0 672 -64 ) (0 672 -352 ) (0 640 -352 ) (0 640 -64 ) 
4 473 479 (0 672 -48 ) (0 672 -64 ) (0 640 -64 ) (0 640 -48 ) 
4 473 478 (0 640 13312 ) (0 672 13312 ) (0 672 -48 ) (0 640 -48 ) 
4 473 474 (1024 640 -352 ) (1024 640 13312 ) (0 640 13312 ) (0 640 -352 ) 
4 474 520 (208 0 13312 ) (0 0 13312 ) (0 0 -512 ) (208 0 -512 ) 
4 474 517 (1024 0 144 ) (1024 0 13312 ) (752 0 13312 ) (752 0 144 ) 
4 474 519 (752 0 13312 ) (208 0 13312 ) (208 0 -512 ) (752 0 -512 ) 
4 474 483 (0 0 -512 ) (0 0 -64 ) (0 640 -64 ) (0 640 -512 ) 
4 474 479 (0 0 -64 ) (0 0 -48 ) (0 640 -48 ) (0 640 -64 ) 
4 474 478 (0 0 -48 ) (0 0 13312 ) (0 640 13312 ) (0 640 -48 ) 
4 474 476 (0 128 -512 ) (0 640 -512 ) (208 640 -512 ) (208 128 -512 ) 
4 474 475 (208 640 -512 ) (1024 640 -512 ) (1024 0 -512 ) (208 0 -512 ) 
4 475 519 (752 0 -512 ) (208 0 -512 ) (208 0 -576 ) (752 0 -576 ) 
4 475 477 (1024 0 -576 ) (208 0 -576 ) (208 672 -576 ) (1024 672 -576 ) 
4 475 476 (208 128 -512 ) (208 672 -512 ) (208 672 -576 ) (208 128 -576 ) 
4 476 485 (0 672 -576 ) (0 128 -576 ) (0 128 -512 ) (0 672 -512 ) 
4 476 477 (0 128 -576 ) (0 672 -576 ) (208 672 -576 ) (208 128 -576 ) 
4 477 524 (1024 0 -14848 ) (1024 0 -576 ) (0 0 -576 ) (0 0 -14848 ) 
4 477 511 (0 1024 -792 ) (0 1024 -14848 ) (0 0 -14848 ) (0 0 -792 ) 
4 477 508 (0 1024 -768 ) (0 1024 -792 ) (0 0 -792 ) (0 0 -768 ) 
4 477 496 (0 328 -768 ) (0 0 -768 ) (0 0 -600 ) (0 328 -600 ) 
4 477 493 (0 1024 -600 ) (0 1024 -768 ) (0 328 -768 ) (0 328 -600 ) 
4 477 486 (0 1024 -576 ) (0 1024 -600 ) (0 0 -600 ) (0 0 -576 ) 
4 478 740 (-1024 112 -48 ) (-1024 0 -48 ) (-1024 0 13312 ) (-1024 112 13312 ) 
4 478 739 (-1024 1024 13312 ) (-1024 1024 -48 ) (-1024 112 -48 ) (-1024 112 13312 ) 
4 478 552 (-784 0 13312 ) (-1024 0 13312 ) (-1024 0 -48 ) (-784 0 -48 ) 
4 478 551 (-560 0 13312 ) (-784 0 13312 ) (-784 0 -48 ) (-560 0 -48 ) 
4 478 547 (-360 0 13312 ) (-560 0 13312 ) (-560 0 -48 ) (-360 0 -48 ) 
4 478 525 (0 0 -48 ) (0 0 13312 ) (-360 0 13312 ) (-360 0 -48 ) 
4 478 480 (-1024 112 -48 ) (-1024 1024 -48 ) (-784 1024 -48 ) (-784 112 -48 ) 
4 478 479 (0 0 -48 ) (-784 0 -48 ) (-784 1024 -48 ) (0 1024 -48 ) 
4 479 551 (-560 0 -48 ) (-784 0 -48 ) (-784 0 -64 ) (-560 0 -64 ) 
4 479 547 (-360 0 -48 ) (-560 0 -48 ) (-560 0 -64 ) (-360 0 -64 ) 
4 479 525 (0 0 -64 ) (0 0 -48 ) (-360 0 -48 ) (-360 0 -64 ) 
4 479 483 (0 640 -64 ) (0 0 -64 ) (-784 0 -64 ) (-784 640 -64 ) 
4 479 482 (0 672 -64 ) (0 640 -64 ) (-784 640 -64 ) (-784 672 -64 ) 
4 479 481 (-784 1024 -64 ) (0 1024 -64 ) (0 672 -64 ) (-784 672 -64 ) 
4 479 480 (-784 1024 -64 ) (-784 112 -64 ) (-784 112 -48 ) (-784 1024 -48 ) 
4 480 739 (-1024 1024 -48 ) (-1024 1024 -64 ) (-1024 112 -64 ) (-1024 112 -48 ) 
4 480 484 (-816 112 -64 ) (-1024 112 -64 ) (-1024 640 -64 ) (-816 640 -64 ) 
4 480 483 (-784 640 -64 ) (-784 112 -64 ) (-816 112 -64 ) (-816 640 -64 ) 
4 480 482 (-784 672 -64 ) (-784 640 -64 ) (-1024 640 -64 ) (-1024 672 -64 ) 
4 480 481 (-1024 1024 -64 ) (-784 1024 -64 ) (-784 672 -64 ) (-1024 672 -64 ) 
4 481 742 (-1024 1024 -64 ) (-1024 1024 -512 ) (-1024 672 -512 ) (-1024 672 -64 ) 
4 481 492 (-1024 672 -512 ) (-1024 1024 -512 ) (-592 1024 -512 ) (-592 672 -512 ) 
4 481 490 (-592 1024 -512 ) (-560 1024 -512 ) (-560 672 -512 ) (-592 672 -512 ) 
4 481 489 (-560 1024 -512 ) (-360 1024 -512 ) (-360 672 -512 ) (-560 672 -512 ) 
4 481 485 (-360 1024 -512 ) (0 1024 -512 ) (0 672 -512 ) (-360 672 -512 ) 
4 481 482 (0 672 -352 ) (0 672 -64 ) (-1024 672 -64 ) (-1024 672 -352 ) 
4 482 743 (-1024 640 -352 ) (-1024 640 -64 ) (-1024 672 -64 ) (-1024 672 -352 ) 
4 482 484 (-816 640 -64 ) (-1024 640 -64 ) (-1024 640 -352 ) (-816 640 -352 ) 
4 482 483 (0 640 -352 ) (0 640 -64 ) (-816 640 -64 ) (-816 640 -352 ) 
4 483 554 (-560 0 -64 ) (-816 0 -64 ) (-816 0 -512 ) (-560 0 -512 ) 
4 483 547 (-360 0 -64 ) (-560 0 -64 ) (-560 0 -512 ) (-360 0 -512 ) 
4 483 525 (0 0 -512 ) (0 0 -64 ) (-360 0 -64 ) (-360 0 -512 ) 
4 483 490 (-592 592 -512 ) (-592 640 -512 ) (-560 640 -512 ) (-560 592 -512 ) 
4 483 489 (-560 592 -512 ) (-560 640 -512 ) (-360 640 -512 ) (-360 592 -512 ) 
4 483 485 (-360 128 -512 ) (-360 640 -512 ) (0 640 -512 ) (0 128 -512 ) 
4 483 484 (-816 640 -64 ) (-816 640 -512 ) (-816 112 -512 ) (-816 112 -64 ) 
4 484 744 (-1024 640 -512 ) (-1024 112 -512 ) (-1024 112 -64 ) (-1024 640 -64 ) 
4 485 489 (-360 592 -512 ) (-360 1024 -512 ) (-360 1024 -576 ) (-360 592 -576 ) 
4 485 487 (-360 560 -576 ) (-360 1024 -576 ) (-192 1024 -576 ) (-192 560 -576 ) 
4 485 488 (-360 128 -576 ) (-360 360 -576 ) (-192 360 -576 ) (-192 128 -576 ) 
4 485 486 (-192 1024 -576 ) (0 1024 -576 ) (0 128 -576 ) (-192 128 -576 ) 
4 486 531 (-112 0 -576 ) (-192 0 -576 ) (-192 0 -600 ) (-112 0 -600 ) 
4 486 529 (-88 0 -576 ) (-112 0 -576 ) (-112 0 -600 ) (-88 0 -600 ) 
4 486 528 (0 0 -600 ) (0 0 -576 ) (-88 0 -576 ) (-88 0 -600 ) 
4 486 496 (0 328 -600 ) (0 0 -600 ) (-192 0 -600 ) (-192 328 -600 ) 
4 486 493 (-192 1024 -600 ) (0 1024 -600 ) (0 328 -600 ) (-192 328 -600 ) 
4 486 487 (-192 1024 -600 ) (-192 560 -600 ) (-192 560 -576 ) (-192 1024 -576 ) 
4 486 488 (-192 360 -600 ) (-192 0 -600 ) (-192 0 -576 ) (-192 360 -576 ) 
4 487 494 (-360 1024 -600 ) (-192 1024 -600 ) (-192 592 -600 ) (-360 592 -600 ) 
4 487 489 (-360 1024 -600 ) (-360 592 -600 ) (-360 592 -576 ) (-360 1024 -576 ) 
4 488 538 (-328 0 -576 ) (-360 0 -576 ) (-360 0 -600 ) (-328 0 -600 ) 
4 488 531 (-192 0 -576 ) (-328 0 -576 ) (-328 0 -600 ) (-192 0 -600 ) 
4 488 496 (-192 328 -600 ) (-192 0 -600 ) (-328 0 -600 ) (-328 328 -600 ) 
3 489 498 (-360 603.333374 -600 ) (-360 592 -600 ) (-394 592 -600 ) 
5 489 497 (-560 1024 -600 ) (-360 1024 -600 ) (-360 603.333374 -600 ) (-394 592 -600 ) (-560 592 -600 ) 
4 489 490 (-560 1024 -600 ) (-560 592 -600 ) (-560 592 -512 ) (-560 1024 -512 ) 
4 490 504 (-592 1024 -600 ) (-560 1024 -600 ) (-560 592 -600 ) (-592 592 -600 ) 
4 490 492 (-592 1024 -600 ) (-592 640 -600 ) (-592 640 -512 ) (-592 1024 -512 ) 
4 490 491 (-592 592 -576 ) (-592 592 -600 ) (-560 592 -600 ) (-560 592 -576 ) 
4 491 556 (-592 0 -576 ) (-592 0 -600 ) (-560 0 -600 ) (-560 0 -576 ) 
3 491 506 (-592 360 -600 ) (-592 394 -600 ) (-588 406 -600 ) 
3 491 505 (-592 394 -600 ) (-592 415.272644 -600 ) (-574 448 -600 ) 
4 491 504 (-560 592 -600 ) (-560 473.454529 -600 ) (-592 415.272644 -600 ) (-592 592 -600 ) 
4 492 746 (-1024 1024 -512 ) (-1024 1024 -600 ) (-1024 640 -600 ) (-1024 640 -512 ) 
4 492 507 (-1024 1024 -600 ) (-592 1024 -600 ) (-592 640 -600 ) (-1024 640 -600 ) 
4 493 508 (-192 1024 -768 ) (0 1024 -768 ) (0 328 -768 ) (-192 328 -768 ) 
4 493 496 (-192 328 -768 ) (0 328 -768 ) (0 328 -600 ) (-192 328 -600 ) 
4 493 494 (-192 1024 -768 ) (-192 592 -768 ) (-192 592 -600 ) (-192 1024 -600 ) 
4 493 495 (-192 560 -768 ) (-192 360 -768 ) (-192 360 -600 ) (-192 560 -600 ) 
4 494 509 (-360 592 -768 ) (-360 1024 -768 ) (-192 1024 -768 ) (-192 592 -768 ) 
4 494 498 (-360 603.333374 -768 ) (-360 592 -768 ) (-360 592 -600 ) (-360 603.333374 -600 ) 
4 494 497 (-360 1024 -768 ) (-360 603.333374 -768 ) (-360 603.333374 -600 ) (-360 1024 -600 ) 
4 495 499 (-360 560 -768 ) (-360 360 -768 ) (-360 360 -600 ) (-360 560 -600 ) 
4 496 531 (-112 0 -600 ) (-328 0 -600 ) (-328 0 -768 ) (-112 0 -768 ) 
4 496 529 (-88 0 -600 ) (-112 0 -600 ) (-112 0 -768 ) (-88 0 -768 ) 
4 496 528 (0 0 -768 ) (0 0 -600 ) (-88 0 -600 ) (-88 0 -768 ) 
4 496 510 (-192 0 -768 ) (-328 0 -768 ) (-328 328 -768 ) (-192 328 -768 ) 
4 496 508 (0 0 -768 ) (-192 0 -768 ) (-192 328 -768 ) (0 328 -768 ) 
5 497 512 (-560 592 -768 ) (-560 1024 -768 ) (-360 1024 -768 ) (-360 603.333374 -768 ) (-394 592 -768 ) 
4 497 504 (-560 1024 -768 ) (-560 536.666626 -768 ) (-560 536.666687 -600 ) (-560 1024 -600 ) 
4 497 500 (-560 536.666016 -600 ) (-560 536.666016 -768 ) (-448.003845 573.997925 -768 ) (-448.003845 573.997925 -600 ) 
4 497 498 (-405.996521 588 -768 ) (-360 603.332397 -768 ) (-360 603.332397 -600 ) (-405.996521 588 -600 ) 
3 498 512 (-394 592 -768 ) (-360 603.333374 -768 ) (-360 592 -768 ) 
4 499 548 (-360 0 -600 ) (-560 0 -600 ) (-560 0 -768 ) (-360 0 -768 ) 
4 500 504 (-560 536.666626 -768 ) (-560 512.399963 -768 ) (-560 512.399963 -600 ) (-560 536.666687 -600 ) 
4 500 503 (-512.854980 538.329346 -768 ) (-488.001099 552 -768 ) (-488.001099 552 -600 ) (-512.854980 538.329346 -600 ) 
4 500 502 (-529.290710 529.289551 -768 ) (-512.854980 538.329346 -768 ) (-512.854980 538.329346 -600 ) (-529.290710 529.289551 -600 ) 
4 500 501 (-560 512.399231 -600 ) (-560 512.399231 -768 ) (-529.290710 529.289551 -768 ) (-529.290710 529.289551 -600 ) 
4 501 504 (-560 512.399963 -768 ) (-560 473.454498 -768 ) (-560 473.454529 -600 ) (-560 512.399963 -600 ) 
4 501 502 (-551.994568 488.006927 -768 ) (-529.287109 529.292969 -768 ) (-529.287109 529.292969 -600 ) (-551.994568 488.006927 -600 ) 
4 502 503 (-523.993103 524.005310 -768 ) (-512.848389 538.334412 -768 ) (-512.848389 538.334412 -600 ) (-523.993103 524.005310 -600 ) 
4 504 514 (-592 415.272583 -768 ) (-592 1024 -768 ) (-560 1024 -768 ) (-560 473.454529 -768 ) 
4 504 507 (-592 1024 -768 ) (-592 640 -768 ) (-592 640 -600 ) (-592 1024 -600 ) 
4 504 505 (-592 415.269348 -600 ) (-592 415.269348 -768 ) (-574.003418 447.989777 -768 ) (-574.003418 447.989777 -600 ) 
3 505 514 (-592 394 -768 ) (-592 415.272583 -768 ) (-574 448 -768 ) 
4 505 506 (-592 394.001984 -600 ) (-592 394.001984 -768 ) (-588 406.002502 -768 ) (-588 406.002502 -600 ) 
3 506 514 (-592 360 -768 ) (-592 394 -768 ) (-588 406 -768 ) 
4 507 746 (-1024 1024 -600 ) (-1024 1024 -768 ) (-1024 640 -768 ) (-1024 640 -600 ) 
4 507 515 (-1024 640 -768 ) (-1024 1024 -768 ) (-592 1024 -768 ) (-592 640 -768 ) 
4 508 543 (-112 0 -768 ) (-192 0 -768 ) (-192 0 -792 ) (-112 0 -792 ) 
4 508 542 (0 0 -792 ) (0 0 -768 ) (-112 0 -768 ) (-112 0 -792 ) 
4 508 511 (0 0 -792 ) (-192 0 -792 ) (-192 1024 -792 ) (0 1024 -792 ) 
4 508 509 (-192 1024 -792 ) (-192 560 -792 ) (-192 560 -768 ) (-192 1024 -768 ) 
4 508 510 (-192 360 -792 ) (-192 0 -792 ) (-192 0 -768 ) (-192 360 -768 ) 
4 509 512 (-360 592 -768 ) (-360 1024 -768 ) (-360 1024 -792 ) (-360 592 -792 ) 
4 509 511 (-360 560 -792 ) (-360 1024 -792 ) (-192 1024 -792 ) (-192 560 -792 ) 
4 510 543 (-192 0 -768 ) (-360 0 -768 ) (-360 0 -792 ) (-192 0 -792 ) 
4 510 511 (-192 0 -792 ) (-360 0 -792 ) (-360 360 -792 ) (-192 360 -792 ) 
4 511 546 (0 0 -14848 ) (0 0 -800 ) (-360 0 -800 ) (-360 0 -14848 ) 
4 511 543 (-112 0 -792 ) (-360 0 -792 ) (-360 0 -800 ) (-112 0 -800 ) 
4 511 542 (0 0 -800 ) (0 0 -792 ) (-112 0 -792 ) (-112 0 -800 ) 
4 511 516 (-360 0 -14848 ) (-360 0 -1024 ) (-360 1024 -1024 ) (-360 1024 -14848 ) 
4 511 513 (-360 0 -1024 ) (-360 0 -800 ) (-360 592 -800 ) (-360 592 -1024 ) 
4 511 512 (-360 592 -792 ) (-360 1024 -792 ) (-360 1024 -1024 ) (-360 592 -1024 ) 
4 512 516 (-560 1024 -1024 ) (-360 1024 -1024 ) (-360 592 -1024 ) (-560 592 -1024 ) 
4 512 514 (-560 1024 -1024 ) (-560 592 -1024 ) (-560 592 -768 ) (-560 1024 -768 ) 
4 512 513 (-560 592 -800 ) (-560 592 -1024 ) (-360 592 -1024 ) (-360 592 -800 ) 
4 513 550 (-360 0 -1024 ) (-360 0 -800 ) (-560 0 -800 ) (-560 0 -1024 ) 
4 513 516 (-360 592 -1024 ) (-360 0 -1024 ) (-560 0 -1024 ) (-560 592 -1024 ) 
4 513 514 (-560 592 -1024 ) (-560 0 -1024 ) (-560 0 -800 ) (-560 592 -800 ) 
4 514 557 (-560 0 -768 ) (-592 0 -768 ) (-592 0 -1024 ) (-560 0 -1024 ) 
4 514 516 (-592 1024 -1024 ) (-560 1024 -1024 ) (-560 0 -1024 ) (-592 0 -1024 ) 
4 514 515 (-592 1024 -1024 ) (-592 640 -1024 ) (-592 640 -768 ) (-592 1024 -768 ) 
4 515 746 (-1024 1024 -768 ) (-1024 1024 -1024 ) (-1024 640 -1024 ) (-1024 640 -768 ) 
4 515 516 (-1024 640 -1024 ) (-1024 1024 -1024 ) (-592 1024 -1024 ) (-592 640 -1024 ) 
4 516 747 (-1024 1024 -1024 ) (-1024 1024 -14848 ) (-1024 0 -14848 ) (-1024 0 -1024 ) 
4 516 558 (-592 0 -1024 ) (-1024 0 -1024 ) (-1024 0 -14848 ) (-592 0 -14848 ) 
4 516 557 (-560 0 -1024 ) (-592 0 -1024 ) (-592 0 -14848 ) (-560 0 -14848 ) 
4 516 550 (-360 0 -14848 ) (-360 0 -1024 ) (-560 0 -1024 ) (-560 0 -14848 ) 
4 517 518 (752 -864 13312 ) (752 -864 144 ) (1024 -864 144 ) (1024 -864 13312 ) 
4 517 519 (752 -864 144 ) (752 -864 13312 ) (752 0 13312 ) (752 0 144 ) 
4 518 524 (1024 -864 -576 ) (1024 -896 -576 ) (752 -896 -576 ) (752 -864 -576 ) 
4 518 521 (752 -896 -576 ) (1024 -896 -576 ) (1024 -896 13312 ) (752 -896 13312 ) 
4 518 519 (752 -864 -576 ) (752 -896 -576 ) (752 -896 13312 ) (752 -864 13312 ) 
4 519 524 (208 0 -576 ) (752 0 -576 ) (752 -896 -576 ) (208 -896 -576 ) 
4 519 522 (344 -896 184 ) (344 -896 13312 ) (208 -896 13312 ) (208 -896 184 ) 
4 519 521 (344 -896 -576 ) (752 -896 -576 ) (752 -896 13312 ) (344 -896 13312 ) 
4 519 520 (208 -896 -512 ) (208 -896 13312 ) (208 0 13312 ) (208 0 -512 ) 
4 520 525 (0 0 13312 ) (0 0 -512 ) (0 -896 -512 ) (0 -896 13312 ) 
3 520 523 (0 -896 184 ) (0 -896 117.793098 ) (128 -896 184 ) 
4 520 522 (0 -896 13312 ) (0 -896 184 ) (208 -896 184 ) (208 -896 13312 ) 
4 521 565 (1024 -1024 -576 ) (1024 -1024 13312 ) (344 -1024 13312 ) (344 -1024 -576 ) 
4 521 524 (1024 -896 -576 ) (1024 -1024 -576 ) (344 -1024 -576 ) (344 -896 -576 ) 
4 521 522 (344 -1024 13312 ) (344 -896 13312 ) (344 -896 184 ) (344 -1024 184 ) 
4 522 566 (344 -1024 13312 ) (0 -1024 13312 ) (0 -1024 184 ) (344 -1024 184 ) 
4 522 526 (0 -1024 184 ) (0 -1024 13312 ) (0 -896 13312 ) (0 -896 184 ) 
4 522 523 (0 -896 184 ) (128 -896 184 ) (128 -1024 184 ) (0 -1024 184 ) 
3 523 567 (0 -1024 184 ) (0 -1024 117.793098 ) (128 -1024 184 ) 
4 523 526 (0 -1024 117.793091 ) (0 -1024 184 ) (0 -896 184 ) (0 -896 117.793098 ) 
4 524 568 (1024 -1024 -14848 ) (1024 -1024 -576 ) (0 -1024 -576 ) (0 -1024 -14848 ) 
4 524 546 (0 0 -800 ) (0 0 -14848 ) (0 -1024 -14848 ) (0 -1024 -800 ) 
4 524 545 (0 -896 -800 ) (0 -1024 -800 ) (0 -1024 -768 ) (0 -896 -768 ) 
4 524 542 (0 0 -768 ) (0 0 -800 ) (0 -896 -800 ) (0 -896 -768 ) 
4 524 536 (0 -496 -768 ) (0 -1024 -768 ) (0 -1024 -576 ) (0 -496 -576 ) 
4 524 534 (0 -472 -768 ) (0 -496 -768 ) (0 -496 -576 ) (0 -472 -576 ) 
4 524 528 (0 0 -576 ) (0 0 -768 ) (0 -472 -768 ) (0 -472 -576 ) 
4 525 547 (-360 0 13312 ) (-360 0 -512 ) (-360 -896 -512 ) (-360 -896 13312 ) 
4 525 526 (0 -896 117.793030 ) (0 -896 13312 ) (-104 -896 13312 ) (-104 -896 64 ) 
4 525 527 (-360 -896 13312 ) (-360 -896 -512 ) (-104 -896 -512 ) (-104 -896 13312 ) 
4 526 569 (0 -1024 117.793091 ) (0 -1024 13312 ) (-104 -1024 13312 ) (-104 -1024 64 ) 
4 526 527 (-104 -1024 13312 ) (-104 -896 13312 ) (-104 -896 64 ) (-104 -1024 64 ) 
4 527 570 (-104 -1024 13312 ) (-360 -1024 13312 ) (-360 -1024 -576 ) (-104 -1024 -576 ) 
4 527 549 (-360 -1024 -576 ) (-360 -1024 -512 ) (-360 -928 -512 ) (-360 -928 -576 ) 
4 527 547 (-360 -1024 -512 ) (-360 -1024 13312 ) (-360 -896 13312 ) (-360 -896 -512 ) 
4 528 542 (-88 0 -768 ) (0 0 -768 ) (0 -472 -768 ) (-88 -472 -768 ) 
4 528 534 (-88 -472 -768 ) (0 -472 -768 ) (0 -472 -576 ) (-88 -472 -576 ) 
4 528 530 (-88 -472 -608 ) (-88 -472 -576 ) (-88 -208 -576 ) (-88 -208 -608 ) 
4 528 529 (-88 0 -768 ) (-88 -208 -768 ) (-88 -208 -576 ) (-88 0 -576 ) 
4 529 542 (-112 0 -768 ) (-88 0 -768 ) (-88 -208 -768 ) (-112 -208 -768 ) 
4 529 532 (-112 -208 -608 ) (-112 -208 -576 ) (-112 -184 -576 ) (-112 -184 -608 ) 
4 529 531 (-112 0 -768 ) (-112 -184 -768 ) (-112 -184 -576 ) (-112 0 -576 ) 
4 529 530 (-112 -208 -576 ) (-112 -208 -608 ) (-88 -208 -608 ) (-88 -208 -576 ) 
4 530 534 (-88 -472 -608 ) (-88 -472 -576 ) (-112 -472 -576 ) (-112 -472 -608 ) 
4 531 543 (-328 0 -768 ) (-112 0 -768 ) (-112 -184 -768 ) (-328 -184 -768 ) 
4 531 538 (-328 -184 -600 ) (-328 -184 -576 ) (-328 0 -576 ) (-328 0 -600 ) 
4 531 532 (-328 -184 -576 ) (-328 -184 -608 ) (-112 -184 -608 ) (-112 -184 -576 ) 
4 532 538 (-328 -208 -600 ) (-328 -208 -576 ) (-328 -184 -576 ) (-328 -184 -600 ) 
4 533 540 (-328 -315 -768 ) (-328 -363 -768 ) (-328 -363 -660 ) (-328 -315 -660 ) 
4 534 542 (0 -472 -768 ) (0 -496 -768 ) (-112 -496 -768 ) (-112 -472 -768 ) 
4 534 537 (-112 -496 -768 ) (-104 -496 -768 ) (-104 -496 -576 ) (-112 -496 -576 ) 
4 534 536 (-104 -496 -768 ) (0 -496 -768 ) (0 -496 -576 ) (-104 -496 -576 ) 
4 534 535 (-112 -472 -576 ) (-112 -472 -608 ) (-112 -496 -608 ) (-112 -496 -576 ) 
4 535 541 (-328 -496 -600 ) (-328 -496 -576 ) (-328 -472 -576 ) (-328 -472 -600 ) 
4 535 537 (-328 -496 -576 ) (-328 -496 -608 ) (-112 -496 -608 ) (-112 -496 -576 ) 
4 536 574 (0 -1024 -768 ) (0 -1024 -576 ) (-104 -1024 -576 ) (-104 -1024 -768 ) 
4 536 545 (0 -896 -768 ) (0 -1024 -768 ) (-104 -1024 -768 ) (-104 -896 -768 ) 
4 536 542 (0 -496 -768 ) (0 -896 -768 ) (-104 -896 -768 ) (-104 -496 -768 ) 
4 536 537 (-104 -496 -576 ) (-104 -496 -768 ) (-104 -896 -768 ) (-104 -896 -576 ) 
4 537 544 (-328 -896 -768 ) (-328 -496 -768 ) (-112 -496 -768 ) (-112 -896 -768 ) 
4 537 542 (-112 -496 -768 ) (-104 -496 -768 ) (-104 -896 -768 ) (-112 -896 -768 ) 
4 537 541 (-328 -896 -600 ) (-328 -896 -576 ) (-328 -496 -576 ) (-328 -496 -600 ) 
4 538 539 (-328 -315 -600 ) (-328 -315 -576 ) (-360 -315 -576 ) (-360 -315 -600 ) 
4 539 541 (-328 -363 -600 ) (-328 -363 -576 ) (-360 -363 -576 ) (-360 -363 -600 ) 
4 540 548 (-360 -315 -660 ) (-360 -315 -768 ) (-360 -363 -768 ) (-360 -363 -660 ) 
4 542 546 (-112 0 -800 ) (0 0 -800 ) (0 -896 -800 ) (-112 -896 -800 ) 
4 542 545 (-104 -896 -800 ) (0 -896 -800 ) (0 -896 -768 ) (-104 -896 -768 ) 
4 542 543 (-112 0 -800 ) (-112 -208 -800 ) (-112 -208 -768 ) (-112 0 -768 ) 
4 542 544 (-112 -472 -800 ) (-112 -896 -800 ) (-112 -896 -768 ) (-112 -472 -768 ) 
4 543 546 (-360 -208 -800 ) (-360 0 -800 ) (-112 0 -800 ) (-112 -208 -800 ) 
4 544 546 (-360 -896 -800 ) (-360 -472 -800 ) (-112 -472 -800 ) (-112 -896 -800 ) 
4 545 574 (0 -1024 -800 ) (0 -1024 -768 ) (-104 -1024 -768 ) (-104 -1024 -800 ) 
4 545 546 (0 -1024 -800 ) (-104 -1024 -800 ) (-104 -896 -800 ) (0 -896 -800 ) 
4 546 577 (0 -1024 -14848 ) (0 -1024 -1024 ) (-360 -1024 -1024 ) (-360 -1024 -14848 ) 
4 546 576 (0 -1024 -1024 ) (0 -1024 -800 ) (-360 -1024 -800 ) (-360 -1024 -1024 ) 
4 546 550 (-360 -1024 -14848 ) (-360 -1024 -800 ) (-360 0 -800 ) (-360 0 -14848 ) 
4 547 570 (-360 -1024 -512 ) (-360 -1024 13312 ) (-560 -1024 13312 ) (-560 -1024 -512 ) 
4 547 554 (-560 0 -64 ) (-560 0 -512 ) (-560 -1024 -512 ) (-560 -1024 -64 ) 
4 547 551 (-560 0 13312 ) (-560 0 -64 ) (-560 -1024 -64 ) (-560 -1024 13312 ) 
4 547 549 (-560 -1024 -512 ) (-560 -928 -512 ) (-360 -928 -512 ) (-360 -1024 -512 ) 
4 548 549 (-560 -928 -768 ) (-360 -928 -768 ) (-360 -928 -600 ) (-560 -928 -600 ) 
4 549 575 (-360 -1024 -768 ) (-360 -1024 -576 ) (-560 -1024 -576 ) (-560 -1024 -768 ) 
4 549 570 (-360 -1024 -576 ) (-360 -1024 -512 ) (-560 -1024 -512 ) (-560 -1024 -576 ) 
4 549 559 (-560 -1024 -576 ) (-560 -1024 -512 ) (-560 -928 -512 ) (-560 -928 -576 ) 
4 550 577 (-360 -1024 -14848 ) (-360 -1024 -1024 ) (-560 -1024 -1024 ) (-560 -1024 -14848 ) 
4 550 576 (-360 -1024 -1024 ) (-360 -1024 -800 ) (-560 -1024 -800 ) (-560 -1024 -1024 ) 
4 550 560 (-560 -896 -14848 ) (-560 -1024 -14848 ) (-560 -1024 -1024 ) (-560 -896 -1024 ) 
4 550 557 (-560 0 -800 ) (-560 0 -14848 ) (-560 -896 -14848 ) (-560 -896 -800 ) 
4 551 571 (-752 -1024 13312 ) (-784 -1024 13312 ) (-784 -1024 -64 ) (-752 -1024 -64 ) 
4 551 570 (-560 -1024 -64 ) (-560 -1024 13312 ) (-752 -1024 13312 ) (-752 -1024 -64 ) 
4 551 554 (-784 0 -64 ) (-560 0 -64 ) (-560 -1024 -64 ) (-784 -1024 -64 ) 
4 551 552 (-784 -752 -48 ) (-784 -752 13312 ) (-784 0 13312 ) (-784 0 -48 ) 
4 551 553 (-784 -752 -64 ) (-784 -1024 -64 ) (-784 -1024 13312 ) (-784 -752 13312 ) 
4 552 755 (-1024 -752 13312 ) (-1024 0 13312 ) (-1024 0 -48 ) (-1024 -752 -48 ) 
4 552 553 (-784 -752 -48 ) (-784 -752 13312 ) (-1024 -752 13312 ) (-1024 -752 -48 ) 
4 553 756 (-1024 -1024 -64 ) (-1024 -1024 -48 ) (-1024 -752 -48 ) (-1024 -752 -64 ) 
4 553 755 (-1024 -1024 -48 ) (-1024 -1024 13312 ) (-1024 -752 13312 ) (-1024 -752 -48 ) 
4 553 571 (-784 -1024 13312 ) (-934.094971 -1024 13312 ) (-934.094971 -1024 -64 ) (-784 -1024 -64 ) 
4 553 573 (-934.094971 -1024 13312 ) (-1024 -1024 13312 ) (-1024 -1024 -64 ) (-934.094971 -1024 -64 ) 
4 553 555 (-1024 -1024 -64 ) (-1024 -752 -64 ) (-816 -752 -64 ) (-816 -1024 -64 ) 
4 553 554 (-816 -752 -64 ) (-784 -752 -64 ) (-784 -1024 -64 ) (-816 -1024 -64 ) 
4 554 571 (-752 -1024 -64 ) (-816 -1024 -64 ) (-816 -1024 -512 ) (-752 -1024 -512 ) 
4 554 570 (-560 -1024 -512 ) (-560 -1024 -64 ) (-752 -1024 -64 ) (-752 -1024 -512 ) 
4 554 559 (-560 -896 -512 ) (-560 -1024 -512 ) (-816 -1024 -512 ) (-816 -896 -512 ) 
4 554 555 (-816 -720 -512 ) (-816 -1024 -512 ) (-816 -1024 -64 ) (-816 -720 -64 ) 
4 555 761 (-1024 -1024 -512 ) (-1024 -1024 -64 ) (-1024 -896 -64 ) (-1024 -896 -512 ) 
4 555 758 (-1024 -896 -64 ) (-1024 -720 -64 ) (-1024 -720 -512 ) (-1024 -896 -512 ) 
4 555 571 (-816 -1024 -64 ) (-934.094971 -1024 -64 ) (-934.094971 -1024 -512 ) (-816 -1024 -512 ) 
4 555 573 (-934.094971 -1024 -64 ) (-1024 -1024 -64 ) (-1024 -1024 -512 ) (-934.094971 -1024 -512 ) 
4 555 559 (-816 -1024 -512 ) (-1024 -1024 -512 ) (-1024 -896 -512 ) (-816 -896 -512 ) 
4 557 560 (-560 -896 -14848 ) (-560 -896 -1024 ) (-592 -896 -1024 ) (-592 -896 -14848 ) 
4 557 558 (-592 -896 -14848 ) (-592 -896 -1024 ) (-592 0 -1024 ) (-592 0 -14848 ) 
4 558 760 (-1024 -896 -14848 ) (-1024 -896 -1024 ) (-1024 0 -1024 ) (-1024 0 -14848 ) 
4 558 560 (-1024 -896 -1024 ) (-1024 -896 -14848 ) (-592 -896 -14848 ) (-592 -896 -1024 ) 
4 559 761 (-1024 -1024 -576 ) (-1024 -1024 -512 ) (-1024 -896 -512 ) (-1024 -896 -576 ) 
4 559 571 (-752 -1024 -512 ) (-934.094971 -1024 -512 ) (-934.094971 -1024 -576 ) (-752 -1024 -576 ) 
4 559 570 (-560 -1024 -576 ) (-560 -1024 -512 ) (-752 -1024 -512 ) (-752 -1024 -576 ) 
4 559 573 (-934.094971 -1024 -512 ) (-1024 -1024 -512 ) (-1024 -1024 -576 ) (-934.094971 -1024 -576 ) 
4 560 764 (-1024 -1024 -14848 ) (-1024 -1024 -1024 ) (-1024 -896 -1024 ) (-1024 -896 -14848 ) 
4 560 577 (-560 -1024 -14848 ) (-560 -1024 -1024 ) (-1024 -1024 -1024 ) (-1024 -1024 -14848 ) 
4 561 563 (3072 -2048 -14848 ) (3072 -2048 13312 ) (2048 -2048 13312 ) (2048 -2048 -14848 ) 
4 561 562 (2048 -1024 13312 ) (2048 -1024 -14848 ) (2048 -2048 -14848 ) (2048 -2048 13312 ) 
4 562 568 (1024 -1024 -576 ) (1024 -1024 -14848 ) (1024 -2048 -14848 ) (1024 -2048 -576 ) 
4 562 565 (1024 -1024 13312 ) (1024 -1024 -576 ) (1024 -2048 -576 ) (1024 -2048 13312 ) 
4 562 564 (2048 -2048 -14848 ) (2048 -2048 13312 ) (1024 -2048 13312 ) (1024 -2048 -14848 ) 
4 563 625 (3072 -3072 -14848 ) (3072 -3072 13312 ) (2048 -3072 13312 ) (2048 -3072 -14848 ) 
4 563 564 (2048 -2048 13312 ) (2048 -2048 -14848 ) (2048 -3072 -14848 ) (2048 -3072 13312 ) 
4 564 626 (2048 -3072 -14848 ) (2048 -3072 13312 ) (1024 -3072 13312 ) (1024 -3072 -14848 ) 
4 564 585 (1024 -3072 -14848 ) (1024 -3072 -512 ) (1024 -2432 -512 ) (1024 -2432 -14848 ) 
4 564 583 (1024 -3072 -512 ) (1024 -3072 -128 ) (1024 -2432 -128 ) (1024 -2432 -512 ) 
4 564 582 (1024 -3072 -128 ) (1024 -3072 13312 ) (1024 -2432 13312 ) (1024 -2432 -128 ) 
4 564 579 (1024 -2048 184 ) (1024 -2048 -14848 ) (1024 -2432 -14848 ) (1024 -2432 184 ) 
4 564 578 (1024 -2432 13312 ) (1024 -2048 13312 ) (1024 -2048 184 ) (1024 -2432 184 ) 
4 565 579 (1024 -2048 -576 ) (1024 -2048 184 ) (344 -2048 184 ) (344 -2048 -576 ) 
4 565 578 (1024 -2048 184 ) (1024 -2048 13312 ) (344 -2048 13312 ) (344 -2048 184 ) 
4 565 568 (344 -1024 -576 ) (1024 -1024 -576 ) (1024 -2048 -576 ) (344 -2048 -576 ) 
4 565 566 (344 -2048 184 ) (344 -2048 13312 ) (344 -1024 13312 ) (344 -1024 184 ) 
4 566 578 (344 -2048 13312 ) (0 -2048 13312 ) (0 -2048 184 ) (344 -2048 184 ) 
4 566 569 (0 -1024 13312 ) (0 -1024 184 ) (0 -2048 184 ) (0 -2048 13312 ) 
4 566 567 (0 -2048 184 ) (0 -1024 184 ) (128 -1024 184 ) (128 -2048 184 ) 
3 567 580 (0 -2048 184 ) (0 -2048 117.793098 ) (128 -2048 184 ) 
4 567 569 (0 -1024 184 ) (0 -1024 117.793098 ) (0 -2048 117.793091 ) (0 -2048 184 ) 
4 568 581 (344 -2048 -576 ) (0 -2048 -576 ) (0 -2048 -14848 ) (344 -2048 -14848 ) 
4 568 579 (1024 -2048 -14848 ) (1024 -2048 -576 ) (344 -2048 -576 ) (344 -2048 -14848 ) 
4 568 577 (0 -1024 -1024 ) (0 -1024 -14848 ) (0 -2048 -14848 ) (0 -2048 -1024 ) 
4 568 576 (0 -1024 -800 ) (0 -1024 -1024 ) (0 -2048 -1024 ) (0 -2048 -800 ) 
4 568 574 (0 -1024 -576 ) (0 -1024 -800 ) (0 -2048 -800 ) (0 -2048 -576 ) 
4 569 589 (0 -2048 117.793091 ) (0 -2048 13312 ) (-104 -2048 13312 ) (-104 -2048 64 ) 
4 569 570 (-104 -1024 13312 ) (-104 -1024 64 ) (-104 -2048 64 ) (-104 -2048 13312 ) 
4 570 591 (-752 -2048 -576 ) (-104 -2048 -576 ) (-104 -2048 -448 ) (-752 -2048 -448 ) 
4 570 590 (-104 -2048 -448 ) (-104 -2048 13312 ) (-752 -2048 13312 ) (-752 -2048 -448 ) 
4 570 575 (-360 -2048 -576 ) (-560 -2048 -576 ) (-560 -1024 -576 ) (-360 -1024 -576 ) 
4 570 572 (-752 -2048 -448 ) (-752 -2048 13312 ) (-752 -2016 13312 ) (-752 -2016 -448 ) 
4 570 571 (-752 -1024 -576 ) (-752 -2016 -576 ) (-752 -2016 13312 ) (-752 -1024 13312 ) 
4 571 572 (-934.094971 -2016 13312 ) (-934.094971 -2016 -448 ) (-752 -2016 -448 ) (-752 -2016 13312 ) 
4 571 573 (-934.094971 -1024 -576 ) (-934.094971 -2016 -576 ) (-934.094971 -2016 13312 ) (-934.094971 -1024 13312 ) 
4 572 590 (-752 -2048 -448 ) (-752 -2048 13312 ) (-934.094971 -2048 13312 ) (-934.094971 -2048 -448 ) 
4 572 573 (-934.094971 -2048 -448 ) (-934.094971 -2048 13312 ) (-934.094971 -2016 13312 ) (-934.094971 -2016 -448 ) 
4 573 792 (-1024 -2048 -576 ) (-1024 -2048 -448 ) (-1024 -1024 -448 ) (-1024 -1024 -576 ) 
4 573 790 (-1024 -1920 -192 ) (-1024 -1536 -192 ) (-1024 -1536 -448 ) (-1024 -1920 -448 ) 
4 573 789 (-1024 -1536 -192 ) (-1024 -1024 -192 ) (-1024 -1024 -448 ) (-1024 -1536 -448 ) 
4 573 791 (-1024 -2048 -448 ) (-1024 -2048 -192 ) (-1024 -1920 -192 ) (-1024 -1920 -448 ) 
4 573 775 (-1024 -2048 -192 ) (-1024 -2048 80 ) (-1024 -1024 80 ) (-1024 -1024 -192 ) 
4 573 774 (-1024 -2048 80 ) (-1024 -2048 13312 ) (-1024 -1024 13312 ) (-1024 -1024 80 ) 
4 573 593 (-1024 -2048 -448 ) (-1024 -2048 -576 ) (-934.094971 -2048 -576 ) (-934.094971 -2048 -448 ) 
4 573 590 (-1024 -2048 13312 ) (-1024 -2048 -448 ) (-934.094971 -2048 -448 ) (-934.094971 -2048 13312 ) 
4 574 594 (0 -2048 -800 ) (0 -2048 -576 ) (-104 -2048 -576 ) (-104 -2048 -800 ) 
4 574 576 (0 -2048 -800 ) (-104 -2048 -800 ) (-104 -1024 -800 ) (0 -1024 -800 ) 
4 575 596 (-360 -2048 -576 ) (-560 -2048 -576 ) (-560 -2048 -768 ) (-360 -2048 -768 ) 
4 576 597 (-360 -2048 -800 ) (-560 -2048 -800 ) (-560 -2048 -1024 ) (-360 -2048 -1024 ) 
4 576 595 (-104 -2048 -800 ) (-360 -2048 -800 ) (-360 -2048 -1024 ) (-104 -2048 -1024 ) 
4 576 594 (0 -2048 -1024 ) (0 -2048 -800 ) (-104 -2048 -800 ) (-104 -2048 -1024 ) 
4 576 577 (0 -1024 -1024 ) (0 -2048 -1024 ) (-560 -2048 -1024 ) (-560 -1024 -1024 ) 
4 577 797 (-1024 -2048 -14848 ) (-1024 -2048 -1024 ) (-1024 -1024 -1024 ) (-1024 -1024 -14848 ) 
4 577 598 (-560 -2048 -1024 ) (-1024 -2048 -1024 ) (-1024 -2048 -14848 ) (-560 -2048 -14848 ) 
4 577 597 (-360 -2048 -1024 ) (-560 -2048 -1024 ) (-560 -2048 -14848 ) (-360 -2048 -14848 ) 
4 577 595 (-104 -2048 -1024 ) (-360 -2048 -1024 ) (-360 -2048 -14848 ) (-104 -2048 -14848 ) 
4 577 594 (0 -2048 -14848 ) (0 -2048 -1024 ) (-104 -2048 -1024 ) (-104 -2048 -14848 ) 
4 578 589 (0 -2048 13312 ) (0 -2048 184 ) (0 -2432 184 ) (0 -2432 13312 ) 
4 578 582 (1024 -2432 184 ) (1024 -2432 13312 ) (0 -2432 13312 ) (0 -2432 184 ) 
4 578 580 (128 -2432 184 ) (0 -2432 184 ) (0 -2048 184 ) (128 -2048 184 ) 
4 578 579 (1024 -2432 184 ) (344 -2432 184 ) (344 -2048 184 ) (1024 -2048 184 ) 
4 579 587 (344 -2432 -768 ) (344 -2432 -14848 ) (400 -2432 -14848 ) (400 -2432 -768 ) 
4 579 586 (400 -2432 -512 ) (344 -2432 -512 ) (344 -2432 -768 ) (400 -2432 -768 ) 
4 579 585 (1024 -2432 -14848 ) (1024 -2432 -512 ) (400 -2432 -512 ) (400 -2432 -14848 ) 
4 579 584 (400 -2432 -128 ) (344 -2432 -128 ) (344 -2432 -512 ) (400 -2432 -512 ) 
4 579 583 (1024 -2432 -512 ) (1024 -2432 -128 ) (864 -2432 -128 ) (864 -2432 -512 ) 
4 579 582 (1024 -2432 -128 ) (1024 -2432 184 ) (344 -2432 184 ) (344 -2432 -128 ) 
4 579 581 (344 -2048 -14848 ) (344 -2432 -14848 ) (344 -2432 -576 ) (344 -2048 -576 ) 
4 580 589 (0 -2048 184 ) (0 -2048 117.793098 ) (0 -2432 117.793091 ) (0 -2432 184 ) 
3 580 582 (128 -2432 184 ) (0 -2432 184 ) (0 -2432 117.793098 ) 
4 581 594 (0 -2048 -576 ) (0 -2048 -14848 ) (0 -2432 -14848 ) (0 -2432 -576 ) 
4 581 587 (0 -2432 -768 ) (0 -2432 -14848 ) (344 -2432 -14848 ) (344 -2432 -768 ) 
4 581 586 (0 -2432 -576 ) (0 -2432 -768 ) (344 -2432 -768 ) (344 -2432 -576 ) 
4 582 629 (1024 -3072 -128 ) (1024 -3072 13312 ) (0 -3072 13312 ) (0 -3072 -128 ) 
4 582 599 (0 -3072 -128 ) (0 -3072 13312 ) (0 -2432 13312 ) (0 -2432 -128 ) 
4 582 584 (0 -2432 -128 ) (400 -2432 -128 ) (400 -2768 -128 ) (0 -2768 -128 ) 
4 582 583 (864 -2432 -128 ) (1024 -2432 -128 ) (1024 -3072 -128 ) (864 -3072 -128 ) 
4 583 630 (1024 -3072 -512 ) (1024 -3072 -128 ) (864 -3072 -128 ) (864 -3072 -512 ) 
4 583 585 (1024 -3072 -512 ) (864 -3072 -512 ) (864 -2432 -512 ) (1024 -2432 -512 ) 
4 584 600 (0 -2768 -128 ) (0 -2432 -128 ) (0 -2432 -512 ) (0 -2768 -512 ) 
4 584 586 (0 -2768 -512 ) (0 -2432 -512 ) (400 -2432 -512 ) (400 -2768 -512 ) 
4 585 633 (1024 -3072 -14848 ) (1024 -3072 -512 ) (400 -3072 -512 ) (400 -3072 -14848 ) 
4 585 587 (400 -2432 -14848 ) (400 -2816 -14848 ) (400 -2816 -768 ) (400 -2432 -768 ) 
4 585 586 (400 -2816 -768 ) (400 -2816 -512 ) (400 -2432 -512 ) (400 -2432 -768 ) 
4 585 588 (400 -2816 -14848 ) (400 -3072 -14848 ) (400 -3072 -512 ) (400 -2816 -512 ) 
4 586 602 (0 -2816 -512 ) (0 -2432 -512 ) (0 -2432 -768 ) (0 -2816 -768 ) 
4 586 588 (400 -2816 -768 ) (400 -2816 -512 ) (0 -2816 -512 ) (0 -2816 -768 ) 
4 586 587 (400 -2816 -768 ) (0 -2816 -768 ) (0 -2432 -768 ) (400 -2432 -768 ) 
4 587 605 (0 -2432 -768 ) (0 -2432 -14848 ) (0 -2816 -14848 ) (0 -2816 -768 ) 
4 587 588 (0 -2816 -14848 ) (400 -2816 -14848 ) (400 -2816 -768 ) (0 -2816 -768 ) 
4 588 633 (400 -3072 -512 ) (0 -3072 -512 ) (0 -3072 -14848 ) (400 -3072 -14848 ) 
4 588 605 (0 -3072 -14848 ) (0 -3072 -768 ) (0 -2816 -768 ) (0 -2816 -14848 ) 
4 588 603 (0 -3072 -768 ) (0 -3072 -512 ) (0 -2816 -512 ) (0 -2816 -768 ) 
4 589 599 (0 -2432 117.793091 ) (0 -2432 13312 ) (-104 -2432 13312 ) (-104 -2432 64 ) 
4 589 590 (-104 -2432 64 ) (-104 -2432 13312 ) (-104 -2048 13312 ) (-104 -2048 64 ) 
4 590 828 (-1024 -2432 -448 ) (-1024 -2432 -192 ) (-1024 -2048 -192 ) (-1024 -2048 -448 ) 
4 590 821 (-1024 -2432 -192 ) (-1024 -2432 -56 ) (-1024 -2048 -56 ) (-1024 -2048 -192 ) 
4 590 818 (-1024 -2432 -56 ) (-1024 -2432 -40 ) (-1024 -2048 -40 ) (-1024 -2048 -56 ) 
4 590 813 (-1024 -2432 -40 ) (-1024 -2432 13312 ) (-1024 -2048 13312 ) (-1024 -2048 -40 ) 
4 590 601 (-1024 -2432 -128 ) (-1024 -2432 -448 ) (-624 -2432 -448 ) (-624 -2432 -128 ) 
4 590 600 (-624 -2432 -448 ) (-104 -2432 -448 ) (-104 -2432 -128 ) (-624 -2432 -128 ) 
4 590 599 (-1024 -2432 13312 ) (-1024 -2432 -128 ) (-104 -2432 -128 ) (-104 -2432 13312 ) 
4 590 592 (-752 -2200 -448 ) (-752 -2432 -448 ) (-934.094971 -2432 -448 ) (-934.094971 -2200 -448 ) 
4 590 591 (-752 -2048 -448 ) (-104 -2048 -448 ) (-104 -2432 -448 ) (-752 -2432 -448 ) 
4 590 593 (-1024 -2048 -448 ) (-934.094971 -2048 -448 ) (-934.094971 -2432 -448 ) (-1024 -2432 -448 ) 
4 591 606 (-752 -2432 -576 ) (-560 -2432 -576 ) (-560 -2432 -512 ) (-752 -2432 -512 ) 
4 591 602 (-304 -2432 -576 ) (-104 -2432 -576 ) (-104 -2432 -512 ) (-304 -2432 -512 ) 
4 591 601 (-624 -2432 -448 ) (-752 -2432 -448 ) (-752 -2432 -512 ) (-624 -2432 -512 ) 
4 591 600 (-104 -2432 -512 ) (-104 -2432 -448 ) (-624 -2432 -448 ) (-624 -2432 -512 ) 
4 591 596 (-360 -2432 -576 ) (-560 -2432 -576 ) (-560 -2048 -576 ) (-360 -2048 -576 ) 
4 591 592 (-752 -2200 -576 ) (-752 -2432 -576 ) (-752 -2432 -448 ) (-752 -2200 -448 ) 
4 592 606 (-934.094971 -2432 -576 ) (-752 -2432 -576 ) (-752 -2432 -512 ) (-934.094971 -2432 -512 ) 
4 592 601 (-752 -2432 -512 ) (-752 -2432 -448 ) (-934.094971 -2432 -448 ) (-934.094971 -2432 -512 ) 
4 592 593 (-934.094971 -2200 -576 ) (-934.094971 -2432 -576 ) (-934.094971 -2432 -448 ) (-934.094971 -2200 -448 ) 
4 593 828 (-1024 -2432 -576 ) (-1024 -2432 -448 ) (-1024 -2048 -448 ) (-1024 -2048 -576 ) 
4 593 606 (-1024 -2432 -512 ) (-1024 -2432 -576 ) (-934.094971 -2432 -576 ) (-934.094971 -2432 -512 ) 
4 593 601 (-1024 -2432 -448 ) (-1024 -2432 -512 ) (-934.094971 -2432 -512 ) (-934.094971 -2432 -448 ) 
4 594 605 (0 -2432 -14848 ) (0 -2432 -768 ) (-104 -2432 -768 ) (-104 -2432 -14848 ) 
4 594 602 (0 -2432 -768 ) (0 -2432 -576 ) (-104 -2432 -576 ) (-104 -2432 -768 ) 
4 594 595 (-104 -2048 -14848 ) (-104 -2432 -14848 ) (-104 -2432 -800 ) (-104 -2048 -800 ) 
4 595 605 (-360 -2432 -800 ) (-360 -2432 -14848 ) (-104 -2432 -14848 ) (-104 -2432 -800 ) 
4 595 597 (-360 -2432 -14848 ) (-360 -2432 -800 ) (-360 -2048 -800 ) (-360 -2048 -14848 ) 
4 597 605 (-360 -2432 -14848 ) (-360 -2432 -800 ) (-560 -2432 -800 ) (-560 -2432 -14848 ) 
4 597 598 (-560 -2432 -14848 ) (-560 -2432 -1024 ) (-560 -2048 -1024 ) (-560 -2048 -14848 ) 
4 598 844 (-1024 -2432 -14848 ) (-1024 -2432 -1024 ) (-1024 -2048 -1024 ) (-1024 -2048 -14848 ) 
4 598 607 (-560 -2432 -14848 ) (-560 -2432 -1024 ) (-1024 -2432 -1024 ) (-1024 -2432 -14848 ) 
4 599 824 (-1024 -3072 -128 ) (-1024 -3072 -56 ) (-1024 -2624 -56 ) (-1024 -2624 -128 ) 
4 599 823 (-1024 -2624 -56 ) (-1024 -2592 -56 ) (-1024 -2592 -128 ) (-1024 -2624 -128 ) 
4 599 821 (-1024 -2592 -56 ) (-1024 -2432 -56 ) (-1024 -2432 -128 ) (-1024 -2592 -128 ) 
4 599 818 (-1024 -3072 -56 ) (-1024 -3072 -40 ) (-1024 -2432 -40 ) (-1024 -2432 -56 ) 
4 599 813 (-1024 -3072 -40 ) (-1024 -3072 13312 ) (-1024 -2432 13312 ) (-1024 -2432 -40 ) 
4 599 634 (0 -3072 -128 ) (0 -3072 13312 ) (-1024 -3072 13312 ) (-1024 -3072 -128 ) 
4 599 601 (-1024 -2432 -128 ) (-624 -2432 -128 ) (-624 -2624 -128 ) (-1024 -2624 -128 ) 
4 599 600 (-624 -2432 -128 ) (0 -2432 -128 ) (0 -2768 -128 ) (-624 -2768 -128 ) 
4 600 606 (-624 -2768 -512 ) (-624 -2432 -512 ) (-560 -2432 -512 ) (-560 -2768 -512 ) 
4 600 602 (-304 -2432 -512 ) (0 -2432 -512 ) (0 -2768 -512 ) (-304 -2768 -512 ) 
4 600 601 (-624 -2432 -512 ) (-624 -2624 -512 ) (-624 -2624 -128 ) (-624 -2432 -128 ) 
4 601 831 (-1024 -2520 -512 ) (-1024 -2624 -512 ) (-1024 -2624 -192 ) (-1024 -2520 -192 ) 
4 601 830 (-1024 -2432 -192 ) (-1024 -2432 -512 ) (-1024 -2520 -512 ) (-1024 -2520 -192 ) 
4 601 823 (-1024 -2624 -128 ) (-1024 -2592 -128 ) (-1024 -2592 -192 ) (-1024 -2624 -192 ) 
4 601 821 (-1024 -2592 -128 ) (-1024 -2432 -128 ) (-1024 -2432 -192 ) (-1024 -2592 -192 ) 
4 601 606 (-1024 -2624 -512 ) (-1024 -2432 -512 ) (-624 -2432 -512 ) (-624 -2624 -512 ) 
4 602 605 (-304 -2816 -768 ) (-304 -2432 -768 ) (0 -2432 -768 ) (0 -2816 -768 ) 
4 602 603 (-304 -2816 -512 ) (-304 -2816 -768 ) (0 -2816 -768 ) (0 -2816 -512 ) 
4 603 637 (0 -3072 -768 ) (0 -3072 -512 ) (-304 -3072 -512 ) (-304 -3072 -768 ) 
4 603 605 (0 -3072 -768 ) (-304 -3072 -768 ) (-304 -2816 -768 ) (0 -2816 -768 ) 
4 603 604 (-304 -2816 -768 ) (-304 -3072 -768 ) (-304 -3072 -512 ) (-304 -2816 -512 ) 
4 604 637 (-304 -3072 -512 ) (-560 -3072 -512 ) (-560 -3072 -768 ) (-304 -3072 -768 ) 
4 604 608 (-560 -3072 -768 ) (-560 -3072 -512 ) (-560 -2816 -512 ) (-560 -2816 -768 ) 
4 604 605 (-304 -3072 -768 ) (-560 -3072 -768 ) (-560 -2816 -768 ) (-304 -2816 -768 ) 
4 605 637 (0 -3072 -14848 ) (0 -3072 -768 ) (-560 -3072 -768 ) (-560 -3072 -14848 ) 
4 605 607 (-560 -2816 -768 ) (-560 -2432 -768 ) (-560 -2432 -14848 ) (-560 -2816 -14848 ) 
4 605 608 (-560 -3072 -14848 ) (-560 -3072 -768 ) (-560 -2816 -768 ) (-560 -2816 -14848 ) 
4 606 833 (-1024 -2816 -512 ) (-1024 -2432 -512 ) (-1024 -2432 -768 ) (-1024 -2816 -768 ) 
4 606 608 (-560 -2816 -768 ) (-560 -2816 -512 ) (-1024 -2816 -512 ) (-1024 -2816 -768 ) 
4 606 607 (-560 -2816 -768 ) (-1024 -2816 -768 ) (-1024 -2432 -768 ) (-560 -2432 -768 ) 
4 607 844 (-1024 -2432 -1024 ) (-1024 -2432 -14848 ) (-1024 -2816 -14848 ) (-1024 -2816 -1024 ) 
4 607 834 (-1024 -2432 -768 ) (-1024 -2432 -1024 ) (-1024 -2816 -1024 ) (-1024 -2816 -768 ) 
4 607 608 (-1024 -2816 -14848 ) (-560 -2816 -14848 ) (-560 -2816 -768 ) (-1024 -2816 -768 ) 
4 608 844 (-1024 -3072 -14848 ) (-1024 -3072 -1024 ) (-1024 -2816 -1024 ) (-1024 -2816 -14848 ) 
4 608 835 (-1024 -3072 -1024 ) (-1024 -3072 -512 ) (-1024 -2816 -512 ) (-1024 -2816 -1024 ) 
4 608 637 (-560 -3072 -14848 ) (-560 -3072 -512 ) (-1024 -3072 -512 ) (-1024 -3072 -14848 ) 
4 609 611 (7168 -4096 -14848 ) (7168 -4096 13312 ) (6144 -4096 13312 ) (6144 -4096 -14848 ) 
4 609 610 (6144 -3072 13312 ) (6144 -3072 -14848 ) (6144 -4096 -14848 ) (6144 -4096 13312 ) 
4 610 613 (5120 -3072 13312 ) (5120 -3072 -14848 ) (5120 -4096 -14848 ) (5120 -4096 13312 ) 
4 610 612 (6144 -4096 -14848 ) (6144 -4096 13312 ) (5120 -4096 13312 ) (5120 -4096 -14848 ) 
4 611 617 (7168 -5120 -14848 ) (7168 -5120 13312 ) (6144 -5120 13312 ) (6144 -5120 -14848 ) 
4 611 612 (6144 -4096 13312 ) (6144 -4096 -14848 ) (6144 -5120 -14848 ) (6144 -5120 13312 ) 
4 612 618 (6144 -5120 -14848 ) (6144 -5120 13312 ) (5120 -5120 13312 ) (5120 -5120 -14848 ) 
4 612 615 (5120 -5120 -14848 ) (5120 -5120 13312 ) (5120 -4096 13312 ) (5120 -4096 -14848 ) 
4 613 615 (5120 -4096 -14848 ) (5120 -4096 13312 ) (4096 -4096 13312 ) (4096 -4096 -14848 ) 
4 613 614 (4096 -3072 13312 ) (4096 -3072 -14848 ) (4096 -4096 -14848 ) (4096 -4096 13312 ) 
4 614 625 (3072 -3072 13312 ) (3072 -3072 -14848 ) (3072 -4096 -14848 ) (3072 -4096 13312 ) 
4 614 616 (4096 -4096 -14848 ) (4096 -4096 13312 ) (3072 -4096 13312 ) (3072 -4096 -14848 ) 
4 615 621 (5120 -5120 -14848 ) (5120 -5120 13312 ) (4096 -5120 13312 ) (4096 -5120 -14848 ) 
4 615 616 (4096 -4096 13312 ) (4096 -4096 -14848 ) (4096 -5120 -14848 ) (4096 -5120 13312 ) 
4 616 627 (3072 -5120 -14848 ) (3072 -5120 13312 ) (3072 -4096 13312 ) (3072 -4096 -14848 ) 
4 616 622 (4096 -5120 -14848 ) (4096 -5120 13312 ) (3072 -5120 13312 ) (3072 -5120 -14848 ) 
4 617 619 (7168 -6144 -14848 ) (7168 -6144 13312 ) (6144 -6144 13312 ) (6144 -6144 -14848 ) 
4 617 618 (6144 -5120 13312 ) (6144 -5120 -14848 ) (6144 -6144 -14848 ) (6144 -6144 13312 ) 
4 618 621 (5120 -5120 13312 ) (5120 -5120 -14848 ) (5120 -6144 -14848 ) (5120 -6144 13312 ) 
4 618 620 (6144 -6144 -14848 ) (6144 -6144 13312 ) (5120 -6144 13312 ) (5120 -6144 -14848 ) 
4 619 683 (7168 -7168 -14848 ) (7168 -7168 13312 ) (6144 -7168 13312 ) (6144 -7168 -14848 ) 
4 619 620 (6144 -6144 13312 ) (6144 -6144 -14848 ) (6144 -7168 -14848 ) (6144 -7168 13312 ) 
4 620 684 (6144 -7168 -14848 ) (6144 -7168 13312 ) (5120 -7168 13312 ) (5120 -7168 -14848 ) 
4 620 623 (5120 -7168 -14848 ) (5120 -7168 13312 ) (5120 -6144 13312 ) (5120 -6144 -14848 ) 
4 621 623 (5120 -6144 -14848 ) (5120 -6144 13312 ) (4096 -6144 13312 ) (4096 -6144 -14848 ) 
4 621 622 (4096 -5120 13312 ) (4096 -5120 -14848 ) (4096 -6144 -14848 ) (4096 -6144 13312 ) 
4 622 640 (3072 -6144 -14848 ) (3072 -6144 13312 ) (3072 -5120 13312 ) (3072 -5120 -14848 ) 
4 622 624 (4096 -6144 -14848 ) (4096 -6144 13312 ) (3072 -6144 13312 ) (3072 -6144 -14848 ) 
4 623 687 (5120 -7168 -14848 ) (5120 -7168 13312 ) (4096 -7168 13312 ) (4096 -7168 -14848 ) 
4 623 624 (4096 -6144 13312 ) (4096 -6144 -14848 ) (4096 -7168 -14848 ) (4096 -7168 13312 ) 
4 624 688 (4096 -7168 -14848 ) (4096 -7168 13312 ) (3072 -7168 13312 ) (3072 -7168 -14848 ) 
4 624 642 (3072 -7168 -14848 ) (3072 -7168 13312 ) (3072 -6144 13312 ) (3072 -6144 -14848 ) 
4 625 627 (3072 -4096 -14848 ) (3072 -4096 13312 ) (2048 -4096 13312 ) (2048 -4096 -14848 ) 
4 625 626 (2048 -3072 13312 ) (2048 -3072 -14848 ) (2048 -4096 -14848 ) (2048 -4096 13312 ) 
4 626 633 (1024 -3072 -512 ) (1024 -3072 -14848 ) (1024 -4096 -14848 ) (1024 -4096 -512 ) 
4 626 630 (1024 -3072 -128 ) (1024 -3072 -512 ) (1024 -4096 -512 ) (1024 -4096 -128 ) 
4 626 629 (1024 -3072 13312 ) (1024 -3072 -128 ) (1024 -4096 -128 ) (1024 -4096 13312 ) 
4 626 628 (2048 -4096 -14848 ) (2048 -4096 13312 ) (1024 -4096 13312 ) (1024 -4096 -14848 ) 
4 627 640 (3072 -5120 -14848 ) (3072 -5120 13312 ) (2048 -5120 13312 ) (2048 -5120 -14848 ) 
4 627 628 (2048 -4096 13312 ) (2048 -4096 -14848 ) (2048 -5120 -14848 ) (2048 -5120 13312 ) 
4 628 641 (2048 -5120 -14848 ) (2048 -5120 13312 ) (1024 -5120 13312 ) (1024 -5120 -14848 ) 
4 628 638 (1024 -5120 -14848 ) (1024 -5120 13312 ) (1024 -4096 13312 ) (1024 -4096 -14848 ) 
4 629 638 (1024 -4096 -128 ) (1024 -4096 13312 ) (0 -4096 13312 ) (0 -4096 -128 ) 
4 629 634 (0 -3072 13312 ) (0 -3072 -128 ) (0 -4096 -128 ) (0 -4096 13312 ) 
4 629 632 (0 -4096 -128 ) (0 -3104 -128 ) (400 -3104 -128 ) (400 -4096 -128 ) 
4 629 631 (864 -3104 -128 ) (864 -4096 -128 ) (400 -4096 -128 ) (400 -3104 -128 ) 
4 629 630 (864 -3072 -128 ) (1024 -3072 -128 ) (1024 -4096 -128 ) (864 -4096 -128 ) 
4 630 638 (1024 -4096 -512 ) (1024 -4096 -128 ) (864 -4096 -128 ) (864 -4096 -512 ) 
4 630 633 (1024 -4096 -512 ) (864 -4096 -512 ) (864 -3072 -512 ) (1024 -3072 -512 ) 
4 630 631 (864 -3104 -512 ) (864 -4096 -512 ) (864 -4096 -128 ) (864 -3104 -128 ) 
4 631 638 (864 -4096 -128 ) (400 -4096 -128 ) (400 -4096 -512 ) (864 -4096 -512 ) 
4 631 633 (864 -4096 -512 ) (400 -4096 -512 ) (400 -3104 -512 ) (864 -3104 -512 ) 
4 631 632 (400 -3104 -512 ) (400 -4096 -512 ) (400 -4096 -128 ) (400 -3104 -128 ) 
4 632 638 (400 -4096 -128 ) (0 -4096 -128 ) (0 -4096 -512 ) (400 -4096 -512 ) 
4 632 635 (0 -3104 -512 ) (0 -4096 -512 ) (0 -4096 -128 ) (0 -3104 -128 ) 
4 632 633 (400 -4096 -512 ) (0 -4096 -512 ) (0 -3104 -512 ) (400 -3104 -512 ) 
4 633 638 (1024 -4096 -14848 ) (1024 -4096 -512 ) (0 -4096 -512 ) (0 -4096 -14848 ) 
4 633 637 (0 -3072 -512 ) (0 -3072 -14848 ) (0 -4096 -14848 ) (0 -4096 -512 ) 
4 634 872 (-1024 -3104 13312 ) (-1024 -3072 13312 ) (-1024 -3072 -128 ) (-1024 -3104 -128 ) 
4 634 873 (-1024 -4096 -128 ) (-1024 -4096 13312 ) (-1024 -3104 13312 ) (-1024 -3104 -128 ) 
4 634 639 (0 -4096 -128 ) (0 -4096 13312 ) (-1024 -4096 13312 ) (-1024 -4096 -128 ) 
4 634 636 (-624 -4096 -128 ) (-1024 -4096 -128 ) (-1024 -3104 -128 ) (-624 -3104 -128 ) 
4 634 635 (0 -4096 -128 ) (-624 -4096 -128 ) (-624 -3104 -128 ) (0 -3104 -128 ) 
4 635 639 (0 -4096 -512 ) (0 -4096 -128 ) (-624 -4096 -128 ) (-624 -4096 -512 ) 
4 635 637 (0 -3104 -512 ) (0 -4096 -512 ) (-624 -4096 -512 ) (-624 -3104 -512 ) 
4 635 636 (-624 -3104 -512 ) (-624 -4096 -512 ) (-624 -4096 -128 ) (-624 -3104 -128 ) 
4 636 873 (-1024 -4096 -512 ) (-1024 -4096 -128 ) (-1024 -3104 -128 ) (-1024 -3104 -512 ) 
4 636 639 (-624 -4096 -128 ) (-1024 -4096 -128 ) (-1024 -4096 -512 ) (-624 -4096 -512 ) 
4 636 637 (-624 -4096 -512 ) (-1024 -4096 -512 ) (-1024 -3104 -512 ) (-624 -3104 -512 ) 
4 637 875 (-1024 -4096 -14848 ) (-1024 -4096 -512 ) (-1024 -3072 -512 ) (-1024 -3072 -14848 ) 
4 637 639 (0 -4096 -14848 ) (0 -4096 -512 ) (-1024 -4096 -512 ) (-1024 -4096 -14848 ) 
4 638 644 (1024 -5120 -14848 ) (1024 -5120 13312 ) (0 -5120 13312 ) (0 -5120 -14848 ) 
4 638 639 (0 -4096 13312 ) (0 -4096 -14848 ) (0 -5120 -14848 ) (0 -5120 13312 ) 
4 639 877 (-1024 -5120 -14848 ) (-1024 -5120 13312 ) (-1024 -4096 13312 ) (-1024 -4096 -14848 ) 
4 639 645 (0 -5120 -14848 ) (0 -5120 13312 ) (-1024 -5120 13312 ) (-1024 -5120 -14848 ) 
4 640 642 (3072 -6144 -14848 ) (3072 -6144 13312 ) (2048 -6144 13312 ) (2048 -6144 -14848 ) 
4 640 641 (2048 -5120 13312 ) (2048 -5120 -14848 ) (2048 -6144 -14848 ) (2048 -6144 13312 ) 
4 641 644 (1024 -5120 13312 ) (1024 -5120 -14848 ) (1024 -6144 -14848 ) (1024 -6144 13312 ) 
4 641 643 (2048 -6144 -14848 ) (2048 -6144 13312 ) (1024 -6144 13312 ) (1024 -6144 -14848 ) 
4 642 699 (3072 -7168 -14848 ) (3072 -7168 13312 ) (2048 -7168 13312 ) (2048 -7168 -14848 ) 
4 642 643 (2048 -6144 13312 ) (2048 -6144 -14848 ) (2048 -7168 -14848 ) (2048 -7168 13312 ) 
4 643 700 (2048 -7168 -14848 ) (2048 -7168 13312 ) (1024 -7168 13312 ) (1024 -7168 -14848 ) 
4 643 646 (1024 -7168 -14848 ) (1024 -7168 13312 ) (1024 -6144 13312 ) (1024 -6144 -14848 ) 
4 644 646 (1024 -6144 -14848 ) (1024 -6144 13312 ) (0 -6144 13312 ) (0 -6144 -14848 ) 
4 644 645 (0 -5120 13312 ) (0 -5120 -14848 ) (0 -6144 -14848 ) (0 -6144 13312 ) 
4 645 883 (-1024 -6144 -14848 ) (-1024 -6144 13312 ) (-1024 -5120 13312 ) (-1024 -5120 -14848 ) 
4 645 647 (0 -6144 -14848 ) (0 -6144 13312 ) (-1024 -6144 13312 ) (-1024 -6144 -14848 ) 
4 646 703 (1024 -7168 -14848 ) (1024 -7168 13312 ) (0 -7168 13312 ) (0 -7168 -14848 ) 
4 646 647 (0 -6144 13312 ) (0 -6144 -14848 ) (0 -7168 -14848 ) (0 -7168 13312 ) 
4 647 885 (-1024 -7168 -14848 ) (-1024 -7168 13312 ) (-1024 -6144 13312 ) (-1024 -6144 -14848 ) 
4 647 704 (0 -7168 -14848 ) (0 -7168 13312 ) (-1024 -7168 13312 ) (-1024 -7168 -14848 ) 
4 648 652 (11264 -7168 13312 ) (11264 -7168 -14848 ) (11264 -8192 -14848 ) (11264 -8192 13312 ) 
4 648 649 (12288 -8192 -14848 ) (12288 -8192 13312 ) (11264 -8192 13312 ) (11264 -8192 -14848 ) 
4 649 654 (11264 -9216 -14848 ) (11264 -9216 13312 ) (11264 -8192 13312 ) (11264 -8192 -14848 ) 
4 649 650 (12288 -9216 -14848 ) (12288 -9216 13312 ) (11264 -9216 13312 ) (11264 -9216 -14848 ) 
4 650 660 (11264 -10240 -14848 ) (11264 -10240 13312 ) (11264 -9216 13312 ) (11264 -9216 -14848 ) 
4 650 651 (12288 -10240 -14848 ) (12288 -10240 13312 ) (11264 -10240 13312 ) (11264 -10240 -14848 ) 
4 651 668 (12288 -11264 -14848 ) (12288 -11264 13312 ) (11264 -11264 13312 ) (11264 -11264 -14848 ) 
4 651 662 (11264 -11264 -14848 ) (11264 -11264 13312 ) (11264 -10240 13312 ) (11264 -10240 -14848 ) 
4 652 654 (11264 -8192 -14848 ) (11264 -8192 13312 ) (10240 -8192 13312 ) (10240 -8192 -14848 ) 
4 652 653 (10240 -7168 13312 ) (10240 -7168 -14848 ) (10240 -8192 -14848 ) (10240 -8192 13312 ) 
4 653 656 (9216 -7168 13312 ) (9216 -7168 -14848 ) (9216 -8192 -14848 ) (9216 -8192 13312 ) 
4 653 655 (10240 -8192 -14848 ) (10240 -8192 13312 ) (9216 -8192 13312 ) (9216 -8192 -14848 ) 
4 654 660 (11264 -9216 -14848 ) (11264 -9216 13312 ) (10240 -9216 13312 ) (10240 -9216 -14848 ) 
4 654 655 (10240 -8192 13312 ) (10240 -8192 -14848 ) (10240 -9216 -14848 ) (10240 -9216 13312 ) 
4 655 661 (10240 -9216 -14848 ) (10240 -9216 13312 ) (9216 -9216 13312 ) (9216 -9216 -14848 ) 
4 655 658 (9216 -9216 -14848 ) (9216 -9216 13312 ) (9216 -8192 13312 ) (9216 -8192 -14848 ) 
4 656 658 (9216 -8192 -14848 ) (9216 -8192 13312 ) (8192 -8192 13312 ) (8192 -8192 -14848 ) 
4 656 657 (8192 -7168 13312 ) (8192 -7168 -14848 ) (8192 -8192 -14848 ) (8192 -8192 13312 ) 
4 657 683 (7168 -7168 13312 ) (7168 -7168 -14848 ) (7168 -8192 -14848 ) (7168 -8192 13312 ) 
4 657 659 (8192 -8192 -14848 ) (8192 -8192 13312 ) (7168 -8192 13312 ) (7168 -8192 -14848 ) 
4 658 664 (9216 -9216 -14848 ) (9216 -9216 13312 ) (8192 -9216 13312 ) (8192 -9216 -14848 ) 
4 658 659 (8192 -8192 13312 ) (8192 -8192 -14848 ) (8192 -9216 -14848 ) (8192 -9216 13312 ) 
4 659 685 (7168 -9216 -14848 ) (7168 -9216 13312 ) (7168 -8192 13312 ) (7168 -8192 -14848 ) 
4 659 665 (8192 -9216 -14848 ) (8192 -9216 13312 ) (7168 -9216 13312 ) (7168 -9216 -14848 ) 
4 660 662 (11264 -10240 -14848 ) (11264 -10240 13312 ) (10240 -10240 13312 ) (10240 -10240 -14848 ) 
4 660 661 (10240 -9216 13312 ) (10240 -9216 -14848 ) (10240 -10240 -14848 ) (10240 -10240 13312 ) 
4 661 664 (9216 -9216 13312 ) (9216 -9216 -14848 ) (9216 -10240 -14848 ) (9216 -10240 13312 ) 
4 661 663 (10240 -10240 -14848 ) (10240 -10240 13312 ) (9216 -10240 13312 ) (9216 -10240 -14848 ) 
4 662 671 (11264 -11264 -14848 ) (11264 -11264 13312 ) (10240 -11264 13312 ) (10240 -11264 -14848 ) 
4 662 663 (10240 -10240 13312 ) (10240 -10240 -14848 ) (10240 -11264 -14848 ) (10240 -11264 13312 ) 
4 663 672 (10240 -11264 -14848 ) (10240 -11264 13312 ) (9216 -11264 13312 ) (9216 -11264 -14848 ) 
4 663 666 (9216 -11264 -14848 ) (9216 -11264 13312 ) (9216 -10240 13312 ) (9216 -10240 -14848 ) 
4 664 666 (9216 -10240 -14848 ) (9216 -10240 13312 ) (8192 -10240 13312 ) (8192 -10240 -14848 ) 
4 664 665 (8192 -9216 13312 ) (8192 -9216 -14848 ) (8192 -10240 -14848 ) (8192 -10240 13312 ) 
4 665 691 (7168 -10240 -14848 ) (7168 -10240 13312 ) (7168 -9216 13312 ) (7168 -9216 -14848 ) 
4 665 667 (8192 -10240 -14848 ) (8192 -10240 13312 ) (7168 -10240 13312 ) (7168 -10240 -14848 ) 
4 666 675 (9216 -11264 -14848 ) (9216 -11264 13312 ) (8192 -11264 13312 ) (8192 -11264 -14848 ) 
4 666 667 (8192 -10240 13312 ) (8192 -10240 -14848 ) (8192 -11264 -14848 ) (8192 -11264 13312 ) 
4 667 693 (7168 -11264 -14848 ) (7168 -11264 13312 ) (7168 -10240 13312 ) (7168 -10240 -14848 ) 
4 667 676 (8192 -11264 -14848 ) (8192 -11264 13312 ) (7168 -11264 13312 ) (7168 -11264 -14848 ) 
4 668 671 (11264 -11264 13312 ) (11264 -11264 -14848 ) (11264 -12288 -14848 ) (11264 -12288 13312 ) 
4 668 669 (12288 -12288 -14848 ) (12288 -12288 13312 ) (11264 -12288 13312 ) (11264 -12288 -14848 ) 
4 669 673 (11264 -13312 -14848 ) (11264 -13312 13312 ) (11264 -12288 13312 ) (11264 -12288 -14848 ) 
4 669 670 (12288 -13312 -14848 ) (12288 -13312 13312 ) (11264 -13312 13312 ) (11264 -13312 -14848 ) 
4 670 679 (11264 -14336 -14848 ) (11264 -14336 13312 ) (11264 -13312 13312 ) (11264 -13312 -14848 ) 
4 671 673 (11264 -12288 -14848 ) (11264 -12288 13312 ) (10240 -12288 13312 ) (10240 -12288 -14848 ) 
4 671 672 (10240 -11264 13312 ) (10240 -11264 -14848 ) (10240 -12288 -14848 ) (10240 -12288 13312 ) 
4 672 675 (9216 -11264 13312 ) (9216 -11264 -14848 ) (9216 -12288 -14848 ) (9216 -12288 13312 ) 
4 672 674 (10240 -12288 -14848 ) (10240 -12288 13312 ) (9216 -12288 13312 ) (9216 -12288 -14848 ) 
4 673 679 (11264 -13312 -14848 ) (11264 -13312 13312 ) (10240 -13312 13312 ) (10240 -13312 -14848 ) 
4 673 674 (10240 -12288 13312 ) (10240 -12288 -14848 ) (10240 -13312 -14848 ) (10240 -13312 13312 ) 
4 674 680 (10240 -13312 -14848 ) (10240 -13312 13312 ) (9216 -13312 13312 ) (9216 -13312 -14848 ) 
4 674 677 (9216 -13312 -14848 ) (9216 -13312 13312 ) (9216 -12288 13312 ) (9216 -12288 -14848 ) 
4 675 677 (9216 -12288 -14848 ) (9216 -12288 13312 ) (8192 -12288 13312 ) (8192 -12288 -14848 ) 
4 675 676 (8192 -11264 13312 ) (8192 -11264 -14848 ) (8192 -12288 -14848 ) (8192 -12288 13312 ) 
4 676 715 (7168 -12288 -14848 ) (7168 -12288 13312 ) (7168 -11264 13312 ) (7168 -11264 -14848 ) 
4 676 678 (8192 -12288 -14848 ) (8192 -12288 13312 ) (7168 -12288 13312 ) (7168 -12288 -14848 ) 
4 677 681 (9216 -13312 -14848 ) (9216 -13312 13312 ) (8192 -13312 13312 ) (8192 -13312 -14848 ) 
4 677 678 (8192 -12288 13312 ) (8192 -12288 -14848 ) (8192 -13312 -14848 ) (8192 -13312 13312 ) 
4 678 717 (7168 -13312 -14848 ) (7168 -13312 13312 ) (7168 -12288 13312 ) (7168 -12288 -14848 ) 
4 678 682 (8192 -13312 -14848 ) (8192 -13312 13312 ) (7168 -13312 13312 ) (7168 -13312 -14848 ) 
4 679 680 (10240 -13312 13312 ) (10240 -13312 -14848 ) (10240 -14336 -14848 ) (10240 -14336 13312 ) 
4 680 681 (9216 -13312 13312 ) (9216 -13312 -14848 ) (9216 -14336 -14848 ) (9216 -14336 13312 ) 
4 681 682 (8192 -13312 13312 ) (8192 -13312 -14848 ) (8192 -14336 -14848 ) (8192 -14336 13312 ) 
4 682 723 (7168 -14336 -14848 ) (7168 -14336 13312 ) (7168 -13312 13312 ) (7168 -13312 -14848 ) 
4 683 685 (7168 -8192 -14848 ) (7168 -8192 13312 ) (6144 -8192 13312 ) (6144 -8192 -14848 ) 
4 683 684 (6144 -7168 13312 ) (6144 -7168 -14848 ) (6144 -8192 -14848 ) (6144 -8192 13312 ) 
4 684 687 (5120 -7168 13312 ) (5120 -7168 -14848 ) (5120 -8192 -14848 ) (5120 -8192 13312 ) 
4 684 686 (6144 -8192 -14848 ) (6144 -8192 13312 ) (5120 -8192 13312 ) (5120 -8192 -14848 ) 
4 685 691 (7168 -9216 -14848 ) (7168 -9216 13312 ) (6144 -9216 13312 ) (6144 -9216 -14848 ) 
4 685 686 (6144 -8192 13312 ) (6144 -8192 -14848 ) (6144 -9216 -14848 ) (6144 -9216 13312 ) 
4 686 692 (6144 -9216 -14848 ) (6144 -9216 13312 ) (5120 -9216 13312 ) (5120 -9216 -14848 ) 
4 686 689 (5120 -9216 -14848 ) (5120 -9216 13312 ) (5120 -8192 13312 ) (5120 -8192 -14848 ) 
4 687 689 (5120 -8192 -14848 ) (5120 -8192 13312 ) (4096 -8192 13312 ) (4096 -8192 -14848 ) 
4 687 688 (4096 -7168 13312 ) (4096 -7168 -14848 ) (4096 -8192 -14848 ) (4096 -8192 13312 ) 
4 688 699 (3072 -7168 13312 ) (3072 -7168 -14848 ) (3072 -8192 -14848 ) (3072 -8192 13312 ) 
4 688 690 (4096 -8192 -14848 ) (4096 -8192 13312 ) (3072 -8192 13312 ) (3072 -8192 -14848 ) 
4 689 695 (5120 -9216 -14848 ) (5120 -9216 13312 ) (4096 -9216 13312 ) (4096 -9216 -14848 ) 
4 689 690 (4096 -8192 13312 ) (4096 -8192 -14848 ) (4096 -9216 -14848 ) (4096 -9216 13312 ) 
4 690 701 (3072 -9216 -14848 ) (3072 -9216 13312 ) (3072 -8192 13312 ) (3072 -8192 -14848 ) 
4 690 696 (4096 -9216 -14848 ) (4096 -9216 13312 ) (3072 -9216 13312 ) (3072 -9216 -14848 ) 
4 691 693 (7168 -10240 -14848 ) (7168 -10240 13312 ) (6144 -10240 13312 ) (6144 -10240 -14848 ) 
4 691 692 (6144 -9216 13312 ) (6144 -9216 -14848 ) (6144 -10240 -14848 ) (6144 -10240 13312 ) 
4 692 695 (5120 -9216 13312 ) (5120 -9216 -14848 ) (5120 -10240 -14848 ) (5120 -10240 13312 ) 
4 692 694 (6144 -10240 -14848 ) (6144 -10240 13312 ) (5120 -10240 13312 ) (5120 -10240 -14848 ) 
4 693 715 (7168 -11264 -14848 ) (7168 -11264 13312 ) (6144 -11264 13312 ) (6144 -11264 -14848 ) 
4 693 694 (6144 -10240 13312 ) (6144 -10240 -14848 ) (6144 -11264 -14848 ) (6144 -11264 13312 ) 
4 694 716 (6144 -11264 -14848 ) (6144 -11264 13312 ) (5120 -11264 13312 ) (5120 -11264 -14848 ) 
4 694 697 (5120 -11264 -14848 ) (5120 -11264 13312 ) (5120 -10240 13312 ) (5120 -10240 -14848 ) 
4 695 697 (5120 -10240 -14848 ) (5120 -10240 13312 ) (4096 -10240 13312 ) (4096 -10240 -14848 ) 
4 695 696 (4096 -9216 13312 ) (4096 -9216 -14848 ) (4096 -10240 -14848 ) (4096 -10240 13312 ) 
4 696 707 (3072 -10240 -14848 ) (3072 -10240 13312 ) (3072 -9216 13312 ) (3072 -9216 -14848 ) 
4 696 698 (4096 -10240 -14848 ) (4096 -10240 13312 ) (3072 -10240 13312 ) (3072 -10240 -14848 ) 
4 697 719 (5120 -11264 -14848 ) (5120 -11264 13312 ) (4096 -11264 13312 ) (4096 -11264 -14848 ) 
4 697 698 (4096 -10240 13312 ) (4096 -10240 -14848 ) (4096 -11264 -14848 ) (4096 -11264 13312 ) 
4 698 720 (4096 -11264 -14848 ) (4096 -11264 13312 ) (3072 -11264 13312 ) (3072 -11264 -14848 ) 
4 698 709 (3072 -11264 -14848 ) (3072 -11264 13312 ) (3072 -10240 13312 ) (3072 -10240 -14848 ) 
4 699 701 (3072 -8192 -14848 ) (3072 -8192 13312 ) (2048 -8192 13312 ) (2048 -8192 -14848 ) 
4 699 700 (2048 -7168 13312 ) (2048 -7168 -14848 ) (2048 -8192 -14848 ) (2048 -8192 13312 ) 
4 700 703 (1024 -7168 13312 ) (1024 -7168 -14848 ) (1024 -8192 -14848 ) (1024 -8192 13312 ) 
4 700 702 (2048 -8192 -14848 ) (2048 -8192 13312 ) (1024 -8192 13312 ) (1024 -8192 -14848 ) 
4 701 707 (3072 -9216 -14848 ) (3072 -9216 13312 ) (2048 -9216 13312 ) (2048 -9216 -14848 ) 
4 701 702 (2048 -8192 13312 ) (2048 -8192 -14848 ) (2048 -9216 -14848 ) (2048 -9216 13312 ) 
4 702 708 (2048 -9216 -14848 ) (2048 -9216 13312 ) (1024 -9216 13312 ) (1024 -9216 -14848 ) 
4 702 705 (1024 -9216 -14848 ) (1024 -9216 13312 ) (1024 -8192 13312 ) (1024 -8192 -14848 ) 
4 703 705 (1024 -8192 -14848 ) (1024 -8192 13312 ) (0 -8192 13312 ) (0 -8192 -14848 ) 
4 703 704 (0 -7168 13312 ) (0 -7168 -14848 ) (0 -8192 -14848 ) (0 -8192 13312 ) 
4 704 955 (-1024 -8192 -14848 ) (-1024 -8192 13312 ) (-1024 -7168 13312 ) (-1024 -7168 -14848 ) 
4 704 706 (0 -8192 -14848 ) (0 -8192 13312 ) (-1024 -8192 13312 ) (-1024 -8192 -14848 ) 
4 705 711 (1024 -9216 -14848 ) (1024 -9216 13312 ) (0 -9216 13312 ) (0 -9216 -14848 ) 
4 705 706 (0 -8192 13312 ) (0 -8192 -14848 ) (0 -9216 -14848 ) (0 -9216 13312 ) 
4 706 957 (-1024 -9216 -14848 ) (-1024 -9216 13312 ) (-1024 -8192 13312 ) (-1024 -8192 -14848 ) 
4 706 712 (0 -9216 -14848 ) (0 -9216 13312 ) (-1024 -9216 13312 ) (-1024 -9216 -14848 ) 
4 707 709 (3072 -10240 -14848 ) (3072 -10240 13312 ) (2048 -10240 13312 ) (2048 -10240 -14848 ) 
4 707 708 (2048 -9216 13312 ) (2048 -9216 -14848 ) (2048 -10240 -14848 ) (2048 -10240 13312 ) 
4 708 711 (1024 -9216 13312 ) (1024 -9216 -14848 ) (1024 -10240 -14848 ) (1024 -10240 13312 ) 
4 708 710 (2048 -10240 -14848 ) (2048 -10240 13312 ) (1024 -10240 13312 ) (1024 -10240 -14848 ) 
4 709 727 (3072 -11264 -14848 ) (3072 -11264 13312 ) (2048 -11264 13312 ) (2048 -11264 -14848 ) 
4 709 710 (2048 -10240 13312 ) (2048 -10240 -14848 ) (2048 -11264 -14848 ) (2048 -11264 13312 ) 
4 710 728 (2048 -11264 -14848 ) (2048 -11264 13312 ) (1024 -11264 13312 ) (1024 -11264 -14848 ) 
4 710 713 (1024 -11264 -14848 ) (1024 -11264 13312 ) (1024 -10240 13312 ) (1024 -10240 -14848 ) 
4 711 713 (1024 -10240 -14848 ) (1024 -10240 13312 ) (0 -10240 13312 ) (0 -10240 -14848 ) 
4 711 712 (0 -9216 13312 ) (0 -9216 -14848 ) (0 -10240 -14848 ) (0 -10240 13312 ) 
4 712 963 (-1024 -10240 -14848 ) (-1024 -10240 13312 ) (-1024 -9216 13312 ) (-1024 -9216 -14848 ) 
4 712 714 (0 -10240 -14848 ) (0 -10240 13312 ) (-1024 -10240 13312 ) (-1024 -10240 -14848 ) 
4 713 731 (1024 -11264 -14848 ) (1024 -11264 13312 ) (0 -11264 13312 ) (0 -11264 -14848 ) 
4 713 714 (0 -10240 13312 ) (0 -10240 -14848 ) (0 -11264 -14848 ) (0 -11264 13312 ) 
4 714 965 (-1024 -11264 -14848 ) (-1024 -11264 13312 ) (-1024 -10240 13312 ) (-1024 -10240 -14848 ) 
4 714 732 (0 -11264 -14848 ) (0 -11264 13312 ) (-1024 -11264 13312 ) (-1024 -11264 -14848 ) 
4 715 717 (7168 -12288 -14848 ) (7168 -12288 13312 ) (6144 -12288 13312 ) (6144 -12288 -14848 ) 
4 715 716 (6144 -11264 13312 ) (6144 -11264 -14848 ) (6144 -12288 -14848 ) (6144 -12288 13312 ) 
4 716 719 (5120 -11264 13312 ) (5120 -11264 -14848 ) (5120 -12288 -14848 ) (5120 -12288 13312 ) 
4 716 718 (6144 -12288 -14848 ) (6144 -12288 13312 ) (5120 -12288 13312 ) (5120 -12288 -14848 ) 
4 717 723 (7168 -13312 -14848 ) (7168 -13312 13312 ) (6144 -13312 13312 ) (6144 -13312 -14848 ) 
4 717 718 (6144 -12288 13312 ) (6144 -12288 -14848 ) (6144 -13312 -14848 ) (6144 -13312 13312 ) 
4 718 724 (6144 -13312 -14848 ) (6144 -13312 13312 ) (5120 -13312 13312 ) (5120 -13312 -14848 ) 
4 718 721 (5120 -13312 -14848 ) (5120 -13312 13312 ) (5120 -12288 13312 ) (5120 -12288 -14848 ) 
4 719 721 (5120 -12288 -14848 ) (5120 -12288 13312 ) (4096 -12288 13312 ) (4096 -12288 -14848 ) 
4 719 720 (4096 -11264 13312 ) (4096 -11264 -14848 ) (4096 -12288 -14848 ) (4096 -12288 13312 ) 
4 720 727 (3072 -11264 13312 ) (3072 -11264 -14848 ) (3072 -12288 -14848 ) (3072 -12288 13312 ) 
4 720 722 (4096 -12288 -14848 ) (4096 -12288 13312 ) (3072 -12288 13312 ) (3072 -12288 -14848 ) 
4 721 725 (5120 -13312 -14848 ) (5120 -13312 13312 ) (4096 -13312 13312 ) (4096 -13312 -14848 ) 
4 721 722 (4096 -12288 13312 ) (4096 -12288 -14848 ) (4096 -13312 -14848 ) (4096 -13312 13312 ) 
4 722 729 (3072 -13312 -14848 ) (3072 -13312 13312 ) (3072 -12288 13312 ) (3072 -12288 -14848 ) 
4 722 726 (4096 -13312 -14848 ) (4096 -13312 13312 ) (3072 -13312 13312 ) (3072 -13312 -14848 ) 
4 723 724 (6144 -13312 13312 ) (6144 -13312 -14848 ) (6144 -14336 -14848 ) (6144 -14336 13312 ) 
4 724 725 (5120 -13312 13312 ) (5120 -13312 -14848 ) (5120 -14336 -14848 ) (5120 -14336 13312 ) 
4 725 726 (4096 -13312 13312 ) (4096 -13312 -14848 ) (4096 -14336 -14848 ) (4096 -14336 13312 ) 
4 726 735 (3072 -14336 -14848 ) (3072 -14336 13312 ) (3072 -13312 13312 ) (3072 -13312 -14848 ) 
4 727 729 (3072 -12288 -14848 ) (3072 -12288 13312 ) (2048 -12288 13312 ) (2048 -12288 -14848 ) 
4 727 728 (2048 -11264 13312 ) (2048 -11264 -14848 ) (2048 -12288 -14848 ) (2048 -12288 13312 ) 
4 728 731 (1024 -11264 13312 ) (1024 -11264 -14848 ) (1024 -12288 -14848 ) (1024 -12288 13312 ) 
4 728 730 (2048 -12288 -14848 ) (2048 -12288 13312 ) (1024 -12288 13312 ) (1024 -12288 -14848 ) 
4 729 735 (3072 -13312 -14848 ) (3072 -13312 13312 ) (2048 -13312 13312 ) (2048 -13312 -14848 ) 
4 729 730 (2048 -12288 13312 ) (2048 -12288 -14848 ) (2048 -13312 -14848 ) (2048 -13312 13312 ) 
4 730 736 (2048 -13312 -14848 ) (2048 -13312 13312 ) (1024 -13312 13312 ) (1024 -13312 -14848 ) 
4 730 733 (1024 -13312 -14848 ) (1024 -13312 13312 ) (1024 -12288 13312 ) (1024 -12288 -14848 ) 
4 731 733 (1024 -12288 -14848 ) (1024 -12288 13312 ) (0 -12288 13312 ) (0 -12288 -14848 ) 
4 731 732 (0 -11264 13312 ) (0 -11264 -14848 ) (0 -12288 -14848 ) (0 -12288 13312 ) 
4 732 987 (-1024 -12288 -14848 ) (-1024 -12288 13312 ) (-1024 -11264 13312 ) (-1024 -11264 -14848 ) 
4 732 734 (0 -12288 -14848 ) (0 -12288 13312 ) (-1024 -12288 13312 ) (-1024 -12288 -14848 ) 
4 733 737 (1024 -13312 -14848 ) (1024 -13312 13312 ) (0 -13312 13312 ) (0 -13312 -14848 ) 
4 733 734 (0 -12288 13312 ) (0 -12288 -14848 ) (0 -13312 -14848 ) (0 -13312 13312 ) 
4 734 989 (-1024 -13312 -14848 ) (-1024 -13312 13312 ) (-1024 -12288 13312 ) (-1024 -12288 -14848 ) 
4 734 738 (0 -13312 -14848 ) (0 -13312 13312 ) (-1024 -13312 13312 ) (-1024 -13312 -14848 ) 
4 735 736 (2048 -13312 13312 ) (2048 -13312 -14848 ) (2048 -14336 -14848 ) (2048 -14336 13312 ) 
4 736 737 (1024 -13312 13312 ) (1024 -13312 -14848 ) (1024 -14336 -14848 ) (1024 -14336 13312 ) 
4 737 738 (0 -13312 13312 ) (0 -13312 -14848 ) (0 -14336 -14848 ) (0 -14336 13312 ) 
4 738 995 (-1024 -14336 -14848 ) (-1024 -14336 13312 ) (-1024 -13312 13312 ) (-1024 -13312 -14848 ) 
4 739 743 (-1024 672 -64 ) (-1024 640 -64 ) (-1536 640 -64 ) (-1536 672 -64 ) 
4 739 742 (-1536 1024 -64 ) (-1024 1024 -64 ) (-1024 672 -64 ) (-1536 672 -64 ) 
4 739 744 (-1024 640 -64 ) (-1024 112 -64 ) (-1536 112 -64 ) (-1536 640 -64 ) 
4 739 740 (-1536 112 13312 ) (-1536 112 -48 ) (-1024 112 -48 ) (-1024 112 13312 ) 
4 739 741 (-1536 1024 -64 ) (-1536 112 -64 ) (-1536 112 13312 ) (-1536 1024 13312 ) 
4 740 755 (-1024 0 -48 ) (-1024 0 13312 ) (-1536 0 13312 ) (-1536 0 -48 ) 
4 740 741 (-1536 0 -48 ) (-1536 0 13312 ) (-1536 112 13312 ) (-1536 112 -48 ) 
4 741 757 (-2048 0 -48 ) (-2048 0 -64 ) (-1536 0 -64 ) (-1536 0 -48 ) 
4 741 755 (-1536 0 13312 ) (-2048 0 13312 ) (-2048 0 -48 ) (-1536 0 -48 ) 
4 741 748 (-2048 1024 13312 ) (-2048 1024 -64 ) (-2048 0 -64 ) (-2048 0 13312 ) 
4 741 745 (-2048 0 -64 ) (-2048 112 -64 ) (-1536 112 -64 ) (-1536 0 -64 ) 
4 741 743 (-2048 640 -64 ) (-2048 672 -64 ) (-1536 672 -64 ) (-1536 640 -64 ) 
4 741 742 (-2048 672 -64 ) (-2048 1024 -64 ) (-1536 1024 -64 ) (-1536 672 -64 ) 
4 741 744 (-2048 112 -64 ) (-2048 640 -64 ) (-1536 640 -64 ) (-1536 112 -64 ) 
4 742 749 (-2048 1024 -352 ) (-2048 1024 -512 ) (-2048 672 -512 ) (-2048 672 -352 ) 
4 742 748 (-2048 1024 -64 ) (-2048 1024 -352 ) (-2048 672 -352 ) (-2048 672 -64 ) 
4 742 746 (-2048 672 -512 ) (-2048 1024 -512 ) (-1024 1024 -512 ) (-1024 672 -512 ) 
4 742 743 (-1024 672 -352 ) (-1024 672 -64 ) (-2048 672 -64 ) (-2048 672 -352 ) 
4 743 748 (-2048 640 -352 ) (-2048 640 -64 ) (-2048 672 -64 ) (-2048 672 -352 ) 
4 743 744 (-1024 640 -352 ) (-1024 640 -64 ) (-2048 640 -64 ) (-2048 640 -352 ) 
4 744 750 (-2048 640 -512 ) (-2048 112 -512 ) (-2048 112 -352 ) (-2048 640 -352 ) 
4 744 748 (-2048 112 -352 ) (-2048 112 -64 ) (-2048 640 -64 ) (-2048 640 -352 ) 
4 744 745 (-2048 112 -512 ) (-1536 112 -512 ) (-1536 112 -64 ) (-2048 112 -64 ) 
4 745 759 (-1536 0 -64 ) (-2048 0 -64 ) (-2048 0 -512 ) (-1536 0 -512 ) 
4 745 750 (-2048 112 -512 ) (-2048 0 -512 ) (-2048 0 -352 ) (-2048 112 -352 ) 
4 745 748 (-2048 0 -352 ) (-2048 0 -64 ) (-2048 112 -64 ) (-2048 112 -352 ) 
4 746 752 (-2048 1024 -512 ) (-2048 1024 -1024 ) (-2048 640 -1024 ) (-2048 640 -512 ) 
4 746 747 (-2048 640 -1024 ) (-2048 1024 -1024 ) (-1024 1024 -1024 ) (-1024 640 -1024 ) 
4 747 760 (-1024 0 -14848 ) (-1024 0 -1024 ) (-2048 0 -1024 ) (-2048 0 -14848 ) 
4 747 754 (-2048 1024 -1024 ) (-2048 1024 -14848 ) (-2048 0 -14848 ) (-2048 0 -1024 ) 
4 748 770 (-3072 1024 13312 ) (-3072 1024 -352 ) (-3072 0 -352 ) (-3072 0 13312 ) 
4 748 765 (-2048 0 -352 ) (-2048 0 13312 ) (-2096 0 13312 ) (-2096 0 -352 ) 
4 748 766 (-2096 0 13312 ) (-3072 0 13312 ) (-3072 0 -352 ) (-2096 0 -352 ) 
4 748 749 (-2096 672 -352 ) (-2096 1024 -352 ) (-2048 1024 -352 ) (-2048 672 -352 ) 
4 748 750 (-2048 0 -352 ) (-2096 0 -352 ) (-2096 640 -352 ) (-2048 640 -352 ) 
4 748 751 (-2096 0 -352 ) (-3072 0 -352 ) (-3072 1024 -352 ) (-2096 1024 -352 ) 
4 749 752 (-2096 1024 -512 ) (-2048 1024 -512 ) (-2048 672 -512 ) (-2096 672 -512 ) 
4 749 751 (-2096 1024 -512 ) (-2096 672 -512 ) (-2096 672 -352 ) (-2096 1024 -352 ) 
4 750 765 (-2048 0 -512 ) (-2048 0 -352 ) (-2096 0 -352 ) (-2096 0 -512 ) 
4 750 751 (-2096 640 -512 ) (-2096 0 -512 ) (-2096 0 -352 ) (-2096 640 -352 ) 
4 751 770 (-3072 1024 -352 ) (-3072 1024 -512 ) (-3072 0 -512 ) (-3072 0 -352 ) 
4 751 766 (-2096 0 -352 ) (-3072 0 -352 ) (-3072 0 -512 ) (-2096 0 -512 ) 
4 751 753 (-3072 1024 -512 ) (-2096 1024 -512 ) (-2096 0 -512 ) (-3072 0 -512 ) 
4 752 754 (-2096 640 -1024 ) (-2096 1024 -1024 ) (-2048 1024 -1024 ) (-2048 640 -1024 ) 
4 752 753 (-2096 1024 -1024 ) (-2096 640 -1024 ) (-2096 640 -512 ) (-2096 1024 -512 ) 
4 753 770 (-3072 1024 -512 ) (-3072 1024 -1024 ) (-3072 0 -1024 ) (-3072 0 -512 ) 
4 753 766 (-2096 0 -512 ) (-3072 0 -512 ) (-3072 0 -1024 ) (-2096 0 -1024 ) 
4 753 754 (-2096 0 -1024 ) (-3072 0 -1024 ) (-3072 1024 -1024 ) (-2096 1024 -1024 ) 
4 754 770 (-3072 1024 -1024 ) (-3072 1024 -14848 ) (-3072 0 -14848 ) (-3072 0 -1024 ) 
4 754 769 (-2048 0 -14848 ) (-2048 0 -1024 ) (-3072 0 -1024 ) (-3072 0 -14848 ) 
4 755 776 (-1536 -1024 80 ) (-2048 -1024 80 ) (-2048 -1024 -48 ) (-1536 -1024 -48 ) 
4 755 775 (-1024 -1024 -48 ) (-1024 -1024 80 ) (-1536 -1024 80 ) (-1536 -1024 -48 ) 
4 755 774 (-1024 -1024 80 ) (-1024 -1024 13312 ) (-2048 -1024 13312 ) (-2048 -1024 80 ) 
4 755 767 (-2048 -896 -48 ) (-2048 -1024 -48 ) (-2048 -1024 13312 ) (-2048 -896 13312 ) 
4 755 765 (-2048 0 13312 ) (-2048 0 -48 ) (-2048 -896 -48 ) (-2048 -896 13312 ) 
4 755 756 (-1024 -752 -48 ) (-1024 -1024 -48 ) (-1536 -1024 -48 ) (-1536 -752 -48 ) 
4 755 757 (-2048 -1024 -48 ) (-2048 0 -48 ) (-1536 0 -48 ) (-1536 -1024 -48 ) 
4 756 775 (-1024 -1024 -64 ) (-1024 -1024 -48 ) (-1536 -1024 -48 ) (-1536 -1024 -64 ) 
4 756 761 (-1024 -1024 -64 ) (-1536 -1024 -64 ) (-1536 -896 -64 ) (-1024 -896 -64 ) 
4 756 758 (-1536 -896 -64 ) (-1536 -752 -64 ) (-1024 -752 -64 ) (-1024 -896 -64 ) 
4 756 757 (-1536 -752 -64 ) (-1536 -1024 -64 ) (-1536 -1024 -48 ) (-1536 -752 -48 ) 
4 757 776 (-1536 -1024 -48 ) (-2048 -1024 -48 ) (-2048 -1024 -64 ) (-1536 -1024 -64 ) 
4 757 767 (-2048 -896 -64 ) (-2048 -1024 -64 ) (-2048 -1024 -48 ) (-2048 -896 -48 ) 
4 757 765 (-2048 0 -48 ) (-2048 0 -64 ) (-2048 -896 -64 ) (-2048 -896 -48 ) 
4 757 762 (-1536 -1024 -64 ) (-1904 -1024 -64 ) (-1904 -896 -64 ) (-1536 -896 -64 ) 
4 757 763 (-1904 -1024 -64 ) (-2048 -1024 -64 ) (-2048 -896 -64 ) (-1904 -896 -64 ) 
4 757 759 (-2048 -896 -64 ) (-2048 0 -64 ) (-1536 0 -64 ) (-1536 -896 -64 ) 
4 758 761 (-1024 -896 -64 ) (-1536 -896 -64 ) (-1536 -896 -512 ) (-1024 -896 -512 ) 
4 758 759 (-1536 -720 -512 ) (-1536 -896 -512 ) (-1536 -896 -64 ) (-1536 -720 -64 ) 
4 759 765 (-2048 0 -64 ) (-2048 0 -512 ) (-2048 -896 -512 ) (-2048 -896 -64 ) 
4 759 762 (-1536 -896 -64 ) (-1904 -896 -64 ) (-1904 -896 -192 ) (-1536 -896 -192 ) 
4 759 763 (-1904 -896 -64 ) (-2048 -896 -64 ) (-2048 -896 -512 ) (-1904 -896 -512 ) 
4 760 769 (-2048 0 -1024 ) (-2048 0 -14848 ) (-2048 -896 -14848 ) (-2048 -896 -1024 ) 
4 760 764 (-2048 -896 -1024 ) (-2048 -896 -14848 ) (-1024 -896 -14848 ) (-1024 -896 -1024 ) 
4 761 793 (-1337.900146 -1024 -448 ) (-1536 -1024 -448 ) (-1536 -1024 -576 ) (-1337.900146 -1024 -576 ) 
4 761 792 (-1024 -1024 -576 ) (-1024 -1024 -448 ) (-1337.900146 -1024 -448 ) (-1337.900146 -1024 -576 ) 
4 761 789 (-1024 -1024 -448 ) (-1024 -1024 -192 ) (-1536 -1024 -192 ) (-1536 -1024 -448 ) 
4 761 775 (-1024 -1024 -192 ) (-1024 -1024 -64 ) (-1536 -1024 -64 ) (-1536 -1024 -192 ) 
4 761 762 (-1536 -896 -64 ) (-1536 -896 -192 ) (-1536 -1024 -192 ) (-1536 -1024 -64 ) 
4 762 776 (-1536 -1024 -64 ) (-1904 -1024 -64 ) (-1904 -1024 -192 ) (-1536 -1024 -192 ) 
4 762 763 (-1904 -896 -64 ) (-1904 -896 -192 ) (-1904 -1024 -192 ) (-1904 -1024 -64 ) 
4 763 795 (-2048 -1024 -192 ) (-2048 -1024 -576 ) (-1904 -1024 -576 ) (-1904 -1024 -192 ) 
4 763 776 (-1904 -1024 -64 ) (-2048 -1024 -64 ) (-2048 -1024 -192 ) (-1904 -1024 -192 ) 
4 763 767 (-2048 -1024 -576 ) (-2048 -1024 -64 ) (-2048 -896 -64 ) (-2048 -896 -576 ) 
4 764 797 (-1024 -1024 -14848 ) (-1024 -1024 -1024 ) (-2048 -1024 -1024 ) (-2048 -1024 -14848 ) 
4 764 769 (-2048 -1024 -14848 ) (-2048 -1024 -1024 ) (-2048 -896 -1024 ) (-2048 -896 -14848 ) 
4 765 767 (-2048 -896 -512 ) (-2048 -896 13312 ) (-2096 -896 13312 ) (-2096 -896 -512 ) 
4 765 766 (-2096 -896 -512 ) (-2096 -896 13312 ) (-2096 0 13312 ) (-2096 0 -512 ) 
4 766 772 (-3072 0 13312 ) (-3072 0 -1024 ) (-3072 -896 -1024 ) (-3072 -896 13312 ) 
4 766 769 (-2096 -896 -1024 ) (-3072 -896 -1024 ) (-3072 0 -1024 ) (-2096 0 -1024 ) 
4 766 768 (-3072 -896 13312 ) (-3072 -896 -1024 ) (-2096 -896 -1024 ) (-2096 -896 13312 ) 
4 767 808 (-2048 -1024 -576 ) (-2048 -1024 -192 ) (-2096 -1024 -192 ) (-2096 -1024 -576 ) 
4 767 798 (-2048 -1024 -192 ) (-2048 -1024 13312 ) (-2096 -1024 13312 ) (-2096 -1024 -192 ) 
4 767 768 (-2096 -1024 13312 ) (-2096 -896 13312 ) (-2096 -896 -576 ) (-2096 -1024 -576 ) 
4 768 812 (-3072 -1024 -576 ) (-3072 -1024 -1024 ) (-2096 -1024 -1024 ) (-2096 -1024 -576 ) 
4 768 808 (-2608 -1024 -576 ) (-2096 -1024 -576 ) (-2096 -1024 -192 ) (-2608 -1024 -192 ) 
4 768 810 (-3072 -1024 -192 ) (-3072 -1024 -576 ) (-2608 -1024 -576 ) (-2608 -1024 -192 ) 
4 768 804 (-2608 -1024 13312 ) (-2656 -1024 13312 ) (-2656 -1024 -192 ) (-2608 -1024 -192 ) 
4 768 807 (-2656 -1024 13312 ) (-3072 -1024 13312 ) (-3072 -1024 -192 ) (-2656 -1024 -192 ) 
4 768 798 (-2096 -1024 13312 ) (-2608 -1024 13312 ) (-2608 -1024 -192 ) (-2096 -1024 -192 ) 
4 768 772 (-3072 -1024 -1024 ) (-3072 -1024 13312 ) (-3072 -896 13312 ) (-3072 -896 -1024 ) 
4 768 769 (-2096 -1024 -1024 ) (-3072 -1024 -1024 ) (-3072 -896 -1024 ) (-2096 -896 -1024 ) 
4 769 811 (-2048 -1024 -14848 ) (-2048 -1024 -1024 ) (-2096 -1024 -1024 ) (-2096 -1024 -14848 ) 
4 769 812 (-2096 -1024 -1024 ) (-3072 -1024 -1024 ) (-3072 -1024 -14848 ) (-2096 -1024 -14848 ) 
4 769 772 (-3072 -1024 -14848 ) (-3072 -1024 -1024 ) (-3072 0 -1024 ) (-3072 0 -14848 ) 
4 770 772 (-3072 0 -14848 ) (-3072 0 13312 ) (-4096 0 13312 ) (-4096 0 -14848 ) 
4 770 771 (-4096 1024 13312 ) (-4096 1024 -14848 ) (-4096 0 -14848 ) (-4096 0 13312 ) 
4 771 856 (-5120 1024 13312 ) (-5120 1024 -14848 ) (-5120 0 -14848 ) (-5120 0 13312 ) 
4 771 773 (-4096 0 -14848 ) (-4096 0 13312 ) (-5120 0 13312 ) (-5120 0 -14848 ) 
4 772 852 (-3072 -1024 -14848 ) (-3072 -1024 13312 ) (-4096 -1024 13312 ) (-4096 -1024 -14848 ) 
4 772 773 (-4096 0 13312 ) (-4096 0 -14848 ) (-4096 -1024 -14848 ) (-4096 -1024 13312 ) 
4 773 858 (-5120 -1024 -14848 ) (-5120 -1024 13312 ) (-5120 0 13312 ) (-5120 0 -14848 ) 
4 773 853 (-4096 -1024 -14848 ) (-4096 -1024 13312 ) (-5120 -1024 13312 ) (-5120 -1024 -14848 ) 
4 774 826 (-1904 -2048 13312 ) (-2048 -2048 13312 ) (-2048 -2048 80 ) (-1904 -2048 80 ) 
4 774 814 (-1536 -2048 13312 ) (-1896 -2048 13312 ) (-1896 -2048 80 ) (-1536 -2048 80 ) 
4 774 813 (-1024 -2048 80 ) (-1024 -2048 13312 ) (-1536 -2048 13312 ) (-1536 -2048 80 ) 
4 774 817 (-1896 -2048 13312 ) (-1904 -2048 13312 ) (-1904 -2048 80 ) (-1896 -2048 80 ) 
4 774 799 (-2048 -1344 80 ) (-2048 -2048 80 ) (-2048 -2048 13312 ) (-2048 -1344 13312 ) 
4 774 798 (-2048 -1024 13312 ) (-2048 -1024 80 ) (-2048 -1344 80 ) (-2048 -1344 13312 ) 
4 774 788 (-2048 -2048 80 ) (-2048 -2042.769287 80 ) (-1904 -2042.769287 80 ) (-1904 -2048 80 ) 
4 774 786 (-1904 -2042.769287 80 ) (-1536 -2042.769287 80 ) (-1536 -2048 80 ) (-1904 -2048 80 ) 
4 774 782 (-2048 -1788 80 ) (-2048 -1728 80 ) (-1936 -1728 80 ) (-1936 -1788 80 ) 
4 774 781 (-2048 -2042.769287 80 ) (-2048 -1788 80 ) (-1936 -1788 80 ) (-1936 -2042.769287 80 ) 
4 774 779 (-1936 -1344 80 ) (-1536 -1344 80 ) (-1536 -2042.769287 80 ) (-1936 -2042.769287 80 ) 
4 774 777 (-1904 -1216 80 ) (-1536 -1216 80 ) (-1536 -1344 80 ) (-1904 -1344 80 ) 
4 774 778 (-2048 -1344 80 ) (-2048 -1216 80 ) (-1904 -1216 80 ) (-1904 -1344 80 ) 
4 774 776 (-2048 -1216 80 ) (-2048 -1024 80 ) (-1536 -1024 80 ) (-1536 -1216 80 ) 
4 774 775 (-1536 -1024 80 ) (-1024 -1024 80 ) (-1024 -2048 80 ) (-1536 -2048 80 ) 
4 775 821 (-1024 -2048 -192 ) (-1024 -2048 -56 ) (-1536 -2048 -56 ) (-1536 -2048 -192 ) 
4 775 818 (-1024 -2048 -56 ) (-1024 -2048 -40 ) (-1528 -2048 -40 ) (-1528 -2048 -56 ) 
4 775 813 (-1024 -2048 -40 ) (-1024 -2048 80 ) (-1536 -2048 80 ) (-1536 -2048 -40 ) 
4 775 790 (-1536 -1920 -192 ) (-1536 -1536 -192 ) (-1024 -1536 -192 ) (-1024 -1920 -192 ) 
4 775 789 (-1536 -1536 -192 ) (-1536 -1024 -192 ) (-1024 -1024 -192 ) (-1024 -1536 -192 ) 
4 775 791 (-1024 -2048 -192 ) (-1536 -2048 -192 ) (-1536 -1920 -192 ) (-1024 -1920 -192 ) 
4 775 786 (-1536 -1969.538574 -192 ) (-1536 -2048 -192 ) (-1536 -2048 80 ) (-1536 -2042.769287 80 ) 
4 775 783 (-1536 -1472 -192 ) (-1536 -1969.538574 -192 ) (-1536 -1995.384766 -96 ) (-1536 -1472 -96 ) 
4 775 779 (-1536 -1995.384766 -96 ) (-1536 -2042.769287 80 ) (-1536 -1344 80 ) (-1536 -1344 -96 ) 
4 775 777 (-1536 -1344 -96 ) (-1536 -1344 80 ) (-1536 -1216 80 ) (-1536 -1216 -96 ) 
4 775 776 (-1536 -1024 -192 ) (-1536 -1216 -192 ) (-1536 -1216 80 ) (-1536 -1024 80 ) 
4 776 798 (-2048 -1024 80 ) (-2048 -1024 -192 ) (-2048 -1216 -192 ) (-2048 -1216 80 ) 
4 776 795 (-2048 -1216 -192 ) (-2048 -1024 -192 ) (-1904 -1024 -192 ) (-1904 -1216 -192 ) 
4 776 777 (-1536 -1216 -96 ) (-1536 -1216 80 ) (-1904 -1216 80 ) (-1904 -1216 -96 ) 
4 776 778 (-2048 -1216 -192 ) (-1904 -1216 -192 ) (-1904 -1216 80 ) (-2048 -1216 80 ) 
3 777 780 (-1872 -1344 -96 ) (-1867.555542 -1344 -96 ) (-1880 -1344 -63.998741 ) 
5 777 779 (-1536 -1344 -96 ) (-1536 -1344 80 ) (-1904 -1344 80 ) (-1904 -1344 -2.285583 ) (-1867.555542 -1344 -96 ) 
4 777 778 (-1904 -1216 80 ) (-1904 -1216 -96 ) (-1904 -1344 -96 ) (-1904 -1344 80 ) 
4 778 798 (-2048 -1216 -192 ) (-2048 -1344 -192 ) (-2048 -1344 80 ) (-2048 -1216 80 ) 
4 778 795 (-2048 -1344 -192 ) (-2048 -1216 -192 ) (-1904 -1216 -192 ) (-1904 -1344 -192 ) 
3 778 779 (-1904 -1344 -2.285583 ) (-1904 -1344 80 ) (-1936 -1344 80 ) 
4 779 788 (-1904 -2042.768799 80 ) (-1936 -2042.768799 80 ) (-1920.444458 -2032 40 ) (-1904 -2032 40 ) 
5 779 786 (-1536 -1995.384277 -96 ) (-1536 -2042.768799 80 ) (-1904 -2042.768799 80 ) (-1904 -2020.614990 -2.285698 ) (-1867.555542 -1995.384277 -96 ) 
4 779 783 (-1536 -1995.385742 -96 ) (-1867.555542 -1995.385742 -96 ) (-1867.555542 -1472 -96 ) (-1536 -1472 -96 ) 
4 779 782 (-1880.001831 -1823.995361 -63.993092 ) (-1880.001831 -1823.998291 -63.993092 ) (-1935.998779 -1788 80 ) (-1935.998657 -1728 80 ) 
4 779 781 (-1880.001831 -1823.998291 -63.993092 ) (-1880.001709 -2004.001953 -63.993492 ) (-1936 -2042.769409 80 ) (-1935.998779 -1788 80 ) 
4 779 780 (-1880.002075 -1344 -63.992020 ) (-1867.554688 -1344 -96 ) (-1867.554688 -1995.384766 -96 ) (-1880.001709 -2004.001953 -63.993492 ) 
3 780 786 (-1872 -1995.384277 -96 ) (-1867.555542 -1995.384277 -96 ) (-1880 -2004 -63.998928 ) 
4 780 783 (-1867.555542 -1995.385742 -96 ) (-1872 -1995.385742 -96 ) (-1872 -1472 -96 ) (-1867.555542 -1472 -96 ) 
4 780 781 (-1872 -1832 -96 ) (-1872 -1995.384644 -96 ) (-1879.996582 -2003.996094 -64.011719 ) (-1879.996582 -1824.002930 -64.011719 ) 
3 781 801 (-2048 -2004 -64.001289 ) (-2048 -2042.769287 80 ) (-2048 -2026.499878 80 ) 
5 781 800 (-2048 -1995.384766 -96 ) (-2048 -2004 -64.001289 ) (-2048 -2026.499878 80 ) (-2048 -1788 80 ) (-2048 -1832 -96 ) 
4 781 788 (-1936 -2042.768799 80 ) (-2048 -2042.768799 80 ) (-2048 -2032 40 ) (-1920.444458 -2032 40 ) 
4 781 787 (-2048 -2004 -63.996918 ) (-2048 -1995.384277 -96 ) (-1904 -1995.384277 -96 ) (-1904 -2004 -63.996750 ) 
4 781 786 (-1904 -1995.384277 -96 ) (-1872 -1995.384277 -96 ) (-1880 -2004 -63.998928 ) (-1904 -2020.614990 -2.285641 ) 
4 781 785 (-1904 -1995.385742 -96 ) (-2048 -1995.385742 -96 ) (-2048 -1832 -96 ) (-1904 -1832 -96 ) 
4 781 784 (-1872 -1995.385742 -96 ) (-1904 -1995.385742 -96 ) (-1904 -1832 -96 ) (-1872 -1832 -96 ) 
5 781 782 (-1935.998169 -1788 80 ) (-1880.005859 -1823.995117 -63.980469 ) (-1880 -1824 -64 ) (-2048 -1824 -64 ) (-2048 -1788 80 ) 
3 782 803 (-2048 -1788 80 ) (-2048 -1728 80 ) (-2048 -1824 -64 ) 
4 783 786 (-1848 -1969.538086 -192 ) (-1536 -1969.538086 -192 ) (-1536 -1995.384277 -96 ) (-1872 -1995.384277 -96 ) 
4 783 784 (-1848 -1856 -192 ) (-1848 -1969.536743 -192 ) (-1872 -1995.382813 -96 ) (-1872 -1832 -96 ) 
4 784 786 (-1904 -1969.538086 -192 ) (-1848 -1969.538086 -192 ) (-1872 -1995.384277 -96 ) (-1904 -1995.384277 -96 ) 
4 784 785 (-1904 -1995.386719 -96 ) (-1904 -1832 -96 ) (-1904 -1856 -192 ) (-1904 -1969.540527 -192 ) 
4 785 800 (-2048 -1856 -192 ) (-2048 -1969.538574 -192 ) (-2048 -1995.384766 -96 ) (-2048 -1832 -96 ) 
4 785 787 (-2048 -1969.538086 -192 ) (-1904 -1969.538086 -192 ) (-1904 -1995.384277 -96 ) (-2048 -1995.384277 -96 ) 
4 786 822 (-1904 -2048 -56 ) (-1904 -2048 -192 ) (-1536 -2048 -192 ) (-1536 -2048 -56 ) 
4 786 820 (-1904 -2048 -40 ) (-1904 -2048 -56 ) (-1896 -2048 -56 ) (-1896 -2048 -40 ) 
4 786 815 (-1896 -2048 72 ) (-1896 -2048 -40 ) (-1536 -2048 -40 ) (-1536 -2048 72 ) 
4 786 814 (-1536 -2048 80 ) (-1896 -2048 80 ) (-1896 -2048 72 ) (-1536 -2048 72 ) 
4 786 817 (-1896 -2048 80 ) (-1904 -2048 80 ) (-1904 -2048 -40 ) (-1896 -2048 -40 ) 
4 786 788 (-1904 -2042.769531 80 ) (-1904 -2032 40 ) (-1904 -2048 40.774185 ) (-1904 -2048 80 ) 
3 786 787 (-1904 -2004 -64.002640 ) (-1904 -1969.538696 -192 ) (-1904 -1984 -192 ) 
3 787 800 (-2048 -1969.538574 -192 ) (-2048 -1984 -192 ) (-2048 -2004 -64.001022 ) 
4 788 826 (-1904 -2048 80 ) (-2048 -2048 80 ) (-2048 -2048 40.774193 ) (-1904 -2048 40.774185 ) 
4 788 802 (-2048 -2048 40.774185 ) (-2048 -2048 80 ) (-2048 -2042.769287 80 ) (-2048 -2032 40 ) 
4 789 793 (-1536 -1536 -448 ) (-1536 -1024 -448 ) (-1337.900146 -1024 -448 ) (-1337.900146 -1536 -448 ) 
4 789 792 (-1337.900146 -1024 -448 ) (-1024 -1024 -448 ) (-1024 -1536 -448 ) (-1337.900146 -1536 -448 ) 
5 789 790 (-1536 -1536 -192 ) (-1536 -1536 -392 ) (-1328 -1536 -448 ) (-1024 -1536 -448 ) (-1024 -1536 -192 ) 
4 790 792 (-1328 -1536 -448 ) (-1024 -1536 -448 ) (-1024 -1920 -448 ) (-1328 -1920 -448 ) 
5 790 791 (-1536 -1920 -192 ) (-1536 -1920 -392 ) (-1328 -1920 -448 ) (-1024 -1920 -448 ) (-1024 -1920 -192 ) 
4 791 828 (-1024 -2048 -448 ) (-1024 -2048 -192 ) (-1536 -2048 -192 ) (-1536 -2048 -448 ) 
4 791 794 (-1536 -2048 -448 ) (-1536 -1920 -448 ) (-1337.900146 -1920 -448 ) (-1337.900146 -2048 -448 ) 
4 791 792 (-1337.900146 -1920 -448 ) (-1024 -1920 -448 ) (-1024 -2048 -448 ) (-1337.900146 -2048 -448 ) 
4 792 828 (-1024 -2048 -576 ) (-1024 -2048 -448 ) (-1337.900146 -2048 -448 ) (-1337.900146 -2048 -576 ) 
4 792 793 (-1337.900146 -1024 -576 ) (-1337.900146 -1536 -576 ) (-1337.900146 -1536 -448 ) (-1337.900146 -1024 -448 ) 
4 792 794 (-1337.900146 -1920 -576 ) (-1337.900146 -2048 -576 ) (-1337.900146 -2048 -448 ) (-1337.900146 -1920 -448 ) 
4 794 828 (-1337.900146 -2048 -448 ) (-1536 -2048 -448 ) (-1536 -2048 -576 ) (-1337.900146 -2048 -576 ) 
4 795 808 (-2048 -1024 -192 ) (-2048 -1024 -576 ) (-2048 -1856 -576 ) (-2048 -1856 -192 ) 
4 796 829 (-1904 -2048 -192 ) (-2048 -2048 -192 ) (-2048 -2048 -576 ) (-1904 -2048 -576 ) 
4 796 809 (-2048 -1984 -576 ) (-2048 -2048 -576 ) (-2048 -2048 -192 ) (-2048 -1984 -192 ) 
4 797 844 (-1024 -2048 -14848 ) (-1024 -2048 -1024 ) (-2048 -2048 -1024 ) (-2048 -2048 -14848 ) 
4 797 811 (-2048 -1024 -1024 ) (-2048 -1024 -14848 ) (-2048 -2048 -14848 ) (-2048 -2048 -1024 ) 
4 798 808 (-2608 -1024 -192 ) (-2048 -1024 -192 ) (-2048 -1344 -192 ) (-2608 -1344 -192 ) 
4 798 804 (-2608 -1024 13312 ) (-2608 -1024 -192 ) (-2608 -1344 -192 ) (-2608 -1344 13312 ) 
4 798 799 (-2608 -1344 13312 ) (-2608 -1344 80 ) (-2048 -1344 80 ) (-2048 -1344 13312 ) 
4 799 845 (-2048 -2048 80 ) (-2048 -2048 13312 ) (-2608 -2048 13312 ) (-2608 -2048 80 ) 
4 799 805 (-2608 -2024 13312 ) (-2608 -1768 13312 ) (-2608 -1768 80 ) (-2608 -2024 80 ) 
4 799 804 (-2608 -1768 13312 ) (-2608 -1344 13312 ) (-2608 -1344 80 ) (-2608 -1768 80 ) 
4 799 806 (-2608 -2048 80 ) (-2608 -2048 13312 ) (-2608 -2024 13312 ) (-2608 -2024 80 ) 
4 799 803 (-2608 -1788 80 ) (-2608 -1728 80 ) (-2048 -1728 80 ) (-2048 -1788 80 ) 
4 799 802 (-2048 -2048 80 ) (-2608 -2048 80 ) (-2608 -2042.769287 80 ) (-2048 -2042.769287 80 ) 
4 799 801 (-2608 -2042.769287 80 ) (-2608 -2026.500000 80 ) (-2048 -2026.500000 80 ) (-2048 -2042.769287 80 ) 
4 799 800 (-2608 -2026.500000 80 ) (-2608 -1788 80 ) (-2048 -1788 80 ) (-2048 -2026.500000 80 ) 
5 800 805 (-2608 -2017.750000 24 ) (-2608 -2024 64 ) (-2608 -2024 80 ) (-2608 -1788 80 ) (-2608 -1802 24 ) 
3 800 806 (-2608 -2024 64 ) (-2608 -2026.500000 80 ) (-2608 -2024 80 ) 
4 800 803 (-2608 -1824 -64 ) (-2608 -1788 80 ) (-2048 -1788 80 ) (-2048 -1824 -64 ) 
4 800 801 (-2048 -2026.499512 80 ) (-2608 -2026.499512 80 ) (-2608 -2003.998779 -64.004807 ) (-2048 -2003.998779 -64.004807 ) 
3 801 805 (-2608 -2024 64 ) (-2608 -2017.750000 24 ) (-2608 -2024 24 ) 
4 801 806 (-2608 -2042.769287 80 ) (-2608 -2026.500000 80 ) (-2608 -2024 64 ) (-2608 -2024 10.285439 ) 
4 801 802 (-2048 -2032 40 ) (-2048 -2042.769409 80 ) (-2608 -2042.769409 80 ) (-2608 -2032 40 ) 
4 802 845 (-2048 -2048 40.774185 ) (-2048 -2048 80 ) (-2608 -2048 80 ) (-2608 -2048 40.774193 ) 
4 802 806 (-2608 -2048 40.774185 ) (-2608 -2048 80 ) (-2608 -2042.769287 80 ) (-2608 -2032 40 ) 
4 803 805 (-2608 -1802 24 ) (-2608 -1788 80 ) (-2608 -1768 80 ) (-2608 -1768 24 ) 
3 803 804 (-2608 -1768 80 ) (-2608 -1728 80 ) (-2608 -1768 20 ) 
4 804 810 (-2656 -1024 -192 ) (-2608 -1024 -192 ) (-2608 -1768 -192 ) (-2656 -1768 -192 ) 
4 804 805 (-2656 -1768 13312 ) (-2656 -1768 24 ) (-2608 -1768 24 ) (-2608 -1768 13312 ) 
4 804 807 (-2656 -1024 -192 ) (-2656 -1768 -192 ) (-2656 -1768 13312 ) (-2656 -1024 13312 ) 
4 805 807 (-2656 -2024 24 ) (-2656 -2024 13312 ) (-2656 -1768 13312 ) (-2656 -1768 24 ) 
4 805 806 (-2656 -2024 13312 ) (-2656 -2024 24 ) (-2608 -2024 24 ) (-2608 -2024 13312 ) 
4 806 848 (-2656 -2048 -192 ) (-2608 -2048 -192 ) (-2608 -2048 13312 ) (-2656 -2048 13312 ) 
4 806 810 (-2608 -2024 -192 ) (-2608 -2048 -192 ) (-2656 -2048 -192 ) (-2656 -2024 -192 ) 
4 806 807 (-2656 -2024 -192 ) (-2656 -2048 -192 ) (-2656 -2048 13312 ) (-2656 -2024 13312 ) 
4 807 852 (-3072 -1024 13312 ) (-3072 -1024 -192 ) (-3072 -2048 -192 ) (-3072 -2048 13312 ) 
4 807 848 (-3072 -2048 13312 ) (-3072 -2048 -192 ) (-2656 -2048 -192 ) (-2656 -2048 13312 ) 
4 807 810 (-3072 -1024 -192 ) (-2656 -1024 -192 ) (-2656 -2048 -192 ) (-3072 -2048 -192 ) 
4 808 812 (-2608 -1856 -576 ) (-2608 -1024 -576 ) (-2096 -1024 -576 ) (-2096 -1856 -576 ) 
4 808 810 (-2608 -1024 -576 ) (-2608 -1856 -576 ) (-2608 -1856 -192 ) (-2608 -1024 -192 ) 
4 809 846 (-2048 -2048 -576 ) (-2048 -2048 -192 ) (-2608 -2048 -192 ) (-2608 -2048 -576 ) 
4 809 812 (-2096 -2048 -576 ) (-2608 -2048 -576 ) (-2608 -1984 -576 ) (-2096 -1984 -576 ) 
4 809 810 (-2608 -1984 -576 ) (-2608 -2048 -576 ) (-2608 -2048 -192 ) (-2608 -1984 -192 ) 
4 810 852 (-3072 -1024 -192 ) (-3072 -1024 -576 ) (-3072 -2048 -576 ) (-3072 -2048 -192 ) 
4 810 848 (-2608 -2048 -192 ) (-3072 -2048 -192 ) (-3072 -2048 -576 ) (-2608 -2048 -576 ) 
4 810 812 (-2608 -2048 -576 ) (-3072 -2048 -576 ) (-3072 -1024 -576 ) (-2608 -1024 -576 ) 
4 811 851 (-2048 -2048 -14848 ) (-2048 -2048 -1024 ) (-2096 -2048 -1024 ) (-2096 -2048 -14848 ) 
4 811 812 (-2096 -1024 -14848 ) (-2096 -2048 -14848 ) (-2096 -2048 -1024 ) (-2096 -1024 -1024 ) 
4 812 852 (-3072 -1024 -576 ) (-3072 -1024 -14848 ) (-3072 -2048 -14848 ) (-3072 -2048 -576 ) 
4 812 851 (-3072 -2048 -1024 ) (-3072 -2048 -14848 ) (-2096 -2048 -14848 ) (-2096 -2048 -1024 ) 
4 812 850 (-2096 -2048 -576 ) (-3072 -2048 -576 ) (-3072 -2048 -1024 ) (-2096 -2048 -1024 ) 
4 813 872 (-1024 -3072 -40 ) (-1024 -3072 13312 ) (-1536 -3072 13312 ) (-1536 -3072 -40 ) 
4 813 819 (-1528 -2592 -40 ) (-1528 -3072 -40 ) (-1536 -3072 -40 ) (-1536 -2592 -40 ) 
4 813 818 (-1528 -2048 -40 ) (-1024 -2048 -40 ) (-1024 -3072 -40 ) (-1528 -3072 -40 ) 
4 813 815 (-1536 -2048 -40 ) (-1536 -2064 -40 ) (-1536 -2096 72 ) (-1536 -2048 72 ) 
4 813 814 (-1536 -2592 72 ) (-1536 -2592 13312 ) (-1536 -2048 13312 ) (-1536 -2048 72 ) 
4 813 816 (-1536 -2592 -40 ) (-1536 -3072 -40 ) (-1536 -3072 13312 ) (-1536 -2592 13312 ) 
4 814 815 (-1896 -2096 72 ) (-1896 -2048 72 ) (-1536 -2048 72 ) (-1536 -2096 72 ) 
4 814 816 (-1896 -2592 13312 ) (-1896 -2592 72 ) (-1536 -2592 72 ) (-1536 -2592 13312 ) 
4 814 817 (-1896 -2592 72 ) (-1896 -2592 13312 ) (-1896 -2048 13312 ) (-1896 -2048 72 ) 
4 815 817 (-1896 -2048 -40 ) (-1896 -2064 -40 ) (-1896 -2096 72 ) (-1896 -2048 72 ) 
4 816 872 (-1536 -3072 13312 ) (-1680 -3072 13312 ) (-1680 -3072 -40 ) (-1536 -3072 -40 ) 
4 816 874 (-1680 -3072 13312 ) (-1896 -3072 13312 ) (-1896 -3072 -40 ) (-1680 -3072 -40 ) 
4 816 819 (-1536 -2592 -40 ) (-1536 -3072 -40 ) (-1896 -3072 -40 ) (-1896 -2592 -40 ) 
4 816 817 (-1896 -2592 -40 ) (-1896 -3072 -40 ) (-1896 -3072 13312 ) (-1896 -2592 13312 ) 
4 817 874 (-1896 -3072 13312 ) (-1904 -3072 13312 ) (-1904 -3072 -40 ) (-1896 -3072 -40 ) 
4 817 826 (-1904 -2048 13312 ) (-1904 -2048 40.773438 ) (-1904 -2528 64 ) (-1904 -2528 13312 ) 
4 817 827 (-1904 -2528 -40 ) (-1904 -3072 -40 ) (-1904 -3072 13312 ) (-1904 -2528 13312 ) 
4 817 820 (-1904 -3072 -40 ) (-1904 -2048 -40 ) (-1896 -2048 -40 ) (-1896 -3072 -40 ) 
4 818 872 (-1024 -3072 -56 ) (-1024 -3072 -40 ) (-1528 -3072 -40 ) (-1528 -3072 -56 ) 
4 818 824 (-1024 -3072 -56 ) (-1528 -3072 -56 ) (-1528 -2624 -56 ) (-1024 -2624 -56 ) 
4 818 823 (-1528 -2624 -56 ) (-1528 -2592 -56 ) (-1024 -2592 -56 ) (-1024 -2624 -56 ) 
4 818 821 (-1528 -2592 -56 ) (-1528 -2048 -56 ) (-1024 -2048 -56 ) (-1024 -2592 -56 ) 
4 818 819 (-1528 -2592 -56 ) (-1528 -3072 -56 ) (-1528 -3072 -40 ) (-1528 -2592 -40 ) 
4 819 872 (-1528 -3072 -40 ) (-1680 -3072 -40 ) (-1680 -3072 -56 ) (-1528 -3072 -56 ) 
4 819 874 (-1680 -3072 -40 ) (-1896 -3072 -40 ) (-1896 -3072 -56 ) (-1680 -3072 -56 ) 
4 819 824 (-1528 -3072 -56 ) (-1680 -3072 -56 ) (-1680 -2624 -56 ) (-1528 -2624 -56 ) 
4 819 823 (-1680 -2624 -56 ) (-1680 -2592 -56 ) (-1528 -2592 -56 ) (-1528 -2624 -56 ) 
4 819 825 (-1680 -3072 -56 ) (-1896 -3072 -56 ) (-1896 -2592 -56 ) (-1680 -2592 -56 ) 
4 819 820 (-1896 -2592 -56 ) (-1896 -3072 -56 ) (-1896 -3072 -40 ) (-1896 -2592 -40 ) 
4 820 874 (-1896 -3072 -40 ) (-1904 -3072 -40 ) (-1904 -3072 -56 ) (-1896 -3072 -56 ) 
4 820 827 (-1904 -2528 -56 ) (-1904 -3072 -56 ) (-1904 -3072 -40 ) (-1904 -2528 -40 ) 
4 820 825 (-1896 -3072 -56 ) (-1904 -3072 -56 ) (-1904 -2592 -56 ) (-1896 -2592 -56 ) 
4 820 822 (-1904 -2064 -56 ) (-1904 -2048 -56 ) (-1896 -2048 -56 ) (-1896 -2064 -56 ) 
4 821 831 (-1024 -2520 -192 ) (-1024 -2592 -192 ) (-1536 -2592 -192 ) (-1536 -2520 -192 ) 
4 821 830 (-1024 -2432 -192 ) (-1024 -2520 -192 ) (-1536 -2520 -192 ) (-1536 -2432 -192 ) 
4 821 828 (-1536 -2048 -192 ) (-1024 -2048 -192 ) (-1024 -2432 -192 ) (-1536 -2432 -192 ) 
4 821 823 (-1024 -2592 -56 ) (-1536 -2592 -56 ) (-1536 -2592 -192 ) (-1024 -2592 -192 ) 
4 821 822 (-1536 -2048 -192 ) (-1536 -2064 -192 ) (-1536 -2064 -56 ) (-1536 -2048 -56 ) 
4 823 831 (-1680 -2624 -192 ) (-1680 -2592 -192 ) (-1024 -2592 -192 ) (-1024 -2624 -192 ) 
4 823 824 (-1680 -2624 -56 ) (-1680 -2624 -128 ) (-1024 -2624 -128 ) (-1024 -2624 -56 ) 
4 823 825 (-1680 -2592 -56 ) (-1680 -2592 -192 ) (-1680 -2624 -192 ) (-1680 -2624 -56 ) 
4 824 872 (-1024 -3072 -128 ) (-1024 -3072 -56 ) (-1680 -3072 -56 ) (-1680 -3072 -128 ) 
4 824 825 (-1680 -3072 -128 ) (-1680 -3072 -56 ) (-1680 -2624 -56 ) (-1680 -2624 -128 ) 
4 825 874 (-1680 -3072 -56 ) (-1904 -3072 -56 ) (-1904 -3072 -192 ) (-1680 -3072 -192 ) 
4 825 832 (-1680 -3072 -192 ) (-1904 -3072 -192 ) (-1904 -2592 -192 ) (-1680 -2592 -192 ) 
4 825 827 (-1904 -2592 -192 ) (-1904 -3072 -192 ) (-1904 -3072 -56 ) (-1904 -2592 -56 ) 
4 826 845 (-2048 -2048 13312 ) (-2048 -2048 40.774414 ) (-2048 -2528 64 ) (-2048 -2528 13312 ) 
4 826 827 (-1904 -2528 64 ) (-1904 -2528 13312 ) (-2048 -2528 13312 ) (-2048 -2528 64 ) 
4 827 874 (-2048 -3072 13312 ) (-2048 -3072 -192 ) (-1904 -3072 -192 ) (-1904 -3072 13312 ) 
4 827 847 (-2048 -2528 -192 ) (-2048 -3072 -192 ) (-2048 -3072 13312 ) (-2048 -2528 13312 ) 
4 827 843 (-1904 -3072 -192 ) (-2048 -3072 -192 ) (-2048 -2528 -192 ) (-1904 -2528 -192 ) 
4 828 833 (-1024 -2432 -576 ) (-1024 -2432 -512 ) (-1536 -2432 -512 ) (-1536 -2432 -576 ) 
4 828 830 (-1024 -2432 -512 ) (-1024 -2432 -192 ) (-1536 -2432 -192 ) (-1536 -2432 -512 ) 
4 829 846 (-2048 -2048 -192 ) (-2048 -2048 -576 ) (-2048 -2432 -576 ) (-2048 -2432 -192 ) 
4 829 843 (-1904 -2432 -192 ) (-2048 -2432 -192 ) (-2048 -2432 -576 ) (-1904 -2432 -576 ) 
4 830 833 (-1536 -2432 -512 ) (-1024 -2432 -512 ) (-1024 -2520 -512 ) (-1536 -2520 -512 ) 
4 830 831 (-1536 -2520 -512 ) (-1024 -2520 -512 ) (-1024 -2520 -192 ) (-1536 -2520 -192 ) 
4 831 839 (-1680 -2624 -512 ) (-1680 -2520 -512 ) (-1536 -2520 -512 ) (-1536 -2624 -512 ) 
4 831 833 (-1536 -2520 -512 ) (-1024 -2520 -512 ) (-1024 -2624 -512 ) (-1536 -2624 -512 ) 
4 831 832 (-1680 -2520 -192 ) (-1680 -2520 -512 ) (-1680 -2624 -512 ) (-1680 -2624 -192 ) 
4 832 874 (-1680 -3072 -192 ) (-1904 -3072 -192 ) (-1904 -3072 -512 ) (-1680 -3072 -512 ) 
4 832 842 (-1680 -3072 -512 ) (-1904 -3072 -512 ) (-1904 -2520 -512 ) (-1680 -2520 -512 ) 
4 832 843 (-1904 -2520 -512 ) (-1904 -3072 -512 ) (-1904 -3072 -192 ) (-1904 -2520 -192 ) 
4 833 839 (-1536 -2816 -512 ) (-1536 -2520 -512 ) (-1536 -2520 -768 ) (-1536 -2816 -768 ) 
4 833 836 (-1536 -2432 -576 ) (-1536 -2432 -768 ) (-1536 -2520 -768 ) (-1536 -2520 -576 ) 
4 833 835 (-1536 -2816 -512 ) (-1536 -2816 -768 ) (-1024 -2816 -768 ) (-1024 -2816 -512 ) 
4 833 834 (-1024 -2816 -768 ) (-1536 -2816 -768 ) (-1536 -2432 -768 ) (-1024 -2432 -768 ) 
4 834 844 (-1536 -2432 -1024 ) (-1024 -2432 -1024 ) (-1024 -2816 -1024 ) (-1536 -2816 -1024 ) 
4 834 840 (-1536 -2520 -1024 ) (-1536 -2816 -1024 ) (-1536 -2816 -768 ) (-1536 -2520 -768 ) 
4 834 837 (-1536 -2432 -768 ) (-1536 -2432 -1024 ) (-1536 -2520 -1024 ) (-1536 -2520 -768 ) 
4 834 835 (-1536 -2816 -768 ) (-1536 -2816 -1024 ) (-1024 -2816 -1024 ) (-1024 -2816 -768 ) 
4 835 875 (-1024 -3072 -1024 ) (-1024 -3072 -512 ) (-1536 -3072 -512 ) (-1536 -3072 -1024 ) 
4 835 844 (-1024 -2816 -1024 ) (-1024 -3072 -1024 ) (-1536 -3072 -1024 ) (-1536 -2816 -1024 ) 
4 835 841 (-1536 -3072 -512 ) (-1536 -2816 -512 ) (-1536 -2816 -1024 ) (-1536 -3072 -1024 ) 
4 836 839 (-1536 -2520 -768 ) (-1536 -2520 -576 ) (-1680 -2520 -576 ) (-1680 -2520 -768 ) 
4 836 838 (-1680 -2520 -768 ) (-1680 -2520 -576 ) (-1680 -2432 -576 ) (-1680 -2432 -768 ) 
4 836 837 (-1536 -2520 -768 ) (-1680 -2520 -768 ) (-1680 -2432 -768 ) (-1536 -2432 -768 ) 
4 837 844 (-1680 -2432 -1024 ) (-1536 -2432 -1024 ) (-1536 -2520 -1024 ) (-1680 -2520 -1024 ) 
4 837 840 (-1536 -2520 -1024 ) (-1536 -2520 -768 ) (-1680 -2520 -768 ) (-1680 -2520 -1024 ) 
4 837 838 (-1680 -2520 -1024 ) (-1680 -2520 -768 ) (-1680 -2432 -768 ) (-1680 -2432 -1024 ) 
4 838 844 (-1904 -2432 -1024 ) (-1680 -2432 -1024 ) (-1680 -2520 -1024 ) (-1904 -2520 -1024 ) 
4 838 842 (-1680 -2520 -576 ) (-1904 -2520 -576 ) (-1904 -2520 -1024 ) (-1680 -2520 -1024 ) 
4 838 843 (-1904 -2432 -576 ) (-1904 -2432 -1024 ) (-1904 -2520 -1024 ) (-1904 -2520 -576 ) 
4 839 841 (-1680 -2816 -512 ) (-1680 -2816 -768 ) (-1536 -2816 -768 ) (-1536 -2816 -512 ) 
4 839 842 (-1680 -2520 -512 ) (-1680 -2520 -768 ) (-1680 -2816 -768 ) (-1680 -2816 -512 ) 
4 839 840 (-1536 -2816 -768 ) (-1680 -2816 -768 ) (-1680 -2520 -768 ) (-1536 -2520 -768 ) 
4 840 844 (-1536 -2520 -1024 ) (-1536 -2816 -1024 ) (-1680 -2816 -1024 ) (-1680 -2520 -1024 ) 
4 840 841 (-1680 -2816 -768 ) (-1680 -2816 -1024 ) (-1536 -2816 -1024 ) (-1536 -2816 -768 ) 
4 840 842 (-1680 -2520 -768 ) (-1680 -2520 -1024 ) (-1680 -2816 -1024 ) (-1680 -2816 -768 ) 
4 841 875 (-1536 -3072 -512 ) (-1680 -3072 -512 ) (-1680 -3072 -1024 ) (-1536 -3072 -1024 ) 
4 841 844 (-1536 -2816 -1024 ) (-1536 -3072 -1024 ) (-1680 -3072 -1024 ) (-1680 -2816 -1024 ) 
4 841 842 (-1680 -2816 -1024 ) (-1680 -3072 -1024 ) (-1680 -3072 -512 ) (-1680 -2816 -512 ) 
4 842 875 (-1680 -3072 -512 ) (-1904 -3072 -512 ) (-1904 -3072 -1024 ) (-1680 -3072 -1024 ) 
4 842 844 (-1680 -3072 -1024 ) (-1904 -3072 -1024 ) (-1904 -2520 -1024 ) (-1680 -2520 -1024 ) 
4 842 843 (-1904 -2520 -1024 ) (-1904 -3072 -1024 ) (-1904 -3072 -512 ) (-1904 -2520 -512 ) 
4 843 875 (-2048 -3072 -512 ) (-2048 -3072 -1024 ) (-1904 -3072 -1024 ) (-1904 -3072 -512 ) 
4 843 874 (-1904 -3072 -192 ) (-2048 -3072 -192 ) (-2048 -3072 -512 ) (-1904 -3072 -512 ) 
4 843 849 (-2048 -2432 -1024 ) (-2048 -3072 -1024 ) (-2048 -3072 -576 ) (-2048 -2432 -576 ) 
4 843 846 (-2048 -2528 -192 ) (-2048 -2432 -192 ) (-2048 -2432 -576 ) (-2048 -2528 -576 ) 
4 843 847 (-2048 -3072 -576 ) (-2048 -3072 -192 ) (-2048 -2528 -192 ) (-2048 -2528 -576 ) 
4 843 844 (-2048 -3072 -1024 ) (-2048 -2432 -1024 ) (-1904 -2432 -1024 ) (-1904 -3072 -1024 ) 
4 844 875 (-1024 -3072 -14848 ) (-1024 -3072 -1024 ) (-2048 -3072 -1024 ) (-2048 -3072 -14848 ) 
4 844 851 (-2048 -2048 -1024 ) (-2048 -2048 -14848 ) (-2048 -3072 -14848 ) (-2048 -3072 -1024 ) 
4 845 848 (-2608 -2528 64 ) (-2608 -2528 13312 ) (-2608 -2048 13312 ) (-2608 -2048 40.774414 ) 
4 845 847 (-2608 -2528 13312 ) (-2608 -2528 64 ) (-2048 -2528 64 ) (-2048 -2528 13312 ) 
4 846 849 (-2048 -2432 -576 ) (-2048 -2528 -576 ) (-2096 -2528 -576 ) (-2096 -2432 -576 ) 
4 846 850 (-2096 -2528 -576 ) (-2608 -2528 -576 ) (-2608 -2048 -576 ) (-2096 -2048 -576 ) 
4 846 847 (-2608 -2528 -192 ) (-2608 -2528 -576 ) (-2048 -2528 -576 ) (-2048 -2528 -192 ) 
4 846 848 (-2608 -2048 -576 ) (-2608 -2528 -576 ) (-2608 -2528 -192 ) (-2608 -2048 -192 ) 
4 847 876 (-2048 -3072 -576 ) (-2048 -3072 13312 ) (-2608 -3072 13312 ) (-2608 -3072 -576 ) 
4 847 849 (-2048 -2528 -576 ) (-2048 -3072 -576 ) (-2096 -3072 -576 ) (-2096 -2528 -576 ) 
4 847 850 (-2096 -3072 -576 ) (-2608 -3072 -576 ) (-2608 -2528 -576 ) (-2096 -2528 -576 ) 
4 847 848 (-2608 -2528 -576 ) (-2608 -3072 -576 ) (-2608 -3072 13312 ) (-2608 -2528 13312 ) 
4 848 876 (-2608 -3072 13312 ) (-3072 -3072 13312 ) (-3072 -3072 -576 ) (-2608 -3072 -576 ) 
4 848 854 (-3072 -3072 -576 ) (-3072 -3072 13312 ) (-3072 -2048 13312 ) (-3072 -2048 -576 ) 
4 848 850 (-2608 -3072 -576 ) (-3072 -3072 -576 ) (-3072 -2048 -576 ) (-2608 -2048 -576 ) 
4 849 876 (-2048 -3072 -1024 ) (-2048 -3072 -576 ) (-2096 -3072 -576 ) (-2096 -3072 -1024 ) 
4 849 851 (-2048 -3072 -1024 ) (-2096 -3072 -1024 ) (-2096 -2432 -1024 ) (-2048 -2432 -1024 ) 
4 849 850 (-2096 -2432 -1024 ) (-2096 -3072 -1024 ) (-2096 -3072 -576 ) (-2096 -2432 -576 ) 
4 850 876 (-2096 -3072 -576 ) (-3072 -3072 -576 ) (-3072 -3072 -1024 ) (-2096 -3072 -1024 ) 
4 850 854 (-3072 -3072 -1024 ) (-3072 -3072 -576 ) (-3072 -2048 -576 ) (-3072 -2048 -1024 ) 
4 850 851 (-2096 -3072 -1024 ) (-3072 -3072 -1024 ) (-3072 -2048 -1024 ) (-2096 -2048 -1024 ) 
4 851 876 (-2048 -3072 -14848 ) (-2048 -3072 -1024 ) (-3072 -3072 -1024 ) (-3072 -3072 -14848 ) 
4 851 854 (-3072 -3072 -14848 ) (-3072 -3072 -1024 ) (-3072 -2048 -1024 ) (-3072 -2048 -14848 ) 
4 852 854 (-3072 -2048 -14848 ) (-3072 -2048 13312 ) (-4096 -2048 13312 ) (-4096 -2048 -14848 ) 
4 852 853 (-4096 -1024 13312 ) (-4096 -1024 -14848 ) (-4096 -2048 -14848 ) (-4096 -2048 13312 ) 
4 853 864 (-5120 -2048 -14848 ) (-5120 -2048 13312 ) (-5120 -1024 13312 ) (-5120 -1024 -14848 ) 
4 853 855 (-4096 -2048 -14848 ) (-4096 -2048 13312 ) (-5120 -2048 13312 ) (-5120 -2048 -14848 ) 
4 854 879 (-3072 -3072 -14848 ) (-3072 -3072 13312 ) (-4096 -3072 13312 ) (-4096 -3072 -14848 ) 
4 854 855 (-4096 -2048 13312 ) (-4096 -2048 -14848 ) (-4096 -3072 -14848 ) (-4096 -3072 13312 ) 
4 855 880 (-4096 -3072 -14848 ) (-4096 -3072 13312 ) (-5120 -3072 13312 ) (-5120 -3072 -14848 ) 
4 855 866 (-5120 -3072 -14848 ) (-5120 -3072 13312 ) (-5120 -2048 13312 ) (-5120 -2048 -14848 ) 
4 856 858 (-5120 0 -14848 ) (-5120 0 13312 ) (-6144 0 13312 ) (-6144 0 -14848 ) 
4 856 857 (-6144 1024 13312 ) (-6144 1024 -14848 ) (-6144 0 -14848 ) (-6144 0 13312 ) 
4 857 860 (-7168 1024 13312 ) (-7168 1024 -14848 ) (-7168 0 -14848 ) (-7168 0 13312 ) 
4 857 859 (-6144 0 -14848 ) (-6144 0 13312 ) (-7168 0 13312 ) (-7168 0 -14848 ) 
4 858 864 (-5120 -1024 -14848 ) (-5120 -1024 13312 ) (-6144 -1024 13312 ) (-6144 -1024 -14848 ) 
4 858 859 (-6144 0 13312 ) (-6144 0 -14848 ) (-6144 -1024 -14848 ) (-6144 -1024 13312 ) 
4 859 865 (-6144 -1024 -14848 ) (-6144 -1024 13312 ) (-7168 -1024 13312 ) (-7168 -1024 -14848 ) 
4 859 862 (-7168 -1024 -14848 ) (-7168 -1024 13312 ) (-7168 0 13312 ) (-7168 0 -14848 ) 
4 860 862 (-7168 0 -14848 ) (-7168 0 13312 ) (-8192 0 13312 ) (-8192 0 -14848 ) 
4 860 861 (-8192 1024 13312 ) (-8192 1024 -14848 ) (-8192 0 -14848 ) (-8192 0 13312 ) 
4 861 907 (-9216 1024 13312 ) (-9216 1024 -14848 ) (-9216 0 -14848 ) (-9216 0 13312 ) 
4 861 863 (-8192 0 -14848 ) (-8192 0 13312 ) (-9216 0 13312 ) (-9216 0 -14848 ) 
4 862 868 (-7168 -1024 -14848 ) (-7168 -1024 13312 ) (-8192 -1024 13312 ) (-8192 -1024 -14848 ) 
4 862 863 (-8192 0 13312 ) (-8192 0 -14848 ) (-8192 -1024 -14848 ) (-8192 -1024 13312 ) 
4 863 909 (-9216 -1024 -14848 ) (-9216 -1024 13312 ) (-9216 0 13312 ) (-9216 0 -14848 ) 
4 863 869 (-8192 -1024 -14848 ) (-8192 -1024 13312 ) (-9216 -1024 13312 ) (-9216 -1024 -14848 ) 
4 864 866 (-5120 -2048 -14848 ) (-5120 -2048 13312 ) (-6144 -2048 13312 ) (-6144 -2048 -14848 ) 
4 864 865 (-6144 -1024 13312 ) (-6144 -1024 -14848 ) (-6144 -2048 -14848 ) (-6144 -2048 13312 ) 
4 865 868 (-7168 -1024 13312 ) (-7168 -1024 -14848 ) (-7168 -2048 -14848 ) (-7168 -2048 13312 ) 
4 865 867 (-6144 -2048 -14848 ) (-6144 -2048 13312 ) (-7168 -2048 13312 ) (-7168 -2048 -14848 ) 
4 866 891 (-5120 -3072 -14848 ) (-5120 -3072 13312 ) (-6144 -3072 13312 ) (-6144 -3072 -14848 ) 
4 866 867 (-6144 -2048 13312 ) (-6144 -2048 -14848 ) (-6144 -3072 -14848 ) (-6144 -3072 13312 ) 
4 867 892 (-6144 -3072 -14848 ) (-6144 -3072 13312 ) (-7168 -3072 13312 ) (-7168 -3072 -14848 ) 
4 867 870 (-7168 -3072 -14848 ) (-7168 -3072 13312 ) (-7168 -2048 13312 ) (-7168 -2048 -14848 ) 
4 868 870 (-7168 -2048 -14848 ) (-7168 -2048 13312 ) (-8192 -2048 13312 ) (-8192 -2048 -14848 ) 
4 868 869 (-8192 -1024 13312 ) (-8192 -1024 -14848 ) (-8192 -2048 -14848 ) (-8192 -2048 13312 ) 
4 869 915 (-9216 -2048 -14848 ) (-9216 -2048 13312 ) (-9216 -1024 13312 ) (-9216 -1024 -14848 ) 
4 869 871 (-8192 -2048 -14848 ) (-8192 -2048 13312 ) (-9216 -2048 13312 ) (-9216 -2048 -14848 ) 
4 870 895 (-7168 -3072 -14848 ) (-7168 -3072 13312 ) (-8192 -3072 13312 ) (-8192 -3072 -14848 ) 
4 870 871 (-8192 -2048 13312 ) (-8192 -2048 -14848 ) (-8192 -3072 -14848 ) (-8192 -3072 13312 ) 
4 871 917 (-9216 -3072 -14848 ) (-9216 -3072 13312 ) (-9216 -2048 13312 ) (-9216 -2048 -14848 ) 
4 871 896 (-8192 -3072 -14848 ) (-8192 -3072 13312 ) (-9216 -3072 13312 ) (-9216 -3072 -14848 ) 
4 872 873 (-1680 -3104 13312 ) (-1680 -3104 -128 ) (-1024 -3104 -128 ) (-1024 -3104 13312 ) 
4 872 874 (-1680 -3104 -128 ) (-1680 -3104 13312 ) (-1680 -3072 13312 ) (-1680 -3072 -128 ) 
4 873 877 (-1024 -4096 -512 ) (-1024 -4096 13312 ) (-1680 -4096 13312 ) (-1680 -4096 -512 ) 
4 873 875 (-1024 -3104 -512 ) (-1024 -4096 -512 ) (-1680 -4096 -512 ) (-1680 -3104 -512 ) 
4 873 874 (-1680 -3104 -512 ) (-1680 -4096 -512 ) (-1680 -4096 13312 ) (-1680 -3104 13312 ) 
4 874 877 (-1680 -4096 13312 ) (-2048 -4096 13312 ) (-2048 -4096 -512 ) (-1680 -4096 -512 ) 
4 874 876 (-2048 -3072 13312 ) (-2048 -3072 -512 ) (-2048 -4096 -512 ) (-2048 -4096 13312 ) 
4 874 875 (-2048 -4096 -512 ) (-2048 -3072 -512 ) (-1680 -3072 -512 ) (-1680 -4096 -512 ) 
4 875 877 (-1024 -4096 -14848 ) (-1024 -4096 -512 ) (-2048 -4096 -512 ) (-2048 -4096 -14848 ) 
4 875 876 (-2048 -3072 -512 ) (-2048 -3072 -14848 ) (-2048 -4096 -14848 ) (-2048 -4096 -512 ) 
4 876 879 (-3072 -3072 13312 ) (-3072 -3072 -14848 ) (-3072 -4096 -14848 ) (-3072 -4096 13312 ) 
4 876 878 (-2048 -4096 -14848 ) (-2048 -4096 13312 ) (-3072 -4096 13312 ) (-3072 -4096 -14848 ) 
4 877 883 (-1024 -5120 -14848 ) (-1024 -5120 13312 ) (-2048 -5120 13312 ) (-2048 -5120 -14848 ) 
4 877 878 (-2048 -4096 13312 ) (-2048 -4096 -14848 ) (-2048 -5120 -14848 ) (-2048 -5120 13312 ) 
4 878 884 (-2048 -5120 -14848 ) (-2048 -5120 13312 ) (-3072 -5120 13312 ) (-3072 -5120 -14848 ) 
4 878 881 (-3072 -5120 -14848 ) (-3072 -5120 13312 ) (-3072 -4096 13312 ) (-3072 -4096 -14848 ) 
4 879 881 (-3072 -4096 -14848 ) (-3072 -4096 13312 ) (-4096 -4096 13312 ) (-4096 -4096 -14848 ) 
4 879 880 (-4096 -3072 13312 ) (-4096 -3072 -14848 ) (-4096 -4096 -14848 ) (-4096 -4096 13312 ) 
4 880 891 (-5120 -3072 13312 ) (-5120 -3072 -14848 ) (-5120 -4096 -14848 ) (-5120 -4096 13312 ) 
4 880 882 (-4096 -4096 -14848 ) (-4096 -4096 13312 ) (-5120 -4096 13312 ) (-5120 -4096 -14848 ) 
4 881 887 (-3072 -5120 -14848 ) (-3072 -5120 13312 ) (-4096 -5120 13312 ) (-4096 -5120 -14848 ) 
4 881 882 (-4096 -4096 13312 ) (-4096 -4096 -14848 ) (-4096 -5120 -14848 ) (-4096 -5120 13312 ) 
4 882 893 (-5120 -5120 -14848 ) (-5120 -5120 13312 ) (-5120 -4096 13312 ) (-5120 -4096 -14848 ) 
4 882 888 (-4096 -5120 -14848 ) (-4096 -5120 13312 ) (-5120 -5120 13312 ) (-5120 -5120 -14848 ) 
4 883 885 (-1024 -6144 -14848 ) (-1024 -6144 13312 ) (-2048 -6144 13312 ) (-2048 -6144 -14848 ) 
4 883 884 (-2048 -5120 13312 ) (-2048 -5120 -14848 ) (-2048 -6144 -14848 ) (-2048 -6144 13312 ) 
4 884 887 (-3072 -5120 13312 ) (-3072 -5120 -14848 ) (-3072 -6144 -14848 ) (-3072 -6144 13312 ) 
4 884 886 (-2048 -6144 -14848 ) (-2048 -6144 13312 ) (-3072 -6144 13312 ) (-3072 -6144 -14848 ) 
4 885 955 (-1024 -7168 -14848 ) (-1024 -7168 13312 ) (-2048 -7168 13312 ) (-2048 -7168 -14848 ) 
4 885 886 (-2048 -6144 13312 ) (-2048 -6144 -14848 ) (-2048 -7168 -14848 ) (-2048 -7168 13312 ) 
4 886 956 (-2048 -7168 -14848 ) (-2048 -7168 13312 ) (-3072 -7168 13312 ) (-3072 -7168 -14848 ) 
4 886 889 (-3072 -7168 -14848 ) (-3072 -7168 13312 ) (-3072 -6144 13312 ) (-3072 -6144 -14848 ) 
4 887 889 (-3072 -6144 -14848 ) (-3072 -6144 13312 ) (-4096 -6144 13312 ) (-4096 -6144 -14848 ) 
4 887 888 (-4096 -5120 13312 ) (-4096 -5120 -14848 ) (-4096 -6144 -14848 ) (-4096 -6144 13312 ) 
4 888 899 (-5120 -6144 -14848 ) (-5120 -6144 13312 ) (-5120 -5120 13312 ) (-5120 -5120 -14848 ) 
4 888 890 (-4096 -6144 -14848 ) (-4096 -6144 13312 ) (-5120 -6144 13312 ) (-5120 -6144 -14848 ) 
4 889 959 (-3072 -7168 -14848 ) (-3072 -7168 13312 ) (-4096 -7168 13312 ) (-4096 -7168 -14848 ) 
4 889 890 (-4096 -6144 13312 ) (-4096 -6144 -14848 ) (-4096 -7168 -14848 ) (-4096 -7168 13312 ) 
4 890 960 (-4096 -7168 -14848 ) (-4096 -7168 13312 ) (-5120 -7168 13312 ) (-5120 -7168 -14848 ) 
4 890 901 (-5120 -7168 -14848 ) (-5120 -7168 13312 ) (-5120 -6144 13312 ) (-5120 -6144 -14848 ) 
4 891 893 (-5120 -4096 -14848 ) (-5120 -4096 13312 ) (-6144 -4096 13312 ) (-6144 -4096 -14848 ) 
4 891 892 (-6144 -3072 13312 ) (-6144 -3072 -14848 ) (-6144 -4096 -14848 ) (-6144 -4096 13312 ) 
4 892 895 (-7168 -3072 13312 ) (-7168 -3072 -14848 ) (-7168 -4096 -14848 ) (-7168 -4096 13312 ) 
4 892 894 (-6144 -4096 -14848 ) (-6144 -4096 13312 ) (-7168 -4096 13312 ) (-7168 -4096 -14848 ) 
4 893 899 (-5120 -5120 -14848 ) (-5120 -5120 13312 ) (-6144 -5120 13312 ) (-6144 -5120 -14848 ) 
4 893 894 (-6144 -4096 13312 ) (-6144 -4096 -14848 ) (-6144 -5120 -14848 ) (-6144 -5120 13312 ) 
4 894 900 (-6144 -5120 -14848 ) (-6144 -5120 13312 ) (-7168 -5120 13312 ) (-7168 -5120 -14848 ) 
4 894 897 (-7168 -5120 -14848 ) (-7168 -5120 13312 ) (-7168 -4096 13312 ) (-7168 -4096 -14848 ) 
4 895 897 (-7168 -4096 -14848 ) (-7168 -4096 13312 ) (-8192 -4096 13312 ) (-8192 -4096 -14848 ) 
4 895 896 (-8192 -3072 13312 ) (-8192 -3072 -14848 ) (-8192 -4096 -14848 ) (-8192 -4096 13312 ) 
4 896 931 (-9216 -4096 -14848 ) (-9216 -4096 13312 ) (-9216 -3072 13312 ) (-9216 -3072 -14848 ) 
4 896 898 (-8192 -4096 -14848 ) (-8192 -4096 13312 ) (-9216 -4096 13312 ) (-9216 -4096 -14848 ) 
4 897 903 (-7168 -5120 -14848 ) (-7168 -5120 13312 ) (-8192 -5120 13312 ) (-8192 -5120 -14848 ) 
4 897 898 (-8192 -4096 13312 ) (-8192 -4096 -14848 ) (-8192 -5120 -14848 ) (-8192 -5120 13312 ) 
4 898 933 (-9216 -5120 -14848 ) (-9216 -5120 13312 ) (-9216 -4096 13312 ) (-9216 -4096 -14848 ) 
4 898 904 (-8192 -5120 -14848 ) (-8192 -5120 13312 ) (-9216 -5120 13312 ) (-9216 -5120 -14848 ) 
4 899 901 (-5120 -6144 -14848 ) (-5120 -6144 13312 ) (-6144 -6144 13312 ) (-6144 -6144 -14848 ) 
4 899 900 (-6144 -5120 13312 ) (-6144 -5120 -14848 ) (-6144 -6144 -14848 ) (-6144 -6144 13312 ) 
4 900 903 (-7168 -5120 13312 ) (-7168 -5120 -14848 ) (-7168 -6144 -14848 ) (-7168 -6144 13312 ) 
4 900 902 (-6144 -6144 -14848 ) (-6144 -6144 13312 ) (-7168 -6144 13312 ) (-7168 -6144 -14848 ) 
4 901 971 (-5120 -7168 -14848 ) (-5120 -7168 13312 ) (-6144 -7168 13312 ) (-6144 -7168 -14848 ) 
4 901 902 (-6144 -6144 13312 ) (-6144 -6144 -14848 ) (-6144 -7168 -14848 ) (-6144 -7168 13312 ) 
4 902 972 (-6144 -7168 -14848 ) (-6144 -7168 13312 ) (-7168 -7168 13312 ) (-7168 -7168 -14848 ) 
4 902 905 (-7168 -7168 -14848 ) (-7168 -7168 13312 ) (-7168 -6144 13312 ) (-7168 -6144 -14848 ) 
4 903 905 (-7168 -6144 -14848 ) (-7168 -6144 13312 ) (-8192 -6144 13312 ) (-8192 -6144 -14848 ) 
4 903 904 (-8192 -5120 13312 ) (-8192 -5120 -14848 ) (-8192 -6144 -14848 ) (-8192 -6144 13312 ) 
4 904 939 (-9216 -6144 -14848 ) (-9216 -6144 13312 ) (-9216 -5120 13312 ) (-9216 -5120 -14848 ) 
4 904 906 (-8192 -6144 -14848 ) (-8192 -6144 13312 ) (-9216 -6144 13312 ) (-9216 -6144 -14848 ) 
4 905 975 (-7168 -7168 -14848 ) (-7168 -7168 13312 ) (-8192 -7168 13312 ) (-8192 -7168 -14848 ) 
4 905 906 (-8192 -6144 13312 ) (-8192 -6144 -14848 ) (-8192 -7168 -14848 ) (-8192 -7168 13312 ) 
4 906 976 (-8192 -7168 -14848 ) (-8192 -7168 13312 ) (-9216 -7168 13312 ) (-9216 -7168 -14848 ) 
4 906 941 (-9216 -7168 -14848 ) (-9216 -7168 13312 ) (-9216 -6144 13312 ) (-9216 -6144 -14848 ) 
4 907 909 (-9216 0 -14848 ) (-9216 0 13312 ) (-10240 0 13312 ) (-10240 0 -14848 ) 
4 907 908 (-10240 1024 13312 ) (-10240 1024 -14848 ) (-10240 0 -14848 ) (-10240 0 13312 ) 
4 908 911 (-11264 1024 13312 ) (-11264 1024 -14848 ) (-11264 0 -14848 ) (-11264 0 13312 ) 
4 908 910 (-10240 0 -14848 ) (-10240 0 13312 ) (-11264 0 13312 ) (-11264 0 -14848 ) 
4 909 915 (-9216 -1024 -14848 ) (-9216 -1024 13312 ) (-10240 -1024 13312 ) (-10240 -1024 -14848 ) 
4 909 910 (-10240 0 13312 ) (-10240 0 -14848 ) (-10240 -1024 -14848 ) (-10240 -1024 13312 ) 
4 910 916 (-10240 -1024 -14848 ) (-10240 -1024 13312 ) (-11264 -1024 13312 ) (-11264 -1024 -14848 ) 
4 910 913 (-11264 -1024 -14848 ) (-11264 -1024 13312 ) (-11264 0 13312 ) (-11264 0 -14848 ) 
4 911 913 (-11264 0 -14848 ) (-11264 0 13312 ) (-12288 0 13312 ) (-12288 0 -14848 ) 
4 911 912 (-12288 1024 13312 ) (-12288 1024 -14848 ) (-12288 0 -14848 ) (-12288 0 13312 ) 
4 912 923 (-13312 1024 13312 ) (-13312 1024 -14848 ) (-13312 0 -14848 ) (-13312 0 13312 ) 
4 912 914 (-12288 0 -14848 ) (-12288 0 13312 ) (-13312 0 13312 ) (-13312 0 -14848 ) 
4 913 919 (-11264 -1024 -14848 ) (-11264 -1024 13312 ) (-12288 -1024 13312 ) (-12288 -1024 -14848 ) 
4 913 914 (-12288 0 13312 ) (-12288 0 -14848 ) (-12288 -1024 -14848 ) (-12288 -1024 13312 ) 
4 914 925 (-13312 -1024 -14848 ) (-13312 -1024 13312 ) (-13312 0 13312 ) (-13312 0 -14848 ) 
4 914 920 (-12288 -1024 -14848 ) (-12288 -1024 13312 ) (-13312 -1024 13312 ) (-13312 -1024 -14848 ) 
4 915 917 (-9216 -2048 -14848 ) (-9216 -2048 13312 ) (-10240 -2048 13312 ) (-10240 -2048 -14848 ) 
4 915 916 (-10240 -1024 13312 ) (-10240 -1024 -14848 ) (-10240 -2048 -14848 ) (-10240 -2048 13312 ) 
4 916 919 (-11264 -1024 13312 ) (-11264 -1024 -14848 ) (-11264 -2048 -14848 ) (-11264 -2048 13312 ) 
4 916 918 (-10240 -2048 -14848 ) (-10240 -2048 13312 ) (-11264 -2048 13312 ) (-11264 -2048 -14848 ) 
4 917 931 (-9216 -3072 -14848 ) (-9216 -3072 13312 ) (-10240 -3072 13312 ) (-10240 -3072 -14848 ) 
4 917 918 (-10240 -2048 13312 ) (-10240 -2048 -14848 ) (-10240 -3072 -14848 ) (-10240 -3072 13312 ) 
4 918 932 (-10240 -3072 -14848 ) (-10240 -3072 13312 ) (-11264 -3072 13312 ) (-11264 -3072 -14848 ) 
4 918 921 (-11264 -3072 -14848 ) (-11264 -3072 13312 ) (-11264 -2048 13312 ) (-11264 -2048 -14848 ) 
4 919 921 (-11264 -2048 -14848 ) (-11264 -2048 13312 ) (-12288 -2048 13312 ) (-12288 -2048 -14848 ) 
4 919 920 (-12288 -1024 13312 ) (-12288 -1024 -14848 ) (-12288 -2048 -14848 ) (-12288 -2048 13312 ) 
4 920 927 (-13312 -2048 -14848 ) (-13312 -2048 13312 ) (-13312 -1024 13312 ) (-13312 -1024 -14848 ) 
4 920 922 (-12288 -2048 -14848 ) (-12288 -2048 13312 ) (-13312 -2048 13312 ) (-13312 -2048 -14848 ) 
4 921 935 (-11264 -3072 -14848 ) (-11264 -3072 13312 ) (-12288 -3072 13312 ) (-12288 -3072 -14848 ) 
4 921 922 (-12288 -2048 13312 ) (-12288 -2048 -14848 ) (-12288 -3072 -14848 ) (-12288 -3072 13312 ) 
4 922 936 (-12288 -3072 -14848 ) (-12288 -3072 13312 ) (-13312 -3072 13312 ) (-13312 -3072 -14848 ) 
4 922 929 (-13312 -3072 -14848 ) (-13312 -3072 13312 ) (-13312 -2048 13312 ) (-13312 -2048 -14848 ) 
4 923 925 (-13312 0 -14848 ) (-13312 0 13312 ) (-14336 0 13312 ) (-14336 0 -14848 ) 
4 923 924 (-14336 1024 13312 ) (-14336 1024 -14848 ) (-14336 0 -14848 ) (-14336 0 13312 ) 
4 924 926 (-14336 0 -14848 ) (-14336 0 13312 ) (-14848 0 13312 ) (-14848 0 -14848 ) 
4 925 927 (-13312 -1024 -14848 ) (-13312 -1024 13312 ) (-14336 -1024 13312 ) (-14336 -1024 -14848 ) 
4 925 926 (-14336 0 13312 ) (-14336 0 -14848 ) (-14336 -1024 -14848 ) (-14336 -1024 13312 ) 
4 926 928 (-14336 -1024 -14848 ) (-14336 -1024 13312 ) (-14848 -1024 13312 ) (-14848 -1024 -14848 ) 
4 927 929 (-13312 -2048 -14848 ) (-13312 -2048 13312 ) (-14336 -2048 13312 ) (-14336 -2048 -14848 ) 
4 927 928 (-14336 -1024 13312 ) (-14336 -1024 -14848 ) (-14336 -2048 -14848 ) (-14336 -2048 13312 ) 
4 928 930 (-14336 -2048 -14848 ) (-14336 -2048 13312 ) (-14848 -2048 13312 ) (-14848 -2048 -14848 ) 
4 929 947 (-13312 -3072 -14848 ) (-13312 -3072 13312 ) (-14336 -3072 13312 ) (-14336 -3072 -14848 ) 
4 929 930 (-14336 -2048 13312 ) (-14336 -2048 -14848 ) (-14336 -3072 -14848 ) (-14336 -3072 13312 ) 
4 930 948 (-14336 -3072 -14848 ) (-14336 -3072 13312 ) (-14848 -3072 13312 ) (-14848 -3072 -14848 ) 
4 931 933 (-9216 -4096 -14848 ) (-9216 -4096 13312 ) (-10240 -4096 13312 ) (-10240 -4096 -14848 ) 
4 931 932 (-10240 -3072 13312 ) (-10240 -3072 -14848 ) (-10240 -4096 -14848 ) (-10240 -4096 13312 ) 
4 932 935 (-11264 -3072 13312 ) (-11264 -3072 -14848 ) (-11264 -4096 -14848 ) (-11264 -4096 13312 ) 
4 932 934 (-10240 -4096 -14848 ) (-10240 -4096 13312 ) (-11264 -4096 13312 ) (-11264 -4096 -14848 ) 
4 933 939 (-9216 -5120 -14848 ) (-9216 -5120 13312 ) (-10240 -5120 13312 ) (-10240 -5120 -14848 ) 
4 933 934 (-10240 -4096 13312 ) (-10240 -4096 -14848 ) (-10240 -5120 -14848 ) (-10240 -5120 13312 ) 
4 934 940 (-10240 -5120 -14848 ) (-10240 -5120 13312 ) (-11264 -5120 13312 ) (-11264 -5120 -14848 ) 
4 934 937 (-11264 -5120 -14848 ) (-11264 -5120 13312 ) (-11264 -4096 13312 ) (-11264 -4096 -14848 ) 
4 935 937 (-11264 -4096 -14848 ) (-11264 -4096 13312 ) (-12288 -4096 13312 ) (-12288 -4096 -14848 ) 
4 935 936 (-12288 -3072 13312 ) (-12288 -3072 -14848 ) (-12288 -4096 -14848 ) (-12288 -4096 13312 ) 
4 936 947 (-13312 -3072 13312 ) (-13312 -3072 -14848 ) (-13312 -4096 -14848 ) (-13312 -4096 13312 ) 
4 936 938 (-12288 -4096 -14848 ) (-12288 -4096 13312 ) (-13312 -4096 13312 ) (-13312 -4096 -14848 ) 
4 937 943 (-11264 -5120 -14848 ) (-11264 -5120 13312 ) (-12288 -5120 13312 ) (-12288 -5120 -14848 ) 
4 937 938 (-12288 -4096 13312 ) (-12288 -4096 -14848 ) (-12288 -5120 -14848 ) (-12288 -5120 13312 ) 
4 938 949 (-13312 -5120 -14848 ) (-13312 -5120 13312 ) (-13312 -4096 13312 ) (-13312 -4096 -14848 ) 
4 938 944 (-12288 -5120 -14848 ) (-12288 -5120 13312 ) (-13312 -5120 13312 ) (-13312 -5120 -14848 ) 
4 939 941 (-9216 -6144 -14848 ) (-9216 -6144 13312 ) (-10240 -6144 13312 ) (-10240 -6144 -14848 ) 
4 939 940 (-10240 -5120 13312 ) (-10240 -5120 -14848 ) (-10240 -6144 -14848 ) (-10240 -6144 13312 ) 
4 940 943 (-11264 -5120 13312 ) (-11264 -5120 -14848 ) (-11264 -6144 -14848 ) (-11264 -6144 13312 ) 
4 940 942 (-10240 -6144 -14848 ) (-10240 -6144 13312 ) (-11264 -6144 13312 ) (-11264 -6144 -14848 ) 
4 941 1011 (-9216 -7168 -14848 ) (-9216 -7168 13312 ) (-10240 -7168 13312 ) (-10240 -7168 -14848 ) 
4 941 942 (-10240 -6144 13312 ) (-10240 -6144 -14848 ) (-10240 -7168 -14848 ) (-10240 -7168 13312 ) 
4 942 1012 (-10240 -7168 -14848 ) (-10240 -7168 13312 ) (-11264 -7168 13312 ) (-11264 -7168 -14848 ) 
4 942 945 (-11264 -7168 -14848 ) (-11264 -7168 13312 ) (-11264 -6144 13312 ) (-11264 -6144 -14848 ) 
4 943 945 (-11264 -6144 -14848 ) (-11264 -6144 13312 ) (-12288 -6144 13312 ) (-12288 -6144 -14848 ) 
4 943 944 (-12288 -5120 13312 ) (-12288 -5120 -14848 ) (-12288 -6144 -14848 ) (-12288 -6144 13312 ) 
4 944 951 (-13312 -6144 -14848 ) (-13312 -6144 13312 ) (-13312 -5120 13312 ) (-13312 -5120 -14848 ) 
4 944 946 (-12288 -6144 -14848 ) (-12288 -6144 13312 ) (-13312 -6144 13312 ) (-13312 -6144 -14848 ) 
4 945 1015 (-11264 -7168 -14848 ) (-11264 -7168 13312 ) (-12288 -7168 13312 ) (-12288 -7168 -14848 ) 
4 945 946 (-12288 -6144 13312 ) (-12288 -6144 -14848 ) (-12288 -7168 -14848 ) (-12288 -7168 13312 ) 
4 946 1016 (-12288 -7168 -14848 ) (-12288 -7168 13312 ) (-13312 -7168 13312 ) (-13312 -7168 -14848 ) 
4 946 953 (-13312 -7168 -14848 ) (-13312 -7168 13312 ) (-13312 -6144 13312 ) (-13312 -6144 -14848 ) 
4 947 949 (-13312 -4096 -14848 ) (-13312 -4096 13312 ) (-14336 -4096 13312 ) (-14336 -4096 -14848 ) 
4 947 948 (-14336 -3072 13312 ) (-14336 -3072 -14848 ) (-14336 -4096 -14848 ) (-14336 -4096 13312 ) 
4 948 950 (-14336 -4096 -14848 ) (-14336 -4096 13312 ) (-14848 -4096 13312 ) (-14848 -4096 -14848 ) 
4 949 951 (-13312 -5120 -14848 ) (-13312 -5120 13312 ) (-14336 -5120 13312 ) (-14336 -5120 -14848 ) 
4 949 950 (-14336 -4096 13312 ) (-14336 -4096 -14848 ) (-14336 -5120 -14848 ) (-14336 -5120 13312 ) 
4 950 952 (-14336 -5120 -14848 ) (-14336 -5120 13312 ) (-14848 -5120 13312 ) (-14848 -5120 -14848 ) 
4 951 953 (-13312 -6144 -14848 ) (-13312 -6144 13312 ) (-14336 -6144 13312 ) (-14336 -6144 -14848 ) 
4 951 952 (-14336 -5120 13312 ) (-14336 -5120 -14848 ) (-14336 -6144 -14848 ) (-14336 -6144 13312 ) 
4 952 954 (-14336 -6144 -14848 ) (-14336 -6144 13312 ) (-14848 -6144 13312 ) (-14848 -6144 -14848 ) 
4 953 1027 (-13312 -7168 -14848 ) (-13312 -7168 13312 ) (-14336 -7168 13312 ) (-14336 -7168 -14848 ) 
4 953 954 (-14336 -6144 13312 ) (-14336 -6144 -14848 ) (-14336 -7168 -14848 ) (-14336 -7168 13312 ) 
4 954 1028 (-14336 -7168 -14848 ) (-14336 -7168 13312 ) (-14848 -7168 13312 ) (-14848 -7168 -14848 ) 
4 955 957 (-1024 -8192 -14848 ) (-1024 -8192 13312 ) (-2048 -8192 13312 ) (-2048 -8192 -14848 ) 
4 955 956 (-2048 -7168 13312 ) (-2048 -7168 -14848 ) (-2048 -8192 -14848 ) (-2048 -8192 13312 ) 
4 956 959 (-3072 -7168 13312 ) (-3072 -7168 -14848 ) (-3072 -8192 -14848 ) (-3072 -8192 13312 ) 
4 956 958 (-2048 -8192 -14848 ) (-2048 -8192 13312 ) (-3072 -8192 13312 ) (-3072 -8192 -14848 ) 
4 957 963 (-1024 -9216 -14848 ) (-1024 -9216 13312 ) (-2048 -9216 13312 ) (-2048 -9216 -14848 ) 
4 957 958 (-2048 -8192 13312 ) (-2048 -8192 -14848 ) (-2048 -9216 -14848 ) (-2048 -9216 13312 ) 
4 958 964 (-2048 -9216 -14848 ) (-2048 -9216 13312 ) (-3072 -9216 13312 ) (-3072 -9216 -14848 ) 
4 958 961 (-3072 -9216 -14848 ) (-3072 -9216 13312 ) (-3072 -8192 13312 ) (-3072 -8192 -14848 ) 
4 959 961 (-3072 -8192 -14848 ) (-3072 -8192 13312 ) (-4096 -8192 13312 ) (-4096 -8192 -14848 ) 
4 959 960 (-4096 -7168 13312 ) (-4096 -7168 -14848 ) (-4096 -8192 -14848 ) (-4096 -8192 13312 ) 
4 960 971 (-5120 -7168 13312 ) (-5120 -7168 -14848 ) (-5120 -8192 -14848 ) (-5120 -8192 13312 ) 
4 960 962 (-4096 -8192 -14848 ) (-4096 -8192 13312 ) (-5120 -8192 13312 ) (-5120 -8192 -14848 ) 
4 961 967 (-3072 -9216 -14848 ) (-3072 -9216 13312 ) (-4096 -9216 13312 ) (-4096 -9216 -14848 ) 
4 961 962 (-4096 -8192 13312 ) (-4096 -8192 -14848 ) (-4096 -9216 -14848 ) (-4096 -9216 13312 ) 
4 962 973 (-5120 -9216 -14848 ) (-5120 -9216 13312 ) (-5120 -8192 13312 ) (-5120 -8192 -14848 ) 
4 962 968 (-4096 -9216 -14848 ) (-4096 -9216 13312 ) (-5120 -9216 13312 ) (-5120 -9216 -14848 ) 
4 963 965 (-1024 -10240 -14848 ) (-1024 -10240 13312 ) (-2048 -10240 13312 ) (-2048 -10240 -14848 ) 
4 963 964 (-2048 -9216 13312 ) (-2048 -9216 -14848 ) (-2048 -10240 -14848 ) (-2048 -10240 13312 ) 
4 964 967 (-3072 -9216 13312 ) (-3072 -9216 -14848 ) (-3072 -10240 -14848 ) (-3072 -10240 13312 ) 
4 964 966 (-2048 -10240 -14848 ) (-2048 -10240 13312 ) (-3072 -10240 13312 ) (-3072 -10240 -14848 ) 
4 965 987 (-1024 -11264 -14848 ) (-1024 -11264 13312 ) (-2048 -11264 13312 ) (-2048 -11264 -14848 ) 
4 965 966 (-2048 -10240 13312 ) (-2048 -10240 -14848 ) (-2048 -11264 -14848 ) (-2048 -11264 13312 ) 
4 966 988 (-2048 -11264 -14848 ) (-2048 -11264 13312 ) (-3072 -11264 13312 ) (-3072 -11264 -14848 ) 
4 966 969 (-3072 -11264 -14848 ) (-3072 -11264 13312 ) (-3072 -10240 13312 ) (-3072 -10240 -14848 ) 
4 967 969 (-3072 -10240 -14848 ) (-3072 -10240 13312 ) (-4096 -10240 13312 ) (-4096 -10240 -14848 ) 
4 967 968 (-4096 -9216 13312 ) (-4096 -9216 -14848 ) (-4096 -10240 -14848 ) (-4096 -10240 13312 ) 
4 968 979 (-5120 -10240 -14848 ) (-5120 -10240 13312 ) (-5120 -9216 13312 ) (-5120 -9216 -14848 ) 
4 968 970 (-4096 -10240 -14848 ) (-4096 -10240 13312 ) (-5120 -10240 13312 ) (-5120 -10240 -14848 ) 
4 969 991 (-3072 -11264 -14848 ) (-3072 -11264 13312 ) (-4096 -11264 13312 ) (-4096 -11264 -14848 ) 
4 969 970 (-4096 -10240 13312 ) (-4096 -10240 -14848 ) (-4096 -11264 -14848 ) (-4096 -11264 13312 ) 
4 970 992 (-4096 -11264 -14848 ) (-4096 -11264 13312 ) (-5120 -11264 13312 ) (-5120 -11264 -14848 ) 
4 970 981 (-5120 -11264 -14848 ) (-5120 -11264 13312 ) (-5120 -10240 13312 ) (-5120 -10240 -14848 ) 
4 971 973 (-5120 -8192 -14848 ) (-5120 -8192 13312 ) (-6144 -8192 13312 ) (-6144 -8192 -14848 ) 
4 971 972 (-6144 -7168 13312 ) (-6144 -7168 -14848 ) (-6144 -8192 -14848 ) (-6144 -8192 13312 ) 
4 972 975 (-7168 -7168 13312 ) (-7168 -7168 -14848 ) (-7168 -8192 -14848 ) (-7168 -8192 13312 ) 
4 972 974 (-6144 -8192 -14848 ) (-6144 -8192 13312 ) (-7168 -8192 13312 ) (-7168 -8192 -14848 ) 
4 973 979 (-5120 -9216 -14848 ) (-5120 -9216 13312 ) (-6144 -9216 13312 ) (-6144 -9216 -14848 ) 
4 973 974 (-6144 -8192 13312 ) (-6144 -8192 -14848 ) (-6144 -9216 -14848 ) (-6144 -9216 13312 ) 
4 974 980 (-6144 -9216 -14848 ) (-6144 -9216 13312 ) (-7168 -9216 13312 ) (-7168 -9216 -14848 ) 
4 974 977 (-7168 -9216 -14848 ) (-7168 -9216 13312 ) (-7168 -8192 13312 ) (-7168 -8192 -14848 ) 
4 975 977 (-7168 -8192 -14848 ) (-7168 -8192 13312 ) (-8192 -8192 13312 ) (-8192 -8192 -14848 ) 
4 975 976 (-8192 -7168 13312 ) (-8192 -7168 -14848 ) (-8192 -8192 -14848 ) (-8192 -8192 13312 ) 
4 976 1011 (-9216 -7168 13312 ) (-9216 -7168 -14848 ) (-9216 -8192 -14848 ) (-9216 -8192 13312 ) 
4 976 978 (-8192 -8192 -14848 ) (-8192 -8192 13312 ) (-9216 -8192 13312 ) (-9216 -8192 -14848 ) 
4 977 983 (-7168 -9216 -14848 ) (-7168 -9216 13312 ) (-8192 -9216 13312 ) (-8192 -9216 -14848 ) 
4 977 978 (-8192 -8192 13312 ) (-8192 -8192 -14848 ) (-8192 -9216 -14848 ) (-8192 -9216 13312 ) 
4 978 1013 (-9216 -9216 -14848 ) (-9216 -9216 13312 ) (-9216 -8192 13312 ) (-9216 -8192 -14848 ) 
4 978 984 (-8192 -9216 -14848 ) (-8192 -9216 13312 ) (-9216 -9216 13312 ) (-9216 -9216 -14848 ) 
4 979 981 (-5120 -10240 -14848 ) (-5120 -10240 13312 ) (-6144 -10240 13312 ) (-6144 -10240 -14848 ) 
4 979 980 (-6144 -9216 13312 ) (-6144 -9216 -14848 ) (-6144 -10240 -14848 ) (-6144 -10240 13312 ) 
4 980 983 (-7168 -9216 13312 ) (-7168 -9216 -14848 ) (-7168 -10240 -14848 ) (-7168 -10240 13312 ) 
4 980 982 (-6144 -10240 -14848 ) (-6144 -10240 13312 ) (-7168 -10240 13312 ) (-7168 -10240 -14848 ) 
4 981 999 (-5120 -11264 -14848 ) (-5120 -11264 13312 ) (-6144 -11264 13312 ) (-6144 -11264 -14848 ) 
4 981 982 (-6144 -10240 13312 ) (-6144 -10240 -14848 ) (-6144 -11264 -14848 ) (-6144 -11264 13312 ) 
4 982 1000 (-6144 -11264 -14848 ) (-6144 -11264 13312 ) (-7168 -11264 13312 ) (-7168 -11264 -14848 ) 
4 982 985 (-7168 -11264 -14848 ) (-7168 -11264 13312 ) (-7168 -10240 13312 ) (-7168 -10240 -14848 ) 
4 983 985 (-7168 -10240 -14848 ) (-7168 -10240 13312 ) (-8192 -10240 13312 ) (-8192 -10240 -14848 ) 
4 983 984 (-8192 -9216 13312 ) (-8192 -9216 -14848 ) (-8192 -10240 -14848 ) (-8192 -10240 13312 ) 
4 984 1019 (-9216 -10240 -14848 ) (-9216 -10240 13312 ) (-9216 -9216 13312 ) (-9216 -9216 -14848 ) 
4 984 986 (-8192 -10240 -14848 ) (-8192 -10240 13312 ) (-9216 -10240 13312 ) (-9216 -10240 -14848 ) 
4 985 1003 (-7168 -11264 -14848 ) (-7168 -11264 13312 ) (-8192 -11264 13312 ) (-8192 -11264 -14848 ) 
4 985 986 (-8192 -10240 13312 ) (-8192 -10240 -14848 ) (-8192 -11264 -14848 ) (-8192 -11264 13312 ) 
4 986 1021 (-9216 -11264 -14848 ) (-9216 -11264 13312 ) (-9216 -10240 13312 ) (-9216 -10240 -14848 ) 
4 986 1004 (-8192 -11264 -14848 ) (-8192 -11264 13312 ) (-9216 -11264 13312 ) (-9216 -11264 -14848 ) 
4 987 989 (-1024 -12288 -14848 ) (-1024 -12288 13312 ) (-2048 -12288 13312 ) (-2048 -12288 -14848 ) 
4 987 988 (-2048 -11264 13312 ) (-2048 -11264 -14848 ) (-2048 -12288 -14848 ) (-2048 -12288 13312 ) 
4 988 991 (-3072 -11264 13312 ) (-3072 -11264 -14848 ) (-3072 -12288 -14848 ) (-3072 -12288 13312 ) 
4 988 990 (-2048 -12288 -14848 ) (-2048 -12288 13312 ) (-3072 -12288 13312 ) (-3072 -12288 -14848 ) 
4 989 995 (-1024 -13312 -14848 ) (-1024 -13312 13312 ) (-2048 -13312 13312 ) (-2048 -13312 -14848 ) 
4 989 990 (-2048 -12288 13312 ) (-2048 -12288 -14848 ) (-2048 -13312 -14848 ) (-2048 -13312 13312 ) 
4 990 996 (-2048 -13312 -14848 ) (-2048 -13312 13312 ) (-3072 -13312 13312 ) (-3072 -13312 -14848 ) 
4 990 993 (-3072 -13312 -14848 ) (-3072 -13312 13312 ) (-3072 -12288 13312 ) (-3072 -12288 -14848 ) 
4 991 993 (-3072 -12288 -14848 ) (-3072 -12288 13312 ) (-4096 -12288 13312 ) (-4096 -12288 -14848 ) 
4 991 992 (-4096 -11264 13312 ) (-4096 -11264 -14848 ) (-4096 -12288 -14848 ) (-4096 -12288 13312 ) 
4 992 999 (-5120 -11264 13312 ) (-5120 -11264 -14848 ) (-5120 -12288 -14848 ) (-5120 -12288 13312 ) 
4 992 994 (-4096 -12288 -14848 ) (-4096 -12288 13312 ) (-5120 -12288 13312 ) (-5120 -12288 -14848 ) 
4 993 997 (-3072 -13312 -14848 ) (-3072 -13312 13312 ) (-4096 -13312 13312 ) (-4096 -13312 -14848 ) 
4 993 994 (-4096 -12288 13312 ) (-4096 -12288 -14848 ) (-4096 -13312 -14848 ) (-4096 -13312 13312 ) 
4 994 1001 (-5120 -13312 -14848 ) (-5120 -13312 13312 ) (-5120 -12288 13312 ) (-5120 -12288 -14848 ) 
4 994 998 (-4096 -13312 -14848 ) (-4096 -13312 13312 ) (-5120 -13312 13312 ) (-5120 -13312 -14848 ) 
4 995 996 (-2048 -13312 13312 ) (-2048 -13312 -14848 ) (-2048 -14336 -14848 ) (-2048 -14336 13312 ) 
4 996 997 (-3072 -13312 13312 ) (-3072 -13312 -14848 ) (-3072 -14336 -14848 ) (-3072 -14336 13312 ) 
4 997 998 (-4096 -13312 13312 ) (-4096 -13312 -14848 ) (-4096 -14336 -14848 ) (-4096 -14336 13312 ) 
4 998 1007 (-5120 -14336 -14848 ) (-5120 -14336 13312 ) (-5120 -13312 13312 ) (-5120 -13312 -14848 ) 
4 999 1001 (-5120 -12288 -14848 ) (-5120 -12288 13312 ) (-6144 -12288 13312 ) (-6144 -12288 -14848 ) 
4 999 1000 (-6144 -11264 13312 ) (-6144 -11264 -14848 ) (-6144 -12288 -14848 ) (-6144 -12288 13312 ) 
4 1000 1003 (-7168 -11264 13312 ) (-7168 -11264 -14848 ) (-7168 -12288 -14848 ) (-7168 -12288 13312 ) 
4 1000 1002 (-6144 -12288 -14848 ) (-6144 -12288 13312 ) (-7168 -12288 13312 ) (-7168 -12288 -14848 ) 
4 1001 1007 (-5120 -13312 -14848 ) (-5120 -13312 13312 ) (-6144 -13312 13312 ) (-6144 -13312 -14848 ) 
4 1001 1002 (-6144 -12288 13312 ) (-6144 -12288 -14848 ) (-6144 -13312 -14848 ) (-6144 -13312 13312 ) 
4 1002 1008 (-6144 -13312 -14848 ) (-6144 -13312 13312 ) (-7168 -13312 13312 ) (-7168 -13312 -14848 ) 
4 1002 1005 (-7168 -13312 -14848 ) (-7168 -13312 13312 ) (-7168 -12288 13312 ) (-7168 -12288 -14848 ) 
4 1003 1005 (-7168 -12288 -14848 ) (-7168 -12288 13312 ) (-8192 -12288 13312 ) (-8192 -12288 -14848 ) 
4 1003 1004 (-8192 -11264 13312 ) (-8192 -11264 -14848 ) (-8192 -12288 -14848 ) (-8192 -12288 13312 ) 
4 1004 1035 (-9216 -12288 -14848 ) (-9216 -12288 13312 ) (-9216 -11264 13312 ) (-9216 -11264 -14848 ) 
4 1004 1006 (-8192 -12288 -14848 ) (-8192 -12288 13312 ) (-9216 -12288 13312 ) (-9216 -12288 -14848 ) 
4 1005 1009 (-7168 -13312 -14848 ) (-7168 -13312 13312 ) (-8192 -13312 13312 ) (-8192 -13312 -14848 ) 
4 1005 1006 (-8192 -12288 13312 ) (-8192 -12288 -14848 ) (-8192 -13312 -14848 ) (-8192 -13312 13312 ) 
4 1006 1037 (-9216 -13312 -14848 ) (-9216 -13312 13312 ) (-9216 -12288 13312 ) (-9216 -12288 -14848 ) 
4 1006 1010 (-8192 -13312 -14848 ) (-8192 -13312 13312 ) (-9216 -13312 13312 ) (-9216 -13312 -14848 ) 
4 1007 1008 (-6144 -13312 13312 ) (-6144 -13312 -14848 ) (-6144 -14336 -14848 ) (-6144 -14336 13312 ) 
4 1008 1009 (-7168 -13312 13312 ) (-7168 -13312 -14848 ) (-7168 -14336 -14848 ) (-7168 -14336 13312 ) 
4 1009 1010 (-8192 -13312 13312 ) (-8192 -13312 -14848 ) (-8192 -14336 -14848 ) (-8192 -14336 13312 ) 
4 1010 1043 (-9216 -14336 -14848 ) (-9216 -14336 13312 ) (-9216 -13312 13312 ) (-9216 -13312 -14848 ) 
4 1011 1013 (-9216 -8192 -14848 ) (-9216 -8192 13312 ) (-10240 -8192 13312 ) (-10240 -8192 -14848 ) 
4 1011 1012 (-10240 -7168 13312 ) (-10240 -7168 -14848 ) (-10240 -8192 -14848 ) (-10240 -8192 13312 ) 
4 1012 1015 (-11264 -7168 13312 ) (-11264 -7168 -14848 ) (-11264 -8192 -14848 ) (-11264 -8192 13312 ) 
4 1012 1014 (-10240 -8192 -14848 ) (-10240 -8192 13312 ) (-11264 -8192 13312 ) (-11264 -8192 -14848 ) 
4 1013 1019 (-9216 -9216 -14848 ) (-9216 -9216 13312 ) (-10240 -9216 13312 ) (-10240 -9216 -14848 ) 
4 1013 1014 (-10240 -8192 13312 ) (-10240 -8192 -14848 ) (-10240 -9216 -14848 ) (-10240 -9216 13312 ) 
4 1014 1020 (-10240 -9216 -14848 ) (-10240 -9216 13312 ) (-11264 -9216 13312 ) (-11264 -9216 -14848 ) 
4 1014 1017 (-11264 -9216 -14848 ) (-11264 -9216 13312 ) (-11264 -8192 13312 ) (-11264 -8192 -14848 ) 
4 1015 1017 (-11264 -8192 -14848 ) (-11264 -8192 13312 ) (-12288 -8192 13312 ) (-12288 -8192 -14848 ) 
4 1015 1016 (-12288 -7168 13312 ) (-12288 -7168 -14848 ) (-12288 -8192 -14848 ) (-12288 -8192 13312 ) 
4 1016 1027 (-13312 -7168 13312 ) (-13312 -7168 -14848 ) (-13312 -8192 -14848 ) (-13312 -8192 13312 ) 
4 1016 1018 (-12288 -8192 -14848 ) (-12288 -8192 13312 ) (-13312 -8192 13312 ) (-13312 -8192 -14848 ) 
4 1017 1023 (-11264 -9216 -14848 ) (-11264 -9216 13312 ) (-12288 -9216 13312 ) (-12288 -9216 -14848 ) 
4 1017 1018 (-12288 -8192 13312 ) (-12288 -8192 -14848 ) (-12288 -9216 -14848 ) (-12288 -9216 13312 ) 
4 1018 1029 (-13312 -9216 -14848 ) (-13312 -9216 13312 ) (-13312 -8192 13312 ) (-13312 -8192 -14848 ) 
4 1018 1024 (-12288 -9216 -14848 ) (-12288 -9216 13312 ) (-13312 -9216 13312 ) (-13312 -9216 -14848 ) 
4 1019 1021 (-9216 -10240 -14848 ) (-9216 -10240 13312 ) (-10240 -10240 13312 ) (-10240 -10240 -14848 ) 
4 1019 1020 (-10240 -9216 13312 ) (-10240 -9216 -14848 ) (-10240 -10240 -14848 ) (-10240 -10240 13312 ) 
4 1020 1023 (-11264 -9216 13312 ) (-11264 -9216 -14848 ) (-11264 -10240 -14848 ) (-11264 -10240 13312 ) 
4 1020 1022 (-10240 -10240 -14848 ) (-10240 -10240 13312 ) (-11264 -10240 13312 ) (-11264 -10240 -14848 ) 
4 1021 1035 (-9216 -11264 -14848 ) (-9216 -11264 13312 ) (-10240 -11264 13312 ) (-10240 -11264 -14848 ) 
4 1021 1022 (-10240 -10240 13312 ) (-10240 -10240 -14848 ) (-10240 -11264 -14848 ) (-10240 -11264 13312 ) 
4 1022 1036 (-10240 -11264 -14848 ) (-10240 -11264 13312 ) (-11264 -11264 13312 ) (-11264 -11264 -14848 ) 
4 1022 1025 (-11264 -11264 -14848 ) (-11264 -11264 13312 ) (-11264 -10240 13312 ) (-11264 -10240 -14848 ) 
4 1023 1025 (-11264 -10240 -14848 ) (-11264 -10240 13312 ) (-12288 -10240 13312 ) (-12288 -10240 -14848 ) 
4 1023 1024 (-12288 -9216 13312 ) (-12288 -9216 -14848 ) (-12288 -10240 -14848 ) (-12288 -10240 13312 ) 
4 1024 1031 (-13312 -10240 -14848 ) (-13312 -10240 13312 ) (-13312 -9216 13312 ) (-13312 -9216 -14848 ) 
4 1024 1026 (-12288 -10240 -14848 ) (-12288 -10240 13312 ) (-13312 -10240 13312 ) (-13312 -10240 -14848 ) 
4 1025 1039 (-11264 -11264 -14848 ) (-11264 -11264 13312 ) (-12288 -11264 13312 ) (-12288 -11264 -14848 ) 
4 1025 1026 (-12288 -10240 13312 ) (-12288 -10240 -14848 ) (-12288 -11264 -14848 ) (-12288 -11264 13312 ) 
4 1026 1040 (-12288 -11264 -14848 ) (-12288 -11264 13312 ) (-13312 -11264 13312 ) (-13312 -11264 -14848 ) 
4 1026 1033 (-13312 -11264 -14848 ) (-13312 -11264 13312 ) (-13312 -10240 13312 ) (-13312 -10240 -14848 ) 
4 1027 1029 (-13312 -8192 -14848 ) (-13312 -8192 13312 ) (-14336 -8192 13312 ) (-14336 -8192 -14848 ) 
4 1027 1028 (-14336 -7168 13312 ) (-14336 -7168 -14848 ) (-14336 -8192 -14848 ) (-14336 -8192 13312 ) 
4 1028 1030 (-14336 -8192 -14848 ) (-14336 -8192 13312 ) (-14848 -8192 13312 ) (-14848 -8192 -14848 ) 
4 1029 1031 (-13312 -9216 -14848 ) (-13312 -9216 13312 ) (-14336 -9216 13312 ) (-14336 -9216 -14848 ) 
4 1029 1030 (-14336 -8192 13312 ) (-14336 -8192 -14848 ) (-14336 -9216 -14848 ) (-14336 -9216 13312 ) 
4 1030 1032 (-14336 -9216 -14848 ) (-14336 -9216 13312 ) (-14848 -9216 13312 ) (-14848 -9216 -14848 ) 
4 1031 1033 (-13312 -10240 -14848 ) (-13312 -10240 13312 ) (-14336 -10240 13312 ) (-14336 -10240 -14848 ) 
4 1031 1032 (-14336 -9216 13312 ) (-14336 -9216 -14848 ) (-14336 -10240 -14848 ) (-14336 -10240 13312 ) 
4 1032 1034 (-14336 -10240 -14848 ) (-14336 -10240 13312 ) (-14848 -10240 13312 ) (-14848 -10240 -14848 ) 
4 1033 1047 (-13312 -11264 -14848 ) (-13312 -11264 13312 ) (-14336 -11264 13312 ) (-14336 -11264 -14848 ) 
4 1033 1034 (-14336 -10240 13312 ) (-14336 -10240 -14848 ) (-14336 -11264 -14848 ) (-14336 -11264 13312 ) 
4 1034 1048 (-14336 -11264 -14848 ) (-14336 -11264 13312 ) (-14848 -11264 13312 ) (-14848 -11264 -14848 ) 
4 1035 1037 (-9216 -12288 -14848 ) (-9216 -12288 13312 ) (-10240 -12288 13312 ) (-10240 -12288 -14848 ) 
4 1035 1036 (-10240 -11264 13312 ) (-10240 -11264 -14848 ) (-10240 -12288 -14848 ) (-10240 -12288 13312 ) 
4 1036 1039 (-11264 -11264 13312 ) (-11264 -11264 -14848 ) (-11264 -12288 -14848 ) (-11264 -12288 13312 ) 
4 1036 1038 (-10240 -12288 -14848 ) (-10240 -12288 13312 ) (-11264 -12288 13312 ) (-11264 -12288 -14848 ) 
4 1037 1043 (-9216 -13312 -14848 ) (-9216 -13312 13312 ) (-10240 -13312 13312 ) (-10240 -13312 -14848 ) 
4 1037 1038 (-10240 -12288 13312 ) (-10240 -12288 -14848 ) (-10240 -13312 -14848 ) (-10240 -13312 13312 ) 
4 1038 1044 (-10240 -13312 -14848 ) (-10240 -13312 13312 ) (-11264 -13312 13312 ) (-11264 -13312 -14848 ) 
4 1038 1041 (-11264 -13312 -14848 ) (-11264 -13312 13312 ) (-11264 -12288 13312 ) (-11264 -12288 -14848 ) 
4 1039 1041 (-11264 -12288 -14848 ) (-11264 -12288 13312 ) (-12288 -12288 13312 ) (-12288 -12288 -14848 ) 
4 1039 1040 (-12288 -11264 13312 ) (-12288 -11264 -14848 ) (-12288 -12288 -14848 ) (-12288 -12288 13312 ) 
4 1040 1047 (-13312 -11264 13312 ) (-13312 -11264 -14848 ) (-13312 -12288 -14848 ) (-13312 -12288 13312 ) 
4 1040 1042 (-12288 -12288 -14848 ) (-12288 -12288 13312 ) (-13312 -12288 13312 ) (-13312 -12288 -14848 ) 
4 1041 1045 (-11264 -13312 -14848 ) (-11264 -13312 13312 ) (-12288 -13312 13312 ) (-12288 -13312 -14848 ) 
4 1041 1042 (-12288 -12288 13312 ) (-12288 -12288 -14848 ) (-12288 -13312 -14848 ) (-12288 -13312 13312 ) 
4 1042 1049 (-13312 -13312 -14848 ) (-13312 -13312 13312 ) (-13312 -12288 13312 ) (-13312 -12288 -14848 ) 
4 1042 1046 (-12288 -13312 -14848 ) (-12288 -13312 13312 ) (-13312 -13312 13312 ) (-13312 -13312 -14848 ) 
4 1043 1044 (-10240 -13312 13312 ) (-10240 -13312 -14848 ) (-10240 -14336 -14848 ) (-10240 -14336 13312 ) 
4 1044 1045 (-11264 -13312 13312 ) (-11264 -13312 -14848 ) (-11264 -14336 -14848 ) (-11264 -14336 13312 ) 
4 1045 1046 (-12288 -13312 13312 ) (-12288 -13312 -14848 ) (-12288 -14336 -14848 ) (-12288 -14336 13312 ) 
4 1046 1051 (-13312 -14336 -14848 ) (-13312 -14336 13312 ) (-13312 -13312 13312 ) (-13312 -13312 -14848 ) 
4 1047 1049 (-13312 -12288 -14848 ) (-13312 -12288 13312 ) (-14336 -12288 13312 ) (-14336 -12288 -14848 ) 
4 1047 1048 (-14336 -11264 13312 ) (-14336 -11264 -14848 ) (-14336 -12288 -14848 ) (-14336 -12288 13312 ) 
4 1048 1050 (-14336 -12288 -14848 ) (-14336 -12288 13312 ) (-14848 -12288 13312 ) (-14848 -12288 -14848 ) 
4 1049 1051 (-13312 -13312 -14848 ) (-13312 -13312 13312 ) (-14336 -13312 13312 ) (-14336 -13312 -14848 ) 
4 1049 1050 (-14336 -12288 13312 ) (-14336 -12288 -14848 ) (-14336 -13312 -14848 ) (-14336 -13312 13312 ) 
4 1050 1052 (-14336 -13312 -14848 ) (-14336 -13312 13312 ) (-14848 -13312 13312 ) (-14848 -13312 -14848 ) 
4 1051 1052 (-14336 -13312 13312 ) (-14336 -13312 -14848 ) (-14336 -14336 -14848 ) (-14336 -14336 13312 ) 
