PRT1
610
1811
4 0 15 (4096 1024 -14848 ) (4096 1024 2560 ) (4096 2048 2560 ) (4096 2048 -14848 ) 
4 0 14 (5120 1024 -14848 ) (5120 1024 -16 ) (4096 1024 -16 ) (4096 1024 -14848 ) 
4 0 13 (4128 1024 0 ) (4096 1024 0 ) (4096 1024 -16 ) (4128 1024 -16 ) 
4 0 12 (5120 1024 -16 ) (5120 1024 0 ) (4128 1024 0 ) (4128 1024 -16 ) 
4 0 9 (4128 1024 16 ) (4096 1024 16 ) (4096 1024 0 ) (4128 1024 0 ) 
4 0 8 (4144 1024 16 ) (4128 1024 16 ) (4128 1024 0 ) (4144 1024 0 ) 
4 0 7 (5120 1024 0 ) (5120 1024 16 ) (4144 1024 16 ) (4144 1024 0 ) 
4 0 5 (4096 1024 864 ) (4096 1024 16 ) (4128 1024 16 ) (4128 1024 864 ) 
4 0 4 (4128 1024 2560 ) (4096 1024 2560 ) (4096 1024 864 ) (4128 1024 864 ) 
4 0 2 (4144 1024 2560 ) (4128 1024 2560 ) (4128 1024 16 ) (4144 1024 16 ) 
4 0 1 (5120 1024 16 ) (5120 1024 2560 ) (4144 1024 2560 ) (4144 1024 16 ) 
4 1 81 (5120 0 16 ) (5120 0 2560 ) (4144 0 2560 ) (4144 0 16 ) 
4 1 7 (5120 0 16 ) (4144 0 16 ) (4144 1024 16 ) (5120 1024 16 ) 
4 1 3 (4144 0 688 ) (4144 0 2560 ) (4144 896 2560 ) (4144 896 688 ) 
4 1 2 (4144 1024 16 ) (4144 896 16 ) (4144 896 2560 ) (4144 1024 2560 ) 
4 2 8 (4128 896 16 ) (4128 1024 16 ) (4144 1024 16 ) (4144 896 16 ) 
4 2 5 (4128 1024 864 ) (4128 1024 16 ) (4128 912 16 ) (4128 912 864 ) 
4 2 4 (4128 1024 2560 ) (4128 1024 864 ) (4128 896 864 ) (4128 896 2560 ) 
4 2 3 (4144 896 688 ) (4144 896 2560 ) (4128 896 2560 ) (4128 896 688 ) 
4 3 82 (4144 0 2560 ) (4128 0 2560 ) (4128 0 688 ) (4144 0 688 ) 
4 3 4 (4128 0 864 ) (4128 0 2560 ) (4128 896 2560 ) (4128 896 864 ) 
4 4 84 (4096 0 2560 ) (4096 0 864 ) (4128 0 864 ) (4128 0 2560 ) 
4 4 17 (4096 0 864 ) (4096 0 2560 ) (4096 1024 2560 ) (4096 1024 864 ) 
4 4 5 (4128 1024 864 ) (4128 912 864 ) (4096 912 864 ) (4096 1024 864 ) 
4 5 18 (4096 912 864 ) (4096 1024 864 ) (4096 1024 16 ) (4096 912 16 ) 
4 5 9 (4096 912 16 ) (4096 1024 16 ) (4128 1024 16 ) (4128 912 16 ) 
4 6 85 (4096 0 576 ) (4096 0 16 ) (4128 0 16 ) (4128 0 576 ) 
4 6 19 (4096 0 16 ) (4096 0 576 ) (4096 896 576 ) (4096 896 16 ) 
4 6 10 (4096 672 16 ) (4096 896 16 ) (4128 896 16 ) (4128 672 16 ) 
4 6 11 (4128 0 16 ) (4096 0 16 ) (4096 672 16 ) (4128 672 16 ) 
4 7 87 (5120 0 0 ) (5120 0 16 ) (4144 0 16 ) (4144 0 0 ) 
4 7 12 (4144 1024 0 ) (5120 1024 0 ) (5120 0 0 ) (4144 0 0 ) 
4 7 8 (4144 1024 0 ) (4144 896 0 ) (4144 896 16 ) (4144 1024 16 ) 
4 8 12 (4128 1024 0 ) (4144 1024 0 ) (4144 896 0 ) (4128 896 0 ) 
4 8 9 (4128 1024 0 ) (4128 912 0 ) (4128 912 16 ) (4128 1024 16 ) 
4 9 20 (4096 912 16 ) (4096 1024 16 ) (4096 1024 0 ) (4096 912 0 ) 
4 9 13 (4096 912 0 ) (4096 1024 0 ) (4128 1024 0 ) (4128 912 0 ) 
4 10 21 (4096 672 16 ) (4096 896 16 ) (4096 896 0 ) (4096 672 0 ) 
4 10 11 (4096 672 0 ) (4128 672 0 ) (4128 672 16 ) (4096 672 16 ) 
4 11 89 (4128 0 16 ) (4096 0 16 ) (4096 0 0 ) (4128 0 0 ) 
4 11 22 (4096 0 0 ) (4096 0 16 ) (4096 672 16 ) (4096 672 0 ) 
4 12 92 (5120 0 -16 ) (5120 0 0 ) (4128 0 0 ) (4128 0 -16 ) 
4 12 14 (5120 0 -16 ) (4128 0 -16 ) (4128 1024 -16 ) (5120 1024 -16 ) 
4 12 13 (4128 1024 -16 ) (4128 896 -16 ) (4128 896 0 ) (4128 1024 0 ) 
4 13 23 (4096 896 0 ) (4096 1024 0 ) (4096 1024 -16 ) (4096 896 -16 ) 
4 13 14 (4096 896 -16 ) (4096 1024 -16 ) (4128 1024 -16 ) (4128 896 -16 ) 
4 14 94 (5120 0 -14848 ) (5120 0 -16 ) (4096 0 -16 ) (4096 0 -14848 ) 
4 14 24 (4096 0 -14848 ) (4096 0 -16 ) (4096 1024 -16 ) (4096 1024 -14848 ) 
4 15 24 (4096 1024 -14848 ) (4096 1024 -16 ) (3072 1024 -16 ) (3072 1024 -14848 ) 
4 15 23 (4096 1024 -16 ) (4096 1024 0 ) (3072 1024 0 ) (3072 1024 -16 ) 
4 15 20 (4096 1024 0 ) (4096 1024 16 ) (3072 1024 16 ) (3072 1024 0 ) 
4 15 18 (4096 1024 16 ) (4096 1024 864 ) (3072 1024 864 ) (3072 1024 16 ) 
4 15 17 (4096 1024 864 ) (4096 1024 2560 ) (3072 1024 2560 ) (3072 1024 864 ) 
4 15 16 (3072 1024 -14848 ) (3072 1024 2560 ) (3072 2048 2560 ) (3072 2048 -14848 ) 
4 16 33 (2048 1024 -14848 ) (2048 1024 2560 ) (2048 2048 2560 ) (2048 2048 -14848 ) 
4 16 32 (3072 1024 -14848 ) (3072 1024 -16 ) (2048 1024 -16 ) (2048 1024 -14848 ) 
4 16 31 (3072 1024 -16 ) (3072 1024 0 ) (2048 1024 0 ) (2048 1024 -16 ) 
4 16 28 (3072 1024 0 ) (3072 1024 16 ) (2048 1024 16 ) (2048 1024 0 ) 
4 16 26 (3072 1024 16 ) (3072 1024 864 ) (2048 1024 864 ) (2048 1024 16 ) 
4 16 25 (3072 1024 864 ) (3072 1024 2560 ) (2048 1024 2560 ) (2048 1024 864 ) 
4 17 96 (4096 0 864 ) (4096 0 2560 ) (3072 0 2560 ) (3072 0 864 ) 
4 17 25 (3072 1024 2560 ) (3072 1024 864 ) (3072 0 864 ) (3072 0 2560 ) 
4 17 18 (3072 912 864 ) (3072 1024 864 ) (4096 1024 864 ) (4096 912 864 ) 
4 18 26 (3072 1024 864 ) (3072 1024 16 ) (3072 912 16 ) (3072 912 864 ) 
4 18 20 (3072 1024 16 ) (4096 1024 16 ) (4096 912 16 ) (3072 912 16 ) 
4 19 97 (4096 0 16 ) (4096 0 576 ) (3072 0 576 ) (3072 0 16 ) 
4 19 27 (3072 896 16 ) (3072 0 16 ) (3072 0 576 ) (3072 896 576 ) 
4 19 22 (4096 672 16 ) (4096 0 16 ) (3072 0 16 ) (3072 672 16 ) 
4 19 21 (4096 896 16 ) (4096 672 16 ) (3072 672 16 ) (3072 896 16 ) 
4 20 28 (3072 1024 16 ) (3072 1024 0 ) (3072 912 0 ) (3072 912 16 ) 
4 20 23 (3072 912 0 ) (3072 1024 0 ) (4096 1024 0 ) (4096 912 0 ) 
4 21 29 (3072 896 0 ) (3072 672 0 ) (3072 672 16 ) (3072 896 16 ) 
4 21 22 (3072 672 0 ) (4096 672 0 ) (4096 672 16 ) (3072 672 16 ) 
4 22 99 (4096 0 0 ) (4096 0 16 ) (3072 0 16 ) (3072 0 0 ) 
4 22 30 (3072 672 0 ) (3072 0 0 ) (3072 0 16 ) (3072 672 16 ) 
4 23 31 (3072 1024 0 ) (3072 1024 -16 ) (3072 896 -16 ) (3072 896 0 ) 
4 23 24 (3072 1024 -16 ) (4096 1024 -16 ) (4096 896 -16 ) (3072 896 -16 ) 
4 24 103 (4096 0 -14848 ) (4096 0 -16 ) (3072 0 -16 ) (3072 0 -14848 ) 
4 24 32 (3072 1024 -16 ) (3072 1024 -14848 ) (3072 0 -14848 ) (3072 0 -16 ) 
4 25 104 (3072 0 864 ) (3072 0 2560 ) (2048 0 2560 ) (2048 0 864 ) 
4 25 35 (2048 0 864 ) (2048 0 2560 ) (2048 1024 2560 ) (2048 1024 864 ) 
4 25 26 (2048 912 864 ) (2048 1024 864 ) (3072 1024 864 ) (3072 912 864 ) 
4 26 36 (2048 912 864 ) (2048 1024 864 ) (2048 1024 16 ) (2048 912 16 ) 
4 26 28 (3072 1024 16 ) (3072 912 16 ) (2048 912 16 ) (2048 1024 16 ) 
4 27 105 (3072 0 16 ) (3072 0 576 ) (2048 0 576 ) (2048 0 16 ) 
4 27 37 (2048 0 16 ) (2048 0 576 ) (2048 896 576 ) (2048 896 16 ) 
4 27 30 (3072 672 16 ) (3072 0 16 ) (2048 0 16 ) (2048 672 16 ) 
4 27 29 (3072 896 16 ) (3072 672 16 ) (2048 672 16 ) (2048 896 16 ) 
4 28 39 (2048 912 16 ) (2048 1024 16 ) (2048 1024 0 ) (2048 912 0 ) 
4 28 31 (2048 912 0 ) (2048 1024 0 ) (3072 1024 0 ) (3072 912 0 ) 
4 29 40 (2048 672 16 ) (2048 896 16 ) (2048 896 0 ) (2048 672 0 ) 
4 29 30 (2048 672 0 ) (3072 672 0 ) (3072 672 16 ) (2048 672 16 ) 
4 30 107 (3072 0 0 ) (3072 0 16 ) (2048 0 16 ) (2048 0 0 ) 
4 30 41 (2048 0 0 ) (2048 0 16 ) (2048 672 16 ) (2048 672 0 ) 
4 31 42 (2048 896 0 ) (2048 1024 0 ) (2048 1024 -16 ) (2048 896 -16 ) 
4 31 32 (3072 1024 -16 ) (3072 896 -16 ) (2048 896 -16 ) (2048 1024 -16 ) 
4 32 111 (3072 0 -14848 ) (3072 0 -16 ) (2048 0 -16 ) (2048 0 -14848 ) 
4 32 52 (2048 0 -14848 ) (2048 0 -8848 ) (2048 1024 -8848 ) (2048 1024 -14848 ) 
4 32 50 (2048 0 -8848 ) (2048 0 -8832 ) (2048 1024 -8832 ) (2048 1024 -8848 ) 
4 32 46 (2048 0 -8832 ) (2048 0 -7936 ) (2048 1024 -7936 ) (2048 1024 -8832 ) 
4 32 44 (2048 0 -7936 ) (2048 0 -7920 ) (2048 1024 -7920 ) (2048 1024 -7936 ) 
4 32 43 (2048 0 -7920 ) (2048 0 -16 ) (2048 896 -16 ) (2048 896 -7920 ) 
4 32 42 (2048 896 -16 ) (2048 1024 -16 ) (2048 1024 -7920 ) (2048 896 -7920 ) 
4 33 52 (2048 1024 -14848 ) (2048 1024 -8848 ) (1024 1024 -8848 ) (1024 1024 -14848 ) 
4 33 51 (1408 1024 -8832 ) (1024 1024 -8832 ) (1024 1024 -8848 ) (1408 1024 -8848 ) 
4 33 50 (2048 1024 -8848 ) (2048 1024 -8832 ) (1408 1024 -8832 ) (1408 1024 -8848 ) 
4 33 48 (1408 1024 -7936 ) (1024 1024 -7936 ) (1024 1024 -8832 ) (1408 1024 -8832 ) 
4 33 47 (1424 1024 -7936 ) (1408 1024 -7936 ) (1408 1024 -8832 ) (1424 1024 -8832 ) 
4 33 46 (2048 1024 -8832 ) (2048 1024 -7936 ) (1424 1024 -7936 ) (1424 1024 -8832 ) 
4 33 45 (1408 1024 -7920 ) (1024 1024 -7920 ) (1024 1024 -7936 ) (1408 1024 -7936 ) 
4 33 44 (2048 1024 -7936 ) (2048 1024 -7920 ) (1408 1024 -7920 ) (1408 1024 -7936 ) 
4 33 42 (2048 1024 -7920 ) (2048 1024 0 ) (1024 1024 0 ) (1024 1024 -7920 ) 
4 33 39 (2048 1024 0 ) (2048 1024 16 ) (1024 1024 16 ) (1024 1024 0 ) 
4 33 36 (2048 1024 16 ) (2048 1024 864 ) (1024 1024 864 ) (1024 1024 16 ) 
4 33 35 (2048 1024 864 ) (2048 1024 2560 ) (1024 1024 2560 ) (1024 1024 864 ) 
4 33 34 (1024 1024 -14848 ) (1024 1024 2560 ) (1024 2048 2560 ) (1024 2048 -14848 ) 
4 34 180 (0 1024 -14848 ) (0 1024 2560 ) (0 2048 2560 ) (0 2048 -14848 ) 
4 34 80 (1024 1024 -14848 ) (1024 1024 -8848 ) (0 1024 -8848 ) (0 1024 -14848 ) 
4 34 79 (1024 1024 -8848 ) (1024 1024 -8832 ) (0 1024 -8832 ) (0 1024 -8848 ) 
4 34 77 (1024 1024 -8832 ) (1024 1024 -7936 ) (0 1024 -7936 ) (0 1024 -8832 ) 
4 34 75 (1024 1024 -7936 ) (1024 1024 -16 ) (0 1024 -16 ) (0 1024 -7936 ) 
4 34 74 (1024 1024 -16 ) (1024 1024 0 ) (0 1024 0 ) (0 1024 -16 ) 
4 34 64 (1024 1024 0 ) (1024 1024 16 ) (0 1024 16 ) (0 1024 0 ) 
4 34 53 (1024 1024 16 ) (1024 1024 2560 ) (0 1024 2560 ) (0 1024 16 ) 
4 35 114 (2048 0 864 ) (2048 0 2560 ) (1024 0 2560 ) (1024 0 864 ) 
4 35 55 (1024 896 864 ) (1024 0 864 ) (1024 0 2560 ) (1024 896 2560 ) 
4 35 54 (1024 912 864 ) (1024 896 864 ) (1024 896 2560 ) (1024 912 2560 ) 
4 35 53 (1024 1024 2560 ) (1024 1024 864 ) (1024 912 864 ) (1024 912 2560 ) 
4 35 38 (1440 0 864 ) (1024 0 864 ) (1024 896 864 ) (1440 896 864 ) 
4 35 36 (1024 912 864 ) (1024 1024 864 ) (2048 1024 864 ) (2048 912 864 ) 
4 36 53 (1024 1024 864 ) (1024 1024 16 ) (1024 912 16 ) (1024 912 864 ) 
4 36 39 (1024 1024 16 ) (2048 1024 16 ) (2048 912 16 ) (1024 912 16 ) 
4 37 115 (2048 0 16 ) (2048 0 576 ) (1440 0 576 ) (1440 0 16 ) 
4 37 40 (2048 896 16 ) (2048 672 16 ) (1440 672 16 ) (1440 896 16 ) 
4 37 41 (2048 672 16 ) (2048 0 16 ) (1440 0 16 ) (1440 672 16 ) 
4 37 38 (1440 896 576 ) (1440 896 16 ) (1440 0 16 ) (1440 0 576 ) 
4 38 116 (1440 0 864 ) (1024 0 864 ) (1024 0 16 ) (1440 0 16 ) 
4 38 56 (1024 896 16 ) (1024 0 16 ) (1024 0 864 ) (1024 896 864 ) 
4 38 40 (1024 672 16 ) (1024 896 16 ) (1440 896 16 ) (1440 672 16 ) 
4 38 41 (1440 0 16 ) (1024 0 16 ) (1024 672 16 ) (1440 672 16 ) 
4 39 64 (1024 1024 16 ) (1024 1024 0 ) (1024 912 0 ) (1024 912 16 ) 
4 39 42 (1024 1024 0 ) (2048 1024 0 ) (2048 912 0 ) (1024 912 0 ) 
4 40 66 (1024 800 0 ) (1024 672 0 ) (1024 672 16 ) (1024 800 16 ) 
4 40 65 (1024 896 0 ) (1024 800 0 ) (1024 800 16 ) (1024 896 16 ) 
4 40 41 (1024 672 0 ) (2048 672 0 ) (2048 672 16 ) (1024 672 16 ) 
4 41 118 (2048 0 0 ) (2048 0 16 ) (1024 0 16 ) (1024 0 0 ) 
4 41 68 (1024 672 0 ) (1024 0 0 ) (1024 0 16 ) (1024 672 16 ) 
4 42 75 (1024 1024 -16 ) (1024 1024 -7920 ) (1024 896 -7920 ) (1024 896 -16 ) 
4 42 74 (1024 1024 0 ) (1024 1024 -16 ) (1024 896 -16 ) (1024 896 0 ) 
4 42 45 (1024 896 -7920 ) (1024 1024 -7920 ) (1408 1024 -7920 ) (1408 896 -7920 ) 
4 42 44 (1408 1024 -7920 ) (2048 1024 -7920 ) (2048 896 -7920 ) (1408 896 -7920 ) 
4 42 43 (1024 896 -7920 ) (2048 896 -7920 ) (2048 896 -16 ) (1024 896 -16 ) 
4 43 126 (1408 0 -16 ) (1024 0 -16 ) (1024 0 -7920 ) (1408 0 -7920 ) 
4 43 125 (2048 0 -7920 ) (2048 0 -16 ) (1408 0 -16 ) (1408 0 -7920 ) 
4 43 76 (1024 768 -7920 ) (1024 0 -7920 ) (1024 0 -16 ) (1024 768 -16 ) 
4 43 75 (1024 896 -7920 ) (1024 768 -7920 ) (1024 768 -16 ) (1024 896 -16 ) 
4 43 45 (1024 768 -7920 ) (1024 896 -7920 ) (1408 896 -7920 ) (1408 768 -7920 ) 
4 43 44 (2048 0 -7920 ) (1408 0 -7920 ) (1408 896 -7920 ) (2048 896 -7920 ) 
4 44 125 (2048 0 -7936 ) (2048 0 -7920 ) (1408 0 -7920 ) (1408 0 -7936 ) 
4 44 47 (1408 768 -7936 ) (1408 1024 -7936 ) (1424 1024 -7936 ) (1424 768 -7936 ) 
4 44 46 (2048 0 -7936 ) (1424 0 -7936 ) (1424 1024 -7936 ) (2048 1024 -7936 ) 
4 44 45 (1408 1024 -7936 ) (1408 768 -7936 ) (1408 768 -7920 ) (1408 1024 -7920 ) 
4 45 75 (1024 1024 -7920 ) (1024 1024 -7936 ) (1024 768 -7936 ) (1024 768 -7920 ) 
4 45 48 (1024 784 -7936 ) (1024 1024 -7936 ) (1408 1024 -7936 ) (1408 784 -7936 ) 
4 46 128 (2048 0 -8832 ) (2048 0 -7936 ) (1424 0 -7936 ) (1424 0 -8832 ) 
4 46 50 (1424 1024 -8832 ) (2048 1024 -8832 ) (2048 0 -8832 ) (1424 0 -8832 ) 
4 46 47 (1424 1024 -8832 ) (1424 768 -8832 ) (1424 768 -7936 ) (1424 1024 -7936 ) 
4 47 50 (1408 1024 -8832 ) (1424 1024 -8832 ) (1424 768 -8832 ) (1408 768 -8832 ) 
4 47 48 (1408 1024 -8832 ) (1408 784 -8832 ) (1408 784 -7936 ) (1408 1024 -7936 ) 
4 48 77 (1024 1024 -7936 ) (1024 1024 -8832 ) (1024 784 -8832 ) (1024 784 -7936 ) 
4 48 51 (1024 1024 -8832 ) (1408 1024 -8832 ) (1408 784 -8832 ) (1024 784 -8832 ) 
4 49 130 (1408 0 -7936 ) (1024 0 -7936 ) (1024 0 -8832 ) (1408 0 -8832 ) 
4 49 78 (1024 768 -8832 ) (1024 0 -8832 ) (1024 0 -7936 ) (1024 768 -7936 ) 
4 50 132 (2048 0 -8848 ) (2048 0 -8832 ) (1408 0 -8832 ) (1408 0 -8848 ) 
4 50 52 (2048 0 -8848 ) (1408 0 -8848 ) (1408 1024 -8848 ) (2048 1024 -8848 ) 
4 50 51 (1408 1024 -8848 ) (1408 768 -8848 ) (1408 768 -8832 ) (1408 1024 -8832 ) 
4 51 79 (1024 1024 -8832 ) (1024 1024 -8848 ) (1024 768 -8848 ) (1024 768 -8832 ) 
4 51 52 (1024 768 -8848 ) (1024 1024 -8848 ) (1408 1024 -8848 ) (1408 768 -8848 ) 
4 52 134 (2048 0 -14848 ) (2048 0 -8848 ) (1024 0 -8848 ) (1024 0 -14848 ) 
4 52 80 (1024 1024 -8848 ) (1024 1024 -14848 ) (1024 0 -14848 ) (1024 0 -8848 ) 
4 53 183 (0 1024 864 ) (0 1024 16 ) (0 912 16 ) (0 912 864 ) 
4 53 182 (0 1024 2560 ) (0 1024 864 ) (0 912 864 ) (0 912 2560 ) 
4 53 64 (1024 1024 16 ) (1024 912 16 ) (0 912 16 ) (0 1024 16 ) 
4 53 54 (1024 912 864 ) (1024 912 2560 ) (0 912 2560 ) (0 912 864 ) 
4 54 182 (0 896 864 ) (0 896 2560 ) (0 912 2560 ) (0 912 864 ) 
4 54 58 (0 896 2560 ) (0 896 864 ) (448 896 864 ) (448 896 2560 ) 
4 54 55 (448 896 864 ) (1024 896 864 ) (1024 896 2560 ) (448 896 2560 ) 
4 55 138 (496 0 2560 ) (448 0 2560 ) (448 0 864 ) (496 0 864 ) 
4 55 137 (800 0 2560 ) (496 0 2560 ) (496 0 864 ) (800 0 864 ) 
4 55 136 (952 0 2560 ) (800 0 2560 ) (800 0 864 ) (952 0 864 ) 
4 55 135 (1024 0 864 ) (1024 0 2560 ) (952 0 2560 ) (952 0 864 ) 
4 55 58 (448 896 2560 ) (448 896 864 ) (448 0 864 ) (448 0 2560 ) 
4 55 56 (1024 0 864 ) (496 0 864 ) (496 896 864 ) (1024 896 864 ) 
4 56 157 (1008 0 128 ) (848 0 128 ) (848 0 16 ) (1008 0 16 ) 
4 56 156 (1024 0 16 ) (1024 0 128 ) (1008 0 128 ) (1008 0 16 ) 
4 56 160 (848 0 128 ) (496 0 128 ) (496 0 16 ) (848 0 16 ) 
4 56 154 (800 0 272 ) (496 0 272 ) (496 0 128 ) (800 0 128 ) 
4 56 149 (808 0 232 ) (808 0 175 ) (944 0 175 ) (944 0 232 ) 
4 56 144 (1024 0 128 ) (1024 0 272 ) (952 0 272 ) (952 0 128 ) 
4 56 137 (800 0 864 ) (496 0 864 ) (496 0 272 ) (800 0 272 ) 
4 56 136 (952 0 864 ) (800 0 864 ) (800 0 280 ) (952 0 280 ) 
4 56 135 (1024 0 272 ) (1024 0 864 ) (952 0 864 ) (952 0 272 ) 
4 56 70 (496 640 16 ) (496 672 16 ) (544 672 16 ) (544 640 16 ) 
4 56 69 (544 672 16 ) (592 672 16 ) (592 640 16 ) (544 640 16 ) 
4 56 72 (592 0 16 ) (496 0 16 ) (496 640 16 ) (592 640 16 ) 
4 56 68 (1024 672 16 ) (1024 0 16 ) (592 0 16 ) (592 672 16 ) 
4 56 66 (1024 800 16 ) (1024 672 16 ) (496 672 16 ) (496 800 16 ) 
4 56 65 (1024 896 16 ) (1024 800 16 ) (496 800 16 ) (496 896 16 ) 
4 56 57 (496 896 432 ) (496 896 16 ) (496 0 16 ) (496 0 432 ) 
4 57 160 (448 0 128 ) (448 0 16 ) (496 0 16 ) (496 0 128 ) 
4 57 154 (448 0 272 ) (448 0 128 ) (496 0 128 ) (496 0 272 ) 
4 57 139 (448 0 432 ) (448 0 272 ) (496 0 272 ) (496 0 432 ) 
4 57 71 (448 640 16 ) (448 672 16 ) (496 672 16 ) (496 640 16 ) 
4 57 72 (496 0 16 ) (448 0 16 ) (448 640 16 ) (496 640 16 ) 
4 57 66 (448 672 16 ) (448 800 16 ) (496 800 16 ) (496 672 16 ) 
4 57 65 (448 800 16 ) (448 896 16 ) (496 896 16 ) (496 800 16 ) 
4 57 60 (448 896 168 ) (448 896 16 ) (448 0 16 ) (448 0 168 ) 
4 57 59 (448 896 432 ) (448 896 168 ) (448 0 168 ) (448 0 432 ) 
4 58 184 (0 0 704 ) (0 0 2560 ) (0 896 2560 ) (0 896 704 ) 
4 58 140 (0 0 2560 ) (0 0 704 ) (448 0 704 ) (448 0 2560 ) 
4 59 185 (0 0 168 ) (0 0 688 ) (0 896 688 ) (0 896 168 ) 
4 59 154 (0 0 272 ) (0 0 168 ) (448 0 168 ) (448 0 272 ) 
4 59 141 (0 0 688 ) (0 0 272 ) (448 0 272 ) (448 0 688 ) 
4 59 61 (0 704 168 ) (0 896 168 ) (48 896 168 ) (48 704 168 ) 
4 59 63 (0 0 168 ) (0 640 168 ) (48 640 168 ) (48 0 168 ) 
4 59 60 (48 896 168 ) (448 896 168 ) (448 0 168 ) (48 0 168 ) 
4 60 160 (48 0 16 ) (448 0 16 ) (448 0 128 ) (48 0 128 ) 
4 60 154 (448 0 128 ) (448 0 168 ) (48 0 168 ) (48 0 128 ) 
4 60 73 (448 0 16 ) (48 0 16 ) (48 672 16 ) (448 672 16 ) 
4 60 67 (48 672 16 ) (48 800 16 ) (448 800 16 ) (448 672 16 ) 
4 60 65 (48 800 16 ) (48 896 16 ) (448 896 16 ) (448 800 16 ) 
4 60 62 (48 704 128 ) (48 704 16 ) (48 640 16 ) (48 640 128 ) 
4 60 61 (48 704 168 ) (48 896 168 ) (48 896 16 ) (48 704 16 ) 
4 60 63 (48 0 168 ) (48 640 168 ) (48 640 16 ) (48 0 16 ) 
4 61 189 (0 704 168 ) (0 896 168 ) (0 896 16 ) (0 704 16 ) 
4 61 67 (0 704 16 ) (0 800 16 ) (48 800 16 ) (48 704 16 ) 
4 61 65 (0 800 16 ) (0 896 16 ) (48 896 16 ) (48 800 16 ) 
4 61 62 (0 704 16 ) (48 704 16 ) (48 704 128 ) (0 704 128 ) 
4 62 190 (0 704 128 ) (0 704 16 ) (0 640 16 ) (0 640 128 ) 
4 62 73 (0 640 16 ) (0 672 16 ) (48 672 16 ) (48 640 16 ) 
4 62 67 (0 672 16 ) (0 704 16 ) (48 704 16 ) (48 672 16 ) 
4 62 63 (0 640 16 ) (48 640 16 ) (48 640 128 ) (0 640 128 ) 
4 63 191 (0 0 16 ) (0 0 168 ) (0 640 168 ) (0 640 16 ) 
4 63 160 (0 0 128 ) (0 0 16 ) (48 0 16 ) (48 0 128 ) 
4 63 154 (0 0 168 ) (0 0 128 ) (48 0 128 ) (48 0 168 ) 
4 63 73 (48 0 16 ) (0 0 16 ) (0 640 16 ) (48 640 16 ) 
4 64 193 (0 912 16 ) (0 1024 16 ) (0 1024 0 ) (0 912 0 ) 
4 64 74 (0 912 0 ) (0 1024 0 ) (1024 1024 0 ) (1024 912 0 ) 
4 65 194 (0 800 16 ) (0 896 16 ) (0 896 0 ) (0 800 0 ) 
4 65 67 (0 800 0 ) (448 800 0 ) (448 800 16 ) (0 800 16 ) 
4 65 66 (448 800 0 ) (1024 800 0 ) (1024 800 16 ) (448 800 16 ) 
4 66 70 (496 672 0 ) (544 672 0 ) (544 672 16 ) (496 672 16 ) 
4 66 69 (544 672 0 ) (592 672 0 ) (592 672 16 ) (544 672 16 ) 
4 66 71 (448 672 0 ) (496 672 0 ) (496 672 16 ) (448 672 16 ) 
4 66 68 (592 672 0 ) (1024 672 0 ) (1024 672 16 ) (592 672 16 ) 
4 66 67 (448 800 16 ) (448 800 0 ) (448 672 0 ) (448 672 16 ) 
4 67 195 (0 672 16 ) (0 800 16 ) (0 800 0 ) (0 672 0 ) 
4 67 73 (0 672 0 ) (448 672 0 ) (448 672 16 ) (0 672 16 ) 
4 68 162 (1024 0 0 ) (1024 0 16 ) (592 0 16 ) (592 0 0 ) 
4 68 69 (592 672 16 ) (592 672 0 ) (592 640 0 ) (592 640 16 ) 
4 68 72 (592 640 0 ) (592 0 0 ) (592 0 16 ) (592 640 16 ) 
4 69 72 (544 640 0 ) (592 640 0 ) (592 640 16 ) (544 640 16 ) 
4 69 70 (544 672 16 ) (544 672 0 ) (544 640 0 ) (544 640 16 ) 
4 70 71 (496 672 16 ) (496 672 0 ) (496 640 0 ) (496 640 16 ) 
4 70 72 (496 640 0 ) (544 640 0 ) (544 640 16 ) (496 640 16 ) 
4 71 72 (448 640 16 ) (448 640 0 ) (496 640 0 ) (496 640 16 ) 
4 71 73 (448 672 16 ) (448 672 0 ) (448 640 0 ) (448 640 16 ) 
4 72 165 (496 0 16 ) (448 0 16 ) (448 0 0 ) (496 0 0 ) 
4 72 164 (544 0 16 ) (496 0 16 ) (496 0 0 ) (544 0 0 ) 
4 72 163 (592 0 16 ) (544 0 16 ) (544 0 0 ) (592 0 0 ) 
4 72 73 (448 640 0 ) (448 0 0 ) (448 0 16 ) (448 640 16 ) 
4 73 195 (0 0 0 ) (0 0 16 ) (0 672 16 ) (0 672 0 ) 
4 73 166 (448 0 16 ) (0 0 16 ) (0 0 0 ) (448 0 0 ) 
4 74 196 (0 896 0 ) (0 1024 0 ) (0 1024 -16 ) (0 896 -16 ) 
4 74 75 (1024 1024 -16 ) (1024 896 -16 ) (0 896 -16 ) (0 1024 -16 ) 
4 75 197 (0 768 -16 ) (0 1024 -16 ) (0 1024 -7936 ) (0 768 -7936 ) 
4 75 77 (0 784 -7936 ) (0 1024 -7936 ) (1024 1024 -7936 ) (1024 784 -7936 ) 
4 75 76 (1024 768 -7920 ) (1024 768 -16 ) (0 768 -16 ) (0 768 -7920 ) 
4 76 198 (0 0 -7920 ) (0 0 -16 ) (0 768 -16 ) (0 768 -7920 ) 
4 76 172 (1024 0 -7920 ) (1024 0 -16 ) (0 0 -16 ) (0 0 -7920 ) 
4 77 199 (0 784 -7936 ) (0 1024 -7936 ) (0 1024 -8832 ) (0 784 -8832 ) 
4 77 79 (1024 1024 -8832 ) (1024 784 -8832 ) (0 784 -8832 ) (0 1024 -8832 ) 
4 78 203 (0 0 -8832 ) (0 0 -7936 ) (0 768 -7936 ) (0 768 -8832 ) 
4 78 174 (1024 0 -8832 ) (1024 0 -7936 ) (0 0 -7936 ) (0 0 -8832 ) 
4 79 200 (0 768 -8832 ) (0 784 -8832 ) (0 784 -8848 ) (0 768 -8848 ) 
4 79 199 (0 784 -8832 ) (0 1024 -8832 ) (0 1024 -8848 ) (0 784 -8848 ) 
4 79 80 (0 768 -8848 ) (0 1024 -8848 ) (1024 1024 -8848 ) (1024 768 -8848 ) 
4 80 249 (0 0 -14848 ) (0 0 -10368 ) (0 1024 -10368 ) (0 1024 -14848 ) 
4 80 245 (0 0 -10368 ) (0 0 -9968 ) (0 1024 -9968 ) (0 1024 -10368 ) 
4 80 204 (0 0 -9968 ) (0 0 -8848 ) (0 768 -8848 ) (0 768 -9968 ) 
4 80 200 (0 768 -8848 ) (0 784 -8848 ) (0 784 -9968 ) (0 768 -9968 ) 
4 80 199 (0 784 -8848 ) (0 1024 -8848 ) (0 1024 -9968 ) (0 784 -9968 ) 
4 80 177 (1024 0 -14848 ) (1024 0 -8848 ) (0 0 -8848 ) (0 0 -14848 ) 
4 81 95 (5120 -1024 16 ) (5120 -1024 2560 ) (4144 -1024 2560 ) (4144 -1024 16 ) 
4 81 87 (5120 -1024 16 ) (4144 -1024 16 ) (4144 0 16 ) (5120 0 16 ) 
4 81 82 (4144 -256 688 ) (4144 -256 2560 ) (4144 0 2560 ) (4144 0 688 ) 
4 81 83 (4144 -256 16 ) (4144 -1024 16 ) (4144 -1024 2560 ) (4144 -256 2560 ) 
4 82 84 (4128 0 2560 ) (4128 0 864 ) (4128 -256 864 ) (4128 -256 2560 ) 
4 82 83 (4144 -256 688 ) (4144 -256 2560 ) (4128 -256 2560 ) (4128 -256 688 ) 
4 83 95 (4144 -1024 2560 ) (4128 -1024 2560 ) (4128 -1024 16 ) (4144 -1024 16 ) 
4 83 88 (4144 -1024 16 ) (4128 -1024 16 ) (4128 -256 16 ) (4144 -256 16 ) 
4 83 86 (4128 -272 16 ) (4128 -1024 16 ) (4128 -1024 864 ) (4128 -272 864 ) 
4 83 84 (4128 -1024 864 ) (4128 -1024 2560 ) (4128 -256 2560 ) (4128 -256 864 ) 
4 84 96 (4096 0 2560 ) (4096 0 864 ) (4096 -1024 864 ) (4096 -1024 2560 ) 
4 84 95 (4096 -1024 2560 ) (4096 -1024 864 ) (4128 -1024 864 ) (4128 -1024 2560 ) 
4 84 86 (4128 -272 864 ) (4128 -1024 864 ) (4096 -1024 864 ) (4096 -272 864 ) 
4 85 97 (4096 0 576 ) (4096 0 16 ) (4096 -256 16 ) (4096 -256 576 ) 
4 85 90 (4096 -256 16 ) (4096 -32 16 ) (4128 -32 16 ) (4128 -256 16 ) 
4 85 89 (4096 -32 16 ) (4096 0 16 ) (4128 0 16 ) (4128 -32 16 ) 
4 86 98 (4096 -272 16 ) (4096 -1024 16 ) (4096 -1024 864 ) (4096 -272 864 ) 
4 86 95 (4096 -1024 864 ) (4096 -1024 16 ) (4128 -1024 16 ) (4128 -1024 864 ) 
4 86 91 (4128 -1024 16 ) (4096 -1024 16 ) (4096 -272 16 ) (4128 -272 16 ) 
4 87 95 (5120 -1024 0 ) (5120 -1024 16 ) (4144 -1024 16 ) (4144 -1024 0 ) 
4 87 92 (4144 0 0 ) (5120 0 0 ) (5120 -1024 0 ) (4144 -1024 0 ) 
4 87 88 (4144 -256 0 ) (4144 -1024 0 ) (4144 -1024 16 ) (4144 -256 16 ) 
4 88 95 (4144 -1024 16 ) (4128 -1024 16 ) (4128 -1024 0 ) (4144 -1024 0 ) 
4 88 92 (4144 -256 0 ) (4144 -1024 0 ) (4128 -1024 0 ) (4128 -256 0 ) 
4 88 91 (4128 -272 0 ) (4128 -1024 0 ) (4128 -1024 16 ) (4128 -272 16 ) 
4 89 99 (4096 0 16 ) (4096 0 0 ) (4096 -32 0 ) (4096 -32 16 ) 
4 89 90 (4096 -32 0 ) (4128 -32 0 ) (4128 -32 16 ) (4096 -32 16 ) 
4 90 100 (4096 -32 0 ) (4096 -256 0 ) (4096 -256 16 ) (4096 -32 16 ) 
4 91 101 (4096 -272 0 ) (4096 -1024 0 ) (4096 -1024 16 ) (4096 -272 16 ) 
4 91 95 (4128 -1024 16 ) (4096 -1024 16 ) (4096 -1024 0 ) (4128 -1024 0 ) 
4 91 93 (4096 -1024 0 ) (4096 -272 0 ) (4128 -272 0 ) (4128 -1024 0 ) 
4 92 95 (5120 -1024 -16 ) (5120 -1024 0 ) (4128 -1024 0 ) (4128 -1024 -16 ) 
4 92 94 (5120 -1024 -16 ) (4128 -1024 -16 ) (4128 0 -16 ) (5120 0 -16 ) 
4 92 93 (4128 -256 -16 ) (4128 -1024 -16 ) (4128 -1024 0 ) (4128 -256 0 ) 
4 93 102 (4096 -256 -16 ) (4096 -1024 -16 ) (4096 -1024 0 ) (4096 -256 0 ) 
4 93 95 (4128 -1024 0 ) (4096 -1024 0 ) (4096 -1024 -16 ) (4128 -1024 -16 ) 
4 93 94 (4128 -1024 -16 ) (4096 -1024 -16 ) (4096 -256 -16 ) (4128 -256 -16 ) 
4 94 103 (4096 0 -16 ) (4096 0 -14848 ) (4096 -1024 -14848 ) (4096 -1024 -16 ) 
4 94 95 (5120 -1024 -14848 ) (5120 -1024 -16 ) (4096 -1024 -16 ) (4096 -1024 -14848 ) 
4 95 112 (4096 -2048 -14848 ) (4096 -2048 2560 ) (4096 -1024 2560 ) (4096 -1024 -14848 ) 
4 96 112 (4096 -1024 864 ) (4096 -1024 2560 ) (3072 -1024 2560 ) (3072 -1024 864 ) 
4 96 104 (3072 0 2560 ) (3072 0 864 ) (3072 -1024 864 ) (3072 -1024 2560 ) 
4 96 98 (3072 -1024 864 ) (3072 -272 864 ) (4096 -272 864 ) (4096 -1024 864 ) 
4 97 105 (3072 0 576 ) (3072 0 16 ) (3072 -256 16 ) (3072 -256 576 ) 
4 97 100 (3072 -256 16 ) (3072 -32 16 ) (4096 -32 16 ) (4096 -256 16 ) 
4 97 99 (3072 -32 16 ) (3072 0 16 ) (4096 0 16 ) (4096 -32 16 ) 
4 98 112 (4096 -1024 16 ) (4096 -1024 864 ) (3072 -1024 864 ) (3072 -1024 16 ) 
4 98 106 (3072 -272 16 ) (3072 -1024 16 ) (3072 -1024 864 ) (3072 -272 864 ) 
4 98 101 (4096 -1024 16 ) (3072 -1024 16 ) (3072 -272 16 ) (4096 -272 16 ) 
4 99 107 (3072 0 16 ) (3072 0 0 ) (3072 -32 0 ) (3072 -32 16 ) 
4 99 100 (3072 -32 0 ) (4096 -32 0 ) (4096 -32 16 ) (3072 -32 16 ) 
4 100 108 (3072 -32 0 ) (3072 -256 0 ) (3072 -256 16 ) (3072 -32 16 ) 
4 101 112 (4096 -1024 0 ) (4096 -1024 16 ) (3072 -1024 16 ) (3072 -1024 0 ) 
4 101 109 (3072 -272 0 ) (3072 -1024 0 ) (3072 -1024 16 ) (3072 -272 16 ) 
4 101 102 (3072 -1024 0 ) (3072 -272 0 ) (4096 -272 0 ) (4096 -1024 0 ) 
4 102 112 (4096 -1024 -16 ) (4096 -1024 0 ) (3072 -1024 0 ) (3072 -1024 -16 ) 
4 102 110 (3072 -256 -16 ) (3072 -1024 -16 ) (3072 -1024 0 ) (3072 -256 0 ) 
4 102 103 (4096 -1024 -16 ) (3072 -1024 -16 ) (3072 -256 -16 ) (4096 -256 -16 ) 
4 103 112 (4096 -1024 -14848 ) (4096 -1024 -16 ) (3072 -1024 -16 ) (3072 -1024 -14848 ) 
4 103 111 (3072 0 -16 ) (3072 0 -14848 ) (3072 -1024 -14848 ) (3072 -1024 -16 ) 
4 104 114 (2048 0 2560 ) (2048 0 864 ) (2048 -1024 864 ) (2048 -1024 2560 ) 
4 104 113 (3072 -1024 864 ) (3072 -1024 2560 ) (2048 -1024 2560 ) (2048 -1024 864 ) 
4 104 106 (3072 -1024 864 ) (2048 -1024 864 ) (2048 -272 864 ) (3072 -272 864 ) 
4 105 115 (2048 0 576 ) (2048 0 16 ) (2048 -256 16 ) (2048 -256 576 ) 
4 105 108 (3072 -32 16 ) (3072 -256 16 ) (2048 -256 16 ) (2048 -32 16 ) 
4 105 107 (2048 0 16 ) (3072 0 16 ) (3072 -32 16 ) (2048 -32 16 ) 
4 106 117 (2048 -272 16 ) (2048 -1024 16 ) (2048 -1024 864 ) (2048 -272 864 ) 
4 106 113 (3072 -1024 16 ) (3072 -1024 864 ) (2048 -1024 864 ) (2048 -1024 16 ) 
4 106 109 (3072 -272 16 ) (3072 -1024 16 ) (2048 -1024 16 ) (2048 -272 16 ) 
4 107 118 (2048 0 16 ) (2048 0 0 ) (2048 -32 0 ) (2048 -32 16 ) 
4 107 108 (2048 -32 0 ) (3072 -32 0 ) (3072 -32 16 ) (2048 -32 16 ) 
4 108 122 (2048 -128 0 ) (2048 -256 0 ) (2048 -256 16 ) (2048 -128 16 ) 
4 108 119 (2048 -32 0 ) (2048 -128 0 ) (2048 -128 16 ) (2048 -32 16 ) 
4 109 123 (2048 -272 0 ) (2048 -1024 0 ) (2048 -1024 16 ) (2048 -272 16 ) 
4 109 113 (3072 -1024 0 ) (3072 -1024 16 ) (2048 -1024 16 ) (2048 -1024 0 ) 
4 109 110 (3072 -1024 0 ) (2048 -1024 0 ) (2048 -272 0 ) (3072 -272 0 ) 
4 110 124 (2048 -256 -16 ) (2048 -1024 -16 ) (2048 -1024 0 ) (2048 -256 0 ) 
4 110 113 (3072 -1024 -16 ) (3072 -1024 0 ) (2048 -1024 0 ) (2048 -1024 -16 ) 
4 110 111 (3072 -256 -16 ) (3072 -1024 -16 ) (2048 -1024 -16 ) (2048 -256 -16 ) 
4 111 134 (2048 0 -8848 ) (2048 0 -14848 ) (2048 -1024 -14848 ) (2048 -1024 -8848 ) 
4 111 132 (2048 0 -8832 ) (2048 0 -8848 ) (2048 -1024 -8848 ) (2048 -1024 -8832 ) 
4 111 128 (2048 0 -7936 ) (2048 0 -8832 ) (2048 -1024 -8832 ) (2048 -1024 -7936 ) 
4 111 125 (2048 0 -16 ) (2048 0 -7936 ) (2048 -1024 -7936 ) (2048 -1024 -16 ) 
4 111 113 (3072 -1024 -14848 ) (3072 -1024 -16 ) (2048 -1024 -16 ) (2048 -1024 -14848 ) 
4 112 113 (3072 -1024 2560 ) (3072 -1024 -14848 ) (3072 -2048 -14848 ) (3072 -2048 2560 ) 
4 113 178 (2048 -2048 -14848 ) (2048 -2048 2560 ) (2048 -1024 2560 ) (2048 -1024 -14848 ) 
4 114 178 (2048 -1024 864 ) (2048 -1024 2560 ) (1024 -1024 2560 ) (1024 -1024 864 ) 
4 114 142 (1024 -256 864 ) (1024 -1024 864 ) (1024 -1024 2560 ) (1024 -256 2560 ) 
4 114 135 (1024 0 2560 ) (1024 0 864 ) (1024 -256 864 ) (1024 -256 2560 ) 
4 114 117 (1024 -1024 864 ) (1024 -272 864 ) (2048 -272 864 ) (2048 -1024 864 ) 
4 114 116 (1024 -256 864 ) (1024 0 864 ) (1440 0 864 ) (1440 -256 864 ) 
4 115 122 (2048 -128 16 ) (2048 -256 16 ) (1440 -256 16 ) (1440 -128 16 ) 
4 115 120 (1616 -128 16 ) (1520 -128 16 ) (1520 -32 16 ) (1616 -32 16 ) 
4 115 119 (2048 -32 16 ) (2048 -128 16 ) (1616 -128 16 ) (1616 -32 16 ) 
4 115 121 (1520 -128 16 ) (1440 -128 16 ) (1440 -32 16 ) (1520 -32 16 ) 
4 115 118 (1440 0 16 ) (2048 0 16 ) (2048 -32 16 ) (1440 -32 16 ) 
4 115 116 (1440 0 16 ) (1440 -256 16 ) (1440 -256 576 ) (1440 0 576 ) 
4 116 156 (1024 0 128 ) (1024 0 16 ) (1024 -256 16 ) (1024 -256 128 ) 
4 116 147 (1024 -216 128 ) (1024 -256 128 ) (1024 -256 272 ) (1024 -216 272 ) 
4 116 145 (1024 -168 128 ) (1024 -216 128 ) (1024 -216 272 ) (1024 -168 272 ) 
4 116 144 (1024 0 272 ) (1024 0 128 ) (1024 -168 128 ) (1024 -168 272 ) 
4 116 135 (1024 0 864 ) (1024 0 272 ) (1024 -256 272 ) (1024 -256 864 ) 
4 116 122 (1024 -256 16 ) (1024 -128 16 ) (1440 -128 16 ) (1440 -256 16 ) 
4 116 121 (1024 -128 16 ) (1024 -32 16 ) (1440 -32 16 ) (1440 -128 16 ) 
4 116 118 (1024 -32 16 ) (1024 0 16 ) (1440 0 16 ) (1440 -32 16 ) 
4 117 178 (2048 -1024 16 ) (2048 -1024 864 ) (1024 -1024 864 ) (1024 -1024 16 ) 
4 117 161 (1024 -272 16 ) (1024 -1024 16 ) (1024 -1024 128 ) (1024 -272 128 ) 
4 117 148 (1024 -1024 128 ) (1024 -1024 272 ) (1024 -272 272 ) (1024 -272 128 ) 
4 117 143 (1024 -1024 272 ) (1024 -1024 864 ) (1024 -272 864 ) (1024 -272 272 ) 
4 117 123 (2048 -1024 16 ) (1024 -1024 16 ) (1024 -272 16 ) (2048 -272 16 ) 
4 118 162 (1024 0 16 ) (1024 0 0 ) (1024 -32 0 ) (1024 -32 16 ) 
4 118 120 (1520 -32 0 ) (1616 -32 0 ) (1616 -32 16 ) (1520 -32 16 ) 
4 118 119 (1616 -32 0 ) (2048 -32 0 ) (2048 -32 16 ) (1616 -32 16 ) 
4 118 121 (1024 -32 0 ) (1520 -32 0 ) (1520 -32 16 ) (1024 -32 16 ) 
4 119 122 (1616 -128 0 ) (2048 -128 0 ) (2048 -128 16 ) (1616 -128 16 ) 
4 119 120 (1616 -32 16 ) (1616 -32 0 ) (1616 -128 0 ) (1616 -128 16 ) 
4 120 122 (1520 -128 0 ) (1616 -128 0 ) (1616 -128 16 ) (1520 -128 16 ) 
4 120 121 (1520 -32 16 ) (1520 -32 0 ) (1520 -128 0 ) (1520 -128 16 ) 
4 121 167 (1024 -32 0 ) (1024 -128 0 ) (1024 -128 16 ) (1024 -32 16 ) 
4 121 122 (1024 -128 0 ) (1520 -128 0 ) (1520 -128 16 ) (1024 -128 16 ) 
4 122 169 (1024 -160 0 ) (1024 -256 0 ) (1024 -256 16 ) (1024 -160 16 ) 
4 122 167 (1024 -128 0 ) (1024 -160 0 ) (1024 -160 16 ) (1024 -128 16 ) 
4 123 178 (2048 -1024 0 ) (2048 -1024 16 ) (1024 -1024 16 ) (1024 -1024 0 ) 
4 123 170 (1024 -272 0 ) (1024 -1024 0 ) (1024 -1024 16 ) (1024 -272 16 ) 
4 123 124 (1024 -1024 0 ) (1024 -272 0 ) (2048 -272 0 ) (2048 -1024 0 ) 
4 124 178 (2048 -1024 -16 ) (2048 -1024 0 ) (1024 -1024 0 ) (1024 -1024 -16 ) 
4 124 171 (1024 -256 -16 ) (1024 -1024 -16 ) (1024 -1024 0 ) (1024 -256 0 ) 
4 124 127 (1408 -1024 -16 ) (1024 -1024 -16 ) (1024 -256 -16 ) (1408 -256 -16 ) 
4 124 125 (2048 -1024 -16 ) (1408 -1024 -16 ) (1408 -256 -16 ) (2048 -256 -16 ) 
4 125 178 (2048 -1024 -7936 ) (2048 -1024 -16 ) (1408 -1024 -16 ) (1408 -1024 -7936 ) 
4 125 129 (1424 -128 -7936 ) (1424 -1024 -7936 ) (1408 -1024 -7936 ) (1408 -128 -7936 ) 
4 125 128 (1424 0 -7936 ) (2048 0 -7936 ) (2048 -1024 -7936 ) (1424 -1024 -7936 ) 
4 125 126 (1408 -128 -7920 ) (1408 -128 -16 ) (1408 0 -16 ) (1408 0 -7920 ) 
4 125 127 (1408 -128 -7936 ) (1408 -1024 -7936 ) (1408 -1024 -16 ) (1408 -128 -16 ) 
4 126 172 (1024 0 -16 ) (1024 0 -7920 ) (1024 -128 -7920 ) (1024 -128 -16 ) 
4 126 127 (1408 -128 -7920 ) (1408 -128 -16 ) (1024 -128 -16 ) (1024 -128 -7920 ) 
4 127 178 (1408 -1024 -16 ) (1024 -1024 -16 ) (1024 -1024 -7936 ) (1408 -1024 -7936 ) 
4 127 173 (1024 -128 -7936 ) (1024 -1024 -7936 ) (1024 -1024 -16 ) (1024 -128 -16 ) 
4 127 131 (1024 -1024 -7936 ) (1024 -144 -7936 ) (1408 -144 -7936 ) (1408 -1024 -7936 ) 
4 128 178 (2048 -1024 -8832 ) (2048 -1024 -7936 ) (1424 -1024 -7936 ) (1424 -1024 -8832 ) 
4 128 132 (2048 -1024 -8832 ) (1424 -1024 -8832 ) (1424 0 -8832 ) (2048 0 -8832 ) 
4 128 129 (1424 -128 -8832 ) (1424 -1024 -8832 ) (1424 -1024 -7936 ) (1424 -128 -7936 ) 
4 129 178 (1424 -1024 -7936 ) (1408 -1024 -7936 ) (1408 -1024 -8832 ) (1424 -1024 -8832 ) 
4 129 132 (1424 -1024 -8832 ) (1408 -1024 -8832 ) (1408 -128 -8832 ) (1424 -128 -8832 ) 
4 129 131 (1408 -144 -8832 ) (1408 -1024 -8832 ) (1408 -1024 -7936 ) (1408 -144 -7936 ) 
4 130 174 (1024 0 -7936 ) (1024 0 -8832 ) (1024 -128 -8832 ) (1024 -128 -7936 ) 
4 131 178 (1408 -1024 -7936 ) (1024 -1024 -7936 ) (1024 -1024 -8832 ) (1408 -1024 -8832 ) 
4 131 175 (1024 -144 -8832 ) (1024 -1024 -8832 ) (1024 -1024 -7936 ) (1024 -144 -7936 ) 
4 131 133 (1408 -1024 -8832 ) (1024 -1024 -8832 ) (1024 -144 -8832 ) (1408 -144 -8832 ) 
4 132 178 (2048 -1024 -8848 ) (2048 -1024 -8832 ) (1408 -1024 -8832 ) (1408 -1024 -8848 ) 
4 132 134 (1408 0 -8848 ) (2048 0 -8848 ) (2048 -1024 -8848 ) (1408 -1024 -8848 ) 
4 132 133 (1408 -128 -8848 ) (1408 -1024 -8848 ) (1408 -1024 -8832 ) (1408 -128 -8832 ) 
4 133 178 (1408 -1024 -8832 ) (1024 -1024 -8832 ) (1024 -1024 -8848 ) (1408 -1024 -8848 ) 
4 133 176 (1024 -128 -8848 ) (1024 -1024 -8848 ) (1024 -1024 -8832 ) (1024 -128 -8832 ) 
4 133 134 (1024 -1024 -8848 ) (1024 -128 -8848 ) (1408 -128 -8848 ) (1408 -1024 -8848 ) 
4 134 178 (2048 -1024 -14848 ) (2048 -1024 -8848 ) (1024 -1024 -8848 ) (1024 -1024 -14848 ) 
4 134 177 (1024 0 -8848 ) (1024 0 -14848 ) (1024 -1024 -14848 ) (1024 -1024 -8848 ) 
4 135 147 (1024 -216 272 ) (1024 -256 272 ) (952 -256 272 ) (952 -216 272 ) 
4 135 145 (1024 -168 272 ) (1024 -216 272 ) (952 -216 272 ) (952 -168 272 ) 
4 135 144 (952 0 272 ) (1024 0 272 ) (1024 -168 272 ) (952 -168 272 ) 
4 135 142 (1024 -256 864 ) (1024 -256 2560 ) (952 -256 2560 ) (952 -256 864 ) 
4 135 136 (952 -256 280 ) (952 -256 2560 ) (952 0 2560 ) (952 0 280 ) 
4 136 142 (952 -256 864 ) (952 -256 2560 ) (800 -256 2560 ) (800 -256 864 ) 
4 136 137 (800 -256 280 ) (800 -256 2560 ) (800 0 2560 ) (800 0 280 ) 
4 137 154 (496 0 272 ) (800 0 272 ) (800 -256 272 ) (496 -256 272 ) 
4 137 142 (800 -256 864 ) (800 -256 2560 ) (496 -256 2560 ) (496 -256 864 ) 
4 137 138 (496 -256 864 ) (496 -256 2560 ) (496 0 2560 ) (496 0 864 ) 
4 137 139 (496 0 272 ) (496 -256 272 ) (496 -256 432 ) (496 0 432 ) 
4 138 142 (496 -256 864 ) (496 -256 2560 ) (448 -256 2560 ) (448 -256 864 ) 
4 138 140 (448 0 2560 ) (448 0 864 ) (448 -256 864 ) (448 -256 2560 ) 
4 139 154 (448 0 272 ) (496 0 272 ) (496 -256 272 ) (448 -256 272 ) 
4 139 141 (448 0 432 ) (448 0 272 ) (448 -256 272 ) (448 -256 432 ) 
4 140 444 (0 0 864 ) (0 0 704 ) (0 -256 704 ) (0 -256 864 ) 
4 140 443 (0 0 2560 ) (0 0 864 ) (0 -256 864 ) (0 -256 2560 ) 
4 140 142 (448 -256 864 ) (448 -256 2560 ) (0 -256 2560 ) (0 -256 864 ) 
4 141 445 (0 0 688 ) (0 0 272 ) (0 -256 272 ) (0 -256 688 ) 
4 141 154 (0 -256 272 ) (0 0 272 ) (448 0 272 ) (448 -256 272 ) 
4 142 450 (0 -1024 864 ) (0 -1024 2560 ) (0 -256 2560 ) (0 -256 864 ) 
4 142 179 (1024 -1024 864 ) (1024 -1024 2560 ) (0 -1024 2560 ) (0 -1024 864 ) 
4 142 143 (1024 -1024 864 ) (0 -1024 864 ) (0 -272 864 ) (1024 -272 864 ) 
4 143 451 (0 -1024 272 ) (0 -1024 864 ) (0 -272 864 ) (0 -272 272 ) 
4 143 179 (1024 -1024 272 ) (1024 -1024 864 ) (0 -1024 864 ) (0 -1024 272 ) 
4 143 155 (808 -1024 272 ) (0 -1024 272 ) (0 -272 272 ) (808 -272 272 ) 
4 143 152 (944 -1024 272 ) (808 -1024 272 ) (808 -272 272 ) (944 -272 272 ) 
4 143 148 (1024 -1024 272 ) (944 -1024 272 ) (944 -272 272 ) (1024 -272 272 ) 
4 144 158 (1008 -168 128 ) (952 -168 128 ) (952 -32 128 ) (1008 -32 128 ) 
4 144 157 (952 -32 128 ) (952 0 128 ) (1008 0 128 ) (1008 -32 128 ) 
4 144 156 (1024 0 128 ) (1024 -168 128 ) (1008 -168 128 ) (1008 0 128 ) 
4 144 145 (952 -168 128 ) (1024 -168 128 ) (1024 -168 272 ) (952 -168 272 ) 
4 145 158 (1008 -216 128 ) (952 -216 128 ) (952 -168 128 ) (1008 -168 128 ) 
4 145 156 (1024 -168 128 ) (1024 -216 128 ) (1008 -216 128 ) (1008 -168 128 ) 
4 145 147 (952 -216 128 ) (1024 -216 128 ) (1024 -216 272 ) (952 -216 272 ) 
4 145 146 (952 -168 236 ) (952 -168 128 ) (952 -216 128 ) (952 -216 236 ) 
4 146 158 (952 -216 128 ) (944 -216 128 ) (944 -168 128 ) (952 -168 128 ) 
4 146 151 (944 -168 128 ) (944 -216 128 ) (944 -216 236 ) (944 -168 236 ) 
4 147 158 (1008 -256 128 ) (952 -256 128 ) (952 -216 128 ) (1008 -216 128 ) 
4 147 156 (1024 -216 128 ) (1024 -256 128 ) (1008 -256 128 ) (1008 -216 128 ) 
4 148 179 (1024 -1024 128 ) (1024 -1024 272 ) (944 -1024 272 ) (944 -1024 128 ) 
4 148 161 (1024 -272 128 ) (1024 -1024 128 ) (944 -1024 128 ) (944 -272 128 ) 
4 148 152 (944 -272 128 ) (944 -1024 128 ) (944 -1024 272 ) (944 -272 272 ) 
4 149 150 (808 -8 232 ) (808 -8 175 ) (944 -8 175 ) (944 -8 232 ) 
4 150 151 (808 -40 272 ) (808 -40 168 ) (944 -40 168 ) (944 -40 272 ) 
4 151 158 (848 -40 128 ) (944 -40 128 ) (944 -256 128 ) (848 -256 128 ) 
4 151 160 (808 -256 128 ) (808 -40 128 ) (848 -40 128 ) (848 -256 128 ) 
4 151 153 (808 -136 128 ) (808 -216 128 ) (808 -216 272 ) (808 -136 272 ) 
4 152 179 (944 -1024 272 ) (808 -1024 272 ) (808 -1024 128 ) (944 -1024 128 ) 
4 152 161 (944 -1024 128 ) (808 -1024 128 ) (808 -272 128 ) (944 -272 128 ) 
4 152 155 (808 -272 128 ) (808 -1024 128 ) (808 -1024 272 ) (808 -272 272 ) 
4 153 160 (808 -136 128 ) (808 -216 128 ) (800 -216 128 ) (800 -136 128 ) 
4 153 154 (800 -136 128 ) (800 -216 128 ) (800 -216 272 ) (800 -136 272 ) 
4 154 445 (0 -256 272 ) (0 0 272 ) (0 0 128 ) (0 -256 128 ) 
4 154 160 (0 -256 128 ) (0 0 128 ) (800 0 128 ) (800 -256 128 ) 
4 155 451 (0 -1024 128 ) (0 -1024 272 ) (0 -272 272 ) (0 -272 128 ) 
4 155 179 (808 -1024 272 ) (0 -1024 272 ) (0 -1024 128 ) (808 -1024 128 ) 
4 155 161 (808 -1024 128 ) (0 -1024 128 ) (0 -272 128 ) (808 -272 128 ) 
4 156 169 (1024 -160 16 ) (1024 -256 16 ) (1008 -256 16 ) (1008 -160 16 ) 
4 156 167 (1024 -32 16 ) (1024 -160 16 ) (1008 -160 16 ) (1008 -32 16 ) 
4 156 162 (1024 0 16 ) (1024 -32 16 ) (1008 -32 16 ) (1008 0 16 ) 
5 156 159 (1008 -32 16 ) (1008 -256 16 ) (1008 -256 112 ) (1008 -128 112 ) (1008 -32 28 ) 
4 156 158 (1008 -256 112 ) (1008 -256 128 ) (1008 -32 128 ) (1008 -32 112 ) 
4 156 157 (1008 0 16 ) (1008 -32 16 ) (1008 -32 128 ) (1008 0 128 ) 
4 157 162 (848 -32 16 ) (848 0 16 ) (1008 0 16 ) (1008 -32 16 ) 
4 157 159 (848 -32 28 ) (848 -32 16 ) (1008 -32 16 ) (1008 -32 28 ) 
4 157 158 (848 -32 128 ) (848 -32 112 ) (1008 -32 112 ) (1008 -32 128 ) 
4 157 160 (848 0 16 ) (848 -32 16 ) (848 -32 128 ) (848 0 128 ) 
4 158 159 (848 -256 112 ) (848 -128 112 ) (1008 -128 112 ) (1008 -256 112 ) 
4 158 160 (848 -256 112 ) (848 -256 128 ) (848 -32 128 ) (848 -32 112 ) 
4 159 169 (1008 -256 16 ) (848 -256 16 ) (848 -160 16 ) (1008 -160 16 ) 
4 159 167 (848 -160 16 ) (848 -32 16 ) (1008 -32 16 ) (1008 -160 16 ) 
5 159 160 (848 -32 16 ) (848 -256 16 ) (848 -256 112 ) (848 -128 112 ) (848 -32 28 ) 
4 160 445 (0 -256 128 ) (0 0 128 ) (0 0 16 ) (0 -256 16 ) 
4 160 169 (848 -256 16 ) (0 -256 16 ) (0 -160 16 ) (848 -160 16 ) 
4 160 168 (0 -160 16 ) (0 -32 16 ) (448 -32 16 ) (448 -160 16 ) 
4 160 167 (448 -32 16 ) (848 -32 16 ) (848 -160 16 ) (448 -160 16 ) 
4 160 166 (0 -32 16 ) (0 0 16 ) (448 0 16 ) (448 -32 16 ) 
4 160 165 (448 0 16 ) (496 0 16 ) (496 -32 16 ) (448 -32 16 ) 
4 160 164 (496 0 16 ) (544 0 16 ) (544 -32 16 ) (496 -32 16 ) 
4 160 163 (544 0 16 ) (592 0 16 ) (592 -32 16 ) (544 -32 16 ) 
4 160 162 (592 0 16 ) (848 0 16 ) (848 -32 16 ) (592 -32 16 ) 
4 161 451 (0 -1024 16 ) (0 -1024 128 ) (0 -272 128 ) (0 -272 16 ) 
4 161 179 (1024 -1024 16 ) (1024 -1024 128 ) (0 -1024 128 ) (0 -1024 16 ) 
4 161 170 (1024 -272 16 ) (1024 -1024 16 ) (0 -1024 16 ) (0 -272 16 ) 
4 162 167 (592 -32 0 ) (1024 -32 0 ) (1024 -32 16 ) (592 -32 16 ) 
4 162 163 (592 0 0 ) (592 -32 0 ) (592 -32 16 ) (592 0 16 ) 
4 163 167 (544 -32 0 ) (592 -32 0 ) (592 -32 16 ) (544 -32 16 ) 
4 163 164 (544 0 0 ) (544 -32 0 ) (544 -32 16 ) (544 0 16 ) 
4 164 167 (496 -32 0 ) (544 -32 0 ) (544 -32 16 ) (496 -32 16 ) 
4 164 165 (496 0 0 ) (496 -32 0 ) (496 -32 16 ) (496 0 16 ) 
4 165 167 (448 -32 0 ) (496 -32 0 ) (496 -32 16 ) (448 -32 16 ) 
4 165 166 (448 0 0 ) (448 -32 0 ) (448 -32 16 ) (448 0 16 ) 
4 166 452 (0 -32 16 ) (0 0 16 ) (0 0 0 ) (0 -32 0 ) 
4 166 168 (0 -32 0 ) (448 -32 0 ) (448 -32 16 ) (0 -32 16 ) 
4 167 169 (448 -160 0 ) (1024 -160 0 ) (1024 -160 16 ) (448 -160 16 ) 
4 167 168 (448 -32 16 ) (448 -32 0 ) (448 -160 0 ) (448 -160 16 ) 
4 168 452 (0 -160 16 ) (0 -32 16 ) (0 -32 0 ) (0 -160 0 ) 
4 168 169 (0 -160 0 ) (448 -160 0 ) (448 -160 16 ) (0 -160 16 ) 
4 169 453 (0 -256 16 ) (0 -160 16 ) (0 -160 0 ) (0 -256 0 ) 
4 170 454 (0 -1024 0 ) (0 -1024 16 ) (0 -272 16 ) (0 -272 0 ) 
4 170 179 (1024 -1024 0 ) (1024 -1024 16 ) (0 -1024 16 ) (0 -1024 0 ) 
4 170 171 (1024 -1024 0 ) (0 -1024 0 ) (0 -272 0 ) (1024 -272 0 ) 
4 171 455 (0 -1024 -16 ) (0 -1024 0 ) (0 -256 0 ) (0 -256 -16 ) 
4 171 179 (1024 -1024 -16 ) (1024 -1024 0 ) (0 -1024 0 ) (0 -1024 -16 ) 
4 171 173 (1024 -256 -16 ) (1024 -1024 -16 ) (0 -1024 -16 ) (0 -256 -16 ) 
4 172 456 (0 -128 -16 ) (0 0 -16 ) (0 0 -7920 ) (0 -128 -7920 ) 
4 172 173 (1024 -128 -7920 ) (1024 -128 -16 ) (0 -128 -16 ) (0 -128 -7920 ) 
4 173 457 (0 -1024 -7936 ) (0 -1024 -16 ) (0 -128 -16 ) (0 -128 -7936 ) 
4 173 179 (1024 -1024 -7936 ) (1024 -1024 -16 ) (0 -1024 -16 ) (0 -1024 -7936 ) 
4 173 175 (1024 -1024 -7936 ) (0 -1024 -7936 ) (0 -144 -7936 ) (1024 -144 -7936 ) 
4 174 458 (0 -128 -7936 ) (0 0 -7936 ) (0 0 -8832 ) (0 -128 -8832 ) 
4 175 460 (0 -1024 -8832 ) (0 -1024 -7936 ) (0 -144 -7936 ) (0 -144 -8832 ) 
4 175 179 (1024 -1024 -8832 ) (1024 -1024 -7936 ) (0 -1024 -7936 ) (0 -1024 -8832 ) 
4 175 176 (1024 -144 -8832 ) (1024 -1024 -8832 ) (0 -1024 -8832 ) (0 -144 -8832 ) 
4 176 461 (0 -1024 -8848 ) (0 -1024 -8832 ) (0 -128 -8832 ) (0 -128 -8848 ) 
4 176 179 (1024 -1024 -8848 ) (1024 -1024 -8832 ) (0 -1024 -8832 ) (0 -1024 -8848 ) 
4 176 177 (1024 -1024 -8848 ) (0 -1024 -8848 ) (0 -128 -8848 ) (1024 -128 -8848 ) 
4 177 461 (0 -1024 -14848 ) (0 -1024 -8848 ) (0 -128 -8848 ) (0 -128 -14848 ) 
4 177 459 (0 -128 -8848 ) (0 0 -8848 ) (0 0 -14848 ) (0 -128 -14848 ) 
4 177 179 (1024 -1024 -14848 ) (1024 -1024 -8848 ) (0 -1024 -8848 ) (0 -1024 -14848 ) 
4 178 179 (1024 -1024 2560 ) (1024 -1024 -14848 ) (1024 -2048 -14848 ) (1024 -2048 2560 ) 
4 179 569 (0 -2048 -14848 ) (0 -2048 2560 ) (0 -1024 2560 ) (0 -1024 -14848 ) 
4 180 250 (-992 1024 -10368 ) (-1024 1024 -10368 ) (-1024 1024 -14848 ) (-992 1024 -14848 ) 
4 180 249 (0 1024 -14848 ) (0 1024 -10368 ) (-992 1024 -10368 ) (-992 1024 -14848 ) 
4 180 247 (-992 1024 -9968 ) (-1024 1024 -9968 ) (-1024 1024 -10368 ) (-992 1024 -10368 ) 
4 180 246 (-976 1024 -9968 ) (-992 1024 -9968 ) (-992 1024 -10368 ) (-976 1024 -10368 ) 
4 180 245 (0 1024 -10368 ) (0 1024 -9968 ) (-976 1024 -9968 ) (-976 1024 -10368 ) 
4 180 234 (-1024 1024 -6384 ) (-1024 1024 -9968 ) (-992 1024 -9968 ) (-992 1024 -6384 ) 
4 180 231 (-992 1024 -9968 ) (-352 1024 -9968 ) (-352 1024 -6384 ) (-992 1024 -6384 ) 
4 180 220 (-1024 1024 0 ) (-1024 1024 -6384 ) (-352 1024 -6384 ) (-352 1024 0 ) 
4 180 216 (-352 1024 2560 ) (-1024 1024 2560 ) (-1024 1024 0 ) (-352 1024 0 ) 
4 180 209 (-352 1024 -16 ) (-352 1024 -9968 ) (-208 1024 -9968 ) (-208 1024 -16 ) 
4 180 208 (-352 1024 0 ) (-352 1024 -16 ) (-208 1024 -16 ) (-208 1024 0 ) 
4 180 205 (-208 1024 16 ) (-352 1024 16 ) (-352 1024 0 ) (-208 1024 0 ) 
4 180 201 (-50.823502 1024 -7936 ) (-208 1024 -7936 ) (-208 1024 -9968 ) (-50.823502 1024 -9968 ) 
4 180 199 (0 1024 -9968 ) (0 1024 -7936 ) (-50.823502 1024 -7936 ) (-50.823502 1024 -9968 ) 
4 180 197 (0 1024 -7936 ) (0 1024 -16 ) (-208 1024 -16 ) (-208 1024 -7936 ) 
4 180 196 (0 1024 -16 ) (0 1024 0 ) (-208 1024 0 ) (-208 1024 -16 ) 
4 180 193 (0 1024 0 ) (0 1024 16 ) (-208 1024 16 ) (-208 1024 0 ) 
4 180 183 (0 1024 16 ) (0 1024 864 ) (-352 1024 864 ) (-352 1024 16 ) 
4 180 182 (0 1024 864 ) (0 1024 2560 ) (-352 1024 2560 ) (-352 1024 864 ) 
4 180 181 (-1024 1024 -14848 ) (-1024 1024 2560 ) (-1024 2048 2560 ) (-1024 2048 -14848 ) 
4 181 380 (-2048 1024 -14848 ) (-2048 1024 2560 ) (-2048 2048 2560 ) (-2048 2048 -14848 ) 
4 181 377 (-2048 1024 -12464 ) (-2048 1024 -14848 ) (-1936 1024 -14848 ) (-1936 1024 -12464 ) 
4 181 376 (-1936 1024 -12080 ) (-2048 1024 -12080 ) (-2048 1024 -12464 ) (-1936 1024 -12464 ) 
4 181 374 (-1920 1024 -12080 ) (-1936 1024 -12080 ) (-1936 1024 -14848 ) (-1920 1024 -14848 ) 
4 181 373 (-1024 1024 -14848 ) (-1024 1024 -12080 ) (-1920 1024 -12080 ) (-1920 1024 -14848 ) 
4 181 367 (-1936 1024 -9968 ) (-2048 1024 -9968 ) (-2048 1024 -12080 ) (-1936 1024 -12080 ) 
4 181 366 (-1920 1024 -10368 ) (-1936 1024 -10368 ) (-1936 1024 -12080 ) (-1920 1024 -12080 ) 
4 181 365 (-1792 1024 -10368 ) (-1920 1024 -10368 ) (-1920 1024 -12080 ) (-1792 1024 -12080 ) 
4 181 363 (-1024 1024 -12080 ) (-1024 1024 -10368 ) (-1792 1024 -10368 ) (-1792 1024 -12080 ) 
4 181 360 (-1024 1024 -10368 ) (-1024 1024 -9968 ) (-1936 1024 -9968 ) (-1936 1024 -10368 ) 
4 181 339 (-1936 1024 -8960 ) (-2048 1024 -8960 ) (-2048 1024 -9968 ) (-1936 1024 -9968 ) 
4 181 338 (-1024 1024 -9968 ) (-1024 1024 -8960 ) (-1936 1024 -8960 ) (-1936 1024 -9968 ) 
4 181 336 (-1936 1024 -6384 ) (-2048 1024 -6384 ) (-2048 1024 -8960 ) (-1936 1024 -8960 ) 
4 181 304 (-1024 1024 -8960 ) (-1024 1024 -6384 ) (-1936 1024 -6384 ) (-1936 1024 -8960 ) 
4 181 295 (-1952 1024 -4736 ) (-2048 1024 -4736 ) (-2048 1024 -6384 ) (-1952 1024 -6384 ) 
4 181 294 (-1024 1024 -6384 ) (-1024 1024 -4736 ) (-1952 1024 -4736 ) (-1952 1024 -6384 ) 
4 181 290 (-1952 1024 -32 ) (-2048 1024 -32 ) (-2048 1024 -4736 ) (-1952 1024 -4736 ) 
4 181 288 (-1936 1024 -32 ) (-1952 1024 -32 ) (-1952 1024 -4736 ) (-1936 1024 -4736 ) 
4 181 265 (-1024 1024 -4736 ) (-1024 1024 -32 ) (-1936 1024 -32 ) (-1936 1024 -4736 ) 
4 181 263 (-1024 1024 -32 ) (-1024 1024 -16 ) (-1920 1024 -16 ) (-1920 1024 -32 ) 
4 181 264 (-1920 1024 -16 ) (-2048 1024 -16 ) (-2048 1024 -32 ) (-1920 1024 -32 ) 
4 181 260 (-1024 1024 -16 ) (-1024 1024 0 ) (-1120 1024 0 ) (-1120 1024 -16 ) 
4 181 261 (-1120 1024 0 ) (-2048 1024 0 ) (-2048 1024 -16 ) (-1120 1024 -16 ) 
4 181 257 (-1136 1024 0 ) (-1120 1024 0 ) (-1120 1024 688 ) (-1136 1024 688 ) 
4 181 259 (-2048 1024 688 ) (-2048 1024 0 ) (-1136 1024 0 ) (-1136 1024 688 ) 
4 181 256 (-1120 1024 2560 ) (-2048 1024 2560 ) (-2048 1024 688 ) (-1120 1024 688 ) 
4 181 252 (-1024 1024 0 ) (-1024 1024 2560 ) (-1120 1024 2560 ) (-1120 1024 0 ) 
4 182 217 (-352 912 864 ) (-352 896 864 ) (-352 896 2560 ) (-352 912 2560 ) 
4 182 216 (-352 1024 2560 ) (-352 1024 864 ) (-352 912 864 ) (-352 912 2560 ) 
4 182 187 (-352 896 2560 ) (-352 896 864 ) (-304 896 864 ) (-304 896 2560 ) 
4 182 186 (-304 896 864 ) (-208 896 864 ) (-208 896 2560 ) (-304 896 2560 ) 
4 182 184 (-208 896 864 ) (0 896 864 ) (0 896 2560 ) (-208 896 2560 ) 
4 182 183 (-352 912 864 ) (-352 1024 864 ) (0 1024 864 ) (0 912 864 ) 
4 183 216 (-352 1024 864 ) (-352 1024 16 ) (-352 912 16 ) (-352 912 864 ) 
4 183 205 (-352 912 16 ) (-352 1024 16 ) (-208 1024 16 ) (-208 912 16 ) 
4 183 193 (-208 1024 16 ) (0 1024 16 ) (0 912 16 ) (-208 912 16 ) 
4 184 444 (0 0 704 ) (0 0 864 ) (-208 0 864 ) (-208 0 704 ) 
4 184 443 (0 0 864 ) (0 0 2560 ) (-208 0 2560 ) (-208 0 864 ) 
4 184 186 (-208 0 704 ) (-208 0 2560 ) (-208 896 2560 ) (-208 896 704 ) 
4 185 445 (0 0 168 ) (0 0 688 ) (-208 0 688 ) (-208 0 168 ) 
4 185 189 (-80 896 168 ) (0 896 168 ) (0 704 168 ) (-80 704 168 ) 
4 185 191 (0 640 168 ) (0 0 168 ) (-80 0 168 ) (-80 640 168 ) 
4 185 192 (-208 896 168 ) (-80 896 168 ) (-80 0 168 ) (-208 0 168 ) 
4 185 186 (-208 896 168 ) (-208 0 168 ) (-208 0 688 ) (-208 896 688 ) 
4 186 446 (-304 0 864 ) (-304 0 168 ) (-208 0 168 ) (-208 0 864 ) 
4 186 443 (-208 0 2560 ) (-304 0 2560 ) (-304 0 864 ) (-208 0 864 ) 
4 186 192 (-304 896 168 ) (-208 896 168 ) (-208 0 168 ) (-304 0 168 ) 
4 186 187 (-304 0 864 ) (-304 0 2560 ) (-304 896 2560 ) (-304 896 864 ) 
4 186 188 (-304 896 168 ) (-304 0 168 ) (-304 0 432 ) (-304 896 432 ) 
4 187 443 (-304 0 2560 ) (-352 0 2560 ) (-352 0 864 ) (-304 0 864 ) 
4 187 218 (-352 0 864 ) (-352 0 2560 ) (-352 896 2560 ) (-352 896 864 ) 
4 188 447 (-352 0 432 ) (-352 0 168 ) (-304 0 168 ) (-304 0 432 ) 
4 188 219 (-352 0 168 ) (-352 0 432 ) (-352 896 432 ) (-352 896 168 ) 
4 188 192 (-352 0 168 ) (-352 896 168 ) (-304 896 168 ) (-304 0 168 ) 
4 189 195 (-80 704 16 ) (-80 800 16 ) (0 800 16 ) (0 704 16 ) 
4 189 194 (-80 800 16 ) (-80 896 16 ) (0 896 16 ) (0 800 16 ) 
4 189 190 (-80 704 128 ) (-80 704 16 ) (0 704 16 ) (0 704 128 ) 
4 189 192 (-80 704 168 ) (-80 896 168 ) (-80 896 16 ) (-80 704 16 ) 
4 190 195 (-80 640 16 ) (-80 704 16 ) (0 704 16 ) (0 640 16 ) 
4 190 192 (-80 704 128 ) (-80 704 16 ) (-80 640 16 ) (-80 640 128 ) 
4 190 191 (-80 640 128 ) (-80 640 16 ) (0 640 16 ) (0 640 128 ) 
4 191 445 (0 0 16 ) (0 0 168 ) (-80 0 168 ) (-80 0 16 ) 
4 191 195 (0 0 16 ) (-80 0 16 ) (-80 640 16 ) (0 640 16 ) 
4 191 192 (-80 0 168 ) (-80 640 168 ) (-80 640 16 ) (-80 0 16 ) 
4 192 447 (-304 0 168 ) (-352 0 168 ) (-352 0 16 ) (-304 0 16 ) 
4 192 446 (-208 0 168 ) (-304 0 168 ) (-304 0 16 ) (-208 0 16 ) 
4 192 445 (-80 0 168 ) (-208 0 168 ) (-208 0 16 ) (-80 0 16 ) 
4 192 219 (-352 896 16 ) (-352 0 16 ) (-352 0 168 ) (-352 896 168 ) 
4 192 206 (-352 640 16 ) (-352 896 16 ) (-208 896 16 ) (-208 640 16 ) 
4 192 207 (-208 0 16 ) (-352 0 16 ) (-352 640 16 ) (-208 640 16 ) 
4 192 195 (-80 0 16 ) (-208 0 16 ) (-208 800 16 ) (-80 800 16 ) 
4 192 194 (-208 800 16 ) (-208 896 16 ) (-80 896 16 ) (-80 800 16 ) 
4 193 205 (-208 912 16 ) (-208 1024 16 ) (-208 1024 0 ) (-208 912 0 ) 
4 193 196 (-208 912 0 ) (-208 1024 0 ) (0 1024 0 ) (0 912 0 ) 
4 194 206 (-208 800 16 ) (-208 896 16 ) (-208 896 0 ) (-208 800 0 ) 
4 194 195 (-208 800 16 ) (-208 800 0 ) (0 800 0 ) (0 800 16 ) 
4 195 452 (0 0 0 ) (0 0 16 ) (-208 0 16 ) (-208 0 0 ) 
4 195 206 (-208 640 16 ) (-208 800 16 ) (-208 800 0 ) (-208 640 0 ) 
4 195 207 (-208 0 0 ) (-208 0 16 ) (-208 640 16 ) (-208 640 0 ) 
4 196 208 (-208 896 0 ) (-208 1024 0 ) (-208 1024 -16 ) (-208 896 -16 ) 
4 196 197 (-208 896 -16 ) (-208 1024 -16 ) (0 1024 -16 ) (0 896 -16 ) 
4 197 210 (-208 768 -16 ) (-208 784 -16 ) (-208 784 -7936 ) (-208 768 -7936 ) 
4 197 209 (-208 784 -16 ) (-208 1024 -16 ) (-208 1024 -7936 ) (-208 784 -7936 ) 
4 197 201 (-208 784 -7936 ) (-208 1024 -7936 ) (-50.823502 1024 -7936 ) (-50.823502 784 -7936 ) 
4 197 199 (-50.823502 1024 -7936 ) (0 1024 -7936 ) (0 784 -7936 ) (-50.823502 784 -7936 ) 
4 197 198 (0 768 -7920 ) (0 768 -16 ) (-208 768 -16 ) (-208 768 -7920 ) 
4 198 456 (0 0 -7920 ) (0 0 -16 ) (-208 0 -16 ) (-208 0 -7920 ) 
4 198 213 (-208 0 -7920 ) (-208 0 -6144 ) (-208 768 -6144 ) (-208 768 -7920 ) 
4 198 212 (-208 0 -6144 ) (-208 0 -16 ) (-208 768 -16 ) (-208 768 -6144 ) 
4 199 245 (-50.823502 1024 -9968 ) (0 1024 -9968 ) (0 784 -9968 ) (-50.823502 784 -9968 ) 
4 199 201 (-50.823502 1024 -9968 ) (-50.823502 784 -9968 ) (-50.823502 784 -7936 ) (-50.823502 1024 -7936 ) 
4 199 200 (-50.823502 784 -8832 ) (-50.823502 784 -9968 ) (0 784 -9968 ) (0 784 -8832 ) 
4 200 245 (0 784 -9968 ) (0 768 -9968 ) (-50.823502 768 -9968 ) (-50.823502 784 -9968 ) 
4 200 204 (-50.823502 768 -8848 ) (-50.823502 768 -9968 ) (0 768 -9968 ) (0 768 -8848 ) 
4 200 202 (-50.823502 784 -9968 ) (-50.823502 768 -9968 ) (-50.823502 768 -9728 ) (-50.823502 784 -9728 ) 
4 201 245 (-208 784 -9968 ) (-208 1024 -9968 ) (-50.823502 1024 -9968 ) (-50.823502 784 -9968 ) 
4 201 209 (-208 1024 -9968 ) (-208 784 -9968 ) (-208 784 -7936 ) (-208 1024 -7936 ) 
4 201 202 (-50.823502 784 -9968 ) (-50.823502 784 -9728 ) (-208 784 -9728 ) (-208 784 -9968 ) 
4 202 245 (-208 768 -9968 ) (-208 784 -9968 ) (-50.823502 784 -9968 ) (-50.823502 768 -9968 ) 
4 202 211 (-208 784 -9968 ) (-208 768 -9968 ) (-208 768 -9728 ) (-208 784 -9728 ) 
4 202 204 (-208 768 -9728 ) (-208 768 -9968 ) (-50.823502 768 -9968 ) (-50.823502 768 -9728 ) 
4 203 458 (0 0 -8832 ) (0 0 -7936 ) (-208 0 -7936 ) (-208 0 -8832 ) 
4 203 214 (-208 0 -8832 ) (-208 0 -7936 ) (-208 768 -7936 ) (-208 768 -8832 ) 
4 204 459 (0 0 -9968 ) (0 0 -8848 ) (-208 0 -8848 ) (-208 0 -9968 ) 
4 204 245 (0 0 -9968 ) (-208 0 -9968 ) (-208 768 -9968 ) (0 768 -9968 ) 
4 204 215 (-208 768 -9968 ) (-208 0 -9968 ) (-208 0 -8848 ) (-208 768 -8848 ) 
4 205 216 (-352 1024 16 ) (-352 1024 0 ) (-352 912 0 ) (-352 912 16 ) 
4 205 208 (-352 912 0 ) (-352 1024 0 ) (-208 1024 0 ) (-208 912 0 ) 
4 206 219 (-352 896 0 ) (-352 640 0 ) (-352 640 16 ) (-352 896 16 ) 
4 206 207 (-352 640 0 ) (-208 640 0 ) (-208 640 16 ) (-352 640 16 ) 
4 207 464 (-208 0 16 ) (-352 0 16 ) (-352 0 0 ) (-208 0 0 ) 
4 207 219 (-352 640 0 ) (-352 0 0 ) (-352 0 16 ) (-352 640 16 ) 
4 208 220 (-352 1024 0 ) (-352 1024 -16 ) (-352 896 -16 ) (-352 896 0 ) 
4 208 209 (-352 896 -16 ) (-352 1024 -16 ) (-208 1024 -16 ) (-208 896 -16 ) 
4 209 245 (-352 784 -9968 ) (-352 1024 -9968 ) (-208 1024 -9968 ) (-208 784 -9968 ) 
4 209 231 (-352 1024 -6384 ) (-352 1024 -9968 ) (-352 784 -9968 ) (-352 784 -6384 ) 
4 209 221 (-352 896 -6384 ) (-352 784 -6384 ) (-352 784 -16 ) (-352 896 -16 ) 
4 209 220 (-352 1024 -16 ) (-352 1024 -6384 ) (-352 896 -6384 ) (-352 896 -16 ) 
4 209 210 (-208 784 -7936 ) (-208 784 -16 ) (-352 784 -16 ) (-352 784 -7936 ) 
4 209 211 (-208 784 -9968 ) (-208 784 -9728 ) (-352 784 -9728 ) (-352 784 -9968 ) 
4 210 232 (-352 768 -7936 ) (-352 768 -6384 ) (-352 784 -6384 ) (-352 784 -7936 ) 
4 210 228 (-352 768 -6384 ) (-352 768 -6144 ) (-352 784 -6144 ) (-352 784 -6384 ) 
4 210 213 (-208 768 -7920 ) (-208 768 -6144 ) (-352 768 -6144 ) (-352 768 -7920 ) 
4 210 212 (-208 768 -6144 ) (-208 768 -16 ) (-336 768 -16 ) (-336 768 -6144 ) 
4 211 245 (-352 768 -9968 ) (-352 784 -9968 ) (-208 784 -9968 ) (-208 768 -9968 ) 
4 211 233 (-352 784 -9968 ) (-352 768 -9968 ) (-352 768 -9728 ) (-352 784 -9728 ) 
4 211 215 (-208 768 -9968 ) (-208 768 -9728 ) (-352 768 -9728 ) (-352 768 -9968 ) 
4 212 465 (-336 0 -6144 ) (-208 0 -6144 ) (-208 0 -16 ) (-336 0 -16 ) 
4 212 213 (-336 768 -6144 ) (-208 768 -6144 ) (-208 0 -6144 ) (-336 0 -6144 ) 
4 213 466 (-352 0 -6144 ) (-352 0 -7920 ) (-336 0 -7920 ) (-336 0 -6144 ) 
4 213 465 (-336 0 -7920 ) (-208 0 -7920 ) (-208 0 -6144 ) (-336 0 -6144 ) 
4 213 236 (-352 0 -7920 ) (-352 0 -6384 ) (-352 768 -6384 ) (-352 768 -7920 ) 
4 213 230 (-352 0 -6384 ) (-352 0 -6144 ) (-352 768 -6144 ) (-352 768 -6384 ) 
4 214 472 (-352 0 -7936 ) (-352 0 -8832 ) (-208 0 -8832 ) (-208 0 -7936 ) 
4 214 238 (-352 0 -8832 ) (-352 0 -7936 ) (-352 768 -7936 ) (-352 768 -8832 ) 
4 215 476 (-352 0 -9728 ) (-352 0 -9968 ) (-208 0 -9968 ) (-208 0 -9728 ) 
4 215 473 (-352 0 -8848 ) (-352 0 -9728 ) (-208 0 -9728 ) (-208 0 -8848 ) 
4 215 245 (-208 0 -9968 ) (-352 0 -9968 ) (-352 768 -9968 ) (-208 768 -9968 ) 
4 215 242 (-352 768 -9968 ) (-352 0 -9968 ) (-352 0 -9728 ) (-352 768 -9728 ) 
4 216 252 (-1024 1024 2560 ) (-1024 1024 0 ) (-1024 912 0 ) (-1024 912 2560 ) 
4 216 220 (-1024 912 0 ) (-1024 1024 0 ) (-352 1024 0 ) (-352 912 0 ) 
4 216 217 (-352 912 864 ) (-352 912 2560 ) (-1024 912 2560 ) (-1024 912 864 ) 
4 217 253 (-1024 896 864 ) (-1024 896 2560 ) (-1024 912 2560 ) (-1024 912 864 ) 
4 217 218 (-352 896 864 ) (-352 896 2560 ) (-1024 896 2560 ) (-1024 896 864 ) 
4 218 448 (-1024 0 2560 ) (-1024 0 704 ) (-352 0 704 ) (-352 0 2560 ) 
4 218 254 (-1024 0 704 ) (-1024 0 2560 ) (-1024 896 2560 ) (-1024 896 704 ) 
4 219 479 (-1024 0 16 ) (-1024 0 0 ) (-1008 0 0 ) (-1008 0 16 ) 
4 219 467 (-1008 0 0 ) (-352 0 0 ) (-352 0 16 ) (-1008 0 16 ) 
4 219 449 (-1024 0 688 ) (-1024 0 16 ) (-352 0 16 ) (-352 0 688 ) 
4 219 255 (-1024 896 0 ) (-1024 0 0 ) (-1024 0 688 ) (-1024 896 688 ) 
4 219 223 (-1008 784 0 ) (-992 784 0 ) (-992 768 0 ) (-1008 768 0 ) 
4 219 222 (-352 768 0 ) (-352 0 0 ) (-992 0 0 ) (-992 768 0 ) 
4 220 294 (-1024 1024 -4736 ) (-1024 1024 -6384 ) (-1024 896 -6384 ) (-1024 896 -4736 ) 
4 220 265 (-1024 1024 -32 ) (-1024 1024 -4736 ) (-1024 896 -4736 ) (-1024 896 -32 ) 
4 220 263 (-1024 1024 -16 ) (-1024 1024 -32 ) (-1024 896 -32 ) (-1024 896 -16 ) 
4 220 260 (-1024 1024 0 ) (-1024 1024 -16 ) (-1024 896 -16 ) (-1024 896 0 ) 
4 220 234 (-1024 1024 -6384 ) (-992 1024 -6384 ) (-992 896 -6384 ) (-1024 896 -6384 ) 
4 220 231 (-992 1024 -6384 ) (-352 1024 -6384 ) (-352 896 -6384 ) (-992 896 -6384 ) 
4 220 221 (-1024 896 -6384 ) (-352 896 -6384 ) (-352 896 -16 ) (-1024 896 -16 ) 
4 221 294 (-1024 896 -6384 ) (-1024 784 -6384 ) (-1024 784 -4736 ) (-1024 896 -4736 ) 
4 221 265 (-1024 784 -4736 ) (-1024 784 -32 ) (-1024 896 -32 ) (-1024 896 -4736 ) 
4 221 263 (-1024 784 -32 ) (-1024 784 -16 ) (-1024 896 -16 ) (-1024 896 -32 ) 
4 221 234 (-992 784 -6384 ) (-1024 784 -6384 ) (-1024 896 -6384 ) (-992 896 -6384 ) 
4 221 231 (-352 896 -6384 ) (-352 784 -6384 ) (-992 784 -6384 ) (-992 896 -6384 ) 
4 221 228 (-992 784 -6384 ) (-352 784 -6384 ) (-352 784 -6144 ) (-992 784 -6144 ) 
4 221 226 (-1024 784 -32 ) (-1024 784 -4720 ) (-1008 784 -4720 ) (-1008 784 -32 ) 
4 221 225 (-1008 784 -4736 ) (-992 784 -4736 ) (-992 784 -32 ) (-1008 784 -32 ) 
4 221 224 (-1008 784 -16 ) (-1024 784 -16 ) (-1024 784 -32 ) (-1008 784 -32 ) 
4 221 223 (-992 784 -16 ) (-1008 784 -16 ) (-1008 784 -32 ) (-992 784 -32 ) 
5 222 468 (-992 0 -4736 ) (-626.800964 0 -4736 ) (-352 0 -3776 ) (-352 0 0 ) (-992 0 0 ) 
4 222 229 (-626.800964 0 -4736 ) (-992 0 -4736 ) (-992 768 -4736 ) (-626.800964 768 -4736 ) 
4 223 225 (-1008 784 -32 ) (-992 784 -32 ) (-992 768 -32 ) (-1008 768 -32 ) 
4 223 224 (-1008 784 -16 ) (-1008 784 -32 ) (-1008 768 -32 ) (-1008 768 -16 ) 
4 224 480 (-1024 0 -16 ) (-1024 0 -32 ) (-1008 0 -32 ) (-1008 0 -16 ) 
4 224 263 (-1024 768 -16 ) (-1024 784 -16 ) (-1024 784 -32 ) (-1024 768 -32 ) 
4 224 227 (-1024 0 -32 ) (-1024 238.628799 -32 ) (-1008 320 -32 ) (-1008 0 -32 ) 
4 224 226 (-1024 401.371490 -32 ) (-1024 784 -32 ) (-1008 784 -32 ) (-1008 320 -32 ) 
4 225 226 (-1008 768 -4720 ) (-1008 768 -32 ) (-1008 784 -32 ) (-1008 784 -4720 ) 
4 226 276 (-1024 401.371490 -32 ) (-1024 469.782166 -32 ) (-1024 469.782104 -4720 ) (-1024 401.371307 -4720 ) 
4 226 275 (-1024 469.782166 -32 ) (-1024 784 -32 ) (-1024 784 -4720 ) (-1024 469.782104 -4720 ) 
4 227 480 (-1024 0 -32 ) (-1024 0 -4720 ) (-1008 0 -4720 ) (-1008 0 -32 ) 
4 227 284 (-1024 0 -4720 ) (-1024 0 -32 ) (-1024 72.360123 -32 ) (-1024 72.800491 -4720 ) 
4 227 279 (-1024 72.802277 -32 ) (-1024 238.628799 -32 ) (-1024 238.628845 -4720 ) (-1024 72.802261 -4720 ) 
4 227 266 (-1024 72.360123 -32 ) (-1024 72.802277 -32 ) (-1024 72.802261 -4720 ) (-1024 72.800491 -4720 ) 
4 228 232 (-352 784 -6384 ) (-352 768 -6384 ) (-992 768 -6384 ) (-992 784 -6384 ) 
4 228 230 (-992 768 -6384 ) (-352 768 -6384 ) (-352 768 -6144 ) (-992 768 -6144 ) 
4 229 481 (-1024 0 -4736 ) (-1024 0 -6123.589844 ) (-1008 0 -6067.694824 ) (-1008 0 -4736 ) 
4 229 469 (-1008 0 -6067.694824 ) (-992 0 -6011.799805 ) (-992 0 -4736 ) (-1008 0 -4736 ) 
3 229 468 (-992 0 -6011.799805 ) (-626.800903 0 -4736 ) (-992 0 -4736 ) 
4 229 297 (-1024 0 -6123.589844 ) (-1024 0 -4736 ) (-1024 768 -4736 ) (-1024 768 -6123.589844 ) 
4 230 470 (-992 0 -6384 ) (-352 0 -6384 ) (-352 0 -6144 ) (-992 0 -6144 ) 
4 230 471 (-1008 0 -6384 ) (-992 0 -6384 ) (-992 0 -6144 ) (-1008 0 -6144 ) 
4 230 236 (-352 768 -6384 ) (-352 0 -6384 ) (-992 0 -6384 ) (-992 768 -6384 ) 
4 230 237 (-992 0 -6384 ) (-1008 0 -6384 ) (-1008 768 -6384 ) (-992 768 -6384 ) 
4 231 246 (-992 1024 -9968 ) (-976 1024 -9968 ) (-976 784 -9968 ) (-992 784 -9968 ) 
4 231 245 (-976 1024 -9968 ) (-352 1024 -9968 ) (-352 784 -9968 ) (-976 784 -9968 ) 
4 231 234 (-992 1024 -9968 ) (-992 784 -9968 ) (-992 784 -6384 ) (-992 1024 -6384 ) 
4 231 232 (-992 784 -6384 ) (-992 784 -7936 ) (-352 784 -7936 ) (-352 784 -6384 ) 
4 231 233 (-992 784 -9728 ) (-992 784 -9968 ) (-352 784 -9968 ) (-352 784 -9728 ) 
4 232 236 (-352 768 -7920 ) (-352 768 -6384 ) (-992 768 -6384 ) (-992 768 -7920 ) 
4 232 235 (-992 768 -7936 ) (-992 768 -6384 ) (-992 784 -6384 ) (-992 784 -7936 ) 
4 233 246 (-976 768 -9968 ) (-992 768 -9968 ) (-992 784 -9968 ) (-976 784 -9968 ) 
4 233 245 (-352 784 -9968 ) (-352 768 -9968 ) (-976 768 -9968 ) (-976 784 -9968 ) 
4 233 242 (-976 768 -9968 ) (-352 768 -9968 ) (-352 768 -9728 ) (-976 768 -9728 ) 
4 234 338 (-1024 1024 -8960 ) (-1024 1024 -9968 ) (-1024 784 -9968 ) (-1024 784 -8960 ) 
4 234 304 (-1024 1024 -6384 ) (-1024 1024 -8960 ) (-1024 784 -8960 ) (-1024 784 -6384 ) 
4 234 247 (-1024 784 -9968 ) (-1024 1024 -9968 ) (-992 1024 -9968 ) (-992 784 -9968 ) 
4 234 235 (-992 784 -8944 ) (-992 784 -6384 ) (-1024 784 -6384 ) (-1024 784 -8944 ) 
4 235 306 (-1024 768 -8944 ) (-1024 768 -6384 ) (-1024 784 -6384 ) (-1024 784 -8944 ) 
4 235 239 (-1008 768 -6384 ) (-1024 768 -6384 ) (-1024 768 -8944 ) (-1008 768 -8944 ) 
4 235 237 (-992 768 -7936 ) (-992 768 -6384 ) (-1008 768 -6384 ) (-1008 768 -7936 ) 
4 236 470 (-352 0 -7920 ) (-352 0 -6384 ) (-992 0 -6384 ) (-992 0 -7920 ) 
4 236 237 (-992 768 -6384 ) (-992 768 -7920 ) (-992 0 -7920 ) (-992 0 -6384 ) 
4 237 471 (-992 0 -6384 ) (-1008 0 -6384 ) (-1008 0 -7936 ) (-992 0 -7936 ) 
4 237 240 (-1008 320 -7936 ) (-1008 0 -7936 ) (-1008 0 -6384 ) (-1008 320 -6384 ) 
4 237 239 (-1008 768 -6384 ) (-1008 768 -7936 ) (-1008 320 -7936 ) (-1008 320 -6384 ) 
4 238 474 (-992 0 -8960 ) (-445.090576 0 -8960 ) (-352 0 -8832 ) (-352 0 -7936 ) 
4 238 241 (-992 768 -8960 ) (-445.090576 768 -8960 ) (-445.090576 0 -8960 ) (-992 0 -8960 ) 
4 239 321 (-1024 401.371368 -6384 ) (-1024 469.782166 -6384 ) (-1024 469.782166 -8944 ) (-1024 401.371368 -8944 ) 
4 239 320 (-1024 469.782166 -6384 ) (-1024 768 -6384 ) (-1024 768 -8944 ) (-1024 469.782166 -8944 ) 
4 240 482 (-1024 0 -6384 ) (-1024 0 -8944 ) (-1008 0 -8944 ) (-1008 0 -6384 ) 
4 240 334 (-1024 0 -8944 ) (-1024 0 -6384 ) (-1024 72.559975 -6384 ) (-1024 72.800430 -8944 ) 
4 240 324 (-1024 72.802284 -6384 ) (-1024 238.628754 -6384 ) (-1024 238.628723 -8944 ) (-1024 72.802261 -8944 ) 
4 240 307 (-1024 72.559975 -6384 ) (-1024 72.802284 -6384 ) (-1024 72.802261 -8944 ) (-1024 72.800430 -8944 ) 
3 241 474 (-445.090546 0 -8960 ) (-992 0 -8960 ) (-992 0 -9712 ) 
4 241 243 (-992 640 -8960 ) (-992 768 -8960 ) (-992 768 -9712 ) (-992 640 -9712 ) 
4 241 244 (-992 0 -8960 ) (-992 640 -8960 ) (-992 640 -9712 ) (-992 0 -9712 ) 
4 242 476 (-976 0 -9968 ) (-352 0 -9968 ) (-352 0 -9728 ) (-976 0 -9728 ) 
4 242 245 (-352 0 -9968 ) (-976 0 -9968 ) (-976 768 -9968 ) (-352 768 -9968 ) 
4 243 356 (-1024 640 -9936 ) (-1024 640 -9792 ) (-1024 684 -9792 ) (-1024 684 -9936 ) 
4 243 352 (-1024 760 -9882 ) (-1024 760 -9936 ) (-1024 684 -9936 ) (-1024 684 -9882 ) 
4 243 349 (-1024 760 -9840 ) (-1024 760 -9882 ) (-1024 684 -9882 ) (-1024 684 -9840 ) 
4 243 344 (-1024 684 -9792 ) (-1024 760 -9792 ) (-1024 760 -9840 ) (-1024 684 -9840 ) 
4 243 343 (-1024 760 -9792 ) (-1024 768 -9792 ) (-1024 768 -9936 ) (-1024 760 -9936 ) 
4 243 340 (-1024 640 -9792 ) (-1024 640 -8960 ) (-1024 768 -8960 ) (-1024 768 -9792 ) 
4 243 244 (-992 640 -9936 ) (-992 640 -8960 ) (-1024 640 -8960 ) (-1024 640 -9936 ) 
4 244 483 (-1024 0 -8960 ) (-1024 0 -9936 ) (-1008 0 -9936 ) (-1008 0 -8960 ) 
4 244 477 (-992 0 -9936 ) (-992 0 -9728 ) (-1008 0 -9728 ) (-1008 0 -9936 ) 
4 244 475 (-992 0 -9728 ) (-992 0 -8960 ) (-1008 0 -8960 ) (-1008 0 -9728 ) 
4 244 357 (-1024 640 -9968 ) (-1024 0 -9968 ) (-1024 0 -9792 ) (-1024 640 -9792 ) 
4 244 340 (-1024 0 -9792 ) (-1024 0 -8960 ) (-1024 640 -8960 ) (-1024 640 -9792 ) 
4 244 248 (-992 0 -9968 ) (-1024 0 -9968 ) (-1024 640 -9968 ) (-992 640 -9968 ) 
4 245 476 (-208 0 -9968 ) (-976 0 -9968 ) (-976 0 -10368 ) (-208 0 -10368 ) 
4 245 459 (0 0 -10368 ) (0 0 -9968 ) (-208 0 -9968 ) (-208 0 -10368 ) 
4 245 249 (-976 1024 -10368 ) (0 1024 -10368 ) (0 0 -10368 ) (-976 0 -10368 ) 
4 245 246 (-976 1024 -10368 ) (-976 768 -10368 ) (-976 768 -9968 ) (-976 1024 -9968 ) 
4 246 249 (-992 1024 -10368 ) (-976 1024 -10368 ) (-976 768 -10368 ) (-992 768 -10368 ) 
4 246 247 (-992 1024 -10368 ) (-992 784 -10368 ) (-992 784 -9968 ) (-992 1024 -9968 ) 
4 247 360 (-1024 1024 -9968 ) (-1024 1024 -10368 ) (-1024 784 -10368 ) (-1024 784 -9968 ) 
4 247 250 (-1024 784 -10368 ) (-1024 1024 -10368 ) (-992 1024 -10368 ) (-992 784 -10368 ) 
4 248 361 (-1024 640 -10368 ) (-1024 0 -10368 ) (-1024 0 -9968 ) (-1024 640 -9968 ) 
4 249 478 (-208 0 -10368 ) (-992 0 -10368 ) (-992 0 -14848 ) (-208 0 -14848 ) 
4 249 459 (0 0 -14848 ) (0 0 -10368 ) (-208 0 -10368 ) (-208 0 -14848 ) 
4 249 251 (-992 640 -14848 ) (-992 0 -14848 ) (-992 0 -10384 ) (-992 640 -10384 ) 
4 249 250 (-992 1024 -14848 ) (-992 640 -14848 ) (-992 640 -10368 ) (-992 1024 -10368 ) 
4 250 373 (-1024 1024 -12080 ) (-1024 1024 -14848 ) (-1024 640 -14848 ) (-1024 640 -12080 ) 
4 250 363 (-1024 1024 -10368 ) (-1024 1024 -12080 ) (-1024 640 -12080 ) (-1024 640 -10368 ) 
4 250 251 (-1024 640 -14848 ) (-992 640 -14848 ) (-992 640 -10384 ) (-1024 640 -10384 ) 
4 251 484 (-1024 0 -10384 ) (-1024 0 -14848 ) (-1008 0 -14848 ) (-1008 0 -10384 ) 
4 251 478 (-1008 0 -14848 ) (-992 0 -14848 ) (-992 0 -10384 ) (-1008 0 -10384 ) 
4 251 373 (-1024 640 -14848 ) (-1024 0 -14848 ) (-1024 0 -12080 ) (-1024 640 -12080 ) 
4 251 364 (-1024 0 -12080 ) (-1024 0 -10384 ) (-1024 640 -10384 ) (-1024 640 -12080 ) 
4 252 260 (-1024 1024 0 ) (-1024 912 0 ) (-1120 912 0 ) (-1120 1024 0 ) 
4 252 257 (-1120 1024 688 ) (-1120 1024 0 ) (-1120 912 0 ) (-1120 912 688 ) 
4 252 256 (-1120 1024 2560 ) (-1120 1024 688 ) (-1120 912 688 ) (-1120 912 2560 ) 
4 252 253 (-1024 912 2560 ) (-1120 912 2560 ) (-1120 912 864 ) (-1024 912 864 ) 
4 253 256 (-1120 896 864 ) (-1120 896 2560 ) (-1120 912 2560 ) (-1120 912 864 ) 
4 253 254 (-1120 896 2560 ) (-1120 896 864 ) (-1024 896 864 ) (-1024 896 2560 ) 
4 254 497 (-1024 0 704 ) (-1024 0 2560 ) (-1120 0 2560 ) (-1120 0 704 ) 
4 254 256 (-1120 0 704 ) (-1120 0 2560 ) (-1120 896 2560 ) (-1120 896 704 ) 
4 255 498 (-1024 0 0 ) (-1024 0 688 ) (-1120 0 688 ) (-1120 0 0 ) 
4 255 258 (-1120 896 0 ) (-1120 0 0 ) (-1120 0 112 ) (-1120 896 112 ) 
4 256 501 (-1136 0 688 ) (-1120 0 688 ) (-1120 0 2560 ) (-1136 0 2560 ) 
4 256 504 (-2048 0 2560 ) (-2048 0 688 ) (-1136 0 688 ) (-1136 0 2560 ) 
4 256 388 (-2048 0 688 ) (-2048 0 2560 ) (-2048 768 2560 ) (-2048 768 688 ) 
4 256 383 (-2048 768 2560 ) (-2048 784 2560 ) (-2048 784 688 ) (-2048 768 688 ) 
4 256 382 (-2048 784 2560 ) (-2048 1024 2560 ) (-2048 1024 688 ) (-2048 784 688 ) 
4 256 257 (-1120 1024 688 ) (-1120 896 688 ) (-1136 896 688 ) (-1136 1024 688 ) 
4 256 259 (-1136 0 688 ) (-2048 0 688 ) (-2048 1024 688 ) (-1136 1024 688 ) 
4 257 261 (-1136 896 0 ) (-1136 1024 0 ) (-1120 1024 0 ) (-1120 896 0 ) 
4 257 258 (-1136 896 112 ) (-1136 896 0 ) (-1120 896 0 ) (-1120 896 112 ) 
4 257 259 (-1136 1024 0 ) (-1136 896 0 ) (-1136 896 688 ) (-1136 1024 688 ) 
4 258 502 (-1136 0 0 ) (-1120 0 0 ) (-1120 0 112 ) (-1136 0 112 ) 
4 258 262 (-1120 0 0 ) (-1136 0 0 ) (-1136 784 0 ) (-1120 784 0 ) 
4 258 261 (-1136 784 0 ) (-1136 896 0 ) (-1120 896 0 ) (-1120 784 0 ) 
4 258 259 (-1136 896 0 ) (-1136 0 0 ) (-1136 0 112 ) (-1136 896 112 ) 
4 259 504 (-2048 0 688 ) (-2048 0 0 ) (-1136 0 0 ) (-1136 0 688 ) 
4 259 388 (-2048 0 0 ) (-2048 0 688 ) (-2048 768 688 ) (-2048 768 0 ) 
4 259 383 (-2048 768 688 ) (-2048 784 688 ) (-2048 784 0 ) (-2048 768 0 ) 
4 259 382 (-2048 784 688 ) (-2048 1024 688 ) (-2048 1024 0 ) (-2048 784 0 ) 
4 259 262 (-1136 0 0 ) (-2048 0 0 ) (-2048 784 0 ) (-1136 784 0 ) 
4 259 261 (-2048 784 0 ) (-2048 1024 0 ) (-1136 1024 0 ) (-1136 784 0 ) 
4 260 263 (-1120 1024 -16 ) (-1024 1024 -16 ) (-1024 896 -16 ) (-1120 896 -16 ) 
4 260 261 (-1120 1024 -16 ) (-1120 896 -16 ) (-1120 896 0 ) (-1120 1024 0 ) 
4 261 382 (-2048 784 0 ) (-2048 1024 0 ) (-2048 1024 -16 ) (-2048 784 -16 ) 
4 261 263 (-1920 1024 -16 ) (-1120 1024 -16 ) (-1120 784 -16 ) (-1920 784 -16 ) 
4 261 264 (-2048 784 -16 ) (-2048 1024 -16 ) (-1920 1024 -16 ) (-1920 784 -16 ) 
4 261 262 (-2048 784 -16 ) (-1120 784 -16 ) (-1120 784 0 ) (-2048 784 0 ) 
4 262 505 (-1120 0 0 ) (-2048 0 0 ) (-2048 0 -16 ) (-1120 0 -16 ) 
4 262 388 (-2048 0 -16 ) (-2048 0 0 ) (-2048 768 0 ) (-2048 768 -16 ) 
4 262 383 (-2048 768 0 ) (-2048 784 0 ) (-2048 784 -16 ) (-2048 768 -16 ) 
4 262 263 (-1920 768 -16 ) (-1920 784 -16 ) (-1120 784 -16 ) (-1120 768 -16 ) 
4 262 264 (-1920 0 -16 ) (-2048 0 -16 ) (-2048 784 -16 ) (-1920 784 -16 ) 
4 263 287 (-1920 768 -32 ) (-1920 784 -32 ) (-1598.020020 784 -32 ) (-1621.782227 768 -32 ) 
4 263 282 (-1598.020020 784 -32 ) (-1567.738403 784 -32 ) (-1591.820923 768 -32 ) (-1621.782227 768 -32 ) 
3 263 281 (-1472 784 -32 ) (-1391.518188 784 -32 ) (-1431.535034 776.043396 -32 ) 
4 263 280 (-1567.738403 784 -32 ) (-1472 784 -32 ) (-1553.371704 768 -32 ) (-1591.820923 768 -32 ) 
4 263 275 (-1116.260254 784 -32 ) (-1024 784 -32 ) (-1024 768 -32 ) (-1113.078857 768 -32 ) 
4 263 274 (-1252.655273 784 -32 ) (-1116.260254 784 -32 ) (-1113.078857 768 -32 ) (-1242.025391 768 -32 ) 
4 263 271 (-1376.251831 784 -32 ) (-1345.979980 784 -32 ) (-1322.217529 768 -32 ) (-1352.169312 768 -32 ) 
4 263 272 (-1345.979980 784 -32 ) (-1252.655273 784 -32 ) (-1242.025391 768 -32 ) (-1322.217529 768 -32 ) 
5 263 270 (-1391.518188 784 -32 ) (-1376.251831 784 -32 ) (-1352.169312 768 -32 ) (-1390.628540 768 -32 ) (-1431.535034 776.043396 -32 ) 
4 263 265 (-1920 784 -32 ) (-1920 1024 -32 ) (-1024 1024 -32 ) (-1024 784 -32 ) 
4 263 264 (-1920 1024 -32 ) (-1920 768 -32 ) (-1920 768 -16 ) (-1920 1024 -16 ) 
4 264 509 (-1920 0 -16 ) (-2048 0 -16 ) (-2048 0 -32 ) (-1920 0 -32 ) 
4 264 388 (-2048 0 -32 ) (-2048 0 -16 ) (-2048 768 -16 ) (-2048 768 -32 ) 
4 264 383 (-2048 768 -16 ) (-2048 784 -16 ) (-2048 784 -32 ) (-2048 768 -32 ) 
4 264 382 (-2048 784 -16 ) (-2048 1024 -16 ) (-2048 1024 -32 ) (-2048 784 -32 ) 
4 264 292 (-1952 0 -32 ) (-2048 0 -32 ) (-2048 768 -32 ) (-1952 768 -32 ) 
4 264 291 (-2048 768 -32 ) (-2048 784 -32 ) (-1952 784 -32 ) (-1952 768 -32 ) 
4 264 290 (-2048 784 -32 ) (-2048 1024 -32 ) (-1952 1024 -32 ) (-1952 784 -32 ) 
4 264 289 (-1936 0 -32 ) (-1952 0 -32 ) (-1952 768 -32 ) (-1936 768 -32 ) 
4 264 288 (-1952 768 -32 ) (-1952 1024 -32 ) (-1936 1024 -32 ) (-1936 768 -32 ) 
4 264 287 (-1936 556.425720 -32 ) (-1936 784 -32 ) (-1920 784 -32 ) (-1920 567.199097 -32 ) 
4 264 286 (-1936 320 -32 ) (-1936 556.425720 -32 ) (-1920 567.199097 -32 ) (-1920 401.371643 -32 ) 
4 264 283 (-1936 193.980255 -32 ) (-1936 320 -32 ) (-1920 238.632446 -32 ) (-1920 170.218124 -32 ) 
4 264 267 (-1920 0 -32 ) (-1936 0 -32 ) (-1936 193.980255 -32 ) (-1920 170.218124 -32 ) 
4 264 265 (-1936 784 -32 ) (-1936 1024 -32 ) (-1920 1024 -32 ) (-1920 784 -32 ) 
4 265 294 (-1024 1024 -4736 ) (-1024 784 -4736 ) (-1936 784 -4736 ) (-1936 1024 -4736 ) 
4 265 288 (-1936 1024 -4736 ) (-1936 784 -4736 ) (-1936 784 -32 ) (-1936 1024 -32 ) 
4 265 287 (-1936 784 -32 ) (-1936 784 -4720 ) (-1598.020020 784 -4720 ) (-1598.020020 784 -32 ) 
4 265 282 (-1567.738403 784 -4720 ) (-1567.738403 784 -32 ) (-1598.020020 784 -32 ) (-1598.020020 784 -4720 ) 
4 265 281 (-1391.518188 784 -4720 ) (-1391.518188 784 -32 ) (-1472 784 -32 ) (-1472 784 -4720 ) 
4 265 280 (-1472 784 -4720 ) (-1472 784 -32 ) (-1567.738403 784 -32 ) (-1567.738403 784 -4720 ) 
4 265 275 (-1024 784 -4720 ) (-1024 784 -32 ) (-1116.260132 784 -32 ) (-1116.260254 784 -4720 ) 
4 265 274 (-1116.260254 784 -4720 ) (-1116.260132 784 -32 ) (-1252.655273 784 -32 ) (-1252.655273 784 -4720 ) 
4 265 271 (-1345.979980 784 -32 ) (-1376.251831 784 -32 ) (-1376.251831 784 -4720 ) (-1345.979980 784 -4720 ) 
4 265 272 (-1252.655273 784 -4720 ) (-1252.655273 784 -32 ) (-1345.979980 784 -32 ) (-1345.979980 784 -4720 ) 
4 265 270 (-1376.251831 784 -4720 ) (-1376.251831 784 -32 ) (-1391.518188 784 -32 ) (-1391.518188 784 -4720 ) 
3 266 514 (-1131.464355 0 -32 ) (-1132.119141 0 -32 ) (-1132.120605 0 -4736 ) 
4 266 284 (-1024 72.798653 -4720 ) (-1024 72.358459 -32 ) (-1131.461914 0 -32 ) (-1132.115723 0 -4720 ) 
4 266 278 (-1080.746582 34.592850 -4720 ) (-1080.746582 34.592754 -32 ) (-1061.582031 47.497272 -32 ) (-1061.582031 47.497375 -4720 ) 
4 266 279 (-1061.582031 47.497272 -32 ) (-1024 72.803162 -32 ) (-1024 72.803284 -4720 ) (-1061.582031 47.497375 -4720 ) 
4 266 277 (-1132.120605 0 -4720 ) (-1132.120483 0 -32 ) (-1080.746582 34.592754 -32 ) (-1080.746582 34.592850 -4720 ) 
4 267 517 (-1805.386597 0 -32 ) (-1811.881226 0 -32 ) (-1811.881226 0 -4720 ) (-1805.386597 0 -4720 ) 
4 267 519 (-1811.881226 0 -32 ) (-1936 0 -32 ) (-1936 0 -4720 ) (-1811.881226 0 -4720 ) 
4 267 289 (-1936 0 -4096 ) (-1936 0 -32 ) (-1936 193.980255 -32 ) (-1936 193.980270 -4096 ) 
4 267 283 (-1936 193.980850 -4720 ) (-1936 193.980606 -32 ) (-1900.997925 141.997528 -32 ) (-1900.997925 141.997787 -4720 ) 
3 268 514 (-1138.018433 0 -32 ) (-1138.613770 0 -32 ) (-1138.613403 0 -4736 ) 
3 268 278 (-1066.259033 107.458374 -4736 ) (-1066.259399 107.456421 -32 ) (-1066.508423 106.204239 -32 ) 
4 268 277 (-1066.259521 107.453468 -4720 ) (-1066.508057 106.203873 -32 ) (-1138.017700 0 -32 ) (-1138.610352 0 -4720 ) 
4 269 510 (-1159.519409 0 -32 ) (-1784.484619 0 -32 ) (-1784.484497 0 -4736 ) (-1159.519409 0 -4736 ) 
8 269 299 (-1664 0 -4736 ) (-1784.484619 0 -4736 ) (-1789 3 -4736 ) (-1792 7.515737 -4736 ) (-1792 632.490479 -4736 ) (-1789.010132 636.990723 -4736 ) (-1688.150757 704 -4736 ) (-1664 704 -4736 ) 
3 269 298 (-1688.150757 704 -4736 ) (-1664 720.045349 -4736 ) (-1664 704 -4736 ) 
5 269 301 (-1792 7.515737 -4736 ) (-1885.996338 148.994659 -4736 ) (-1919.998901 320.005615 -4736 ) (-1885.998291 491.008636 -4736 ) (-1792 632.490479 -4736 ) 
11 269 297 (-1024 319.996307 -4736 ) (-1057.997070 149.010483 -4736 ) (-1155.003906 3 -4736 ) (-1159.519409 0 -4736 ) (-1664 0 -4736 ) (-1664 720.045349 -4736 ) (-1643 733.997864 -4736 ) (-1471.987427 768 -4736 ) (-1300.997559 734.002258 -4736 ) (-1154.991943 636.998535 -4736 ) (-1058.004395 491.014343 -4736 ) 
4 270 281 (-1391.521973 784 -32 ) (-1391.522095 784 -4720 ) (-1431.537109 776.043823 -4720 ) (-1431.537109 776.043762 -32 ) 
4 270 271 (-1376.253662 784 -4720 ) (-1376.253662 784 -32 ) (-1336.004395 757.259277 -32 ) (-1336.004517 757.259277 -4720 ) 
4 271 272 (-1293.994751 748.998962 -4720 ) (-1345.976440 784 -4720 ) (-1345.976318 784 -32 ) (-1293.994629 748.998962 -32 ) 
4 272 274 (-1252.658691 784 -4720 ) (-1252.658813 784 -32 ) (-1177.120239 670.300964 -32 ) (-1177.119995 670.300903 -4720 ) 
4 273 275 (-1080.750244 605.411804 -4720 ) (-1080.750244 605.411804 -32 ) (-1066.262573 532.548340 -32 ) (-1066.262573 532.548340 -4720 ) 
4 273 274 (-1080.750732 605.412292 -32 ) (-1080.750732 605.412109 -4720 ) (-1144 648 -4720 ) (-1144 648 -32 ) 
4 274 275 (-1116.259521 784 -4720 ) (-1116.259521 784 -32 ) (-1080.750244 605.411804 -32 ) (-1080.750244 605.411804 -4720 ) 
4 275 276 (-1043 498 -4720 ) (-1024 469.781647 -4720 ) (-1024 469.781616 -32 ) (-1043 498 -32 ) 
4 277 514 (-1132.119141 0 -32 ) (-1138.018433 0 -32 ) (-1138.611328 0 -4720 ) (-1132.120605 0 -4720 ) 
4 277 278 (-1080.747192 34.591492 -32 ) (-1080.747192 34.591488 -4720 ) (-1066.259888 107.454109 -4720 ) (-1066.508423 106.204239 -32 ) 
4 278 279 (-1061.582886 47.495689 -32 ) (-1061.583008 47.495636 -4720 ) (-1043 141.998535 -4720 ) (-1043 141.998901 -32 ) 
4 280 282 (-1567.741699 784 -32 ) (-1567.741699 784 -4720 ) (-1607.988159 757.260742 -4720 ) (-1607.988159 757.260742 -32 ) 
4 282 287 (-1598.019531 784 -32 ) (-1598.019531 784 -4720 ) (-1650 749 -4720 ) (-1650 749 -32 ) 
4 283 289 (-1936 193.980270 -4096 ) (-1936 193.980255 -32 ) (-1936 320 -32 ) (-1936 320 -4096 ) 
4 284 514 (-1024 0 -4720 ) (-1024 0 -32 ) (-1131.464355 0 -32 ) (-1132.118408 0 -4720 ) 
4 285 287 (-1882.417725 592.504395 -4720 ) (-1882.417725 592.504456 -32 ) (-1799.995117 648.002625 -32 ) (-1799.995117 648.002502 -4720 ) 
4 285 286 (-1882.416992 592.507813 -32 ) (-1882.416870 592.508118 -4720 ) (-1901 497.994720 -4720 ) (-1901.001099 497.994415 -32 ) 
4 286 289 (-1936 320 -4096 ) (-1936 320 -32 ) (-1936 556.425720 -32 ) (-1936 556.425720 -4096 ) 
4 286 287 (-1936 556.425598 -4720 ) (-1936 556.425598 -32 ) (-1882.417725 592.504456 -32 ) (-1882.417725 592.504395 -4720 ) 
4 287 289 (-1936 556.425720 -4096 ) (-1936 556.425720 -32 ) (-1936 768 -32 ) (-1936 768 -4096 ) 
4 287 288 (-1936 768 -32 ) (-1936 784 -32 ) (-1936 784 -4720 ) (-1936 768 -4720 ) 
4 288 294 (-1952 784 -4736 ) (-1952 1024 -4736 ) (-1936 1024 -4736 ) (-1936 784 -4736 ) 
4 288 291 (-1952 768 -4096 ) (-1952 768 -32 ) (-1952 784 -32 ) (-1952 784 -4096 ) 
4 288 290 (-1952 1024 -4736 ) (-1952 784 -4736 ) (-1952 784 -32 ) (-1952 1024 -32 ) 
4 288 289 (-1952 768 -32 ) (-1952 768 -4096 ) (-1936 768 -4096 ) (-1936 768 -32 ) 
4 289 520 (-1936 0 -32 ) (-1952 0 -32 ) (-1952 0 -4096 ) (-1936 0 -4096 ) 
4 289 292 (-1952 0 -4080 ) (-1952 0 -32 ) (-1952 768 -32 ) (-1952 768 -4080 ) 
4 290 382 (-2048 784 -32 ) (-2048 1024 -32 ) (-2048 1024 -4736 ) (-2048 784 -4736 ) 
4 290 295 (-2048 784 -4736 ) (-2048 1024 -4736 ) (-1952 1024 -4736 ) (-1952 784 -4736 ) 
4 290 291 (-1952 784 -4096 ) (-1952 784 -32 ) (-2048 784 -32 ) (-2048 784 -4096 ) 
4 291 383 (-2048 768 -32 ) (-2048 784 -32 ) (-2048 784 -4096 ) (-2048 768 -4096 ) 
4 291 292 (-1952 768 -4080 ) (-1952 768 -32 ) (-2048 768 -32 ) (-2048 768 -4080 ) 
4 292 522 (-1952 0 -32 ) (-2048 0 -32 ) (-2048 0 -4080 ) (-1952 0 -4080 ) 
4 292 388 (-2048 0 -4080 ) (-2048 0 -32 ) (-2048 768 -32 ) (-2048 768 -4080 ) 
4 293 523 (-2048 0 -4096 ) (-2048 0 -4736 ) (-1952 0 -4736 ) (-1952 0 -4096 ) 
4 293 390 (-2048 0 -4736 ) (-2048 0 -4096 ) (-2048 768 -4096 ) (-2048 768 -4736 ) 
4 293 302 (-1952 0 -4736 ) (-2048 0 -4736 ) (-2048 768 -4736 ) (-1952 768 -4736 ) 
4 294 336 (-1952 1024 -6384 ) (-1936 1024 -6384 ) (-1936 784 -6384 ) (-1952 784 -6384 ) 
4 294 304 (-1936 1024 -6384 ) (-1024 1024 -6384 ) (-1024 784 -6384 ) (-1936 784 -6384 ) 
4 294 295 (-1952 1024 -6384 ) (-1952 784 -6384 ) (-1952 784 -4736 ) (-1952 1024 -4736 ) 
4 295 382 (-2048 784 -4736 ) (-2048 1024 -4736 ) (-2048 1024 -6384 ) (-2048 784 -6384 ) 
4 295 336 (-2048 784 -6384 ) (-2048 1024 -6384 ) (-1952 1024 -6384 ) (-1952 784 -6384 ) 
4 295 296 (-2048 784 -6384 ) (-1952 784 -6384 ) (-1952 784 -6144 ) (-2048 784 -6144 ) 
4 296 384 (-2048 784 -6144 ) (-2048 784 -6384 ) (-2048 768 -6384 ) (-2048 768 -6144 ) 
4 296 336 (-2048 768 -6384 ) (-2048 784 -6384 ) (-1952 784 -6384 ) (-1952 768 -6384 ) 
4 296 303 (-2048 768 -6384 ) (-1952 768 -6384 ) (-1952 768 -6144 ) (-2048 768 -6144 ) 
7 297 526 (-1024 0 -6212.571289 ) (-1024 0 -4736 ) (-1664 0 -4736 ) (-1664 0 -6384 ) (-1159.515259 0 -6384 ) (-1152 0 -6378.503906 ) (-1039.711182 0 -6254.902344 ) 
11 297 311 (-1159.515259 0 -6384 ) (-1664 0 -6384 ) (-1664 720.048218 -6384 ) (-1643 734 -6384 ) (-1472 768 -6384 ) (-1301 734 -6384 ) (-1155 637 -6384 ) (-1058 491 -6384 ) (-1024 320 -6384 ) (-1058 149 -6384 ) (-1155 3 -6384 ) 
4 297 300 (-1664 704 -6384 ) (-1664 0 -6384 ) (-1664 0 -5888 ) (-1664 704 -5888 ) 
4 297 299 (-1664 0 -5888 ) (-1664 0 -4736 ) (-1664 704 -4736 ) (-1664 704 -5888 ) 
6 297 298 (-1664 768 -4736 ) (-1664 768 -6281.152344 ) (-1664 736.578125 -6365.808594 ) (-1664 720.051636 -6384 ) (-1664 704 -6384 ) (-1664 704 -4736 ) 
3 298 312 (-1688.155029 704 -6384 ) (-1664 720.048218 -6384 ) (-1664 704 -6384 ) 
5 298 300 (-1792 704 -5888 ) (-1792 704 -6308.058594 ) (-1688.158936 704 -6384 ) (-1664 704 -6384 ) (-1664 704 -5888 ) 
4 298 299 (-1792 704 -4736 ) (-1792 704 -5888 ) (-1664 704 -5888 ) (-1664 704 -4736 ) 
5 298 301 (-1792 768 -4736 ) (-1792 768 -6212.582031 ) (-1792 752.292969 -6254.902344 ) (-1792 704 -6308.060059 ) (-1792 704 -4736 ) 
4 299 527 (-1664 0 -4736 ) (-1792 0 -4736 ) (-1792 0 -5888 ) (-1664 0 -5888 ) 
4 299 301 (-1792 -0.001156 -5888 ) (-1792 0 -4736 ) (-1792 704 -4736 ) (-1792 704 -5888 ) 
4 299 300 (-1792 0 -5888 ) (-1792 704 -5888 ) (-1664 704 -5888 ) (-1664 0 -5888 ) 
6 300 528 (-1792 0 -5888 ) (-1792 0 -6378.503906 ) (-1791.998901 0 -6378.504883 ) (-1784.485229 0 -6384 ) (-1664 0 -6384 ) (-1664 0 -5888 ) 
8 300 313 (-1664 0 -6384 ) (-1784.485107 0 -6384 ) (-1789 3 -6384 ) (-1792 7.515463 -6384 ) (-1792 632.484314 -6384 ) (-1789 637 -6384 ) (-1688.155029 704 -6384 ) (-1664 704 -6384 ) 
7 300 301 (-1792 704 -6308.060059 ) (-1792 640.009460 -6378.497070 ) (-1792 632.484741 -6384 ) (-1792 7.515686 -6384 ) (-1792 -0.001648 -6378.502441 ) (-1792 -0.001156 -5888 ) (-1792 704 -5888 ) 
5 301 530 (-1792 0 -4736 ) (-1920 0 -4736 ) (-1920 0 -6212.570801 ) (-1904.288452 0 -6254.902832 ) (-1792 0 -6378.503906 ) 
5 301 314 (-1792 7.515463 -6384 ) (-1886 149 -6384 ) (-1920 320 -6384 ) (-1886 491 -6384 ) (-1792 632.484314 -6384 ) 
4 301 302 (-1920 768 -4736 ) (-1920 768 -6128 ) (-1920 0 -6128 ) (-1920 0 -4736 ) 
4 302 532 (-1920 0 -4736 ) (-2048 0 -4736 ) (-2048 0 -5963.428223 ) (-1920 0 -6128 ) 
4 302 390 (-2048 0 -5963.428223 ) (-2048 0 -4736 ) (-2048 768 -4736 ) (-2048 768 -5963.428223 ) 
4 303 533 (-2048 0 -6144 ) (-2048 0 -6384 ) (-1936 0 -6384 ) (-1936 0 -6144 ) 
4 303 392 (-2048 0 -6384 ) (-2048 0 -6144 ) (-2048 768 -6144 ) (-2048 768 -6384 ) 
4 303 337 (-1936 0 -6384 ) (-2048 0 -6384 ) (-2048 768 -6384 ) (-1936 768 -6384 ) 
4 304 338 (-1024 1024 -8960 ) (-1024 784 -8960 ) (-1936 784 -8960 ) (-1936 1024 -8960 ) 
4 304 336 (-1936 1024 -8960 ) (-1936 784 -8960 ) (-1936 784 -6384 ) (-1936 1024 -6384 ) 
4 304 306 (-1024 784 -8944 ) (-1024 784 -6384 ) (-1472 784 -6384 ) (-1472 784 -8944 ) 
4 304 305 (-1936 784 -6384 ) (-1936 784 -8944 ) (-1472 784 -8944 ) (-1472 784 -6384 ) 
4 305 336 (-1936 768 -8944 ) (-1936 768 -6384 ) (-1936 784 -6384 ) (-1936 784 -8944 ) 
4 305 335 (-1936 768 -6384 ) (-1936 768 -8944 ) (-1553.371582 768 -8944 ) (-1553.371582 768 -6384 ) 
4 306 320 (-1024 768 -8944 ) (-1024 768 -6384 ) (-1113.078857 768 -6384 ) (-1113.078857 768 -8944 ) 
4 306 319 (-1113.078857 768 -6384 ) (-1242.025391 768 -6384 ) (-1242.025391 768 -8944 ) (-1113.078857 768 -8944 ) 
4 306 316 (-1322.217529 768 -6384 ) (-1352.169312 768 -6384 ) (-1352.169312 768 -8944 ) (-1322.217529 768 -8944 ) 
4 306 317 (-1242.025391 768 -6384 ) (-1322.217529 768 -6384 ) (-1322.217529 768 -8944 ) (-1242.025391 768 -8944 ) 
4 306 315 (-1352.169312 768 -6384 ) (-1390.628540 768 -6384 ) (-1390.628540 768 -8944 ) (-1352.169312 768 -8944 ) 
3 307 547 (-1131.761230 0 -6384 ) (-1132.119263 0 -6384 ) (-1132.120605 0 -8960 ) 
4 307 334 (-1024 72.799461 -8944 ) (-1024 72.559143 -6384 ) (-1131.760010 0 -6384 ) (-1132.116943 0 -8944 ) 
4 307 323 (-1080.746948 34.590710 -8944 ) (-1080.746948 34.590816 -6384 ) (-1061.582397 47.495346 -6384 ) (-1061.582520 47.495155 -8944 ) 
4 307 324 (-1061.582397 47.495346 -6384 ) (-1024 72.801506 -6384 ) (-1024 72.801392 -8944 ) (-1061.582520 47.495155 -8944 ) 
4 307 322 (-1132.117920 0 -8944 ) (-1132.118042 0 -6384 ) (-1080.746948 34.590816 -6384 ) (-1080.746948 34.590710 -8944 ) 
4 308 544 (-1805.386597 0 -6384 ) (-1811.881226 0 -6384 ) (-1811.881226 0 -8944 ) (-1805.386597 0 -8944 ) 
4 308 545 (-1811.881226 0 -6384 ) (-1936 0 -6384 ) (-1936 0 -8944 ) (-1811.881226 0 -8944 ) 
4 308 337 (-1936 0 -8944 ) (-1936 0 -6384 ) (-1936 193.980316 -6384 ) (-1936 193.980316 -8944 ) 
4 308 332 (-1936 193.981522 -8944 ) (-1936 193.981415 -6384 ) (-1900.998047 141.998459 -6384 ) (-1900.998169 141.998596 -8944 ) 
4 309 331 (-1877.738037 532.552795 -8944 ) (-1877.603149 533.231506 -6384 ) (-1800.598877 647.596313 -6384 ) (-1800.009766 647.992981 -8944 ) 
4 309 328 (-1877.604248 533.228577 -6384 ) (-1877.740112 532.545288 -8960 ) (-1877.741455 532.538452 -8960 ) (-1877.741455 532.538208 -6384 ) 
4 309 327 (-1799.994263 648.003845 -8960 ) (-1800.001831 647.998779 -8960 ) (-1800.594849 647.599426 -6384 ) (-1799.994507 648.003662 -6384 ) 
3 310 547 (-1138.287476 0 -6384 ) (-1138.613770 0 -6384 ) (-1138.613403 0 -8960 ) 
3 310 323 (-1066.258179 107.459702 -8960 ) (-1066.258545 107.457779 -6384 ) (-1066.394775 106.772842 -6384 ) 
5 310 322 (-1070.013672 101.880844 -8944 ) (-1066.262085 107.452454 -8943.125000 ) (-1066.397827 106.770241 -6384 ) (-1138.288696 0 -6384 ) (-1138.612427 0 -8944 ) 
4 311 537 (-1159.519409 0 -6384 ) (-1664 0 -6384 ) (-1664 0 -8960 ) (-1159.519409 0 -8960 ) 
11 311 340 (-1024 319.996124 -8960 ) (-1057.997070 149.010513 -8960 ) (-1155.003906 3 -8960 ) (-1159.519409 0 -8960 ) (-1664 0 -8960 ) (-1664 720.045410 -8960 ) (-1643 733.997925 -8960 ) (-1471.986206 768 -8960 ) (-1300.997437 734.002197 -8960 ) (-1154.991943 636.998535 -8960 ) (-1058.004395 491.014435 -8960 ) 
4 311 313 (-1664 704 -8960 ) (-1664 0 -8960 ) (-1664 0 -6384 ) (-1664 704 -6384 ) 
4 311 312 (-1664 720.045471 -8960 ) (-1664 704 -8960 ) (-1664 704 -6384 ) (-1664 720.045471 -6384 ) 
3 312 340 (-1688.150879 704 -8960 ) (-1664 720.045410 -8960 ) (-1664 704 -8960 ) 
4 312 313 (-1688.152344 704 -6384 ) (-1688.152344 704 -8960 ) (-1664 704 -8960 ) (-1664 704 -6384 ) 
4 313 538 (-1664 0 -6384 ) (-1784.484619 0 -6384 ) (-1784.484497 0 -8960 ) (-1664 0 -8960 ) 
8 313 340 (-1664 0 -8960 ) (-1784.484619 0 -8960 ) (-1789 3 -8960 ) (-1792 7.515733 -8960 ) (-1792 632.490417 -8960 ) (-1789.009888 636.991028 -8960 ) (-1688.150879 704 -8960 ) (-1664 704 -8960 ) 
4 313 314 (-1792 632.490417 -6384 ) (-1792 632.490417 -8960 ) (-1792 7.515691 -8960 ) (-1792 7.515694 -6384 ) 
5 314 340 (-1792 7.515733 -8960 ) (-1885.996460 148.994858 -8960 ) (-1919.998901 320.005798 -8960 ) (-1885.998291 491.008667 -8960 ) (-1792 632.490417 -8960 ) 
4 315 316 (-1352.169189 768 -8944 ) (-1352.169067 768 -6384 ) (-1336.001953 757.258850 -6384 ) (-1336.002075 757.258850 -8944 ) 
4 316 317 (-1293.994629 748.998962 -8944 ) (-1322.213989 768 -8944 ) (-1322.213989 768 -6384 ) (-1293.994629 748.998962 -6384 ) 
4 317 319 (-1242.027588 768 -8944 ) (-1242.027588 768 -6384 ) (-1177.118652 670.299988 -6384 ) (-1177.118774 670.300049 -8944 ) 
4 318 320 (-1080.750244 605.411804 -8944 ) (-1080.750244 605.411865 -6384 ) (-1066.262573 532.548340 -6384 ) (-1066.262573 532.548340 -8944 ) 
4 318 319 (-1080.750610 605.412109 -6384 ) (-1080.750610 605.412048 -8944 ) (-1144 648 -8944 ) (-1144 648 -6384 ) 
4 319 320 (-1113.078125 768 -8944 ) (-1113.078125 768 -6384 ) (-1080.750244 605.411865 -6384 ) (-1080.750244 605.411804 -8944 ) 
4 320 321 (-1043 498 -8944 ) (-1024 469.781647 -8944 ) (-1024 469.781616 -6384 ) (-1043 498 -6384 ) 
4 322 547 (-1132.119263 0 -6384 ) (-1138.287476 0 -6384 ) (-1138.611328 0 -8944 ) (-1132.120605 0 -8944 ) 
4 322 323 (-1080.746460 34.591896 -6384 ) (-1080.746460 34.591900 -8944 ) (-1066.259033 107.455437 -8944 ) (-1066.394775 106.772842 -6384 ) 
4 323 324 (-1061.583862 47.495106 -6384 ) (-1061.583984 47.495056 -8944 ) (-1043.002197 141.996765 -8944 ) (-1043.002075 141.996979 -6384 ) 
4 325 335 (-1744.509277 730.416138 -8944 ) (-1744.880737 730.343140 -6384 ) (-1650 749 -6384 ) (-1650.001221 749 -8944 ) 
4 325 329 (-1744.883179 730.343872 -6384 ) (-1744.511963 730.416931 -8944 ) (-1762.299072 704 -8944 ) (-1762.621094 704 -6384 ) 
4 325 326 (-1762.617920 704 -6384 ) (-1762.295776 704 -8944 ) (-1716.831299 704 -8944 ) (-1716.831299 704 -6384 ) 
4 326 330 (-1762.299072 704 -8944 ) (-1792 659.888916 -8944 ) (-1792 660.367126 -6384 ) (-1762.621094 704 -6384 ) 
4 326 327 (-1792 660.362854 -6384 ) (-1792 659.884338 -8944 ) (-1792 653.386719 -8944 ) (-1792 653.386719 -6384 ) 
4 327 331 (-1792 659.888916 -8944 ) (-1800.009766 647.992981 -8944 ) (-1800.598877 647.596313 -6384 ) (-1792 660.367126 -6384 ) 
3 328 333 (-1901 497.998169 -8960 ) (-1901 497.995422 -6384 ) (-1900.866089 498.678284 -6384 ) 
4 328 331 (-1901 498.005280 -8944 ) (-1900.866699 498.681061 -6384 ) (-1877.603149 533.231506 -6384 ) (-1877.738037 532.552795 -8944 ) 
4 329 335 (-1792 721.078064 -6384 ) (-1744.880737 730.343140 -6384 ) (-1744.509277 730.416138 -8944 ) (-1792 721.078064 -8944 ) 
4 329 331 (-1792 721.078674 -6384 ) (-1792 721.078674 -8944 ) (-1792 704 -8944 ) (-1792 704 -6384 ) 
4 329 330 (-1792 704 -6384 ) (-1792 704 -8944 ) (-1762.295776 704 -8944 ) (-1762.618164 704 -6384 ) 
4 330 331 (-1792 704 -8944 ) (-1792 659.878906 -8944 ) (-1792 660.357422 -6384 ) (-1792 704 -6384 ) 
4 331 335 (-1859.756104 707.755188 -8944 ) (-1859.756104 707.755188 -6384 ) (-1792 721.078064 -6384 ) (-1792 721.078064 -8944 ) 
4 331 333 (-1859.755493 707.754944 -6384 ) (-1859.755493 707.754883 -8944 ) (-1900.998901 498.002380 -8944 ) (-1900.866089 498.678284 -6384 ) 
4 332 337 (-1936 193.980316 -8944 ) (-1936 193.980316 -6384 ) (-1936 320 -6384 ) (-1936 320 -8944 ) 
4 333 337 (-1936 320 -8944 ) (-1936 320 -6384 ) (-1936 692.764038 -6384 ) (-1936 692.764038 -8944 ) 
4 333 335 (-1936 692.763367 -8944 ) (-1936 692.763367 -6384 ) (-1859.756104 707.755188 -6384 ) (-1859.756104 707.755188 -8944 ) 
4 334 547 (-1024 0 -8944 ) (-1024 0 -6384 ) (-1131.761230 0 -6384 ) (-1132.118408 0 -8944 ) 
4 335 337 (-1936 692.764038 -8944 ) (-1936 692.764038 -6384 ) (-1936 768 -6384 ) (-1936 768 -8944 ) 
4 336 384 (-2048 768 -6384 ) (-2048 784 -6384 ) (-2048 784 -8960 ) (-2048 768 -8960 ) 
4 336 382 (-2048 784 -6384 ) (-2048 1024 -6384 ) (-2048 1024 -8960 ) (-2048 784 -8960 ) 
4 336 339 (-2048 784 -8960 ) (-2048 1024 -8960 ) (-1936 1024 -8960 ) (-1936 784 -8960 ) 
4 336 337 (-1936 768 -8944 ) (-1936 768 -6384 ) (-2048 768 -6384 ) (-2048 768 -8944 ) 
4 337 545 (-1936 0 -6384 ) (-2048 0 -6384 ) (-2048 0 -8944 ) (-1936 0 -8944 ) 
4 337 392 (-2048 0 -8944 ) (-2048 0 -6384 ) (-2048 768 -6384 ) (-2048 768 -8944 ) 
4 338 360 (-1024 1024 -9968 ) (-1024 784 -9968 ) (-1936 784 -9968 ) (-1936 1024 -9968 ) 
4 338 339 (-1936 1024 -9968 ) (-1936 784 -9968 ) (-1936 784 -8960 ) (-1936 1024 -8960 ) 
4 339 382 (-2048 784 -8960 ) (-2048 1024 -8960 ) (-2048 1024 -9968 ) (-2048 784 -9968 ) 
4 339 367 (-2048 784 -9968 ) (-2048 1024 -9968 ) (-1936 1024 -9968 ) (-1936 784 -9968 ) 
4 340 554 (-1024 0 -9792 ) (-1024 0 -8960 ) (-1920 0 -8960 ) (-1920 0 -9792 ) 
4 340 356 (-1024 684 -9792 ) (-1024 640 -9792 ) (-1920 640 -9792 ) (-1920 684 -9792 ) 
4 340 357 (-1024 640 -9792 ) (-1024 0 -9792 ) (-1920 0 -9792 ) (-1920 640 -9792 ) 
4 340 347 (-1456 684 -9792 ) (-1472 684 -9792 ) (-1472 760 -9792 ) (-1456 760 -9792 ) 
4 340 346 (-1404 684 -9792 ) (-1456 684 -9792 ) (-1456 760 -9792 ) (-1404 760 -9792 ) 
4 340 348 (-1472 684 -9792 ) (-1920 684 -9792 ) (-1920 760 -9792 ) (-1472 760 -9792 ) 
4 340 345 (-1268 684 -9792 ) (-1404 684 -9792 ) (-1404 760 -9792 ) (-1268 760 -9792 ) 
4 340 344 (-1024 760 -9792 ) (-1024 684 -9792 ) (-1268 684 -9792 ) (-1268 760 -9792 ) 
4 340 343 (-1920 768 -9792 ) (-1024 768 -9792 ) (-1024 760 -9792 ) (-1920 760 -9792 ) 
4 340 341 (-1920 768 -8960 ) (-1920 768 -9760 ) (-1920 0 -9760 ) (-1920 0 -8960 ) 
4 341 555 (-1920 0 -8960 ) (-1952 0 -8960 ) (-1952 0 -9760 ) (-1920 0 -9760 ) 
4 341 342 (-1952 768 -8960 ) (-1952 768 -9760 ) (-1952 0 -9760 ) (-1952 0 -8960 ) 
4 342 556 (-1952 0 -8960 ) (-2048 0 -8960 ) (-2048 0 -9792 ) (-1952 0 -9792 ) 
4 342 393 (-2048 0 -9792 ) (-2048 0 -8960 ) (-2048 768 -8960 ) (-2048 768 -9792 ) 
4 342 359 (-2048 768 -9792 ) (-1952 768 -9792 ) (-1952 0 -9792 ) (-2048 0 -9792 ) 
4 343 358 (-1936 760 -9792 ) (-1936 768 -9792 ) (-1936 768 -9936 ) (-1936 760 -9936 ) 
4 343 353 (-1190 760 -9892 ) (-1190 760 -9882 ) (-1404 760 -9882 ) (-1404 760 -9892 ) 
4 343 354 (-1404 760 -9936 ) (-1190 760 -9936 ) (-1190 760 -9906 ) (-1404 760 -9906 ) 
4 343 352 (-1190 760 -9936 ) (-1024 760 -9936 ) (-1024 760 -9882 ) (-1190 760 -9882 ) 
4 343 355 (-1936 760 -9882 ) (-1936 760 -9936 ) (-1404 760 -9936 ) (-1404 760 -9882 ) 
4 343 350 (-1104 760 -9848 ) (-1104 760 -9840 ) (-1198 760 -9840 ) (-1198 760 -9848 ) 
4 343 349 (-1104 760 -9882 ) (-1024 760 -9882 ) (-1024 760 -9840 ) (-1104 760 -9840 ) 
4 343 351 (-1936 760 -9840 ) (-1936 760 -9882 ) (-1198 760 -9882 ) (-1198 760 -9840 ) 
4 343 347 (-1456 760 -9824 ) (-1456 760 -9792 ) (-1472 760 -9792 ) (-1472 760 -9824 ) 
4 343 346 (-1456 760 -9840 ) (-1404 760 -9840 ) (-1404 760 -9792 ) (-1456 760 -9792 ) 
4 343 348 (-1936 760 -9792 ) (-1936 760 -9840 ) (-1472 760 -9840 ) (-1472 760 -9792 ) 
4 343 345 (-1268 760 -9832 ) (-1268 760 -9792 ) (-1404 760 -9792 ) (-1404 760 -9832 ) 
4 343 344 (-1268 760 -9840 ) (-1024 760 -9840 ) (-1024 760 -9792 ) (-1268 760 -9792 ) 
4 344 356 (-1268 684 -9840 ) (-1024 684 -9840 ) (-1024 684 -9792 ) (-1268 684 -9792 ) 
4 344 350 (-1104 684 -9840 ) (-1198 684 -9840 ) (-1198 760 -9840 ) (-1104 760 -9840 ) 
4 344 349 (-1024 684 -9840 ) (-1104 684 -9840 ) (-1104 760 -9840 ) (-1024 760 -9840 ) 
4 344 351 (-1198 684 -9840 ) (-1268 684 -9840 ) (-1268 760 -9840 ) (-1198 760 -9840 ) 
4 344 345 (-1268 760 -9792 ) (-1268 760 -9832 ) (-1268 684 -9832 ) (-1268 684 -9792 ) 
4 345 356 (-1268 684 -9832 ) (-1268 684 -9792 ) (-1404 684 -9792 ) (-1404 684 -9832 ) 
4 345 346 (-1404 760 -9792 ) (-1404 760 -9832 ) (-1404 684 -9832 ) (-1404 684 -9792 ) 
4 346 356 (-1456 684 -9840 ) (-1404 684 -9840 ) (-1404 684 -9792 ) (-1456 684 -9792 ) 
4 346 351 (-1404 684 -9840 ) (-1456 684 -9840 ) (-1456 760 -9840 ) (-1404 760 -9840 ) 
4 346 347 (-1456 760 -9792 ) (-1456 760 -9824 ) (-1456 684 -9824 ) (-1456 684 -9792 ) 
4 347 356 (-1456 684 -9824 ) (-1456 684 -9792 ) (-1472 684 -9792 ) (-1472 684 -9824 ) 
4 347 348 (-1472 760 -9792 ) (-1472 760 -9824 ) (-1472 684 -9824 ) (-1472 684 -9792 ) 
4 348 358 (-1936 684 -9792 ) (-1936 760 -9792 ) (-1936 760 -9840 ) (-1936 684 -9840 ) 
4 348 356 (-1936 684 -9792 ) (-1936 684 -9840 ) (-1472 684 -9840 ) (-1472 684 -9792 ) 
4 348 351 (-1472 684 -9840 ) (-1936 684 -9840 ) (-1936 760 -9840 ) (-1472 760 -9840 ) 
4 349 356 (-1104 684 -9882 ) (-1024 684 -9882 ) (-1024 684 -9840 ) (-1104 684 -9840 ) 
4 349 352 (-1024 684 -9882 ) (-1104 684 -9882 ) (-1104 760 -9882 ) (-1024 760 -9882 ) 
4 349 350 (-1104 684 -9848 ) (-1104 684 -9840 ) (-1104 760 -9840 ) (-1104 760 -9848 ) 
4 350 356 (-1104 684 -9848 ) (-1104 684 -9840 ) (-1198 684 -9840 ) (-1198 684 -9848 ) 
4 350 351 (-1198 684 -9848 ) (-1198 684 -9840 ) (-1198 760 -9840 ) (-1198 760 -9848 ) 
4 351 358 (-1936 760 -9840 ) (-1936 760 -9882 ) (-1936 684 -9882 ) (-1936 684 -9840 ) 
4 351 356 (-1936 684 -9840 ) (-1936 684 -9882 ) (-1198 684 -9882 ) (-1198 684 -9840 ) 
4 351 353 (-1198 684 -9882 ) (-1404 684 -9882 ) (-1404 760 -9882 ) (-1198 760 -9882 ) 
4 351 355 (-1404 684 -9882 ) (-1936 684 -9882 ) (-1936 760 -9882 ) (-1404 760 -9882 ) 
4 352 356 (-1190 684 -9936 ) (-1024 684 -9936 ) (-1024 684 -9882 ) (-1190 684 -9882 ) 
4 352 353 (-1190 684 -9892 ) (-1190 684 -9882 ) (-1190 760 -9882 ) (-1190 760 -9892 ) 
4 352 354 (-1190 760 -9936 ) (-1190 684 -9936 ) (-1190 684 -9906 ) (-1190 760 -9906 ) 
4 353 356 (-1190 684 -9892 ) (-1190 684 -9882 ) (-1404 684 -9882 ) (-1404 684 -9892 ) 
4 353 355 (-1404 684 -9892 ) (-1404 684 -9882 ) (-1404 760 -9882 ) (-1404 760 -9892 ) 
4 354 356 (-1404 684 -9936 ) (-1190 684 -9936 ) (-1190 684 -9906 ) (-1404 684 -9906 ) 
4 354 355 (-1404 760 -9936 ) (-1404 684 -9936 ) (-1404 684 -9906 ) (-1404 760 -9906 ) 
4 355 358 (-1936 760 -9882 ) (-1936 760 -9936 ) (-1936 684 -9936 ) (-1936 684 -9882 ) 
4 355 356 (-1936 684 -9882 ) (-1936 684 -9936 ) (-1404 684 -9936 ) (-1404 684 -9882 ) 
4 356 358 (-1936 640 -9792 ) (-1936 684 -9792 ) (-1936 684 -9936 ) (-1936 640 -9936 ) 
4 356 357 (-1936 640 -9792 ) (-1936 640 -9936 ) (-1024 640 -9936 ) (-1024 640 -9792 ) 
4 357 557 (-1024 0 -9936 ) (-1024 0 -9792 ) (-1936 0 -9792 ) (-1936 0 -9936 ) 
4 357 362 (-1792 0 -9968 ) (-1936 0 -9968 ) (-1936 640 -9968 ) (-1792 640 -9968 ) 
4 357 361 (-1024 640 -9968 ) (-1024 0 -9968 ) (-1792 0 -9968 ) (-1792 640 -9968 ) 
4 357 358 (-1936 0 -9792 ) (-1936 640 -9792 ) (-1936 640 -9968 ) (-1936 0 -9968 ) 
4 358 558 (-1936 0 -9792 ) (-1952 0 -9792 ) (-1952 0 -9968 ) (-1936 0 -9968 ) 
4 358 369 (-1936 0 -9968 ) (-1952 0 -9968 ) (-1952 768 -9968 ) (-1936 768 -9968 ) 
4 358 359 (-1952 0 -9792 ) (-1952 768 -9792 ) (-1952 768 -9968 ) (-1952 0 -9968 ) 
4 359 560 (-1952 0 -9792 ) (-2048 0 -9792 ) (-2048 0 -9968 ) (-1952 0 -9968 ) 
4 359 393 (-2048 0 -9968 ) (-2048 0 -9792 ) (-2048 768 -9792 ) (-2048 768 -9968 ) 
4 359 370 (-1952 0 -9968 ) (-2048 0 -9968 ) (-2048 768 -9968 ) (-1952 768 -9968 ) 
4 360 367 (-1936 784 -9968 ) (-1936 1024 -9968 ) (-1936 1024 -10368 ) (-1936 784 -10368 ) 
4 360 366 (-1936 784 -10368 ) (-1936 1024 -10368 ) (-1920 1024 -10368 ) (-1920 784 -10368 ) 
4 360 365 (-1920 1024 -10368 ) (-1792 1024 -10368 ) (-1792 784 -10368 ) (-1920 784 -10368 ) 
4 360 363 (-1792 1024 -10368 ) (-1024 1024 -10368 ) (-1024 784 -10368 ) (-1792 784 -10368 ) 
4 361 362 (-1792 640 -9968 ) (-1792 640 -10008 ) (-1792 0 -10008 ) (-1792 0 -9968 ) 
4 362 369 (-1936 0 -10008 ) (-1936 0 -9968 ) (-1936 640 -9968 ) (-1936 640 -10008 ) 
4 363 373 (-1792 640 -12080 ) (-1792 1024 -12080 ) (-1024 1024 -12080 ) (-1024 640 -12080 ) 
4 363 365 (-1792 1024 -12080 ) (-1792 640 -12080 ) (-1792 640 -10368 ) (-1792 1024 -10368 ) 
4 363 364 (-1792 640 -10384 ) (-1792 640 -12080 ) (-1024 640 -12080 ) (-1024 640 -10384 ) 
4 364 561 (-1024 0 -12080 ) (-1024 0 -10384 ) (-1792 0 -10384 ) (-1792 0 -12080 ) 
4 364 373 (-1024 0 -12080 ) (-1792 0 -12080 ) (-1792 640 -12080 ) (-1024 640 -12080 ) 
4 364 365 (-1792 640 -12080 ) (-1792 0 -12080 ) (-1792 0 -10384 ) (-1792 640 -10384 ) 
4 365 561 (-1792 0 -10368 ) (-1920 0 -10368 ) (-1920 0 -12080 ) (-1792 0 -12080 ) 
4 365 373 (-1792 0 -12080 ) (-1920 0 -12080 ) (-1920 1024 -12080 ) (-1792 1024 -12080 ) 
4 365 366 (-1920 1024 -12080 ) (-1920 768 -12080 ) (-1920 768 -10368 ) (-1920 1024 -10368 ) 
4 366 374 (-1936 768 -12080 ) (-1936 1024 -12080 ) (-1920 1024 -12080 ) (-1920 768 -12080 ) 
4 366 368 (-1936 784 -12080 ) (-1936 768 -12080 ) (-1936 768 -12048 ) (-1936 784 -12048 ) 
4 366 367 (-1936 1024 -12080 ) (-1936 784 -12080 ) (-1936 784 -10368 ) (-1936 1024 -10368 ) 
4 367 382 (-2048 784 -9968 ) (-2048 1024 -9968 ) (-2048 1024 -12080 ) (-2048 784 -12080 ) 
4 367 376 (-2048 784 -12080 ) (-2048 1024 -12080 ) (-1936 1024 -12080 ) (-1936 784 -12080 ) 
4 367 368 (-2048 784 -12080 ) (-1936 784 -12080 ) (-1936 784 -12048 ) (-2048 784 -12048 ) 
4 368 387 (-2048 784 -12048 ) (-2048 784 -12080 ) (-2048 768 -12080 ) (-2048 768 -12048 ) 
4 368 376 (-2048 768 -12080 ) (-2048 784 -12080 ) (-1936 784 -12080 ) (-1936 768 -12080 ) 
4 369 558 (-1936 0 -9968 ) (-1952 0 -9968 ) (-1952 0 -10080 ) (-1936 0 -10080 ) 
4 369 371 (-1952 768 -10080 ) (-1936 768 -10080 ) (-1936 640 -10080 ) (-1952 640 -10080 ) 
4 369 372 (-1936 640 -10080 ) (-1936 0 -10080 ) (-1952 0 -10080 ) (-1952 640 -10080 ) 
4 369 370 (-1952 768 -9968 ) (-1952 768 -10080 ) (-1952 0 -10080 ) (-1952 0 -9968 ) 
4 370 560 (-1952 0 -9968 ) (-2048 0 -9968 ) (-2048 0 -10080 ) (-1952 0 -10080 ) 
4 370 393 (-2048 0 -10080 ) (-2048 0 -9968 ) (-2048 768 -9968 ) (-2048 768 -10080 ) 
4 370 371 (-2048 768 -10080 ) (-1952 768 -10080 ) (-1952 640 -10080 ) (-2048 640 -10080 ) 
4 370 372 (-1952 640 -10080 ) (-1952 0 -10080 ) (-2048 0 -10080 ) (-2048 640 -10080 ) 
4 371 396 (-2048 768 -11392 ) (-2048 768 -12048 ) (-2048 640 -12048 ) (-2048 640 -11392 ) 
4 371 393 (-2048 640 -10080 ) (-2048 768 -10080 ) (-2048 768 -11392 ) (-2048 640 -11392 ) 
4 371 372 (-1936 640 -12048 ) (-1936 640 -10080 ) (-2048 640 -10080 ) (-2048 640 -12048 ) 
4 372 563 (-2048 0 -10368 ) (-2048 0 -12048 ) (-1936 0 -12048 ) (-1936 0 -10368 ) 
4 372 559 (-1952 0 -10368 ) (-1936 0 -10368 ) (-1936 0 -10080 ) (-1952 0 -10080 ) 
4 372 560 (-2048 0 -10080 ) (-2048 0 -10368 ) (-1952 0 -10368 ) (-1952 0 -10080 ) 
4 372 397 (-2048 0 -12080 ) (-2048 0 -11392 ) (-2048 640 -11392 ) (-2048 640 -12080 ) 
4 372 393 (-2048 0 -11392 ) (-2048 0 -10080 ) (-2048 640 -10080 ) (-2048 640 -11392 ) 
4 372 378 (-1936 0 -12080 ) (-2048 0 -12080 ) (-2048 640 -12080 ) (-1936 640 -12080 ) 
4 373 561 (-1024 0 -14848 ) (-1024 0 -12080 ) (-1920 0 -12080 ) (-1920 0 -14848 ) 
4 373 375 (-1920 768 -14848 ) (-1920 0 -14848 ) (-1920 0 -12416 ) (-1920 768 -12416 ) 
4 373 374 (-1920 1024 -14848 ) (-1920 768 -14848 ) (-1920 768 -12080 ) (-1920 1024 -12080 ) 
4 374 377 (-1936 1024 -12464 ) (-1936 1024 -14848 ) (-1936 768 -14848 ) (-1936 768 -12464 ) 
4 374 376 (-1936 768 -12080 ) (-1936 1024 -12080 ) (-1936 1024 -12464 ) (-1936 768 -12464 ) 
4 374 375 (-1936 768 -12416 ) (-1936 768 -14848 ) (-1920 768 -14848 ) (-1920 768 -12416 ) 
4 375 562 (-1936 0 -12416 ) (-1936 0 -14848 ) (-1920 0 -14848 ) (-1920 0 -12416 ) 
4 375 379 (-1936 0 -14848 ) (-1936 0 -12416 ) (-1936 640 -12416 ) (-1936 640 -14848 ) 
4 375 377 (-1936 768 -12464 ) (-1936 768 -14848 ) (-1936 640 -14848 ) (-1936 640 -12464 ) 
4 376 398 (-2048 768 -12080 ) (-2048 1024 -12080 ) (-2048 1024 -12464 ) (-2048 768 -12464 ) 
4 376 377 (-2048 768 -12464 ) (-2048 1024 -12464 ) (-1936 1024 -12464 ) (-1936 768 -12464 ) 
4 377 399 (-2048 640 -14848 ) (-2048 640 -12464 ) (-2048 1024 -12464 ) (-2048 1024 -14848 ) 
4 377 379 (-1936 640 -14848 ) (-1936 640 -12464 ) (-2048 640 -12464 ) (-2048 640 -14848 ) 
4 378 400 (-2048 0 -12400 ) (-2048 0 -12080 ) (-2048 640 -12080 ) (-2048 640 -12400 ) 
4 379 564 (-1936 0 -14848 ) (-1936 0 -12464 ) (-2048 0 -12464 ) (-2048 0 -14848 ) 
4 379 401 (-2048 0 -14848 ) (-2048 0 -12416 ) (-2048 640 -12416 ) (-2048 640 -14848 ) 
4 380 399 (-2048 1024 -14848 ) (-2048 1024 -12464 ) (-3072 1024 -12464 ) (-3072 1024 -14848 ) 
4 380 398 (-2048 1024 -12464 ) (-2048 1024 -12080 ) (-3072 1024 -12080 ) (-3072 1024 -12464 ) 
4 380 382 (-2048 1024 -12080 ) (-2048 1024 2560 ) (-3072 1024 2560 ) (-3072 1024 -12080 ) 
4 380 381 (-3072 1024 -14848 ) (-3072 1024 2560 ) (-3072 2048 2560 ) (-3072 2048 -14848 ) 
4 381 437 (-4096 1024 -14848 ) (-4096 1024 2560 ) (-4096 2048 2560 ) (-4096 2048 -14848 ) 
4 381 434 (-3920 1024 -14848 ) (-3904 1024 -14848 ) (-3904 1024 -10752 ) (-3920 1024 -10752 ) 
4 381 436 (-4096 1024 -10752 ) (-4096 1024 -14848 ) (-3920 1024 -14848 ) (-3920 1024 -10752 ) 
4 381 433 (-3904 1024 2560 ) (-4096 1024 2560 ) (-4096 1024 -10752 ) (-3904 1024 -10752 ) 
4 381 430 (-3888 1024 -14848 ) (-3200 1024 -14848 ) (-3200 1024 -14592 ) (-3888 1024 -14592 ) 
4 381 432 (-3904 1024 -14592 ) (-3904 1024 -14848 ) (-3888 1024 -14848 ) (-3888 1024 -14592 ) 
4 381 423 (-3904 1024 -11392 ) (-3904 1024 -14592 ) (-3200 1024 -14592 ) (-3200 1024 -11392 ) 
4 381 421 (-3904 1024 -11376 ) (-3904 1024 -11392 ) (-3200 1024 -11392 ) (-3200 1024 -11376 ) 
4 381 419 (-3904 1024 -10752 ) (-3904 1024 -11376 ) (-3200 1024 -11376 ) (-3200 1024 -10752 ) 
4 381 417 (-3200 1024 2560 ) (-3904 1024 2560 ) (-3904 1024 -10752 ) (-3200 1024 -10752 ) 
4 381 413 (-3072 1024 -14848 ) (-3072 1024 -12464 ) (-3200 1024 -12464 ) (-3200 1024 -14848 ) 
4 381 412 (-3072 1024 -12464 ) (-3072 1024 -12080 ) (-3200 1024 -12080 ) (-3200 1024 -12464 ) 
4 381 408 (-3072 1024 -12080 ) (-3072 1024 -11392 ) (-3200 1024 -11392 ) (-3200 1024 -12080 ) 
4 381 407 (-3072 1024 -11392 ) (-3072 1024 -11376 ) (-3200 1024 -11376 ) (-3200 1024 -11392 ) 
4 381 405 (-3184 1024 2560 ) (-3200 1024 2560 ) (-3200 1024 -11376 ) (-3184 1024 -11376 ) 
4 381 404 (-3072 1024 -11376 ) (-3072 1024 2560 ) (-3184 1024 2560 ) (-3184 1024 -11376 ) 
4 382 408 (-3072 1024 -11392 ) (-3072 1024 -12080 ) (-3072 784 -12080 ) (-3072 784 -11392 ) 
4 382 407 (-3072 1024 -11376 ) (-3072 1024 -11392 ) (-3072 784 -11392 ) (-3072 784 -11376 ) 
4 382 404 (-3072 1024 2560 ) (-3072 1024 -11376 ) (-3072 784 -11376 ) (-3072 784 2560 ) 
4 382 398 (-3072 1024 -12080 ) (-2048 1024 -12080 ) (-2048 784 -12080 ) (-3072 784 -12080 ) 
4 382 386 (-2880 784 -8960 ) (-3072 784 -8960 ) (-3072 784 -11392 ) (-2880 784 -11392 ) 
4 382 383 (-2048 784 -4096 ) (-2048 784 2560 ) (-2592 784 2560 ) (-2592 784 -4096 ) 
4 382 384 (-2048 784 -8960 ) (-2048 784 -6144 ) (-2592 784 -6144 ) (-2592 784 -8960 ) 
4 382 385 (-2592 784 2560 ) (-3072 784 2560 ) (-3072 784 -8960 ) (-2592 784 -8960 ) 
4 382 387 (-3072 784 -12080 ) (-2048 784 -12080 ) (-2048 784 -12048 ) (-3072 784 -12048 ) 
4 383 388 (-2048 768 -4080 ) (-2048 768 2560 ) (-2592 768 2560 ) (-2592 768 -4080 ) 
4 383 385 (-2592 768 -4096 ) (-2592 768 2560 ) (-2592 784 2560 ) (-2592 784 -4096 ) 
4 384 392 (-2048 768 -8944 ) (-2048 768 -6144 ) (-2592 768 -6144 ) (-2592 768 -8944 ) 
4 384 385 (-2592 784 -8960 ) (-2592 768 -8960 ) (-2592 768 -6144 ) (-2592 784 -6144 ) 
4 385 404 (-3072 768 -8960 ) (-3072 768 2560 ) (-3072 784 2560 ) (-3072 784 -8960 ) 
4 385 395 (-3072 768 -6144 ) (-3072 768 -8960 ) (-2896 768 -8960 ) (-2896 768 -6144 ) 
4 385 394 (-2896 768 -8960 ) (-2880 768 -8960 ) (-2880 768 -6144 ) (-2896 768 -6144 ) 
4 385 392 (-2592 768 -8944 ) (-2592 768 -6144 ) (-2880 768 -6144 ) (-2880 768 -8944 ) 
4 385 391 (-3072 768 -4096 ) (-3072 768 -6144 ) (-2608 768 -6144 ) (-2608 768 -4096 ) 
4 385 389 (-3072 768 -4080 ) (-3072 768 -4096 ) (-2592 768 -4096 ) (-2592 768 -4080 ) 
4 385 388 (-3072 768 2560 ) (-3072 768 -4080 ) (-2592 768 -4080 ) (-2592 768 2560 ) 
4 385 386 (-2880 768 -8960 ) (-3072 768 -8960 ) (-3072 784 -8960 ) (-2880 784 -8960 ) 
4 386 407 (-3072 768 -11392 ) (-3072 768 -11376 ) (-3072 784 -11376 ) (-3072 784 -11392 ) 
4 386 404 (-3072 768 -11376 ) (-3072 768 -8960 ) (-3072 784 -8960 ) (-3072 784 -11376 ) 
4 386 395 (-3072 768 -8960 ) (-3072 768 -11376 ) (-2896 768 -11376 ) (-2896 768 -8960 ) 
4 387 409 (-3072 784 -12080 ) (-3072 768 -12080 ) (-3072 768 -12048 ) (-3072 784 -12048 ) 
4 387 398 (-2048 784 -12080 ) (-2048 768 -12080 ) (-3072 768 -12080 ) (-3072 784 -12080 ) 
4 388 571 (-2048 0 -4080 ) (-2048 0 2560 ) (-2592 0 2560 ) (-2592 0 -4080 ) 
4 388 572 (-2592 0 2560 ) (-3072 0 2560 ) (-3072 0 -4080 ) (-2592 0 -4080 ) 
4 388 404 (-3072 0 -4080 ) (-3072 0 2560 ) (-3072 768 2560 ) (-3072 768 -4080 ) 
4 388 389 (-3072 768 -4080 ) (-2592 768 -4080 ) (-2592 0 -4080 ) (-3072 0 -4080 ) 
4 389 572 (-2592 0 -4080 ) (-3072 0 -4080 ) (-3072 0 -4096 ) (-2592 0 -4096 ) 
4 389 404 (-3072 0 -4096 ) (-3072 0 -4080 ) (-3072 768 -4080 ) (-3072 768 -4096 ) 
4 389 391 (-2608 0 -4096 ) (-3072 0 -4096 ) (-3072 768 -4096 ) (-2608 768 -4096 ) 
4 390 573 (-2048 0 -5963.428223 ) (-2048 0 -4096 ) (-2592 0 -4096 ) (-2592 0 -5264 ) 
4 391 574 (-2608 0 -4096 ) (-3072 0 -4096 ) (-3072 0 -6144 ) (-2608 0 -6144 ) 
4 391 404 (-3072 0 -6144 ) (-3072 0 -4096 ) (-3072 768 -4096 ) (-3072 768 -6144 ) 
4 391 395 (-3072 768 -6144 ) (-2896 768 -6144 ) (-2896 0 -6144 ) (-3072 0 -6144 ) 
4 391 394 (-2896 768 -6144 ) (-2880 768 -6144 ) (-2880 0 -6144 ) (-2896 0 -6144 ) 
4 391 392 (-2880 768 -6144 ) (-2608 768 -6144 ) (-2608 0 -6144 ) (-2880 0 -6144 ) 
4 392 575 (-2048 0 -8944 ) (-2048 0 -6144 ) (-2880 0 -6144 ) (-2880 0 -8944 ) 
4 392 394 (-2880 0 -8944 ) (-2880 0 -6144 ) (-2880 768 -6144 ) (-2880 768 -8944 ) 
4 393 576 (-2048 0 -11392 ) (-2048 0 -8960 ) (-2880 0 -8960 ) (-2880 0 -11392 ) 
4 393 396 (-2880 640 -11392 ) (-2880 768 -11392 ) (-2048 768 -11392 ) (-2048 640 -11392 ) 
4 393 397 (-2048 0 -11392 ) (-2880 0 -11392 ) (-2880 640 -11392 ) (-2048 640 -11392 ) 
4 394 577 (-2880 0 -6144 ) (-2896 0 -6144 ) (-2896 0 -8960 ) (-2880 0 -8960 ) 
4 394 395 (-2896 0 -8960 ) (-2896 0 -6144 ) (-2896 768 -6144 ) (-2896 768 -8960 ) 
4 395 578 (-2896 0 -6144 ) (-3072 0 -6144 ) (-3072 0 -11376 ) (-2896 0 -11376 ) 
4 395 404 (-3072 0 -11376 ) (-3072 0 -6144 ) (-3072 768 -6144 ) (-3072 768 -11376 ) 
4 396 410 (-3072 640 -12048 ) (-3072 640 -11392 ) (-3072 768 -11392 ) (-3072 768 -12048 ) 
4 396 397 (-2048 640 -12048 ) (-2048 640 -11392 ) (-3072 640 -11392 ) (-3072 640 -12048 ) 
4 397 579 (-2048 0 -12048 ) (-2048 0 -11392 ) (-3072 0 -11392 ) (-3072 0 -12048 ) 
4 397 411 (-3072 640 -12080 ) (-3072 0 -12080 ) (-3072 0 -11392 ) (-3072 640 -11392 ) 
4 397 402 (-2736 0 -12080 ) (-3072 0 -12080 ) (-3072 640 -12080 ) (-2736 640 -12080 ) 
4 397 400 (-2048 640 -12080 ) (-2048 0 -12080 ) (-2736 0 -12080 ) (-2736 640 -12080 ) 
4 398 412 (-3072 1024 -12080 ) (-3072 1024 -12464 ) (-3072 768 -12464 ) (-3072 768 -12080 ) 
4 398 399 (-3072 768 -12464 ) (-3072 1024 -12464 ) (-2048 1024 -12464 ) (-2048 768 -12464 ) 
4 399 413 (-3072 1024 -12464 ) (-3072 1024 -14848 ) (-3072 640 -14848 ) (-3072 640 -12464 ) 
4 399 403 (-3072 640 -12464 ) (-3072 640 -14848 ) (-2736 640 -14848 ) (-2736 640 -12464 ) 
4 399 401 (-2736 640 -14848 ) (-2048 640 -14848 ) (-2048 640 -12464 ) (-2736 640 -12464 ) 
4 400 402 (-2736 640 -12080 ) (-2736 640 -12112 ) (-2736 0 -12112 ) (-2736 0 -12080 ) 
4 401 580 (-2048 0 -14848 ) (-2048 0 -12464 ) (-2736 0 -12464 ) (-2736 0 -14848 ) 
4 401 403 (-2736 640 -12464 ) (-2736 640 -14848 ) (-2736 0 -14848 ) (-2736 0 -12464 ) 
4 402 414 (-3072 0 -12112 ) (-3072 0 -12080 ) (-3072 640 -12080 ) (-3072 640 -12112 ) 
4 403 580 (-2736 0 -14848 ) (-2736 0 -12464 ) (-3072 0 -12464 ) (-3072 0 -14848 ) 
4 403 415 (-3072 0 -14848 ) (-3072 0 -12464 ) (-3072 640 -12464 ) (-3072 640 -14848 ) 
4 404 587 (-3072 0 -11376 ) (-3072 0 2560 ) (-3184 0 2560 ) (-3184 0 -11376 ) 
4 404 407 (-3184 768 -11376 ) (-3184 1024 -11376 ) (-3072 1024 -11376 ) (-3072 768 -11376 ) 
4 404 406 (-3184 0 -10752 ) (-3184 0 2560 ) (-3184 640 2560 ) (-3184 640 -10752 ) 
4 404 405 (-3184 1024 -11376 ) (-3184 640 -11376 ) (-3184 640 2560 ) (-3184 1024 2560 ) 
4 405 419 (-3200 1024 -10752 ) (-3200 1024 -11376 ) (-3200 656 -11376 ) (-3200 656 -10752 ) 
4 405 417 (-3200 640 2560 ) (-3200 1024 2560 ) (-3200 1024 -10752 ) (-3200 640 -10752 ) 
4 405 407 (-3200 768 -11376 ) (-3200 1024 -11376 ) (-3184 1024 -11376 ) (-3184 768 -11376 ) 
4 405 406 (-3184 640 -10752 ) (-3184 640 2560 ) (-3200 640 2560 ) (-3200 640 -10752 ) 
4 406 587 (-3184 0 2560 ) (-3200 0 2560 ) (-3200 0 -10752 ) (-3184 0 -10752 ) 
4 406 418 (-3200 0 -10736 ) (-3200 0 2560 ) (-3200 640 2560 ) (-3200 640 -10736 ) 
4 407 421 (-3200 768 -11376 ) (-3200 1024 -11376 ) (-3200 1024 -11392 ) (-3200 768 -11392 ) 
4 407 408 (-3200 784 -11392 ) (-3200 1024 -11392 ) (-3072 1024 -11392 ) (-3072 784 -11392 ) 
4 408 423 (-3200 784 -11392 ) (-3200 1024 -11392 ) (-3200 1024 -12080 ) (-3200 784 -12080 ) 
4 408 412 (-3200 784 -12080 ) (-3200 1024 -12080 ) (-3072 1024 -12080 ) (-3072 784 -12080 ) 
4 408 409 (-3200 784 -12080 ) (-3072 784 -12080 ) (-3072 784 -12048 ) (-3200 784 -12048 ) 
4 409 424 (-3200 784 -12048 ) (-3200 784 -12080 ) (-3200 768 -12080 ) (-3200 768 -12048 ) 
4 409 412 (-3200 768 -12080 ) (-3200 784 -12080 ) (-3072 784 -12080 ) (-3072 768 -12080 ) 
4 410 425 (-3200 640 -11392 ) (-3200 768 -11392 ) (-3200 768 -12048 ) (-3200 640 -12048 ) 
4 410 411 (-3072 640 -12048 ) (-3072 640 -11392 ) (-3200 640 -11392 ) (-3200 640 -12048 ) 
4 411 594 (-3072 0 -12048 ) (-3072 0 -11392 ) (-3200 0 -11392 ) (-3200 0 -12048 ) 
4 411 426 (-3200 0 -12080 ) (-3200 0 -11392 ) (-3200 640 -11392 ) (-3200 640 -12080 ) 
4 411 414 (-3072 0 -12080 ) (-3200 0 -12080 ) (-3200 640 -12080 ) (-3072 640 -12080 ) 
4 412 424 (-3200 768 -12080 ) (-3200 784 -12080 ) (-3200 784 -12464 ) (-3200 768 -12464 ) 
4 412 423 (-3200 784 -12080 ) (-3200 1024 -12080 ) (-3200 1024 -12464 ) (-3200 784 -12464 ) 
4 412 413 (-3200 768 -12464 ) (-3200 1024 -12464 ) (-3072 1024 -12464 ) (-3072 768 -12464 ) 
4 413 430 (-3200 640 -14848 ) (-3200 640 -14592 ) (-3200 1024 -14592 ) (-3200 1024 -14848 ) 
4 413 424 (-3200 768 -12464 ) (-3200 784 -12464 ) (-3200 784 -14592 ) (-3200 768 -14592 ) 
4 413 423 (-3200 784 -12464 ) (-3200 1024 -12464 ) (-3200 1024 -14592 ) (-3200 784 -14592 ) 
4 413 416 (-3200 640 -14592 ) (-3200 640 -14848 ) (-3184 640 -14848 ) (-3184 640 -14592 ) 
4 413 415 (-3072 640 -14848 ) (-3072 640 -12464 ) (-3184 640 -12464 ) (-3184 640 -14848 ) 
4 414 426 (-3200 0 -12112 ) (-3200 0 -12080 ) (-3200 640 -12080 ) (-3200 640 -12112 ) 
4 415 595 (-3072 0 -14848 ) (-3072 0 -12464 ) (-3184 0 -12464 ) (-3184 0 -14848 ) 
4 415 416 (-3184 0 -14848 ) (-3184 0 -14592 ) (-3184 640 -14592 ) (-3184 640 -14848 ) 
4 416 595 (-3184 0 -14848 ) (-3184 0 -14592 ) (-3200 0 -14592 ) (-3200 0 -14848 ) 
4 416 431 (-3200 0 -14848 ) (-3200 0 -14608 ) (-3200 640 -14608 ) (-3200 640 -14848 ) 
4 417 433 (-3904 1024 2560 ) (-3904 1024 -10752 ) (-3904 640 -10752 ) (-3904 640 2560 ) 
4 417 419 (-3904 656 -10752 ) (-3904 1024 -10752 ) (-3200 1024 -10752 ) (-3200 656 -10752 ) 
4 417 418 (-3200 640 -10736 ) (-3200 640 2560 ) (-3904 640 2560 ) (-3904 640 -10736 ) 
4 418 588 (-3200 0 -10736 ) (-3200 0 2560 ) (-3904 0 2560 ) (-3904 0 -10736 ) 
4 418 433 (-3904 0 -10736 ) (-3904 0 2560 ) (-3904 640 2560 ) (-3904 640 -10736 ) 
4 419 434 (-3904 1024 -10752 ) (-3904 1024 -11376 ) (-3904 656 -11376 ) (-3904 656 -10752 ) 
4 419 421 (-3904 768 -11376 ) (-3904 1024 -11376 ) (-3200 1024 -11376 ) (-3200 768 -11376 ) 
4 420 422 (-3904 0 -11376 ) (-3904 640 -11376 ) (-3200 640 -11376 ) (-3200 0 -11376 ) 
4 421 434 (-3904 1024 -11376 ) (-3904 1024 -11392 ) (-3904 768 -11392 ) (-3904 768 -11376 ) 
4 421 423 (-3904 784 -11392 ) (-3904 1024 -11392 ) (-3200 1024 -11392 ) (-3200 784 -11392 ) 
4 422 435 (-3904 640 -11392 ) (-3904 0 -11392 ) (-3904 0 -11376 ) (-3904 640 -11376 ) 
4 422 426 (-3888 640 -11392 ) (-3200 640 -11392 ) (-3200 0 -11392 ) (-3888 0 -11392 ) 
4 423 434 (-3904 1024 -11392 ) (-3904 1024 -14592 ) (-3904 784 -14592 ) (-3904 784 -11392 ) 
4 423 430 (-3888 1024 -14592 ) (-3200 1024 -14592 ) (-3200 784 -14592 ) (-3888 784 -14592 ) 
4 423 432 (-3904 784 -14592 ) (-3904 1024 -14592 ) (-3888 1024 -14592 ) (-3888 784 -14592 ) 
4 423 424 (-3904 784 -14592 ) (-3200 784 -14592 ) (-3200 784 -12048 ) (-3904 784 -12048 ) 
4 424 434 (-3904 784 -14592 ) (-3904 768 -14592 ) (-3904 768 -12048 ) (-3904 784 -12048 ) 
4 424 430 (-3888 784 -14592 ) (-3200 784 -14592 ) (-3200 768 -14592 ) (-3888 768 -14592 ) 
4 424 432 (-3904 768 -14592 ) (-3904 784 -14592 ) (-3888 784 -14592 ) (-3888 768 -14592 ) 
4 424 429 (-3904 768 -14592 ) (-3888 768 -14592 ) (-3888 768 -12112 ) (-3904 768 -12112 ) 
4 425 426 (-3888 640 -11392 ) (-3888 640 -12048 ) (-3200 640 -12048 ) (-3200 640 -11392 ) 
4 426 594 (-3200 0 -12048 ) (-3200 0 -11392 ) (-3888 0 -11392 ) (-3888 0 -12048 ) 
4 426 427 (-3888 0 -12112 ) (-3888 640 -12112 ) (-3200 640 -12112 ) (-3200 0 -12112 ) 
4 427 428 (-3888 0 -12120 ) (-3888 640 -12120 ) (-3200 640 -12120 ) (-3200 0 -12120 ) 
4 429 434 (-3904 768 -14592 ) (-3904 640 -14592 ) (-3904 640 -12112 ) (-3904 768 -12112 ) 
4 429 432 (-3904 640 -14592 ) (-3904 768 -14592 ) (-3888 768 -14592 ) (-3888 640 -14592 ) 
4 430 431 (-3888 640 -14608 ) (-3888 640 -14848 ) (-3200 640 -14848 ) (-3200 640 -14608 ) 
4 430 432 (-3888 1024 -14848 ) (-3888 640 -14848 ) (-3888 640 -14592 ) (-3888 1024 -14592 ) 
4 431 596 (-3200 0 -14848 ) (-3200 0 -14608 ) (-3888 0 -14608 ) (-3888 0 -14848 ) 
4 431 432 (-3888 640 -14848 ) (-3888 0 -14848 ) (-3888 0 -14608 ) (-3888 640 -14608 ) 
4 432 598 (-3888 0 -14592 ) (-3904 0 -14592 ) (-3904 0 -14848 ) (-3888 0 -14848 ) 
4 432 435 (-3904 640 -14848 ) (-3904 0 -14848 ) (-3904 0 -14592 ) (-3904 640 -14592 ) 
4 432 434 (-3904 1024 -14592 ) (-3904 1024 -14848 ) (-3904 640 -14848 ) (-3904 640 -14592 ) 
4 433 590 (-3904 0 -10752 ) (-3904 0 2560 ) (-4096 0 2560 ) (-4096 0 -10752 ) 
4 433 439 (-4096 0 -10752 ) (-4096 0 2560 ) (-4096 1024 2560 ) (-4096 1024 -10752 ) 
4 433 434 (-3920 1024 -10752 ) (-3904 1024 -10752 ) (-3904 640 -10752 ) (-3920 640 -10752 ) 
4 433 436 (-4096 0 -10752 ) (-4096 1024 -10752 ) (-3920 1024 -10752 ) (-3920 0 -10752 ) 
4 434 435 (-3920 640 -11376 ) (-3920 640 -14848 ) (-3904 640 -14848 ) (-3904 640 -11376 ) 
4 434 436 (-3920 1024 -14848 ) (-3920 640 -14848 ) (-3920 640 -10752 ) (-3920 1024 -10752 ) 
4 435 598 (-3904 0 -14848 ) (-3904 0 -12112 ) (-3920 0 -12112 ) (-3920 0 -14848 ) 
4 435 597 (-3904 0 -12112 ) (-3904 0 -11392 ) (-3920 0 -11392 ) (-3920 0 -12112 ) 
4 435 593 (-3904 0 -11392 ) (-3904 0 -11376 ) (-3920 0 -11376 ) (-3920 0 -11392 ) 
4 435 436 (-3920 640 -14848 ) (-3920 0 -14848 ) (-3920 0 -11376 ) (-3920 640 -11376 ) 
4 436 598 (-4096 0 -12112 ) (-4096 0 -14848 ) (-3920 0 -14848 ) (-3920 0 -12112 ) 
4 436 597 (-4096 0 -11392 ) (-4096 0 -12112 ) (-3920 0 -12112 ) (-3920 0 -11392 ) 
4 436 593 (-4096 0 -11376 ) (-4096 0 -11392 ) (-3920 0 -11392 ) (-3920 0 -11376 ) 
4 436 590 (-3920 0 -10752 ) (-4096 0 -10752 ) (-4096 0 -11376 ) (-3920 0 -11376 ) 
4 436 439 (-4096 0 -14848 ) (-4096 0 -10752 ) (-4096 1024 -10752 ) (-4096 1024 -14848 ) 
4 437 439 (-4096 1024 -14848 ) (-4096 1024 2560 ) (-5120 1024 2560 ) (-5120 1024 -14848 ) 
4 437 438 (-5120 1024 -14848 ) (-5120 1024 2560 ) (-5120 2048 2560 ) (-5120 2048 -14848 ) 
4 438 441 (-6144 1024 -14848 ) (-6144 1024 2560 ) (-6144 2048 2560 ) (-6144 2048 -14848 ) 
4 438 440 (-5120 1024 -14848 ) (-5120 1024 2560 ) (-6144 1024 2560 ) (-6144 1024 -14848 ) 
4 439 604 (-4096 0 -14848 ) (-4096 0 2560 ) (-5120 0 2560 ) (-5120 0 -14848 ) 
4 439 440 (-5120 1024 2560 ) (-5120 1024 -14848 ) (-5120 0 -14848 ) (-5120 0 2560 ) 
4 440 605 (-5120 0 -14848 ) (-5120 0 2560 ) (-6144 0 2560 ) (-6144 0 -14848 ) 
4 440 442 (-6144 0 -14848 ) (-6144 0 2560 ) (-6144 1024 2560 ) (-6144 1024 -14848 ) 
4 441 442 (-6144 1024 -14848 ) (-6144 1024 2560 ) (-6656 1024 2560 ) (-6656 1024 -14848 ) 
4 442 608 (-6144 0 -14848 ) (-6144 0 2560 ) (-6656 0 2560 ) (-6656 0 -14848 ) 
4 443 450 (0 -256 864 ) (0 -256 2560 ) (-352 -256 2560 ) (-352 -256 864 ) 
4 443 448 (-352 -256 864 ) (-352 -256 2560 ) (-352 0 2560 ) (-352 0 864 ) 
4 443 446 (-208 -256 864 ) (-304 -256 864 ) (-304 0 864 ) (-208 0 864 ) 
4 443 444 (0 -256 864 ) (-208 -256 864 ) (-208 0 864 ) (0 0 864 ) 
4 444 446 (-208 -256 704 ) (-208 -256 864 ) (-208 0 864 ) (-208 0 704 ) 
4 445 453 (0 -160 16 ) (0 -256 16 ) (-208 -256 16 ) (-208 -160 16 ) 
4 445 452 (-208 0 16 ) (0 0 16 ) (0 -160 16 ) (-208 -160 16 ) 
4 445 446 (-208 0 16 ) (-208 -256 16 ) (-208 -256 688 ) (-208 0 688 ) 
4 446 485 (-208 -128 16 ) (-208 -256 16 ) (-304 -256 16 ) (-304 -128 16 ) 
4 446 464 (-304 0 16 ) (-208 0 16 ) (-208 -128 16 ) (-304 -128 16 ) 
4 446 447 (-304 0 16 ) (-304 -256 16 ) (-304 -256 432 ) (-304 0 432 ) 
4 447 485 (-304 -128 16 ) (-304 -256 16 ) (-352 -256 16 ) (-352 -128 16 ) 
4 447 464 (-352 0 16 ) (-304 0 16 ) (-304 -128 16 ) (-352 -128 16 ) 
4 447 449 (-352 0 16 ) (-352 -256 16 ) (-352 -256 432 ) (-352 0 432 ) 
4 448 497 (-1024 0 2560 ) (-1024 0 704 ) (-1024 -256 704 ) (-1024 -256 2560 ) 
4 448 450 (-1024 -256 2560 ) (-1024 -256 864 ) (-352 -256 864 ) (-352 -256 2560 ) 
4 449 498 (-1024 0 688 ) (-1024 0 16 ) (-1024 -256 16 ) (-1024 -256 688 ) 
4 449 485 (-1024 -256 16 ) (-1024 -128 16 ) (-352 -128 16 ) (-352 -256 16 ) 
4 449 479 (-1024 -128 16 ) (-1024 0 16 ) (-1008 0 16 ) (-1008 -128 16 ) 
4 449 467 (-1008 0 16 ) (-352 0 16 ) (-352 -128 16 ) (-1008 -128 16 ) 
4 450 569 (0 -1024 864 ) (0 -1024 2560 ) (-1024 -1024 2560 ) (-1024 -1024 864 ) 
4 450 499 (-1024 -1024 864 ) (-1024 -1024 2560 ) (-1024 -256 2560 ) (-1024 -256 864 ) 
4 450 451 (0 -1024 864 ) (-1024 -1024 864 ) (-1024 -272 864 ) (0 -272 864 ) 
4 451 569 (0 -1024 16 ) (0 -1024 864 ) (-1024 -1024 864 ) (-1024 -1024 16 ) 
4 451 500 (-1024 -272 16 ) (-1024 -1024 16 ) (-1024 -1024 864 ) (-1024 -272 864 ) 
4 451 486 (-208 -1024 16 ) (-1024 -1024 16 ) (-1024 -272 16 ) (-208 -272 16 ) 
4 451 454 (0 -1024 16 ) (-208 -1024 16 ) (-208 -272 16 ) (0 -272 16 ) 
4 452 485 (-208 -160 16 ) (-208 -128 16 ) (-208 -128 0 ) (-208 -160 0 ) 
4 452 464 (-208 -128 16 ) (-208 0 16 ) (-208 0 0 ) (-208 -128 0 ) 
4 452 453 (-208 -160 16 ) (-208 -160 0 ) (0 -160 0 ) (0 -160 16 ) 
4 453 485 (-208 -256 16 ) (-208 -160 16 ) (-208 -160 0 ) (-208 -256 0 ) 
4 454 569 (0 -1024 0 ) (0 -1024 16 ) (-208 -1024 16 ) (-208 -1024 0 ) 
4 454 486 (-208 -1024 16 ) (-208 -272 16 ) (-208 -272 0 ) (-208 -1024 0 ) 
4 454 455 (-208 -1024 0 ) (-208 -272 0 ) (0 -272 0 ) (0 -1024 0 ) 
4 455 569 (0 -1024 -16 ) (0 -1024 0 ) (-208 -1024 0 ) (-208 -1024 -16 ) 
4 455 494 (-208 -256 -16 ) (-208 -1024 -16 ) (-208 -1024 0 ) (-208 -256 0 ) 
4 455 457 (0 -1024 -16 ) (-208 -1024 -16 ) (-208 -256 -16 ) (0 -256 -16 ) 
4 456 465 (-208 0 -16 ) (-208 0 -7920 ) (-208 -128 -7920 ) (-208 -128 -16 ) 
4 456 457 (0 -128 -7920 ) (0 -128 -16 ) (-208 -128 -16 ) (-208 -128 -7920 ) 
4 457 569 (0 -1024 -7936 ) (0 -1024 -16 ) (-208 -1024 -16 ) (-208 -1024 -7936 ) 
4 457 496 (-208 -144 -7936 ) (-208 -1024 -7936 ) (-208 -1024 -16 ) (-208 -144 -16 ) 
4 457 488 (-208 -128 -7936 ) (-208 -144 -7936 ) (-208 -144 -6144 ) (-208 -128 -6144 ) 
4 457 487 (-208 -144 -6144 ) (-208 -144 -16 ) (-208 -128 -16 ) (-208 -128 -6144 ) 
4 457 462 (-50.823502 -1024 -7936 ) (-208 -1024 -7936 ) (-208 -144 -7936 ) (-50.823502 -144 -7936 ) 
4 457 460 (0 -1024 -7936 ) (-50.823502 -1024 -7936 ) (-50.823502 -144 -7936 ) (0 -144 -7936 ) 
4 458 472 (-208 0 -7936 ) (-208 0 -8832 ) (-208 -128 -8832 ) (-208 -128 -7936 ) 
4 459 478 (-208 0 -10368 ) (-208 0 -14848 ) (-208 -128 -14848 ) (-208 -128 -10368 ) 
4 459 476 (-208 0 -9728 ) (-208 0 -10368 ) (-208 -128 -10368 ) (-208 -128 -9728 ) 
4 459 473 (-208 0 -8848 ) (-208 0 -9728 ) (-208 -128 -9728 ) (-208 -128 -8848 ) 
4 459 463 (-208 -128 -9728 ) (-208 -128 -14848 ) (-50.823502 -128 -14848 ) (-50.823502 -128 -9728 ) 
4 459 461 (-50.823502 -128 -14848 ) (0 -128 -14848 ) (0 -128 -8848 ) (-50.823502 -128 -8848 ) 
4 460 569 (0 -1024 -8832 ) (0 -1024 -7936 ) (-50.823502 -1024 -7936 ) (-50.823502 -1024 -8832 ) 
4 460 462 (-50.823502 -144 -8832 ) (-50.823502 -1024 -8832 ) (-50.823502 -1024 -7936 ) (-50.823502 -144 -7936 ) 
4 460 461 (-50.823502 -1024 -8832 ) (-50.823502 -144 -8832 ) (0 -144 -8832 ) (0 -1024 -8832 ) 
4 461 569 (0 -1024 -14848 ) (0 -1024 -8832 ) (-50.823502 -1024 -8832 ) (-50.823502 -1024 -14848 ) 
4 461 463 (-50.823502 -128 -9728 ) (-50.823502 -128 -14848 ) (-50.823502 -1024 -14848 ) (-50.823502 -1024 -9728 ) 
4 461 462 (-50.823502 -144 -9728 ) (-50.823502 -1024 -9728 ) (-50.823502 -1024 -8832 ) (-50.823502 -144 -8832 ) 
4 462 569 (-50.823502 -1024 -9728 ) (-50.823502 -1024 -7936 ) (-208 -1024 -7936 ) (-208 -1024 -9728 ) 
4 462 496 (-208 -1024 -9728 ) (-208 -1024 -7936 ) (-208 -144 -7936 ) (-208 -144 -9728 ) 
4 462 463 (-208 -1024 -9728 ) (-208 -144 -9728 ) (-50.823502 -144 -9728 ) (-50.823502 -1024 -9728 ) 
4 463 569 (-50.823502 -1024 -14848 ) (-50.823502 -1024 -9728 ) (-208 -1024 -9728 ) (-208 -1024 -14848 ) 
4 463 496 (-208 -1024 -14848 ) (-208 -1024 -9728 ) (-208 -144 -9728 ) (-208 -144 -14848 ) 
4 463 489 (-208 -144 -9728 ) (-208 -128 -9728 ) (-208 -128 -14848 ) (-208 -144 -14848 ) 
4 464 485 (-208 -128 0 ) (-208 -128 16 ) (-352 -128 16 ) (-352 -128 0 ) 
4 464 467 (-352 -128 0 ) (-352 -128 16 ) (-352 0 16 ) (-352 0 0 ) 
4 465 488 (-208 -128 -7920 ) (-208 -128 -6144 ) (-336 -128 -6144 ) (-336 -128 -7920 ) 
4 465 487 (-208 -128 -6144 ) (-208 -128 -16 ) (-336 -128 -16 ) (-336 -128 -6144 ) 
4 465 466 (-336 0 -7920 ) (-336 -128 -7920 ) (-336 -128 -6144 ) (-336 0 -6144 ) 
4 466 488 (-352 -128 -6144 ) (-352 -128 -7920 ) (-336 -128 -7920 ) (-336 -128 -6144 ) 
4 466 470 (-352 -128 -7920 ) (-352 -128 -6144 ) (-352 0 -6144 ) (-352 0 -7920 ) 
4 467 485 (-352 -128 16 ) (-1008 -128 16 ) (-1008 -128 0 ) (-352 -128 0 ) 
4 467 479 (-1008 -128 0 ) (-1008 -128 16 ) (-1008 0 16 ) (-1008 0 0 ) 
4 467 468 (-992 0 0 ) (-352 0 0 ) (-352 -128 0 ) (-992 -128 0 ) 
4 468 469 (-992 0 -6011.802734 ) (-992 -128 -6011.802734 ) (-992 -128 -4736 ) (-992 0 -4736 ) 
4 469 481 (-1008 -128 -6067.694824 ) (-1008 -128 -4736 ) (-1008 0 -4736 ) (-1008 0 -6067.694824 ) 
4 470 488 (-352 -128 -7920 ) (-352 -128 -6144 ) (-992 -128 -6144 ) (-992 -128 -7920 ) 
4 470 471 (-992 -128 -7920 ) (-992 -128 -6144 ) (-992 0 -6144 ) (-992 0 -7920 ) 
4 471 492 (-1008 -128 -6384 ) (-1008 -128 -7936 ) (-992 -128 -7936 ) (-992 -128 -6384 ) 
4 471 482 (-1008 -128 -7936 ) (-1008 -128 -6384 ) (-1008 0 -6384 ) (-1008 0 -7936 ) 
4 472 474 (-352 -128 -8832 ) (-352 -128 -7936 ) (-352 0 -7936 ) (-352 0 -8832 ) 
4 473 476 (-208 -128 -9728 ) (-352 -128 -9728 ) (-352 0 -9728 ) (-208 0 -9728 ) 
4 474 475 (-992 -128 -9712 ) (-992 -128 -8960 ) (-992 0 -8960 ) (-992 0 -9712 ) 
4 475 483 (-1008 -128 -9728 ) (-1008 -128 -8960 ) (-1008 0 -8960 ) (-1008 0 -9728 ) 
4 475 477 (-992 -128 -9728 ) (-1008 -128 -9728 ) (-1008 0 -9728 ) (-992 0 -9728 ) 
4 476 489 (-208 -128 -10368 ) (-208 -128 -9728 ) (-976 -128 -9728 ) (-976 -128 -10368 ) 
4 476 478 (-208 -128 -10368 ) (-976 -128 -10368 ) (-976 0 -10368 ) (-208 0 -10368 ) 
4 477 483 (-1008 -128 -9936 ) (-1008 -128 -9728 ) (-1008 0 -9728 ) (-1008 0 -9936 ) 
4 478 493 (-992 -128 -10368 ) (-1008 -128 -10368 ) (-1008 -128 -14848 ) (-992 -128 -14848 ) 
4 478 489 (-208 -128 -14848 ) (-208 -128 -10368 ) (-992 -128 -10368 ) (-992 -128 -14848 ) 
4 478 484 (-1008 -128 -14848 ) (-1008 -128 -10368 ) (-1008 0 -10368 ) (-1008 0 -14848 ) 
4 479 498 (-1024 0 16 ) (-1024 0 0 ) (-1024 -128 0 ) (-1024 -128 16 ) 
4 479 485 (-1008 -128 0 ) (-1008 -128 16 ) (-1024 -128 16 ) (-1024 -128 0 ) 
4 480 514 (-1024 0 -32 ) (-1024 0 -4720 ) (-1024 -128 -4720 ) (-1024 -128 -32 ) 
4 480 491 (-1008 -128 -4720 ) (-1008 -128 -16 ) (-1024 -128 -16 ) (-1024 -128 -4720 ) 
4 481 526 (-1024 0 -4736 ) (-1024 0 -6123.589844 ) (-1024 -128 -6123.589844 ) (-1024 -128 -4736 ) 
4 482 547 (-1024 0 -6384 ) (-1024 0 -8944 ) (-1024 -128 -8944 ) (-1024 -128 -6384 ) 
4 482 492 (-1008 -128 -8944 ) (-1008 -128 -6384 ) (-1024 -128 -6384 ) (-1024 -128 -8944 ) 
4 483 557 (-1024 0 -9792 ) (-1024 0 -9936 ) (-1024 -128 -9936 ) (-1024 -128 -9792 ) 
4 483 554 (-1024 0 -8960 ) (-1024 0 -9792 ) (-1024 -128 -9792 ) (-1024 -128 -8960 ) 
4 484 561 (-1024 0 -10368 ) (-1024 0 -14848 ) (-1024 -128 -14848 ) (-1024 -128 -10368 ) 
4 484 493 (-1008 -128 -14848 ) (-1008 -128 -10368 ) (-1024 -128 -10368 ) (-1024 -128 -14848 ) 
4 485 498 (-1024 -256 16 ) (-1024 -128 16 ) (-1024 -128 0 ) (-1024 -256 0 ) 
4 485 490 (-1008 -128 0 ) (-992 -128 0 ) (-992 -144 0 ) (-1008 -144 0 ) 
4 486 569 (-208 -1024 0 ) (-208 -1024 16 ) (-1024 -1024 16 ) (-1024 -1024 0 ) 
4 486 500 (-1024 -1024 0 ) (-1024 -1024 16 ) (-1024 -272 16 ) (-1024 -272 0 ) 
4 486 495 (-1024 -1024 0 ) (-1024 -272 0 ) (-352 -272 0 ) (-352 -1024 0 ) 
4 486 494 (-352 -272 0 ) (-208 -272 0 ) (-208 -1024 0 ) (-352 -1024 0 ) 
4 487 496 (-208 -144 -6144 ) (-208 -144 -16 ) (-352 -144 -16 ) (-352 -144 -6144 ) 
4 487 488 (-208 -144 -6144 ) (-352 -144 -6144 ) (-352 -128 -6144 ) (-208 -128 -6144 ) 
4 488 496 (-208 -144 -7936 ) (-208 -144 -6144 ) (-992 -144 -6144 ) (-992 -144 -7936 ) 
4 488 492 (-992 -144 -7936 ) (-992 -144 -6384 ) (-992 -128 -6384 ) (-992 -128 -7936 ) 
4 489 496 (-208 -144 -14848 ) (-208 -144 -9728 ) (-992 -144 -9728 ) (-992 -144 -14848 ) 
4 489 493 (-992 -144 -14848 ) (-992 -144 -10368 ) (-992 -128 -10368 ) (-992 -128 -14848 ) 
4 490 496 (-992 -144 -4736 ) (-992 -144 -16 ) (-1008 -144 -16 ) (-1008 -144 -4736 ) 
4 490 491 (-1008 -144 -4720 ) (-1008 -144 -16 ) (-1008 -128 -16 ) (-1008 -128 -4720 ) 
4 491 514 (-1024 -144 -4720 ) (-1024 -144 -32 ) (-1024 -128 -32 ) (-1024 -128 -4720 ) 
4 491 508 (-1024 -144 -32 ) (-1024 -144 -16 ) (-1024 -128 -16 ) (-1024 -128 -32 ) 
4 491 496 (-1024 -144 -16 ) (-1024 -144 -4720 ) (-1008 -144 -4720 ) (-1008 -144 -16 ) 
4 492 551 (-1024 -144 -8944 ) (-1024 -144 -6384 ) (-1024 -128 -6384 ) (-1024 -128 -8944 ) 
4 492 496 (-992 -144 -8944 ) (-992 -144 -6384 ) (-1024 -144 -6384 ) (-1024 -144 -8944 ) 
4 493 566 (-1024 -144 -14848 ) (-1024 -144 -10368 ) (-1024 -128 -10368 ) (-1024 -128 -14848 ) 
4 493 496 (-992 -144 -14848 ) (-992 -144 -10368 ) (-1024 -144 -10368 ) (-1024 -144 -14848 ) 
4 494 569 (-208 -1024 -16 ) (-208 -1024 0 ) (-352 -1024 0 ) (-352 -1024 -16 ) 
4 494 496 (-208 -256 -16 ) (-208 -1024 -16 ) (-352 -1024 -16 ) (-352 -256 -16 ) 
4 494 495 (-352 -256 -16 ) (-352 -1024 -16 ) (-352 -1024 0 ) (-352 -256 0 ) 
4 495 569 (-352 -1024 0 ) (-1024 -1024 0 ) (-1024 -1024 -16 ) (-352 -1024 -16 ) 
4 495 506 (-1024 -1024 -16 ) (-1024 -1024 0 ) (-1024 -256 0 ) (-1024 -256 -16 ) 
4 495 496 (-1024 -1024 -16 ) (-1024 -256 -16 ) (-352 -256 -16 ) (-352 -1024 -16 ) 
4 496 569 (-208 -1024 -14848 ) (-208 -1024 -16 ) (-1024 -1024 -16 ) (-1024 -1024 -14848 ) 
4 496 566 (-1024 -1024 -14848 ) (-1024 -1024 -10368 ) (-1024 -144 -10368 ) (-1024 -144 -14848 ) 
4 496 565 (-1024 -1024 -10368 ) (-1024 -1024 -8960 ) (-1024 -144 -8960 ) (-1024 -144 -10368 ) 
4 496 552 (-1024 -1024 -8960 ) (-1024 -1024 -6384 ) (-1024 -144 -6384 ) (-1024 -144 -8960 ) 
4 496 531 (-1024 -1024 -6384 ) (-1024 -1024 -4736 ) (-1024 -144 -4736 ) (-1024 -144 -6384 ) 
4 496 525 (-1024 -1024 -4736 ) (-1024 -1024 -32 ) (-1024 -144 -32 ) (-1024 -144 -4736 ) 
4 496 508 (-1024 -1024 -32 ) (-1024 -1024 -16 ) (-1024 -144 -16 ) (-1024 -144 -32 ) 
4 497 501 (-1120 -256 704 ) (-1120 -256 2560 ) (-1120 0 2560 ) (-1120 0 704 ) 
4 497 499 (-1120 -256 2560 ) (-1120 -256 864 ) (-1024 -256 864 ) (-1024 -256 2560 ) 
4 498 502 (-1120 0 0 ) (-1120 -256 0 ) (-1120 -256 112 ) (-1120 0 112 ) 
4 499 570 (-1024 -1024 864 ) (-1024 -1024 2560 ) (-1120 -1024 2560 ) (-1120 -1024 864 ) 
4 499 503 (-1120 -1024 864 ) (-1120 -1024 2560 ) (-1120 -256 2560 ) (-1120 -256 864 ) 
4 499 500 (-1120 -1024 864 ) (-1120 -272 864 ) (-1024 -272 864 ) (-1024 -1024 864 ) 
4 500 570 (-1024 -1024 0 ) (-1024 -1024 864 ) (-1120 -1024 864 ) (-1120 -1024 0 ) 
4 500 506 (-1024 -1024 0 ) (-1120 -1024 0 ) (-1120 -272 0 ) (-1024 -272 0 ) 
4 500 503 (-1120 -272 0 ) (-1120 -1024 0 ) (-1120 -1024 864 ) (-1120 -272 864 ) 
4 501 504 (-1136 -256 688 ) (-1136 -256 2560 ) (-1136 0 2560 ) (-1136 0 688 ) 
4 501 503 (-1136 -256 2560 ) (-1136 -256 688 ) (-1120 -256 688 ) (-1120 -256 2560 ) 
4 502 507 (-1136 -256 0 ) (-1136 -144 0 ) (-1120 -144 0 ) (-1120 -256 0 ) 
4 502 505 (-1136 -144 0 ) (-1136 0 0 ) (-1120 0 0 ) (-1120 -144 0 ) 
4 502 503 (-1136 -256 112 ) (-1136 -256 0 ) (-1120 -256 0 ) (-1120 -256 112 ) 
4 502 504 (-1136 0 0 ) (-1136 -256 0 ) (-1136 -256 112 ) (-1136 0 112 ) 
4 503 570 (-1136 -1024 0 ) (-1120 -1024 0 ) (-1120 -1024 2560 ) (-1136 -1024 2560 ) 
4 503 507 (-1120 -1024 0 ) (-1136 -1024 0 ) (-1136 -256 0 ) (-1120 -256 0 ) 
4 503 504 (-1136 -256 0 ) (-1136 -1024 0 ) (-1136 -1024 2560 ) (-1136 -256 2560 ) 
4 504 585 (-2048 -144 0 ) (-2048 -1024 0 ) (-2048 -1024 2560 ) (-2048 -144 2560 ) 
4 504 581 (-2048 -128 0 ) (-2048 -144 0 ) (-2048 -144 2560 ) (-2048 -128 2560 ) 
4 504 571 (-2048 0 2560 ) (-2048 0 0 ) (-2048 -128 0 ) (-2048 -128 2560 ) 
4 504 570 (-2048 -1024 2560 ) (-2048 -1024 0 ) (-1136 -1024 0 ) (-1136 -1024 2560 ) 
4 504 507 (-1136 -1024 0 ) (-2048 -1024 0 ) (-2048 -144 0 ) (-1136 -144 0 ) 
4 504 505 (-2048 -144 0 ) (-2048 0 0 ) (-1136 0 0 ) (-1136 -144 0 ) 
4 505 581 (-2048 -128 -16 ) (-2048 -144 -16 ) (-2048 -144 0 ) (-2048 -128 0 ) 
4 505 571 (-2048 0 0 ) (-2048 0 -16 ) (-2048 -128 -16 ) (-2048 -128 0 ) 
4 505 508 (-1120 -128 -16 ) (-1120 -144 -16 ) (-1920 -144 -16 ) (-1920 -128 -16 ) 
4 505 509 (-2048 0 -16 ) (-1920 0 -16 ) (-1920 -144 -16 ) (-2048 -144 -16 ) 
4 505 507 (-2048 -144 -16 ) (-1120 -144 -16 ) (-1120 -144 0 ) (-2048 -144 0 ) 
4 506 570 (-1024 -1024 -16 ) (-1024 -1024 0 ) (-1120 -1024 0 ) (-1120 -1024 -16 ) 
4 506 508 (-1024 -256 -16 ) (-1024 -1024 -16 ) (-1120 -1024 -16 ) (-1120 -256 -16 ) 
4 506 507 (-1120 -256 -16 ) (-1120 -1024 -16 ) (-1120 -1024 0 ) (-1120 -256 0 ) 
4 507 585 (-2048 -144 -16 ) (-2048 -1024 -16 ) (-2048 -1024 0 ) (-2048 -144 0 ) 
4 507 570 (-1120 -1024 0 ) (-2048 -1024 0 ) (-2048 -1024 -16 ) (-1120 -1024 -16 ) 
4 507 508 (-1120 -1024 -16 ) (-1920 -1024 -16 ) (-1920 -144 -16 ) (-1120 -144 -16 ) 
4 507 509 (-1920 -1024 -16 ) (-2048 -1024 -16 ) (-2048 -144 -16 ) (-1920 -144 -16 ) 
4 508 570 (-1024 -1024 -32 ) (-1024 -1024 -16 ) (-1920 -1024 -16 ) (-1920 -1024 -32 ) 
4 508 518 (-1567.742188 -144 -32 ) (-1598.020020 -144 -32 ) (-1621.782471 -128 -32 ) (-1591.824707 -128 -32 ) 
4 508 519 (-1598.020020 -144 -32 ) (-1920 -144 -32 ) (-1920 -128 -32 ) (-1621.782471 -128 -32 ) 
4 508 516 (-1235.574097 -144 -32 ) (-1376.261719 -144 -32 ) (-1352.179199 -128 -32 ) (-1224.800659 -128 -32 ) 
4 508 514 (-1024 -128 -32 ) (-1024 -144 -32 ) (-1235.574097 -144 -32 ) (-1224.800659 -128 -32 ) 
4 508 512 (-1471.996094 -144 -32 ) (-1567.742188 -144 -32 ) (-1591.824707 -128 -32 ) (-1553.371338 -128 -32 ) 
3 508 513 (-1391.521484 -144 -32 ) (-1471.996094 -144 -32 ) (-1431.534912 -136.044128 -32 ) 
5 508 511 (-1376.261719 -144 -32 ) (-1391.521484 -144 -32 ) (-1431.534912 -136.044128 -32 ) (-1390.624756 -128 -32 ) (-1352.179199 -128 -32 ) 
4 508 525 (-1024 -144 -32 ) (-1024 -1024 -32 ) (-1920 -1024 -32 ) (-1920 -144 -32 ) 
4 508 509 (-1920 -128 -32 ) (-1920 -1024 -32 ) (-1920 -1024 -16 ) (-1920 -128 -16 ) 
4 509 585 (-2048 -144 -32 ) (-2048 -1024 -32 ) (-2048 -1024 -16 ) (-2048 -144 -16 ) 
4 509 581 (-2048 -128 -32 ) (-2048 -144 -32 ) (-2048 -144 -16 ) (-2048 -128 -16 ) 
4 509 571 (-2048 0 -16 ) (-2048 0 -32 ) (-2048 -128 -32 ) (-2048 -128 -16 ) 
4 509 570 (-1920 -1024 -16 ) (-2048 -1024 -16 ) (-2048 -1024 -32 ) (-1920 -1024 -32 ) 
4 509 524 (-1952 -128 -32 ) (-1952 -144 -32 ) (-2048 -144 -32 ) (-2048 -128 -32 ) 
4 509 522 (-2048 0 -32 ) (-1952 0 -32 ) (-1952 -128 -32 ) (-2048 -128 -32 ) 
4 509 520 (-1952 0 -32 ) (-1936 0 -32 ) (-1936 -128 -32 ) (-1952 -128 -32 ) 
4 509 521 (-1936 -128 -32 ) (-1936 -144 -32 ) (-1952 -144 -32 ) (-1952 -128 -32 ) 
4 509 519 (-1936 0 -32 ) (-1920 0 -32 ) (-1920 -144 -32 ) (-1936 -144 -32 ) 
4 509 525 (-1920 -144 -32 ) (-1920 -1024 -32 ) (-2048 -1024 -32 ) (-2048 -144 -32 ) 
4 510 527 (-1784.484619 0 -4736 ) (-1664 0 -4736 ) (-1664 -64 -4736 ) (-1688.154663 -64 -4736 ) 
3 510 529 (-1664 -64 -4736 ) (-1664 -80.047935 -4736 ) (-1688.154663 -64 -4736 ) 
6 510 526 (-1664 0 -4736 ) (-1159.519409 0 -4736 ) (-1301.009033 -94.003326 -4736 ) (-1471.992188 -128 -4736 ) (-1643.003296 -93.997787 -4736 ) (-1664 -80.047935 -4736 ) 
4 511 516 (-1376.257935 -144 -32 ) (-1376.257935 -144 -4720 ) (-1336.012573 -117.261642 -4720 ) (-1336.012573 -117.261642 -32 ) 
4 511 513 (-1391.524170 -144 -4720 ) (-1391.524170 -144 -32 ) (-1431.536133 -136.044388 -32 ) (-1431.536133 -136.044388 -4720 ) 
4 511 525 (-1376.261719 -144 -4720 ) (-1376.261719 -144 -32 ) (-1391.521484 -144 -32 ) (-1391.521484 -144 -4720 ) 
4 512 518 (-1567.742310 -144 -4720 ) (-1567.742310 -144 -32 ) (-1607.989502 -117.260498 -32 ) (-1607.989502 -117.260490 -4720 ) 
4 512 525 (-1471.996094 -144 -32 ) (-1567.742188 -144 -32 ) (-1567.742065 -144 -4720 ) (-1471.996094 -144 -4720 ) 
4 513 525 (-1391.521484 -144 -4720 ) (-1391.521484 -144 -32 ) (-1471.996094 -144 -32 ) (-1471.996094 -144 -4720 ) 
4 514 515 (-1144.005859 -8.003526 -4720 ) (-1199.499268 -90.419136 -4720 ) (-1199.499146 -90.419121 -32 ) (-1144.005615 -8.003387 -32 ) 
4 514 516 (-1199.499268 -90.419136 -4720 ) (-1235.577271 -144 -4720 ) (-1235.577148 -144 -32 ) (-1199.499146 -90.419121 -32 ) 
4 514 525 (-1024 -144 -4720 ) (-1024 -144 -32 ) (-1235.574097 -144 -32 ) (-1235.574097 -144 -4720 ) 
4 515 516 (-1294.003052 -109.002052 -4720 ) (-1199.494019 -90.418945 -4720 ) (-1199.494141 -90.418945 -32 ) (-1294.003052 -109.002029 -32 ) 
4 516 525 (-1235.574097 -144 -32 ) (-1376.261719 -144 -32 ) (-1376.261719 -144 -4720 ) (-1235.574097 -144 -4720 ) 
4 517 519 (-1811.887939 0 -4720 ) (-1799.994141 -8.008467 -4720 ) (-1799.994385 -8.008293 -32 ) (-1811.887817 0 -32 ) 
4 518 519 (-1650.009888 -108.998032 -4720 ) (-1598.026855 -144 -4720 ) (-1598.026611 -144 -32 ) (-1650.009644 -108.998093 -32 ) 
4 518 525 (-1567.742065 -144 -4720 ) (-1567.742188 -144 -32 ) (-1598.020020 -144 -32 ) (-1598.020020 -144 -4720 ) 
4 519 520 (-1936 -128 -32 ) (-1936 0 -32 ) (-1936 0 -4096 ) (-1936 -128 -4096 ) 
4 519 521 (-1936 -144 -4720 ) (-1936 -144 -32 ) (-1936 -128 -32 ) (-1936 -128 -4720 ) 
4 519 525 (-1598.020020 -144 -32 ) (-1936 -144 -32 ) (-1936 -144 -4720 ) (-1598.020020 -144 -4720 ) 
4 520 522 (-1952 -128 -4080 ) (-1952 -128 -32 ) (-1952 0 -32 ) (-1952 0 -4080 ) 
4 520 521 (-1952 -128 -32 ) (-1952 -128 -4096 ) (-1936 -128 -4096 ) (-1936 -128 -32 ) 
4 521 524 (-1952 -144 -4096 ) (-1952 -144 -32 ) (-1952 -128 -32 ) (-1952 -128 -4096 ) 
4 521 525 (-1952 -144 -4736 ) (-1936 -144 -4736 ) (-1936 -144 -32 ) (-1952 -144 -32 ) 
4 522 571 (-2048 0 -32 ) (-2048 0 -4080 ) (-2048 -128 -4080 ) (-2048 -128 -32 ) 
4 522 524 (-1952 -128 -4080 ) (-1952 -128 -32 ) (-2048 -128 -32 ) (-2048 -128 -4080 ) 
4 523 573 (-2048 0 -4096 ) (-2048 0 -4736 ) (-2048 -128 -4736 ) (-2048 -128 -4096 ) 
4 523 532 (-2048 -128 -4736 ) (-2048 0 -4736 ) (-1952 0 -4736 ) (-1952 -128 -4736 ) 
4 524 581 (-2048 -144 -4096 ) (-2048 -144 -32 ) (-2048 -128 -32 ) (-2048 -128 -4096 ) 
4 524 525 (-1952 -144 -4096 ) (-1952 -144 -32 ) (-2048 -144 -32 ) (-2048 -144 -4096 ) 
4 525 585 (-2048 -144 -4736 ) (-2048 -1024 -4736 ) (-2048 -1024 -32 ) (-2048 -144 -32 ) 
4 525 570 (-1024 -1024 -4736 ) (-1024 -1024 -32 ) (-2048 -1024 -32 ) (-2048 -1024 -4736 ) 
4 525 536 (-1952 -1024 -4736 ) (-2048 -1024 -4736 ) (-2048 -144 -4736 ) (-1952 -144 -4736 ) 
4 525 534 (-1920 -1024 -4736 ) (-1952 -1024 -4736 ) (-1952 -144 -4736 ) (-1920 -144 -4736 ) 
4 525 531 (-1024 -1024 -4736 ) (-1920 -1024 -4736 ) (-1920 -144 -4736 ) (-1024 -144 -4736 ) 
6 526 537 (-1664 0 -6384 ) (-1159.515381 0 -6384 ) (-1301 -94 -6384 ) (-1472 -128 -6384 ) (-1643.001099 -94 -6384 ) (-1664 -80.048485 -6384 ) 
4 526 528 (-1664 0 -6384 ) (-1664 -64 -6384 ) (-1664 -64 -5888 ) (-1664 0 -5888 ) 
4 526 527 (-1664 -64 -5888 ) (-1664 -64 -4736 ) (-1664 0 -4736 ) (-1664 0 -5888 ) 
6 526 529 (-1664 -64 -6384 ) (-1664 -80.049942 -6384 ) (-1664 -96.580078 -6365.804688 ) (-1664 -128 -6281.147461 ) (-1664 -128 -4736 ) (-1664 -64 -4736 ) 
4 527 529 (-1792 -64 -4736 ) (-1792 -64 -5888 ) (-1664 -64 -5888 ) (-1664 -64 -4736 ) 
4 527 530 (-1792 -64 -5888 ) (-1792 -64 -4736 ) (-1792 0 -4736 ) (-1792 0.002740 -5888 ) 
4 527 528 (-1664 -64 -5888 ) (-1792 -64 -5888 ) (-1792 0 -5888 ) (-1664 0 -5888 ) 
4 528 538 (-1784.485229 0 -6384 ) (-1664 0 -6384 ) (-1664 -64 -6384 ) (-1688.155396 -64 -6384 ) 
5 528 529 (-1792 -64 -5888 ) (-1792 -64 -6308.058594 ) (-1688.155640 -64 -6384 ) (-1664 -64 -6384 ) (-1664 -64 -5888 ) 
4 528 530 (-1792 0.003906 -6378.507813 ) (-1792 -64 -6308.055664 ) (-1792 -64 -5888 ) (-1792 0.002740 -5888 ) 
3 529 539 (-1664 -64 -6384 ) (-1664 -80.048485 -6384 ) (-1688.155396 -64 -6384 ) 
5 529 530 (-1792 -64 -6308.055664 ) (-1792 -112.285156 -6254.906250 ) (-1792 -128 -6212.566406 ) (-1792 -128 -4736 ) (-1792 -64 -4736 ) 
4 530 532 (-1920 -128 -4736 ) (-1920 0 -4736 ) (-1920 0 -6128 ) (-1920 -128 -6128 ) 
4 531 570 (-1024 -1024 -6384 ) (-1024 -1024 -4736 ) (-1920 -1024 -4736 ) (-1920 -1024 -6384 ) 
4 531 552 (-1024 -144 -6384 ) (-1024 -1024 -6384 ) (-1920 -1024 -6384 ) (-1920 -144 -6384 ) 
4 531 534 (-1920 -144 -6384 ) (-1920 -1024 -6384 ) (-1920 -1024 -4736 ) (-1920 -144 -4736 ) 
4 532 573 (-2048 0 -4736 ) (-2048 0 -5963.428223 ) (-2048 -128 -5963.428223 ) (-2048 -128 -4736 ) 
4 533 575 (-2048 0 -6144 ) (-2048 0 -6384 ) (-2048 -128 -6384 ) (-2048 -128 -6144 ) 
4 533 545 (-2048 0 -6384 ) (-1936 0 -6384 ) (-1936 -128 -6384 ) (-2048 -128 -6384 ) 
4 533 535 (-2048 -128 -6384 ) (-1952 -128 -6384 ) (-1952 -128 -6144 ) (-2048 -128 -6144 ) 
4 534 570 (-1920 -1024 -4736 ) (-1952 -1024 -4736 ) (-1952 -1024 -6384 ) (-1920 -1024 -6384 ) 
4 534 552 (-1920 -144 -6384 ) (-1920 -1024 -6384 ) (-1936 -1024 -6384 ) (-1936 -144 -6384 ) 
4 534 553 (-1936 -1024 -6384 ) (-1952 -1024 -6384 ) (-1952 -144 -6384 ) (-1936 -144 -6384 ) 
4 534 536 (-1952 -144 -6384 ) (-1952 -1024 -6384 ) (-1952 -1024 -4736 ) (-1952 -144 -4736 ) 
4 535 583 (-2048 -128 -6384 ) (-2048 -144 -6384 ) (-2048 -144 -6144 ) (-2048 -128 -6144 ) 
4 535 553 (-2048 -144 -6384 ) (-2048 -128 -6384 ) (-1952 -128 -6384 ) (-1952 -144 -6384 ) 
4 535 536 (-2048 -144 -6384 ) (-1952 -144 -6384 ) (-1952 -144 -6144 ) (-2048 -144 -6144 ) 
4 536 585 (-2048 -144 -6384 ) (-2048 -1024 -6384 ) (-2048 -1024 -4736 ) (-2048 -144 -4736 ) 
4 536 570 (-1952 -1024 -4736 ) (-2048 -1024 -4736 ) (-2048 -1024 -6384 ) (-1952 -1024 -6384 ) 
4 536 553 (-1952 -1024 -6384 ) (-2048 -1024 -6384 ) (-2048 -144 -6384 ) (-1952 -144 -6384 ) 
6 537 554 (-1664 0 -8960 ) (-1159.519409 0 -8960 ) (-1301.008911 -94.003304 -8960 ) (-1471.992310 -128 -8960 ) (-1643.003296 -93.997795 -8960 ) (-1664 -80.047943 -8960 ) 
4 537 539 (-1664 -64 -8960 ) (-1664 -80.045082 -8960 ) (-1664 -80.045181 -6384 ) (-1664 -64 -6384 ) 
4 537 538 (-1664 0 -8960 ) (-1664 -64 -8960 ) (-1664 -64 -6384 ) (-1664 0 -6384 ) 
4 538 554 (-1784.484619 0 -8960 ) (-1664 0 -8960 ) (-1664 -64 -8960 ) (-1688.154663 -64 -8960 ) 
4 538 539 (-1688.154663 -64 -6384 ) (-1688.154663 -64 -8960 ) (-1664 -64 -8960 ) (-1664 -64 -6384 ) 
3 539 554 (-1664 -64 -8960 ) (-1664 -80.047943 -8960 ) (-1688.154663 -64 -8960 ) 
4 540 550 (-1553.371338 -128 -8944 ) (-1553.371460 -128 -6384 ) (-1591.824585 -128 -6384 ) (-1591.824463 -128 -8944 ) 
4 540 543 (-1591.823242 -128 -8944 ) (-1591.823364 -128 -6384 ) (-1607.987427 -117.260849 -6384 ) (-1607.987305 -117.260902 -8944 ) 
4 541 545 (-1792 -13.386711 -8944 ) (-1792 -64 -8944 ) (-1792 -64 -6384 ) (-1792 -13.386711 -6384 ) 
4 541 542 (-1792 -64 -6384 ) (-1792 -64 -8944 ) (-1716.831909 -64 -8944 ) (-1716.831787 -64 -6384 ) 
4 542 545 (-1792 -64 -8944 ) (-1792 -81.078629 -8944 ) (-1792 -81.078629 -6384 ) (-1792 -64 -6384 ) 
4 542 543 (-1792 -81.078674 -6384 ) (-1792 -81.078659 -8944 ) (-1650 -109 -8944 ) (-1650 -109 -6384 ) 
4 543 550 (-1591.824463 -128 -8944 ) (-1591.824585 -128 -6384 ) (-1792 -128 -6384 ) (-1792 -128 -8944 ) 
4 543 545 (-1792 -81.078629 -8944 ) (-1792 -128 -8944 ) (-1792 -128 -6384 ) (-1792 -81.078629 -6384 ) 
4 544 545 (-1811.884521 0 -8944 ) (-1799.996948 -8.004286 -8944 ) (-1799.996948 -8.004241 -6384 ) (-1811.884521 0 -6384 ) 
4 545 575 (-2048 0 -6384 ) (-2048 0 -8944 ) (-2048 -128 -8944 ) (-2048 -128 -6384 ) 
4 545 550 (-1792 -128 -6384 ) (-1936 -128 -6384 ) (-1936 -128 -8944 ) (-1792 -128 -8944 ) 
4 545 553 (-1936 -128 -6384 ) (-2048 -128 -6384 ) (-2048 -128 -8944 ) (-1936 -128 -8944 ) 
4 546 551 (-1352.179199 -128 -8944 ) (-1352.179199 -128 -6384 ) (-1390.624756 -128 -6384 ) (-1390.624756 -128 -8944 ) 
4 546 549 (-1352.173950 -128 -6384 ) (-1352.174072 -128 -8944 ) (-1336.010620 -117.261253 -8944 ) (-1336.010620 -117.261261 -6384 ) 
4 547 551 (-1024 -128 -8944 ) (-1024 -128 -6384 ) (-1224.800659 -128 -6384 ) (-1224.800659 -128 -8944 ) 
4 547 548 (-1144.005859 -8.003526 -8944 ) (-1199.499268 -90.419136 -8944 ) (-1199.499146 -90.419113 -6384 ) (-1144.005859 -8.003510 -6384 ) 
4 547 549 (-1199.499268 -90.419136 -8944 ) (-1224.803833 -128 -8944 ) (-1224.803711 -128 -6384 ) (-1199.499146 -90.419113 -6384 ) 
4 548 549 (-1294.003052 -109.002060 -8944 ) (-1199.493896 -90.418945 -8944 ) (-1199.494019 -90.418945 -6384 ) (-1294.003052 -109.002045 -6384 ) 
4 549 551 (-1224.800659 -128 -6384 ) (-1352.179199 -128 -6384 ) (-1352.179199 -128 -8944 ) (-1224.800659 -128 -8944 ) 
4 550 552 (-1936 -144 -6384 ) (-1936 -144 -8944 ) (-1471.996094 -144 -8944 ) (-1471.996094 -144 -6384 ) 
4 550 553 (-1936 -128 -6384 ) (-1936 -128 -8944 ) (-1936 -144 -8944 ) (-1936 -144 -6384 ) 
4 551 552 (-1024 -144 -8944 ) (-1024 -144 -6384 ) (-1471.996094 -144 -6384 ) (-1471.996094 -144 -8944 ) 
4 552 570 (-1024 -1024 -8960 ) (-1024 -1024 -6384 ) (-1936 -1024 -6384 ) (-1936 -1024 -8960 ) 
4 552 565 (-1024 -1024 -8960 ) (-1936 -1024 -8960 ) (-1936 -144 -8960 ) (-1024 -144 -8960 ) 
4 552 553 (-1936 -144 -8960 ) (-1936 -1024 -8960 ) (-1936 -1024 -6384 ) (-1936 -144 -6384 ) 
4 553 585 (-2048 -144 -8960 ) (-2048 -1024 -8960 ) (-2048 -1024 -6384 ) (-2048 -144 -6384 ) 
4 553 583 (-2048 -128 -8960 ) (-2048 -144 -8960 ) (-2048 -144 -6384 ) (-2048 -128 -6384 ) 
4 553 570 (-1936 -1024 -6384 ) (-2048 -1024 -6384 ) (-2048 -1024 -8960 ) (-1936 -1024 -8960 ) 
4 553 567 (-1936 -1024 -8960 ) (-2048 -1024 -8960 ) (-2048 -144 -8960 ) (-1936 -144 -8960 ) 
4 554 557 (-1024 -128 -9792 ) (-1920 -128 -9792 ) (-1920 0 -9792 ) (-1024 0 -9792 ) 
4 554 555 (-1920 -128 -9760 ) (-1920 -128 -8960 ) (-1920 0 -8960 ) (-1920 0 -9760 ) 
4 555 556 (-1952 -128 -9760 ) (-1952 -128 -8960 ) (-1952 0 -8960 ) (-1952 0 -9760 ) 
4 556 576 (-2048 0 -8960 ) (-2048 0 -9792 ) (-2048 -128 -9792 ) (-2048 -128 -8960 ) 
4 556 560 (-1952 -128 -9792 ) (-2048 -128 -9792 ) (-2048 0 -9792 ) (-1952 0 -9792 ) 
4 557 558 (-1936 -128 -9936 ) (-1936 -128 -9792 ) (-1936 0 -9792 ) (-1936 0 -9936 ) 
4 558 560 (-1952 -128 -10080 ) (-1952 -128 -9792 ) (-1952 0 -9792 ) (-1952 0 -10080 ) 
4 558 559 (-1952 -128 -10080 ) (-1952 0 -10080 ) (-1936 0 -10080 ) (-1936 -128 -10080 ) 
4 559 563 (-1936 -128 -10368 ) (-1952 -128 -10368 ) (-1952 0 -10368 ) (-1936 0 -10368 ) 
4 559 560 (-1952 0 -10368 ) (-1952 -128 -10368 ) (-1952 -128 -10080 ) (-1952 0 -10080 ) 
4 560 576 (-2048 0 -9792 ) (-2048 0 -10368 ) (-2048 -128 -10368 ) (-2048 -128 -9792 ) 
4 560 563 (-1952 -128 -10368 ) (-2048 -128 -10368 ) (-2048 0 -10368 ) (-1952 0 -10368 ) 
4 561 566 (-1024 -128 -14848 ) (-1024 -128 -10368 ) (-1920 -128 -10368 ) (-1920 -128 -14848 ) 
4 561 562 (-1920 0 -14848 ) (-1920 -128 -14848 ) (-1920 -128 -12416 ) (-1920 0 -12416 ) 
4 562 566 (-1936 -128 -12416 ) (-1936 -128 -14848 ) (-1920 -128 -14848 ) (-1920 -128 -12416 ) 
4 562 564 (-1936 -128 -14848 ) (-1936 -128 -12464 ) (-1936 0 -12464 ) (-1936 0 -14848 ) 
4 563 579 (-2048 0 -11392 ) (-2048 0 -12048 ) (-2048 -128 -12048 ) (-2048 -128 -11392 ) 
4 563 576 (-2048 0 -10368 ) (-2048 0 -11392 ) (-2048 -128 -11392 ) (-2048 -128 -10368 ) 
4 564 580 (-2048 0 -12464 ) (-2048 0 -14848 ) (-2048 -128 -14848 ) (-2048 -128 -12464 ) 
4 564 568 (-1936 -128 -14848 ) (-1936 -128 -12464 ) (-2048 -128 -12464 ) (-2048 -128 -14848 ) 
4 565 570 (-1024 -1024 -10368 ) (-1024 -1024 -8960 ) (-1936 -1024 -8960 ) (-1936 -1024 -10368 ) 
4 565 567 (-1936 -144 -10368 ) (-1936 -1024 -10368 ) (-1936 -1024 -8960 ) (-1936 -144 -8960 ) 
4 565 566 (-1936 -1024 -10368 ) (-1936 -144 -10368 ) (-1024 -144 -10368 ) (-1024 -1024 -10368 ) 
4 566 570 (-1024 -1024 -14848 ) (-1024 -1024 -10368 ) (-1936 -1024 -10368 ) (-1936 -1024 -14848 ) 
4 566 568 (-1936 -128 -12048 ) (-1936 -128 -14848 ) (-1936 -1024 -14848 ) (-1936 -1024 -12048 ) 
4 566 567 (-1936 -144 -12048 ) (-1936 -1024 -12048 ) (-1936 -1024 -10368 ) (-1936 -144 -10368 ) 
4 567 585 (-2048 -1024 -12048 ) (-2048 -1024 -8960 ) (-2048 -144 -8960 ) (-2048 -144 -12048 ) 
4 567 570 (-1936 -1024 -12048 ) (-1936 -1024 -8960 ) (-2048 -1024 -8960 ) (-2048 -1024 -12048 ) 
4 567 568 (-1936 -144 -12048 ) (-1936 -1024 -12048 ) (-2048 -1024 -12048 ) (-2048 -144 -12048 ) 
4 568 586 (-2048 -1024 -14848 ) (-2048 -1024 -12048 ) (-2048 -128 -12048 ) (-2048 -128 -14848 ) 
4 568 570 (-1936 -1024 -14848 ) (-1936 -1024 -12048 ) (-2048 -1024 -12048 ) (-2048 -1024 -14848 ) 
4 569 570 (-1024 -1024 2560 ) (-1024 -1024 -14848 ) (-1024 -2048 -14848 ) (-1024 -2048 2560 ) 
4 570 602 (-2048 -2048 -14848 ) (-2048 -2048 2560 ) (-2048 -1024 2560 ) (-2048 -1024 -14848 ) 
4 571 581 (-2048 -128 -4080 ) (-2048 -128 2560 ) (-2592 -128 2560 ) (-2592 -128 -4080 ) 
4 571 572 (-2592 -128 -4080 ) (-2592 -128 2560 ) (-2592 0 2560 ) (-2592 0 -4080 ) 
4 572 587 (-3072 0 2560 ) (-3072 0 -4096 ) (-3072 -128 -4096 ) (-3072 -128 2560 ) 
4 572 581 (-2592 -128 2560 ) (-3072 -128 2560 ) (-3072 -128 -4096 ) (-2592 -128 -4096 ) 
4 572 574 (-2608 -128 -4096 ) (-3072 -128 -4096 ) (-3072 0 -4096 ) (-2608 0 -4096 ) 
4 574 587 (-3072 0 -4096 ) (-3072 0 -6144 ) (-3072 -128 -6144 ) (-3072 -128 -4096 ) 
4 574 582 (-2608 -128 -4096 ) (-3072 -128 -4096 ) (-3072 -128 -6144 ) (-2608 -128 -6144 ) 
4 574 578 (-2896 -128 -6144 ) (-3072 -128 -6144 ) (-3072 0 -6144 ) (-2896 0 -6144 ) 
4 574 577 (-2880 -128 -6144 ) (-2896 -128 -6144 ) (-2896 0 -6144 ) (-2880 0 -6144 ) 
4 574 575 (-2608 -128 -6144 ) (-2880 -128 -6144 ) (-2880 0 -6144 ) (-2608 0 -6144 ) 
4 575 583 (-2048 -128 -8944 ) (-2048 -128 -6144 ) (-2880 -128 -6144 ) (-2880 -128 -8944 ) 
4 575 577 (-2880 -128 -8944 ) (-2880 -128 -6144 ) (-2880 0 -6144 ) (-2880 0 -8944 ) 
4 576 579 (-2048 -128 -11392 ) (-2880 -128 -11392 ) (-2880 0 -11392 ) (-2048 0 -11392 ) 
4 577 584 (-2880 -128 -6144 ) (-2896 -128 -6144 ) (-2896 -128 -8960 ) (-2880 -128 -8960 ) 
4 577 578 (-2896 -128 -8960 ) (-2896 -128 -6144 ) (-2896 0 -6144 ) (-2896 0 -8960 ) 
4 578 587 (-3072 0 -6144 ) (-3072 0 -11376 ) (-3072 -128 -11376 ) (-3072 -128 -6144 ) 
4 578 584 (-2896 -128 -6144 ) (-3072 -128 -6144 ) (-3072 -128 -11376 ) (-2896 -128 -11376 ) 
4 579 594 (-3072 0 -11392 ) (-3072 0 -12048 ) (-3072 -128 -12048 ) (-3072 -128 -11392 ) 
4 580 595 (-3072 0 -12464 ) (-3072 0 -14848 ) (-3072 -128 -14848 ) (-3072 -128 -12464 ) 
4 580 586 (-2048 -128 -14848 ) (-2048 -128 -12464 ) (-3072 -128 -12464 ) (-3072 -128 -14848 ) 
4 581 587 (-3072 -128 2560 ) (-3072 -128 -4096 ) (-3072 -144 -4096 ) (-3072 -144 2560 ) 
4 581 585 (-2048 -144 -4096 ) (-2048 -144 2560 ) (-3072 -144 2560 ) (-3072 -144 -4096 ) 
4 581 582 (-2592 -144 -4096 ) (-3072 -144 -4096 ) (-3072 -128 -4096 ) (-2592 -128 -4096 ) 
4 582 587 (-3072 -128 -4096 ) (-3072 -128 -6144 ) (-3072 -144 -6144 ) (-3072 -144 -4096 ) 
4 582 585 (-2592 -144 -4096 ) (-3072 -144 -4096 ) (-3072 -144 -6144 ) (-2592 -144 -6144 ) 
4 582 584 (-2880 -144 -6144 ) (-3072 -144 -6144 ) (-3072 -128 -6144 ) (-2880 -128 -6144 ) 
4 582 583 (-2592 -144 -6144 ) (-2880 -144 -6144 ) (-2880 -128 -6144 ) (-2592 -128 -6144 ) 
4 583 585 (-2048 -144 -8960 ) (-2048 -144 -6144 ) (-2880 -144 -6144 ) (-2880 -144 -8960 ) 
4 583 584 (-2880 -144 -8960 ) (-2880 -144 -6144 ) (-2880 -128 -6144 ) (-2880 -128 -8960 ) 
4 584 591 (-3072 -128 -11376 ) (-3072 -128 -11392 ) (-3072 -144 -11392 ) (-3072 -144 -11376 ) 
4 584 587 (-3072 -128 -6144 ) (-3072 -128 -11376 ) (-3072 -144 -11376 ) (-3072 -144 -6144 ) 
4 584 585 (-2880 -144 -11392 ) (-2880 -144 -6144 ) (-3072 -144 -6144 ) (-3072 -144 -11392 ) 
4 585 602 (-2048 -1024 -12048 ) (-2048 -1024 2560 ) (-3072 -1024 2560 ) (-3072 -1024 -12048 ) 
4 585 600 (-3072 -1024 -12048 ) (-3072 -1024 -11392 ) (-3072 -144 -11392 ) (-3072 -144 -12048 ) 
4 585 591 (-3072 -1024 -11392 ) (-3072 -1024 -11376 ) (-3072 -144 -11376 ) (-3072 -144 -11392 ) 
4 585 587 (-3072 -1024 -11376 ) (-3072 -1024 2560 ) (-3072 -144 2560 ) (-3072 -144 -11376 ) 
4 585 586 (-3072 -1024 -12048 ) (-3072 -144 -12048 ) (-2048 -144 -12048 ) (-2048 -1024 -12048 ) 
4 586 602 (-2048 -1024 -14848 ) (-2048 -1024 -12048 ) (-3072 -1024 -12048 ) (-3072 -1024 -14848 ) 
4 586 599 (-3072 -144 -12048 ) (-3072 -128 -12048 ) (-3072 -128 -14848 ) (-3072 -144 -14848 ) 
4 586 600 (-3072 -1024 -14848 ) (-3072 -1024 -12048 ) (-3072 -144 -12048 ) (-3072 -144 -14848 ) 
4 587 603 (-3072 -1024 -11376 ) (-3072 -1024 2560 ) (-3200 -1024 2560 ) (-3200 -1024 -11376 ) 
4 587 591 (-3072 -1024 -11376 ) (-3200 -1024 -11376 ) (-3200 -128 -11376 ) (-3072 -128 -11376 ) 
4 587 588 (-3200 -16 -10752 ) (-3200 -16 2560 ) (-3200 0 2560 ) (-3200 0 -10752 ) 
4 587 589 (-3200 -16 -11376 ) (-3200 -1024 -11376 ) (-3200 -1024 2560 ) (-3200 -16 2560 ) 
4 588 589 (-3904 -16 2560 ) (-3904 -16 -10752 ) (-3200 -16 -10752 ) (-3200 -16 2560 ) 
4 588 590 (-3904 -16 -10752 ) (-3904 -16 2560 ) (-3904 0 2560 ) (-3904 0 -10752 ) 
4 589 603 (-3200 -1024 2560 ) (-3904 -1024 2560 ) (-3904 -1024 -11376 ) (-3200 -1024 -11376 ) 
4 589 592 (-3200 -1024 -11376 ) (-3904 -1024 -11376 ) (-3904 -128 -11376 ) (-3200 -128 -11376 ) 
4 589 590 (-3904 -16 -11376 ) (-3904 -1024 -11376 ) (-3904 -1024 2560 ) (-3904 -16 2560 ) 
4 590 604 (-4096 0 2560 ) (-4096 0 -11376 ) (-4096 -1024 -11376 ) (-4096 -1024 2560 ) 
4 590 603 (-3904 -1024 2560 ) (-4096 -1024 2560 ) (-4096 -1024 -11376 ) (-3904 -1024 -11376 ) 
4 590 593 (-3904 -1024 -11376 ) (-4096 -1024 -11376 ) (-4096 0 -11376 ) (-3904 0 -11376 ) 
4 591 603 (-3072 -1024 -11392 ) (-3072 -1024 -11376 ) (-3200 -1024 -11376 ) (-3200 -1024 -11392 ) 
4 591 600 (-3072 -144 -11392 ) (-3072 -1024 -11392 ) (-3200 -1024 -11392 ) (-3200 -144 -11392 ) 
4 591 592 (-3200 -128 -11392 ) (-3200 -1024 -11392 ) (-3200 -1024 -11376 ) (-3200 -128 -11376 ) 
4 592 603 (-3200 -1024 -11376 ) (-3904 -1024 -11376 ) (-3904 -1024 -11392 ) (-3200 -1024 -11392 ) 
4 592 600 (-3200 -144 -11392 ) (-3200 -1024 -11392 ) (-3904 -1024 -11392 ) (-3904 -144 -11392 ) 
4 592 593 (-3904 -128 -11392 ) (-3904 -1024 -11392 ) (-3904 -1024 -11376 ) (-3904 -128 -11376 ) 
4 593 604 (-4096 0 -11376 ) (-4096 0 -11392 ) (-4096 -1024 -11392 ) (-4096 -1024 -11376 ) 
4 593 603 (-3904 -1024 -11376 ) (-4096 -1024 -11376 ) (-4096 -1024 -11392 ) (-3904 -1024 -11392 ) 
4 593 601 (-3904 -128 -11392 ) (-3904 -1024 -11392 ) (-4096 -1024 -11392 ) (-4096 -128 -11392 ) 
4 593 597 (-4096 0 -11392 ) (-3904 0 -11392 ) (-3904 -128 -11392 ) (-4096 -128 -11392 ) 
4 595 599 (-3072 -128 -14848 ) (-3072 -128 -12464 ) (-3200 -128 -12464 ) (-3200 -128 -14848 ) 
4 595 596 (-3200 -128 -14848 ) (-3200 -128 -14592 ) (-3200 0 -14592 ) (-3200 0 -14848 ) 
4 596 599 (-3888 -128 -14592 ) (-3888 -128 -14848 ) (-3200 -128 -14848 ) (-3200 -128 -14592 ) 
4 596 598 (-3888 -128 -14848 ) (-3888 -128 -14592 ) (-3888 0 -14592 ) (-3888 0 -14848 ) 
4 597 604 (-4096 0 -11392 ) (-4096 0 -12112 ) (-4096 -128 -12112 ) (-4096 -128 -11392 ) 
4 597 601 (-3904 -128 -11392 ) (-4096 -128 -11392 ) (-4096 -128 -12112 ) (-3904 -128 -12112 ) 
4 597 598 (-3904 -128 -12112 ) (-4096 -128 -12112 ) (-4096 0 -12112 ) (-3904 0 -12112 ) 
4 598 604 (-4096 0 -12112 ) (-4096 0 -14848 ) (-4096 -128 -14848 ) (-4096 -128 -12112 ) 
4 598 599 (-3904 -128 -14848 ) (-3888 -128 -14848 ) (-3888 -128 -12112 ) (-3904 -128 -12112 ) 
4 598 601 (-4096 -128 -12112 ) (-4096 -128 -14848 ) (-3904 -128 -14848 ) (-3904 -128 -12112 ) 
4 599 600 (-3904 -144 -12048 ) (-3904 -144 -14848 ) (-3072 -144 -14848 ) (-3072 -144 -12048 ) 
4 599 601 (-3904 -128 -12048 ) (-3904 -128 -14848 ) (-3904 -144 -14848 ) (-3904 -144 -12048 ) 
4 600 603 (-3072 -1024 -14848 ) (-3072 -1024 -11392 ) (-3904 -1024 -11392 ) (-3904 -1024 -14848 ) 
4 600 601 (-3904 -144 -14848 ) (-3904 -1024 -14848 ) (-3904 -1024 -11392 ) (-3904 -144 -11392 ) 
4 601 604 (-4096 -1024 -14848 ) (-4096 -1024 -11392 ) (-4096 -128 -11392 ) (-4096 -128 -14848 ) 
4 601 603 (-3904 -1024 -11392 ) (-4096 -1024 -11392 ) (-4096 -1024 -14848 ) (-3904 -1024 -14848 ) 
4 602 603 (-3072 -1024 2560 ) (-3072 -1024 -14848 ) (-3072 -2048 -14848 ) (-3072 -2048 2560 ) 
4 603 606 (-4096 -2048 -14848 ) (-4096 -2048 2560 ) (-4096 -1024 2560 ) (-4096 -1024 -14848 ) 
4 604 606 (-4096 -1024 -14848 ) (-4096 -1024 2560 ) (-5120 -1024 2560 ) (-5120 -1024 -14848 ) 
4 604 605 (-5120 0 2560 ) (-5120 0 -14848 ) (-5120 -1024 -14848 ) (-5120 -1024 2560 ) 
4 605 608 (-6144 0 2560 ) (-6144 0 -14848 ) (-6144 -1024 -14848 ) (-6144 -1024 2560 ) 
4 605 607 (-5120 -1024 -14848 ) (-5120 -1024 2560 ) (-6144 -1024 2560 ) (-6144 -1024 -14848 ) 
4 606 607 (-5120 -1024 2560 ) (-5120 -1024 -14848 ) (-5120 -2048 -14848 ) (-5120 -2048 2560 ) 
4 607 609 (-6144 -2048 -14848 ) (-6144 -2048 2560 ) (-6144 -1024 2560 ) (-6144 -1024 -14848 ) 
4 608 609 (-6144 -1024 -14848 ) (-6144 -1024 2560 ) (-6656 -1024 2560 ) (-6656 -1024 -14848 ) 
