PRT1
1304
3808
4 0 6 (1024 4096 32 ) (1024 4096 2560 ) (1024 4608 2560 ) (1024 4608 32 ) 
4 0 2 (1024 4096 2560 ) (1024 4096 32 ) (1536 4096 32 ) (1536 4096 2560 ) 
4 0 1 (1536 4096 32 ) (1024 4096 32 ) (1024 4608 32 ) (1536 4608 32 ) 
4 1 7 (1024 4096 0 ) (1024 4096 32 ) (1024 4608 32 ) (1024 4608 0 ) 
4 1 3 (1024 4096 32 ) (1024 4096 0 ) (1536 4096 0 ) (1536 4096 32 ) 
4 2 10 (1024 3072 32 ) (1024 3072 2560 ) (1024 4096 2560 ) (1024 4096 32 ) 
4 2 4 (1024 3072 2560 ) (1024 3072 32 ) (1536 3072 32 ) (1536 3072 2560 ) 
4 2 3 (1536 3072 32 ) (1024 3072 32 ) (1024 4096 32 ) (1536 4096 32 ) 
4 3 34 (1024 3072 1 ) (1024 3072 32 ) (1024 4096 32 ) (1024 4096 1 ) 
4 3 58 (1024 3072 0 ) (1024 3072 1 ) (1024 4096 1 ) (1024 4096 0 ) 
4 3 5 (1024 3072 32 ) (1024 3072 0 ) (1536 3072 0 ) (1536 3072 32 ) 
4 4 171 (1024 2048 2560 ) (1024 2048 32 ) (1536 2048 32 ) (1536 2048 2560 ) 
4 4 61 (1024 2048 32 ) (1024 2048 2560 ) (1024 3072 2560 ) (1024 3072 32 ) 
4 4 5 (1536 2048 32 ) (1024 2048 32 ) (1024 3072 32 ) (1536 3072 32 ) 
4 5 172 (1536 2048 0 ) (1536 2048 32 ) (1024 2048 32 ) (1024 2048 0 ) 
4 5 62 (1024 2048 0 ) (1024 2048 32 ) (1024 3072 32 ) (1024 3072 0 ) 
4 6 25 (219.935486 4096 2560 ) (104.727272 4096 2560 ) (104.727280 4096 32 ) (219.935486 4096 32 ) 
4 6 24 (104.727272 4096 2560 ) (0 4096 2560 ) (0 4096 32 ) (104.727280 4096 32 ) 
4 6 10 (1024 4096 32 ) (1024 4096 2560 ) (219.935486 4096 2560 ) (219.935486 4096 32 ) 
4 6 8 (0 4096 32 ) (0 4096 2560 ) (0 4608 2560 ) (0 4608 32 ) 
4 6 7 (1024 4096 32 ) (0 4096 32 ) (0 4608 32 ) (1024 4608 32 ) 
4 7 49 (219.935486 4096 32 ) (104.727272 4096 32 ) (104.727280 4096 1 ) (219.935486 4096 1 ) 
4 7 48 (104.727272 4096 32 ) (0 4096 32 ) (0 4096 1 ) (104.727280 4096 1 ) 
4 7 34 (1024 4096 1 ) (1024 4096 32 ) (219.935486 4096 32 ) (219.935486 4096 1 ) 
4 7 58 (1024 4096 0 ) (1024 4096 1 ) (0 4096 1 ) (0 4096 0 ) 
4 7 9 (0 4096 0 ) (0 4096 32 ) (0 4608 32 ) (0 4608 0 ) 
4 8 65 (-1024 4096 32 ) (-1024 4096 2560 ) (-1024 4608 2560 ) (-1024 4608 32 ) 
4 8 59 (0 4096 32 ) (0 4096 2560 ) (-1024 4096 2560 ) (-1024 4096 32 ) 
4 8 9 (0 4608 32 ) (0 4096 32 ) (-1024 4096 32 ) (-1024 4608 32 ) 
4 9 66 (-1024 4096 0 ) (-1024 4096 32 ) (-1024 4608 32 ) (-1024 4608 0 ) 
4 9 60 (0 4096 0 ) (0 4096 32 ) (-1024 4096 32 ) (-1024 4096 0 ) 
4 10 61 (1024 3072 32 ) (1024 3072 2560 ) (632.838745 3072 2560 ) (632.838745 3072 32 ) 
4 10 34 (1024 3072 32 ) (632.838745 3072 32 ) (219.935486 4096 32 ) (1024 4096 32 ) 
4 10 31 (465.529694 3486.929932 32 ) (478.003052 3455.995850 32 ) (478.002472 3455.996826 2560 ) (465.529236 3486.930420 2560 ) 
4 10 30 (417.508118 3606.023682 32 ) (465.529694 3486.929932 32 ) (465.529236 3486.930420 2560 ) (417.507660 3606.023682 2560 ) 
4 10 29 (396.450684 3658.246338 32 ) (417.508118 3606.023682 32 ) (417.507660 3606.023682 2560 ) (396.450256 3658.246094 2560 ) 
4 10 28 (365.892700 3734.030273 32 ) (396.450684 3658.246338 32 ) (396.450256 3658.246094 2560 ) (365.892334 3734.029785 2560 ) 
4 10 27 (325.867737 3833.292480 32 ) (365.892700 3734.030273 32 ) (365.892334 3734.029785 2560 ) (325.867371 3833.291748 2560 ) 
4 10 26 (256 4006.562500 32 ) (325.867737 3833.292480 32 ) (325.867371 3833.291748 2560 ) (256 4006.561523 2560 ) 
4 10 25 (219.937500 4096 32 ) (256 4006.562500 32 ) (256 4006.561523 2560 ) (219.936584 4096 2560 ) 
4 10 11 (503 3394.005371 32 ) (632.839844 3072 32 ) (632.839844 3072 2560 ) (503 3394.004395 2560 ) 
4 11 61 (632.838745 3072 2560 ) (546.909058 3072 2560 ) (546.909058 3072 32 ) (632.838745 3072 32 ) 
3 11 35 (632.838745 3072 32 ) (546.909058 3072 32 ) (503 3394 32 ) 
4 11 12 (512 3327.998291 32 ) (546.908630 3072 32 ) (546.908203 3072 2560 ) (512 3327.998047 2560 ) 
4 12 61 (546.909058 3072 2560 ) (477.090912 3072 2560 ) (477.090912 3072 32 ) (546.909058 3072 32 ) 
3 12 36 (546.909058 3072 32 ) (477.090912 3072 32 ) (512 3328 32 ) 
4 12 13 (503 3262 32 ) (477.091187 3072 32 ) (477.090820 3072 2560 ) (503 3262 2560 ) 
4 13 61 (477.090912 3072 2560 ) (426.387146 3072 2560 ) (426.387115 3072 32 ) (477.090912 3072 32 ) 
3 13 37 (477.090912 3072 32 ) (426.387146 3072 32 ) (503 3262 32 ) 
4 13 14 (478 3200 32 ) (426.387268 3072 32 ) (426.387604 3072 2560 ) (478 3200 2560 ) 
4 14 61 (426.387146 3072 2560 ) (378.981140 3072 2560 ) (378.981262 3072 32 ) (426.387115 3072 32 ) 
3 14 38 (426.387146 3072 32 ) (378.981140 3072 32 ) (478 3200 32 ) 
4 14 15 (436.987030 3146.989990 32 ) (378.975952 3072 32 ) (378.976563 3072 2560 ) (436.987793 3146.990479 2560 ) 
4 15 61 (378.981140 3072 2560 ) (340.048920 3072 2560 ) (340.048676 3072 32 ) (378.981262 3072 32 ) 
3 15 39 (378.981140 3072 32 ) (340.048920 3072 32 ) (437 3147 32 ) 
4 15 16 (384 3106 32 ) (340.048798 3072 32 ) (340.048096 3072 2560 ) (384 3106 2560 ) 
4 16 61 (340.048920 3072 2560 ) (299.680023 3072 2560 ) (299.679810 3072 32 ) (340.048676 3072 32 ) 
3 16 40 (340.048920 3072 32 ) (299.680023 3072 32 ) (384 3106 32 ) 
4 16 17 (322.001038 3081 32 ) (299.680450 3072 32 ) (299.675781 3072 2560 ) (321.996216 3081 2560 ) 
4 17 61 (299.680023 3072 2560 ) (256 3072 2560 ) (256 3072 32 ) (299.679810 3072 32 ) 
3 17 41 (299.680023 3072 32 ) (256 3072 32 ) (322 3081 32 ) 
4 18 61 (256 3072 2560 ) (0 3072 2560 ) (0 3072 32 ) (256 3072 32 ) 
4 18 59 (0 3072 32 ) (0 3072 2560 ) (0 3106.908936 2560 ) (0 3106.908936 32 ) 
3 18 42 (256 3072 32 ) (0 3072 32 ) (0 3106.908936 32 ) 
4 18 19 (190 3081 32 ) (0 3106.909180 32 ) (0 3106.909180 2560 ) (190 3081 2560 ) 
4 19 59 (0 3106.908936 2560 ) (0 3157.612793 2560 ) (0 3157.612793 32 ) (0 3106.908936 32 ) 
3 19 43 (190 3081 32 ) (0 3106.908936 32 ) (0 3157.612793 32 ) 
4 19 20 (127.995987 3106.002930 32 ) (0 3157.614258 32 ) (0 3157.611328 2560 ) (127.998657 3106 2560 ) 
4 20 59 (0 3157.612793 2560 ) (0 3205.018799 2560 ) (0 3205.018799 32 ) (0 3157.612793 32 ) 
3 20 44 (128 3106 32 ) (0 3157.612793 32 ) (0 3205.018799 32 ) 
4 20 21 (75 3147 32 ) (0 3205.018799 32 ) (0 3205.018555 2560 ) (75 3147 2560 ) 
4 21 59 (0 3205.018799 2560 ) (0 3243.951172 2560 ) (0 3243.951172 32 ) (0 3205.018799 32 ) 
3 21 45 (75 3147 32 ) (0 3205.018799 32 ) (0 3243.951172 32 ) 
4 21 22 (33.998573 3200.003174 32 ) (0 3243.952637 32 ) (0 3243.953125 2560 ) (33.998333 3200.003662 2560 ) 
4 22 59 (0 3243.951172 2560 ) (0 3284.319824 2560 ) (0 3284.319824 32 ) (0 3243.951172 32 ) 
3 22 46 (34 3200 32 ) (0 3243.951172 32 ) (0 3284.319824 32 ) 
4 22 23 (9 3262 32 ) (0 3284.320557 32 ) (0 3284.320801 2560 ) (9 3262 2560 ) 
4 23 59 (0 3284.319824 2560 ) (0 3328 2560 ) (0 3328 32 ) (0 3284.319824 32 ) 
3 23 47 (9 3262 32 ) (0 3284.319824 32 ) (0 3328 32 ) 
4 24 59 (0 3328 2560 ) (0 4096 2560 ) (0 4096 32 ) (0 3328 32 ) 
3 24 48 (0 3328 32 ) (0 4096 32 ) (104.727280 4096 32 ) 
4 24 25 (9 3394 32 ) (104.727394 4096 32 ) (104.727394 4096 2560 ) (9 3394 2560 ) 
4 25 49 (9 3394 32 ) (104.727280 4096 32 ) (219.935486 4096 32 ) (256 4006.560059 32 ) 
4 25 26 (33.998863 3455.998779 32 ) (256 4006.560791 32 ) (256 4006.560791 2560 ) (33.998840 3455.998535 2560 ) 
3 26 50 (34 3456 32 ) (256 4006.560059 32 ) (325.866577 3833.291016 32 ) 
4 26 27 (75 3509 32 ) (325.866547 3833.291016 32 ) (325.866547 3833.291016 2560 ) (75 3509 2560 ) 
3 27 51 (75 3509 32 ) (325.866577 3833.291016 32 ) (365.891418 3734.029541 32 ) 
4 27 28 (128 3550 32 ) (365.891510 3734.029297 32 ) (365.891510 3734.029297 2560 ) (128 3550 2560 ) 
3 28 52 (128 3550 32 ) (365.891418 3734.029541 32 ) (396.449432 3658.245605 32 ) 
4 28 29 (190 3575 32 ) (396.449432 3658.245605 32 ) (396.449432 3658.245605 2560 ) (190 3575 2560 ) 
3 29 53 (190 3575 32 ) (396.449432 3658.245605 32 ) (417.506653 3606.023682 32 ) 
4 29 32 (255.998657 3584 32 ) (327.453827 3593.743652 32 ) (327.453735 3593.743652 2560 ) (255.998505 3584 2560 ) 
4 29 30 (327.453827 3593.743652 32 ) (417.506775 3606.023438 32 ) (417.506775 3606.023438 2560 ) (327.453735 3593.743652 2560 ) 
3 30 54 (327.453430 3593.743652 32 ) (417.506653 3606.023682 32 ) (465.527618 3486.931641 32 ) 
4 30 33 (358.038696 3570.085449 32 ) (384.006744 3549.996826 32 ) (384.006744 3549.996826 2560 ) (358.038696 3570.085449 2560 ) 
4 30 32 (327.453125 3593.746094 2560 ) (327.453125 3593.746094 32 ) (358.038696 3570.085449 32 ) (358.038696 3570.085449 2560 ) 
4 30 31 (436.995514 3509.005615 32 ) (465.526398 3486.934570 32 ) (465.526398 3486.934570 2560 ) (436.995514 3509.005615 2560 ) 
3 31 55 (437 3509 32 ) (465.527618 3486.931641 32 ) (478 3456 32 ) 
3 32 56 (256 3584 32 ) (327.453430 3593.743652 32 ) (358.035461 3570.085938 32 ) 
4 32 33 (321.997559 3575 32 ) (358.034882 3570.086670 32 ) (358.034882 3570.086670 2560 ) (321.997559 3575 2560 ) 
3 33 57 (322 3575 32 ) (358.035461 3570.085938 32 ) (384 3550 32 ) 
4 34 62 (1024 3072 1 ) (1024 3072 32 ) (632.838745 3072 32 ) (632.838745 3072 1 ) 
4 34 55 (465.528412 3486.930908 1 ) (478.001373 3455.998047 1 ) (478.001678 3455.997559 32 ) (465.528534 3486.930908 32 ) 
4 34 54 (417.507172 3606.023682 1 ) (465.528412 3486.930908 1 ) (465.528534 3486.930908 32 ) (417.507294 3606.023682 32 ) 
4 34 53 (396.449860 3658.245850 1 ) (417.507172 3606.023682 1 ) (417.507294 3606.023682 32 ) (396.449982 3658.245850 32 ) 
4 34 52 (365.891907 3734.029541 1 ) (396.449860 3658.245850 1 ) (396.449982 3658.245850 32 ) (365.891968 3734.029785 32 ) 
4 34 51 (325.866974 3833.291504 1 ) (365.891907 3734.029541 1 ) (365.891968 3734.029785 32 ) (325.867065 3833.291504 32 ) 
4 34 50 (256 4006.560791 1 ) (325.866974 3833.291504 1 ) (325.867065 3833.291504 32 ) (256 4006.561035 32 ) 
4 34 49 (219.936050 4096 1 ) (256 4006.560791 1 ) (256 4006.561035 32 ) (219.936096 4096 32 ) 
4 34 35 (503 3394.002197 1 ) (632.839294 3072 1 ) (632.839417 3072 32 ) (503 3394.002441 32 ) 
4 34 58 (1024 3072 1 ) (632.838745 3072 1 ) (219.935486 4096 1 ) (1024 4096 1 ) 
4 35 62 (632.838745 3072 32 ) (546.909058 3072 32 ) (546.909058 3072 1 ) (632.838745 3072 1 ) 
4 35 36 (512 3327.998291 1 ) (546.908630 3072 1 ) (546.908203 3072 32 ) (512 3327.998047 32 ) 
3 35 58 (632.838745 3072 1 ) (546.909058 3072 1 ) (503 3394 1 ) 
4 36 62 (546.909058 3072 32 ) (477.090912 3072 32 ) (477.090912 3072 1 ) (546.909058 3072 1 ) 
4 36 37 (503 3262 1 ) (477.091187 3072 1 ) (477.091217 3072 32 ) (503 3262 32 ) 
3 36 58 (546.909058 3072 1 ) (477.090912 3072 1 ) (512 3328 1 ) 
4 37 62 (477.090912 3072 32 ) (426.387146 3072 32 ) (426.387115 3072 1 ) (477.090912 3072 1 ) 
4 37 38 (478 3200 1 ) (426.387268 3072 1 ) (426.388672 3072 32 ) (478.001221 3200.001465 32 ) 
3 37 58 (477.090912 3072 1 ) (426.387146 3072 1 ) (503 3262 1 ) 
4 38 62 (426.387146 3072 32 ) (378.981140 3072 32 ) (378.981262 3072 1 ) (426.387115 3072 1 ) 
4 38 39 (436.987030 3146.989990 1 ) (378.975952 3072 1 ) (378.976410 3072 32 ) (436.987732 3146.990479 32 ) 
3 38 58 (426.387146 3072 1 ) (378.981140 3072 1 ) (478 3200 1 ) 
4 39 62 (378.981140 3072 32 ) (340.048920 3072 32 ) (340.048676 3072 1 ) (378.981262 3072 1 ) 
4 39 40 (384 3106 1 ) (340.048798 3072 1 ) (340.050781 3072 32 ) (384.002228 3106 32 ) 
3 39 58 (378.981140 3072 1 ) (340.048920 3072 1 ) (437 3147 1 ) 
4 40 62 (340.048920 3072 32 ) (299.680023 3072 32 ) (299.679810 3072 1 ) (340.048676 3072 1 ) 
4 40 41 (322.001038 3081 1 ) (299.680450 3072 1 ) (299.681000 3072 32 ) (322.002106 3081 32 ) 
3 40 58 (340.048920 3072 1 ) (299.680023 3072 1 ) (384 3106 1 ) 
4 41 62 (299.680023 3072 32 ) (256 3072 32 ) (256 3072 1 ) (299.679810 3072 1 ) 
3 41 58 (299.680023 3072 1 ) (256 3072 1 ) (322 3081 1 ) 
4 42 62 (256 3072 32 ) (0 3072 32 ) (0 3072 1 ) (256 3072 1 ) 
4 42 60 (0 3072 1 ) (0 3072 32 ) (0 3106.908936 32 ) (0 3106.908936 1 ) 
4 42 43 (190 3081 1 ) (0 3106.909180 1 ) (0 3106.909180 32 ) (190 3081 32 ) 
3 42 58 (256 3072 1 ) (0 3072 1 ) (0 3106.908936 1 ) 
4 43 60 (0 3106.908936 32 ) (0 3157.612793 32 ) (0 3157.612793 1 ) (0 3106.908936 1 ) 
4 43 44 (127.995987 3106.002930 1 ) (0 3157.614258 1 ) (0 3157.614258 32 ) (127.995995 3106.002930 32 ) 
3 43 58 (190 3081 1 ) (0 3106.908936 1 ) (0 3157.612793 1 ) 
4 44 60 (0 3157.612793 32 ) (0 3205.018799 32 ) (0 3205.018799 1 ) (0 3157.612793 1 ) 
4 44 45 (75 3147 1 ) (0 3205.018799 1 ) (0 3205.015625 32 ) (75.002670 3146.996582 32 ) 
3 44 58 (128 3106 1 ) (0 3157.612793 1 ) (0 3205.018799 1 ) 
4 45 60 (0 3205.018799 32 ) (0 3243.951172 32 ) (0 3243.951172 1 ) (0 3205.018799 1 ) 
4 45 46 (33.998573 3200.003174 1 ) (0 3243.952637 1 ) (0 3243.952881 32 ) (33.998573 3200.003418 32 ) 
3 45 58 (75 3147 1 ) (0 3205.018799 1 ) (0 3243.951172 1 ) 
4 46 60 (0 3243.951172 32 ) (0 3284.319824 32 ) (0 3284.319824 1 ) (0 3243.951172 1 ) 
4 46 47 (9 3262 1 ) (0 3284.320557 1 ) (0 3284.320313 32 ) (9 3262 32 ) 
3 46 58 (34 3200 1 ) (0 3243.951172 1 ) (0 3284.319824 1 ) 
4 47 60 (0 3284.319824 32 ) (0 3328 32 ) (0 3328 1 ) (0 3284.319824 1 ) 
3 47 58 (9 3262 1 ) (0 3284.319824 1 ) (0 3328 1 ) 
4 48 60 (0 3328 32 ) (0 4096 32 ) (0 4096 1 ) (0 3328 1 ) 
4 48 49 (9 3394 1 ) (104.727394 4096 1 ) (104.727394 4096 32 ) (9 3394 32 ) 
3 48 58 (0 3328 1 ) (0 4096 1 ) (104.727280 4096 1 ) 
4 49 50 (33.998863 3455.998779 1 ) (256 4006.560791 1 ) (256 4006.560791 32 ) (33.998871 3455.998535 32 ) 
4 49 58 (9 3394 1 ) (104.727280 4096 1 ) (219.935486 4096 1 ) (256 4006.560059 1 ) 
4 50 51 (75 3509 1 ) (325.866547 3833.291016 1 ) (325.866547 3833.291016 32 ) (75 3509 32 ) 
3 50 58 (34 3456 1 ) (256 4006.560059 1 ) (325.866577 3833.291016 1 ) 
4 51 52 (128 3550 1 ) (365.891510 3734.029297 1 ) (365.891510 3734.029297 32 ) (128 3550 32 ) 
3 51 58 (75 3509 1 ) (325.866577 3833.291016 1 ) (365.891418 3734.029541 1 ) 
4 52 53 (190 3575 1 ) (396.449432 3658.245605 1 ) (396.449432 3658.245605 32 ) (190 3575 32 ) 
3 52 58 (128 3550 1 ) (365.891418 3734.029541 1 ) (396.449432 3658.245605 1 ) 
4 53 56 (255.998657 3584 1 ) (327.453827 3593.743652 1 ) (327.453827 3593.743652 32 ) (255.998657 3584 32 ) 
4 53 54 (327.453827 3593.743652 1 ) (417.506775 3606.023438 1 ) (417.506775 3606.023438 32 ) (327.453827 3593.743652 32 ) 
3 53 58 (190 3575 1 ) (396.449432 3658.245605 1 ) (417.506653 3606.023682 1 ) 
4 54 57 (358.038696 3570.085449 1 ) (384.006744 3549.996826 1 ) (384.006744 3549.996826 32 ) (358.038696 3570.085449 32 ) 
4 54 56 (327.453125 3593.746094 32 ) (327.453125 3593.746094 1 ) (358.038696 3570.085449 1 ) (358.038696 3570.085449 32 ) 
4 54 55 (436.995514 3509.005615 1 ) (465.526398 3486.934570 1 ) (465.526398 3486.934570 32 ) (436.995514 3509.005615 32 ) 
3 54 58 (327.453430 3593.743652 1 ) (417.506653 3606.023682 1 ) (465.527618 3486.931641 1 ) 
3 55 58 (437 3509 1 ) (465.527618 3486.931641 1 ) (478 3456 1 ) 
4 56 57 (321.997559 3575 1 ) (358.034882 3570.086670 1 ) (358.034882 3570.086670 32 ) (321.997559 3575 32 ) 
3 56 58 (256 3584 1 ) (327.453430 3593.743652 1 ) (358.035461 3570.085938 1 ) 
3 57 58 (322 3575 1 ) (358.035461 3570.085938 1 ) (384 3550 1 ) 
4 58 62 (1024 3072 0 ) (1024 3072 1 ) (0 3072 1 ) (0 3072 0 ) 
4 58 60 (0 3072 0 ) (0 3072 1 ) (0 4096 1 ) (0 4096 0 ) 
4 59 71 (-1024 3072 32 ) (-1024 3072 2560 ) (-1024 3328 2560 ) (-1024 3328 32 ) 
4 59 70 (-1024 3328 2560 ) (-1024 3371.680176 2560 ) (-1024 3371.680176 32 ) (-1024 3328 32 ) 
4 59 69 (-1024 3371.680176 2560 ) (-1024 4096 2560 ) (-1024 4096 32 ) (-1024 3371.680176 32 ) 
4 59 63 (-1024 3072 2560 ) (-1024 3072 32 ) (0 3072 32 ) (0 3072 2560 ) 
4 59 60 (-1024 4096 32 ) (0 4096 32 ) (0 3072 32 ) (-1024 3072 32 ) 
4 60 95 (-1024 3072 1 ) (-1024 3072 32 ) (-1024 3328 32 ) (-1024 3328 1 ) 
4 60 94 (-1024 3328 32 ) (-1024 3371.680176 32 ) (-1024 3371.680176 1 ) (-1024 3328 1 ) 
4 60 93 (-1024 3371.680176 32 ) (-1024 4096 32 ) (-1024 4096 1 ) (-1024 3371.680176 1 ) 
4 60 117 (-1024 3072 0 ) (-1024 3072 1 ) (-1024 4096 1 ) (-1024 4096 0 ) 
4 60 64 (-1024 3072 32 ) (-1024 3072 0 ) (0 3072 0 ) (0 3072 32 ) 
4 61 203 (340.048553 2048 2560 ) (256 2048 2560 ) (256 2048 32 ) (340.048615 2048 32 ) 
4 61 201 (426.387085 2048 2560 ) (340.048553 2048 2560 ) (340.048615 2048 32 ) (426.387085 2048 32 ) 
4 61 200 (256 2048 2560 ) (212.317444 2048 2560 ) (212.317551 2048 32 ) (256 2048 32 ) 
4 61 199 (212.317444 2048 2560 ) (171.951141 2048 2560 ) (171.951263 2048 32 ) (212.317551 2048 32 ) 
4 61 198 (171.951141 2048 2560 ) (133.018921 2048 2560 ) (133.018875 2048 32 ) (171.951263 2048 32 ) 
4 61 197 (133.018921 2048 2560 ) (85.612915 2048 2560 ) (85.612877 2048 32 ) (133.018875 2048 32 ) 
4 61 196 (85.612915 2048 2560 ) (34.909119 2048 2560 ) (34.909096 2048 32 ) (85.612877 2048 32 ) 
4 61 195 (34.909119 2048 2560 ) (0 2048 2560 ) (0 2048 32 ) (34.909096 2048 32 ) 
4 61 181 (1024 2048 32 ) (1024 2048 2560 ) (426.387085 2048 2560 ) (426.387085 2048 32 ) 
4 61 63 (0 3072 2560 ) (0 3072 32 ) (0 2048 32 ) (0 2048 2560 ) 
4 61 62 (1024 2048 32 ) (0 2048 32 ) (0 3072 32 ) (1024 3072 32 ) 
4 62 227 (340.048553 2048 32 ) (256 2048 32 ) (256 2048 1 ) (340.048615 2048 1 ) 
4 62 225 (426.387085 2048 32 ) (340.048553 2048 32 ) (340.048615 2048 1 ) (426.387085 2048 1 ) 
4 62 224 (256 2048 32 ) (212.317444 2048 32 ) (212.317551 2048 1 ) (256 2048 1 ) 
4 62 223 (212.317444 2048 32 ) (171.951141 2048 32 ) (171.951263 2048 1 ) (212.317551 2048 1 ) 
4 62 222 (171.951141 2048 32 ) (133.018921 2048 32 ) (133.018875 2048 1 ) (171.951263 2048 1 ) 
4 62 221 (133.018921 2048 32 ) (85.612915 2048 32 ) (85.612877 2048 1 ) (133.018875 2048 1 ) 
4 62 220 (85.612915 2048 32 ) (34.909119 2048 32 ) (34.909096 2048 1 ) (85.612877 2048 1 ) 
4 62 219 (34.909119 2048 32 ) (0 2048 32 ) (0 2048 1 ) (34.909096 2048 1 ) 
4 62 205 (1024 2048 1 ) (1024 2048 32 ) (426.387085 2048 32 ) (426.387085 2048 1 ) 
4 62 229 (1024 2048 0 ) (1024 2048 1 ) (0 2048 1 ) (0 2048 0 ) 
4 62 64 (0 3072 32 ) (0 3072 0 ) (0 2048 0 ) (0 2048 32 ) 
4 63 230 (0 2048 32 ) (0 2048 2560 ) (-1024 2048 2560 ) (-1024 2048 32 ) 
4 63 167 (-1024 2048 32 ) (-1024 2048 2560 ) (-1024 3072 2560 ) (-1024 3072 32 ) 
4 63 64 (-1024 2048 32 ) (-1024 3072 32 ) (0 3072 32 ) (0 2048 32 ) 
4 64 231 (0 2048 0 ) (0 2048 32 ) (-1024 2048 32 ) (-1024 2048 0 ) 
4 64 168 (-1024 2048 0 ) (-1024 2048 32 ) (-1024 3072 32 ) (-1024 3072 0 ) 
4 65 84 (-1316.064575 4096 2560 ) (-1431.272705 4096 2560 ) (-1431.272705 4096 32 ) (-1316.064453 4096 32 ) 
4 65 83 (-1431.272705 4096 2560 ) (-1640.727295 4096 2560 ) (-1640.727295 4096 32 ) (-1431.272705 4096 32 ) 
4 65 82 (-1640.727295 4096 2560 ) (-1863.290283 4096 2560 ) (-1863.290405 4096 32 ) (-1640.727295 4096 32 ) 
4 65 81 (-1863.290283 4096 2560 ) (-2048 4096 2560 ) (-2048 4096 32 ) (-1863.290405 4096 32 ) 
4 65 69 (-1024 4096 32 ) (-1024 4096 2560 ) (-1316.064575 4096 2560 ) (-1316.064453 4096 32 ) 
4 65 67 (-2048 4096 32 ) (-2048 4096 2560 ) (-2048 4608 2560 ) (-2048 4608 32 ) 
4 65 66 (-1024 4096 32 ) (-2048 4096 32 ) (-2048 4608 32 ) (-1024 4608 32 ) 
4 66 108 (-1316.064575 4096 32 ) (-1431.272705 4096 32 ) (-1431.272705 4096 1 ) (-1316.064453 4096 1 ) 
4 66 107 (-1431.272705 4096 32 ) (-1640.727295 4096 32 ) (-1640.727295 4096 1 ) (-1431.272705 4096 1 ) 
4 66 106 (-1640.727295 4096 32 ) (-1863.290283 4096 32 ) (-1863.290405 4096 1 ) (-1640.727295 4096 1 ) 
4 66 105 (-1863.290283 4096 32 ) (-2048 4096 32 ) (-2048 4096 1 ) (-1863.290405 4096 1 ) 
4 66 93 (-1024 4096 1 ) (-1024 4096 32 ) (-1316.064575 4096 32 ) (-1316.064453 4096 1 ) 
4 66 117 (-1024 4096 0 ) (-1024 4096 1 ) (-2048 4096 1 ) (-2048 4096 0 ) 
4 66 68 (-2048 4096 0 ) (-2048 4096 32 ) (-2048 4608 32 ) (-2048 4608 0 ) 
4 67 644 (-3072 4096 32 ) (-3072 4096 2560 ) (-3072 4608 2560 ) (-3072 4608 32 ) 
4 67 133 (-2852.064453 4096 2560 ) (-2967.272705 4096 2560 ) (-2967.272705 4096 32 ) (-2852.064453 4096 32 ) 
4 67 132 (-2967.272705 4096 2560 ) (-3072 4096 2560 ) (-3072 4096 32 ) (-2967.272705 4096 32 ) 
4 67 118 (-2048 4096 32 ) (-2048 4096 2560 ) (-2852.064453 4096 2560 ) (-2852.064453 4096 32 ) 
4 67 68 (-2048 4608 32 ) (-2048 4096 32 ) (-3072 4096 32 ) (-3072 4608 32 ) 
4 68 645 (-3072 4096 0 ) (-3072 4096 32 ) (-3072 4608 32 ) (-3072 4608 0 ) 
4 68 157 (-2852.064453 4096 32 ) (-2967.272705 4096 32 ) (-2967.272705 4096 1 ) (-2852.064453 4096 1 ) 
4 68 156 (-2967.272705 4096 32 ) (-3072 4096 32 ) (-3072 4096 1 ) (-2967.272705 4096 1 ) 
4 68 142 (-2048 4096 1 ) (-2048 4096 32 ) (-2852.064453 4096 32 ) (-2852.064453 4096 1 ) 
4 68 166 (-2048 4096 0 ) (-2048 4096 1 ) (-3072 4096 1 ) (-3072 4096 0 ) 
3 69 93 (-1316.064453 4096 32 ) (-1024 4096 32 ) (-1024 3371.680176 32 ) 
4 69 90 (-1070.473022 3486.932129 32 ) (-1058 3456 32 ) (-1057.997681 3455.997070 2560 ) (-1070.470825 3486.930420 2560 ) 
4 69 89 (-1118.493652 3606.023438 32 ) (-1070.473022 3486.932129 32 ) (-1070.470825 3486.930420 2560 ) (-1118.492310 3606.023682 2560 ) 
4 69 88 (-1139.550903 3658.245361 32 ) (-1118.493652 3606.023438 32 ) (-1118.492310 3606.023682 2560 ) (-1139.549683 3658.246094 2560 ) 
4 69 87 (-1170.108887 3734.029297 32 ) (-1139.550903 3658.245361 32 ) (-1139.549683 3658.246094 2560 ) (-1170.107788 3734.030029 2560 ) 
4 69 86 (-1210.133667 3833.291016 32 ) (-1170.108887 3734.029297 32 ) (-1170.107788 3734.030029 2560 ) (-1210.132935 3833.292236 2560 ) 
4 69 85 (-1280 4006.560059 32 ) (-1210.133667 3833.291016 32 ) (-1210.132935 3833.292236 2560 ) (-1280 4006.561279 2560 ) 
4 69 84 (-1316.064453 4096 32 ) (-1280 4006.560059 32 ) (-1280 4006.561279 2560 ) (-1316.063477 4096 2560 ) 
4 69 70 (-1033 3393.998291 32 ) (-1024 3371.678711 32 ) (-1024 3371.682617 2560 ) (-1033 3394.003906 2560 ) 
3 70 94 (-1033 3394 32 ) (-1024 3371.680176 32 ) (-1024 3328 32 ) 
4 71 167 (-1024 3072 32 ) (-1024 3072 2560 ) (-1058.909058 3072 2560 ) (-1058.909180 3072 32 ) 
3 71 95 (-1024 3072 32 ) (-1058.909058 3072 32 ) (-1024 3328 32 ) 
4 71 72 (-1033 3262.001953 32 ) (-1058.908569 3072 32 ) (-1058.908203 3072 2560 ) (-1033 3262.002197 2560 ) 
4 72 167 (-1058.909058 3072 2560 ) (-1109.612915 3072 2560 ) (-1109.612793 3072 32 ) (-1058.909180 3072 32 ) 
3 72 96 (-1058.909058 3072 32 ) (-1109.612915 3072 32 ) (-1033 3262 32 ) 
4 72 73 (-1057.998657 3200.001953 32 ) (-1109.612305 3072 32 ) (-1109.612305 3072 2560 ) (-1057.998657 3200.001953 2560 ) 
4 73 167 (-1109.612915 3072 2560 ) (-1157.018921 3072 2560 ) (-1157.018799 3072 32 ) (-1109.612793 3072 32 ) 
3 73 97 (-1109.612915 3072 32 ) (-1157.018921 3072 32 ) (-1058 3200 32 ) 
4 73 74 (-1098.992798 3147.005371 32 ) (-1157.015869 3072 32 ) (-1157.015625 3072 2560 ) (-1098.992676 3147.005371 2560 ) 
4 74 167 (-1157.018921 3072 2560 ) (-1195.951172 3072 2560 ) (-1195.950928 3072 32 ) (-1157.018799 3072 32 ) 
3 74 98 (-1157.018921 3072 32 ) (-1195.951172 3072 32 ) (-1099 3147 32 ) 
4 74 75 (-1152.005249 3105.998047 32 ) (-1195.953735 3072 32 ) (-1195.953857 3072 2560 ) (-1152.005249 3105.997803 2560 ) 
4 75 167 (-1195.951172 3072 2560 ) (-1236.320068 3072 2560 ) (-1236.319824 3072 32 ) (-1195.950928 3072 32 ) 
3 75 99 (-1195.951172 3072 32 ) (-1236.320068 3072 32 ) (-1152 3106 32 ) 
4 75 76 (-1214.003418 3081 32 ) (-1236.321899 3072 32 ) (-1236.320313 3072 2560 ) (-1214.001587 3081 2560 ) 
4 76 167 (-1236.320068 3072 2560 ) (-1280 3072 2560 ) (-1279.998779 3072 32 ) (-1236.319824 3072 32 ) 
3 76 100 (-1236.320068 3072 32 ) (-1280 3072 32 ) (-1214 3081 32 ) 
4 77 167 (-1280 3072 2560 ) (-2048 3072 2560 ) (-2048 3072 32 ) (-1279.998779 3072 32 ) 
4 77 118 (-2048 3072 32 ) (-2048 3072 2560 ) (-2048 3176.727539 2560 ) (-2048 3176.727539 32 ) 
3 77 101 (-1280 3072 32 ) (-2048 3072 32 ) (-2048 3176.727539 32 ) 
4 77 78 (-1345.998047 3081 32 ) (-2048 3176.726807 32 ) (-2048 3176.726807 2560 ) (-1345.998047 3081 2560 ) 
4 78 118 (-2048 3176.727539 2560 ) (-2048 3364.064697 2560 ) (-2048 3364.064453 32 ) (-2048 3176.727539 32 ) 
3 78 102 (-1346 3081 32 ) (-2048 3176.727539 32 ) (-2048 3364.064697 32 ) 
4 78 79 (-1407.998779 3105.998779 32 ) (-2048 3364.063965 32 ) (-2048 3364.062500 2560 ) (-1407.997803 3105.998291 2560 ) 
4 79 118 (-2048 3364.064697 2560 ) (-2048 3601.094238 2560 ) (-2048 3601.094238 32 ) (-2048 3364.064453 32 ) 
3 79 103 (-1408 3106 32 ) (-2048 3364.064697 32 ) (-2048 3601.094238 32 ) 
4 79 80 (-1460.995605 3146.994629 32 ) (-2048 3601.092285 32 ) (-2048 3601.092529 2560 ) (-1460.995728 3146.994629 2560 ) 
4 80 118 (-2048 3601.094238 2560 ) (-2048 3905.804932 2560 ) (-2048 3905.804932 32 ) (-2048 3601.094238 32 ) 
3 80 104 (-1461 3147 32 ) (-2048 3601.094238 32 ) (-2048 3905.804932 32 ) 
4 80 81 (-1502 3199.997559 32 ) (-2048 3905.803711 32 ) (-2048 3905.804688 2560 ) (-1502 3199.998047 2560 ) 
4 81 118 (-2048 3905.804932 2560 ) (-2048 4096 2560 ) (-2048 4096 32 ) (-2048 3905.804932 32 ) 
4 81 105 (-1502 3200 32 ) (-2048 3905.804932 32 ) (-2048 4096 32 ) (-1863.290405 4096 32 ) 
4 81 82 (-1527 3261.996582 32 ) (-1863.291260 4096 32 ) (-1863.291016 4096 2560 ) (-1527 3261.996582 2560 ) 
3 82 106 (-1527 3262 32 ) (-1863.290405 4096 32 ) (-1640.727295 4096 32 ) 
4 82 83 (-1536 3328 32 ) (-1640.726929 4096 32 ) (-1640.726929 4096 2560 ) (-1536 3328 2560 ) 
3 83 107 (-1536 3328 32 ) (-1640.727295 4096 32 ) (-1431.272705 4096 32 ) 
4 83 84 (-1527 3393.998047 32 ) (-1431.273438 4096 32 ) (-1431.273438 4096 2560 ) (-1527 3393.998047 2560 ) 
4 84 108 (-1527 3394 32 ) (-1431.272705 4096 32 ) (-1316.064453 4096 32 ) (-1280 4006.560303 32 ) 
4 84 85 (-1502 3456 32 ) (-1280 4006.559814 32 ) (-1280 4006.559814 2560 ) (-1502 3456 2560 ) 
3 85 109 (-1502 3456 32 ) (-1280 4006.560303 32 ) (-1210.133423 3833.291260 32 ) 
4 85 86 (-1461 3509 32 ) (-1210.133545 3833.291260 32 ) (-1210.133545 3833.291260 2560 ) (-1461 3509 2560 ) 
3 86 110 (-1461 3509 32 ) (-1210.133423 3833.291260 32 ) (-1170.108521 3734.029541 32 ) 
4 86 87 (-1408.006592 3549.997314 32 ) (-1170.109375 3734.031250 32 ) (-1170.109375 3734.031250 2560 ) (-1408.007324 3549.996826 2560 ) 
3 87 111 (-1408 3550 32 ) (-1170.108521 3734.029541 32 ) (-1139.550537 3658.245605 32 ) 
4 87 88 (-1345.998047 3575 32 ) (-1139.550415 3658.245117 32 ) (-1139.550415 3658.245117 2560 ) (-1345.998169 3575 2560 ) 
3 88 112 (-1346 3575 32 ) (-1139.550537 3658.245605 32 ) (-1118.493286 3606.023682 32 ) 
4 88 91 (-1280 3584 32 ) (-1208.545776 3593.743408 32 ) (-1208.545776 3593.743408 2560 ) (-1280 3584 2560 ) 
4 88 89 (-1208.545776 3593.743408 32 ) (-1118.493286 3606.023193 32 ) (-1118.493286 3606.023193 2560 ) (-1208.545776 3593.743408 2560 ) 
3 89 113 (-1208.546509 3593.743652 32 ) (-1118.493286 3606.023682 32 ) (-1070.472168 3486.931396 32 ) 
4 89 92 (-1177.961182 3570.085449 32 ) (-1151.993530 3549.997314 32 ) (-1151.993530 3549.997314 2560 ) (-1177.961182 3570.085449 2560 ) 
4 89 91 (-1208.546875 3593.746094 2560 ) (-1208.546875 3593.746094 32 ) (-1177.961182 3570.085449 32 ) (-1177.961182 3570.085449 2560 ) 
4 89 90 (-1099.004883 3509.006348 32 ) (-1070.473755 3486.935059 32 ) (-1070.473755 3486.935059 2560 ) (-1099.004883 3509.006348 2560 ) 
3 90 114 (-1099 3509 32 ) (-1070.472168 3486.931396 32 ) (-1058 3456 32 ) 
3 91 115 (-1280 3584 32 ) (-1208.546509 3593.743652 32 ) (-1177.964600 3570.085938 32 ) 
4 91 92 (-1214 3575 32 ) (-1177.965210 3570.086182 32 ) (-1177.965210 3570.086182 2560 ) (-1214 3575 2560 ) 
3 92 116 (-1214 3575 32 ) (-1177.964600 3570.085938 32 ) (-1152 3550 32 ) 
4 93 114 (-1070.472778 3486.931885 1 ) (-1058 3456 1 ) (-1058 3456 32 ) (-1070.472412 3486.931641 32 ) 
4 93 113 (-1118.493652 3606.023682 1 ) (-1070.472778 3486.931885 1 ) (-1070.472412 3486.931641 32 ) (-1118.493408 3606.023682 32 ) 
4 93 112 (-1139.550781 3658.245361 1 ) (-1118.493652 3606.023682 1 ) (-1118.493408 3606.023682 32 ) (-1139.550659 3658.245605 32 ) 
4 93 111 (-1170.108765 3734.029297 1 ) (-1139.550781 3658.245361 1 ) (-1139.550659 3658.245605 32 ) (-1170.108643 3734.029297 32 ) 
4 93 110 (-1210.133789 3833.291260 1 ) (-1170.108765 3734.029297 1 ) (-1170.108643 3734.029297 32 ) (-1210.133545 3833.291016 32 ) 
4 93 109 (-1280 4006.559814 1 ) (-1210.133789 3833.291260 1 ) (-1210.133545 3833.291016 32 ) (-1280 4006.560059 32 ) 
4 93 108 (-1316.064697 4096 1 ) (-1280 4006.559814 1 ) (-1280 4006.560059 32 ) (-1316.064697 4096 32 ) 
4 93 94 (-1033 3394 1 ) (-1024 3371.679443 1 ) (-1024 3371.679688 32 ) (-1033 3394 32 ) 
3 93 117 (-1316.064453 4096 1 ) (-1024 4096 1 ) (-1024 3371.680176 1 ) 
3 94 117 (-1033 3394 1 ) (-1024 3371.680176 1 ) (-1024 3328 1 ) 
4 95 168 (-1024 3072 1 ) (-1024 3072 32 ) (-1058.909058 3072 32 ) (-1058.909180 3072 1 ) 
4 95 96 (-1033 3262.001953 1 ) (-1058.908569 3072 1 ) (-1058.908569 3072 32 ) (-1033 3262.001953 32 ) 
3 95 117 (-1024 3072 1 ) (-1058.909058 3072 1 ) (-1024 3328 1 ) 
4 96 168 (-1058.909058 3072 32 ) (-1109.612915 3072 32 ) (-1109.612793 3072 1 ) (-1058.909180 3072 1 ) 
4 96 97 (-1057.998657 3200.001953 1 ) (-1109.612305 3072 1 ) (-1109.613281 3072 32 ) (-1058 3200.001221 32 ) 
3 96 117 (-1058.909058 3072 1 ) (-1109.612915 3072 1 ) (-1033 3262 1 ) 
4 97 168 (-1109.612915 3072 32 ) (-1157.018921 3072 32 ) (-1157.018799 3072 1 ) (-1109.612793 3072 1 ) 
4 97 98 (-1098.992798 3147.005371 1 ) (-1157.015869 3072 1 ) (-1157.015991 3072 32 ) (-1098.992798 3147.005371 32 ) 
3 97 117 (-1109.612915 3072 1 ) (-1157.018921 3072 1 ) (-1058 3200 1 ) 
4 98 168 (-1157.018921 3072 32 ) (-1195.951172 3072 32 ) (-1195.950928 3072 1 ) (-1157.018799 3072 1 ) 
4 98 99 (-1152.005249 3105.998047 1 ) (-1195.953735 3072 1 ) (-1195.957031 3072 32 ) (-1152.008911 3105.996338 32 ) 
3 98 117 (-1157.018921 3072 1 ) (-1195.951172 3072 1 ) (-1099 3147 1 ) 
4 99 168 (-1195.951172 3072 32 ) (-1236.320068 3072 32 ) (-1236.319824 3072 1 ) (-1195.950928 3072 1 ) 
4 99 100 (-1214.003418 3081 1 ) (-1236.321899 3072 1 ) (-1236.322021 3072 32 ) (-1214.003418 3081 32 ) 
3 99 117 (-1195.951172 3072 1 ) (-1236.320068 3072 1 ) (-1152 3106 1 ) 
4 100 168 (-1236.320068 3072 32 ) (-1280 3072 32 ) (-1279.998779 3072 1 ) (-1236.319824 3072 1 ) 
3 100 117 (-1236.320068 3072 1 ) (-1280 3072 1 ) (-1214 3081 1 ) 
4 101 168 (-1280 3072 32 ) (-2048 3072 32 ) (-2048 3072 1 ) (-1279.998779 3072 1 ) 
4 101 142 (-2048 3072 1 ) (-2048 3072 32 ) (-2048 3176.727539 32 ) (-2048 3176.727539 1 ) 
4 101 102 (-1345.998047 3081 1 ) (-2048 3176.726807 1 ) (-2048 3176.726563 32 ) (-1345.998047 3081 32 ) 
3 101 117 (-1280 3072 1 ) (-2048 3072 1 ) (-2048 3176.727539 1 ) 
4 102 142 (-2048 3176.727539 32 ) (-2048 3364.064697 32 ) (-2048 3364.064453 1 ) (-2048 3176.727539 1 ) 
4 102 103 (-1407.998779 3105.998779 1 ) (-2048 3364.063965 1 ) (-2048 3364.063232 32 ) (-1407.998535 3105.998779 32 ) 
3 102 117 (-1346 3081 1 ) (-2048 3176.727539 1 ) (-2048 3364.064697 1 ) 
4 103 142 (-2048 3364.064697 32 ) (-2048 3601.094238 32 ) (-2048 3601.094238 1 ) (-2048 3364.064453 1 ) 
4 103 104 (-1460.995605 3146.994629 1 ) (-2048 3601.092285 1 ) (-2048 3601.093750 32 ) (-1460.995850 3146.994873 32 ) 
3 103 117 (-1408 3106 1 ) (-2048 3364.064697 1 ) (-2048 3601.094238 1 ) 
4 104 142 (-2048 3601.094238 32 ) (-2048 3905.804932 32 ) (-2048 3905.804932 1 ) (-2048 3601.094238 1 ) 
4 104 105 (-1502 3199.997559 1 ) (-2048 3905.803711 1 ) (-2048 3905.803955 32 ) (-1502 3199.997559 32 ) 
3 104 117 (-1461 3147 1 ) (-2048 3601.094238 1 ) (-2048 3905.804932 1 ) 
4 105 142 (-2048 3905.804932 32 ) (-2048 4096 32 ) (-2048 4096 1 ) (-2048 3905.804932 1 ) 
4 105 106 (-1527 3261.996582 1 ) (-1863.291260 4096 1 ) (-1863.290039 4096 32 ) (-1527 3261.997070 32 ) 
4 105 117 (-1502 3200 1 ) (-2048 3905.804932 1 ) (-2048 4096 1 ) (-1863.290405 4096 1 ) 
4 106 107 (-1536 3328 1 ) (-1640.726929 4096 1 ) (-1640.726929 4096 32 ) (-1536 3328 32 ) 
3 106 117 (-1527 3262 1 ) (-1863.290405 4096 1 ) (-1640.727295 4096 1 ) 
4 107 108 (-1527 3393.998047 1 ) (-1431.273438 4096 1 ) (-1431.273438 4096 32 ) (-1527 3393.998047 32 ) 
3 107 117 (-1536 3328 1 ) (-1640.727295 4096 1 ) (-1431.272705 4096 1 ) 
4 108 109 (-1502 3456 1 ) (-1280 4006.559814 1 ) (-1280 4006.559814 32 ) (-1502 3456 32 ) 
4 108 117 (-1527 3394 1 ) (-1431.272705 4096 1 ) (-1316.064453 4096 1 ) (-1280 4006.560303 1 ) 
4 109 110 (-1461 3509 1 ) (-1210.133545 3833.291260 1 ) (-1210.133545 3833.291260 32 ) (-1461 3509 32 ) 
3 109 117 (-1502 3456 1 ) (-1280 4006.560303 1 ) (-1210.133423 3833.291260 1 ) 
4 110 111 (-1408.006592 3549.997314 1 ) (-1170.109375 3734.031250 1 ) (-1170.109375 3734.031250 32 ) (-1408.006592 3549.997314 32 ) 
3 110 117 (-1461 3509 1 ) (-1210.133423 3833.291260 1 ) (-1170.108521 3734.029541 1 ) 
4 111 112 (-1345.998047 3575 1 ) (-1139.550415 3658.245117 1 ) (-1139.550415 3658.245117 32 ) (-1345.998047 3575 32 ) 
3 111 117 (-1408 3550 1 ) (-1170.108521 3734.029541 1 ) (-1139.550537 3658.245605 1 ) 
4 112 115 (-1280 3584 1 ) (-1208.545776 3593.743408 1 ) (-1208.545776 3593.743408 32 ) (-1280 3584 32 ) 
4 112 113 (-1208.545776 3593.743408 1 ) (-1118.493286 3606.023193 1 ) (-1118.493286 3606.023193 32 ) (-1208.545776 3593.743408 32 ) 
3 112 117 (-1346 3575 1 ) (-1139.550537 3658.245605 1 ) (-1118.493286 3606.023682 1 ) 
4 113 116 (-1177.961182 3570.085449 1 ) (-1151.993530 3549.997314 1 ) (-1151.993530 3549.997314 32 ) (-1177.961182 3570.085449 32 ) 
4 113 115 (-1208.546875 3593.746094 32 ) (-1208.546875 3593.746094 1 ) (-1177.961182 3570.085449 1 ) (-1177.961182 3570.085449 32 ) 
4 113 114 (-1099.004883 3509.006348 1 ) (-1070.473755 3486.935059 1 ) (-1070.473755 3486.935059 32 ) (-1099.004883 3509.006348 32 ) 
3 113 117 (-1208.546509 3593.743652 1 ) (-1118.493286 3606.023682 1 ) (-1070.472168 3486.931396 1 ) 
3 114 117 (-1099 3509 1 ) (-1070.472168 3486.931396 1 ) (-1058 3456 1 ) 
4 115 116 (-1214 3575 1 ) (-1177.965210 3570.086182 1 ) (-1177.965210 3570.086182 32 ) (-1214 3575 32 ) 
3 115 117 (-1280 3584 1 ) (-1208.546509 3593.743652 1 ) (-1177.964600 3570.085938 1 ) 
3 116 117 (-1214 3575 1 ) (-1177.964600 3570.085938 1 ) (-1152 3550 1 ) 
4 117 168 (-1024 3072 0 ) (-1024 3072 1 ) (-2048 3072 1 ) (-2048 3072 0 ) 
4 117 166 (-2048 3072 0 ) (-2048 3072 1 ) (-2048 4096 1 ) (-2048 4096 0 ) 
4 118 169 (-2439.161133 3072 32 ) (-2048 3072 32 ) (-2048 3072 2560 ) (-2439.161133 3072 2560 ) 
4 118 142 (-2852.064453 4096 32 ) (-2048 4096 32 ) (-2048 3072 32 ) (-2439.161133 3072 32 ) 
4 118 139 (-2606.474365 3486.933105 32 ) (-2594.002686 3456.003662 32 ) (-2594 3455.998535 2560 ) (-2606.471680 3486.930908 2560 ) 
4 118 138 (-2654.494873 3606.023438 32 ) (-2606.474365 3486.933105 32 ) (-2606.471680 3486.930908 2560 ) (-2654.492920 3606.023682 2560 ) 
4 118 137 (-2675.552002 3658.245117 32 ) (-2654.494873 3606.023438 32 ) (-2654.492920 3606.023682 2560 ) (-2675.550049 3658.245605 2560 ) 
4 118 136 (-2706.109863 3734.028564 32 ) (-2675.552002 3658.245117 32 ) (-2675.550049 3658.245605 2560 ) (-2706.108154 3734.029541 2560 ) 
4 118 135 (-2746.134521 3833.289307 32 ) (-2706.109863 3734.028564 32 ) (-2706.108154 3734.029541 2560 ) (-2746.133057 3833.291260 2560 ) 
4 118 134 (-2816 4006.555420 32 ) (-2746.134521 3833.289307 32 ) (-2746.133057 3833.291260 2560 ) (-2815.998779 4006.558594 2560 ) 
4 118 133 (-2852.066406 4096 32 ) (-2816 4006.555420 32 ) (-2815.998779 4006.558594 2560 ) (-2852.063965 4096 2560 ) 
4 118 119 (-2569 3393.995361 32 ) (-2439.162109 3072 32 ) (-2439.160645 3072 2560 ) (-2569 3394.001953 2560 ) 
4 119 169 (-2525.090820 3072 32 ) (-2439.161133 3072 32 ) (-2439.161133 3072 2560 ) (-2525.090820 3072 2560 ) 
3 119 143 (-2569 3394 32 ) (-2439.161133 3072 32 ) (-2525.090820 3072 32 ) 
4 119 120 (-2560 3328 32 ) (-2525.091064 3072 32 ) (-2525.090820 3072 2560 ) (-2560 3328 2560 ) 
4 120 169 (-2594.908936 3072 32 ) (-2525.090820 3072 32 ) (-2525.090820 3072 2560 ) (-2594.908936 3072 2560 ) 
3 120 144 (-2560 3328 32 ) (-2525.090820 3072 32 ) (-2594.908936 3072 32 ) 
4 120 121 (-2569.001221 3261.996094 32 ) (-2594.909668 3072 32 ) (-2594.909180 3072 2560 ) (-2569 3261.996338 2560 ) 
4 121 169 (-2645.612793 3072 32 ) (-2594.908936 3072 32 ) (-2594.908936 3072 2560 ) (-2645.612793 3072 2560 ) 
3 121 145 (-2569 3262 32 ) (-2594.908936 3072 32 ) (-2645.612793 3072 32 ) 
4 121 122 (-2593.997314 3200.003418 32 ) (-2645.611572 3072 32 ) (-2645.611328 3072 2560 ) (-2593.997070 3200.003662 2560 ) 
4 122 169 (-2693.018799 3072 32 ) (-2645.612793 3072 32 ) (-2645.612793 3072 2560 ) (-2693.018799 3072 2560 ) 
3 122 146 (-2594 3200 32 ) (-2645.612793 3072 32 ) (-2693.018799 3072 32 ) 
4 122 123 (-2635 3147 32 ) (-2693.018555 3072 32 ) (-2693.015625 3072 2560 ) (-2634.996094 3147.002930 2560 ) 
4 123 169 (-2731.951416 3072 32 ) (-2693.018799 3072 32 ) (-2693.018799 3072 2560 ) (-2731.951416 3072 2560 ) 
3 123 147 (-2635 3147 32 ) (-2693.018799 3072 32 ) (-2731.951416 3072 32 ) 
4 123 124 (-2688 3106 32 ) (-2731.950684 3072 32 ) (-2731.950195 3072 2560 ) (-2687.998291 3106 2560 ) 
4 124 169 (-2772.319824 3072 32 ) (-2731.951416 3072 32 ) (-2731.951416 3072 2560 ) (-2772.319580 3072 2560 ) 
3 124 148 (-2688 3106 32 ) (-2731.951416 3072 32 ) (-2772.319580 3072 32 ) 
4 124 125 (-2750.001709 3081 32 ) (-2772.321045 3072 32 ) (-2772.320313 3072 2560 ) (-2750 3081 2560 ) 
4 125 169 (-2816 3072 32 ) (-2772.319824 3072 32 ) (-2772.319580 3072 2560 ) (-2816 3072 2560 ) 
3 125 149 (-2750 3081 32 ) (-2772.319580 3072 32 ) (-2816 3072 32 ) 
4 126 650 (-3072 3072 32 ) (-3072 3072 2560 ) (-3072 3106.909180 2560 ) (-3072 3106.909180 32 ) 
4 126 169 (-3072 3072 2560 ) (-3072 3072 32 ) (-2816 3072 32 ) (-2816 3072 2560 ) 
3 126 150 (-2816 3072 32 ) (-3072 3072 32 ) (-3072 3106.909180 32 ) 
4 126 127 (-2882 3081 32 ) (-3072 3106.909180 32 ) (-3072 3106.909180 2560 ) (-2882 3081 2560 ) 
4 127 650 (-3072 3106.909180 2560 ) (-3072 3157.612793 2560 ) (-3072 3157.612793 32 ) (-3072 3106.909180 32 ) 
3 127 151 (-2882 3081 32 ) (-3072 3106.909180 32 ) (-3072 3157.612793 32 ) 
4 127 128 (-2943.994629 3105.995850 32 ) (-3072 3157.610840 32 ) (-3072 3157.611328 2560 ) (-2943.994873 3105.996094 2560 ) 
4 128 650 (-3072 3157.612793 2560 ) (-3072 3205.018799 2560 ) (-3072 3205.018799 32 ) (-3072 3157.612793 32 ) 
3 128 152 (-2944 3106 32 ) (-3072 3157.612793 32 ) (-3072 3205.018799 32 ) 
4 128 129 (-2996.998779 3146.998535 32 ) (-3072 3205.018311 32 ) (-3072 3205.018555 2560 ) (-2997 3146.998779 2560 ) 
4 129 650 (-3072 3205.018799 2560 ) (-3072 3243.951172 2560 ) (-3072 3243.951172 32 ) (-3072 3205.018799 32 ) 
3 129 153 (-2997 3147 32 ) (-3072 3205.018799 32 ) (-3072 3243.951172 32 ) 
4 129 130 (-3038 3200.001709 32 ) (-3072 3243.951904 32 ) (-3072 3243.949219 2560 ) (-3038 3199.998779 2560 ) 
4 130 650 (-3072 3243.951172 2560 ) (-3072 3284.319824 2560 ) (-3072 3284.319824 32 ) (-3072 3243.951172 32 ) 
3 130 154 (-3038 3200 32 ) (-3072 3243.951172 32 ) (-3072 3284.319824 32 ) 
4 130 131 (-3063 3262.003906 32 ) (-3072 3284.322510 32 ) (-3072 3284.322998 2560 ) (-3063 3262.004395 2560 ) 
4 131 650 (-3072 3284.319824 2560 ) (-3072 3328 2560 ) (-3072 3328 32 ) (-3072 3284.319824 32 ) 
3 131 155 (-3063 3262 32 ) (-3072 3284.319824 32 ) (-3072 3328 32 ) 
4 132 650 (-3072 3328 2560 ) (-3072 4096 2560 ) (-3072 4096 32 ) (-3072 3328 32 ) 
3 132 156 (-3072 4096 32 ) (-2967.272705 4096 32 ) (-3072 3328 32 ) 
4 132 133 (-3063 3393.994141 32 ) (-2967.272461 4096 32 ) (-2967.272461 4096 2560 ) (-3063 3393.994385 2560 ) 
4 133 157 (-2967.272705 4096 32 ) (-2852.064453 4096 32 ) (-2816 4006.557861 32 ) (-3063 3393.993164 32 ) 
4 133 134 (-3038 3456 32 ) (-2816 4006.560059 32 ) (-2816 4006.560059 2560 ) (-3038 3456 2560 ) 
3 134 158 (-2816 4006.557861 32 ) (-2746.133301 3833.290527 32 ) (-3037.995605 3456.006104 32 ) 
4 134 135 (-2997.001953 3508.998291 32 ) (-2746.133545 3833.291748 32 ) (-2746.133545 3833.291748 2560 ) (-2997.001953 3508.998291 2560 ) 
3 135 159 (-2746.133301 3833.290527 32 ) (-2706.108643 3734.029297 32 ) (-2997 3509 32 ) 
4 135 136 (-2943.998291 3550 32 ) (-2706.108398 3734.028809 32 ) (-2706.108398 3734.028809 2560 ) (-2943.998291 3550 2560 ) 
3 136 160 (-2706.108643 3734.029297 32 ) (-2675.550781 3658.245850 32 ) (-2944 3550 32 ) 
4 136 137 (-2881.996338 3575 32 ) (-2675.550293 3658.244629 32 ) (-2675.550293 3658.244629 2560 ) (-2881.996338 3575 2560 ) 
3 137 161 (-2675.550781 3658.245850 32 ) (-2654.493408 3606.023682 32 ) (-2882 3575 32 ) 
4 137 140 (-2816.001953 3584 32 ) (-2744.546875 3593.743896 32 ) (-2744.546875 3593.743896 2560 ) (-2816.002197 3584 2560 ) 
4 137 138 (-2744.546875 3593.743896 32 ) (-2654.493164 3606.023926 32 ) (-2654.493164 3606.023926 2560 ) (-2744.546875 3593.743896 2560 ) 
3 138 162 (-2654.493408 3606.023682 32 ) (-2606.472412 3486.931641 32 ) (-2744.546387 3593.743652 32 ) 
4 138 141 (-2713.966309 3570.085938 32 ) (-2688.002686 3550 32 ) (-2688.002686 3550 2560 ) (-2713.966309 3570.085938 2560 ) 
4 138 140 (-2744.548828 3593.744141 2560 ) (-2744.548828 3593.744141 32 ) (-2713.966309 3570.085938 32 ) (-2713.966309 3570.085938 2560 ) 
4 138 139 (-2634.997803 3508.997070 32 ) (-2606.471680 3486.929688 32 ) (-2606.471680 3486.929688 2560 ) (-2634.997803 3508.997070 2560 ) 
3 139 163 (-2606.472412 3486.931641 32 ) (-2594 3456 32 ) (-2635 3509 32 ) 
3 140 164 (-2816 3584 32 ) (-2744.546387 3593.743652 32 ) (-2713.964355 3570.085938 32 ) 
4 140 141 (-2750.001465 3575 32 ) (-2713.965088 3570.086182 32 ) (-2713.965088 3570.086182 2560 ) (-2750.001465 3575 2560 ) 
3 141 165 (-2750 3575 32 ) (-2713.964355 3570.085938 32 ) (-2687.998535 3550 32 ) 
4 142 170 (-2439.161133 3072 1 ) (-2048 3072 1 ) (-2048 3072 32 ) (-2439.161133 3072 32 ) 
4 142 163 (-2606.473877 3486.932861 1 ) (-2594.001709 3456.002197 1 ) (-2594 3456.001221 32 ) (-2606.472900 3486.931885 32 ) 
4 142 162 (-2654.494141 3606.023438 1 ) (-2606.473877 3486.932861 1 ) (-2606.472900 3486.931885 32 ) (-2654.493652 3606.023682 32 ) 
4 142 161 (-2675.551514 3658.245605 1 ) (-2654.494141 3606.023438 1 ) (-2654.493652 3606.023682 32 ) (-2675.550781 3658.245361 32 ) 
4 142 160 (-2706.109375 3734.029053 1 ) (-2675.551514 3658.245605 1 ) (-2675.550781 3658.245361 32 ) (-2706.108887 3734.029297 32 ) 
4 142 159 (-2746.134033 3833.290283 1 ) (-2706.109375 3734.029053 1 ) (-2706.108887 3734.029297 32 ) (-2746.133545 3833.290527 32 ) 
4 142 158 (-2816 4006.556641 1 ) (-2746.134033 3833.290283 1 ) (-2746.133545 3833.290527 32 ) (-2816 4006.557861 32 ) 
4 142 157 (-2852.065430 4096 1 ) (-2816 4006.556641 1 ) (-2816 4006.557861 32 ) (-2852.064453 4096 32 ) 
4 142 143 (-2569 3393.996582 1 ) (-2439.162109 3072 1 ) (-2439.162109 3072 32 ) (-2569 3393.997559 32 ) 
4 142 166 (-2852.064453 4096 1 ) (-2048 4096 1 ) (-2048 3072 1 ) (-2439.161133 3072 1 ) 
4 143 170 (-2525.090820 3072 1 ) (-2439.161133 3072 1 ) (-2439.161133 3072 32 ) (-2525.090820 3072 32 ) 
4 143 144 (-2560 3328 1 ) (-2525.091064 3072 1 ) (-2525.090820 3072 32 ) (-2560 3328 32 ) 
3 143 166 (-2569 3394 1 ) (-2439.161133 3072 1 ) (-2525.090820 3072 1 ) 
4 144 170 (-2594.908936 3072 1 ) (-2525.090820 3072 1 ) (-2525.090820 3072 32 ) (-2594.908936 3072 32 ) 
4 144 145 (-2569.001221 3261.996094 1 ) (-2594.909668 3072 1 ) (-2594.909668 3072 32 ) (-2569.001221 3261.996094 32 ) 
3 144 166 (-2560 3328 1 ) (-2525.090820 3072 1 ) (-2594.908936 3072 1 ) 
4 145 170 (-2645.612793 3072 1 ) (-2594.908936 3072 1 ) (-2594.908936 3072 32 ) (-2645.612793 3072 32 ) 
4 145 146 (-2593.997314 3200.003418 1 ) (-2645.611572 3072 1 ) (-2645.611328 3072 32 ) (-2593.997070 3200.003662 32 ) 
3 145 166 (-2569 3262 1 ) (-2594.908936 3072 1 ) (-2645.612793 3072 1 ) 
4 146 170 (-2693.018799 3072 1 ) (-2645.612793 3072 1 ) (-2645.612793 3072 32 ) (-2693.018799 3072 32 ) 
4 146 147 (-2635 3147 1 ) (-2693.018555 3072 1 ) (-2693.017334 3072 32 ) (-2634.998047 3147.001221 32 ) 
3 146 166 (-2594 3200 1 ) (-2645.612793 3072 1 ) (-2693.018799 3072 1 ) 
4 147 170 (-2731.951416 3072 1 ) (-2693.018799 3072 1 ) (-2693.018799 3072 32 ) (-2731.951416 3072 32 ) 
4 147 148 (-2688 3106 1 ) (-2731.950684 3072 1 ) (-2731.949219 3072 32 ) (-2687.997314 3106 32 ) 
3 147 166 (-2635 3147 1 ) (-2693.018799 3072 1 ) (-2731.951416 3072 1 ) 
4 148 170 (-2772.319824 3072 1 ) (-2731.951416 3072 1 ) (-2731.951416 3072 32 ) (-2772.319580 3072 32 ) 
4 148 149 (-2750.001465 3081 1 ) (-2772.320801 3072 1 ) (-2772.321289 3072 32 ) (-2750.001709 3081 32 ) 
3 148 166 (-2688 3106 1 ) (-2731.951416 3072 1 ) (-2772.319580 3072 1 ) 
4 149 170 (-2816 3072 1 ) (-2772.319824 3072 1 ) (-2772.319580 3072 32 ) (-2816 3072 32 ) 
3 149 166 (-2750 3081 1 ) (-2772.319580 3072 1 ) (-2816 3072 1 ) 
4 150 651 (-3072 3072 1 ) (-3072 3072 32 ) (-3072 3106.909180 32 ) (-3072 3106.909180 1 ) 
4 150 170 (-3072 3072 32 ) (-3072 3072 1 ) (-2816 3072 1 ) (-2816 3072 32 ) 
4 150 151 (-2882 3081 1 ) (-3072 3106.909180 1 ) (-3072 3106.909180 32 ) (-2882 3081 32 ) 
3 150 166 (-2816 3072 1 ) (-3072 3072 1 ) (-3072 3106.909180 1 ) 
4 151 651 (-3072 3106.909180 32 ) (-3072 3157.612793 32 ) (-3072 3157.612793 1 ) (-3072 3106.909180 1 ) 
4 151 152 (-2943.994629 3105.995850 1 ) (-3072 3157.610840 1 ) (-3072 3157.610840 32 ) (-2943.994629 3105.995850 32 ) 
3 151 166 (-2882 3081 1 ) (-3072 3106.909180 1 ) (-3072 3157.612793 1 ) 
4 152 651 (-3072 3157.612793 32 ) (-3072 3205.018799 32 ) (-3072 3205.018799 1 ) (-3072 3157.612793 1 ) 
4 152 153 (-2996.998779 3146.998535 1 ) (-3072 3205.018311 1 ) (-3072 3205.019531 32 ) (-2997 3147 32 ) 
3 152 166 (-2944 3106 1 ) (-3072 3157.612793 1 ) (-3072 3205.018799 1 ) 
4 153 651 (-3072 3205.018799 32 ) (-3072 3243.951172 32 ) (-3072 3243.951172 1 ) (-3072 3205.018799 1 ) 
4 153 154 (-3038 3200.001709 1 ) (-3072 3243.951904 1 ) (-3072 3243.951660 32 ) (-3038 3200.001465 32 ) 
3 153 166 (-2997 3147 1 ) (-3072 3205.018799 1 ) (-3072 3243.951172 1 ) 
4 154 651 (-3072 3243.951172 32 ) (-3072 3284.319824 32 ) (-3072 3284.319824 1 ) (-3072 3243.951172 1 ) 
4 154 155 (-3063 3262.003906 1 ) (-3072 3284.322510 1 ) (-3072 3284.324219 32 ) (-3063 3262.005859 32 ) 
3 154 166 (-3038 3200 1 ) (-3072 3243.951172 1 ) (-3072 3284.319824 1 ) 
4 155 651 (-3072 3284.319824 32 ) (-3072 3328 32 ) (-3072 3328 1 ) (-3072 3284.319824 1 ) 
3 155 166 (-3063 3262 1 ) (-3072 3284.319824 1 ) (-3072 3328 1 ) 
4 156 651 (-3072 3328 32 ) (-3072 4096 32 ) (-3072 4096 1 ) (-3072 3328 1 ) 
4 156 157 (-3063 3393.994141 1 ) (-2967.272461 4096 1 ) (-2967.272461 4096 32 ) (-3063 3393.994141 32 ) 
3 156 166 (-3072 4096 1 ) (-2967.272705 4096 1 ) (-3072 3328 1 ) 
4 157 158 (-3038 3456 1 ) (-2816 4006.560059 1 ) (-2816 4006.560059 32 ) (-3038 3456 32 ) 
4 157 166 (-2967.272705 4096 1 ) (-2852.064453 4096 1 ) (-2816 4006.557861 1 ) (-3063 3393.993164 1 ) 
4 158 159 (-2997.001953 3508.998291 1 ) (-2746.133545 3833.291748 1 ) (-2746.133545 3833.291748 32 ) (-2997.001953 3508.998291 32 ) 
3 158 166 (-2816 4006.557861 1 ) (-2746.133301 3833.290527 1 ) (-3037.995605 3456.006104 1 ) 
4 159 160 (-2943.998291 3550 1 ) (-2706.108398 3734.028809 1 ) (-2706.108398 3734.028809 32 ) (-2943.998291 3550 32 ) 
3 159 166 (-2746.133301 3833.290527 1 ) (-2706.108643 3734.029297 1 ) (-2997 3509 1 ) 
4 160 161 (-2881.996338 3575 1 ) (-2675.550293 3658.244629 1 ) (-2675.550293 3658.244629 32 ) (-2881.996338 3575 32 ) 
3 160 166 (-2706.108643 3734.029297 1 ) (-2675.550781 3658.245850 1 ) (-2944 3550 1 ) 
4 161 164 (-2816.001953 3584 1 ) (-2744.546875 3593.743896 1 ) (-2744.546875 3593.743896 32 ) (-2816.001953 3584 32 ) 
4 161 162 (-2744.546875 3593.743896 1 ) (-2654.493164 3606.023926 1 ) (-2654.493164 3606.023926 32 ) (-2744.546875 3593.743896 32 ) 
3 161 166 (-2675.550781 3658.245850 1 ) (-2654.493408 3606.023682 1 ) (-2882 3575 1 ) 
4 162 165 (-2713.966309 3570.085938 1 ) (-2688.002686 3550 1 ) (-2688.002686 3550 32 ) (-2713.966309 3570.085938 32 ) 
4 162 164 (-2744.548828 3593.744141 32 ) (-2744.548828 3593.744141 1 ) (-2713.966309 3570.085938 1 ) (-2713.966309 3570.085938 32 ) 
4 162 163 (-2634.997803 3508.997070 1 ) (-2606.471680 3486.929688 1 ) (-2606.471680 3486.929688 32 ) (-2634.997803 3508.997070 32 ) 
3 162 166 (-2654.493408 3606.023682 1 ) (-2606.472412 3486.931641 1 ) (-2744.546387 3593.743652 1 ) 
3 163 166 (-2606.472412 3486.931641 1 ) (-2594 3456 1 ) (-2635 3509 1 ) 
4 164 165 (-2750.001465 3575 1 ) (-2713.965088 3570.086182 1 ) (-2713.965088 3570.086182 32 ) (-2750.001465 3575 32 ) 
3 164 166 (-2816 3584 1 ) (-2744.546387 3593.743652 1 ) (-2713.964355 3570.085938 1 ) 
3 165 166 (-2750 3575 1 ) (-2713.964355 3570.085938 1 ) (-2687.998535 3550 1 ) 
4 166 651 (-3072 3072 0 ) (-3072 3072 1 ) (-3072 4096 1 ) (-3072 4096 0 ) 
4 166 170 (-3072 3072 1 ) (-3072 3072 0 ) (-2048 3072 0 ) (-2048 3072 1 ) 
4 167 309 (-1195.951294 2048 2560 ) (-1280 2048 2560 ) (-1280 2048 32 ) (-1195.951294 2048 32 ) 
4 167 307 (-1109.612915 2048 2560 ) (-1195.951294 2048 2560 ) (-1195.951294 2048 32 ) (-1109.612793 2048 32 ) 
4 167 306 (-1280 2048 2560 ) (-1323.680420 2048 2560 ) (-1323.680420 2048 32 ) (-1280 2048 32 ) 
4 167 305 (-1323.680420 2048 2560 ) (-1364.048706 2048 2560 ) (-1364.048706 2048 32 ) (-1323.680420 2048 32 ) 
4 167 304 (-1364.048706 2048 2560 ) (-1402.980957 2048 2560 ) (-1402.980957 2048 32 ) (-1364.048706 2048 32 ) 
4 167 303 (-1402.980957 2048 2560 ) (-1450.386963 2048 2560 ) (-1450.386963 2048 32 ) (-1402.980957 2048 32 ) 
4 167 302 (-1450.386963 2048 2560 ) (-1501.090820 2048 2560 ) (-1501.090820 2048 32 ) (-1450.386963 2048 32 ) 
4 167 301 (-1501.090820 2048 2560 ) (-1570.909058 2048 2560 ) (-1570.909058 2048 32 ) (-1501.090820 2048 32 ) 
4 167 300 (-1570.909058 2048 2560 ) (-1656.838623 2048 2560 ) (-1656.838623 2048 32 ) (-1570.909058 2048 32 ) 
4 167 299 (-1656.838623 2048 2560 ) (-1799.056396 2048 2560 ) (-1799.056519 2048 32 ) (-1656.838623 2048 32 ) 
4 167 298 (-1799.056396 2048 2560 ) (-2025.902344 2048 2560 ) (-2025.902344 2048 32 ) (-1799.056519 2048 32 ) 
4 167 297 (-2025.902344 2048 2560 ) (-2048 2048 2560 ) (-2048 2048 32 ) (-2025.902344 2048 32 ) 
4 167 287 (-1024 2048 32 ) (-1024 2048 2560 ) (-1109.612915 2048 2560 ) (-1109.612793 2048 32 ) 
4 167 169 (-2048 3072 2560 ) (-2048 3072 32 ) (-2048 2048 32 ) (-2048 2048 2560 ) 
4 167 168 (-1024 2048 32 ) (-2048 2048 32 ) (-2048 3072 32 ) (-1024 3072 32 ) 
4 168 333 (-1195.951294 2048 32 ) (-1280 2048 32 ) (-1280 2048 1 ) (-1195.951294 2048 1 ) 
4 168 331 (-1109.612915 2048 32 ) (-1195.951294 2048 32 ) (-1195.951294 2048 1 ) (-1109.612793 2048 1 ) 
4 168 330 (-1280 2048 32 ) (-1323.680420 2048 32 ) (-1323.680420 2048 1 ) (-1280 2048 1 ) 
4 168 329 (-1323.680420 2048 32 ) (-1364.048706 2048 32 ) (-1364.048706 2048 1 ) (-1323.680420 2048 1 ) 
4 168 328 (-1364.048706 2048 32 ) (-1402.980957 2048 32 ) (-1402.980957 2048 1 ) (-1364.048706 2048 1 ) 
4 168 327 (-1402.980957 2048 32 ) (-1450.386963 2048 32 ) (-1450.386963 2048 1 ) (-1402.980957 2048 1 ) 
4 168 326 (-1450.386963 2048 32 ) (-1501.090820 2048 32 ) (-1501.090820 2048 1 ) (-1450.386963 2048 1 ) 
4 168 325 (-1501.090820 2048 32 ) (-1570.909058 2048 32 ) (-1570.909058 2048 1 ) (-1501.090820 2048 1 ) 
4 168 324 (-1570.909058 2048 32 ) (-1656.838623 2048 32 ) (-1656.838623 2048 1 ) (-1570.909058 2048 1 ) 
4 168 323 (-1656.838623 2048 32 ) (-1799.056396 2048 32 ) (-1799.056519 2048 1 ) (-1656.838623 2048 1 ) 
4 168 322 (-1799.056396 2048 32 ) (-2025.902344 2048 32 ) (-2025.902344 2048 1 ) (-1799.056519 2048 1 ) 
4 168 321 (-2025.902344 2048 32 ) (-2048 2048 32 ) (-2048 2048 1 ) (-2025.902344 2048 1 ) 
4 168 311 (-1024 2048 1 ) (-1024 2048 32 ) (-1109.612915 2048 32 ) (-1109.612793 2048 1 ) 
4 168 335 (-1024 2048 0 ) (-1024 2048 1 ) (-2048 2048 1 ) (-2048 2048 0 ) 
4 168 170 (-2048 3072 32 ) (-2048 3072 0 ) (-2048 2048 0 ) (-2048 2048 32 ) 
4 169 652 (-3072 2048 32 ) (-3072 2048 2560 ) (-3072 3072 2560 ) (-3072 3072 32 ) 
4 169 358 (-2731.951172 2048 2560 ) (-2816 2048 2560 ) (-2816 2048 32 ) (-2731.951172 2048 32 ) 
4 169 356 (-2645.612793 2048 2560 ) (-2731.951172 2048 2560 ) (-2731.951172 2048 32 ) (-2645.612793 2048 32 ) 
4 169 355 (-2816 2048 2560 ) (-2859.680420 2048 2560 ) (-2859.680420 2048 32 ) (-2816 2048 32 ) 
4 169 354 (-2859.680420 2048 2560 ) (-2900.048584 2048 2560 ) (-2900.048584 2048 32 ) (-2859.680420 2048 32 ) 
4 169 353 (-2900.048584 2048 2560 ) (-2938.981201 2048 2560 ) (-2938.981201 2048 32 ) (-2900.048584 2048 32 ) 
4 169 352 (-2938.981201 2048 2560 ) (-2986.387207 2048 2560 ) (-2986.387207 2048 32 ) (-2938.981201 2048 32 ) 
4 169 351 (-2986.387207 2048 2560 ) (-3037.090820 2048 2560 ) (-3037.090820 2048 32 ) (-2986.387207 2048 32 ) 
4 169 350 (-3037.090820 2048 2560 ) (-3072 2048 2560 ) (-3072 2048 32 ) (-3037.090820 2048 32 ) 
4 169 336 (-2048 2048 32 ) (-2048 2048 2560 ) (-2645.612793 2048 2560 ) (-2645.612793 2048 32 ) 
4 169 170 (-3072 2048 32 ) (-3072 3072 32 ) (-2048 3072 32 ) (-2048 2048 32 ) 
4 170 653 (-3072 2048 0 ) (-3072 2048 32 ) (-3072 3072 32 ) (-3072 3072 0 ) 
4 170 382 (-2731.951172 2048 32 ) (-2816 2048 32 ) (-2816 2048 1 ) (-2731.951172 2048 1 ) 
4 170 380 (-2645.612793 2048 32 ) (-2731.951172 2048 32 ) (-2731.951172 2048 1 ) (-2645.612793 2048 1 ) 
4 170 379 (-2816 2048 32 ) (-2859.680420 2048 32 ) (-2859.680420 2048 1 ) (-2816 2048 1 ) 
4 170 378 (-2859.680420 2048 32 ) (-2900.048584 2048 32 ) (-2900.048584 2048 1 ) (-2859.680420 2048 1 ) 
4 170 377 (-2900.048584 2048 32 ) (-2938.981201 2048 32 ) (-2938.981201 2048 1 ) (-2900.048584 2048 1 ) 
4 170 376 (-2938.981201 2048 32 ) (-2986.387207 2048 32 ) (-2986.387207 2048 1 ) (-2938.981201 2048 1 ) 
4 170 375 (-2986.387207 2048 32 ) (-3037.090820 2048 32 ) (-3037.090820 2048 1 ) (-2986.387207 2048 1 ) 
4 170 374 (-3037.090820 2048 32 ) (-3072 2048 32 ) (-3072 2048 1 ) (-3037.090820 2048 1 ) 
4 170 360 (-2048 2048 1 ) (-2048 2048 32 ) (-2645.612793 2048 32 ) (-2645.612793 2048 1 ) 
4 170 384 (-2048 2048 0 ) (-2048 2048 1 ) (-3072 2048 1 ) (-3072 2048 0 ) 
4 171 181 (1024 2048 2560 ) (1024 2048 32 ) (1024 1024 32 ) (1024 1024 2560 ) 
4 171 173 (1024 1024 2560 ) (1024 1024 32 ) (1536 1024 32 ) (1536 1024 2560 ) 
4 171 172 (1536 1024 32 ) (1024 1024 32 ) (1024 2048 32 ) (1536 2048 32 ) 
4 172 205 (1024 2048 32 ) (1024 2048 1 ) (1024 1024 1 ) (1024 1024 32 ) 
4 172 229 (1024 2048 1 ) (1024 2048 0 ) (1024 1024 0 ) (1024 1024 1 ) 
4 172 174 (1024 1024 32 ) (1024 1024 0 ) (1536 1024 0 ) (1536 1024 32 ) 
4 173 232 (1024 0 32 ) (1024 0 2560 ) (1024 1024 2560 ) (1024 1024 32 ) 
4 173 175 (1024 0 2560 ) (1024 0 32 ) (1536 0 32 ) (1536 0 2560 ) 
4 173 174 (1536 0 32 ) (1024 0 32 ) (1024 1024 32 ) (1536 1024 32 ) 
4 174 256 (1024 0 1 ) (1024 0 32 ) (1024 1024 32 ) (1024 1024 1 ) 
4 174 280 (1024 0 0 ) (1024 0 1 ) (1024 1024 1 ) (1024 1024 0 ) 
4 174 176 (1024 0 32 ) (1024 0 0 ) (1536 0 0 ) (1536 0 32 ) 
4 175 283 (1024 -1024 32 ) (1024 -1024 2560 ) (1024 0 2560 ) (1024 0 32 ) 
4 175 177 (1024 -1024 2560 ) (1024 -1024 32 ) (1536 -1024 32 ) (1536 -1024 2560 ) 
4 175 176 (1536 -1024 32 ) (1024 -1024 32 ) (1024 0 32 ) (1536 0 32 ) 
4 176 284 (1024 -1024 0 ) (1024 -1024 32 ) (1024 0 32 ) (1024 0 0 ) 
4 176 178 (1536 -1024 0 ) (1536 -1024 32 ) (1024 -1024 32 ) (1024 -1024 0 ) 
4 177 487 (1024 -2048 32 ) (1024 -2048 2560 ) (1024 -1024 2560 ) (1024 -1024 32 ) 
4 177 179 (1024 -2048 2560 ) (1024 -2048 32 ) (1536 -2048 32 ) (1536 -2048 2560 ) 
4 177 178 (1536 -2048 32 ) (1024 -2048 32 ) (1024 -1024 32 ) (1536 -1024 32 ) 
4 178 511 (1024 -2048 1 ) (1024 -2048 32 ) (1024 -1024 32 ) (1024 -1024 1 ) 
4 178 535 (1024 -2048 0 ) (1024 -2048 1 ) (1024 -1024 1 ) (1024 -1024 0 ) 
4 178 180 (1024 -2048 32 ) (1024 -2048 0 ) (1536 -2048 0 ) (1536 -2048 32 ) 
4 179 538 (1024 -2048 2560 ) (1024 -2048 32 ) (1024 -2560 32 ) (1024 -2560 2560 ) 
4 179 180 (1024 -2560 32 ) (1024 -2048 32 ) (1536 -2048 32 ) (1536 -2560 32 ) 
4 180 539 (1024 -2560 0 ) (1024 -2560 32 ) (1024 -2048 32 ) (1024 -2048 0 ) 
4 181 232 (1024 1024 32 ) (1024 1024 2560 ) (839.290344 1024 2560 ) (839.290344 1024 32 ) 
4 181 205 (1024 1024 32 ) (839.290344 1024 32 ) (426.387085 2048 32 ) (1024 2048 32 ) 
4 181 202 (465.527039 1950.931763 32 ) (477.998901 1920.001465 32 ) (478.001312 1919.998413 2560 ) (465.528748 1950.930420 2560 ) 
4 181 201 (426.386719 2048 32 ) (465.527039 1950.931763 32 ) (465.528748 1950.930420 2560 ) (426.387787 2048 2560 ) 
4 181 182 (503 1857.998047 32 ) (839.289063 1024 32 ) (839.291016 1024 2560 ) (503 1858.002441 2560 ) 
4 182 232 (839.290344 1024 2560 ) (616.727295 1024 2560 ) (616.727356 1024 32 ) (839.290344 1024 32 ) 
3 182 206 (839.290344 1024 32 ) (616.727295 1024 32 ) (503 1858 32 ) 
4 182 183 (512 1791.998901 32 ) (616.726990 1024 32 ) (616.727539 1024 2560 ) (512 1792 2560 ) 
4 183 232 (616.727295 1024 2560 ) (407.272736 1024 2560 ) (407.272736 1024 32 ) (616.727356 1024 32 ) 
3 183 207 (616.727295 1024 32 ) (407.272736 1024 32 ) (512 1792 32 ) 
4 183 184 (503.001160 1726.003052 32 ) (407.273499 1024 32 ) (407.272461 1024 2560 ) (503.001068 1726.002686 2560 ) 
4 184 232 (407.272736 1024 2560 ) (219.935425 1024 2560 ) (219.935425 1024 32 ) (407.272736 1024 32 ) 
3 184 208 (407.272736 1024 32 ) (219.935425 1024 32 ) (503 1726 32 ) 
4 184 185 (477.998779 1663.998413 32 ) (219.934906 1024 32 ) (219.934662 1024 2560 ) (477.998627 1663.998047 2560 ) 
4 185 247 (219.935425 1024 2560 ) (104.727280 1024 2560 ) (104.727272 1024 32 ) (219.935425 1024 32 ) 
4 185 246 (104.727280 1024 2560 ) (0 1024 2560 ) (0 1024 32 ) (104.727272 1024 32 ) 
4 185 230 (0 1046.097534 32 ) (0 1024 32 ) (0 1024 2560 ) (0 1046.097534 2560 ) 
4 185 209 (219.935425 1024 32 ) (0 1024 32 ) (0 1046.097534 32 ) (478 1664 32 ) 
4 185 186 (437.006592 1611.005127 32 ) (0 1046.094238 32 ) (0 1046.096680 2560 ) (437.005951 1611.004639 2560 ) 
4 186 230 (0 1272.943359 32 ) (0 1046.097534 32 ) (0 1046.097534 2560 ) (0 1272.943359 2560 ) 
3 186 210 (0 1046.097534 32 ) (0 1272.943359 32 ) (437 1611 32 ) 
4 186 187 (383.989532 1569.995850 32 ) (0 1272.947266 32 ) (0 1272.945313 2560 ) (383.990173 1569.996094 2560 ) 
4 187 230 (0 1415.161133 32 ) (0 1272.943359 32 ) (0 1272.943359 2560 ) (0 1415.161133 2560 ) 
3 187 211 (0 1272.943359 32 ) (0 1415.161133 32 ) (384 1570 32 ) 
4 187 188 (322 1545 32 ) (0 1415.161255 32 ) (0 1415.160156 2560 ) (322 1545 2560 ) 
4 188 230 (0 1501.090942 32 ) (0 1415.161133 32 ) (0 1415.161133 2560 ) (0 1501.090942 2560 ) 
3 188 212 (0 1415.161133 32 ) (0 1501.090942 32 ) (322 1545 32 ) 
4 188 189 (256 1536 32 ) (0 1501.090698 32 ) (0 1501.089844 2560 ) (256.001465 1536 2560 ) 
4 189 230 (0 1570.909180 32 ) (0 1501.090942 32 ) (0 1501.090942 2560 ) (0 1570.909180 2560 ) 
3 189 213 (0 1501.090942 32 ) (0 1570.909180 32 ) (256 1536 32 ) 
4 189 190 (190 1545 32 ) (0 1570.909058 32 ) (0 1570.909058 2560 ) (190 1545 2560 ) 
4 190 230 (0 1621.612793 32 ) (0 1570.909180 32 ) (0 1570.909180 2560 ) (0 1621.612793 2560 ) 
3 190 214 (0 1570.909180 32 ) (0 1621.612793 32 ) (190 1545 32 ) 
4 190 191 (128.002365 1569.998047 32 ) (0 1621.611938 32 ) (0 1621.611328 2560 ) (128.003082 1569.997559 2560 ) 
4 191 230 (0 1669.018799 32 ) (0 1621.612793 32 ) (0 1621.612793 2560 ) (0 1669.018799 2560 ) 
3 191 215 (0 1621.612793 32 ) (0 1669.018799 32 ) (128 1570 32 ) 
4 191 192 (74.996910 1611.004028 32 ) (0 1669.020508 32 ) (0 1669.020264 2560 ) (74.996803 1611.004028 2560 ) 
4 192 230 (0 1707.951172 32 ) (0 1669.018799 32 ) (0 1669.018799 2560 ) (0 1707.951172 2560 ) 
3 192 216 (0 1669.018799 32 ) (0 1707.951172 32 ) (75 1611 32 ) 
4 192 193 (34.001698 1663.995850 32 ) (0 1707.949219 32 ) (0 1707.949219 2560 ) (34.001698 1663.995850 2560 ) 
4 193 230 (0 1748.320068 32 ) (0 1707.951172 32 ) (0 1707.951172 2560 ) (0 1748.320068 2560 ) 
3 193 217 (0 1707.951172 32 ) (0 1748.320068 32 ) (34 1664 32 ) 
4 193 194 (9 1726.002930 32 ) (0 1748.321899 32 ) (0 1748.323120 2560 ) (9 1726.004272 2560 ) 
4 194 230 (0 1792 32 ) (0 1748.320068 32 ) (0 1748.320068 2560 ) (0 1792 2560 ) 
3 194 218 (0 1748.320068 32 ) (0 1792 32 ) (9 1726 32 ) 
4 195 230 (0 2048 2560 ) (0 2048 32 ) (0 1792 32 ) (0 1792 2560 ) 
3 195 219 (0 1792 32 ) (0 2048 32 ) (34.909096 2048 32 ) 
4 195 196 (9.001145 1858.002808 32 ) (34.909859 2048 32 ) (34.909843 2048 2560 ) (9.001131 1858.002808 2560 ) 
3 196 220 (9 1858 32 ) (34.909096 2048 32 ) (85.612877 2048 32 ) 
4 196 197 (34.002808 1920.003540 32 ) (85.614197 2048 32 ) (85.614182 2048 2560 ) (34.002937 1920.003906 2560 ) 
3 197 221 (34 1920 32 ) (85.612877 2048 32 ) (133.018875 2048 32 ) 
4 197 198 (74.997490 1972.998047 32 ) (133.017914 2048 32 ) (133.017838 2048 2560 ) (74.997292 1972.997925 2560 ) 
3 198 222 (75 1973 32 ) (133.018875 2048 32 ) (171.951263 2048 32 ) 
4 198 199 (128.009384 2014.004761 32 ) (171.954437 2048 32 ) (171.954498 2048 2560 ) (128.009460 2014.004761 2560 ) 
3 199 223 (128.002960 2014.002197 32 ) (171.951263 2048 32 ) (212.317551 2048 32 ) 
4 199 200 (190 2039 32 ) (212.320618 2048 32 ) (212.320572 2048 2560 ) (190 2039 2560 ) 
3 200 224 (189.996231 2039 32 ) (212.317551 2048 32 ) (256 2048 32 ) 
3 201 225 (340.048615 2048 32 ) (426.387085 2048 32 ) (465.527740 1950.931152 32 ) 
4 201 204 (358.031494 2034.086548 32 ) (383.993500 2014.002686 32 ) (383.993591 2014.002808 2560 ) (358.031891 2034.086304 2560 ) 
4 201 203 (340.045898 2048 32 ) (358.031494 2034.086548 32 ) (358.031891 2034.086304 2560 ) (340.045959 2048 2560 ) 
4 201 202 (437.004303 1972.994385 32 ) (465.528931 1950.928223 32 ) (465.528900 1950.928345 2560 ) (437.004486 1972.994385 2560 ) 
3 202 226 (437 1973 32 ) (465.527740 1950.931152 32 ) (478 1920 32 ) 
3 203 227 (256 2048 32 ) (340.048615 2048 32 ) (358.034973 2034.086060 32 ) 
4 203 204 (322.001587 2039 32 ) (358.037079 2034.085449 32 ) (358.036987 2034.085449 2560 ) (322.001526 2039 2560 ) 
3 204 228 (322 2039 32 ) (358.034973 2034.086060 32 ) (384 2014 32 ) 
4 205 256 (1024 1024 1 ) (1024 1024 32 ) (839.290344 1024 32 ) (839.290344 1024 1 ) 
4 205 226 (465.526306 1950.932373 1 ) (477.997986 1920.002686 1 ) (478 1920.001343 32 ) (465.527130 1950.931641 32 ) 
4 205 225 (426.386139 2048 1 ) (465.526306 1950.932373 1 ) (465.527130 1950.931641 32 ) (426.386719 2048 32 ) 
4 205 206 (503 1857.996460 1 ) (839.289429 1024 1 ) (839.289673 1024 32 ) (503 1857.998535 32 ) 
4 205 229 (1024 1024 1 ) (839.290344 1024 1 ) (426.387085 2048 1 ) (1024 2048 1 ) 
4 206 256 (839.290344 1024 32 ) (616.727295 1024 32 ) (616.727356 1024 1 ) (839.290344 1024 1 ) 
4 206 207 (512 1791.998901 1 ) (616.726990 1024 1 ) (616.727539 1024 32 ) (512 1792 32 ) 
3 206 229 (839.290344 1024 1 ) (616.727295 1024 1 ) (503 1858 1 ) 
4 207 256 (616.727295 1024 32 ) (407.272736 1024 32 ) (407.272736 1024 1 ) (616.727356 1024 1 ) 
4 207 208 (503.001160 1726.003052 1 ) (407.273499 1024 1 ) (407.273376 1024 32 ) (503.001160 1726.002930 32 ) 
3 207 229 (616.727295 1024 1 ) (407.272736 1024 1 ) (512 1792 1 ) 
4 208 256 (407.272736 1024 32 ) (219.935425 1024 32 ) (219.935425 1024 1 ) (407.272736 1024 1 ) 
4 208 209 (477.998779 1663.998413 1 ) (219.934906 1024 1 ) (219.933594 1024 32 ) (477.998535 1663.998169 32 ) 
3 208 229 (407.272736 1024 1 ) (219.935425 1024 1 ) (503 1726 1 ) 
4 209 271 (219.935425 1024 32 ) (104.727280 1024 32 ) (104.727272 1024 1 ) (219.935425 1024 1 ) 
4 209 270 (104.727280 1024 32 ) (0 1024 32 ) (0 1024 1 ) (104.727272 1024 1 ) 
4 209 231 (0 1046.097534 1 ) (0 1024 1 ) (0 1024 32 ) (0 1046.097534 32 ) 
4 209 210 (437.006561 1611.005127 1 ) (0 1046.094238 1 ) (0 1046.097656 32 ) (437.005981 1611.004639 32 ) 
4 209 229 (219.935425 1024 1 ) (0 1024 1 ) (0 1046.097534 1 ) (478 1664 1 ) 
4 210 231 (0 1272.943359 1 ) (0 1046.097534 1 ) (0 1046.097534 32 ) (0 1272.943359 32 ) 
4 210 211 (383.989532 1569.995850 1 ) (0 1272.947266 1 ) (0 1272.945313 32 ) (383.990173 1569.996094 32 ) 
3 210 229 (0 1046.097534 1 ) (0 1272.943359 1 ) (437 1611 1 ) 
4 211 231 (0 1415.161133 1 ) (0 1272.943359 1 ) (0 1272.943359 32 ) (0 1415.161133 32 ) 
4 211 212 (322 1545 1 ) (0 1415.161255 1 ) (0 1415.160156 32 ) (322 1545 32 ) 
3 211 229 (0 1272.943359 1 ) (0 1415.161133 1 ) (384 1570 1 ) 
4 212 231 (0 1501.090942 1 ) (0 1415.161133 1 ) (0 1415.161133 32 ) (0 1501.090942 32 ) 
4 212 213 (256 1536 1 ) (0 1501.090698 1 ) (0 1501.089844 32 ) (256.001373 1536 32 ) 
3 212 229 (0 1415.161133 1 ) (0 1501.090942 1 ) (322 1545 1 ) 
4 213 231 (0 1570.909180 1 ) (0 1501.090942 1 ) (0 1501.090942 32 ) (0 1570.909180 32 ) 
4 213 214 (190 1545 1 ) (0 1570.909058 1 ) (0 1570.909180 32 ) (190 1545 32 ) 
3 213 229 (0 1501.090942 1 ) (0 1570.909180 1 ) (256 1536 1 ) 
4 214 231 (0 1621.612793 1 ) (0 1570.909180 1 ) (0 1570.909180 32 ) (0 1621.612793 32 ) 
4 214 215 (128.002365 1569.998047 1 ) (0 1621.611938 1 ) (0 1621.611694 32 ) (128.002502 1569.997925 32 ) 
3 214 229 (0 1570.909180 1 ) (0 1621.612793 1 ) (190 1545 1 ) 
4 215 231 (0 1669.018799 1 ) (0 1621.612793 1 ) (0 1621.612793 32 ) (0 1669.018799 32 ) 
4 215 216 (74.996910 1611.004028 1 ) (0 1669.020508 1 ) (0 1669.019531 32 ) (74.997711 1611.003052 32 ) 
3 215 229 (0 1621.612793 1 ) (0 1669.018799 1 ) (128 1570 1 ) 
4 216 231 (0 1707.951172 1 ) (0 1669.018799 1 ) (0 1669.018799 32 ) (0 1707.951172 32 ) 
4 216 217 (34.001698 1663.995850 1 ) (0 1707.949219 1 ) (0 1707.950195 32 ) (34.001247 1663.996948 32 ) 
3 216 229 (0 1669.018799 1 ) (0 1707.951172 1 ) (75 1611 1 ) 
4 217 231 (0 1748.320068 1 ) (0 1707.951172 1 ) (0 1707.951172 32 ) (0 1748.320068 32 ) 
4 217 218 (9 1726.002930 1 ) (0 1748.321899 1 ) (0 1748.320313 32 ) (9 1726.001221 32 ) 
3 217 229 (0 1707.951172 1 ) (0 1748.320068 1 ) (34 1664 1 ) 
4 218 231 (0 1792 1 ) (0 1748.320068 1 ) (0 1748.320068 32 ) (0 1792 32 ) 
3 218 229 (0 1748.320068 1 ) (0 1792 1 ) (9 1726 1 ) 
4 219 231 (0 2048 32 ) (0 2048 1 ) (0 1792 1 ) (0 1792 32 ) 
4 219 220 (9.001145 1858.002808 1 ) (34.909859 2048 1 ) (34.909859 2048 32 ) (9.001144 1858.002808 32 ) 
3 219 229 (0 1792 1 ) (0 2048 1 ) (34.909096 2048 1 ) 
4 220 221 (34.002808 1920.003540 1 ) (85.614197 2048 1 ) (85.614197 2048 32 ) (34.002804 1920.003540 32 ) 
3 220 229 (9 1858 1 ) (34.909096 2048 1 ) (85.612877 2048 1 ) 
4 221 222 (74.997490 1972.998047 1 ) (133.017914 2048 1 ) (133.017899 2048 32 ) (74.997482 1972.998047 32 ) 
3 221 229 (34 1920 1 ) (85.612877 2048 1 ) (133.018875 2048 1 ) 
4 222 223 (128.009399 2014.004761 1 ) (171.954468 2048 1 ) (171.954453 2048 32 ) (128.009399 2014.004761 32 ) 
3 222 229 (75 1973 1 ) (133.018875 2048 1 ) (171.951263 2048 1 ) 
4 223 224 (190 2039 1 ) (212.320618 2048 1 ) (212.320602 2048 32 ) (190 2039 32 ) 
3 223 229 (128.002960 2014.002197 1 ) (171.951263 2048 1 ) (212.317551 2048 1 ) 
3 224 229 (189.996231 2039 1 ) (212.317551 2048 1 ) (256 2048 1 ) 
4 225 228 (358.031464 2034.086548 1 ) (383.993469 2014.002686 1 ) (383.993622 2014.002686 32 ) (358.031494 2034.086548 32 ) 
4 225 227 (340.045868 2048 1 ) (358.031464 2034.086548 1 ) (358.031494 2034.086548 32 ) (340.045868 2048 32 ) 
4 225 226 (437.004272 1972.994385 1 ) (465.528931 1950.928223 1 ) (465.528931 1950.928223 32 ) (437.004272 1972.994507 32 ) 
3 225 229 (340.048615 2048 1 ) (426.387085 2048 1 ) (465.527740 1950.931152 1 ) 
3 226 229 (437 1973 1 ) (465.527740 1950.931152 1 ) (478 1920 1 ) 
4 227 228 (322.001587 2039 1 ) (358.037048 2034.085449 1 ) (358.037048 2034.085449 32 ) (322.001587 2039 32 ) 
3 227 229 (256 2048 1 ) (340.048615 2048 1 ) (358.034973 2034.086060 1 ) 
3 228 229 (322 2039 1 ) (358.034973 2034.086060 1 ) (384 2014 1 ) 
4 229 280 (1024 1024 0 ) (1024 1024 1 ) (0 1024 1 ) (0 1024 0 ) 
4 229 231 (0 2048 1 ) (0 2048 0 ) (0 1024 0 ) (0 1024 1 ) 
4 230 289 (-1024 1792 32 ) (-1024 1024 32 ) (-1024 1024 2560 ) (-1024 1792 2560 ) 
4 230 288 (-1024 1835.680054 32 ) (-1024 1792 32 ) (-1024 1792 2560 ) (-1024 1835.680054 2560 ) 
4 230 287 (-1024 2048 2560 ) (-1024 2048 32 ) (-1024 1835.680054 32 ) (-1024 1835.680054 2560 ) 
4 230 281 (0 1024 32 ) (0 1024 2560 ) (-1024 1024 2560 ) (-1024 1024 32 ) 
4 230 231 (-1024 2048 32 ) (0 2048 32 ) (0 1024 32 ) (-1024 1024 32 ) 
4 231 313 (-1024 1792 1 ) (-1024 1024 1 ) (-1024 1024 32 ) (-1024 1792 32 ) 
4 231 312 (-1024 1835.680054 1 ) (-1024 1792 1 ) (-1024 1792 32 ) (-1024 1835.680054 32 ) 
4 231 311 (-1024 2048 32 ) (-1024 2048 1 ) (-1024 1835.680054 1 ) (-1024 1835.680054 32 ) 
4 231 335 (-1024 2048 1 ) (-1024 2048 0 ) (-1024 1024 0 ) (-1024 1024 1 ) 
4 231 282 (0 1024 0 ) (0 1024 32 ) (-1024 1024 32 ) (-1024 1024 0 ) 
4 232 283 (1024 0 32 ) (1024 0 2560 ) (632.838745 0 2560 ) (632.838745 0 32 ) 
4 232 256 (1024 0 32 ) (632.838745 0 32 ) (219.935486 1024 32 ) (1024 1024 32 ) 
4 232 253 (465.522949 414.935120 32 ) (477.993317 384.008698 32 ) (477.998291 384.002258 2560 ) (465.526459 414.932373 2560 ) 
4 232 252 (417.503448 534.023132 32 ) (465.522949 414.935120 32 ) (465.526459 414.932373 2560 ) (417.505829 534.023560 2560 ) 
4 232 251 (396.446411 586.244507 32 ) (417.503448 534.023132 32 ) (417.505829 534.023560 2560 ) (396.448608 586.245422 2560 ) 
4 232 250 (365.888794 662.027222 32 ) (396.446411 586.244507 32 ) (396.448608 586.245422 2560 ) (365.890808 662.028809 2560 ) 
4 232 249 (325.864227 761.287842 32 ) (365.888794 662.027222 32 ) (365.890808 662.028809 2560 ) (325.866028 761.290222 2560 ) 
4 232 248 (255.998138 934.555298 32 ) (325.864227 761.287842 32 ) (325.866028 761.290222 2560 ) (256 934.558960 2560 ) 
4 232 247 (219.931641 1024 32 ) (255.998138 934.555298 32 ) (256 934.558960 2560 ) (219.934662 1024 2560 ) 
4 232 233 (503.001587 321.988342 32 ) (632.835938 0 32 ) (632.837891 0 2560 ) (503 321.996979 2560 ) 
4 233 283 (632.838745 0 2560 ) (546.909119 0 2560 ) (546.909119 0 32 ) (632.838745 0 32 ) 
3 233 257 (632.838745 0 32 ) (546.909119 0 32 ) (503 322 32 ) 
4 233 234 (512 256.001770 32 ) (546.909607 0 32 ) (546.910156 0 2560 ) (512 256.002258 2560 ) 
4 234 283 (546.909119 0 2560 ) (477.090912 0 2560 ) (477.090912 0 32 ) (546.909119 0 32 ) 
3 234 258 (546.909119 0 32 ) (477.090912 0 32 ) (512 256 32 ) 
4 234 235 (503.001160 190.002899 32 ) (477.091675 0 32 ) (477.091797 0 2560 ) (503.001221 190.003052 2560 ) 
4 235 283 (477.090912 0 2560 ) (426.387085 0 2560 ) (426.387054 0 32 ) (477.090912 0 32 ) 
3 235 259 (477.090912 0 32 ) (426.387085 0 32 ) (503 190 32 ) 
4 235 236 (478 128.001099 32 ) (426.387512 0 32 ) (426.387817 0 2560 ) (478.001129 128.001450 2560 ) 
4 236 283 (426.387085 0 2560 ) (378.981140 0 2560 ) (378.981140 0 32 ) (426.387054 0 32 ) 
3 236 260 (426.387085 0 32 ) (378.981140 0 32 ) (478 128 32 ) 
4 236 237 (437 75 32 ) (378.981140 0 32 ) (378.980469 0 2560 ) (437 75 2560 ) 
4 237 283 (378.981140 0 2560 ) (340.048798 0 2560 ) (340.048798 0 32 ) (378.981140 0 32 ) 
3 237 261 (378.981140 0 32 ) (340.048798 0 32 ) (437 75 32 ) 
4 237 238 (383.992340 33.996914 32 ) (340.045105 0 32 ) (340.044220 0 2560 ) (383.991241 33.996468 2560 ) 
4 238 283 (340.048798 0 2560 ) (299.679993 0 2560 ) (299.680023 0 32 ) (340.048798 0 32 ) 
3 238 262 (340.048798 0 32 ) (299.679993 0 32 ) (384 34 32 ) 
4 238 239 (321.998596 9 32 ) (299.679077 0 32 ) (299.679688 0 2560 ) (322 9 2560 ) 
4 239 283 (299.679993 0 2560 ) (256 0 2560 ) (256 0 32 ) (299.680023 0 32 ) 
3 239 263 (299.679993 0 32 ) (256 0 32 ) (322 9 32 ) 
4 240 283 (256 0 2560 ) (0 0 2560 ) (0 0 32 ) (256 0 32 ) 
4 240 281 (0 0 32 ) (0 0 2560 ) (0 34.909092 2560 ) (0 34.909119 32 ) 
3 240 264 (256 0 32 ) (0 0 32 ) (0 34.909092 32 ) 
4 240 241 (190.001495 9 32 ) (0 34.908688 32 ) (0 34.908752 2560 ) (190.001465 9 2560 ) 
4 241 281 (0 34.909092 2560 ) (0 85.612900 2560 ) (0 85.612915 32 ) (0 34.909119 32 ) 
3 241 265 (190 9 32 ) (0 34.909092 32 ) (0 85.612900 32 ) 
4 241 242 (127.996262 34.002895 32 ) (0 85.614288 32 ) (0 85.613281 2560 ) (127.997131 34.002220 2560 ) 
4 242 281 (0 85.612900 2560 ) (0 133.018860 2560 ) (0 133.018860 32 ) (0 85.612915 32 ) 
3 242 266 (128 34 32 ) (0 85.612900 32 ) (0 133.018860 32 ) 
4 242 243 (75.005829 74.992477 32 ) (0 133.015854 32 ) (0 133.015991 2560 ) (75.005714 74.992615 2560 ) 
4 243 281 (0 133.018860 2560 ) (0 171.951202 2560 ) (0 171.951294 32 ) (0 133.018860 32 ) 
3 243 267 (75 75 32 ) (0 133.018860 32 ) (0 171.951202 32 ) 
4 243 244 (34 127.997604 32 ) (0 171.950073 32 ) (0 171.949219 2560 ) (34.001339 127.996674 2560 ) 
4 244 281 (0 171.951202 2560 ) (0 212.319992 2560 ) (0 212.320007 32 ) (0 171.951294 32 ) 
3 244 268 (34 128 32 ) (0 171.951202 32 ) (0 212.319992 32 ) 
4 244 245 (9 190.004364 32 ) (0 212.322876 32 ) (0 212.322998 2560 ) (9 190.004517 2560 ) 
4 245 281 (0 212.319992 2560 ) (0 256 2560 ) (0 256 32 ) (0 212.320007 32 ) 
3 245 269 (9 190 32 ) (0 212.319992 32 ) (0 256 32 ) 
4 246 281 (0 256 2560 ) (0 1024 2560 ) (0 1024 32 ) (0 256 32 ) 
3 246 270 (0 256 32 ) (0 1024 32 ) (104.727280 1024 32 ) 
4 246 247 (9 322.001495 32 ) (104.727623 1024 32 ) (104.727631 1024 2560 ) (9 322.001465 2560 ) 
4 247 271 (9 322 32 ) (104.727280 1024 32 ) (219.935486 1024 32 ) (256 934.559998 32 ) 
4 247 248 (34 384 32 ) (256 934.559753 32 ) (256 934.559753 2560 ) (34 384 2560 ) 
3 248 272 (34 384 32 ) (256 934.559998 32 ) (325.866577 761.290894 32 ) 
4 248 249 (75.005455 437.004211 32 ) (325.867401 761.288818 32 ) (325.867401 761.288818 2560 ) (75.005463 437.004242 2560 ) 
3 249 273 (75 437 32 ) (325.866577 761.290894 32 ) (365.891449 662.029236 32 ) 
4 249 250 (127.996994 477.998779 32 ) (365.891113 662.030029 32 ) (365.891113 662.029968 2560 ) (127.997223 477.998901 2560 ) 
3 250 274 (128 478 32 ) (365.891449 662.029236 32 ) (396.449341 586.245667 32 ) 
4 250 251 (190 503 32 ) (396.449402 586.245483 32 ) (396.449402 586.245483 2560 ) (190 503 2560 ) 
3 251 275 (190 503 32 ) (396.449341 586.245667 32 ) (417.506622 534.023621 32 ) 
4 251 254 (256 512 32 ) (327.453217 521.743774 32 ) (327.453186 521.743774 2560 ) (256 512 2560 ) 
4 251 252 (327.453217 521.743774 32 ) (417.506531 534.023804 32 ) (417.506531 534.023804 2560 ) (327.453186 521.743774 2560 ) 
3 252 276 (327.453430 521.743652 32 ) (417.506622 534.023621 32 ) (465.527649 414.931519 32 ) 
4 252 255 (358.036438 498.085938 32 ) (384.002502 477.998962 32 ) (384.002625 477.998932 2560 ) (358.036499 498.085938 2560 ) 
4 252 254 (327.458893 521.740295 2560 ) (327.458954 521.740234 32 ) (358.036438 498.085938 32 ) (358.036499 498.085938 2560 ) 
4 252 253 (436.998322 437.002197 32 ) (465.527069 414.932800 32 ) (465.527069 414.932831 2560 ) (436.998352 437.002228 2560 ) 
3 253 277 (437 437 32 ) (465.527649 414.931519 32 ) (478 384 32 ) 
3 254 278 (256 512 32 ) (327.453430 521.743652 32 ) (358.035095 498.086121 32 ) 
4 254 255 (322 503 32 ) (358.037201 498.085907 32 ) (358.037140 498.085907 2560 ) (322 503 2560 ) 
3 255 279 (322 503 32 ) (358.035095 498.086121 32 ) (384 478 32 ) 
4 256 284 (1024 0 1 ) (1024 0 32 ) (632.838745 0 32 ) (632.838745 0 1 ) 
4 256 277 (465.526184 414.932587 1 ) (477.997833 384.002869 1 ) (477.997986 384.002655 32 ) (465.526276 414.932526 32 ) 
4 256 276 (417.505676 534.023499 1 ) (465.526184 414.932587 1 ) (465.526276 414.932526 32 ) (417.505707 534.023499 32 ) 
4 256 275 (396.448456 586.245361 1 ) (417.505676 534.023499 1 ) (417.505707 534.023499 32 ) (396.448486 586.245361 32 ) 
4 256 274 (365.890656 662.028687 1 ) (396.448456 586.245361 1 ) (396.448486 586.245361 32 ) (365.890717 662.028687 32 ) 
4 256 273 (325.865906 761.290100 1 ) (365.890656 662.028687 1 ) (365.890717 662.028687 32 ) (325.865936 761.290161 32 ) 
4 256 272 (256 934.558777 1 ) (325.865906 761.290100 1 ) (325.865936 761.290161 32 ) (256 934.558777 32 ) 
4 256 271 (219.934494 1024 1 ) (256 934.558777 1 ) (256 934.558777 32 ) (219.934509 1024 32 ) 
4 256 257 (503 321.996338 1 ) (632.837708 0 1 ) (632.837830 0 32 ) (503 321.996643 32 ) 
4 256 280 (1024 0 1 ) (632.838745 0 1 ) (219.935486 1024 1 ) (1024 1024 1 ) 
4 257 284 (632.838745 0 32 ) (546.909119 0 32 ) (546.909119 0 1 ) (632.838745 0 1 ) 
4 257 258 (512 256.001770 1 ) (546.909607 0 1 ) (546.909180 0 32 ) (512 256.001434 32 ) 
3 257 280 (632.838745 0 1 ) (546.909119 0 1 ) (503 322 1 ) 
4 258 284 (546.909119 0 32 ) (477.090912 0 32 ) (477.090912 0 1 ) (546.909119 0 1 ) 
4 258 259 (503.001160 190.002899 1 ) (477.091675 0 1 ) (477.091614 0 32 ) (503.001129 190.002823 32 ) 
3 258 280 (546.909119 0 1 ) (477.090912 0 1 ) (512 256 1 ) 
4 259 284 (477.090912 0 32 ) (426.387085 0 32 ) (426.387054 0 1 ) (477.090912 0 1 ) 
4 259 260 (478 128.001099 1 ) (426.387512 0 1 ) (426.386719 0 32 ) (478 128 32 ) 
3 259 280 (477.090912 0 1 ) (426.387085 0 1 ) (503 190 1 ) 
4 260 284 (426.387085 0 32 ) (378.981140 0 32 ) (378.981140 0 1 ) (426.387054 0 1 ) 
4 260 261 (437 75 1 ) (378.981140 0 1 ) (378.981110 0 32 ) (437 75 32 ) 
3 260 280 (426.387085 0 1 ) (378.981140 0 1 ) (478 128 1 ) 
4 261 284 (378.981140 0 32 ) (340.048798 0 32 ) (340.048798 0 1 ) (378.981140 0 1 ) 
4 261 262 (383.992340 33.996914 1 ) (340.045105 0 1 ) (340.046875 0 32 ) (383.994354 33.997734 32 ) 
3 261 280 (378.981140 0 1 ) (340.048798 0 1 ) (437 75 1 ) 
4 262 284 (340.048798 0 32 ) (299.679993 0 32 ) (299.680023 0 1 ) (340.048798 0 1 ) 
4 262 263 (321.998596 9 1 ) (299.679077 0 1 ) (299.678802 0 32 ) (321.998291 9 32 ) 
3 262 280 (340.048798 0 1 ) (299.679993 0 1 ) (384 34 1 ) 
4 263 284 (299.679993 0 32 ) (256 0 32 ) (256 0 1 ) (299.680023 0 1 ) 
3 263 280 (299.679993 0 1 ) (256 0 1 ) (322 9 1 ) 
4 264 284 (256 0 32 ) (0 0 32 ) (0 0 1 ) (256 0 1 ) 
4 264 282 (0 0 1 ) (0 0 32 ) (0 34.909092 32 ) (0 34.909119 1 ) 
4 264 265 (190.001495 9 1 ) (0 34.908688 1 ) (0 34.909180 32 ) (190.001022 9 32 ) 
3 264 280 (256 0 1 ) (0 0 1 ) (0 34.909092 1 ) 
4 265 282 (0 34.909092 32 ) (0 85.612900 32 ) (0 85.612915 1 ) (0 34.909119 1 ) 
4 265 266 (127.996262 34.002895 1 ) (0 85.614288 1 ) (0 85.614441 32 ) (127.996124 34.002998 32 ) 
3 265 280 (190 9 1 ) (0 34.909092 1 ) (0 85.612900 1 ) 
4 266 282 (0 85.612900 32 ) (0 133.018860 32 ) (0 133.018860 1 ) (0 85.612915 1 ) 
4 266 267 (75.005814 74.992493 1 ) (0 133.015869 1 ) (0 133.015625 32 ) (75.006004 74.992241 32 ) 
3 266 280 (128 34 1 ) (0 85.612900 1 ) (0 133.018860 1 ) 
4 267 282 (0 133.018860 32 ) (0 171.951202 32 ) (0 171.951294 1 ) (0 133.018860 1 ) 
4 267 268 (34 127.997604 1 ) (0 171.950073 1 ) (0 171.950073 32 ) (34 127.997604 32 ) 
3 267 280 (75 75 1 ) (0 133.018860 1 ) (0 171.951202 1 ) 
4 268 282 (0 171.951202 32 ) (0 212.319992 32 ) (0 212.320007 1 ) (0 171.951294 1 ) 
4 268 269 (9 190.004364 1 ) (0 212.322891 1 ) (0 212.324219 32 ) (9 190.005844 32 ) 
3 268 280 (34 128 1 ) (0 171.951202 1 ) (0 212.319992 1 ) 
4 269 282 (0 212.319992 32 ) (0 256 32 ) (0 256 1 ) (0 212.320007 1 ) 
3 269 280 (9 190 1 ) (0 212.319992 1 ) (0 256 1 ) 
4 270 282 (0 256 32 ) (0 1024 32 ) (0 1024 1 ) (0 256 1 ) 
4 270 271 (9 322.001495 1 ) (104.727623 1024 1 ) (104.727631 1024 32 ) (9 322.001465 32 ) 
3 270 280 (0 256 1 ) (0 1024 1 ) (104.727280 1024 1 ) 
4 271 272 (34 384 1 ) (256 934.559753 1 ) (256 934.559753 32 ) (34 384 32 ) 
4 271 280 (9 322 1 ) (104.727280 1024 1 ) (219.935486 1024 1 ) (256 934.559998 1 ) 
4 272 273 (75.005455 437.004211 1 ) (325.867401 761.288818 1 ) (325.867401 761.288818 32 ) (75.005463 437.004242 32 ) 
3 272 280 (34 384 1 ) (256 934.559998 1 ) (325.866577 761.290894 1 ) 
4 273 274 (127.997101 477.998810 1 ) (365.891113 662.029968 1 ) (365.891113 662.029968 32 ) (127.997101 477.998810 32 ) 
3 273 280 (75 437 1 ) (325.866577 761.290894 1 ) (365.891449 662.029236 1 ) 
4 274 275 (190 503 1 ) (396.449402 586.245483 1 ) (396.449402 586.245483 32 ) (190 503 32 ) 
3 274 280 (128 478 1 ) (365.891449 662.029236 1 ) (396.449341 586.245667 1 ) 
4 275 278 (256 512 1 ) (327.453217 521.743774 1 ) (327.453186 521.743774 32 ) (256 512 32 ) 
4 275 276 (327.453217 521.743774 1 ) (417.506531 534.023804 1 ) (417.506531 534.023804 32 ) (327.453186 521.743774 32 ) 
3 275 280 (190 503 1 ) (396.449341 586.245667 1 ) (417.506622 534.023621 1 ) 
4 276 279 (358.036499 498.085938 1 ) (384.002625 477.998932 1 ) (384.002594 477.998932 32 ) (358.036499 498.085938 32 ) 
4 276 278 (327.458984 521.740234 32 ) (327.458984 521.740234 1 ) (358.036499 498.085938 1 ) (358.036499 498.085938 32 ) 
4 276 277 (436.998352 437.002228 1 ) (465.527069 414.932831 1 ) (465.527069 414.932831 32 ) (436.998322 437.002228 32 ) 
3 276 280 (327.453430 521.743652 1 ) (417.506622 534.023621 1 ) (465.527649 414.931519 1 ) 
3 277 280 (437 437 1 ) (465.527649 414.931519 1 ) (478 384 1 ) 
4 278 279 (322 503 1 ) (358.037201 498.085907 1 ) (358.037201 498.085907 32 ) (322 503 32 ) 
3 278 280 (256 512 1 ) (327.453430 521.743652 1 ) (358.035095 498.086121 1 ) 
3 279 280 (322 503 1 ) (358.035095 498.086121 1 ) (384 478 1 ) 
4 280 284 (1024 0 0 ) (1024 0 1 ) (0 0 1 ) (0 0 0 ) 
4 280 282 (0 0 0 ) (0 0 1 ) (0 1024 1 ) (0 1024 0 ) 
4 281 387 (-1024 0 32 ) (-1024 0 2560 ) (-1024 256 2560 ) (-1024 256 32 ) 
4 281 386 (-1024 256 2560 ) (-1024 299.679932 2560 ) (-1024 299.679932 32 ) (-1024 256 32 ) 
4 281 385 (-1024 299.679932 2560 ) (-1024 1024 2560 ) (-1024 1024 32 ) (-1024 299.679932 32 ) 
4 281 285 (-1024 0 2560 ) (-1024 0 32 ) (0 0 32 ) (0 0 2560 ) 
4 281 282 (-1024 1024 32 ) (0 1024 32 ) (0 0 32 ) (-1024 0 32 ) 
4 282 411 (-1024 0 1 ) (-1024 0 32 ) (-1024 256 32 ) (-1024 256 1 ) 
4 282 410 (-1024 256 32 ) (-1024 299.679932 32 ) (-1024 299.679932 1 ) (-1024 256 1 ) 
4 282 409 (-1024 299.679932 32 ) (-1024 1024 32 ) (-1024 1024 1 ) (-1024 299.679932 1 ) 
4 282 433 (-1024 0 0 ) (-1024 0 1 ) (-1024 1024 1 ) (-1024 1024 0 ) 
4 282 286 (-1024 0 32 ) (-1024 0 0 ) (0 0 0 ) (0 0 32 ) 
4 283 509 (340.048828 -1024 2560 ) (256 -1024 2560 ) (256 -1024 32 ) (340.048828 -1024 32 ) 
4 283 507 (426.387085 -1024 2560 ) (340.048828 -1024 2560 ) (340.048828 -1024 32 ) (426.387085 -1024 32 ) 
4 283 506 (256 -1024 2560 ) (212.319901 -1024 2560 ) (212.319992 -1024 32 ) (256 -1024 32 ) 
4 283 505 (212.319901 -1024 2560 ) (171.951340 -1024 2560 ) (171.951279 -1024 32 ) (212.319992 -1024 32 ) 
4 283 504 (171.951340 -1024 2560 ) (133.018829 -1024 2560 ) (133.018860 -1024 32 ) (171.951279 -1024 32 ) 
4 283 503 (133.018829 -1024 2560 ) (85.612915 -1024 2560 ) (85.612946 -1024 32 ) (133.018860 -1024 32 ) 
4 283 502 (85.612915 -1024 2560 ) (34.909119 -1024 2560 ) (34.909096 -1024 32 ) (85.612946 -1024 32 ) 
4 283 501 (34.909119 -1024 2560 ) (0 -1024 2560 ) (0 -1024 32 ) (34.909096 -1024 32 ) 
4 283 487 (1024 -1024 32 ) (1024 -1024 2560 ) (426.387085 -1024 2560 ) (426.387085 -1024 32 ) 
4 283 285 (0 0 2560 ) (0 0 32 ) (0 -1024 32 ) (0 -1024 2560 ) 
4 283 284 (0 0 32 ) (1024 0 32 ) (1024 -1024 32 ) (0 -1024 32 ) 
4 284 533 (340.048828 -1024 32 ) (256 -1024 32 ) (256 -1024 1 ) (340.048828 -1024 1 ) 
4 284 531 (426.387085 -1024 32 ) (340.048828 -1024 32 ) (340.048828 -1024 1 ) (426.387085 -1024 1 ) 
4 284 530 (256 -1024 32 ) (212.319901 -1024 32 ) (212.319992 -1024 1 ) (256 -1024 1 ) 
4 284 529 (212.319901 -1024 32 ) (171.951340 -1024 32 ) (171.951279 -1024 1 ) (212.319992 -1024 1 ) 
4 284 528 (171.951340 -1024 32 ) (133.018829 -1024 32 ) (133.018860 -1024 1 ) (171.951279 -1024 1 ) 
4 284 527 (133.018829 -1024 32 ) (85.612915 -1024 32 ) (85.612946 -1024 1 ) (133.018860 -1024 1 ) 
4 284 526 (85.612915 -1024 32 ) (34.909119 -1024 32 ) (34.909096 -1024 1 ) (85.612946 -1024 1 ) 
4 284 525 (34.909119 -1024 32 ) (0 -1024 32 ) (0 -1024 1 ) (34.909096 -1024 1 ) 
4 284 511 (1024 -1024 1 ) (1024 -1024 32 ) (426.387085 -1024 32 ) (426.387085 -1024 1 ) 
4 284 535 (1024 -1024 0 ) (1024 -1024 1 ) (0 -1024 1 ) (0 -1024 0 ) 
4 284 286 (0 0 32 ) (0 0 0 ) (0 -1024 0 ) (0 -1024 32 ) 
4 285 536 (0 -1024 32 ) (0 -1024 2560 ) (-1024 -1024 2560 ) (-1024 -1024 32 ) 
4 285 483 (-1024 -1024 32 ) (-1024 -1024 2560 ) (-1024 0 2560 ) (-1024 0 32 ) 
4 285 286 (-1024 -1024 32 ) (-1024 0 32 ) (0 0 32 ) (0 -1024 32 ) 
4 286 537 (0 -1024 0 ) (0 -1024 32 ) (-1024 -1024 32 ) (-1024 -1024 0 ) 
4 286 484 (-1024 -1024 0 ) (-1024 -1024 32 ) (-1024 0 32 ) (-1024 0 0 ) 
3 287 311 (-1109.612793 2048 32 ) (-1024 2048 32 ) (-1024 1835.680054 32 ) 
4 287 308 (-1070.472778 1950.931641 32 ) (-1058 1920 32 ) (-1058.002563 1920.003418 2560 ) (-1070.474121 1950.932739 2560 ) 
4 287 307 (-1109.613281 2048 32 ) (-1070.472778 1950.931641 32 ) (-1070.474121 1950.932739 2560 ) (-1109.614136 2048 2560 ) 
4 287 288 (-1033 1858 32 ) (-1024 1835.679688 32 ) (-1024 1835.676880 2560 ) (-1033 1857.995239 2560 ) 
3 288 312 (-1033 1858 32 ) (-1024 1835.680054 32 ) (-1024 1792 32 ) 
4 289 385 (-1024 1024 32 ) (-1024 1024 2560 ) (-1128.727173 1024 2560 ) (-1128.727173 1024 32 ) 
3 289 313 (-1024 1024 32 ) (-1128.727173 1024 32 ) (-1024 1792 32 ) 
4 289 290 (-1033 1725.998901 32 ) (-1128.727539 1024 32 ) (-1128.727539 1024 2560 ) (-1033 1726 2560 ) 
4 290 385 (-1128.727173 1024 2560 ) (-1316.064453 1024 2560 ) (-1316.064453 1024 32 ) (-1128.727173 1024 32 ) 
3 290 314 (-1128.727173 1024 32 ) (-1316.064453 1024 32 ) (-1033 1726 32 ) 
4 290 291 (-1058.001953 1663.997681 32 ) (-1316.065552 1024 32 ) (-1316.065308 1024 2560 ) (-1058.001953 1663.997681 2560 ) 
4 291 400 (-1316.064453 1024 2560 ) (-1431.272705 1024 2560 ) (-1431.272705 1024 32 ) (-1316.064453 1024 32 ) 
4 291 399 (-1431.272705 1024 2560 ) (-1553.094360 1024 2560 ) (-1553.094360 1024 32 ) (-1431.272705 1024 32 ) 
3 291 315 (-1316.064453 1024 32 ) (-1553.094360 1024 32 ) (-1058 1664 32 ) 
4 291 292 (-1098.998779 1611 32 ) (-1553.093994 1024 32 ) (-1553.093750 1024 2560 ) (-1098.998901 1611 2560 ) 
4 292 399 (-1553.094360 1024 2560 ) (-1640.727295 1024 2560 ) (-1640.727295 1024 32 ) (-1553.094360 1024 32 ) 
4 292 398 (-1640.727295 1024 2560 ) (-1857.804688 1024 2560 ) (-1857.804688 1024 32 ) (-1640.727295 1024 32 ) 
3 292 316 (-1553.094360 1024 32 ) (-1857.804688 1024 32 ) (-1099 1611 32 ) 
4 292 293 (-1151.989502 1570.004272 32 ) (-1857.799805 1024 32 ) (-1857.799072 1024 2560 ) (-1151.989380 1570.004272 2560 ) 
4 293 398 (-1857.804688 1024 2560 ) (-1863.290405 1024 2560 ) (-1863.290405 1024 32 ) (-1857.804688 1024 32 ) 
4 293 397 (-1863.290405 1024 2560 ) (-2048 1024 2560 ) (-2048 1024 32 ) (-1863.290405 1024 32 ) 
4 293 336 (-2048 1208.709717 32 ) (-2048 1024 32 ) (-2048 1024 2560 ) (-2048 1208.709717 2560 ) 
4 293 317 (-1857.804688 1024 32 ) (-2048 1024 32 ) (-2048 1208.709717 32 ) (-1152 1570 32 ) 
4 293 294 (-1214 1545 32 ) (-2048 1208.709717 32 ) (-2048 1208.709229 2560 ) (-1214 1545 2560 ) 
4 294 336 (-2048 1431.272705 32 ) (-2048 1208.709717 32 ) (-2048 1208.709717 2560 ) (-2048 1431.272827 2560 ) 
3 294 318 (-2048 1208.709717 32 ) (-2048 1431.272827 32 ) (-1214 1545 32 ) 
4 294 295 (-1280 1536 32 ) (-2048 1431.272461 32 ) (-2048 1431.272461 2560 ) (-1279.998901 1536 2560 ) 
4 295 336 (-2048 1640.727295 32 ) (-2048 1431.272705 32 ) (-2048 1431.272827 2560 ) (-2048 1640.727173 2560 ) 
3 295 319 (-2048 1431.272827 32 ) (-2048 1640.727173 32 ) (-1280 1536 32 ) 
4 295 296 (-1346.001343 1545 32 ) (-2048 1640.727539 32 ) (-2048 1640.727661 2560 ) (-1346.001221 1545 2560 ) 
4 296 336 (-2048 1828.064453 32 ) (-2048 1640.727295 32 ) (-2048 1640.727173 2560 ) (-2048 1828.064453 2560 ) 
3 296 320 (-2048 1640.727173 32 ) (-2048 1828.064453 32 ) (-1346 1545 32 ) 
4 296 297 (-1408 1570 32 ) (-2048 1828.064697 32 ) (-2048 1828.062500 2560 ) (-1408 1570 2560 ) 
4 297 336 (-2048 2048 2560 ) (-2048 2048 32 ) (-2048 1828.064453 32 ) (-2048 1828.064453 2560 ) 
4 297 321 (-2048 1828.064453 32 ) (-2048 2048 32 ) (-2025.902344 2048 32 ) (-1408 1570 32 ) 
4 297 298 (-1461.005493 1611.007202 32 ) (-2025.898438 2048 32 ) (-2025.898438 2048 2560 ) (-1461.005371 1611.007202 2560 ) 
3 298 322 (-2025.902344 2048 32 ) (-1799.056519 2048 32 ) (-1461 1611 32 ) 
4 298 299 (-1502 1664.002319 32 ) (-1799.055786 2048 32 ) (-1799.058594 2048 2560 ) (-1502 1664.001343 2560 ) 
3 299 323 (-1799.056519 2048 32 ) (-1656.838623 2048 32 ) (-1502 1664 32 ) 
4 299 300 (-1527 1725.997681 32 ) (-1656.839233 2048 32 ) (-1656.837891 2048 2560 ) (-1527 1725.998779 2560 ) 
3 300 324 (-1656.838623 2048 32 ) (-1570.909058 2048 32 ) (-1527 1726 32 ) 
4 300 301 (-1536 1792 32 ) (-1570.908813 2048 32 ) (-1570.908936 2048 2560 ) (-1536 1792.001099 2560 ) 
3 301 325 (-1570.909058 2048 32 ) (-1501.090820 2048 32 ) (-1536 1792 32 ) 
4 301 302 (-1527 1857.998047 32 ) (-1501.091431 2048 32 ) (-1501.091431 2048 2560 ) (-1527 1857.998047 2560 ) 
3 302 326 (-1501.090820 2048 32 ) (-1450.386963 2048 32 ) (-1527 1858 32 ) 
4 302 303 (-1502.001709 1919.997803 32 ) (-1450.387939 2048 32 ) (-1450.387817 2048 2560 ) (-1502.001465 1919.998291 2560 ) 
3 303 327 (-1450.386963 2048 32 ) (-1402.980957 2048 32 ) (-1502 1920 32 ) 
4 303 304 (-1461.001343 1972.998901 32 ) (-1402.981567 2048 32 ) (-1402.981567 2048 2560 ) (-1461.001221 1972.998901 2560 ) 
3 304 328 (-1402.980957 2048 32 ) (-1364.048706 2048 32 ) (-1461 1973 32 ) 
4 304 305 (-1408.004761 2013.998291 32 ) (-1364.051270 2048 32 ) (-1364.051270 2048 2560 ) (-1408.004761 2013.998169 2560 ) 
3 305 329 (-1364.048706 2048 32 ) (-1323.680420 2048 32 ) (-1408 2014 32 ) 
4 305 306 (-1345.997437 2039 32 ) (-1323.678101 2048 32 ) (-1323.677979 2048 2560 ) (-1345.997314 2039 2560 ) 
3 306 330 (-1323.680420 2048 32 ) (-1280 2048 32 ) (-1346 2039 32 ) 
3 307 331 (-1195.951294 2048 32 ) (-1109.612793 2048 32 ) (-1070.472290 1950.931274 32 ) 
4 307 310 (-1177.962036 2034.085693 32 ) (-1151.994995 2013.998047 32 ) (-1151.995117 2013.998047 2560 ) (-1177.962158 2034.085693 2560 ) 
4 307 309 (-1195.948853 2048 32 ) (-1177.962036 2034.085693 32 ) (-1177.962158 2034.085693 2560 ) (-1195.948975 2048 2560 ) 
4 307 308 (-1099.003418 1973.004517 32 ) (-1070.473389 1950.934082 32 ) (-1070.473389 1950.934082 2560 ) (-1099.003418 1973.004517 2560 ) 
3 308 332 (-1099 1973 32 ) (-1070.472290 1950.931274 32 ) (-1058 1920 32 ) 
3 309 333 (-1280 2048 32 ) (-1195.951294 2048 32 ) (-1177.965088 2034.086182 32 ) 
4 309 310 (-1214.001709 2039 32 ) (-1177.965210 2034.086670 32 ) (-1177.965210 2034.086670 2560 ) (-1214.001709 2039 2560 ) 
3 310 334 (-1214 2039 32 ) (-1177.965088 2034.086182 32 ) (-1152 2014 32 ) 
4 311 332 (-1070.472778 1950.931763 1 ) (-1058 1920 1 ) (-1057.996826 1919.995972 32 ) (-1070.470093 1950.929688 32 ) 
4 311 331 (-1109.613159 2048 1 ) (-1070.472778 1950.931763 1 ) (-1070.470093 1950.929688 32 ) (-1109.611328 2048 32 ) 
4 311 312 (-1033 1858 1 ) (-1024 1835.679321 1 ) (-1024 1835.683594 32 ) (-1033 1858.005493 32 ) 
3 311 335 (-1109.612793 2048 1 ) (-1024 2048 1 ) (-1024 1835.680054 1 ) 
3 312 335 (-1033 1858 1 ) (-1024 1835.680054 1 ) (-1024 1792 1 ) 
4 313 409 (-1024 1024 1 ) (-1024 1024 32 ) (-1128.727173 1024 32 ) (-1128.727173 1024 1 ) 
4 313 314 (-1033 1725.998901 1 ) (-1128.727539 1024 1 ) (-1128.727539 1024 32 ) (-1033 1726 32 ) 
3 313 335 (-1024 1024 1 ) (-1128.727173 1024 1 ) (-1024 1792 1 ) 
4 314 409 (-1128.727173 1024 32 ) (-1316.064453 1024 32 ) (-1316.064453 1024 1 ) (-1128.727173 1024 1 ) 
4 314 315 (-1058.001953 1663.997681 1 ) (-1316.065552 1024 1 ) (-1316.064453 1024 32 ) (-1058.001709 1663.997925 32 ) 
3 314 335 (-1128.727173 1024 1 ) (-1316.064453 1024 1 ) (-1033 1726 1 ) 
4 315 424 (-1316.064453 1024 32 ) (-1431.272705 1024 32 ) (-1431.272705 1024 1 ) (-1316.064453 1024 1 ) 
4 315 423 (-1431.272705 1024 32 ) (-1553.094360 1024 32 ) (-1553.094360 1024 1 ) (-1431.272705 1024 1 ) 
4 315 316 (-1098.998779 1611 1 ) (-1553.093872 1024 1 ) (-1553.093506 1024 32 ) (-1098.998657 1611.001099 32 ) 
3 315 335 (-1316.064453 1024 1 ) (-1553.094360 1024 1 ) (-1058 1664 1 ) 
4 316 423 (-1553.094360 1024 32 ) (-1640.727295 1024 32 ) (-1640.727295 1024 1 ) (-1553.094360 1024 1 ) 
4 316 422 (-1640.727295 1024 32 ) (-1857.804688 1024 32 ) (-1857.804688 1024 1 ) (-1640.727295 1024 1 ) 
4 316 317 (-1151.989502 1570.004272 1 ) (-1857.799805 1024 1 ) (-1857.800781 1024 32 ) (-1151.989624 1570.004150 32 ) 
3 316 335 (-1553.094360 1024 1 ) (-1857.804688 1024 1 ) (-1099 1611 1 ) 
4 317 422 (-1857.804688 1024 32 ) (-1863.290405 1024 32 ) (-1863.290405 1024 1 ) (-1857.804688 1024 1 ) 
4 317 421 (-1863.290405 1024 32 ) (-2048 1024 32 ) (-2048 1024 1 ) (-1863.290405 1024 1 ) 
4 317 360 (-2048 1208.709717 1 ) (-2048 1024 1 ) (-2048 1024 32 ) (-2048 1208.709717 32 ) 
4 317 318 (-1214 1545 1 ) (-2048 1208.709717 1 ) (-2048 1208.708984 32 ) (-1214 1545 32 ) 
4 317 335 (-1857.804688 1024 1 ) (-2048 1024 1 ) (-2048 1208.709717 1 ) (-1152 1570 1 ) 
4 318 360 (-2048 1431.272705 1 ) (-2048 1208.709717 1 ) (-2048 1208.709717 32 ) (-2048 1431.272827 32 ) 
4 318 319 (-1280 1536 1 ) (-2048 1431.272461 1 ) (-2048 1431.272461 32 ) (-1280 1536 32 ) 
3 318 335 (-2048 1208.709717 1 ) (-2048 1431.272827 1 ) (-1214 1545 1 ) 
4 319 360 (-2048 1640.727295 1 ) (-2048 1431.272705 1 ) (-2048 1431.272827 32 ) (-2048 1640.727173 32 ) 
4 319 320 (-1346.001343 1545 1 ) (-2048 1640.727539 1 ) (-2048 1640.727539 32 ) (-1346.001465 1545 32 ) 
3 319 335 (-2048 1431.272827 1 ) (-2048 1640.727173 1 ) (-1280 1536 1 ) 
4 320 360 (-2048 1828.064453 1 ) (-2048 1640.727295 1 ) (-2048 1640.727173 32 ) (-2048 1828.064453 32 ) 
4 320 321 (-1408 1570 1 ) (-2048 1828.064697 1 ) (-2048 1828.065186 32 ) (-1408 1570 32 ) 
3 320 335 (-2048 1640.727173 1 ) (-2048 1828.064453 1 ) (-1346 1545 1 ) 
4 321 360 (-2048 2048 32 ) (-2048 2048 1 ) (-2048 1828.064453 1 ) (-2048 1828.064453 32 ) 
4 321 322 (-1461.005493 1611.007202 1 ) (-2025.898438 2048 1 ) (-2025.898193 2048 32 ) (-1461.005493 1611.007324 32 ) 
4 321 335 (-2048 1828.064453 1 ) (-2048 2048 1 ) (-2025.902344 2048 1 ) (-1408 1570 1 ) 
4 322 323 (-1502 1664.002319 1 ) (-1799.055786 2048 1 ) (-1799.058594 2048 32 ) (-1502 1664.001343 32 ) 
3 322 335 (-2025.902344 2048 1 ) (-1799.056519 2048 1 ) (-1461 1611 1 ) 
4 323 324 (-1527 1725.997681 1 ) (-1656.839233 2048 1 ) (-1656.837891 2048 32 ) (-1527 1725.998657 32 ) 
3 323 335 (-1799.056519 2048 1 ) (-1656.838623 2048 1 ) (-1502 1664 1 ) 
4 324 325 (-1536 1792 1 ) (-1570.908813 2048 1 ) (-1570.908813 2048 32 ) (-1536 1792 32 ) 
3 324 335 (-1656.838623 2048 1 ) (-1570.909058 2048 1 ) (-1527 1726 1 ) 
4 325 326 (-1527 1857.998047 1 ) (-1501.091431 2048 1 ) (-1501.091431 2048 32 ) (-1527 1857.998047 32 ) 
3 325 335 (-1570.909058 2048 1 ) (-1501.090820 2048 1 ) (-1536 1792 1 ) 
4 326 327 (-1502.001709 1919.997803 1 ) (-1450.387939 2048 1 ) (-1450.387939 2048 32 ) (-1502.001709 1919.997803 32 ) 
3 326 335 (-1501.090820 2048 1 ) (-1450.386963 2048 1 ) (-1527 1858 1 ) 
4 327 328 (-1461.001343 1972.998901 1 ) (-1402.981567 2048 1 ) (-1402.981567 2048 32 ) (-1461.001343 1972.998901 32 ) 
3 327 335 (-1450.386963 2048 1 ) (-1402.980957 2048 1 ) (-1502 1920 1 ) 
4 328 329 (-1408.004761 2013.998291 1 ) (-1364.051270 2048 1 ) (-1364.051270 2048 32 ) (-1408.004761 2013.998291 32 ) 
3 328 335 (-1402.980957 2048 1 ) (-1364.048706 2048 1 ) (-1461 1973 1 ) 
4 329 330 (-1345.997437 2039 1 ) (-1323.678101 2048 1 ) (-1323.678101 2048 32 ) (-1345.997437 2039 32 ) 
3 329 335 (-1364.048706 2048 1 ) (-1323.680420 2048 1 ) (-1408 2014 1 ) 
3 330 335 (-1323.680420 2048 1 ) (-1280 2048 1 ) (-1346 2039 1 ) 
4 331 334 (-1177.962036 2034.085693 1 ) (-1151.994995 2013.998047 1 ) (-1151.994995 2013.998047 32 ) (-1177.962036 2034.085693 32 ) 
4 331 333 (-1195.948853 2048 1 ) (-1177.962036 2034.085693 1 ) (-1177.962036 2034.085693 32 ) (-1195.948853 2048 32 ) 
4 331 332 (-1099.003418 1973.004517 1 ) (-1070.473389 1950.934082 1 ) (-1070.473389 1950.934082 32 ) (-1099.003418 1973.004517 32 ) 
3 331 335 (-1195.951294 2048 1 ) (-1109.612793 2048 1 ) (-1070.472290 1950.931274 1 ) 
3 332 335 (-1099 1973 1 ) (-1070.472290 1950.931274 1 ) (-1058 1920 1 ) 
4 333 334 (-1214.001709 2039 1 ) (-1177.965210 2034.086670 1 ) (-1177.965210 2034.086670 32 ) (-1214.001709 2039 32 ) 
3 333 335 (-1280 2048 1 ) (-1195.951294 2048 1 ) (-1177.965088 2034.086182 1 ) 
3 334 335 (-1214 2039 1 ) (-1177.965088 2034.086182 1 ) (-1152 2014 1 ) 
4 335 433 (-1024 1024 0 ) (-1024 1024 1 ) (-2048 1024 1 ) (-2048 1024 0 ) 
4 335 384 (-2048 2048 1 ) (-2048 2048 0 ) (-2048 1024 0 ) (-2048 1024 1 ) 
4 336 434 (-2048 1024 32 ) (-2048 1024 2560 ) (-2232.709473 1024 2560 ) (-2232.709473 1024 32 ) 
4 336 360 (-2048 2048 32 ) (-2048 1024 32 ) (-2232.709473 1024 32 ) (-2645.612793 2048 32 ) 
4 336 357 (-2606.476563 1950.934692 32 ) (-2594.006104 1920.008057 32 ) (-2594.005127 1920.006714 2560 ) (-2606.476074 1950.934326 2560 ) 
4 336 356 (-2645.615723 2048 32 ) (-2606.476563 1950.934692 32 ) (-2606.476074 1950.934326 2560 ) (-2645.615479 2048 2560 ) 
4 336 337 (-2568.998535 1857.989014 32 ) (-2232.712891 1024 32 ) (-2232.712158 1024 2560 ) (-2568.998535 1857.990356 2560 ) 
4 337 434 (-2232.709473 1024 2560 ) (-2455.272705 1024 2560 ) (-2455.272705 1024 32 ) (-2232.709473 1024 32 ) 
3 337 361 (-2232.709473 1024 32 ) (-2455.272705 1024 32 ) (-2569 1858 32 ) 
4 337 338 (-2560 1792.001831 32 ) (-2455.272461 1024 32 ) (-2455.272461 1024 2560 ) (-2560 1792.001709 2560 ) 
4 338 434 (-2455.272705 1024 2560 ) (-2664.727295 1024 2560 ) (-2664.727295 1024 32 ) (-2455.272705 1024 32 ) 
3 338 362 (-2455.272705 1024 32 ) (-2664.727295 1024 32 ) (-2560 1792.001221 32 ) 
4 338 339 (-2569 1726 32 ) (-2664.727295 1024 32 ) (-2664.727539 1024 2560 ) (-2569 1726 2560 ) 
4 339 434 (-2664.727295 1024 2560 ) (-2852.064453 1024 2560 ) (-2852.064453 1024 32 ) (-2664.727295 1024 32 ) 
3 339 363 (-2664.727295 1024 32 ) (-2852.064453 1024 32 ) (-2569 1726 32 ) 
4 339 340 (-2593.996826 1664.004272 32 ) (-2852.063232 1024 32 ) (-2852.063477 1024 2560 ) (-2593.997070 1664.004150 2560 ) 
4 340 821 (-3072 1024 32 ) (-3072 1024 2560 ) (-3072 1046.097778 2560 ) (-3072 1046.097656 32 ) 
4 340 449 (-2852.064453 1024 2560 ) (-2967.272461 1024 2560 ) (-2967.272461 1024 32 ) (-2852.064453 1024 32 ) 
4 340 448 (-2967.272461 1024 2560 ) (-3072 1024 2560 ) (-3072 1024 32 ) (-2967.272461 1024 32 ) 
4 340 364 (-2852.064453 1024 32 ) (-3072 1024 32 ) (-3072 1046.097778 32 ) (-2594 1664 32 ) 
4 340 341 (-2635.002197 1610.998291 32 ) (-3072 1046.098633 32 ) (-3072 1046.101685 2560 ) (-2635.002686 1610.997803 2560 ) 
4 341 821 (-3072 1046.097778 2560 ) (-3072 1272.943359 2560 ) (-3072 1272.943237 32 ) (-3072 1046.097656 32 ) 
3 341 365 (-3072 1046.097778 32 ) (-3072 1272.943359 32 ) (-2635 1611 32 ) 
4 341 342 (-2688.010010 1569.995850 32 ) (-3072 1272.947021 32 ) (-3072 1272.945313 2560 ) (-2688.009766 1569.996094 2560 ) 
4 342 821 (-3072 1272.943359 2560 ) (-3072 1415.161133 2560 ) (-3072 1415.161133 32 ) (-3072 1272.943237 32 ) 
3 342 366 (-3072 1272.943359 32 ) (-3072 1415.161133 32 ) (-2688 1570 32 ) 
4 342 343 (-2749.995850 1545 32 ) (-3072 1415.160278 32 ) (-3072 1415.160156 2560 ) (-2749.995850 1545 2560 ) 
4 343 821 (-3072 1415.161133 2560 ) (-3072 1501.091064 2560 ) (-3072 1501.091064 32 ) (-3072 1415.161133 32 ) 
3 343 367 (-3072 1415.161133 32 ) (-3072 1501.091064 32 ) (-2750 1545 32 ) 
4 343 344 (-2815.998779 1536 32 ) (-3072 1501.090698 32 ) (-3072 1501.090820 2560 ) (-2816 1536 2560 ) 
4 344 821 (-3072 1501.091064 2560 ) (-3072 1570.909180 2560 ) (-3072 1570.909180 32 ) (-3072 1501.091064 32 ) 
3 344 368 (-3072 1501.091064 32 ) (-3072 1570.909180 32 ) (-2816 1536 32 ) 
4 344 345 (-2882 1545 32 ) (-3072 1570.909058 32 ) (-3072 1570.909180 2560 ) (-2882 1545 2560 ) 
4 345 821 (-3072 1570.909180 2560 ) (-3072 1621.612793 2560 ) (-3072 1621.612793 32 ) (-3072 1570.909180 32 ) 
3 345 369 (-3072 1570.909180 32 ) (-3072 1621.612793 32 ) (-2882 1545 32 ) 
4 345 346 (-2944 1570 32 ) (-3072 1621.613037 32 ) (-3072 1621.613281 2560 ) (-2944 1570 2560 ) 
4 346 821 (-3072 1621.612793 2560 ) (-3072 1669.018799 2560 ) (-3072 1669.018799 32 ) (-3072 1621.612793 32 ) 
3 346 370 (-3072 1621.612793 32 ) (-3072 1669.018799 32 ) (-2944 1570 32 ) 
4 346 347 (-2997.004883 1611.006470 32 ) (-3072 1669.021484 32 ) (-3072 1669.019531 2560 ) (-2997.003174 1611.004150 2560 ) 
4 347 821 (-3072 1669.018799 2560 ) (-3072 1707.951172 2560 ) (-3072 1707.951172 32 ) (-3072 1669.018799 32 ) 
3 347 371 (-3072 1669.018799 32 ) (-3072 1707.951172 32 ) (-2997 1611 32 ) 
4 347 348 (-3037.998291 1663.995850 32 ) (-3072 1707.949219 32 ) (-3072 1707.948975 2560 ) (-3037.997803 1663.994995 2560 ) 
4 348 821 (-3072 1707.951172 2560 ) (-3072 1748.320068 2560 ) (-3072 1748.320068 32 ) (-3072 1707.951172 32 ) 
3 348 372 (-3072 1707.951172 32 ) (-3072 1748.320068 32 ) (-3038 1664 32 ) 
4 348 349 (-3063.001221 1726.008545 32 ) (-3072 1748.325317 32 ) (-3072 1748.328125 2560 ) (-3063.001465 1726.011230 2560 ) 
4 349 821 (-3072 1748.320068 2560 ) (-3072 1792 2560 ) (-3072 1792 32 ) (-3072 1748.320068 32 ) 
3 349 373 (-3072 1748.320068 32 ) (-3072 1792 32 ) (-3063 1726 32 ) 
4 350 821 (-3072 1792 2560 ) (-3072 2048 2560 ) (-3072 2048 32 ) (-3072 1792 32 ) 
3 350 374 (-3072 1792 32 ) (-3072 2048 32 ) (-3037.090820 2048 32 ) 
4 350 351 (-3063 1858 32 ) (-3037.091064 2048 32 ) (-3037.091064 2048 2560 ) (-3063 1858 2560 ) 
3 351 375 (-3063 1858 32 ) (-3037.090820 2048 32 ) (-2986.387207 2048 32 ) 
4 351 352 (-3038 1920 32 ) (-2986.386963 2048 32 ) (-2986.386963 2048 2560 ) (-3038 1920 2560 ) 
3 352 376 (-3038 1920 32 ) (-2986.387207 2048 32 ) (-2938.981201 2048 32 ) 
4 352 353 (-2997.013184 1972.989502 32 ) (-2938.986328 2048 32 ) (-2938.986328 2048 2560 ) (-2997.013184 1972.989502 2560 ) 
3 353 377 (-2997 1973 32 ) (-2938.981201 2048 32 ) (-2900.048584 2048 32 ) 
4 353 354 (-2944 2014 32 ) (-2900.048828 2048 32 ) (-2900.048828 2048 2560 ) (-2944 2014 2560 ) 
3 354 378 (-2944 2014 32 ) (-2900.048584 2048 32 ) (-2859.680420 2048 32 ) 
4 354 355 (-2882 2039 32 ) (-2859.679443 2048 32 ) (-2859.679443 2048 2560 ) (-2882 2039 2560 ) 
3 355 379 (-2882 2039 32 ) (-2859.680420 2048 32 ) (-2816 2048 32 ) 
3 356 380 (-2731.951172 2048 32 ) (-2645.612793 2048 32 ) (-2606.472168 1950.931152 32 ) 
4 356 359 (-2713.966797 2034.086426 32 ) (-2688.002930 2014.001221 32 ) (-2688.002930 2014.001221 2560 ) (-2713.966797 2034.086426 2560 ) 
4 356 358 (-2731.952637 2048 32 ) (-2713.966797 2034.086426 32 ) (-2713.966797 2034.086426 2560 ) (-2731.952637 2048 2560 ) 
4 356 357 (-2634.998047 1972.997314 32 ) (-2606.471436 1950.929565 32 ) (-2606.471436 1950.929565 2560 ) (-2634.998047 1972.997314 2560 ) 
3 357 381 (-2635 1973 32 ) (-2606.472168 1950.931152 32 ) (-2594 1920 32 ) 
3 358 382 (-2816 2048 32 ) (-2731.951172 2048 32 ) (-2713.965088 2034.086182 32 ) 
4 358 359 (-2750 2039 32 ) (-2713.966309 2034.086060 32 ) (-2713.966309 2034.086060 2560 ) (-2750 2039 2560 ) 
3 359 383 (-2750 2039 32 ) (-2713.965088 2034.086182 32 ) (-2688 2014 32 ) 
4 360 458 (-2048 1024 1 ) (-2048 1024 32 ) (-2232.709473 1024 32 ) (-2232.709473 1024 1 ) 
4 360 381 (-2606.472900 1950.931885 1 ) (-2594 1920.001099 1 ) (-2594.004639 1920.005981 32 ) (-2606.475586 1950.933838 32 ) 
4 360 380 (-2645.613281 2048 1 ) (-2606.472900 1950.931885 1 ) (-2606.475586 1950.933838 32 ) (-2645.615234 2048 32 ) 
4 360 361 (-2569 1857.998657 1 ) (-2232.709961 1024 1 ) (-2232.710938 1024 32 ) (-2568.998779 1857.991943 32 ) 
4 360 384 (-2048 2048 1 ) (-2048 1024 1 ) (-2232.709473 1024 1 ) (-2645.612793 2048 1 ) 
4 361 458 (-2232.709473 1024 32 ) (-2455.272705 1024 32 ) (-2455.272705 1024 1 ) (-2232.709473 1024 1 ) 
4 361 362 (-2560 1792.001831 1 ) (-2455.272461 1024 1 ) (-2455.272461 1024 32 ) (-2560 1792.001831 32 ) 
3 361 384 (-2232.709473 1024 1 ) (-2455.272705 1024 1 ) (-2569 1858 1 ) 
4 362 458 (-2455.272705 1024 32 ) (-2664.727295 1024 32 ) (-2664.727295 1024 1 ) (-2455.272705 1024 1 ) 
4 362 363 (-2569 1726 1 ) (-2664.727295 1024 1 ) (-2664.727295 1024 32 ) (-2569 1726 32 ) 
3 362 384 (-2455.272705 1024 1 ) (-2664.727295 1024 1 ) (-2560 1792.001221 1 ) 
4 363 458 (-2664.727295 1024 32 ) (-2852.064453 1024 32 ) (-2852.064453 1024 1 ) (-2664.727295 1024 1 ) 
4 363 364 (-2593.996826 1664.004272 1 ) (-2852.063232 1024 1 ) (-2852.064453 1024 32 ) (-2593.997070 1664.003906 32 ) 
3 363 384 (-2664.727295 1024 1 ) (-2852.064453 1024 1 ) (-2569 1726 1 ) 
4 364 822 (-3072 1024 1 ) (-3072 1024 32 ) (-3072 1046.097778 32 ) (-3072 1046.097656 1 ) 
4 364 473 (-2852.064453 1024 32 ) (-2967.272461 1024 32 ) (-2967.272461 1024 1 ) (-2852.064453 1024 1 ) 
4 364 472 (-2967.272461 1024 32 ) (-3072 1024 32 ) (-3072 1024 1 ) (-2967.272461 1024 1 ) 
4 364 365 (-2635.002197 1610.998169 1 ) (-3072 1046.098755 1 ) (-3072 1046.101563 32 ) (-2635.002686 1610.997925 32 ) 
4 364 384 (-2852.064453 1024 1 ) (-3072 1024 1 ) (-3072 1046.097778 1 ) (-2594 1664 1 ) 
4 365 822 (-3072 1046.097778 32 ) (-3072 1272.943359 32 ) (-3072 1272.943237 1 ) (-3072 1046.097656 1 ) 
4 365 366 (-2688.010010 1569.995850 1 ) (-3072 1272.947021 1 ) (-3072 1272.949219 32 ) (-2688.010742 1569.995605 32 ) 
3 365 384 (-3072 1046.097778 1 ) (-3072 1272.943359 1 ) (-2635 1611 1 ) 
4 366 822 (-3072 1272.943359 32 ) (-3072 1415.161133 32 ) (-3072 1415.161133 1 ) (-3072 1272.943237 1 ) 
4 366 367 (-2749.995850 1545 1 ) (-3072 1415.160278 1 ) (-3072 1415.160156 32 ) (-2749.995850 1545 32 ) 
3 366 384 (-3072 1272.943359 1 ) (-3072 1415.161133 1 ) (-2688 1570 1 ) 
4 367 822 (-3072 1415.161133 32 ) (-3072 1501.091064 32 ) (-3072 1501.091064 1 ) (-3072 1415.161133 1 ) 
4 367 368 (-2815.998779 1536 1 ) (-3072 1501.090698 1 ) (-3072 1501.090820 32 ) (-2816 1536 32 ) 
3 367 384 (-3072 1415.161133 1 ) (-3072 1501.091064 1 ) (-2750 1545 1 ) 
4 368 822 (-3072 1501.091064 32 ) (-3072 1570.909180 32 ) (-3072 1570.909180 1 ) (-3072 1501.091064 1 ) 
4 368 369 (-2882 1545 1 ) (-3072 1570.909058 1 ) (-3072 1570.909058 32 ) (-2882 1545 32 ) 
3 368 384 (-3072 1501.091064 1 ) (-3072 1570.909180 1 ) (-2816 1536 1 ) 
4 369 822 (-3072 1570.909180 32 ) (-3072 1621.612793 32 ) (-3072 1621.612793 1 ) (-3072 1570.909180 1 ) 
4 369 370 (-2944 1570 1 ) (-3072 1621.613037 1 ) (-3072 1621.613281 32 ) (-2944 1570 32 ) 
3 369 384 (-3072 1570.909180 1 ) (-3072 1621.612793 1 ) (-2882 1545 1 ) 
4 370 822 (-3072 1621.612793 32 ) (-3072 1669.018799 32 ) (-3072 1669.018799 1 ) (-3072 1621.612793 1 ) 
4 370 371 (-2997.004883 1611.006470 1 ) (-3072 1669.021484 1 ) (-3072 1669.020996 32 ) (-2997.004639 1611.005981 32 ) 
3 370 384 (-3072 1621.612793 1 ) (-3072 1669.018799 1 ) (-2944 1570 1 ) 
4 371 822 (-3072 1669.018799 32 ) (-3072 1707.951172 32 ) (-3072 1707.951172 1 ) (-3072 1669.018799 1 ) 
4 371 372 (-3037.998291 1663.995850 1 ) (-3072 1707.949219 1 ) (-3072 1707.949219 32 ) (-3037.998291 1663.995850 32 ) 
3 371 384 (-3072 1669.018799 1 ) (-3072 1707.951172 1 ) (-2997 1611 1 ) 
4 372 822 (-3072 1707.951172 32 ) (-3072 1748.320068 32 ) (-3072 1748.320068 1 ) (-3072 1707.951172 1 ) 
4 372 373 (-3063.001221 1726.008423 1 ) (-3072 1748.325195 1 ) (-3072 1748.325684 32 ) (-3063.001221 1726.008789 32 ) 
3 372 384 (-3072 1707.951172 1 ) (-3072 1748.320068 1 ) (-3038 1664 1 ) 
4 373 822 (-3072 1748.320068 32 ) (-3072 1792 32 ) (-3072 1792 1 ) (-3072 1748.320068 1 ) 
3 373 384 (-3072 1748.320068 1 ) (-3072 1792 1 ) (-3063 1726 1 ) 
4 374 822 (-3072 1792 32 ) (-3072 2048 32 ) (-3072 2048 1 ) (-3072 1792 1 ) 
4 374 375 (-3063 1858 1 ) (-3037.091064 2048 1 ) (-3037.091064 2048 32 ) (-3063 1858 32 ) 
3 374 384 (-3072 1792 1 ) (-3072 2048 1 ) (-3037.090820 2048 1 ) 
4 375 376 (-3038 1920 1 ) (-2986.386963 2048 1 ) (-2986.386963 2048 32 ) (-3038 1920 32 ) 
3 375 384 (-3063 1858 1 ) (-3037.090820 2048 1 ) (-2986.387207 2048 1 ) 
4 376 377 (-2997.013184 1972.989502 1 ) (-2938.986328 2048 1 ) (-2938.986328 2048 32 ) (-2997.013184 1972.989502 32 ) 
3 376 384 (-3038 1920 1 ) (-2986.387207 2048 1 ) (-2938.981201 2048 1 ) 
4 377 378 (-2944 2014 1 ) (-2900.048828 2048 1 ) (-2900.048828 2048 32 ) (-2944 2014 32 ) 
3 377 384 (-2997 1973 1 ) (-2938.981201 2048 1 ) (-2900.048584 2048 1 ) 
4 378 379 (-2882 2039 1 ) (-2859.679443 2048 1 ) (-2859.679443 2048 32 ) (-2882 2039 32 ) 
3 378 384 (-2944 2014 1 ) (-2900.048584 2048 1 ) (-2859.680420 2048 1 ) 
3 379 384 (-2882 2039 1 ) (-2859.680420 2048 1 ) (-2816 2048 1 ) 
4 380 383 (-2713.966797 2034.086426 1 ) (-2688.002930 2014.001221 1 ) (-2688.002930 2014.001221 32 ) (-2713.966797 2034.086426 32 ) 
4 380 382 (-2731.952637 2048 1 ) (-2713.966797 2034.086426 1 ) (-2713.966797 2034.086426 32 ) (-2731.952637 2048 32 ) 
4 380 381 (-2634.998047 1972.997314 1 ) (-2606.471436 1950.929565 1 ) (-2606.471436 1950.929565 32 ) (-2634.998047 1972.997314 32 ) 
3 380 384 (-2731.951172 2048 1 ) (-2645.612793 2048 1 ) (-2606.472168 1950.931152 1 ) 
3 381 384 (-2635 1973 1 ) (-2606.472168 1950.931152 1 ) (-2594 1920 1 ) 
4 382 383 (-2750 2039 1 ) (-2713.966309 2034.086060 1 ) (-2713.966309 2034.086060 32 ) (-2750 2039 32 ) 
3 382 384 (-2816 2048 1 ) (-2731.951172 2048 1 ) (-2713.965088 2034.086182 1 ) 
3 383 384 (-2750 2039 1 ) (-2713.965088 2034.086182 1 ) (-2688 2014 1 ) 
4 384 822 (-3072 1024 0 ) (-3072 1024 1 ) (-3072 2048 1 ) (-3072 2048 0 ) 
4 384 482 (-2048 1024 0 ) (-2048 1024 1 ) (-3072 1024 1 ) (-3072 1024 0 ) 
3 385 409 (-1316.064575 1024 32 ) (-1024 1024 32 ) (-1024 299.679932 32 ) 
4 385 406 (-1070.470215 414.929840 32 ) (-1057.996826 383.995850 32 ) (-1057.997559 383.996674 2560 ) (-1070.470703 414.930115 2560 ) 
4 385 405 (-1118.491943 534.023865 32 ) (-1070.470215 414.929840 32 ) (-1070.470703 414.930115 2560 ) (-1118.492310 534.023804 2560 ) 
4 385 404 (-1139.549316 586.246277 32 ) (-1118.491943 534.023865 32 ) (-1118.492310 534.023804 2560 ) (-1139.549683 586.246094 2560 ) 
4 385 403 (-1170.107300 662.030090 32 ) (-1139.549316 586.246277 32 ) (-1139.549683 586.246094 2560 ) (-1170.107666 662.029785 2560 ) 
4 385 402 (-1210.132324 761.292419 32 ) (-1170.107300 662.030090 32 ) (-1170.107666 662.029785 2560 ) (-1210.132690 761.291870 2560 ) 
4 385 401 (-1280 934.562256 32 ) (-1210.132324 761.292419 32 ) (-1210.132690 761.291870 2560 ) (-1280 934.561401 2560 ) 
4 385 400 (-1316.062500 1024 32 ) (-1280 934.562256 32 ) (-1280 934.561401 2560 ) (-1316.063354 1024 2560 ) 
4 385 386 (-1033 322.005371 32 ) (-1024 299.683472 32 ) (-1024 299.682831 2560 ) (-1033 322.004181 2560 ) 
3 386 410 (-1033 322 32 ) (-1024 299.679932 32 ) (-1024 256 32 ) 
4 387 483 (-1024 0 32 ) (-1024 0 2560 ) (-1058.909058 0 2560 ) (-1058.909180 0 32 ) 
3 387 411 (-1024 0 32 ) (-1058.909058 0 32 ) (-1024 256 32 ) 
4 387 388 (-1033 190 32 ) (-1058.909302 0 32 ) (-1058.909180 0 2560 ) (-1033 190 2560 ) 
4 388 483 (-1058.909058 0 2560 ) (-1109.612915 0 2560 ) (-1109.612915 0 32 ) (-1058.909180 0 32 ) 
3 388 412 (-1058.909058 0 32 ) (-1109.612915 0 32 ) (-1033 190 32 ) 
4 388 389 (-1058 128 32 ) (-1109.612793 0 32 ) (-1109.612793 0 2560 ) (-1058 128 2560 ) 
4 389 483 (-1109.612915 0 2560 ) (-1157.018799 0 2560 ) (-1157.018799 0 32 ) (-1109.612915 0 32 ) 
3 389 413 (-1109.612915 0 32 ) (-1157.018799 0 32 ) (-1058 128 32 ) 
4 389 390 (-1098.997559 75.001930 32 ) (-1157.017944 0 32 ) (-1157.019531 0 2560 ) (-1099 75 2560 ) 
4 390 483 (-1157.018799 0 2560 ) (-1195.951294 0 2560 ) (-1195.951294 0 32 ) (-1157.018799 0 32 ) 
3 390 414 (-1157.018799 0 32 ) (-1195.951294 0 32 ) (-1099 75 32 ) 
4 390 391 (-1151.997559 34.001007 32 ) (-1195.950073 0 32 ) (-1195.950073 0 2560 ) (-1151.997559 34.001007 2560 ) 
4 391 483 (-1195.951294 0 2560 ) (-1236.319946 0 2560 ) (-1236.320068 0 32 ) (-1195.951294 0 32 ) 
3 391 415 (-1195.951294 0 32 ) (-1236.319946 0 32 ) (-1152 34 32 ) 
4 391 392 (-1213.994019 9 32 ) (-1236.316040 0 32 ) (-1236.316406 0 2560 ) (-1213.994507 9 2560 ) 
4 392 483 (-1236.319946 0 2560 ) (-1280 0 2560 ) (-1280 0 32 ) (-1236.320068 0 32 ) 
3 392 416 (-1236.319946 0 32 ) (-1280 0 32 ) (-1214 9 32 ) 
4 393 483 (-1280 0 2560 ) (-2048 0 2560 ) (-2048 0 32 ) (-1280 0 32 ) 
4 393 434 (-2048 0 32 ) (-2048 0 2560 ) (-2048 104.727264 2560 ) (-2048 104.727295 32 ) 
3 393 417 (-1280 0 32 ) (-2048 0 32 ) (-2048 104.727264 32 ) 
4 393 394 (-1345.997925 9 32 ) (-2048 104.726746 32 ) (-2048 104.726746 2560 ) (-1345.998047 9 2560 ) 
4 394 434 (-2048 104.727264 2560 ) (-2048 292.064514 2560 ) (-2048 292.064514 32 ) (-2048 104.727295 32 ) 
3 394 418 (-1346 9 32 ) (-2048 104.727264 32 ) (-2048 292.064514 32 ) 
4 394 395 (-1407.996338 33.997124 32 ) (-2048 292.063141 32 ) (-2048 292.064453 2560 ) (-1407.996582 33.997314 2560 ) 
4 395 434 (-2048 292.064514 2560 ) (-2048 529.094360 2560 ) (-2048 529.094360 32 ) (-2048 292.064514 32 ) 
3 395 419 (-1408 34 32 ) (-2048 292.064514 32 ) (-2048 529.094360 32 ) 
4 395 396 (-1460.996826 74.995834 32 ) (-2048 529.092651 32 ) (-2048 529.092773 2560 ) (-1460.996338 74.995392 2560 ) 
4 396 434 (-2048 529.094360 2560 ) (-2048 833.804810 2560 ) (-2048 833.804810 32 ) (-2048 529.094360 32 ) 
3 396 420 (-1461 75 32 ) (-2048 529.094360 32 ) (-2048 833.804810 32 ) 
4 396 397 (-1501.998779 127.996964 32 ) (-2048 833.803528 32 ) (-2048 833.800781 2560 ) (-1501.998779 127.996704 2560 ) 
4 397 434 (-2048 833.804810 2560 ) (-2048 1024 2560 ) (-2048 1024 32 ) (-2048 833.804810 32 ) 
4 397 421 (-1502 128 32 ) (-2048 833.804810 32 ) (-2048 1024 32 ) (-1863.290405 1024 32 ) 
4 397 398 (-1527 190 32 ) (-1863.290527 1024 32 ) (-1863.289063 1024 2560 ) (-1527 190 2560 ) 
3 398 422 (-1527 190 32 ) (-1863.290405 1024 32 ) (-1640.727295 1024 32 ) 
4 398 399 (-1536 256.001587 32 ) (-1640.726807 1024 32 ) (-1640.726807 1024 2560 ) (-1536 256.001587 2560 ) 
3 399 423 (-1536 256 32 ) (-1640.727295 1024 32 ) (-1431.272705 1024 32 ) 
4 399 400 (-1527 322 32 ) (-1431.272705 1024 32 ) (-1431.272705 1024 2560 ) (-1527 322 2560 ) 
4 400 424 (-1527 322 32 ) (-1431.272705 1024 32 ) (-1316.064575 1024 32 ) (-1280 934.559937 32 ) 
4 400 401 (-1501.998413 384.002075 32 ) (-1280 934.558960 32 ) (-1280 934.559021 2560 ) (-1501.998535 384.001770 2560 ) 
3 401 425 (-1502 384 32 ) (-1280 934.559937 32 ) (-1210.133423 761.290771 32 ) 
4 401 402 (-1461.005615 436.995544 32 ) (-1210.134277 761.292969 32 ) (-1210.134277 761.292969 2560 ) (-1461.005615 436.995544 2560 ) 
3 402 426 (-1461 437 32 ) (-1210.133423 761.290771 32 ) (-1170.108521 662.029175 32 ) 
4 402 403 (-1408.001343 478 32 ) (-1170.108765 662.029480 32 ) (-1170.108765 662.029480 2560 ) (-1408.001221 478 2560 ) 
3 403 427 (-1408 478 32 ) (-1170.108521 662.029175 32 ) (-1139.550659 586.245667 32 ) 
4 403 404 (-1346 503 32 ) (-1139.550659 586.245483 32 ) (-1139.550659 586.245483 2560 ) (-1346 503 2560 ) 
3 404 428 (-1346 503 32 ) (-1139.550659 586.245667 32 ) (-1118.493408 534.023621 32 ) 
4 404 407 (-1280 512 32 ) (-1208.546875 521.743835 32 ) (-1208.546875 521.743835 2560 ) (-1280 512 2560 ) 
4 404 405 (-1208.546875 521.743835 32 ) (-1118.493530 534.023865 32 ) (-1118.493530 534.023865 2560 ) (-1208.546875 521.743835 2560 ) 
3 405 429 (-1208.546631 521.743652 32 ) (-1118.493408 534.023621 32 ) (-1070.472412 414.931458 32 ) 
4 405 408 (-1177.967529 498.086487 32 ) (-1152.004395 478.001740 32 ) (-1152.004395 478.001740 2560 ) (-1177.967529 498.086487 2560 ) 
4 405 407 (-1208.546875 521.742188 2560 ) (-1208.546875 521.742188 32 ) (-1177.967529 498.086487 32 ) (-1177.967529 498.086487 2560 ) 
4 405 406 (-1098.997070 436.996063 32 ) (-1070.471558 414.929199 32 ) (-1070.471558 414.929199 2560 ) (-1098.997070 436.996063 2560 ) 
3 406 430 (-1099 437 32 ) (-1070.472412 414.931458 32 ) (-1058 384 32 ) 
3 407 431 (-1280 512 32 ) (-1208.546631 521.743652 32 ) (-1177.964966 498.086121 32 ) 
4 407 408 (-1214 503 32 ) (-1177.964722 498.085876 32 ) (-1177.964722 498.085876 2560 ) (-1214 503 2560 ) 
3 408 432 (-1214 503 32 ) (-1177.964966 498.086121 32 ) (-1152 478 32 ) 
4 409 430 (-1070.470459 414.929993 1 ) (-1057.997192 383.996277 1 ) (-1058 384 32 ) (-1070.472534 414.931641 32 ) 
4 409 429 (-1118.492188 534.023804 1 ) (-1070.470459 414.929993 1 ) (-1070.472534 414.931641 32 ) (-1118.493530 534.023560 32 ) 
4 409 428 (-1139.549561 586.246094 1 ) (-1118.492188 534.023804 1 ) (-1118.493530 534.023560 32 ) (-1139.550781 586.245605 32 ) 
4 409 427 (-1170.107544 662.029907 1 ) (-1139.549561 586.246094 1 ) (-1139.550781 586.245605 32 ) (-1170.108643 662.029053 32 ) 
4 409 426 (-1210.132568 761.291870 1 ) (-1170.107544 662.029907 1 ) (-1170.108643 662.029053 32 ) (-1210.133545 761.290649 32 ) 
4 409 425 (-1280 934.561523 1 ) (-1210.132568 761.291870 1 ) (-1210.133545 761.290649 32 ) (-1280 934.559814 32 ) 
4 409 424 (-1316.063232 1024 1 ) (-1280 934.561523 1 ) (-1280 934.559814 32 ) (-1316.064697 1024 32 ) 
4 409 410 (-1033 322.004700 1 ) (-1024 299.683105 1 ) (-1024 299.679688 32 ) (-1033 322 32 ) 
3 409 433 (-1316.064575 1024 1 ) (-1024 1024 1 ) (-1024 299.679932 1 ) 
3 410 433 (-1033 322 1 ) (-1024 299.679932 1 ) (-1024 256 1 ) 
4 411 484 (-1024 0 1 ) (-1024 0 32 ) (-1058.909058 0 32 ) (-1058.909180 0 1 ) 
4 411 412 (-1033 190 1 ) (-1058.909302 0 1 ) (-1058.909180 0 32 ) (-1033 190 32 ) 
3 411 433 (-1024 0 1 ) (-1058.909058 0 1 ) (-1024 256 1 ) 
4 412 484 (-1058.909058 0 32 ) (-1109.612915 0 32 ) (-1109.612915 0 1 ) (-1058.909180 0 1 ) 
4 412 413 (-1058 128 1 ) (-1109.612671 0 1 ) (-1109.611328 0 32 ) (-1057.998657 128.001694 32 ) 
3 412 433 (-1058.909058 0 1 ) (-1109.612915 0 1 ) (-1033 190 1 ) 
4 413 484 (-1109.612915 0 32 ) (-1157.018799 0 32 ) (-1157.018799 0 1 ) (-1109.612915 0 1 ) 
4 413 414 (-1098.997559 75.001930 1 ) (-1157.017944 0 1 ) (-1157.017944 0 32 ) (-1098.997559 75.001930 32 ) 
3 413 433 (-1109.612915 0 1 ) (-1157.018799 0 1 ) (-1058 128 1 ) 
4 414 484 (-1157.018799 0 32 ) (-1195.951294 0 32 ) (-1195.951294 0 1 ) (-1157.018799 0 1 ) 
4 414 415 (-1151.997559 34.001007 1 ) (-1195.950073 0 1 ) (-1195.949219 0 32 ) (-1151.996582 34.001423 32 ) 
3 414 433 (-1157.018799 0 1 ) (-1195.951294 0 1 ) (-1099 75 1 ) 
4 415 484 (-1195.951294 0 32 ) (-1236.319946 0 32 ) (-1236.320068 0 1 ) (-1195.951294 0 1 ) 
4 415 416 (-1213.994019 9 1 ) (-1236.316040 0 1 ) (-1236.315918 0 32 ) (-1213.993896 9 32 ) 
3 415 433 (-1195.951294 0 1 ) (-1236.319946 0 1 ) (-1152 34 1 ) 
4 416 484 (-1236.319946 0 32 ) (-1280 0 32 ) (-1280 0 1 ) (-1236.320068 0 1 ) 
3 416 433 (-1236.319946 0 1 ) (-1280 0 1 ) (-1214 9 1 ) 
4 417 484 (-1280 0 32 ) (-2048 0 32 ) (-2048 0 1 ) (-1280 0 1 ) 
4 417 458 (-2048 0 1 ) (-2048 0 32 ) (-2048 104.727264 32 ) (-2048 104.727295 1 ) 
4 417 418 (-1345.997925 9 1 ) (-2048 104.726738 1 ) (-2048 104.726563 32 ) (-1345.997925 9 32 ) 
3 417 433 (-1280 0 1 ) (-2048 0 1 ) (-2048 104.727264 1 ) 
4 418 458 (-2048 104.727264 32 ) (-2048 292.064514 32 ) (-2048 292.064514 1 ) (-2048 104.727295 1 ) 
4 418 419 (-1407.996338 33.997124 1 ) (-2048 292.063141 1 ) (-2048 292.063171 32 ) (-1407.996338 33.997131 32 ) 
3 418 433 (-1346 9 1 ) (-2048 104.727264 1 ) (-2048 292.064514 1 ) 
4 419 458 (-2048 292.064514 32 ) (-2048 529.094360 32 ) (-2048 529.094360 1 ) (-2048 292.064514 1 ) 
4 419 420 (-1460.996826 74.995834 1 ) (-2048 529.092651 1 ) (-2048 529.093750 32 ) (-1460.997070 74.996094 32 ) 
3 419 433 (-1408 34 1 ) (-2048 292.064514 1 ) (-2048 529.094360 1 ) 
4 420 458 (-2048 529.094360 32 ) (-2048 833.804810 32 ) (-2048 833.804810 1 ) (-2048 529.094360 1 ) 
4 420 421 (-1501.998779 127.996994 1 ) (-2048 833.803589 1 ) (-2048 833.799805 32 ) (-1501.998535 127.996399 32 ) 
3 420 433 (-1461 75 1 ) (-2048 529.094360 1 ) (-2048 833.804810 1 ) 
4 421 458 (-2048 833.804810 32 ) (-2048 1024 32 ) (-2048 1024 1 ) (-2048 833.804810 1 ) 
4 421 422 (-1527 190 1 ) (-1863.290527 1024 1 ) (-1863.288818 1024 32 ) (-1527 190 32 ) 
4 421 433 (-1502 128 1 ) (-2048 833.804810 1 ) (-2048 1024 1 ) (-1863.290405 1024 1 ) 
4 422 423 (-1536 256.001587 1 ) (-1640.726807 1024 1 ) (-1640.726807 1024 32 ) (-1536 256.001587 32 ) 
3 422 433 (-1527 190 1 ) (-1863.290405 1024 1 ) (-1640.727295 1024 1 ) 
4 423 424 (-1527 322 1 ) (-1431.272705 1024 1 ) (-1431.272705 1024 32 ) (-1527 322 32 ) 
3 423 433 (-1536 256 1 ) (-1640.727295 1024 1 ) (-1431.272705 1024 1 ) 
4 424 425 (-1501.998413 384.002045 1 ) (-1280 934.558960 1 ) (-1280 934.558960 32 ) (-1501.998413 384.002075 32 ) 
4 424 433 (-1527 322 1 ) (-1431.272705 1024 1 ) (-1316.064575 1024 1 ) (-1280 934.559937 1 ) 
4 425 426 (-1461.005615 436.995544 1 ) (-1210.134277 761.292969 1 ) (-1210.134277 761.292969 32 ) (-1461.005615 436.995544 32 ) 
3 425 433 (-1502 384 1 ) (-1280 934.559937 1 ) (-1210.133423 761.290771 1 ) 
4 426 427 (-1408.001221 478 1 ) (-1170.108765 662.029480 1 ) (-1170.108765 662.029480 32 ) (-1408.001221 478 32 ) 
3 426 433 (-1461 437 1 ) (-1210.133423 761.290771 1 ) (-1170.108521 662.029175 1 ) 
4 427 428 (-1346 503 1 ) (-1139.550659 586.245483 1 ) (-1139.550659 586.245483 32 ) (-1346 503 32 ) 
3 427 433 (-1408 478 1 ) (-1170.108521 662.029175 1 ) (-1139.550659 586.245667 1 ) 
4 428 431 (-1280 512 1 ) (-1208.546875 521.743835 1 ) (-1208.546875 521.743835 32 ) (-1280 512 32 ) 
4 428 429 (-1208.546875 521.743835 1 ) (-1118.493530 534.023865 1 ) (-1118.493530 534.023865 32 ) (-1208.546875 521.743835 32 ) 
3 428 433 (-1346 503 1 ) (-1139.550659 586.245667 1 ) (-1118.493408 534.023621 1 ) 
4 429 432 (-1177.967529 498.086487 1 ) (-1152.004395 478.001740 1 ) (-1152.004395 478.001740 32 ) (-1177.967529 498.086487 32 ) 
4 429 431 (-1208.546875 521.742188 32 ) (-1208.546875 521.742188 1 ) (-1177.967529 498.086487 1 ) (-1177.967529 498.086487 32 ) 
4 429 430 (-1098.997070 436.996063 1 ) (-1070.471558 414.929199 1 ) (-1070.471558 414.929199 32 ) (-1098.997070 436.996063 32 ) 
3 429 433 (-1208.546631 521.743652 1 ) (-1118.493408 534.023621 1 ) (-1070.472412 414.931458 1 ) 
3 430 433 (-1099 437 1 ) (-1070.472412 414.931458 1 ) (-1058 384 1 ) 
4 431 432 (-1214 503 1 ) (-1177.964722 498.085876 1 ) (-1177.964722 498.085876 32 ) (-1214 503 32 ) 
3 431 433 (-1280 512 1 ) (-1208.546631 521.743652 1 ) (-1177.964966 498.086121 1 ) 
3 432 433 (-1214 503 1 ) (-1177.964966 498.086121 1 ) (-1152 478 1 ) 
4 433 484 (-1024 0 0 ) (-1024 0 1 ) (-2048 0 1 ) (-2048 0 0 ) 
4 433 482 (-2048 0 0 ) (-2048 0 1 ) (-2048 1024 1 ) (-2048 1024 0 ) 
4 434 485 (-2439.161133 0 32 ) (-2048 0 32 ) (-2048 0 2560 ) (-2439.161133 0 2560 ) 
4 434 458 (-2852.064453 1024 32 ) (-2048 1024 32 ) (-2048 0 32 ) (-2439.161133 0 32 ) 
4 434 455 (-2606.474365 414.933197 32 ) (-2594.002686 384.003479 32 ) (-2594.001709 384.002136 2560 ) (-2606.473633 414.932495 2560 ) 
4 434 454 (-2654.494873 534.023376 32 ) (-2606.474365 414.933197 32 ) (-2606.473633 414.932495 2560 ) (-2654.494385 534.023560 2560 ) 
4 434 453 (-2675.552002 586.245117 32 ) (-2654.494873 534.023376 32 ) (-2654.494385 534.023560 2560 ) (-2675.551514 586.245422 2560 ) 
4 434 452 (-2706.109863 662.028564 32 ) (-2675.552002 586.245117 32 ) (-2675.551514 586.245422 2560 ) (-2706.109375 662.028687 2560 ) 
4 434 451 (-2746.134521 761.289429 32 ) (-2706.109863 662.028564 32 ) (-2706.109375 662.028687 2560 ) (-2746.134033 761.290039 2560 ) 
4 434 450 (-2816 934.557739 32 ) (-2746.134521 761.289429 32 ) (-2746.134033 761.290039 2560 ) (-2816 934.558960 2560 ) 
4 434 449 (-2852.066406 1024 32 ) (-2816 934.557739 32 ) (-2816 934.558960 2560 ) (-2852.065430 1024 2560 ) 
4 434 435 (-2569 321.995667 32 ) (-2439.162109 0 32 ) (-2439.162109 0 2560 ) (-2569 321.996796 2560 ) 
4 435 485 (-2525.090820 0 32 ) (-2439.161133 0 32 ) (-2439.161133 0 2560 ) (-2525.090820 0 2560 ) 
3 435 459 (-2569 322 32 ) (-2439.161133 0 32 ) (-2525.090820 0 32 ) 
4 435 436 (-2560 256 32 ) (-2525.091064 0 32 ) (-2525.090820 0 2560 ) (-2560 256 2560 ) 
4 436 485 (-2594.908936 0 32 ) (-2525.090820 0 32 ) (-2525.090820 0 2560 ) (-2594.908936 0 2560 ) 
3 436 460 (-2560 256 32 ) (-2525.090820 0 32 ) (-2594.908936 0 32 ) 
4 436 437 (-2569 189.998779 32 ) (-2594.909424 0 32 ) (-2594.909180 0 2560 ) (-2569 189.998917 2560 ) 
4 437 485 (-2645.612793 0 32 ) (-2594.908936 0 32 ) (-2594.908936 0 2560 ) (-2645.612793 0 2560 ) 
3 437 461 (-2569 190 32 ) (-2594.908936 0 32 ) (-2645.612793 0 32 ) 
4 437 438 (-2593.996338 128.004944 32 ) (-2645.611084 0 32 ) (-2645.611328 0 2560 ) (-2593.996338 128.004623 2560 ) 
4 438 485 (-2693.018799 0 32 ) (-2645.612793 0 32 ) (-2645.612793 0 2560 ) (-2693.018799 0 2560 ) 
3 438 462 (-2594 128 32 ) (-2645.612793 0 32 ) (-2693.018799 0 32 ) 
4 438 439 (-2634.996338 75.002640 32 ) (-2693.017334 0 32 ) (-2693.015625 0 2560 ) (-2634.994385 75.004257 2560 ) 
4 439 485 (-2731.951172 0 32 ) (-2693.018799 0 32 ) (-2693.018799 0 2560 ) (-2731.951172 0 2560 ) 
3 439 463 (-2635 75 32 ) (-2693.018799 0 32 ) (-2731.951172 0 32 ) 
4 439 440 (-2688.001221 34 32 ) (-2731.951904 0 32 ) (-2731.952393 0 2560 ) (-2688.001953 34 2560 ) 
4 440 485 (-2772.320068 0 32 ) (-2731.951172 0 32 ) (-2731.951172 0 2560 ) (-2772.320068 0 2560 ) 
3 440 464 (-2688 34 32 ) (-2731.951172 0 32 ) (-2772.320068 0 32 ) 
4 440 441 (-2749.992676 9.001024 32 ) (-2772.315186 0 32 ) (-2772.316406 0 2560 ) (-2749.993896 9 2560 ) 
4 441 485 (-2816 0 32 ) (-2772.320068 0 32 ) (-2772.320068 0 2560 ) (-2816 0 2560 ) 
3 441 465 (-2750 9 32 ) (-2772.320068 0 32 ) (-2816 0 32 ) 
4 442 921 (-3072 0 32 ) (-3072 0 2560 ) (-3072 34.909100 2560 ) (-3072 34.909119 32 ) 
4 442 485 (-3072 0 2560 ) (-3072 0 32 ) (-2816 0 32 ) (-2816 0 2560 ) 
3 442 466 (-2816 0 32 ) (-3072 0 32 ) (-3072 34.909100 32 ) 
4 442 443 (-2882 9 32 ) (-3072 34.908779 32 ) (-3072 34.908813 2560 ) (-2882 9 2560 ) 
4 443 921 (-3072 34.909100 2560 ) (-3072 85.612869 2560 ) (-3072 85.612732 32 ) (-3072 34.909119 32 ) 
3 443 467 (-2882 9 32 ) (-3072 34.909100 32 ) (-3072 85.612869 32 ) 
4 443 444 (-2944 34 32 ) (-3072 85.613281 32 ) (-3072 85.613281 2560 ) (-2944 34 2560 ) 
4 444 921 (-3072 85.612869 2560 ) (-3072 133.018860 2560 ) (-3072 133.018860 32 ) (-3072 85.612732 32 ) 
3 444 468 (-2944 34 32 ) (-3072 85.612869 32 ) (-3072 133.018860 32 ) 
4 444 445 (-2997.001709 75.002243 32 ) (-3072 133.019760 32 ) (-3072 133.019836 2560 ) (-2997.001709 75.002281 2560 ) 
4 445 921 (-3072 133.018860 2560 ) (-3072 171.951065 2560 ) (-3072 171.951050 32 ) (-3072 133.018860 32 ) 
3 445 469 (-2997 75 32 ) (-3072 133.018860 32 ) (-3072 171.951065 32 ) 
4 445 446 (-3038 128 32 ) (-3072 171.951447 32 ) (-3072 171.953125 2560 ) (-3038 128.002472 2560 ) 
4 446 921 (-3072 171.951065 2560 ) (-3072 212.319931 2560 ) (-3072 212.319946 32 ) (-3072 171.951050 32 ) 
3 446 470 (-3038 128 32 ) (-3072 171.951065 32 ) (-3072 212.319931 32 ) 
4 446 447 (-3063 189.996078 32 ) (-3072 212.317581 32 ) (-3072 212.318115 2560 ) (-3063 189.996475 2560 ) 
4 447 921 (-3072 212.319931 2560 ) (-3072 256 2560 ) (-3072 256 32 ) (-3072 212.319946 32 ) 
3 447 471 (-3063 190 32 ) (-3072 212.319931 32 ) (-3072 256 32 ) 
4 448 921 (-3072 256 2560 ) (-3072 1024 2560 ) (-3072 1024 32 ) (-3072 256 32 ) 
3 448 472 (-3072 1024 32 ) (-2967.272461 1024 32 ) (-3072 256 32 ) 
4 448 449 (-3063 322 32 ) (-2967.272705 1024 32 ) (-2967.272705 1024 2560 ) (-3063 322 2560 ) 
4 449 473 (-2967.272461 1024 32 ) (-2852.064453 1024 32 ) (-2816 934.559998 32 ) (-3063 322 32 ) 
4 449 450 (-3038 384 32 ) (-2816 934.559875 32 ) (-2816 934.559875 2560 ) (-3038 384 2560 ) 
3 450 474 (-2816 934.559998 32 ) (-2746.133301 761.290955 32 ) (-3038 384 32 ) 
4 450 451 (-2997 437 32 ) (-2746.133545 761.291504 32 ) (-2746.133545 761.291504 2560 ) (-2997 437 2560 ) 
3 451 475 (-2746.133301 761.290955 32 ) (-2706.108643 662.029541 32 ) (-2997 437 32 ) 
4 451 452 (-2944.002441 478 32 ) (-2706.108887 662.029907 32 ) (-2706.108887 662.029907 2560 ) (-2944.002441 477.998962 2560 ) 
3 452 476 (-2706.108643 662.029541 32 ) (-2675.550537 586.245728 32 ) (-2944 478 32 ) 
4 452 453 (-2881.998047 503 32 ) (-2675.550293 586.245239 32 ) (-2675.550293 586.245239 2560 ) (-2881.997803 503 2560 ) 
3 453 477 (-2675.550537 586.245728 32 ) (-2654.493164 534.023621 32 ) (-2882 503 32 ) 
4 453 456 (-2816 512 32 ) (-2744.546875 521.743896 32 ) (-2744.546875 521.743896 2560 ) (-2816 512 2560 ) 
4 453 454 (-2744.546875 521.743896 32 ) (-2654.493408 534.023926 32 ) (-2654.493408 534.023926 2560 ) (-2744.546875 521.743896 2560 ) 
3 454 478 (-2654.493164 534.023621 32 ) (-2606.472168 414.931244 32 ) (-2744.546631 521.743652 32 ) 
4 454 457 (-2713.966309 498.086304 32 ) (-2688.002197 478 32 ) (-2688.002197 478 2560 ) (-2713.966309 498.086304 2560 ) 
4 454 456 (-2744.550781 521.746094 2560 ) (-2744.550781 521.746094 32 ) (-2713.966309 498.086304 32 ) (-2713.966309 498.086304 2560 ) 
4 454 455 (-2634.998291 436.997864 32 ) (-2606.471680 414.930023 32 ) (-2606.471680 414.930023 2560 ) (-2634.998291 436.997864 2560 ) 
3 455 479 (-2606.472168 414.931244 32 ) (-2594 384 32 ) (-2635 437 32 ) 
3 456 480 (-2816 512 32 ) (-2744.546631 521.743652 32 ) (-2713.965088 498.086151 32 ) 
4 456 457 (-2750 503 32 ) (-2713.964600 498.085907 32 ) (-2713.964600 498.085907 2560 ) (-2750 503 2560 ) 
3 457 481 (-2750 503 32 ) (-2713.965088 498.086151 32 ) (-2688 478 32 ) 
4 458 486 (-2439.161133 0 1 ) (-2048 0 1 ) (-2048 0 32 ) (-2439.161133 0 32 ) 
4 458 479 (-2606.473633 414.932495 1 ) (-2594.001709 384.002136 1 ) (-2594.005371 384.006836 32 ) (-2606.476074 414.934326 32 ) 
4 458 478 (-2654.494385 534.023499 1 ) (-2606.473633 414.932495 1 ) (-2606.476074 414.934326 32 ) (-2654.495605 534.023254 32 ) 
4 458 477 (-2675.551514 586.245361 1 ) (-2654.494385 534.023499 1 ) (-2654.495605 534.023254 32 ) (-2675.552734 586.244873 32 ) 
4 458 476 (-2706.109375 662.028809 1 ) (-2675.551514 586.245361 1 ) (-2675.552734 586.244873 32 ) (-2706.110352 662.028137 32 ) 
4 458 475 (-2746.134033 761.290161 1 ) (-2706.109375 662.028809 1 ) (-2706.110352 662.028137 32 ) (-2746.134766 761.289063 32 ) 
4 458 474 (-2816 934.559021 1 ) (-2746.134033 761.290161 1 ) (-2746.134766 761.289063 32 ) (-2816 934.557495 32 ) 
4 458 473 (-2852.065430 1024 1 ) (-2816 934.559021 1 ) (-2816 934.557495 32 ) (-2852.066406 1024 32 ) 
4 458 459 (-2569 321.996826 1 ) (-2439.162109 0 1 ) (-2439.164063 0 32 ) (-2568.998779 321.990570 32 ) 
4 458 482 (-2852.064453 1024 1 ) (-2048 1024 1 ) (-2048 0 1 ) (-2439.161133 0 1 ) 
4 459 486 (-2525.090820 0 1 ) (-2439.161133 0 1 ) (-2439.161133 0 32 ) (-2525.090820 0 32 ) 
4 459 460 (-2560 256 1 ) (-2525.091064 0 1 ) (-2525.090820 0 32 ) (-2560 256 32 ) 
3 459 482 (-2569 322 1 ) (-2439.161133 0 1 ) (-2525.090820 0 1 ) 
4 460 486 (-2594.908936 0 1 ) (-2525.090820 0 1 ) (-2525.090820 0 32 ) (-2594.908936 0 32 ) 
4 460 461 (-2569 189.998779 1 ) (-2594.909424 0 1 ) (-2594.909180 0 32 ) (-2569 190 32 ) 
3 460 482 (-2560 256 1 ) (-2525.090820 0 1 ) (-2594.908936 0 1 ) 
4 461 486 (-2645.612793 0 1 ) (-2594.908936 0 1 ) (-2594.908936 0 32 ) (-2645.612793 0 32 ) 
4 461 462 (-2593.996338 128.004944 1 ) (-2645.611084 0 1 ) (-2645.613281 0 32 ) (-2593.997803 128.003052 32 ) 
3 461 482 (-2569 190 1 ) (-2594.908936 0 1 ) (-2645.612793 0 1 ) 
4 462 486 (-2693.018799 0 1 ) (-2645.612793 0 1 ) (-2645.612793 0 32 ) (-2693.018799 0 32 ) 
4 462 463 (-2634.996338 75.002640 1 ) (-2693.017334 0 1 ) (-2693.017090 0 32 ) (-2634.996094 75.002960 32 ) 
3 462 482 (-2594 128 1 ) (-2645.612793 0 1 ) (-2693.018799 0 1 ) 
4 463 486 (-2731.951172 0 1 ) (-2693.018799 0 1 ) (-2693.018799 0 32 ) (-2731.951172 0 32 ) 
4 463 464 (-2688.001221 34 1 ) (-2731.951904 0 1 ) (-2731.945313 0 32 ) (-2687.993652 34.002579 32 ) 
3 463 482 (-2635 75 1 ) (-2693.018799 0 1 ) (-2731.951172 0 1 ) 
4 464 486 (-2772.320068 0 1 ) (-2731.951172 0 1 ) (-2731.951172 0 32 ) (-2772.320068 0 32 ) 
4 464 465 (-2749.992676 9.001024 1 ) (-2772.315186 0 1 ) (-2772.315674 0 32 ) (-2749.993164 9 32 ) 
3 464 482 (-2688 34 1 ) (-2731.951172 0 1 ) (-2772.320068 0 1 ) 
4 465 486 (-2816 0 1 ) (-2772.320068 0 1 ) (-2772.320068 0 32 ) (-2816 0 32 ) 
3 465 482 (-2750 9 1 ) (-2772.320068 0 1 ) (-2816 0 1 ) 
4 466 922 (-3072 0 1 ) (-3072 0 32 ) (-3072 34.909100 32 ) (-3072 34.909119 1 ) 
4 466 486 (-3072 0 32 ) (-3072 0 1 ) (-2816 0 1 ) (-2816 0 32 ) 
4 466 467 (-2882 9 1 ) (-3072 34.908775 1 ) (-3072 34.910156 32 ) (-2882 9 32 ) 
3 466 482 (-2816 0 1 ) (-3072 0 1 ) (-3072 34.909100 1 ) 
4 467 922 (-3072 34.909100 32 ) (-3072 85.612869 32 ) (-3072 85.612732 1 ) (-3072 34.909119 1 ) 
4 467 468 (-2944 34 1 ) (-3072 85.613281 1 ) (-3072 85.613281 32 ) (-2944 34 32 ) 
3 467 482 (-2882 9 1 ) (-3072 34.909100 1 ) (-3072 85.612869 1 ) 
4 468 922 (-3072 85.612869 32 ) (-3072 133.018860 32 ) (-3072 133.018860 1 ) (-3072 85.612732 1 ) 
4 468 469 (-2997.001709 75.002243 1 ) (-3072 133.019760 1 ) (-3072 133.019531 32 ) (-2997.001465 75.001907 32 ) 
3 468 482 (-2944 34 1 ) (-3072 85.612869 1 ) (-3072 133.018860 1 ) 
4 469 922 (-3072 133.018860 32 ) (-3072 171.951065 32 ) (-3072 171.951050 1 ) (-3072 133.018860 1 ) 
4 469 470 (-3038 128 1 ) (-3072 171.951431 1 ) (-3072 171.951843 32 ) (-3038 128.001068 32 ) 
3 469 482 (-2997 75 1 ) (-3072 133.018860 1 ) (-3072 171.951065 1 ) 
4 470 922 (-3072 171.951065 32 ) (-3072 212.319931 32 ) (-3072 212.319946 1 ) (-3072 171.951050 1 ) 
4 470 471 (-3063 189.996063 1 ) (-3072 212.317566 1 ) (-3072 212.320313 32 ) (-3063 189.998764 32 ) 
3 470 482 (-3038 128 1 ) (-3072 171.951065 1 ) (-3072 212.319931 1 ) 
4 471 922 (-3072 212.319931 32 ) (-3072 256 32 ) (-3072 256 1 ) (-3072 212.319946 1 ) 
3 471 482 (-3063 190 1 ) (-3072 212.319931 1 ) (-3072 256 1 ) 
4 472 922 (-3072 256 32 ) (-3072 1024 32 ) (-3072 1024 1 ) (-3072 256 1 ) 
4 472 473 (-3063 322 1 ) (-2967.272705 1024 1 ) (-2967.272705 1024 32 ) (-3063 322 32 ) 
3 472 482 (-3072 1024 1 ) (-2967.272461 1024 1 ) (-3072 256 1 ) 
4 473 474 (-3038 384 1 ) (-2816 934.559875 1 ) (-2816 934.559875 32 ) (-3038 384 32 ) 
4 473 482 (-2967.272461 1024 1 ) (-2852.064453 1024 1 ) (-2816 934.559998 1 ) (-3063 322 1 ) 
4 474 475 (-2997 437 1 ) (-2746.133545 761.291504 1 ) (-2746.133545 761.291504 32 ) (-2997 437 32 ) 
3 474 482 (-2816 934.559998 1 ) (-2746.133301 761.290955 1 ) (-3038 384 1 ) 
4 475 476 (-2944.002441 478 1 ) (-2706.108887 662.029907 1 ) (-2706.108887 662.029907 32 ) (-2944.002441 478 32 ) 
3 475 482 (-2746.133301 761.290955 1 ) (-2706.108643 662.029541 1 ) (-2997 437 1 ) 
4 476 477 (-2881.998047 503 1 ) (-2675.550293 586.245239 1 ) (-2675.550293 586.245239 32 ) (-2881.998047 503 32 ) 
3 476 482 (-2706.108643 662.029541 1 ) (-2675.550537 586.245728 1 ) (-2944 478 1 ) 
4 477 480 (-2816 512 1 ) (-2744.546875 521.743896 1 ) (-2744.546875 521.743896 32 ) (-2816 512 32 ) 
4 477 478 (-2744.546875 521.743896 1 ) (-2654.493408 534.023926 1 ) (-2654.493408 534.023926 32 ) (-2744.546875 521.743896 32 ) 
3 477 482 (-2675.550537 586.245728 1 ) (-2654.493164 534.023621 1 ) (-2882 503 1 ) 
4 478 481 (-2713.966309 498.086304 1 ) (-2688.002197 478 1 ) (-2688.002197 478 32 ) (-2713.966309 498.086304 32 ) 
4 478 480 (-2744.550781 521.746094 32 ) (-2744.550781 521.746094 1 ) (-2713.966309 498.086304 1 ) (-2713.966309 498.086304 32 ) 
4 478 479 (-2634.998291 436.997864 1 ) (-2606.471680 414.930023 1 ) (-2606.471680 414.930023 32 ) (-2634.998291 436.997864 32 ) 
3 478 482 (-2654.493164 534.023621 1 ) (-2606.472168 414.931244 1 ) (-2744.546631 521.743652 1 ) 
3 479 482 (-2606.472168 414.931244 1 ) (-2594 384 1 ) (-2635 437 1 ) 
4 480 481 (-2750 503 1 ) (-2713.964600 498.085907 1 ) (-2713.964600 498.085907 32 ) (-2750 503 32 ) 
3 480 482 (-2816 512 1 ) (-2744.546631 521.743652 1 ) (-2713.965088 498.086151 1 ) 
3 481 482 (-2750 503 1 ) (-2713.965088 498.086151 1 ) (-2688 478 1 ) 
4 482 922 (-3072 0 0 ) (-3072 0 1 ) (-3072 1024 1 ) (-3072 1024 0 ) 
4 482 486 (-3072 0 1 ) (-3072 0 0 ) (-2048 0 0 ) (-2048 0 1 ) 
4 483 564 (-1195.951294 -1024 2560 ) (-1280 -1024 2560 ) (-1280 -1024 32 ) (-1195.951416 -1024 32 ) 
4 483 562 (-1109.612915 -1024 2560 ) (-1195.951294 -1024 2560 ) (-1195.951416 -1024 32 ) (-1109.613037 -1024 32 ) 
4 483 561 (-1280 -1024 2560 ) (-1323.680054 -1024 2560 ) (-1323.680054 -1024 32 ) (-1280 -1024 32 ) 
4 483 560 (-1323.680054 -1024 2560 ) (-1364.048706 -1024 2560 ) (-1364.048706 -1024 32 ) (-1323.680054 -1024 32 ) 
4 483 559 (-1364.048706 -1024 2560 ) (-1402.981201 -1024 2560 ) (-1402.981201 -1024 32 ) (-1364.048706 -1024 32 ) 
4 483 558 (-1402.981201 -1024 2560 ) (-1450.387085 -1024 2560 ) (-1450.387085 -1024 32 ) (-1402.981201 -1024 32 ) 
4 483 557 (-1450.387085 -1024 2560 ) (-1501.090820 -1024 2560 ) (-1501.090820 -1024 32 ) (-1450.387085 -1024 32 ) 
4 483 556 (-1501.090820 -1024 2560 ) (-1570.909058 -1024 2560 ) (-1570.909058 -1024 32 ) (-1501.090820 -1024 32 ) 
4 483 555 (-1570.909058 -1024 2560 ) (-1656.838867 -1024 2560 ) (-1656.838867 -1024 32 ) (-1570.909058 -1024 32 ) 
4 483 554 (-1656.838867 -1024 2560 ) (-1799.056641 -1024 2560 ) (-1799.056641 -1024 32 ) (-1656.838867 -1024 32 ) 
4 483 553 (-1799.056641 -1024 2560 ) (-2025.902222 -1024 2560 ) (-2025.902222 -1024 32 ) (-1799.056641 -1024 32 ) 
4 483 552 (-2025.902222 -1024 2560 ) (-2048 -1024 2560 ) (-2048 -1024 32 ) (-2025.902222 -1024 32 ) 
4 483 542 (-1024 -1024 32 ) (-1024 -1024 2560 ) (-1109.612915 -1024 2560 ) (-1109.613037 -1024 32 ) 
4 483 485 (-2048 0 2560 ) (-2048 0 32 ) (-2048 -1024 32 ) (-2048 -1024 2560 ) 
4 483 484 (-1024 -1024 32 ) (-2048 -1024 32 ) (-2048 0 32 ) (-1024 0 32 ) 
4 484 588 (-1195.951294 -1024 32 ) (-1280 -1024 32 ) (-1280 -1024 1 ) (-1195.951416 -1024 1 ) 
4 484 586 (-1109.612915 -1024 32 ) (-1195.951294 -1024 32 ) (-1195.951416 -1024 1 ) (-1109.613037 -1024 1 ) 
4 484 585 (-1280 -1024 32 ) (-1323.680054 -1024 32 ) (-1323.680054 -1024 1 ) (-1280 -1024 1 ) 
4 484 584 (-1323.680054 -1024 32 ) (-1364.048706 -1024 32 ) (-1364.048706 -1024 1 ) (-1323.680054 -1024 1 ) 
4 484 583 (-1364.048706 -1024 32 ) (-1402.981201 -1024 32 ) (-1402.981201 -1024 1 ) (-1364.048706 -1024 1 ) 
4 484 582 (-1402.981201 -1024 32 ) (-1450.387085 -1024 32 ) (-1450.387085 -1024 1 ) (-1402.981201 -1024 1 ) 
4 484 581 (-1450.387085 -1024 32 ) (-1501.090820 -1024 32 ) (-1501.090820 -1024 1 ) (-1450.387085 -1024 1 ) 
4 484 580 (-1501.090820 -1024 32 ) (-1570.909058 -1024 32 ) (-1570.909058 -1024 1 ) (-1501.090820 -1024 1 ) 
4 484 579 (-1570.909058 -1024 32 ) (-1656.838867 -1024 32 ) (-1656.838867 -1024 1 ) (-1570.909058 -1024 1 ) 
4 484 578 (-1656.838867 -1024 32 ) (-1799.056641 -1024 32 ) (-1799.056641 -1024 1 ) (-1656.838867 -1024 1 ) 
4 484 577 (-1799.056641 -1024 32 ) (-2025.902222 -1024 32 ) (-2025.902222 -1024 1 ) (-1799.056641 -1024 1 ) 
4 484 576 (-2025.902222 -1024 32 ) (-2048 -1024 32 ) (-2048 -1024 1 ) (-2025.902222 -1024 1 ) 
4 484 566 (-1024 -1024 1 ) (-1024 -1024 32 ) (-1109.612915 -1024 32 ) (-1109.613037 -1024 1 ) 
4 484 590 (-1024 -1024 0 ) (-1024 -1024 1 ) (-2048 -1024 1 ) (-2048 -1024 0 ) 
4 484 486 (-2048 0 32 ) (-2048 0 0 ) (-2048 -1024 0 ) (-2048 -1024 32 ) 
4 485 923 (-3072 -1024 32 ) (-3072 -1024 2560 ) (-3072 0 2560 ) (-3072 0 32 ) 
4 485 613 (-2731.950928 -1024 2560 ) (-2816 -1024 2560 ) (-2816 -1024 32 ) (-2731.950928 -1024 32 ) 
4 485 611 (-2645.612793 -1024 2560 ) (-2731.950928 -1024 2560 ) (-2731.950928 -1024 32 ) (-2645.612793 -1024 32 ) 
4 485 610 (-2816 -1024 2560 ) (-2859.680176 -1024 2560 ) (-2859.680176 -1024 32 ) (-2816 -1024 32 ) 
4 485 609 (-2859.680176 -1024 2560 ) (-2900.048828 -1024 2560 ) (-2900.048828 -1024 32 ) (-2859.680176 -1024 32 ) 
4 485 608 (-2900.048828 -1024 2560 ) (-2938.981201 -1024 2560 ) (-2938.981201 -1024 32 ) (-2900.048828 -1024 32 ) 
4 485 607 (-2938.981201 -1024 2560 ) (-2986.387207 -1024 2560 ) (-2986.387207 -1024 32 ) (-2938.981201 -1024 32 ) 
4 485 606 (-2986.387207 -1024 2560 ) (-3037.091064 -1024 2560 ) (-3037.091064 -1024 32 ) (-2986.387207 -1024 32 ) 
4 485 605 (-3037.091064 -1024 2560 ) (-3072 -1024 2560 ) (-3072 -1024 32 ) (-3037.091064 -1024 32 ) 
4 485 591 (-2048 -1024 32 ) (-2048 -1024 2560 ) (-2645.612793 -1024 2560 ) (-2645.612793 -1024 32 ) 
4 485 486 (-3072 -1024 32 ) (-3072 0 32 ) (-2048 0 32 ) (-2048 -1024 32 ) 
4 486 924 (-3072 -1024 0 ) (-3072 -1024 32 ) (-3072 0 32 ) (-3072 0 0 ) 
4 486 637 (-2731.950928 -1024 32 ) (-2816 -1024 32 ) (-2816 -1024 1 ) (-2731.950928 -1024 1 ) 
4 486 635 (-2645.612793 -1024 32 ) (-2731.950928 -1024 32 ) (-2731.950928 -1024 1 ) (-2645.612793 -1024 1 ) 
4 486 634 (-2816 -1024 32 ) (-2859.680176 -1024 32 ) (-2859.680176 -1024 1 ) (-2816 -1024 1 ) 
4 486 633 (-2859.680176 -1024 32 ) (-2900.048828 -1024 32 ) (-2900.048828 -1024 1 ) (-2859.680176 -1024 1 ) 
4 486 632 (-2900.048828 -1024 32 ) (-2938.981201 -1024 32 ) (-2938.981201 -1024 1 ) (-2900.048828 -1024 1 ) 
4 486 631 (-2938.981201 -1024 32 ) (-2986.387207 -1024 32 ) (-2986.387207 -1024 1 ) (-2938.981201 -1024 1 ) 
4 486 630 (-2986.387207 -1024 32 ) (-3037.091064 -1024 32 ) (-3037.091064 -1024 1 ) (-2986.387207 -1024 1 ) 
4 486 629 (-3037.091064 -1024 32 ) (-3072 -1024 32 ) (-3072 -1024 1 ) (-3037.091064 -1024 1 ) 
4 486 615 (-2048 -1024 1 ) (-2048 -1024 32 ) (-2645.612793 -1024 32 ) (-2645.612793 -1024 1 ) 
4 486 639 (-2048 -1024 0 ) (-2048 -1024 1 ) (-3072 -1024 1 ) (-3072 -1024 0 ) 
4 487 538 (1024 -2048 32 ) (1024 -2048 2560 ) (839.290283 -2048 2560 ) (839.290344 -2048 32 ) 
4 487 511 (1024 -2048 32 ) (839.290283 -2048 32 ) (426.387085 -1024 32 ) (1024 -1024 32 ) 
4 487 508 (465.526947 -1121.067993 32 ) (478 -1151.998779 32 ) (477.997406 -1151.996704 2560 ) (465.525818 -1121.067139 2560 ) 
4 487 507 (426.386719 -1024 32 ) (465.526947 -1121.067993 32 ) (465.525818 -1121.067139 2560 ) (426.385834 -1024 2560 ) 
4 487 488 (503 -1214.001953 32 ) (839.289063 -2048 32 ) (839.289063 -2048 2560 ) (503 -1214.004639 2560 ) 
4 488 538 (839.290283 -2048 2560 ) (616.727295 -2048 2560 ) (616.727295 -2048 32 ) (839.290344 -2048 32 ) 
3 488 512 (839.290283 -2048 32 ) (616.727295 -2048 32 ) (503 -1214 32 ) 
4 488 489 (512 -1280.001099 32 ) (616.727051 -2048 32 ) (616.726563 -2048 2560 ) (512 -1280.001221 2560 ) 
4 489 538 (616.727295 -2048 2560 ) (407.272766 -2048 2560 ) (407.272766 -2048 32 ) (616.727295 -2048 32 ) 
3 489 513 (616.727295 -2048 32 ) (407.272766 -2048 32 ) (512 -1280 32 ) 
4 489 490 (503 -1346 32 ) (407.272797 -2048 32 ) (407.272949 -2048 2560 ) (503 -1346 2560 ) 
4 490 538 (407.272766 -2048 2560 ) (219.935440 -2048 2560 ) (219.935440 -2048 32 ) (407.272766 -2048 32 ) 
3 490 514 (407.272766 -2048 32 ) (219.935440 -2048 32 ) (503 -1346 32 ) 
4 490 491 (478 -1408 32 ) (219.935852 -2048 32 ) (219.935959 -2048 2560 ) (478 -1408 2560 ) 
4 491 538 (219.935440 -2048 2560 ) (0 -2048 2560 ) (0 -2048 32 ) (219.935440 -2048 32 ) 
4 491 536 (0 -2025.902466 32 ) (0 -2048 32 ) (0 -2048 2560 ) (0 -2025.902466 2560 ) 
4 491 515 (219.935440 -2048 32 ) (0 -2048 32 ) (0 -2025.902466 32 ) (478 -1408 32 ) 
4 491 492 (437 -1461 32 ) (0 -2025.902954 32 ) (0 -2025.903198 2560 ) (437.001190 -1461 2560 ) 
4 492 536 (0 -1799.056641 32 ) (0 -2025.902466 32 ) (0 -2025.902466 2560 ) (0 -1799.056519 2560 ) 
3 492 516 (0 -2025.902466 32 ) (0 -1799.056519 32 ) (437 -1461 32 ) 
4 492 493 (384.002991 -1501.998779 32 ) (0 -1799.057617 32 ) (0 -1799.058594 2560 ) (384.003174 -1501.998779 2560 ) 
4 493 536 (0 -1656.838623 32 ) (0 -1799.056641 32 ) (0 -1799.056519 2560 ) (0 -1656.838745 2560 ) 
3 493 517 (0 -1799.056519 32 ) (0 -1656.838745 32 ) (384 -1502 32 ) 
4 493 494 (321.992462 -1527.001099 32 ) (0 -1656.836792 32 ) (0 -1656.835938 2560 ) (321.991943 -1527.001221 2560 ) 
4 494 536 (0 -1570.909058 32 ) (0 -1656.838623 32 ) (0 -1656.838745 2560 ) (0 -1570.909058 2560 ) 
3 494 518 (0 -1656.838745 32 ) (0 -1570.909058 32 ) (322 -1527 32 ) 
4 494 495 (256 -1536 32 ) (0 -1570.909302 32 ) (0 -1570.908203 2560 ) (256 -1536 2560 ) 
4 495 536 (0 -1501.090820 32 ) (0 -1570.909058 32 ) (0 -1570.909058 2560 ) (0 -1501.090820 2560 ) 
3 495 519 (0 -1570.909058 32 ) (0 -1501.090820 32 ) (256 -1536 32 ) 
4 495 496 (190 -1527 32 ) (0 -1501.090942 32 ) (0 -1501.090820 2560 ) (190 -1527 2560 ) 
4 496 536 (0 -1450.387085 32 ) (0 -1501.090820 32 ) (0 -1501.090820 2560 ) (0 -1450.387085 2560 ) 
3 496 520 (0 -1501.090820 32 ) (0 -1450.387085 32 ) (190 -1527 32 ) 
4 496 497 (127.996078 -1501.996826 32 ) (0 -1450.385498 32 ) (0 -1450.386719 2560 ) (127.997169 -1501.997681 2560 ) 
4 497 536 (0 -1402.981079 32 ) (0 -1450.387085 32 ) (0 -1450.387085 2560 ) (0 -1402.981079 2560 ) 
3 497 521 (0 -1450.387085 32 ) (0 -1402.981079 32 ) (128 -1502 32 ) 
4 497 498 (74.997223 -1460.996338 32 ) (0 -1402.979614 32 ) (0 -1402.979980 2560 ) (74.997604 -1460.996826 2560 ) 
4 498 536 (0 -1364.048706 32 ) (0 -1402.981079 32 ) (0 -1402.981079 2560 ) (0 -1364.048706 2560 ) 
3 498 522 (0 -1402.981079 32 ) (0 -1364.048706 32 ) (75 -1461 32 ) 
4 498 499 (34.003738 -1408.009277 32 ) (0 -1364.053223 32 ) (0 -1364.050781 2560 ) (34.002609 -1408.006470 2560 ) 
4 499 536 (0 -1323.679932 32 ) (0 -1364.048706 32 ) (0 -1364.048706 2560 ) (0 -1323.680054 2560 ) 
3 499 523 (0 -1364.048706 32 ) (0 -1323.680054 32 ) (34 -1408 32 ) 
4 499 500 (9 -1346.004272 32 ) (0 -1323.682861 32 ) (0 -1323.682861 2560 ) (9 -1346.004272 2560 ) 
4 500 536 (0 -1280 32 ) (0 -1323.679932 32 ) (0 -1323.680054 2560 ) (0 -1280 2560 ) 
3 500 524 (0 -1323.680054 32 ) (0 -1280 32 ) (9 -1346 32 ) 
4 501 536 (0 -1024 2560 ) (0 -1024 32 ) (0 -1280 32 ) (0 -1280 2560 ) 
3 501 525 (0 -1280 32 ) (0 -1024 32 ) (34.909096 -1024 32 ) 
4 501 502 (9 -1213.998047 32 ) (34.909634 -1024 32 ) (34.909637 -1024 2560 ) (9 -1213.998047 2560 ) 
3 502 526 (9 -1214 32 ) (34.909096 -1024 32 ) (85.612946 -1024 32 ) 
4 502 503 (34 -1152 32 ) (85.612503 -1024 32 ) (85.612442 -1024 2560 ) (34 -1152.001099 2560 ) 
3 503 527 (34 -1152 32 ) (85.612946 -1024 32 ) (133.018860 -1024 32 ) 
4 503 504 (74.994064 -1099.004639 32 ) (133.016586 -1024 32 ) (133.016571 -1024 2560 ) (74.993973 -1099.004761 2560 ) 
3 504 528 (75 -1099 32 ) (133.018860 -1024 32 ) (171.951279 -1024 32 ) 
4 504 505 (128 -1058 32 ) (171.950897 -1024 32 ) (171.950943 -1024 2560 ) (128 -1058 2560 ) 
3 505 529 (128 -1058 32 ) (171.951279 -1024 32 ) (212.319992 -1024 32 ) 
4 505 506 (190 -1033 32 ) (212.319534 -1024 32 ) (212.319458 -1024 2560 ) (190 -1033 2560 ) 
3 506 530 (190 -1033 32 ) (212.319992 -1024 32 ) (256 -1024 32 ) 
3 507 531 (340.048828 -1024 32 ) (426.387085 -1024 32 ) (465.527649 -1121.068604 32 ) 
4 507 510 (358.035461 -1037.913940 32 ) (384 -1058 32 ) (384 -1058 2560 ) (358.035522 -1037.913940 2560 ) 
4 507 509 (340.049194 -1024 32 ) (358.035461 -1037.913940 32 ) (358.035522 -1037.913940 2560 ) (340.049255 -1024 2560 ) 
4 507 508 (437 -1099 32 ) (465.527527 -1121.068237 32 ) (465.527496 -1121.068237 2560 ) (437 -1099 2560 ) 
3 508 532 (437 -1099 32 ) (465.527649 -1121.068604 32 ) (478 -1152 32 ) 
3 509 533 (256 -1024 32 ) (340.048828 -1024 32 ) (358.034973 -1037.913818 32 ) 
4 509 510 (322.001587 -1033 32 ) (358.032928 -1037.914063 32 ) (358.032990 -1037.914063 2560 ) (322.001526 -1033 2560 ) 
3 510 534 (322 -1033 32 ) (358.034973 -1037.913818 32 ) (384 -1058 32 ) 
4 511 539 (1024 -2048 1 ) (1024 -2048 32 ) (839.290283 -2048 32 ) (839.290344 -2048 1 ) 
4 511 532 (465.526276 -1121.067505 1 ) (477.998077 -1151.997559 1 ) (478.003082 -1152.003906 32 ) (465.529846 -1121.070313 32 ) 
4 511 531 (426.386139 -1024 1 ) (465.526276 -1121.067505 1 ) (465.529846 -1121.070313 32 ) (426.388672 -1024 32 ) 
4 511 512 (503 -1214.003540 1 ) (839.289307 -2048 1 ) (839.291321 -2048 32 ) (503 -1213.994507 32 ) 
4 511 535 (1024 -2048 1 ) (839.290283 -2048 1 ) (426.387085 -1024 1 ) (1024 -1024 1 ) 
4 512 539 (839.290283 -2048 32 ) (616.727295 -2048 32 ) (616.727295 -2048 1 ) (839.290344 -2048 1 ) 
4 512 513 (512 -1280.001099 1 ) (616.727051 -2048 1 ) (616.727539 -2048 32 ) (512 -1280 32 ) 
3 512 535 (839.290283 -2048 1 ) (616.727295 -2048 1 ) (503 -1214 1 ) 
4 513 539 (616.727295 -2048 32 ) (407.272766 -2048 32 ) (407.272766 -2048 1 ) (616.727295 -2048 1 ) 
4 513 514 (503 -1346 1 ) (407.272797 -2048 1 ) (407.272919 -2048 32 ) (503 -1346 32 ) 
3 513 535 (616.727295 -2048 1 ) (407.272766 -2048 1 ) (512 -1280 1 ) 
4 514 539 (407.272766 -2048 32 ) (219.935440 -2048 32 ) (219.935440 -2048 1 ) (407.272766 -2048 1 ) 
4 514 515 (478 -1408 1 ) (219.935852 -2048 1 ) (219.935547 -2048 32 ) (478 -1408 32 ) 
3 514 535 (407.272766 -2048 1 ) (219.935440 -2048 1 ) (503 -1346 1 ) 
4 515 539 (219.935440 -2048 32 ) (0 -2048 32 ) (0 -2048 1 ) (219.935440 -2048 1 ) 
4 515 537 (0 -2025.902466 1 ) (0 -2048 1 ) (0 -2048 32 ) (0 -2025.902466 32 ) 
4 515 516 (437.001007 -1461 1 ) (0 -2025.903076 1 ) (0 -2025.898438 32 ) (437 -1461 32 ) 
4 515 535 (219.935440 -2048 1 ) (0 -2048 1 ) (0 -2025.902466 1 ) (478 -1408 1 ) 
4 516 537 (0 -1799.056641 1 ) (0 -2025.902466 1 ) (0 -2025.902466 32 ) (0 -1799.056519 32 ) 
4 516 517 (384.002991 -1501.998779 1 ) (0 -1799.057617 1 ) (0 -1799.058594 32 ) (384.003296 -1501.998657 32 ) 
3 516 535 (0 -2025.902466 1 ) (0 -1799.056519 1 ) (437 -1461 1 ) 
4 517 537 (0 -1656.838623 1 ) (0 -1799.056641 1 ) (0 -1799.056519 32 ) (0 -1656.838745 32 ) 
4 517 518 (321.992462 -1527.001099 1 ) (0 -1656.836792 1 ) (0 -1656.835938 32 ) (321.991943 -1527.001221 32 ) 
3 517 535 (0 -1799.056519 1 ) (0 -1656.838745 1 ) (384 -1502 1 ) 
4 518 537 (0 -1570.909058 1 ) (0 -1656.838623 1 ) (0 -1656.838745 32 ) (0 -1570.909058 32 ) 
4 518 519 (256 -1536 1 ) (0 -1570.909302 1 ) (0 -1570.908203 32 ) (256 -1536 32 ) 
3 518 535 (0 -1656.838745 1 ) (0 -1570.909058 1 ) (322 -1527 1 ) 
4 519 537 (0 -1501.090820 1 ) (0 -1570.909058 1 ) (0 -1570.909058 32 ) (0 -1501.090820 32 ) 
4 519 520 (190 -1527 1 ) (0 -1501.090942 1 ) (0 -1501.090820 32 ) (190 -1527 32 ) 
3 519 535 (0 -1570.909058 1 ) (0 -1501.090820 1 ) (256 -1536 1 ) 
4 520 537 (0 -1450.387085 1 ) (0 -1501.090820 1 ) (0 -1501.090820 32 ) (0 -1450.387085 32 ) 
4 520 521 (127.996078 -1501.996826 1 ) (0 -1450.385498 1 ) (0 -1450.385620 32 ) (127.996078 -1501.996826 32 ) 
3 520 535 (0 -1501.090820 1 ) (0 -1450.387085 1 ) (190 -1527 1 ) 
4 521 537 (0 -1402.981079 1 ) (0 -1450.387085 1 ) (0 -1450.387085 32 ) (0 -1402.981079 32 ) 
4 521 522 (74.997223 -1460.996338 1 ) (0 -1402.979614 1 ) (0 -1402.980469 32 ) (74.997940 -1460.997192 32 ) 
3 521 535 (0 -1450.387085 1 ) (0 -1402.981079 1 ) (128 -1502 1 ) 
4 522 537 (0 -1364.048706 1 ) (0 -1402.981079 1 ) (0 -1402.981079 32 ) (0 -1364.048706 32 ) 
4 522 523 (34.003738 -1408.009277 1 ) (0 -1364.053223 1 ) (0 -1364.052856 32 ) (34.003590 -1408.008911 32 ) 
3 522 535 (0 -1402.981079 1 ) (0 -1364.048706 1 ) (75 -1461 1 ) 
4 523 537 (0 -1323.679932 1 ) (0 -1364.048706 1 ) (0 -1364.048706 32 ) (0 -1323.680054 32 ) 
4 523 524 (9 -1346.004272 1 ) (0 -1323.682861 1 ) (0 -1323.683594 32 ) (9 -1346.005127 32 ) 
3 523 535 (0 -1364.048706 1 ) (0 -1323.680054 1 ) (34 -1408 1 ) 
4 524 537 (0 -1280 1 ) (0 -1323.679932 1 ) (0 -1323.680054 32 ) (0 -1280 32 ) 
3 524 535 (0 -1323.680054 1 ) (0 -1280 1 ) (9 -1346 1 ) 
4 525 537 (0 -1024 32 ) (0 -1024 1 ) (0 -1280 1 ) (0 -1280 32 ) 
4 525 526 (9 -1213.998047 1 ) (34.909634 -1024 1 ) (34.909637 -1024 32 ) (9 -1213.998047 32 ) 
3 525 535 (0 -1280 1 ) (0 -1024 1 ) (34.909096 -1024 1 ) 
4 526 527 (34 -1152 1 ) (85.612503 -1024 1 ) (85.612488 -1024 32 ) (34 -1152 32 ) 
3 526 535 (9 -1214 1 ) (34.909096 -1024 1 ) (85.612946 -1024 1 ) 
4 527 528 (74.994064 -1099.004639 1 ) (133.016586 -1024 1 ) (133.016586 -1024 32 ) (74.994064 -1099.004639 32 ) 
3 527 535 (34 -1152 1 ) (85.612946 -1024 1 ) (133.018860 -1024 1 ) 
4 528 529 (128 -1058 1 ) (171.950897 -1024 1 ) (171.950882 -1024 32 ) (128 -1058 32 ) 
3 528 535 (75 -1099 1 ) (133.018860 -1024 1 ) (171.951279 -1024 1 ) 
4 529 530 (190 -1033 1 ) (212.319534 -1024 1 ) (212.319534 -1024 32 ) (190 -1033 32 ) 
3 529 535 (128 -1058 1 ) (171.951279 -1024 1 ) (212.319992 -1024 1 ) 
3 530 535 (190 -1033 1 ) (212.319992 -1024 1 ) (256 -1024 1 ) 
4 531 534 (358.035461 -1037.913940 1 ) (384 -1058 1 ) (384 -1058 32 ) (358.035461 -1037.913940 32 ) 
4 531 533 (340.049194 -1024 1 ) (358.035461 -1037.913940 1 ) (358.035461 -1037.913940 32 ) (340.049194 -1024 32 ) 
4 531 532 (437 -1099 1 ) (465.527496 -1121.068237 1 ) (465.527496 -1121.068237 32 ) (437 -1099 32 ) 
3 531 535 (340.048828 -1024 1 ) (426.387085 -1024 1 ) (465.527649 -1121.068604 1 ) 
3 532 535 (437 -1099 1 ) (465.527649 -1121.068604 1 ) (478 -1152 1 ) 
4 533 534 (322.001587 -1033 1 ) (358.032928 -1037.914063 1 ) (358.032928 -1037.914063 32 ) (322.001587 -1033 32 ) 
3 533 535 (256 -1024 1 ) (340.048828 -1024 1 ) (358.034973 -1037.913818 1 ) 
3 534 535 (322 -1033 1 ) (358.034973 -1037.913818 1 ) (384 -1058 1 ) 
4 535 539 (1024 -2048 0 ) (1024 -2048 1 ) (0 -2048 1 ) (0 -2048 0 ) 
4 535 537 (0 -1024 1 ) (0 -1024 0 ) (0 -2048 0 ) (0 -2048 1 ) 
4 536 544 (-1024 -1280 32 ) (-1024 -2048 32 ) (-1024 -2048 2560 ) (-1024 -1280 2560 ) 
4 536 543 (-1024 -1236.320068 32 ) (-1024 -1280 32 ) (-1024 -1280 2560 ) (-1024 -1236.320068 2560 ) 
4 536 542 (-1024 -1024 2560 ) (-1024 -1024 32 ) (-1024 -1236.320068 32 ) (-1024 -1236.320068 2560 ) 
4 536 540 (0 -2048 32 ) (0 -2048 2560 ) (-1024 -2048 2560 ) (-1024 -2048 32 ) 
4 536 537 (-1024 -1024 32 ) (0 -1024 32 ) (0 -2048 32 ) (-1024 -2048 32 ) 
4 537 568 (-1024 -1280 1 ) (-1024 -2048 1 ) (-1024 -2048 32 ) (-1024 -1280 32 ) 
4 537 567 (-1024 -1236.320068 1 ) (-1024 -1280 1 ) (-1024 -1280 32 ) (-1024 -1236.320068 32 ) 
4 537 566 (-1024 -1024 32 ) (-1024 -1024 1 ) (-1024 -1236.320068 1 ) (-1024 -1236.320068 32 ) 
4 537 590 (-1024 -1024 1 ) (-1024 -1024 0 ) (-1024 -2048 0 ) (-1024 -2048 1 ) 
4 537 541 (0 -2048 0 ) (0 -2048 32 ) (-1024 -2048 32 ) (-1024 -2048 0 ) 
4 538 540 (0 -2048 2560 ) (0 -2048 32 ) (0 -2560 32 ) (0 -2560 2560 ) 
4 538 539 (0 -2560 32 ) (0 -2048 32 ) (1024 -2048 32 ) (1024 -2560 32 ) 
4 539 541 (0 -2560 0 ) (0 -2560 32 ) (0 -2048 32 ) (0 -2048 0 ) 
4 540 640 (-1024 -2048 2560 ) (-1024 -2048 32 ) (-1024 -2560 32 ) (-1024 -2560 2560 ) 
4 540 541 (-1024 -2048 32 ) (0 -2048 32 ) (0 -2560 32 ) (-1024 -2560 32 ) 
4 541 641 (-1024 -2560 0 ) (-1024 -2560 32 ) (-1024 -2048 32 ) (-1024 -2048 0 ) 
3 542 566 (-1109.613037 -1024 32 ) (-1024 -1024 32 ) (-1024 -1236.320068 32 ) 
4 542 563 (-1070.472656 -1121.068359 32 ) (-1058 -1152 32 ) (-1057.994385 -1152.007324 2560 ) (-1070.468506 -1121.071533 2560 ) 
4 542 562 (-1109.613281 -1024 32 ) (-1070.472656 -1121.068359 32 ) (-1070.468506 -1121.071533 2560 ) (-1109.610229 -1024 2560 ) 
4 542 543 (-1033 -1214 32 ) (-1024 -1236.320313 32 ) (-1024 -1236.313477 2560 ) (-1033.001465 -1213.989868 2560 ) 
3 543 567 (-1033 -1214 32 ) (-1024 -1236.320068 32 ) (-1024 -1280 32 ) 
4 544 640 (-1024 -2048 32 ) (-1024 -2048 2560 ) (-1128.727295 -2048 2560 ) (-1128.727295 -2048 32 ) 
3 544 568 (-1024 -2048 32 ) (-1128.727295 -2048 32 ) (-1024 -1280 32 ) 
4 544 545 (-1033 -1346 32 ) (-1128.727295 -2048 32 ) (-1128.727539 -2048 2560 ) (-1033 -1346 2560 ) 
4 545 640 (-1128.727295 -2048 2560 ) (-1316.064453 -2048 2560 ) (-1316.064453 -2048 32 ) (-1128.727295 -2048 32 ) 
3 545 569 (-1128.727295 -2048 32 ) (-1316.064453 -2048 32 ) (-1033 -1346 32 ) 
4 545 546 (-1058 -1408 32 ) (-1316.064575 -2048 32 ) (-1316.064575 -2048 2560 ) (-1058 -1408 2560 ) 
4 546 640 (-1316.064453 -2048 2560 ) (-1553.094360 -2048 2560 ) (-1553.094360 -2048 32 ) (-1316.064453 -2048 32 ) 
3 546 570 (-1316.064453 -2048 32 ) (-1553.094360 -2048 32 ) (-1058 -1408 32 ) 
4 546 547 (-1099 -1461 32 ) (-1553.094604 -2048 32 ) (-1553.097656 -2048 2560 ) (-1099.001099 -1461 2560 ) 
4 547 640 (-1553.094360 -2048 2560 ) (-1857.804932 -2048 2560 ) (-1857.804932 -2048 32 ) (-1553.094360 -2048 32 ) 
3 547 571 (-1553.094360 -2048 32 ) (-1857.804932 -2048 32 ) (-1099 -1461 32 ) 
4 547 548 (-1151.994507 -1501.997681 32 ) (-1857.802368 -2048 32 ) (-1857.799561 -2048 2560 ) (-1151.993896 -1501.997314 2560 ) 
4 548 640 (-1857.804932 -2048 2560 ) (-2048 -2048 2560 ) (-2048 -2048 32 ) (-1857.804932 -2048 32 ) 
4 548 591 (-2048 -1863.290283 32 ) (-2048 -2048 32 ) (-2048 -2048 2560 ) (-2048 -1863.290283 2560 ) 
4 548 572 (-1857.804932 -2048 32 ) (-2048 -2048 32 ) (-2048 -1863.290283 32 ) (-1152 -1502 32 ) 
4 548 549 (-1214.003418 -1527 32 ) (-2048 -1863.289429 32 ) (-2048 -1863.288452 2560 ) (-1214.003662 -1527 2560 ) 
4 549 591 (-2048 -1640.727173 32 ) (-2048 -1863.290283 32 ) (-2048 -1863.290283 2560 ) (-2048 -1640.727173 2560 ) 
3 549 573 (-2048 -1863.290283 32 ) (-2048 -1640.727173 32 ) (-1214 -1527 32 ) 
4 549 550 (-1279.998291 -1536 32 ) (-2048 -1640.727783 32 ) (-2048 -1640.727539 2560 ) (-1279.998413 -1536 2560 ) 
4 550 591 (-2048 -1431.272827 32 ) (-2048 -1640.727173 32 ) (-2048 -1640.727173 2560 ) (-2048 -1431.272827 2560 ) 
3 550 574 (-2048 -1640.727173 32 ) (-2048 -1431.272827 32 ) (-1280 -1536 32 ) 
4 550 551 (-1346.003052 -1526.998779 32 ) (-2048 -1431.271973 32 ) (-2048 -1431.271973 2560 ) (-1346.002808 -1526.998901 2560 ) 
4 551 591 (-2048 -1243.935547 32 ) (-2048 -1431.272827 32 ) (-2048 -1431.272827 2560 ) (-2048 -1243.935547 2560 ) 
3 551 575 (-2048 -1431.272827 32 ) (-2048 -1243.935547 32 ) (-1346 -1527 32 ) 
4 551 552 (-1408.003540 -1501.997192 32 ) (-2048 -1243.934082 32 ) (-2048 -1243.935547 2560 ) (-1408.002930 -1501.997559 2560 ) 
4 552 591 (-2048 -1024 2560 ) (-2048 -1024 32 ) (-2048 -1243.935547 32 ) (-2048 -1243.935547 2560 ) 
4 552 576 (-2048 -1243.935547 32 ) (-2048 -1024 32 ) (-2025.902222 -1024 32 ) (-1408 -1502 32 ) 
4 552 553 (-1461.005615 -1460.992920 32 ) (-2025.898804 -1024 32 ) (-2025.898438 -1024 2560 ) (-1461.005127 -1460.993408 2560 ) 
3 553 577 (-2025.902222 -1024 32 ) (-1799.056641 -1024 32 ) (-1461 -1461 32 ) 
4 553 554 (-1502.003784 -1407.990845 32 ) (-1799.053345 -1024 32 ) (-1799.050781 -1024 2560 ) (-1502.004028 -1407.990234 2560 ) 
3 554 578 (-1799.056641 -1024 32 ) (-1656.838867 -1024 32 ) (-1502 -1408 32 ) 
4 554 555 (-1527 -1345.998291 32 ) (-1656.838379 -1024 32 ) (-1656.837891 -1024 2560 ) (-1527 -1345.997925 2560 ) 
3 555 579 (-1656.838867 -1024 32 ) (-1570.909058 -1024 32 ) (-1527 -1346 32 ) 
4 555 556 (-1536 -1279.998291 32 ) (-1570.908691 -1024 32 ) (-1570.908691 -1024 2560 ) (-1536 -1279.998291 2560 ) 
3 556 580 (-1570.909058 -1024 32 ) (-1501.090820 -1024 32 ) (-1536 -1280 32 ) 
4 556 557 (-1527 -1214.001465 32 ) (-1501.091187 -1024 32 ) (-1501.091187 -1024 2560 ) (-1527 -1214.001343 2560 ) 
3 557 581 (-1501.090820 -1024 32 ) (-1450.387085 -1024 32 ) (-1527 -1214 32 ) 
4 557 558 (-1502 -1152 32 ) (-1450.386963 -1024 32 ) (-1450.386963 -1024 2560 ) (-1502 -1152 2560 ) 
3 558 582 (-1450.387085 -1024 32 ) (-1402.981201 -1024 32 ) (-1502 -1152 32 ) 
4 558 559 (-1461.012939 -1099.010132 32 ) (-1402.986328 -1024 32 ) (-1402.986328 -1024 2560 ) (-1461.012939 -1099.010132 2560 ) 
3 559 583 (-1402.981201 -1024 32 ) (-1364.048706 -1024 32 ) (-1461 -1099 32 ) 
4 559 560 (-1407.994141 -1057.997681 32 ) (-1364.046021 -1024 32 ) (-1364.046021 -1024 2560 ) (-1407.994141 -1057.997559 2560 ) 
3 560 584 (-1364.048706 -1024 32 ) (-1323.680054 -1024 32 ) (-1408 -1058 32 ) 
4 560 561 (-1346.002319 -1033 32 ) (-1323.681396 -1024 32 ) (-1323.681519 -1024 2560 ) (-1346.002441 -1033 2560 ) 
3 561 585 (-1323.680054 -1024 32 ) (-1280 -1024 32 ) (-1346 -1033 32 ) 
3 562 586 (-1195.951416 -1024 32 ) (-1109.613037 -1024 32 ) (-1070.472412 -1121.068604 32 ) 
4 562 565 (-1177.966797 -1037.913696 32 ) (-1152.003418 -1057.998657 32 ) (-1152.003418 -1057.998657 2560 ) (-1177.966797 -1037.913696 2560 ) 
4 562 564 (-1195.952759 -1024 32 ) (-1177.966797 -1037.913696 32 ) (-1177.966797 -1037.913696 2560 ) (-1195.952759 -1024 2560 ) 
4 562 563 (-1098.997925 -1099.002808 32 ) (-1070.471680 -1121.070313 32 ) (-1070.471680 -1121.070313 2560 ) (-1098.997925 -1099.002808 2560 ) 
3 563 587 (-1099 -1099 32 ) (-1070.472412 -1121.068604 32 ) (-1058 -1152 32 ) 
3 564 588 (-1280 -1024 32 ) (-1195.951416 -1024 32 ) (-1177.965210 -1037.913818 32 ) 
4 564 565 (-1214.001587 -1033 32 ) (-1177.965210 -1037.913452 32 ) (-1177.965210 -1037.913452 2560 ) (-1214.001587 -1033 2560 ) 
3 565 589 (-1214 -1033 32 ) (-1177.965210 -1037.913818 32 ) (-1152 -1058 32 ) 
4 566 587 (-1070.470337 -1121.070190 1 ) (-1057.997070 -1152.003784 1 ) (-1057.996826 -1152.004028 32 ) (-1070.470093 -1121.070435 32 ) 
4 566 586 (-1109.611572 -1024 1 ) (-1070.470337 -1121.070190 1 ) (-1070.470093 -1121.070435 32 ) (-1109.611328 -1024 32 ) 
4 566 567 (-1033 -1213.994873 1 ) (-1024 -1236.316650 1 ) (-1024 -1236.316406 32 ) (-1033 -1213.994507 32 ) 
3 566 590 (-1109.613037 -1024 1 ) (-1024 -1024 1 ) (-1024 -1236.320068 1 ) 
3 567 590 (-1033 -1214 1 ) (-1024 -1236.320068 1 ) (-1024 -1280 1 ) 
4 568 641 (-1024 -2048 1 ) (-1024 -2048 32 ) (-1128.727295 -2048 32 ) (-1128.727295 -2048 1 ) 
4 568 569 (-1033 -1346 1 ) (-1128.727295 -2048 1 ) (-1128.727295 -2048 32 ) (-1033 -1346 32 ) 
3 568 590 (-1024 -2048 1 ) (-1128.727295 -2048 1 ) (-1024 -1280 1 ) 
4 569 641 (-1128.727295 -2048 32 ) (-1316.064453 -2048 32 ) (-1316.064453 -2048 1 ) (-1128.727295 -2048 1 ) 
4 569 570 (-1058 -1408 1 ) (-1316.064453 -2048 1 ) (-1316.064453 -2048 32 ) (-1058 -1408 32 ) 
3 569 590 (-1128.727295 -2048 1 ) (-1316.064453 -2048 1 ) (-1033 -1346 1 ) 
4 570 641 (-1316.064453 -2048 32 ) (-1553.094360 -2048 32 ) (-1553.094360 -2048 1 ) (-1316.064453 -2048 1 ) 
4 570 571 (-1099 -1461 1 ) (-1553.094482 -2048 1 ) (-1553.095215 -2048 32 ) (-1099 -1461 32 ) 
3 570 590 (-1316.064453 -2048 1 ) (-1553.094360 -2048 1 ) (-1058 -1408 1 ) 
4 571 641 (-1553.094360 -2048 32 ) (-1857.804932 -2048 32 ) (-1857.804932 -2048 1 ) (-1553.094360 -2048 1 ) 
4 571 572 (-1151.994507 -1501.997681 1 ) (-1857.802246 -2048 1 ) (-1857.804688 -2048 32 ) (-1151.994873 -1501.997803 32 ) 
3 571 590 (-1553.094360 -2048 1 ) (-1857.804932 -2048 1 ) (-1099 -1461 1 ) 
4 572 641 (-1857.804932 -2048 32 ) (-2048 -2048 32 ) (-2048 -2048 1 ) (-1857.804932 -2048 1 ) 
4 572 615 (-2048 -1863.290283 1 ) (-2048 -2048 1 ) (-2048 -2048 32 ) (-2048 -1863.290283 32 ) 
4 572 573 (-1214.003418 -1527 1 ) (-2048 -1863.289429 1 ) (-2048 -1863.289063 32 ) (-1214.003540 -1527 32 ) 
4 572 590 (-1857.804932 -2048 1 ) (-2048 -2048 1 ) (-2048 -1863.290283 1 ) (-1152 -1502 1 ) 
4 573 615 (-2048 -1640.727173 1 ) (-2048 -1863.290283 1 ) (-2048 -1863.290283 32 ) (-2048 -1640.727173 32 ) 
4 573 574 (-1279.998291 -1536 1 ) (-2048 -1640.727783 1 ) (-2048 -1640.727539 32 ) (-1279.998291 -1536 32 ) 
3 573 590 (-2048 -1863.290283 1 ) (-2048 -1640.727173 1 ) (-1214 -1527 1 ) 
4 574 615 (-2048 -1431.272827 1 ) (-2048 -1640.727173 1 ) (-2048 -1640.727173 32 ) (-2048 -1431.272827 32 ) 
4 574 575 (-1346.003052 -1526.998779 1 ) (-2048 -1431.271973 1 ) (-2048 -1431.271484 32 ) (-1346.003174 -1526.998779 32 ) 
3 574 590 (-2048 -1640.727173 1 ) (-2048 -1431.272827 1 ) (-1280 -1536 1 ) 
4 575 615 (-2048 -1243.935547 1 ) (-2048 -1431.272827 1 ) (-2048 -1431.272827 32 ) (-2048 -1243.935547 32 ) 
4 575 576 (-1408.003540 -1501.997192 1 ) (-2048 -1243.934082 1 ) (-2048 -1243.935181 32 ) (-1408.003174 -1501.997437 32 ) 
3 575 590 (-2048 -1431.272827 1 ) (-2048 -1243.935547 1 ) (-1346 -1527 1 ) 
4 576 615 (-2048 -1024 32 ) (-2048 -1024 1 ) (-2048 -1243.935547 1 ) (-2048 -1243.935547 32 ) 
4 576 577 (-1461.005615 -1460.992920 1 ) (-2025.898804 -1024 1 ) (-2025.903076 -1024 32 ) (-1461.005127 -1460.993652 32 ) 
4 576 590 (-2048 -1243.935547 1 ) (-2048 -1024 1 ) (-2025.902222 -1024 1 ) (-1408 -1502 1 ) 
4 577 578 (-1502.003784 -1407.990845 1 ) (-1799.053345 -1024 1 ) (-1799.050781 -1024 32 ) (-1502.004150 -1407.989990 32 ) 
3 577 590 (-2025.902222 -1024 1 ) (-1799.056641 -1024 1 ) (-1461 -1461 1 ) 
4 578 579 (-1527 -1345.998291 1 ) (-1656.838379 -1024 1 ) (-1656.837891 -1024 32 ) (-1527 -1345.997925 32 ) 
3 578 590 (-1799.056641 -1024 1 ) (-1656.838867 -1024 1 ) (-1502 -1408 1 ) 
4 579 580 (-1536 -1279.998291 1 ) (-1570.908691 -1024 1 ) (-1570.908691 -1024 32 ) (-1536 -1279.998291 32 ) 
3 579 590 (-1656.838867 -1024 1 ) (-1570.909058 -1024 1 ) (-1527 -1346 1 ) 
4 580 581 (-1527 -1214.001465 1 ) (-1501.091187 -1024 1 ) (-1501.091187 -1024 32 ) (-1527 -1214.001465 32 ) 
3 580 590 (-1570.909058 -1024 1 ) (-1501.090820 -1024 1 ) (-1536 -1280 1 ) 
4 581 582 (-1502 -1152 1 ) (-1450.386963 -1024 1 ) (-1450.386963 -1024 32 ) (-1502 -1152 32 ) 
3 581 590 (-1501.090820 -1024 1 ) (-1450.387085 -1024 1 ) (-1527 -1214 1 ) 
4 582 583 (-1461.012939 -1099.010132 1 ) (-1402.986328 -1024 1 ) (-1402.986328 -1024 32 ) (-1461.012939 -1099.010132 32 ) 
3 582 590 (-1450.387085 -1024 1 ) (-1402.981201 -1024 1 ) (-1502 -1152 1 ) 
4 583 584 (-1407.994141 -1057.997681 1 ) (-1364.046021 -1024 1 ) (-1364.046021 -1024 32 ) (-1407.994141 -1057.997681 32 ) 
3 583 590 (-1402.981201 -1024 1 ) (-1364.048706 -1024 1 ) (-1461 -1099 1 ) 
4 584 585 (-1346.002319 -1033 1 ) (-1323.681396 -1024 1 ) (-1323.681396 -1024 32 ) (-1346.002197 -1033 32 ) 
3 584 590 (-1364.048706 -1024 1 ) (-1323.680054 -1024 1 ) (-1408 -1058 1 ) 
3 585 590 (-1323.680054 -1024 1 ) (-1280 -1024 1 ) (-1346 -1033 1 ) 
4 586 589 (-1177.966797 -1037.913696 1 ) (-1152.003418 -1057.998657 1 ) (-1152.003418 -1057.998657 32 ) (-1177.966797 -1037.913696 32 ) 
4 586 588 (-1195.952759 -1024 1 ) (-1177.966797 -1037.913696 1 ) (-1177.966797 -1037.913696 32 ) (-1195.952759 -1024 32 ) 
4 586 587 (-1098.997925 -1099.002808 1 ) (-1070.471680 -1121.070313 1 ) (-1070.471680 -1121.070313 32 ) (-1098.997925 -1099.002808 32 ) 
3 586 590 (-1195.951416 -1024 1 ) (-1109.613037 -1024 1 ) (-1070.472412 -1121.068604 1 ) 
3 587 590 (-1099 -1099 1 ) (-1070.472412 -1121.068604 1 ) (-1058 -1152 1 ) 
4 588 589 (-1214.001587 -1033 1 ) (-1177.965210 -1037.913452 1 ) (-1177.965210 -1037.913452 32 ) (-1214.001587 -1033 32 ) 
3 588 590 (-1280 -1024 1 ) (-1195.951416 -1024 1 ) (-1177.965210 -1037.913818 1 ) 
3 589 590 (-1214 -1033 1 ) (-1177.965210 -1037.913818 1 ) (-1152 -1058 1 ) 
4 590 641 (-1024 -2048 0 ) (-1024 -2048 1 ) (-2048 -2048 1 ) (-2048 -2048 0 ) 
4 590 639 (-2048 -1024 1 ) (-2048 -1024 0 ) (-2048 -2048 0 ) (-2048 -2048 1 ) 
4 591 642 (-2048 -2048 32 ) (-2048 -2048 2560 ) (-2232.709717 -2048 2560 ) (-2232.709473 -2048 32 ) 
4 591 615 (-2048 -1024 32 ) (-2048 -2048 32 ) (-2232.709717 -2048 32 ) (-2645.612793 -1024 32 ) 
4 591 612 (-2606.471680 -1121.068848 32 ) (-2593.998779 -1152.001465 32 ) (-2594.001709 -1151.997925 2560 ) (-2606.473633 -1121.067383 2560 ) 
4 591 611 (-2645.612305 -1024 32 ) (-2606.471680 -1121.068848 32 ) (-2606.473633 -1121.067383 2560 ) (-2645.613770 -1024 2560 ) 
4 591 592 (-2569 -1213.998535 32 ) (-2232.708984 -2048 32 ) (-2232.710449 -2048 2560 ) (-2569 -1214.004150 2560 ) 
4 592 642 (-2232.709717 -2048 2560 ) (-2455.272461 -2048 2560 ) (-2455.272461 -2048 32 ) (-2232.709473 -2048 32 ) 
3 592 616 (-2232.709717 -2048 32 ) (-2455.272461 -2048 32 ) (-2569 -1214 32 ) 
4 592 593 (-2560 -1279.997437 32 ) (-2455.272217 -2048 32 ) (-2455.271973 -2048 2560 ) (-2560 -1279.997314 2560 ) 
4 593 642 (-2455.272461 -2048 2560 ) (-2664.727539 -2048 2560 ) (-2664.727539 -2048 32 ) (-2455.272461 -2048 32 ) 
3 593 617 (-2455.272461 -2048 32 ) (-2664.727539 -2048 32 ) (-2560 -1279.997925 32 ) 
4 593 594 (-2569 -1346.002075 32 ) (-2664.727783 -2048 32 ) (-2664.727539 -2048 2560 ) (-2569 -1346.002075 2560 ) 
4 594 642 (-2664.727539 -2048 2560 ) (-2852.064453 -2048 2560 ) (-2852.064453 -2048 32 ) (-2664.727539 -2048 32 ) 
3 594 618 (-2664.727539 -2048 32 ) (-2852.064453 -2048 32 ) (-2569 -1346 32 ) 
4 594 595 (-2593.996338 -1407.995117 32 ) (-2852.062744 -2048 32 ) (-2852.062500 -2048 2560 ) (-2593.996094 -1407.994873 2560 ) 
4 595 1027 (-3072 -2048 32 ) (-3072 -2048 2560 ) (-3072 -2025.902222 2560 ) (-3072 -2025.902344 32 ) 
4 595 642 (-2852.064453 -2048 2560 ) (-3072 -2048 2560 ) (-3072 -2048 32 ) (-2852.064453 -2048 32 ) 
4 595 619 (-2852.064453 -2048 32 ) (-3072 -2048 32 ) (-3072 -2025.902222 32 ) (-2594 -1408 32 ) 
4 595 596 (-2635.002197 -1461.001709 32 ) (-3072 -2025.901367 32 ) (-3072 -2025.903076 2560 ) (-2635.001953 -1461.001465 2560 ) 
4 596 1027 (-3072 -2025.902222 2560 ) (-3072 -1799.056641 2560 ) (-3072 -1799.056641 32 ) (-3072 -2025.902344 32 ) 
3 596 620 (-3072 -2025.902222 32 ) (-3072 -1799.056641 32 ) (-2635 -1461 32 ) 
4 596 597 (-2687.998535 -1502 32 ) (-3072 -1799.057007 32 ) (-3072 -1799.058594 2560 ) (-2687.997803 -1502 2560 ) 
4 597 1027 (-3072 -1799.056641 2560 ) (-3072 -1656.838623 2560 ) (-3072 -1656.838623 32 ) (-3072 -1799.056641 32 ) 
3 597 621 (-3072 -1799.056641 32 ) (-3072 -1656.838623 32 ) (-2688 -1502 32 ) 
4 597 598 (-2750.003418 -1527 32 ) (-3072 -1656.837769 32 ) (-3072 -1656.839844 2560 ) (-2750.001953 -1527 2560 ) 
4 598 1027 (-3072 -1656.838623 2560 ) (-3072 -1570.908936 2560 ) (-3072 -1570.908936 32 ) (-3072 -1656.838623 32 ) 
3 598 622 (-3072 -1656.838623 32 ) (-3072 -1570.908936 32 ) (-2750 -1527 32 ) 
4 598 599 (-2816 -1536 32 ) (-3072 -1570.909058 32 ) (-3072 -1570.909180 2560 ) (-2816 -1536 2560 ) 
4 599 1027 (-3072 -1570.908936 2560 ) (-3072 -1501.090820 2560 ) (-3072 -1501.090820 32 ) (-3072 -1570.908936 32 ) 
3 599 623 (-3072 -1570.908936 32 ) (-3072 -1501.090820 32 ) (-2816 -1536 32 ) 
4 599 600 (-2882.001221 -1527 32 ) (-3072 -1501.090454 32 ) (-3072 -1501.089844 2560 ) (-2882.002197 -1527 2560 ) 
4 600 1027 (-3072 -1501.090820 2560 ) (-3072 -1450.387207 2560 ) (-3072 -1450.387207 32 ) (-3072 -1501.090820 32 ) 
3 600 624 (-3072 -1501.090820 32 ) (-3072 -1450.387207 32 ) (-2882 -1527 32 ) 
4 600 601 (-2944.003662 -1501.997070 32 ) (-3072 -1450.385742 32 ) (-3072 -1450.385742 2560 ) (-2944.003662 -1501.997070 2560 ) 
4 601 1027 (-3072 -1450.387207 2560 ) (-3072 -1402.981201 2560 ) (-3072 -1402.981201 32 ) (-3072 -1450.387207 32 ) 
3 601 625 (-3072 -1450.387207 32 ) (-3072 -1402.981201 32 ) (-2944 -1502 32 ) 
4 601 602 (-2996.994141 -1461.007568 32 ) (-3072 -1402.984131 32 ) (-3072 -1402.984375 2560 ) (-2996.993652 -1461.007935 2560 ) 
4 602 1027 (-3072 -1402.981201 2560 ) (-3072 -1364.048584 2560 ) (-3072 -1364.048584 32 ) (-3072 -1402.981201 32 ) 
3 602 626 (-3072 -1402.981201 32 ) (-3072 -1364.048584 32 ) (-2997 -1461 32 ) 
4 602 603 (-3038.002686 -1407.993408 32 ) (-3072 -1364.045654 32 ) (-3072 -1364.045654 2560 ) (-3038.002686 -1407.993286 2560 ) 
4 603 1027 (-3072 -1364.048584 2560 ) (-3072 -1323.680298 2560 ) (-3072 -1323.680298 32 ) (-3072 -1364.048584 32 ) 
3 603 627 (-3072 -1364.048584 32 ) (-3072 -1323.680298 32 ) (-3038 -1408 32 ) 
4 603 604 (-3063 -1346.001343 32 ) (-3072 -1323.680908 32 ) (-3072 -1323.683594 2560 ) (-3063 -1346.004639 2560 ) 
4 604 1027 (-3072 -1323.680298 2560 ) (-3072 -1280 2560 ) (-3072 -1280 32 ) (-3072 -1323.680298 32 ) 
3 604 628 (-3072 -1323.680298 32 ) (-3072 -1280 32 ) (-3063 -1346 32 ) 
4 605 1027 (-3072 -1280 2560 ) (-3072 -1024 2560 ) (-3072 -1024 32 ) (-3072 -1280 32 ) 
3 605 629 (-3072 -1280 32 ) (-3072 -1024 32 ) (-3037.091064 -1024 32 ) 
4 605 606 (-3063 -1213.997803 32 ) (-3037.090332 -1024 32 ) (-3037.090332 -1024 2560 ) (-3063 -1213.997925 2560 ) 
3 606 630 (-3063 -1214 32 ) (-3037.091064 -1024 32 ) (-2986.387207 -1024 32 ) 
4 606 607 (-3038 -1152 32 ) (-2986.386963 -1024 32 ) (-2986.386963 -1024 2560 ) (-3038 -1152 2560 ) 
3 607 631 (-3038 -1152 32 ) (-2986.387207 -1024 32 ) (-2938.981201 -1024 32 ) 
4 607 608 (-2996.996826 -1098.997559 32 ) (-2938.979736 -1024 32 ) (-2938.979736 -1024 2560 ) (-2996.996826 -1098.997559 2560 ) 
3 608 632 (-2997 -1099 32 ) (-2938.981201 -1024 32 ) (-2900.048828 -1024 32 ) 
4 608 609 (-2944.010010 -1058.004028 32 ) (-2900.053467 -1024 32 ) (-2900.053467 -1024 2560 ) (-2944.010254 -1058.004150 2560 ) 
3 609 633 (-2944 -1058 32 ) (-2900.048828 -1024 32 ) (-2859.680176 -1024 32 ) 
4 609 610 (-2882 -1033 32 ) (-2859.680176 -1024 32 ) (-2859.680176 -1024 2560 ) (-2882 -1033 2560 ) 
3 610 634 (-2882 -1033 32 ) (-2859.680176 -1024 32 ) (-2816 -1024 32 ) 
3 611 635 (-2731.950928 -1024 32 ) (-2645.612793 -1024 32 ) (-2606.472412 -1121.068359 32 ) 
4 611 614 (-2713.962891 -1037.914185 32 ) (-2687.996338 -1058.001587 32 ) (-2687.996338 -1058.001587 2560 ) (-2713.962891 -1037.914185 2560 ) 
4 611 613 (-2731.949463 -1024 32 ) (-2713.962891 -1037.914185 32 ) (-2713.962891 -1037.914185 2560 ) (-2731.949463 -1024 2560 ) 
4 611 612 (-2635.002441 -1098.996704 32 ) (-2606.473145 -1121.066528 32 ) (-2606.473145 -1121.066528 2560 ) (-2635.002441 -1098.996704 2560 ) 
3 612 636 (-2635 -1099 32 ) (-2606.472412 -1121.068359 32 ) (-2594 -1152 32 ) 
3 613 637 (-2816 -1024 32 ) (-2731.950928 -1024 32 ) (-2713.964844 -1037.913818 32 ) 
4 613 614 (-2750 -1033 32 ) (-2713.964600 -1037.914063 32 ) (-2713.964600 -1037.914063 2560 ) (-2750 -1033 2560 ) 
3 614 638 (-2750 -1033 32 ) (-2713.964844 -1037.913818 32 ) (-2688 -1058 32 ) 
4 615 643 (-2048 -2048 1 ) (-2048 -2048 32 ) (-2232.709717 -2048 32 ) (-2232.709473 -2048 1 ) 
4 615 636 (-2606.473145 -1121.067871 1 ) (-2594 -1151.998779 1 ) (-2593.996338 -1152.004639 32 ) (-2606.469971 -1121.070313 32 ) 
4 615 635 (-2645.613281 -1024 1 ) (-2606.473145 -1121.067871 1 ) (-2606.469971 -1121.070313 32 ) (-2645.611328 -1024 32 ) 
4 615 616 (-2569 -1214.002319 1 ) (-2232.709961 -2048 1 ) (-2232.707031 -2048 32 ) (-2569 -1213.994141 32 ) 
4 615 639 (-2048 -1024 1 ) (-2048 -2048 1 ) (-2232.709717 -2048 1 ) (-2645.612793 -1024 1 ) 
4 616 643 (-2232.709717 -2048 32 ) (-2455.272461 -2048 32 ) (-2455.272461 -2048 1 ) (-2232.709473 -2048 1 ) 
4 616 617 (-2560 -1279.997437 1 ) (-2455.272217 -2048 1 ) (-2455.272949 -2048 32 ) (-2560 -1279.997681 32 ) 
3 616 639 (-2232.709717 -2048 1 ) (-2455.272461 -2048 1 ) (-2569 -1214 1 ) 
4 617 643 (-2455.272461 -2048 32 ) (-2664.727539 -2048 32 ) (-2664.727539 -2048 1 ) (-2455.272461 -2048 1 ) 
4 617 618 (-2569 -1346.002075 1 ) (-2664.727783 -2048 1 ) (-2664.727539 -2048 32 ) (-2569 -1346.001953 32 ) 
3 617 639 (-2455.272461 -2048 1 ) (-2664.727539 -2048 1 ) (-2560 -1279.997925 1 ) 
4 618 643 (-2664.727539 -2048 32 ) (-2852.064453 -2048 32 ) (-2852.064453 -2048 1 ) (-2664.727539 -2048 1 ) 
4 618 619 (-2593.996338 -1407.995117 1 ) (-2852.062744 -2048 1 ) (-2852.062500 -2048 32 ) (-2593.996094 -1407.995117 32 ) 
3 618 639 (-2664.727539 -2048 1 ) (-2852.064453 -2048 1 ) (-2569 -1346 1 ) 
4 619 1028 (-3072 -2048 1 ) (-3072 -2048 32 ) (-3072 -2025.902222 32 ) (-3072 -2025.902344 1 ) 
4 619 643 (-2852.064453 -2048 32 ) (-3072 -2048 32 ) (-3072 -2048 1 ) (-2852.064453 -2048 1 ) 
4 619 620 (-2635.002197 -1461.001709 1 ) (-3072 -2025.901245 1 ) (-3072 -2025.902344 32 ) (-2635.001953 -1461.001587 32 ) 
4 619 639 (-2852.064453 -2048 1 ) (-3072 -2048 1 ) (-3072 -2025.902222 1 ) (-2594 -1408 1 ) 
4 620 1028 (-3072 -2025.902222 32 ) (-3072 -1799.056641 32 ) (-3072 -1799.056641 1 ) (-3072 -2025.902344 1 ) 
4 620 621 (-2687.998535 -1502 1 ) (-3072 -1799.057007 1 ) (-3072 -1799.058594 32 ) (-2687.998047 -1502 32 ) 
3 620 639 (-3072 -2025.902222 1 ) (-3072 -1799.056641 1 ) (-2635 -1461 1 ) 
4 621 1028 (-3072 -1799.056641 32 ) (-3072 -1656.838623 32 ) (-3072 -1656.838623 1 ) (-3072 -1799.056641 1 ) 
4 621 622 (-2750.003418 -1527 1 ) (-3072 -1656.837769 1 ) (-3072 -1656.839844 32 ) (-2750.001953 -1527 32 ) 
3 621 639 (-3072 -1799.056641 1 ) (-3072 -1656.838623 1 ) (-2688 -1502 1 ) 
4 622 1028 (-3072 -1656.838623 32 ) (-3072 -1570.908936 32 ) (-3072 -1570.908936 1 ) (-3072 -1656.838623 1 ) 
4 622 623 (-2816 -1536 1 ) (-3072 -1570.909058 1 ) (-3072 -1570.909180 32 ) (-2816 -1536 32 ) 
3 622 639 (-3072 -1656.838623 1 ) (-3072 -1570.908936 1 ) (-2750 -1527 1 ) 
4 623 1028 (-3072 -1570.908936 32 ) (-3072 -1501.090820 32 ) (-3072 -1501.090820 1 ) (-3072 -1570.908936 1 ) 
4 623 624 (-2882.001221 -1527 1 ) (-3072 -1501.090454 1 ) (-3072 -1501.090332 32 ) (-2882.001465 -1527 32 ) 
3 623 639 (-3072 -1570.908936 1 ) (-3072 -1501.090820 1 ) (-2816 -1536 1 ) 
4 624 1028 (-3072 -1501.090820 32 ) (-3072 -1450.387207 32 ) (-3072 -1450.387207 1 ) (-3072 -1501.090820 1 ) 
4 624 625 (-2944.003662 -1501.997070 1 ) (-3072 -1450.385742 1 ) (-3072 -1450.386719 32 ) (-2944.002930 -1501.997803 32 ) 
3 624 639 (-3072 -1501.090820 1 ) (-3072 -1450.387207 1 ) (-2882 -1527 1 ) 
4 625 1028 (-3072 -1450.387207 32 ) (-3072 -1402.981201 32 ) (-3072 -1402.981201 1 ) (-3072 -1450.387207 1 ) 
4 625 626 (-2996.994141 -1461.007568 1 ) (-3072 -1402.984131 1 ) (-3072 -1402.984131 32 ) (-2996.994141 -1461.007568 32 ) 
3 625 639 (-3072 -1450.387207 1 ) (-3072 -1402.981201 1 ) (-2944 -1502 1 ) 
4 626 1028 (-3072 -1402.981201 32 ) (-3072 -1364.048584 32 ) (-3072 -1364.048584 1 ) (-3072 -1402.981201 1 ) 
4 626 627 (-3038.002686 -1407.993408 1 ) (-3072 -1364.045654 1 ) (-3072 -1364.042969 32 ) (-3038.003906 -1407.990356 32 ) 
3 626 639 (-3072 -1402.981201 1 ) (-3072 -1364.048584 1 ) (-2997 -1461 1 ) 
4 627 1028 (-3072 -1364.048584 32 ) (-3072 -1323.680298 32 ) (-3072 -1323.680298 1 ) (-3072 -1364.048584 1 ) 
4 627 628 (-3063 -1346.001343 1 ) (-3072 -1323.680908 1 ) (-3072 -1323.681396 32 ) (-3063 -1346.002441 32 ) 
3 627 639 (-3072 -1364.048584 1 ) (-3072 -1323.680298 1 ) (-3038 -1408 1 ) 
4 628 1028 (-3072 -1323.680298 32 ) (-3072 -1280 32 ) (-3072 -1280 1 ) (-3072 -1323.680298 1 ) 
3 628 639 (-3072 -1323.680298 1 ) (-3072 -1280 1 ) (-3063 -1346 1 ) 
4 629 1028 (-3072 -1280 32 ) (-3072 -1024 32 ) (-3072 -1024 1 ) (-3072 -1280 1 ) 
4 629 630 (-3063 -1213.997803 1 ) (-3037.090332 -1024 1 ) (-3037.090332 -1024 32 ) (-3063 -1213.997803 32 ) 
3 629 639 (-3072 -1280 1 ) (-3072 -1024 1 ) (-3037.091064 -1024 1 ) 
4 630 631 (-3038 -1152 1 ) (-2986.386963 -1024 1 ) (-2986.386963 -1024 32 ) (-3038 -1152 32 ) 
3 630 639 (-3063 -1214 1 ) (-3037.091064 -1024 1 ) (-2986.387207 -1024 1 ) 
4 631 632 (-2996.996826 -1098.997559 1 ) (-2938.979736 -1024 1 ) (-2938.979736 -1024 32 ) (-2996.996826 -1098.997559 32 ) 
3 631 639 (-3038 -1152 1 ) (-2986.387207 -1024 1 ) (-2938.981201 -1024 1 ) 
4 632 633 (-2944.010010 -1058.004028 1 ) (-2900.053467 -1024 1 ) (-2900.053467 -1024 32 ) (-2944.010010 -1058.004028 32 ) 
3 632 639 (-2997 -1099 1 ) (-2938.981201 -1024 1 ) (-2900.048828 -1024 1 ) 
4 633 634 (-2882 -1033 1 ) (-2859.680176 -1024 1 ) (-2859.680176 -1024 32 ) (-2882 -1033 32 ) 
3 633 639 (-2944 -1058 1 ) (-2900.048828 -1024 1 ) (-2859.680176 -1024 1 ) 
3 634 639 (-2882 -1033 1 ) (-2859.680176 -1024 1 ) (-2816 -1024 1 ) 
4 635 638 (-2713.962891 -1037.914185 1 ) (-2687.996338 -1058.001587 1 ) (-2687.996338 -1058.001587 32 ) (-2713.962891 -1037.914185 32 ) 
4 635 637 (-2731.949463 -1024 1 ) (-2713.962891 -1037.914185 1 ) (-2713.962891 -1037.914185 32 ) (-2731.949463 -1024 32 ) 
4 635 636 (-2635.002441 -1098.996704 1 ) (-2606.473145 -1121.066528 1 ) (-2606.473145 -1121.066528 32 ) (-2635.002441 -1098.996704 32 ) 
3 635 639 (-2731.950928 -1024 1 ) (-2645.612793 -1024 1 ) (-2606.472412 -1121.068359 1 ) 
3 636 639 (-2635 -1099 1 ) (-2606.472412 -1121.068359 1 ) (-2594 -1152 1 ) 
4 637 638 (-2750 -1033 1 ) (-2713.964600 -1037.914063 1 ) (-2713.964600 -1037.914063 32 ) (-2750 -1033 32 ) 
3 637 639 (-2816 -1024 1 ) (-2731.950928 -1024 1 ) (-2713.964844 -1037.913818 1 ) 
3 638 639 (-2750 -1033 1 ) (-2713.964844 -1037.913818 1 ) (-2688 -1058 1 ) 
4 639 1028 (-3072 -2048 0 ) (-3072 -2048 1 ) (-3072 -1024 1 ) (-3072 -1024 0 ) 
4 639 643 (-2048 -2048 0 ) (-2048 -2048 1 ) (-3072 -2048 1 ) (-3072 -2048 0 ) 
4 640 642 (-2048 -2048 2560 ) (-2048 -2048 32 ) (-2048 -2560 32 ) (-2048 -2560 2560 ) 
4 640 641 (-2048 -2560 32 ) (-2048 -2048 32 ) (-1024 -2048 32 ) (-1024 -2560 32 ) 
4 641 643 (-2048 -2560 0 ) (-2048 -2560 32 ) (-2048 -2048 32 ) (-2048 -2048 0 ) 
4 642 1127 (-3072 -2048 2560 ) (-3072 -2048 32 ) (-3072 -2560 32 ) (-3072 -2560 2560 ) 
4 642 643 (-3072 -2048 32 ) (-2048 -2048 32 ) (-2048 -2560 32 ) (-3072 -2560 32 ) 
4 643 1128 (-3072 -2560 0 ) (-3072 -2560 32 ) (-3072 -2048 32 ) (-3072 -2048 0 ) 
4 644 650 (-3072 4096 32 ) (-3072 4096 2560 ) (-4096 4096 2560 ) (-4096 4096 32 ) 
4 644 646 (-4096 4608 32 ) (-4096 4096 32 ) (-4096 4096 2560 ) (-4096 4608 2560 ) 
4 644 645 (-3072 4096 32 ) (-4096 4096 32 ) (-4096 4608 32 ) (-3072 4608 32 ) 
4 645 651 (-3072 4096 0 ) (-3072 4096 32 ) (-4096 4096 32 ) (-4096 4096 0 ) 
4 645 647 (-4096 4096 0 ) (-4096 4096 32 ) (-4096 4608 32 ) (-4096 4608 0 ) 
4 646 669 (-4388.064453 4096 2560 ) (-4503.272949 4096 2560 ) (-4503.272949 4096 32 ) (-4388.064453 4096 32 ) 
4 646 668 (-4503.272949 4096 2560 ) (-4712.727539 4096 2560 ) (-4712.727539 4096 32 ) (-4503.272949 4096 32 ) 
4 646 667 (-4712.727539 4096 2560 ) (-4935.290527 4096 2560 ) (-4935.290527 4096 32 ) (-4712.727539 4096 32 ) 
4 646 666 (-4935.290527 4096 2560 ) (-5120 4096 2560 ) (-5120 4096 32 ) (-4935.290527 4096 32 ) 
4 646 654 (-4096 4096 32 ) (-4096 4096 2560 ) (-4388.064453 4096 2560 ) (-4388.064453 4096 32 ) 
4 646 648 (-5120 4096 32 ) (-5120 4096 2560 ) (-5120 4608 2560 ) (-5120 4608 32 ) 
4 646 647 (-4096 4096 32 ) (-5120 4096 32 ) (-5120 4608 32 ) (-4096 4608 32 ) 
4 647 693 (-4388.064453 4096 32 ) (-4503.272949 4096 32 ) (-4503.272949 4096 1 ) (-4388.064453 4096 1 ) 
4 647 692 (-4503.272949 4096 32 ) (-4712.727539 4096 32 ) (-4712.727539 4096 1 ) (-4503.272949 4096 1 ) 
4 647 691 (-4712.727539 4096 32 ) (-4935.290527 4096 32 ) (-4935.290527 4096 1 ) (-4712.727539 4096 1 ) 
4 647 690 (-4935.290527 4096 32 ) (-5120 4096 32 ) (-5120 4096 1 ) (-4935.290527 4096 1 ) 
4 647 678 (-4096 4096 1 ) (-4096 4096 32 ) (-4388.064453 4096 32 ) (-4388.064453 4096 1 ) 
4 647 702 (-4096 4096 0 ) (-4096 4096 1 ) (-5120 4096 1 ) (-5120 4096 0 ) 
4 647 649 (-5120 4096 0 ) (-5120 4096 32 ) (-5120 4608 32 ) (-5120 4608 0 ) 
4 648 756 (-6144 4096 32 ) (-6144 4096 2560 ) (-6144 4608 2560 ) (-6144 4608 32 ) 
4 648 718 (-6039.272461 4096 32 ) (-5924.064941 4096 32 ) (-5924.064941 4096 2560 ) (-6039.272461 4096 2560 ) 
4 648 717 (-6144 4096 2560 ) (-6144 4096 32 ) (-6039.272461 4096 32 ) (-6039.272461 4096 2560 ) 
4 648 703 (-5924.064941 4096 32 ) (-5120 4096 32 ) (-5120 4096 2560 ) (-5924.064941 4096 2560 ) 
4 648 649 (-6144 4096 32 ) (-6144 4608 32 ) (-5120 4608 32 ) (-5120 4096 32 ) 
4 649 757 (-6144 4096 0 ) (-6144 4096 32 ) (-6144 4608 32 ) (-6144 4608 0 ) 
4 649 742 (-6039.272461 4096 1 ) (-5924.064941 4096 1 ) (-5924.064941 4096 32 ) (-6039.272461 4096 32 ) 
4 649 741 (-6144 4096 32 ) (-6144 4096 1 ) (-6039.272461 4096 1 ) (-6039.272461 4096 32 ) 
4 649 727 (-5924.064941 4096 1 ) (-5120 4096 1 ) (-5120 4096 32 ) (-5924.064941 4096 32 ) 
4 649 751 (-6144 4096 1 ) (-6144 4096 0 ) (-5120 4096 0 ) (-5120 4096 1 ) 
4 650 656 (-4096 3328 32 ) (-4096 3072 32 ) (-4096 3072 2560 ) (-4096 3328 2560 ) 
4 650 655 (-4096 3371.680176 32 ) (-4096 3328 32 ) (-4096 3328 2560 ) (-4096 3371.680176 2560 ) 
4 650 654 (-4096 4096 2560 ) (-4096 4096 32 ) (-4096 3371.680176 32 ) (-4096 3371.680176 2560 ) 
4 650 652 (-3072 3072 32 ) (-3072 3072 2560 ) (-4096 3072 2560 ) (-4096 3072 32 ) 
4 650 651 (-4096 3072 32 ) (-4096 4096 32 ) (-3072 4096 32 ) (-3072 3072 32 ) 
4 651 680 (-4096 3328 1 ) (-4096 3072 1 ) (-4096 3072 32 ) (-4096 3328 32 ) 
4 651 679 (-4096 3371.680176 1 ) (-4096 3328 1 ) (-4096 3328 32 ) (-4096 3371.680176 32 ) 
4 651 678 (-4096 4096 32 ) (-4096 4096 1 ) (-4096 3371.680176 1 ) (-4096 3371.680176 32 ) 
4 651 702 (-4096 4096 1 ) (-4096 4096 0 ) (-4096 3072 0 ) (-4096 3072 1 ) 
4 651 653 (-3072 3072 0 ) (-3072 3072 32 ) (-4096 3072 32 ) (-4096 3072 0 ) 
4 652 821 (-3072 2048 32 ) (-3072 2048 2560 ) (-4096 2048 2560 ) (-4096 2048 32 ) 
4 652 752 (-4096 2048 32 ) (-4096 2048 2560 ) (-4096 3072 2560 ) (-4096 3072 32 ) 
4 652 653 (-3072 2048 32 ) (-4096 2048 32 ) (-4096 3072 32 ) (-3072 3072 32 ) 
4 653 822 (-3072 2048 0 ) (-3072 2048 32 ) (-4096 2048 32 ) (-4096 2048 0 ) 
4 653 753 (-4096 2048 0 ) (-4096 2048 32 ) (-4096 3072 32 ) (-4096 3072 0 ) 
3 654 678 (-4388.064453 4096 32 ) (-4096 4096 32 ) (-4096 3371.680176 32 ) 
4 654 675 (-4142.470703 3486.930420 32 ) (-4129.997559 3455.997070 32 ) (-4130.001465 3456.001953 2560 ) (-4142.473633 3486.932617 2560 ) 
4 654 674 (-4190.492188 3606.023926 32 ) (-4142.470703 3486.930420 32 ) (-4142.473633 3486.932617 2560 ) (-4190.494141 3606.023926 2560 ) 
4 654 673 (-4211.549316 3658.246094 32 ) (-4190.492188 3606.023926 32 ) (-4190.494141 3606.023926 2560 ) (-4211.551270 3658.245117 2560 ) 
4 654 672 (-4242.107422 3734.030518 32 ) (-4211.549316 3658.246094 32 ) (-4211.551270 3658.245117 2560 ) (-4242.109375 3734.029053 2560 ) 
4 654 671 (-4282.132324 3833.292480 32 ) (-4242.107422 3734.030518 32 ) (-4242.109375 3734.029053 2560 ) (-4282.133789 3833.290527 2560 ) 
4 654 670 (-4352 4006.562500 32 ) (-4282.132324 3833.292480 32 ) (-4282.133789 3833.290527 2560 ) (-4352 4006.559326 2560 ) 
4 654 669 (-4388.062500 4096 32 ) (-4352 4006.562500 32 ) (-4352 4006.559326 2560 ) (-4388.065430 4096 2560 ) 
4 654 655 (-4105 3394.005859 32 ) (-4096 3371.683594 32 ) (-4096 3371.677979 2560 ) (-4105 3393.996582 2560 ) 
3 655 679 (-4105 3394 32 ) (-4096 3371.680176 32 ) (-4096 3328 32 ) 
4 656 752 (-4096 3072 32 ) (-4096 3072 2560 ) (-4130.909180 3072 2560 ) (-4130.909180 3072 32 ) 
3 656 680 (-4096 3072 32 ) (-4130.909180 3072 32 ) (-4096 3328 32 ) 
4 656 657 (-4105 3262 32 ) (-4130.909180 3072 32 ) (-4130.909180 3072 2560 ) (-4105 3262 2560 ) 
4 657 752 (-4130.909180 3072 2560 ) (-4181.613281 3072 2560 ) (-4181.613281 3072 32 ) (-4130.909180 3072 32 ) 
3 657 681 (-4130.909180 3072 32 ) (-4181.613281 3072 32 ) (-4105 3262 32 ) 
4 657 658 (-4129.998047 3200.002930 32 ) (-4181.612305 3072 32 ) (-4181.612305 3072 2560 ) (-4129.998047 3200.002930 2560 ) 
4 658 752 (-4181.613281 3072 2560 ) (-4229.018555 3072 2560 ) (-4229.018555 3072 32 ) (-4181.613281 3072 32 ) 
3 658 682 (-4181.613281 3072 32 ) (-4229.018555 3072 32 ) (-4130 3200 32 ) 
4 658 659 (-4170.996582 3147.002686 32 ) (-4229.017578 3072 32 ) (-4229.015625 3072 2560 ) (-4170.995117 3147.003906 2560 ) 
4 659 752 (-4229.018555 3072 2560 ) (-4267.952148 3072 2560 ) (-4267.952148 3072 32 ) (-4229.018555 3072 32 ) 
3 659 683 (-4229.018555 3072 32 ) (-4267.952148 3072 32 ) (-4171 3147 32 ) 
4 659 660 (-4223.997559 3106 32 ) (-4267.950195 3072 32 ) (-4267.950195 3072 2560 ) (-4223.997559 3106.001221 2560 ) 
4 660 752 (-4267.952148 3072 2560 ) (-4308.319824 3072 2560 ) (-4308.319824 3072 32 ) (-4267.952148 3072 32 ) 
3 660 684 (-4267.952148 3072 32 ) (-4308.319824 3072 32 ) (-4224 3106 32 ) 
4 660 661 (-4286 3081 32 ) (-4308.320313 3072 32 ) (-4308.320313 3072 2560 ) (-4286 3081 2560 ) 
4 661 752 (-4308.319824 3072 2560 ) (-4352 3072 2560 ) (-4352 3072 32 ) (-4308.319824 3072 32 ) 
3 661 685 (-4308.319824 3072 32 ) (-4352 3072 32 ) (-4286 3081 32 ) 
4 662 752 (-4352 3072 2560 ) (-5120 3072 2560 ) (-5120 3072 32 ) (-4352 3072 32 ) 
4 662 703 (-5120 3176.727051 32 ) (-5120 3072 32 ) (-5120 3072 2560 ) (-5120 3176.727295 2560 ) 
3 662 686 (-4352 3072 32 ) (-5120 3072 32 ) (-5120 3176.727295 32 ) 
4 662 663 (-4418 3081 32 ) (-5120 3176.727295 32 ) (-5120 3176.727295 2560 ) (-4418 3081 2560 ) 
4 663 703 (-5120 3364.064453 32 ) (-5120 3176.727051 32 ) (-5120 3176.727295 2560 ) (-5120 3364.064453 2560 ) 
3 663 687 (-4418 3081 32 ) (-5120 3176.727295 32 ) (-5120 3364.064453 32 ) 
4 663 664 (-4479.996094 3105.996582 32 ) (-5120 3364.062744 32 ) (-5120 3364.062500 2560 ) (-4479.996094 3105.996582 2560 ) 
4 664 703 (-5120 3601.094238 32 ) (-5120 3364.064453 32 ) (-5120 3364.064453 2560 ) (-5120 3601.094238 2560 ) 
3 664 688 (-4480 3106 32 ) (-5120 3364.064453 32 ) (-5120 3601.094238 32 ) 
4 664 665 (-4533 3146.998779 32 ) (-5120 3601.093994 32 ) (-5120 3601.091797 2560 ) (-4532.998535 3146.998291 2560 ) 
4 665 703 (-5120 3905.805176 32 ) (-5120 3601.094238 32 ) (-5120 3601.094238 2560 ) (-5120 3905.805176 2560 ) 
3 665 689 (-4533 3147 32 ) (-5120 3601.094238 32 ) (-5120 3905.805176 32 ) 
4 665 666 (-4574.001465 3200.003662 32 ) (-5120 3905.806396 32 ) (-5120 3905.808594 2560 ) (-4574.001465 3200.003906 2560 ) 
4 666 703 (-5120 4096 2560 ) (-5120 4096 32 ) (-5120 3905.805176 32 ) (-5120 3905.805176 2560 ) 
4 666 690 (-4574 3200 32 ) (-5120 3905.805176 32 ) (-5120 4096 32 ) (-4935.290527 4096 32 ) 
4 666 667 (-4599 3262.001221 32 ) (-4935.290527 4096 32 ) (-4935.291016 4096 2560 ) (-4599 3262 2560 ) 
3 667 691 (-4599 3262 32 ) (-4935.290527 4096 32 ) (-4712.727539 4096 32 ) 
4 667 668 (-4608 3328.001953 32 ) (-4712.727051 4096 32 ) (-4712.727051 4096 2560 ) (-4608 3328.001953 2560 ) 
3 668 692 (-4608 3328 32 ) (-4712.727539 4096 32 ) (-4503.272949 4096 32 ) 
4 668 669 (-4599 3394 32 ) (-4503.272949 4096 32 ) (-4503.272949 4096 2560 ) (-4599 3394 2560 ) 
4 669 693 (-4599 3394 32 ) (-4503.272949 4096 32 ) (-4388.064453 4096 32 ) (-4352 4006.560547 32 ) 
4 669 670 (-4573.998047 3456.002686 32 ) (-4352 4006.559082 32 ) (-4352 4006.559082 2560 ) (-4573.998047 3456.002686 2560 ) 
3 670 694 (-4574 3456 32 ) (-4352 4006.560547 32 ) (-4282.133301 3833.291504 32 ) 
4 670 671 (-4532.997559 3509.002441 32 ) (-4282.132813 3833.290039 32 ) (-4282.132813 3833.290039 2560 ) (-4532.997559 3509.002441 2560 ) 
3 671 695 (-4533 3509 32 ) (-4282.133301 3833.291504 32 ) (-4242.108398 3734.029785 32 ) 
4 671 672 (-4480.009277 3549.995850 32 ) (-4242.109375 3734.031250 32 ) (-4242.109375 3734.031250 2560 ) (-4480.009277 3549.995850 2560 ) 
3 672 696 (-4480.001953 3549.998779 32 ) (-4242.108398 3734.029785 32 ) (-4211.550293 3658.245361 32 ) 
4 672 673 (-4417.995605 3575 32 ) (-4211.550293 3658.245117 32 ) (-4211.550293 3658.245117 2560 ) (-4417.995605 3575 2560 ) 
3 673 697 (-4417.997070 3575 32 ) (-4211.550293 3658.245361 32 ) (-4190.493164 3606.024170 32 ) 
4 673 676 (-4352 3584 32 ) (-4280.546875 3593.743652 32 ) (-4280.546875 3593.743652 2560 ) (-4352 3584 2560 ) 
4 673 674 (-4280.546875 3593.743652 32 ) (-4190.493164 3606.023682 32 ) (-4190.493164 3606.023682 2560 ) (-4280.546875 3593.743652 2560 ) 
3 674 698 (-4280.547363 3593.743896 32 ) (-4190.493164 3606.024170 32 ) (-4142.471680 3486.931152 32 ) 
4 674 677 (-4249.961426 3570.085693 32 ) (-4223.993652 3549.997314 32 ) (-4223.993652 3549.997314 2560 ) (-4249.961426 3570.085693 2560 ) 
4 674 676 (-4280.546875 3593.746094 2560 ) (-4280.546875 3593.746094 32 ) (-4249.961426 3570.085693 32 ) (-4249.961426 3570.085693 2560 ) 
4 674 675 (-4171.004395 3509.005615 32 ) (-4142.473633 3486.934570 32 ) (-4142.473633 3486.934570 2560 ) (-4171.004395 3509.005615 2560 ) 
3 675 699 (-4171 3509 32 ) (-4142.471680 3486.931152 32 ) (-4130 3456 32 ) 
3 676 700 (-4352.002441 3584 32 ) (-4280.547363 3593.743896 32 ) (-4249.964844 3570.085938 32 ) 
4 676 677 (-4285.997070 3574.998779 32 ) (-4249.963867 3570.085205 32 ) (-4249.963867 3570.085205 2560 ) (-4285.997070 3574.998779 2560 ) 
3 677 701 (-4286 3575 32 ) (-4249.964844 3570.085938 32 ) (-4224 3550 32 ) 
4 678 699 (-4142.473145 3486.932129 1 ) (-4130 3456.001465 1 ) (-4129.997559 3455.997070 32 ) (-4142.470703 3486.930420 32 ) 
4 678 698 (-4190.494141 3606.023926 1 ) (-4142.473145 3486.932129 1 ) (-4142.470703 3486.930420 32 ) (-4190.492188 3606.023926 32 ) 
4 678 697 (-4211.550781 3658.245117 1 ) (-4190.494141 3606.023926 1 ) (-4190.492188 3606.023926 32 ) (-4211.549316 3658.246094 32 ) 
4 678 696 (-4242.108887 3734.029053 1 ) (-4211.550781 3658.245117 1 ) (-4211.549316 3658.246094 32 ) (-4242.107422 3734.030518 32 ) 
4 678 695 (-4282.133789 3833.290771 1 ) (-4242.108887 3734.029053 1 ) (-4242.107422 3734.030518 32 ) (-4282.132324 3833.292480 32 ) 
4 678 694 (-4352 4006.559814 1 ) (-4282.133789 3833.290771 1 ) (-4282.132324 3833.292480 32 ) (-4352 4006.562500 32 ) 
4 678 693 (-4388.064941 4096 1 ) (-4352 4006.559814 1 ) (-4352 4006.562500 32 ) (-4388.062500 4096 32 ) 
4 678 679 (-4105 3393.998535 1 ) (-4096 3371.678955 1 ) (-4096 3371.683594 32 ) (-4105 3394.005859 32 ) 
3 678 702 (-4388.064453 4096 1 ) (-4096 4096 1 ) (-4096 3371.680176 1 ) 
3 679 702 (-4105 3394 1 ) (-4096 3371.680176 1 ) (-4096 3328 1 ) 
4 680 753 (-4096 3072 1 ) (-4096 3072 32 ) (-4130.909180 3072 32 ) (-4130.909180 3072 1 ) 
4 680 681 (-4105 3262 1 ) (-4130.909180 3072 1 ) (-4130.909180 3072 32 ) (-4105 3262 32 ) 
3 680 702 (-4096 3072 1 ) (-4130.909180 3072 1 ) (-4096 3328 1 ) 
4 681 753 (-4130.909180 3072 32 ) (-4181.613281 3072 32 ) (-4181.613281 3072 1 ) (-4130.909180 3072 1 ) 
4 681 682 (-4129.998047 3200.002930 1 ) (-4181.612305 3072 1 ) (-4181.611328 3072 32 ) (-4129.997559 3200.003906 32 ) 
3 681 702 (-4130.909180 3072 1 ) (-4181.613281 3072 1 ) (-4105 3262 1 ) 
4 682 753 (-4181.613281 3072 32 ) (-4229.018555 3072 32 ) (-4229.018555 3072 1 ) (-4181.613281 3072 1 ) 
4 682 683 (-4170.996582 3147.002686 1 ) (-4229.017578 3072 1 ) (-4229.017578 3072 32 ) (-4170.996582 3147.002686 32 ) 
3 682 702 (-4181.613281 3072 1 ) (-4229.018555 3072 1 ) (-4130 3200 1 ) 
4 683 753 (-4229.018555 3072 32 ) (-4267.952148 3072 32 ) (-4267.952148 3072 1 ) (-4229.018555 3072 1 ) 
4 683 684 (-4223.997559 3106 1 ) (-4267.950195 3072 1 ) (-4267.949219 3072 32 ) (-4223.996094 3106.001709 32 ) 
3 683 702 (-4229.018555 3072 1 ) (-4267.952148 3072 1 ) (-4171 3147 1 ) 
4 684 753 (-4267.952148 3072 32 ) (-4308.319824 3072 32 ) (-4308.319824 3072 1 ) (-4267.952148 3072 1 ) 
4 684 685 (-4286 3081 1 ) (-4308.320313 3072 1 ) (-4308.320801 3072 32 ) (-4286.001465 3081 32 ) 
3 684 702 (-4267.952148 3072 1 ) (-4308.319824 3072 1 ) (-4224 3106 1 ) 
4 685 753 (-4308.319824 3072 32 ) (-4352 3072 32 ) (-4352 3072 1 ) (-4308.319824 3072 1 ) 
3 685 702 (-4308.319824 3072 1 ) (-4352 3072 1 ) (-4286 3081 1 ) 
4 686 753 (-4352 3072 32 ) (-5120 3072 32 ) (-5120 3072 1 ) (-4352 3072 1 ) 
4 686 727 (-5120 3176.727051 1 ) (-5120 3072 1 ) (-5120 3072 32 ) (-5120 3176.727295 32 ) 
4 686 687 (-4418 3081 1 ) (-5120 3176.727295 1 ) (-5120 3176.728027 32 ) (-4418 3081 32 ) 
3 686 702 (-4352 3072 1 ) (-5120 3072 1 ) (-5120 3176.727295 1 ) 
4 687 727 (-5120 3364.064453 1 ) (-5120 3176.727051 1 ) (-5120 3176.727295 32 ) (-5120 3364.064453 32 ) 
4 687 688 (-4479.996094 3105.996582 1 ) (-5120 3364.062744 1 ) (-5120 3364.062988 32 ) (-4479.996094 3105.996582 32 ) 
3 687 702 (-4418 3081 1 ) (-5120 3176.727295 1 ) (-5120 3364.064453 1 ) 
4 688 727 (-5120 3601.094238 1 ) (-5120 3364.064453 1 ) (-5120 3364.064453 32 ) (-5120 3601.094238 32 ) 
4 688 689 (-4533 3146.998779 1 ) (-5120 3601.093994 1 ) (-5120 3601.089844 32 ) (-4532.998047 3146.997803 32 ) 
3 688 702 (-4480 3106 1 ) (-5120 3364.064453 1 ) (-5120 3601.094238 1 ) 
4 689 727 (-5120 3905.805176 1 ) (-5120 3601.094238 1 ) (-5120 3601.094238 32 ) (-5120 3905.805176 32 ) 
4 689 690 (-4574.001465 3200.003662 1 ) (-5120 3905.806641 1 ) (-5120 3905.812500 32 ) (-4574.001953 3200.004395 32 ) 
3 689 702 (-4533 3147 1 ) (-5120 3601.094238 1 ) (-5120 3905.805176 1 ) 
4 690 727 (-5120 4096 32 ) (-5120 4096 1 ) (-5120 3905.805176 1 ) (-5120 3905.805176 32 ) 
4 690 691 (-4599 3262.001221 1 ) (-4935.290039 4096 1 ) (-4935.289551 4096 32 ) (-4599 3262.001465 32 ) 
4 690 702 (-4574 3200 1 ) (-5120 3905.805176 1 ) (-5120 4096 1 ) (-4935.290527 4096 1 ) 
4 691 692 (-4608 3328.001953 1 ) (-4712.727051 4096 1 ) (-4712.727051 4096 32 ) (-4608 3328.001953 32 ) 
3 691 702 (-4599 3262 1 ) (-4935.290527 4096 1 ) (-4712.727539 4096 1 ) 
4 692 693 (-4599 3394 1 ) (-4503.272949 4096 1 ) (-4503.272949 4096 32 ) (-4599 3394 32 ) 
3 692 702 (-4608 3328 1 ) (-4712.727539 4096 1 ) (-4503.272949 4096 1 ) 
4 693 694 (-4573.998047 3456.002686 1 ) (-4352 4006.559082 1 ) (-4352 4006.559082 32 ) (-4573.998047 3456.002686 32 ) 
4 693 702 (-4599 3394 1 ) (-4503.272949 4096 1 ) (-4388.064453 4096 1 ) (-4352 4006.560547 1 ) 
4 694 695 (-4532.997559 3509.002441 1 ) (-4282.132813 3833.290039 1 ) (-4282.132813 3833.290039 32 ) (-4532.997559 3509.002441 32 ) 
3 694 702 (-4574 3456 1 ) (-4352 4006.560547 1 ) (-4282.133301 3833.291504 1 ) 
4 695 696 (-4480.009277 3549.995850 1 ) (-4242.109375 3734.031250 1 ) (-4242.109375 3734.031250 32 ) (-4480.009277 3549.995850 32 ) 
3 695 702 (-4533 3509 1 ) (-4282.133301 3833.291504 1 ) (-4242.108398 3734.029785 1 ) 
4 696 697 (-4417.995605 3575 1 ) (-4211.550293 3658.245117 1 ) (-4211.550293 3658.245117 32 ) (-4417.995605 3575 32 ) 
3 696 702 (-4480.001953 3549.998779 1 ) (-4242.108398 3734.029785 1 ) (-4211.550293 3658.245361 1 ) 
4 697 700 (-4352 3584 1 ) (-4280.546875 3593.743652 1 ) (-4280.546875 3593.743652 32 ) (-4352 3584 32 ) 
4 697 698 (-4280.546875 3593.743652 1 ) (-4190.493164 3606.023682 1 ) (-4190.493164 3606.023682 32 ) (-4280.546875 3593.743652 32 ) 
3 697 702 (-4417.997070 3575 1 ) (-4211.550293 3658.245361 1 ) (-4190.493164 3606.024170 1 ) 
4 698 701 (-4249.961426 3570.085693 1 ) (-4223.993652 3549.997314 1 ) (-4223.993652 3549.997314 32 ) (-4249.961426 3570.085693 32 ) 
4 698 700 (-4280.546875 3593.746094 32 ) (-4280.546875 3593.746094 1 ) (-4249.961426 3570.085693 1 ) (-4249.961426 3570.085693 32 ) 
4 698 699 (-4171.004395 3509.005615 1 ) (-4142.473633 3486.934570 1 ) (-4142.473633 3486.934570 32 ) (-4171.004395 3509.005615 32 ) 
3 698 702 (-4280.547363 3593.743896 1 ) (-4190.493164 3606.024170 1 ) (-4142.471680 3486.931152 1 ) 
3 699 702 (-4171 3509 1 ) (-4142.471680 3486.931152 1 ) (-4130 3456 1 ) 
4 700 701 (-4285.997070 3574.998779 1 ) (-4249.963867 3570.085205 1 ) (-4249.963867 3570.085205 32 ) (-4285.997070 3574.998779 32 ) 
3 700 702 (-4352.002441 3584 1 ) (-4280.547363 3593.743896 1 ) (-4249.964844 3570.085938 1 ) 
3 701 702 (-4286 3575 1 ) (-4249.964844 3570.085938 1 ) (-4224 3550 1 ) 
4 702 753 (-4096 3072 0 ) (-4096 3072 1 ) (-5120 3072 1 ) (-5120 3072 0 ) 
4 702 751 (-5120 4096 1 ) (-5120 4096 0 ) (-5120 3072 0 ) (-5120 3072 1 ) 
4 703 754 (-5511.161133 3072 32 ) (-5120 3072 32 ) (-5120 3072 2560 ) (-5511.161133 3072 2560 ) 
4 703 727 (-5120 4096 32 ) (-5120 3072 32 ) (-5511.161133 3072 32 ) (-5924.064941 4096 32 ) 
4 703 724 (-5678.473633 3486.932617 32 ) (-5666.001953 3456.002441 32 ) (-5666.001953 3456.002441 2560 ) (-5678.473633 3486.932617 2560 ) 
4 703 723 (-5726.494141 3606.023682 32 ) (-5678.473633 3486.932617 32 ) (-5678.473633 3486.932617 2560 ) (-5726.494141 3606.023682 2560 ) 
4 703 722 (-5747.551270 3658.245361 32 ) (-5726.494141 3606.023682 32 ) (-5726.494141 3606.023682 2560 ) (-5747.551270 3658.245361 2560 ) 
4 703 721 (-5778.109375 3734.028809 32 ) (-5747.551270 3658.245361 32 ) (-5747.551270 3658.245361 2560 ) (-5778.109375 3734.028809 2560 ) 
4 703 720 (-5818.133789 3833.289795 32 ) (-5778.109375 3734.028809 32 ) (-5778.109375 3734.028809 2560 ) (-5818.133789 3833.289795 2560 ) 
4 703 719 (-5888 4006.558594 32 ) (-5818.133789 3833.289795 32 ) (-5818.133789 3833.289795 2560 ) (-5888 4006.558594 2560 ) 
4 703 718 (-5924.065430 4096 32 ) (-5888 4006.558594 32 ) (-5888 4006.558594 2560 ) (-5924.065430 4096 2560 ) 
4 703 704 (-5641 3393.996582 32 ) (-5511.162109 3072 32 ) (-5511.162109 3072 2560 ) (-5641 3393.996582 2560 ) 
4 704 754 (-5597.090820 3072 32 ) (-5511.161133 3072 32 ) (-5511.161133 3072 2560 ) (-5597.090820 3072 2560 ) 
3 704 728 (-5511.161133 3072 32 ) (-5597.090820 3072 32 ) (-5641 3394 32 ) 
4 704 705 (-5632 3327.997803 32 ) (-5597.091309 3072 32 ) (-5597.091797 3072 2560 ) (-5632 3327.997070 2560 ) 
4 705 754 (-5666.908691 3072 32 ) (-5597.090820 3072 32 ) (-5597.090820 3072 2560 ) (-5666.908691 3072 2560 ) 
3 705 729 (-5597.090820 3072 32 ) (-5666.908691 3072 32 ) (-5632 3328 32 ) 
4 705 706 (-5641 3262 32 ) (-5666.909180 3072 32 ) (-5666.909180 3072 2560 ) (-5641 3262.001709 2560 ) 
4 706 754 (-5717.613281 3072 32 ) (-5666.908691 3072 32 ) (-5666.908691 3072 2560 ) (-5717.613281 3072 2560 ) 
3 706 730 (-5666.908691 3072 32 ) (-5717.613281 3072 32 ) (-5641 3262.001709 32 ) 
4 706 707 (-5666 3200 32 ) (-5717.612793 3072 32 ) (-5717.612793 3072 2560 ) (-5666 3200 2560 ) 
4 707 754 (-5765.019531 3072 32 ) (-5717.613281 3072 32 ) (-5717.613281 3072 2560 ) (-5765.019043 3072 2560 ) 
3 707 731 (-5717.613281 3072 32 ) (-5765.019043 3072 32 ) (-5666 3200 32 ) 
4 707 708 (-5707.007813 3146.993652 32 ) (-5765.021973 3072 32 ) (-5765.023438 3072 2560 ) (-5707.009766 3146.992188 2560 ) 
4 708 754 (-5803.951172 3072 32 ) (-5765.019531 3072 32 ) (-5765.019043 3072 2560 ) (-5803.951660 3072 2560 ) 
3 708 732 (-5765.019043 3072 32 ) (-5803.951660 3072 32 ) (-5707 3147 32 ) 
4 708 709 (-5759.993164 3106.002686 32 ) (-5803.947754 3072 32 ) (-5803.947754 3072 2560 ) (-5759.993164 3106.002686 2560 ) 
4 709 754 (-5844.319824 3072 32 ) (-5803.951172 3072 32 ) (-5803.951660 3072 2560 ) (-5844.319336 3072 2560 ) 
3 709 733 (-5803.951660 3072 32 ) (-5844.319336 3072 32 ) (-5760 3106 32 ) 
4 709 710 (-5822.002441 3081 32 ) (-5844.321777 3072 32 ) (-5844.324219 3072 2560 ) (-5822.004883 3081 2560 ) 
4 710 754 (-5888 3072 32 ) (-5844.319824 3072 32 ) (-5844.319336 3072 2560 ) (-5888 3072 2560 ) 
3 710 734 (-5844.319336 3072 32 ) (-5888 3072 32 ) (-5822 3081 32 ) 
4 711 760 (-6144 3072 32 ) (-6144 3072 2560 ) (-6144 3106.908936 2560 ) (-6144 3106.908936 32 ) 
4 711 754 (-6144 3072 2560 ) (-6144 3072 32 ) (-5888 3072 32 ) (-5888 3072 2560 ) 
3 711 735 (-5888 3072 32 ) (-6144 3072 32 ) (-6144 3106.908936 32 ) 
4 711 712 (-5954 3081 32 ) (-6144 3106.908936 32 ) (-6144 3106.909180 2560 ) (-5954 3081 2560 ) 
4 712 760 (-6144 3106.908936 2560 ) (-6144 3157.612793 2560 ) (-6144 3157.612793 32 ) (-6144 3106.908936 32 ) 
3 712 736 (-5954 3081 32 ) (-6144 3106.908936 32 ) (-6144 3157.612793 32 ) 
4 712 713 (-6015.997070 3105.997803 32 ) (-6144 3157.611816 32 ) (-6144 3157.611816 2560 ) (-6015.997070 3105.997803 2560 ) 
4 713 760 (-6144 3157.612793 2560 ) (-6144 3205.018799 2560 ) (-6144 3205.018799 32 ) (-6144 3157.612793 32 ) 
3 713 737 (-6016 3106 32 ) (-6144 3157.612793 32 ) (-6144 3205.018799 32 ) 
4 713 714 (-6068.994141 3146.992432 32 ) (-6144 3205.015869 32 ) (-6144 3205.015625 2560 ) (-6068.994141 3146.992188 2560 ) 
4 714 760 (-6144 3205.018799 2560 ) (-6144 3243.950928 2560 ) (-6144 3243.950928 32 ) (-6144 3205.018799 32 ) 
3 714 738 (-6069 3147 32 ) (-6144 3205.018799 32 ) (-6144 3243.950928 32 ) 
4 714 715 (-6110 3200.002686 32 ) (-6144 3243.952881 32 ) (-6144 3243.952637 2560 ) (-6110 3200.002441 2560 ) 
4 715 760 (-6144 3243.950928 2560 ) (-6144 3284.321045 2560 ) (-6144 3284.321045 32 ) (-6144 3243.950928 32 ) 
3 715 739 (-6110 3200 32 ) (-6144 3243.950928 32 ) (-6144 3284.321045 32 ) 
4 715 716 (-6134.995117 3261.994629 32 ) (-6144 3284.326416 32 ) (-6144 3284.324219 2560 ) (-6134.994629 3261.991699 2560 ) 
4 716 760 (-6144 3284.321045 2560 ) (-6144 3328.027100 2560 ) (-6144 3328.027344 32 ) (-6144 3284.321045 32 ) 
3 716 740 (-6134.994629 3261.987061 32 ) (-6144 3284.321045 32 ) (-6144 3328.027100 32 ) 
4 717 760 (-6144 3328.027100 2560 ) (-6144 4096 2560 ) (-6144 4096 32 ) (-6144 3328.027344 32 ) 
4 717 741 (-6143.998047 3328.012695 32 ) (-6144 3328.027100 32 ) (-6144 4096 32 ) (-6039.272461 4096 32 ) 
4 717 718 (-6135 3393.996094 32 ) (-6039.273438 4096 32 ) (-6039.273438 4096 2560 ) (-6135 3393.996094 2560 ) 
4 718 742 (-6135 3394 32 ) (-6039.272461 4096 32 ) (-5924.064941 4096 32 ) (-5888 4006.559326 32 ) 
4 718 719 (-6110 3455.998779 32 ) (-5888 4006.560303 32 ) (-5888 4006.560303 2560 ) (-6110 3456 2560 ) 
3 719 743 (-6110 3456 32 ) (-5888 4006.559326 32 ) (-5818.133301 3833.290527 32 ) 
4 719 720 (-6069.004395 3508.997070 32 ) (-5818.134277 3833.292236 32 ) (-5818.134277 3833.292236 2560 ) (-6069.004395 3508.997070 2560 ) 
3 720 744 (-6068.998535 3509 32 ) (-5818.133301 3833.290527 32 ) (-5778.108398 3734.029297 32 ) 
4 720 721 (-6016 3550 32 ) (-5778.108398 3734.028809 32 ) (-5778.108398 3734.028809 2560 ) (-6016 3550 2560 ) 
3 721 745 (-6016 3550 32 ) (-5778.108398 3734.029297 32 ) (-5747.550781 3658.245850 32 ) 
4 721 722 (-5953.998535 3575 32 ) (-5747.550781 3658.245117 32 ) (-5747.550781 3658.245117 2560 ) (-5953.998535 3575 2560 ) 
3 722 746 (-5954 3575 32 ) (-5747.550781 3658.245850 32 ) (-5726.493652 3606.023682 32 ) 
4 722 725 (-5888 3584 32 ) (-5816.546387 3593.743652 32 ) (-5816.546387 3593.743652 2560 ) (-5888 3584 2560 ) 
4 722 723 (-5816.546387 3593.743652 32 ) (-5726.493164 3606.023682 32 ) (-5726.493164 3606.023682 2560 ) (-5816.546387 3593.743652 2560 ) 
3 723 747 (-5816.546387 3593.743896 32 ) (-5726.493652 3606.023682 32 ) (-5678.472656 3486.931885 32 ) 
4 723 726 (-5785.963867 3570.085938 32 ) (-5759.998047 3550 32 ) (-5759.998047 3550 2560 ) (-5785.963867 3570.085938 2560 ) 
4 723 725 (-5816.548828 3593.746094 2560 ) (-5816.548828 3593.746094 32 ) (-5785.963867 3570.085938 32 ) (-5785.963867 3570.085938 2560 ) 
4 723 724 (-5707 3509.001465 32 ) (-5678.473145 3486.932617 32 ) (-5678.473145 3486.932617 2560 ) (-5707 3509.001465 2560 ) 
3 724 748 (-5707 3509 32 ) (-5678.472656 3486.931885 32 ) (-5666 3456 32 ) 
3 725 749 (-5888.001465 3584 32 ) (-5816.546387 3593.743896 32 ) (-5785.964355 3570.085938 32 ) 
4 725 726 (-5822 3575 32 ) (-5785.964355 3570.085938 32 ) (-5785.964355 3570.085938 2560 ) (-5822 3575 2560 ) 
3 726 750 (-5822 3575 32 ) (-5785.964355 3570.085938 32 ) (-5760 3550 32 ) 
4 727 755 (-5511.161133 3072 1 ) (-5120 3072 1 ) (-5120 3072 32 ) (-5511.161133 3072 32 ) 
4 727 748 (-5678.472656 3486.931641 1 ) (-5666 3456 1 ) (-5666.003418 3456.004150 32 ) (-5678.474609 3486.933594 32 ) 
4 727 747 (-5726.493652 3606.023682 1 ) (-5678.472656 3486.931641 1 ) (-5678.474609 3486.933594 32 ) (-5726.494629 3606.023682 32 ) 
4 727 746 (-5747.550781 3658.245850 1 ) (-5726.493652 3606.023682 1 ) (-5726.494629 3606.023682 32 ) (-5747.551758 3658.245361 32 ) 
4 727 745 (-5778.108398 3734.029297 1 ) (-5747.550781 3658.245850 1 ) (-5747.551758 3658.245361 32 ) (-5778.109375 3734.028809 32 ) 
4 727 744 (-5818.133301 3833.290771 1 ) (-5778.108398 3734.029297 1 ) (-5778.109375 3734.028809 32 ) (-5818.133789 3833.290283 32 ) 
4 727 743 (-5888 4006.559814 1 ) (-5818.133301 3833.290771 1 ) (-5818.133789 3833.290283 32 ) (-5888 4006.559570 32 ) 
4 727 742 (-5924.064453 4096 1 ) (-5888 4006.559814 1 ) (-5888 4006.559570 32 ) (-5924.064453 4096 32 ) 
4 727 728 (-5641 3394 1 ) (-5511.161133 3072 1 ) (-5511.164063 3072 32 ) (-5641 3393.992676 32 ) 
4 727 751 (-5120 4096 1 ) (-5120 3072 1 ) (-5511.161133 3072 1 ) (-5924.064941 4096 1 ) 
4 728 755 (-5597.090820 3072 1 ) (-5511.161133 3072 1 ) (-5511.161133 3072 32 ) (-5597.090820 3072 32 ) 
4 728 729 (-5632 3327.997803 1 ) (-5597.091309 3072 1 ) (-5597.090820 3072 32 ) (-5632 3327.998047 32 ) 
3 728 751 (-5511.161133 3072 1 ) (-5597.090820 3072 1 ) (-5641 3394 1 ) 
4 729 755 (-5666.908691 3072 1 ) (-5597.090820 3072 1 ) (-5597.090820 3072 32 ) (-5666.908691 3072 32 ) 
4 729 730 (-5641 3262 1 ) (-5666.909180 3072 1 ) (-5666.909180 3072 32 ) (-5641 3262 32 ) 
3 729 751 (-5597.090820 3072 1 ) (-5666.908691 3072 1 ) (-5632 3328 1 ) 
4 730 755 (-5717.613281 3072 1 ) (-5666.908691 3072 1 ) (-5666.908691 3072 32 ) (-5717.613281 3072 32 ) 
4 730 731 (-5666 3200 1 ) (-5717.612793 3072 1 ) (-5717.613281 3072 32 ) (-5666 3200 32 ) 
3 730 751 (-5666.908691 3072 1 ) (-5717.613281 3072 1 ) (-5641 3262.001709 1 ) 
4 731 755 (-5765.019531 3072 1 ) (-5717.613281 3072 1 ) (-5717.613281 3072 32 ) (-5765.019043 3072 32 ) 
4 731 732 (-5707.007813 3146.993652 1 ) (-5765.021973 3072 1 ) (-5765.021973 3072 32 ) (-5707.007813 3146.993652 32 ) 
3 731 751 (-5717.613281 3072 1 ) (-5765.019043 3072 1 ) (-5666 3200 1 ) 
4 732 755 (-5803.951172 3072 1 ) (-5765.019531 3072 1 ) (-5765.019043 3072 32 ) (-5803.951660 3072 32 ) 
4 732 733 (-5759.993164 3106.002686 1 ) (-5803.947754 3072 1 ) (-5803.945313 3072 32 ) (-5759.990234 3106.003906 32 ) 
3 732 751 (-5765.019043 3072 1 ) (-5803.951660 3072 1 ) (-5707 3147 1 ) 
4 733 755 (-5844.319824 3072 1 ) (-5803.951172 3072 1 ) (-5803.951660 3072 32 ) (-5844.319336 3072 32 ) 
4 733 734 (-5822.002441 3081 1 ) (-5844.321777 3072 1 ) (-5844.321777 3072 32 ) (-5822.002441 3081 32 ) 
3 733 751 (-5803.951660 3072 1 ) (-5844.319336 3072 1 ) (-5760 3106 1 ) 
4 734 755 (-5888 3072 1 ) (-5844.319824 3072 1 ) (-5844.319336 3072 32 ) (-5888 3072 32 ) 
3 734 751 (-5844.319336 3072 1 ) (-5888 3072 1 ) (-5822 3081 1 ) 
4 735 761 (-6144 3072 1 ) (-6144 3072 32 ) (-6144 3106.908936 32 ) (-6144 3106.908936 1 ) 
4 735 755 (-6144 3072 32 ) (-6144 3072 1 ) (-5888 3072 1 ) (-5888 3072 32 ) 
4 735 736 (-5954 3081 1 ) (-6144 3106.908936 1 ) (-6144 3106.908936 32 ) (-5954 3081 32 ) 
3 735 751 (-5888 3072 1 ) (-6144 3072 1 ) (-6144 3106.908936 1 ) 
4 736 761 (-6144 3106.908936 32 ) (-6144 3157.612793 32 ) (-6144 3157.612793 1 ) (-6144 3106.908936 1 ) 
4 736 737 (-6015.997070 3105.997803 1 ) (-6144 3157.611816 1 ) (-6144 3157.611328 32 ) (-6015.996582 3105.997314 32 ) 
3 736 751 (-5954 3081 1 ) (-6144 3106.908936 1 ) (-6144 3157.612793 1 ) 
4 737 761 (-6144 3157.612793 32 ) (-6144 3205.018799 32 ) (-6144 3205.018799 1 ) (-6144 3157.612793 1 ) 
4 737 738 (-6068.994141 3146.992432 1 ) (-6144 3205.015869 1 ) (-6144 3205.015625 32 ) (-6068.994141 3146.992188 32 ) 
3 737 751 (-6016 3106 1 ) (-6144 3157.612793 1 ) (-6144 3205.018799 1 ) 
4 738 761 (-6144 3205.018799 32 ) (-6144 3243.950928 32 ) (-6144 3243.950928 1 ) (-6144 3205.018799 1 ) 
4 738 739 (-6110 3200.002686 1 ) (-6144 3243.952881 1 ) (-6144 3243.953125 32 ) (-6110 3200.002686 32 ) 
3 738 751 (-6069 3147 1 ) (-6144 3205.018799 1 ) (-6144 3243.950928 1 ) 
4 739 761 (-6144 3243.950928 32 ) (-6144 3284.321045 32 ) (-6144 3284.321045 1 ) (-6144 3243.950928 1 ) 
4 739 740 (-6134.995117 3261.994629 1 ) (-6144 3284.326416 1 ) (-6144 3284.325928 32 ) (-6134.995117 3261.994385 32 ) 
3 739 751 (-6110 3200 1 ) (-6144 3243.950928 1 ) (-6144 3284.321045 1 ) 
4 740 761 (-6144 3284.321045 32 ) (-6144 3328.027100 32 ) (-6144 3328.027344 1 ) (-6144 3284.321045 1 ) 
3 740 751 (-6134.994629 3261.987061 1 ) (-6144 3284.321045 1 ) (-6144 3328.027100 1 ) 
4 741 761 (-6144 3328.027100 32 ) (-6144 4096 32 ) (-6144 4096 1 ) (-6144 3328.027344 1 ) 
4 741 742 (-6135 3393.996094 1 ) (-6039.273438 4096 1 ) (-6039.273438 4096 32 ) (-6135 3393.996094 32 ) 
4 741 751 (-6143.998047 3328.012695 1 ) (-6144 3328.027100 1 ) (-6144 4096 1 ) (-6039.272461 4096 1 ) 
4 742 743 (-6110 3455.998779 1 ) (-5888 4006.560303 1 ) (-5888 4006.560303 32 ) (-6110 3456 32 ) 
4 742 751 (-6135 3394 1 ) (-6039.272461 4096 1 ) (-5924.064941 4096 1 ) (-5888 4006.559326 1 ) 
4 743 744 (-6069.004395 3508.997070 1 ) (-5818.134277 3833.292236 1 ) (-5818.134277 3833.292236 32 ) (-6069.004395 3508.997070 32 ) 
3 743 751 (-6110 3456 1 ) (-5888 4006.559326 1 ) (-5818.133301 3833.290527 1 ) 
4 744 745 (-6016 3550 1 ) (-5778.108398 3734.028809 1 ) (-5778.108398 3734.028809 32 ) (-6016 3550 32 ) 
3 744 751 (-6068.998535 3509 1 ) (-5818.133301 3833.290527 1 ) (-5778.108398 3734.029297 1 ) 
4 745 746 (-5953.998535 3575 1 ) (-5747.550781 3658.245117 1 ) (-5747.550781 3658.245117 32 ) (-5953.998535 3575 32 ) 
3 745 751 (-6016 3550 1 ) (-5778.108398 3734.029297 1 ) (-5747.550781 3658.245850 1 ) 
4 746 749 (-5888 3584 1 ) (-5816.546387 3593.743652 1 ) (-5816.546387 3593.743652 32 ) (-5888 3584 32 ) 
4 746 747 (-5816.546387 3593.743652 1 ) (-5726.493164 3606.023682 1 ) (-5726.493164 3606.023682 32 ) (-5816.546387 3593.743652 32 ) 
3 746 751 (-5954 3575 1 ) (-5747.550781 3658.245850 1 ) (-5726.493652 3606.023682 1 ) 
4 747 750 (-5785.963867 3570.085938 1 ) (-5759.998047 3550 1 ) (-5759.998047 3550 32 ) (-5785.963867 3570.085938 32 ) 
4 747 749 (-5816.548828 3593.746094 32 ) (-5816.548828 3593.746094 1 ) (-5785.963867 3570.085938 1 ) (-5785.963867 3570.085938 32 ) 
4 747 748 (-5707 3509.001465 1 ) (-5678.473145 3486.932617 1 ) (-5678.473145 3486.932617 32 ) (-5707 3509.001465 32 ) 
3 747 751 (-5816.546387 3593.743896 1 ) (-5726.493652 3606.023682 1 ) (-5678.472656 3486.931885 1 ) 
3 748 751 (-5707 3509 1 ) (-5678.472656 3486.931885 1 ) (-5666 3456 1 ) 
4 749 750 (-5822 3575 1 ) (-5785.964355 3570.085938 1 ) (-5785.964355 3570.085938 32 ) (-5822 3575 32 ) 
3 749 751 (-5888.001465 3584 1 ) (-5816.546387 3593.743896 1 ) (-5785.964355 3570.085938 1 ) 
3 750 751 (-5822 3575 1 ) (-5785.964355 3570.085938 1 ) (-5760 3550 1 ) 
4 751 761 (-6144 3072 0 ) (-6144 3072 1 ) (-6144 4096 1 ) (-6144 4096 0 ) 
4 751 755 (-6144 3072 1 ) (-6144 3072 0 ) (-5120 3072 0 ) (-5120 3072 1 ) 
4 752 845 (-4267.951172 2048 2560 ) (-4352 2048 2560 ) (-4352 2048 32 ) (-4267.951172 2048 32 ) 
4 752 843 (-4181.612793 2048 2560 ) (-4267.951172 2048 2560 ) (-4267.951172 2048 32 ) (-4181.612793 2048 32 ) 
4 752 842 (-4352 2048 2560 ) (-4395.679688 2048 2560 ) (-4395.679688 2048 32 ) (-4352 2048 32 ) 
4 752 841 (-4395.679688 2048 2560 ) (-4436.049316 2048 2560 ) (-4436.049316 2048 32 ) (-4395.679688 2048 32 ) 
4 752 840 (-4436.049316 2048 2560 ) (-4474.981934 2048 2560 ) (-4474.981934 2048 32 ) (-4436.049316 2048 32 ) 
4 752 839 (-4474.981934 2048 2560 ) (-4522.386719 2048 2560 ) (-4522.386719 2048 32 ) (-4474.981934 2048 32 ) 
4 752 838 (-4522.386719 2048 2560 ) (-4573.091309 2048 2560 ) (-4573.091309 2048 32 ) (-4522.386719 2048 32 ) 
4 752 837 (-4573.091309 2048 2560 ) (-4642.909180 2048 2560 ) (-4642.909180 2048 32 ) (-4573.091309 2048 32 ) 
4 752 836 (-4642.909180 2048 2560 ) (-4728.838867 2048 2560 ) (-4728.838867 2048 32 ) (-4642.909180 2048 32 ) 
4 752 835 (-4728.838867 2048 2560 ) (-4871.056641 2048 2560 ) (-4871.056641 2048 32 ) (-4728.838867 2048 32 ) 
4 752 834 (-4871.056641 2048 2560 ) (-5097.902344 2048 2560 ) (-5097.902344 2048 32 ) (-4871.056641 2048 32 ) 
4 752 833 (-5097.902344 2048 2560 ) (-5120 2048 2560 ) (-5120 2048 32 ) (-5097.902344 2048 32 ) 
4 752 823 (-4096 2048 32 ) (-4096 2048 2560 ) (-4181.612793 2048 2560 ) (-4181.612793 2048 32 ) 
4 752 754 (-5120 3072 2560 ) (-5120 3072 32 ) (-5120 2048 32 ) (-5120 2048 2560 ) 
4 752 753 (-5120 3072 32 ) (-4096 3072 32 ) (-4096 2048 32 ) (-5120 2048 32 ) 
4 753 869 (-4267.951172 2048 32 ) (-4352 2048 32 ) (-4352 2048 1 ) (-4267.951172 2048 1 ) 
4 753 867 (-4181.612793 2048 32 ) (-4267.951172 2048 32 ) (-4267.951172 2048 1 ) (-4181.612793 2048 1 ) 
4 753 866 (-4352 2048 32 ) (-4395.679688 2048 32 ) (-4395.679688 2048 1 ) (-4352 2048 1 ) 
4 753 865 (-4395.679688 2048 32 ) (-4436.049316 2048 32 ) (-4436.049316 2048 1 ) (-4395.679688 2048 1 ) 
4 753 864 (-4436.049316 2048 32 ) (-4474.981934 2048 32 ) (-4474.981934 2048 1 ) (-4436.049316 2048 1 ) 
4 753 863 (-4474.981934 2048 32 ) (-4522.386719 2048 32 ) (-4522.386719 2048 1 ) (-4474.981934 2048 1 ) 
4 753 862 (-4522.386719 2048 32 ) (-4573.091309 2048 32 ) (-4573.091309 2048 1 ) (-4522.386719 2048 1 ) 
4 753 861 (-4573.091309 2048 32 ) (-4642.909180 2048 32 ) (-4642.909180 2048 1 ) (-4573.091309 2048 1 ) 
4 753 860 (-4642.909180 2048 32 ) (-4728.838867 2048 32 ) (-4728.838867 2048 1 ) (-4642.909180 2048 1 ) 
4 753 859 (-4728.838867 2048 32 ) (-4871.056641 2048 32 ) (-4871.056641 2048 1 ) (-4728.838867 2048 1 ) 
4 753 858 (-4871.056641 2048 32 ) (-5097.902344 2048 32 ) (-5097.902344 2048 1 ) (-4871.056641 2048 1 ) 
4 753 857 (-5097.902344 2048 32 ) (-5120 2048 32 ) (-5120 2048 1 ) (-5097.902344 2048 1 ) 
4 753 847 (-4096 2048 1 ) (-4096 2048 32 ) (-4181.612793 2048 32 ) (-4181.612793 2048 1 ) 
4 753 871 (-4096 2048 0 ) (-4096 2048 1 ) (-5120 2048 1 ) (-5120 2048 0 ) 
4 753 755 (-5120 3072 32 ) (-5120 3072 0 ) (-5120 2048 0 ) (-5120 2048 32 ) 
4 754 894 (-5803.951172 2048 2560 ) (-5888 2048 2560 ) (-5888 2048 32 ) (-5803.951172 2048 32 ) 
4 754 892 (-5717.613281 2048 2560 ) (-5803.951172 2048 2560 ) (-5803.951172 2048 32 ) (-5717.613281 2048 32 ) 
4 754 891 (-5888 2048 2560 ) (-5931.680664 2048 2560 ) (-5931.680664 2048 32 ) (-5888 2048 32 ) 
4 754 890 (-5931.680664 2048 2560 ) (-5972.032715 2048 2560 ) (-5972.032715 2048 32 ) (-5931.680664 2048 32 ) 
4 754 889 (-5972.032715 2048 2560 ) (-6010.981445 2048 2560 ) (-6010.981445 2048 32 ) (-5972.032715 2048 32 ) 
4 754 888 (-6010.981445 2048 2560 ) (-6058.386719 2048 2560 ) (-6058.386719 2048 32 ) (-6010.981445 2048 32 ) 
4 754 887 (-6058.386719 2048 2560 ) (-6109.090820 2048 2560 ) (-6109.090820 2048 32 ) (-6058.386719 2048 32 ) 
4 754 886 (-6109.090820 2048 2560 ) (-6144 2048 2560 ) (-6144 2048 32 ) (-6109.090820 2048 32 ) 
4 754 872 (-5120 2048 32 ) (-5120 2048 2560 ) (-5717.613281 2048 2560 ) (-5717.613281 2048 32 ) 
4 754 811 (-6144 2048 32 ) (-6144 2048 2560 ) (-6144 3072 2560 ) (-6144 3072 32 ) 
4 754 755 (-6144 2048 32 ) (-6144 3072 32 ) (-5120 3072 32 ) (-5120 2048 32 ) 
4 755 918 (-5803.951172 2048 32 ) (-5888 2048 32 ) (-5888 2048 1 ) (-5803.951172 2048 1 ) 
4 755 916 (-5717.613281 2048 32 ) (-5803.951172 2048 32 ) (-5803.951172 2048 1 ) (-5717.613281 2048 1 ) 
4 755 915 (-5888 2048 32 ) (-5931.680664 2048 32 ) (-5931.680664 2048 1 ) (-5888 2048 1 ) 
4 755 914 (-5931.680664 2048 32 ) (-5972.032715 2048 32 ) (-5972.032715 2048 1 ) (-5931.680664 2048 1 ) 
4 755 913 (-5972.032715 2048 32 ) (-6010.981445 2048 32 ) (-6010.981445 2048 1 ) (-5972.032715 2048 1 ) 
4 755 912 (-6010.981445 2048 32 ) (-6058.386719 2048 32 ) (-6058.386719 2048 1 ) (-6010.981445 2048 1 ) 
4 755 911 (-6058.386719 2048 32 ) (-6109.090820 2048 32 ) (-6109.090820 2048 1 ) (-6058.386719 2048 1 ) 
4 755 910 (-6109.090820 2048 32 ) (-6144 2048 32 ) (-6144 2048 1 ) (-6109.090820 2048 1 ) 
4 755 896 (-5120 2048 1 ) (-5120 2048 32 ) (-5717.613281 2048 32 ) (-5717.613281 2048 1 ) 
4 755 920 (-5120 2048 0 ) (-5120 2048 1 ) (-6144 2048 1 ) (-6144 2048 0 ) 
4 755 812 (-6144 2048 0 ) (-6144 2048 32 ) (-6144 3072 32 ) (-6144 3072 0 ) 
4 756 760 (-6144 4096 32 ) (-6144 4096 2560 ) (-7168 4096 2560 ) (-7168 4096 32 ) 
4 756 758 (-7168 4096 32 ) (-7168 4096 2560 ) (-7168 4608 2560 ) (-7168 4608 32 ) 
4 756 757 (-6144 4096 32 ) (-7168 4096 32 ) (-7168 4608 32 ) (-6144 4608 32 ) 
4 757 761 (-6144 4096 0 ) (-6144 4096 32 ) (-7168 4096 32 ) (-7168 4096 0 ) 
4 757 759 (-7168 4096 0 ) (-7168 4096 32 ) (-7168 4608 32 ) (-7168 4608 0 ) 
4 758 815 (-8192 4096 32 ) (-8192 4096 2560 ) (-8192 4608 2560 ) (-8192 4608 32 ) 
4 758 777 (-7460.066406 4096 2560 ) (-7575.272461 4096 2560 ) (-7575.272461 4096 32 ) (-7460.066406 4096 32 ) 
4 758 776 (-7575.272461 4096 2560 ) (-7784.727051 4096 2560 ) (-7784.727051 4096 32 ) (-7575.272461 4096 32 ) 
4 758 775 (-7784.727051 4096 2560 ) (-8007.290527 4096 2560 ) (-8007.290527 4096 32 ) (-7784.727051 4096 32 ) 
4 758 774 (-8007.290527 4096 2560 ) (-8192 4096 2560 ) (-8192 4096 32 ) (-8007.290527 4096 32 ) 
4 758 762 (-7168 4096 32 ) (-7168 4096 2560 ) (-7460.066406 4096 2560 ) (-7460.066406 4096 32 ) 
4 758 759 (-7168 4608 32 ) (-7168 4096 32 ) (-8192 4096 32 ) (-8192 4608 32 ) 
4 759 816 (-8192 4096 0 ) (-8192 4096 32 ) (-8192 4608 32 ) (-8192 4608 0 ) 
4 759 801 (-7460.066406 4096 32 ) (-7575.272461 4096 32 ) (-7575.272461 4096 1 ) (-7460.066406 4096 1 ) 
4 759 800 (-7575.272461 4096 32 ) (-7784.727051 4096 32 ) (-7784.727051 4096 1 ) (-7575.272461 4096 1 ) 
4 759 799 (-7784.727051 4096 32 ) (-8007.290527 4096 32 ) (-8007.290527 4096 1 ) (-7784.727051 4096 1 ) 
4 759 798 (-8007.290527 4096 32 ) (-8192 4096 32 ) (-8192 4096 1 ) (-8007.290527 4096 1 ) 
4 759 786 (-7168 4096 1 ) (-7168 4096 32 ) (-7460.066406 4096 32 ) (-7460.066406 4096 1 ) 
4 759 810 (-7168 4096 0 ) (-7168 4096 1 ) (-8192 4096 1 ) (-8192 4096 0 ) 
4 760 811 (-6144 3072 32 ) (-6144 3072 2560 ) (-7168 3072 2560 ) (-7168 3072 32 ) 
4 760 764 (-7168 3072 32 ) (-7168 3072 2560 ) (-7168 3327.998779 2560 ) (-7168 3327.998779 32 ) 
4 760 763 (-7168 3327.998779 2560 ) (-7168 3371.675781 2560 ) (-7168 3371.675781 32 ) (-7168 3327.998779 32 ) 
4 760 762 (-7168 3371.675781 2560 ) (-7168 4096 2560 ) (-7168 4096 32 ) (-7168 3371.675781 32 ) 
4 760 761 (-6144 3072 32 ) (-7168 3072 32 ) (-7168 4096 32 ) (-6144 4096 32 ) 
4 761 812 (-6144 3072 0 ) (-6144 3072 32 ) (-7168 3072 32 ) (-7168 3072 0 ) 
4 761 788 (-7168 3072 1 ) (-7168 3072 32 ) (-7168 3327.998779 32 ) (-7168 3327.998779 1 ) 
4 761 787 (-7168 3327.998779 32 ) (-7168 3371.675781 32 ) (-7168 3371.675781 1 ) (-7168 3327.998779 1 ) 
4 761 786 (-7168 3371.675781 32 ) (-7168 4096 32 ) (-7168 4096 1 ) (-7168 3371.675781 1 ) 
4 761 810 (-7168 3072 0 ) (-7168 3072 1 ) (-7168 4096 1 ) (-7168 4096 0 ) 
3 762 786 (-7460.066406 4096 32 ) (-7168 4096 32 ) (-7168 3371.675781 32 ) 
4 762 783 (-7214.472168 3486.930908 32 ) (-7202 3456 32 ) (-7201.996582 3455.995605 2560 ) (-7214.470215 3486.929688 2560 ) 
4 762 782 (-7262.493652 3606.023682 32 ) (-7214.472168 3486.930908 32 ) (-7214.470215 3486.929688 2560 ) (-7262.492188 3606.023926 2560 ) 
4 762 781 (-7283.550781 3658.245850 32 ) (-7262.493652 3606.023682 32 ) (-7262.492188 3606.023926 2560 ) (-7283.549316 3658.246094 2560 ) 
4 762 780 (-7314.108398 3734.028809 32 ) (-7283.550781 3658.245850 32 ) (-7283.549316 3658.246094 2560 ) (-7314.107422 3734.030029 2560 ) 
4 762 779 (-7354.133301 3833.290771 32 ) (-7314.108398 3734.028809 32 ) (-7314.107422 3734.030029 2560 ) (-7354.132324 3833.291992 2560 ) 
4 762 778 (-7424 4006.561279 32 ) (-7354.133301 3833.290771 32 ) (-7354.132324 3833.291992 2560 ) (-7424 4006.562500 2560 ) 
4 762 777 (-7460.064453 4096 32 ) (-7424 4006.561279 32 ) (-7424 4006.562500 2560 ) (-7460.062988 4096 2560 ) 
4 762 763 (-7177 3394 32 ) (-7168 3371.679688 32 ) (-7168 3371.683594 2560 ) (-7177 3394.005859 2560 ) 
3 763 787 (-7177 3393.994141 32 ) (-7168 3371.675781 32 ) (-7168 3327.998779 32 ) 
4 764 813 (-7202.909180 3072 32 ) (-7168 3072 32 ) (-7168 3072 2560 ) (-7202.909180 3072 2560 ) 
3 764 788 (-7168 3327.998779 32 ) (-7168 3072 32 ) (-7202.909180 3072 32 ) 
4 764 765 (-7176.998535 3262.003906 32 ) (-7202.908203 3072 32 ) (-7202.908203 3072 2560 ) (-7176.998535 3262.003906 2560 ) 
4 765 813 (-7253.613281 3072 32 ) (-7202.909180 3072 32 ) (-7202.909180 3072 2560 ) (-7253.613281 3072 2560 ) 
3 765 789 (-7177 3262.001953 32 ) (-7202.909180 3072 32 ) (-7253.613281 3072 32 ) 
4 765 766 (-7201.997559 3200.003662 32 ) (-7253.611816 3072 32 ) (-7253.611816 3072 2560 ) (-7201.997559 3200.003662 2560 ) 
4 766 813 (-7301.018555 3072 32 ) (-7253.613281 3072 32 ) (-7253.613281 3072 2560 ) (-7301.018555 3072 2560 ) 
3 766 790 (-7202 3199.998779 32 ) (-7253.613281 3072 32 ) (-7301.018555 3072 32 ) 
4 766 767 (-7243 3147 32 ) (-7301.019531 3072 32 ) (-7301.015625 3072 2560 ) (-7242.997070 3147.002441 2560 ) 
4 767 813 (-7339.952148 3072 32 ) (-7301.018555 3072 32 ) (-7301.018555 3072 2560 ) (-7339.952148 3072 2560 ) 
3 767 791 (-7243 3147 32 ) (-7301.018555 3072 32 ) (-7339.952148 3072 32 ) 
4 767 768 (-7295.997070 3106.001221 32 ) (-7339.949707 3072 32 ) (-7339.949707 3072 2560 ) (-7295.997070 3106.001221 2560 ) 
4 768 813 (-7380.319824 3072 32 ) (-7339.952148 3072 32 ) (-7339.952148 3072 2560 ) (-7380.319824 3072 2560 ) 
3 768 792 (-7296.001953 3106 32 ) (-7339.952148 3072 32 ) (-7380.319824 3072 32 ) 
4 768 769 (-7358 3081 32 ) (-7380.320801 3072 32 ) (-7380.320313 3072 2560 ) (-7358 3081 2560 ) 
4 769 813 (-7424 3072 32 ) (-7380.319824 3072 32 ) (-7380.319824 3072 2560 ) (-7424 3072 2560 ) 
3 769 793 (-7358 3081 32 ) (-7380.319824 3072 32 ) (-7424 3072 32 ) 
4 770 817 (-8192 3072 32 ) (-8192 3072 2560 ) (-8192 3176.727295 2560 ) (-8192 3176.727295 32 ) 
4 770 813 (-8192 3072 2560 ) (-8192 3072 32 ) (-7424 3072 32 ) (-7424 3072 2560 ) 
3 770 794 (-7424 3072 32 ) (-8192 3072 32 ) (-8192 3176.727295 32 ) 
4 770 771 (-7490 3081 32 ) (-8192 3176.727051 32 ) (-8192 3176.727051 2560 ) (-7490 3081 2560 ) 
4 771 817 (-8192 3176.727295 2560 ) (-8192 3364.064697 2560 ) (-8192 3364.064697 32 ) (-8192 3176.727295 32 ) 
3 771 795 (-7490 3081 32 ) (-8192 3176.727295 32 ) (-8192 3364.064697 32 ) 
4 771 772 (-7552 3106 32 ) (-8192 3364.064453 32 ) (-8192 3364.062500 2560 ) (-7552 3106 2560 ) 
4 772 817 (-8192 3364.064697 2560 ) (-8192 3601.094238 2560 ) (-8192 3601.094482 32 ) (-8192 3364.064697 32 ) 
3 772 796 (-7552 3106 32 ) (-8192 3364.064697 32 ) (-8192 3601.094238 32 ) 
4 772 773 (-7605.002930 3147.003662 32 ) (-8192 3601.095703 32 ) (-8192 3601.095703 2560 ) (-7605.002930 3147.003662 2560 ) 
4 773 817 (-8192 3601.094238 2560 ) (-8192 3905.804443 2560 ) (-8192 3905.804688 32 ) (-8192 3601.094482 32 ) 
3 773 797 (-7605 3147 32 ) (-8192 3601.094238 32 ) (-8192 3905.804443 32 ) 
4 773 774 (-7646 3200 32 ) (-8192 3905.804932 32 ) (-8192 3905.804688 2560 ) (-7646 3200 2560 ) 
4 774 817 (-8192 3905.804443 2560 ) (-8192 4096 2560 ) (-8192 4096 32 ) (-8192 3905.804688 32 ) 
4 774 798 (-8192 4096 32 ) (-8007.290527 4096 32 ) (-7646 3200 32 ) (-8192 3905.804443 32 ) 
4 774 775 (-7671 3262.004150 32 ) (-8007.289063 4096 32 ) (-8007.289063 4096 2560 ) (-7671 3262.004150 2560 ) 
3 775 799 (-8007.290527 4096 32 ) (-7784.727051 4096 32 ) (-7671 3262 32 ) 
4 775 776 (-7680 3327.998779 32 ) (-7784.727539 4096 32 ) (-7784.727539 4096 2560 ) (-7680 3327.998779 2560 ) 
3 776 800 (-7784.727051 4096 32 ) (-7575.272461 4096 32 ) (-7680 3328.001465 32 ) 
4 776 777 (-7671 3394.001953 32 ) (-7575.272949 4096 32 ) (-7575.272949 4096 2560 ) (-7671 3394.001953 2560 ) 
4 777 801 (-7575.272461 4096 32 ) (-7460.066406 4096 32 ) (-7424.001465 4006.558594 32 ) (-7671 3394.001953 32 ) 
4 777 778 (-7645.997070 3456.003906 32 ) (-7424 4006.556152 32 ) (-7424 4006.556152 2560 ) (-7645.997070 3456.003906 2560 ) 
3 778 802 (-7424.001465 4006.558594 32 ) (-7354.134766 3833.289063 32 ) (-7646.001465 3455.998291 32 ) 
4 778 779 (-7605 3509 32 ) (-7354.134277 3833.289063 32 ) (-7354.134277 3833.289063 2560 ) (-7605 3509 2560 ) 
3 779 803 (-7354.134766 3833.289063 32 ) (-7314.110352 3734.028076 32 ) (-7605 3509 32 ) 
4 779 780 (-7552.007813 3549.996826 32 ) (-7314.110840 3734.030518 32 ) (-7314.110840 3734.030518 2560 ) (-7552.007813 3549.996826 2560 ) 
3 780 804 (-7314.110352 3734.028076 32 ) (-7283.552734 3658.245117 32 ) (-7552 3550 32 ) 
4 780 781 (-7489.998535 3575 32 ) (-7283.552246 3658.244629 32 ) (-7283.552246 3658.244629 2560 ) (-7489.998535 3575 2560 ) 
3 781 805 (-7283.552734 3658.245117 32 ) (-7262.495605 3606.023438 32 ) (-7490.001465 3575 32 ) 
4 781 784 (-7424 3584 32 ) (-7352.546387 3593.743408 32 ) (-7352.546387 3593.743408 2560 ) (-7424 3584 2560 ) 
4 781 782 (-7352.546387 3593.743408 32 ) (-7262.494629 3606.023193 32 ) (-7262.494629 3606.023193 2560 ) (-7352.546387 3593.743408 2560 ) 
3 782 806 (-7262.495605 3606.023438 32 ) (-7214.475098 3486.933350 32 ) (-7352.546387 3593.743652 32 ) 
4 782 785 (-7321.966309 3570.085938 32 ) (-7296.003418 3550.001465 32 ) (-7296.003418 3550.001465 2560 ) (-7321.966309 3570.085938 2560 ) 
4 782 784 (-7352.548828 3593.744141 2560 ) (-7352.548828 3593.744141 32 ) (-7321.966309 3570.085938 32 ) (-7321.966309 3570.085938 2560 ) 
4 782 783 (-7242.998047 3508.997070 32 ) (-7214.474609 3486.931885 32 ) (-7214.474609 3486.931885 2560 ) (-7242.998047 3508.997070 2560 ) 
3 783 807 (-7214.475098 3486.933350 32 ) (-7202.003906 3456.005127 32 ) (-7243 3509 32 ) 
3 784 808 (-7424 3584 32 ) (-7352.546387 3593.743652 32 ) (-7321.964355 3570.085693 32 ) 
4 784 785 (-7358 3575 32 ) (-7321.964355 3570.085938 32 ) (-7321.964355 3570.085938 2560 ) (-7358 3575 2560 ) 
3 785 809 (-7357.998535 3575 32 ) (-7321.964355 3570.085693 32 ) (-7296 3550 32 ) 
4 786 807 (-7214.472656 3486.931396 1 ) (-7202 3456 1 ) (-7202.012695 3456.016357 32 ) (-7214.481445 3486.938477 32 ) 
4 786 806 (-7262.493652 3606.023438 1 ) (-7214.472656 3486.931396 1 ) (-7214.481445 3486.938477 32 ) (-7262.499512 3606.022949 32 ) 
4 786 805 (-7283.550781 3658.245605 1 ) (-7262.493652 3606.023438 1 ) (-7262.499512 3606.022949 32 ) (-7283.556152 3658.243652 32 ) 
4 786 804 (-7314.108887 3734.029053 1 ) (-7283.550781 3658.245605 1 ) (-7283.556152 3658.243652 32 ) (-7314.113281 3734.025146 32 ) 
4 786 803 (-7354.133789 3833.290771 1 ) (-7314.108887 3734.029053 1 ) (-7314.113281 3734.025146 32 ) (-7354.137695 3833.285645 32 ) 
4 786 802 (-7424 4006.560059 1 ) (-7354.133789 3833.290771 1 ) (-7354.137695 3833.285645 32 ) (-7424.003418 4006.553223 32 ) 
4 786 801 (-7460.064941 4096 1 ) (-7424 4006.560059 1 ) (-7424.003418 4006.553223 32 ) (-7460.070313 4096 32 ) 
4 786 787 (-7177 3394 1 ) (-7168 3371.679199 1 ) (-7168 3371.664063 32 ) (-7176.996582 3393.975342 32 ) 
3 786 810 (-7460.066406 4096 1 ) (-7168 4096 1 ) (-7168 3371.675781 1 ) 
3 787 810 (-7177 3393.994141 1 ) (-7168 3371.675781 1 ) (-7168 3327.998779 1 ) 
4 788 814 (-7202.909180 3072 1 ) (-7168 3072 1 ) (-7168 3072 32 ) (-7202.909180 3072 32 ) 
4 788 789 (-7176.998535 3262.003906 1 ) (-7202.908203 3072 1 ) (-7202.908203 3072 32 ) (-7176.998535 3262.003906 32 ) 
3 788 810 (-7168 3327.998779 1 ) (-7168 3072 1 ) (-7202.909180 3072 1 ) 
4 789 814 (-7253.613281 3072 1 ) (-7202.909180 3072 1 ) (-7202.909180 3072 32 ) (-7253.613281 3072 32 ) 
4 789 790 (-7201.997559 3200.003662 1 ) (-7253.611816 3072 1 ) (-7253.611328 3072 32 ) (-7201.997559 3200.003662 32 ) 
3 789 810 (-7177 3262.001953 1 ) (-7202.909180 3072 1 ) (-7253.613281 3072 1 ) 
4 790 814 (-7301.018555 3072 1 ) (-7253.613281 3072 1 ) (-7253.613281 3072 32 ) (-7301.018555 3072 32 ) 
4 790 791 (-7243 3147 1 ) (-7301.019531 3072 1 ) (-7301.019531 3072 32 ) (-7243 3147 32 ) 
3 790 810 (-7202 3199.998779 1 ) (-7253.613281 3072 1 ) (-7301.018555 3072 1 ) 
4 791 814 (-7339.952148 3072 1 ) (-7301.018555 3072 1 ) (-7301.018555 3072 32 ) (-7339.952148 3072 32 ) 
4 791 792 (-7295.997070 3106.001221 1 ) (-7339.949707 3072 1 ) (-7339.953125 3072 32 ) (-7296 3106 32 ) 
3 791 810 (-7243 3147 1 ) (-7301.018555 3072 1 ) (-7339.952148 3072 1 ) 
4 792 814 (-7380.319824 3072 1 ) (-7339.952148 3072 1 ) (-7339.952148 3072 32 ) (-7380.319824 3072 32 ) 
4 792 793 (-7358 3081 1 ) (-7380.320801 3072 1 ) (-7380.320801 3072 32 ) (-7358 3081 32 ) 
3 792 810 (-7296.001953 3106 1 ) (-7339.952148 3072 1 ) (-7380.319824 3072 1 ) 
4 793 814 (-7424 3072 1 ) (-7380.319824 3072 1 ) (-7380.319824 3072 32 ) (-7424 3072 32 ) 
3 793 810 (-7358 3081 1 ) (-7380.319824 3072 1 ) (-7424 3072 1 ) 
4 794 818 (-8192 3072 1 ) (-8192 3072 32 ) (-8192 3176.727295 32 ) (-8192 3176.727295 1 ) 
4 794 814 (-8192 3072 32 ) (-8192 3072 1 ) (-7424 3072 1 ) (-7424 3072 32 ) 
4 794 795 (-7490 3081 1 ) (-8192 3176.727051 1 ) (-8192 3176.727539 32 ) (-7490 3081 32 ) 
3 794 810 (-7424 3072 1 ) (-8192 3072 1 ) (-8192 3176.727295 1 ) 
4 795 818 (-8192 3176.727295 32 ) (-8192 3364.064697 32 ) (-8192 3364.064697 1 ) (-8192 3176.727295 1 ) 
4 795 796 (-7552 3106 1 ) (-8192 3364.064453 1 ) (-8192 3364.063965 32 ) (-7552 3106 32 ) 
3 795 810 (-7490 3081 1 ) (-8192 3176.727295 1 ) (-8192 3364.064697 1 ) 
4 796 818 (-8192 3364.064697 32 ) (-8192 3601.094238 32 ) (-8192 3601.094482 1 ) (-8192 3364.064697 1 ) 
4 796 797 (-7605.002930 3147.003662 1 ) (-8192 3601.095703 1 ) (-8192 3601.093750 32 ) (-7605.002930 3147.003174 32 ) 
3 796 810 (-7552 3106 1 ) (-8192 3364.064697 1 ) (-8192 3601.094238 1 ) 
4 797 818 (-8192 3601.094238 32 ) (-8192 3905.804443 32 ) (-8192 3905.804688 1 ) (-8192 3601.094482 1 ) 
4 797 798 (-7646 3200 1 ) (-8192 3905.805176 1 ) (-8192 3905.804199 32 ) (-7646 3200 32 ) 
3 797 810 (-7605 3147 1 ) (-8192 3601.094238 1 ) (-8192 3905.804443 1 ) 
4 798 818 (-8192 3905.804443 32 ) (-8192 4096 32 ) (-8192 4096 1 ) (-8192 3905.804688 1 ) 
4 798 799 (-7671 3262.004150 1 ) (-8007.289063 4096 1 ) (-8007.289551 4096 32 ) (-7671 3262.004150 32 ) 
4 798 810 (-8192 4096 1 ) (-8007.290527 4096 1 ) (-7646 3200 1 ) (-8192 3905.804443 1 ) 
4 799 800 (-7680 3327.998779 1 ) (-7784.727539 4096 1 ) (-7784.727539 4096 32 ) (-7680 3327.998779 32 ) 
3 799 810 (-8007.290527 4096 1 ) (-7784.727051 4096 1 ) (-7671 3262 1 ) 
4 800 801 (-7671 3394.001953 1 ) (-7575.272949 4096 1 ) (-7575.272949 4096 32 ) (-7671 3394.001953 32 ) 
3 800 810 (-7784.727051 4096 1 ) (-7575.272461 4096 1 ) (-7680 3328.001465 1 ) 
4 801 802 (-7645.997070 3456.003906 1 ) (-7424 4006.556152 1 ) (-7424 4006.556152 32 ) (-7645.997070 3456.003906 32 ) 
4 801 810 (-7575.272461 4096 1 ) (-7460.066406 4096 1 ) (-7424.001465 4006.558594 1 ) (-7671 3394.001953 1 ) 
4 802 803 (-7605 3509 1 ) (-7354.134277 3833.289063 1 ) (-7354.134277 3833.289063 32 ) (-7605 3509 32 ) 
3 802 810 (-7424.001465 4006.558594 1 ) (-7354.134766 3833.289063 1 ) (-7646.001465 3455.998291 1 ) 
4 803 804 (-7552.007813 3549.996826 1 ) (-7314.110840 3734.030518 1 ) (-7314.110840 3734.030518 32 ) (-7552.007813 3549.996826 32 ) 
3 803 810 (-7354.134766 3833.289063 1 ) (-7314.110352 3734.028076 1 ) (-7605 3509 1 ) 
4 804 805 (-7489.998535 3575 1 ) (-7283.552246 3658.244629 1 ) (-7283.552246 3658.244629 32 ) (-7489.998535 3575 32 ) 
3 804 810 (-7314.110352 3734.028076 1 ) (-7283.552734 3658.245117 1 ) (-7552 3550 1 ) 
4 805 808 (-7424 3584 1 ) (-7352.546387 3593.743408 1 ) (-7352.546387 3593.743408 32 ) (-7424 3584 32 ) 
4 805 806 (-7352.546387 3593.743408 1 ) (-7262.494629 3606.023193 1 ) (-7262.494629 3606.023193 32 ) (-7352.546387 3593.743408 32 ) 
3 805 810 (-7283.552734 3658.245117 1 ) (-7262.495605 3606.023438 1 ) (-7490.001465 3575 1 ) 
4 806 809 (-7321.966309 3570.085938 1 ) (-7296.003418 3550.001465 1 ) (-7296.003418 3550.001465 32 ) (-7321.966309 3570.085938 32 ) 
4 806 808 (-7352.548828 3593.744141 32 ) (-7352.548828 3593.744141 1 ) (-7321.966309 3570.085938 1 ) (-7321.966309 3570.085938 32 ) 
4 806 807 (-7242.998047 3508.997070 1 ) (-7214.474609 3486.931885 1 ) (-7214.474609 3486.931885 32 ) (-7242.998047 3508.997070 32 ) 
3 806 810 (-7262.495605 3606.023438 1 ) (-7214.475098 3486.933350 1 ) (-7352.546387 3593.743652 1 ) 
3 807 810 (-7214.475098 3486.933350 1 ) (-7202.003906 3456.005127 1 ) (-7243 3509 1 ) 
4 808 809 (-7358 3575 1 ) (-7321.964355 3570.085938 1 ) (-7321.964355 3570.085938 32 ) (-7358 3575 32 ) 
3 808 810 (-7424 3584 1 ) (-7352.546387 3593.743652 1 ) (-7321.964355 3570.085693 1 ) 
3 809 810 (-7357.998535 3575 1 ) (-7321.964355 3570.085693 1 ) (-7296 3550 1 ) 
4 810 818 (-8192 3072 0 ) (-8192 3072 1 ) (-8192 4096 1 ) (-8192 4096 0 ) 
4 810 814 (-8192 3072 1 ) (-8192 3072 0 ) (-7168 3072 0 ) (-7168 3072 1 ) 
4 811 1133 (-6144 2048 32 ) (-6144 2048 2560 ) (-7168 2048 2560 ) (-7168 2048 32 ) 
4 811 813 (-7168 3072 2560 ) (-7168 3072 32 ) (-7168 2048 32 ) (-7168 2048 2560 ) 
4 811 812 (-6144 2048 32 ) (-7168 2048 32 ) (-7168 3072 32 ) (-6144 3072 32 ) 
4 812 1134 (-6144 2048 0 ) (-6144 2048 32 ) (-7168 2048 32 ) (-7168 2048 0 ) 
4 812 814 (-7168 3072 32 ) (-7168 3072 0 ) (-7168 2048 0 ) (-7168 2048 32 ) 
4 813 1157 (-7339.951660 2048 2560 ) (-7424 2048 2560 ) (-7424 2048 32 ) (-7339.951660 2048 32 ) 
4 813 1155 (-7253.613281 2048 2560 ) (-7339.951660 2048 2560 ) (-7339.951660 2048 32 ) (-7253.613281 2048 32 ) 
4 813 1154 (-7424 2048 2560 ) (-7467.679199 2048 2560 ) (-7467.679199 2048 32 ) (-7424 2048 32 ) 
4 813 1153 (-7467.679199 2048 2560 ) (-7508.049316 2048 2560 ) (-7508.049316 2048 32 ) (-7467.679199 2048 32 ) 
4 813 1152 (-7508.049316 2048 2560 ) (-7546.980957 2048 2560 ) (-7546.980957 2048 32 ) (-7508.049316 2048 32 ) 
4 813 1151 (-7546.980957 2048 2560 ) (-7594.386719 2048 2560 ) (-7594.386719 2048 32 ) (-7546.980957 2048 32 ) 
4 813 1150 (-7594.386719 2048 2560 ) (-7645.090820 2048 2560 ) (-7645.090820 2048 32 ) (-7594.386719 2048 32 ) 
4 813 1149 (-7645.090820 2048 2560 ) (-7714.908691 2048 2560 ) (-7714.908691 2048 32 ) (-7645.090820 2048 32 ) 
4 813 1148 (-7714.908691 2048 2560 ) (-7800.838867 2048 2560 ) (-7800.839355 2048 32 ) (-7714.908691 2048 32 ) 
4 813 1147 (-7800.838867 2048 2560 ) (-7943.056641 2048 2560 ) (-7943.056641 2048 32 ) (-7800.839355 2048 32 ) 
4 813 1146 (-7943.056641 2048 2560 ) (-8169.902832 2048 2560 ) (-8169.902832 2048 32 ) (-7943.056641 2048 32 ) 
4 813 1145 (-8169.902832 2048 2560 ) (-8192 2048 2560 ) (-8192 2048 32 ) (-8169.902832 2048 32 ) 
4 813 1135 (-7168 2048 32 ) (-7168 2048 2560 ) (-7253.613281 2048 2560 ) (-7253.613281 2048 32 ) 
4 813 819 (-8192 2048 32 ) (-8192 2048 2560 ) (-8192 3072 2560 ) (-8192 3072 32 ) 
4 813 814 (-8192 2048 32 ) (-8192 3072 32 ) (-7168 3072 32 ) (-7168 2048 32 ) 
4 814 1181 (-7339.951660 2048 32 ) (-7424 2048 32 ) (-7424 2048 1 ) (-7339.951660 2048 1 ) 
4 814 1179 (-7253.613281 2048 32 ) (-7339.951660 2048 32 ) (-7339.951660 2048 1 ) (-7253.613281 2048 1 ) 
4 814 1178 (-7424 2048 32 ) (-7467.679199 2048 32 ) (-7467.679199 2048 1 ) (-7424 2048 1 ) 
4 814 1177 (-7467.679199 2048 32 ) (-7508.049316 2048 32 ) (-7508.049316 2048 1 ) (-7467.679199 2048 1 ) 
4 814 1176 (-7508.049316 2048 32 ) (-7546.980957 2048 32 ) (-7546.980957 2048 1 ) (-7508.049316 2048 1 ) 
4 814 1175 (-7546.980957 2048 32 ) (-7594.386719 2048 32 ) (-7594.386719 2048 1 ) (-7546.980957 2048 1 ) 
4 814 1174 (-7594.386719 2048 32 ) (-7645.090820 2048 32 ) (-7645.090820 2048 1 ) (-7594.386719 2048 1 ) 
4 814 1173 (-7645.090820 2048 32 ) (-7714.908691 2048 32 ) (-7714.908691 2048 1 ) (-7645.090820 2048 1 ) 
4 814 1172 (-7714.908691 2048 32 ) (-7800.838867 2048 32 ) (-7800.839355 2048 1 ) (-7714.908691 2048 1 ) 
4 814 1171 (-7800.838867 2048 32 ) (-7943.056641 2048 32 ) (-7943.056641 2048 1 ) (-7800.839355 2048 1 ) 
4 814 1170 (-7943.056641 2048 32 ) (-8169.902832 2048 32 ) (-8169.902832 2048 1 ) (-7943.056641 2048 1 ) 
4 814 1169 (-8169.902832 2048 32 ) (-8192 2048 32 ) (-8192 2048 1 ) (-8169.902832 2048 1 ) 
4 814 1159 (-7168 2048 1 ) (-7168 2048 32 ) (-7253.613281 2048 32 ) (-7253.613281 2048 1 ) 
4 814 1183 (-7168 2048 0 ) (-7168 2048 1 ) (-8192 2048 1 ) (-8192 2048 0 ) 
4 814 820 (-8192 2048 0 ) (-8192 2048 32 ) (-8192 3072 32 ) (-8192 3072 0 ) 
4 815 817 (-8192 4096 32 ) (-8192 4096 2560 ) (-8704 4096 2560 ) (-8704 4096 32 ) 
4 815 816 (-8192 4096 32 ) (-8704 4096 32 ) (-8704 4608 32 ) (-8192 4608 32 ) 
4 816 818 (-8192 4096 0 ) (-8192 4096 32 ) (-8704 4096 32 ) (-8704 4096 0 ) 
4 817 819 (-8192 3072 32 ) (-8192 3072 2560 ) (-8704 3072 2560 ) (-8704 3072 32 ) 
4 817 818 (-8192 3072 32 ) (-8704 3072 32 ) (-8704 4096 32 ) (-8192 4096 32 ) 
4 818 820 (-8192 3072 0 ) (-8192 3072 32 ) (-8704 3072 32 ) (-8704 3072 0 ) 
4 819 1239 (-8192 2048 32 ) (-8192 2048 2560 ) (-8704 2048 2560 ) (-8704 2048 32 ) 
4 819 820 (-8192 2048 32 ) (-8704 2048 32 ) (-8704 3072 32 ) (-8192 3072 32 ) 
4 820 1240 (-8192 2048 0 ) (-8192 2048 32 ) (-8704 2048 32 ) (-8704 2048 0 ) 
4 821 921 (-3072 1024 32 ) (-3072 1024 2560 ) (-4096 1024 2560 ) (-4096 1024 32 ) 
4 821 825 (-4096 1024 32 ) (-4096 1024 2560 ) (-4096 1792 2560 ) (-4096 1792 32 ) 
4 821 824 (-4096 1792 2560 ) (-4096 1835.680176 2560 ) (-4096 1835.680176 32 ) (-4096 1792 32 ) 
4 821 823 (-4096 1835.680176 2560 ) (-4096 2048 2560 ) (-4096 2048 32 ) (-4096 1835.680176 32 ) 
4 821 822 (-3072 1024 32 ) (-4096 1024 32 ) (-4096 2048 32 ) (-3072 2048 32 ) 
4 822 922 (-3072 1024 0 ) (-3072 1024 32 ) (-4096 1024 32 ) (-4096 1024 0 ) 
4 822 849 (-4096 1024 1 ) (-4096 1024 32 ) (-4096 1792 32 ) (-4096 1792 1 ) 
4 822 848 (-4096 1792 32 ) (-4096 1835.680176 32 ) (-4096 1835.680176 1 ) (-4096 1792 1 ) 
4 822 847 (-4096 1835.680176 32 ) (-4096 2048 32 ) (-4096 2048 1 ) (-4096 1835.680176 1 ) 
4 822 871 (-4096 1024 0 ) (-4096 1024 1 ) (-4096 2048 1 ) (-4096 2048 0 ) 
3 823 847 (-4181.612793 2048 32 ) (-4096 2048 32 ) (-4096 1835.680176 32 ) 
4 823 844 (-4142.470215 1950.929932 32 ) (-4129.996582 1919.995972 32 ) (-4129.996582 1919.995850 2560 ) (-4142.470215 1950.929932 2560 ) 
4 823 843 (-4181.611328 2048 32 ) (-4142.470215 1950.929932 32 ) (-4142.470215 1950.929932 2560 ) (-4181.611328 2048 2560 ) 
4 823 824 (-4105 1858.006348 32 ) (-4096 1835.683960 32 ) (-4096 1835.683472 2560 ) (-4105 1858.005859 2560 ) 
3 824 848 (-4105 1858 32 ) (-4096 1835.680176 32 ) (-4096 1792 32 ) 
4 825 925 (-4096 1024 32 ) (-4096 1024 2560 ) (-4200.727539 1024 2560 ) (-4200.727539 1024 32 ) 
3 825 849 (-4096 1024 32 ) (-4200.727539 1024 32 ) (-4096 1792 32 ) 
4 825 826 (-4105 1725.998047 32 ) (-4200.727539 1024 32 ) (-4200.726563 1024 2560 ) (-4105 1725.998291 2560 ) 
4 826 925 (-4200.727539 1024 2560 ) (-4388.064453 1024 2560 ) (-4388.064453 1024 32 ) (-4200.727539 1024 32 ) 
3 826 850 (-4200.727539 1024 32 ) (-4388.064453 1024 32 ) (-4105 1726 32 ) 
4 826 827 (-4129.998047 1664.003174 32 ) (-4388.063965 1024 32 ) (-4388.063965 1024 2560 ) (-4129.998535 1664.001709 2560 ) 
4 827 940 (-4388.064453 1024 2560 ) (-4503.272461 1024 2560 ) (-4503.272461 1024 32 ) (-4388.064453 1024 32 ) 
4 827 939 (-4503.272461 1024 2560 ) (-4625.094727 1024 2560 ) (-4625.094727 1024 32 ) (-4503.272461 1024 32 ) 
3 827 851 (-4388.064453 1024 32 ) (-4625.094727 1024 32 ) (-4130 1664 32 ) 
4 827 828 (-4171.004395 1610.996582 32 ) (-4625.096191 1024 32 ) (-4625.089844 1024 2560 ) (-4171.002441 1610.998047 2560 ) 
4 828 939 (-4625.094727 1024 2560 ) (-4712.727539 1024 2560 ) (-4712.727539 1024 32 ) (-4625.094727 1024 32 ) 
4 828 938 (-4712.727539 1024 2560 ) (-4929.804688 1024 2560 ) (-4929.804688 1024 32 ) (-4712.727539 1024 32 ) 
3 828 852 (-4625.094727 1024 32 ) (-4929.804688 1024 32 ) (-4171 1611 32 ) 
4 828 829 (-4224.002441 1569.998779 32 ) (-4929.805664 1024 32 ) (-4929.808594 1024 2560 ) (-4224.002930 1569.998535 2560 ) 
4 829 938 (-4929.804688 1024 2560 ) (-4935.290039 1024 2560 ) (-4935.290039 1024 32 ) (-4929.804688 1024 32 ) 
4 829 937 (-4935.290039 1024 2560 ) (-5120 1024 2560 ) (-5120 1024 32 ) (-4935.290039 1024 32 ) 
4 829 872 (-5120 1208.709473 32 ) (-5120 1024 32 ) (-5120 1024 2560 ) (-5120 1208.709351 2560 ) 
4 829 853 (-4929.804688 1024 32 ) (-5120 1024 32 ) (-5120 1208.709351 32 ) (-4224 1570 32 ) 
4 829 830 (-4285.995117 1545 32 ) (-5120 1208.708252 32 ) (-5120 1208.707642 2560 ) (-4285.995117 1545 2560 ) 
4 830 872 (-5120 1431.272461 32 ) (-5120 1208.709473 32 ) (-5120 1208.709351 2560 ) (-5120 1431.272583 2560 ) 
3 830 854 (-5120 1208.709351 32 ) (-5120 1431.272583 32 ) (-4286 1545 32 ) 
4 830 831 (-4351.998047 1536 32 ) (-5120 1431.272217 32 ) (-5120 1431.272461 2560 ) (-4351.998047 1536 2560 ) 
4 831 872 (-5120 1640.727295 32 ) (-5120 1431.272461 32 ) (-5120 1431.272583 2560 ) (-5120 1640.727295 2560 ) 
3 831 855 (-5120 1431.272583 32 ) (-5120 1640.727295 32 ) (-4352 1536 32 ) 
4 831 832 (-4418.001465 1545 32 ) (-5120 1640.727539 32 ) (-5120 1640.727417 2560 ) (-4418.001465 1545 2560 ) 
4 832 872 (-5120 1828.064453 32 ) (-5120 1640.727295 32 ) (-5120 1640.727295 2560 ) (-5120 1828.064453 2560 ) 
3 832 856 (-5120 1640.727295 32 ) (-5120 1828.064453 32 ) (-4418 1545 32 ) 
4 832 833 (-4480 1570 32 ) (-5120 1828.064575 32 ) (-5120 1828.064453 2560 ) (-4480 1570 2560 ) 
4 833 872 (-5120 2048 2560 ) (-5120 2048 32 ) (-5120 1828.064453 32 ) (-5120 1828.064453 2560 ) 
4 833 857 (-5120 1828.064453 32 ) (-5120 2048 32 ) (-5097.902344 2048 32 ) (-4480 1570 32 ) 
4 833 834 (-4532.995117 1610.993896 32 ) (-5097.905273 2048 32 ) (-5097.906250 2048 2560 ) (-4532.994629 1610.993774 2560 ) 
3 834 858 (-5097.902344 2048 32 ) (-4871.056641 2048 32 ) (-4533 1611 32 ) 
4 834 835 (-4574 1664 32 ) (-4871.056641 2048 32 ) (-4871.058594 2048 2560 ) (-4574 1664 2560 ) 
3 835 859 (-4871.056641 2048 32 ) (-4728.838867 2048 32 ) (-4574.001465 1664.001587 32 ) 
4 835 836 (-4599 1726.003296 32 ) (-4728.837891 2048 32 ) (-4728.837891 2048 2560 ) (-4599 1726.003174 2560 ) 
3 836 860 (-4728.838867 2048 32 ) (-4642.909180 2048 32 ) (-4599 1725.997681 32 ) 
4 836 837 (-4608 1792.002197 32 ) (-4642.908691 2048 32 ) (-4642.908691 2048 2560 ) (-4608 1792.002075 2560 ) 
3 837 861 (-4642.909180 2048 32 ) (-4573.091309 2048 32 ) (-4608 1792 32 ) 
4 837 838 (-4599 1858.001465 32 ) (-4573.090820 2048 32 ) (-4573.090820 2048 2560 ) (-4599 1858.001343 2560 ) 
3 838 862 (-4573.091309 2048 32 ) (-4522.386719 2048 32 ) (-4599 1858 32 ) 
4 838 839 (-4573.998535 1920.002441 32 ) (-4522.386719 2048 32 ) (-4522.386719 2048 2560 ) (-4573.998535 1920.002441 2560 ) 
3 839 863 (-4522.386719 2048 32 ) (-4474.981934 2048 32 ) (-4573.998535 1920.002686 32 ) 
4 839 840 (-4532.994629 1973.004517 32 ) (-4474.979004 2048 32 ) (-4474.979492 2048 2560 ) (-4532.994629 1973.004517 2560 ) 
3 840 864 (-4474.981934 2048 32 ) (-4436.049316 2048 32 ) (-4533.001465 1972.998779 32 ) 
4 840 841 (-4480 2014 32 ) (-4436.048828 2048 32 ) (-4436.048828 2048 2560 ) (-4480 2014 2560 ) 
3 841 865 (-4436.049316 2048 32 ) (-4395.679688 2048 32 ) (-4480 2014 32 ) 
4 841 842 (-4417.998535 2039 32 ) (-4395.679199 2048 32 ) (-4395.678711 2048 2560 ) (-4417.998047 2039 2560 ) 
3 842 866 (-4395.679688 2048 32 ) (-4352 2048 32 ) (-4418 2039 32 ) 
3 843 867 (-4267.951172 2048 32 ) (-4181.612793 2048 32 ) (-4142.472168 1950.931152 32 ) 
4 843 846 (-4249.963867 2034.085938 32 ) (-4223.998047 2014 32 ) (-4223.998047 2014 2560 ) (-4249.963867 2034.086060 2560 ) 
4 843 845 (-4267.950195 2048 32 ) (-4249.963867 2034.085938 32 ) (-4249.963867 2034.086060 2560 ) (-4267.950195 2048 2560 ) 
4 843 844 (-4171.001953 1973.002197 32 ) (-4142.472656 1950.932373 32 ) (-4142.472656 1950.932495 2560 ) (-4171.001953 1973.002319 2560 ) 
3 844 868 (-4171 1973 32 ) (-4142.472168 1950.931152 32 ) (-4130 1920 32 ) 
3 845 869 (-4352 2048 32 ) (-4267.951172 2048 32 ) (-4249.964844 2034.086060 32 ) 
4 845 846 (-4286 2039 32 ) (-4249.965332 2034.086304 32 ) (-4249.965332 2034.086304 2560 ) (-4286 2039 2560 ) 
3 846 870 (-4286 2039 32 ) (-4249.964844 2034.086060 32 ) (-4224 2014 32 ) 
4 847 868 (-4142.473145 1950.931763 1 ) (-4130.001465 1920.001831 1 ) (-4129.996582 1919.995850 32 ) (-4142.470215 1950.929932 32 ) 
4 847 867 (-4181.613281 2048 1 ) (-4142.473145 1950.931763 1 ) (-4142.470215 1950.929932 32 ) (-4181.611328 2048 32 ) 
4 847 848 (-4105 1857.998779 1 ) (-4096 1835.679199 1 ) (-4096 1835.683594 32 ) (-4105 1858.005981 32 ) 
3 847 871 (-4181.612793 2048 1 ) (-4096 2048 1 ) (-4096 1835.680176 1 ) 
3 848 871 (-4105 1858 1 ) (-4096 1835.680176 1 ) (-4096 1792 1 ) 
4 849 949 (-4096 1024 1 ) (-4096 1024 32 ) (-4200.727539 1024 32 ) (-4200.727539 1024 1 ) 
4 849 850 (-4105 1725.998047 1 ) (-4200.727539 1024 1 ) (-4200.727539 1024 32 ) (-4105 1725.998047 32 ) 
3 849 871 (-4096 1024 1 ) (-4200.727539 1024 1 ) (-4096 1792 1 ) 
4 850 949 (-4200.727539 1024 32 ) (-4388.064453 1024 32 ) (-4388.064453 1024 1 ) (-4200.727539 1024 1 ) 
4 850 851 (-4129.998047 1664.003174 1 ) (-4388.063965 1024 1 ) (-4388.062500 1024 32 ) (-4129.997559 1664.003540 32 ) 
3 850 871 (-4200.727539 1024 1 ) (-4388.064453 1024 1 ) (-4105 1726 1 ) 
4 851 964 (-4388.064453 1024 32 ) (-4503.272461 1024 32 ) (-4503.272461 1024 1 ) (-4388.064453 1024 1 ) 
4 851 963 (-4503.272461 1024 32 ) (-4625.094727 1024 32 ) (-4625.094727 1024 1 ) (-4503.272461 1024 1 ) 
4 851 852 (-4171.004395 1610.996582 1 ) (-4625.096191 1024 1 ) (-4625.096191 1024 32 ) (-4171.004395 1610.996582 32 ) 
3 851 871 (-4388.064453 1024 1 ) (-4625.094727 1024 1 ) (-4130 1664 1 ) 
4 852 963 (-4625.094727 1024 32 ) (-4712.727539 1024 32 ) (-4712.727539 1024 1 ) (-4625.094727 1024 1 ) 
4 852 962 (-4712.727539 1024 32 ) (-4929.804688 1024 32 ) (-4929.804688 1024 1 ) (-4712.727539 1024 1 ) 
4 852 853 (-4224.002930 1569.998779 1 ) (-4929.806152 1024 1 ) (-4929.804688 1024 32 ) (-4224.002441 1569.998901 32 ) 
3 852 871 (-4625.094727 1024 1 ) (-4929.804688 1024 1 ) (-4171 1611 1 ) 
4 853 962 (-4929.804688 1024 32 ) (-4935.290039 1024 32 ) (-4935.290039 1024 1 ) (-4929.804688 1024 1 ) 
4 853 961 (-4935.290039 1024 32 ) (-5120 1024 32 ) (-5120 1024 1 ) (-4935.290039 1024 1 ) 
4 853 896 (-5120 1208.709473 1 ) (-5120 1024 1 ) (-5120 1024 32 ) (-5120 1208.709351 32 ) 
4 853 854 (-4285.995117 1545 1 ) (-5120 1208.708252 1 ) (-5120 1208.707031 32 ) (-4285.995117 1545 32 ) 
4 853 871 (-4929.804688 1024 1 ) (-5120 1024 1 ) (-5120 1208.709351 1 ) (-4224 1570 1 ) 
4 854 896 (-5120 1431.272461 1 ) (-5120 1208.709473 1 ) (-5120 1208.709351 32 ) (-5120 1431.272583 32 ) 
4 854 855 (-4351.998047 1536 1 ) (-5120 1431.272217 1 ) (-5120 1431.272461 32 ) (-4351.998047 1536 32 ) 
3 854 871 (-5120 1208.709351 1 ) (-5120 1431.272583 1 ) (-4286 1545 1 ) 
4 855 896 (-5120 1640.727295 1 ) (-5120 1431.272461 1 ) (-5120 1431.272583 32 ) (-5120 1640.727295 32 ) 
4 855 856 (-4418.001465 1545 1 ) (-5120 1640.727539 1 ) (-5120 1640.727539 32 ) (-4418.001465 1545 32 ) 
3 855 871 (-5120 1431.272583 1 ) (-5120 1640.727295 1 ) (-4352 1536 1 ) 
4 856 896 (-5120 1828.064453 1 ) (-5120 1640.727295 1 ) (-5120 1640.727295 32 ) (-5120 1828.064453 32 ) 
4 856 857 (-4480 1570 1 ) (-5120 1828.064575 1 ) (-5120 1828.065063 32 ) (-4480 1570 32 ) 
3 856 871 (-5120 1640.727295 1 ) (-5120 1828.064453 1 ) (-4418 1545 1 ) 
4 857 896 (-5120 2048 32 ) (-5120 2048 1 ) (-5120 1828.064453 1 ) (-5120 1828.064453 32 ) 
4 857 858 (-4532.995117 1610.993896 1 ) (-5097.905273 2048 1 ) (-5097.903320 2048 32 ) (-4532.995117 1610.994263 32 ) 
4 857 871 (-5120 1828.064453 1 ) (-5120 2048 1 ) (-5097.902344 2048 1 ) (-4480 1570 1 ) 
4 858 859 (-4574 1664 1 ) (-4871.056641 2048 1 ) (-4871.058594 2048 32 ) (-4574 1664 32 ) 
3 858 871 (-5097.902344 2048 1 ) (-4871.056641 2048 1 ) (-4533 1611 1 ) 
4 859 860 (-4599 1726.003296 1 ) (-4728.837891 2048 1 ) (-4728.837891 2048 32 ) (-4599 1726.003296 32 ) 
3 859 871 (-4871.056641 2048 1 ) (-4728.838867 2048 1 ) (-4574.001465 1664.001587 1 ) 
4 860 861 (-4608 1792.002197 1 ) (-4642.908691 2048 1 ) (-4642.908691 2048 32 ) (-4608 1792.002197 32 ) 
3 860 871 (-4728.838867 2048 1 ) (-4642.909180 2048 1 ) (-4599 1725.997681 1 ) 
4 861 862 (-4599 1858.001465 1 ) (-4573.090820 2048 1 ) (-4573.090820 2048 32 ) (-4599 1858.001465 32 ) 
3 861 871 (-4642.909180 2048 1 ) (-4573.091309 2048 1 ) (-4608 1792 1 ) 
4 862 863 (-4573.998535 1920.002441 1 ) (-4522.386719 2048 1 ) (-4522.386719 2048 32 ) (-4573.998535 1920.002441 32 ) 
3 862 871 (-4573.091309 2048 1 ) (-4522.386719 2048 1 ) (-4599 1858 1 ) 
4 863 864 (-4532.994629 1973.004517 1 ) (-4474.979004 2048 1 ) (-4474.979004 2048 32 ) (-4532.994629 1973.004517 32 ) 
3 863 871 (-4522.386719 2048 1 ) (-4474.981934 2048 1 ) (-4573.998535 1920.002686 1 ) 
4 864 865 (-4480 2014 1 ) (-4436.048828 2048 1 ) (-4436.048828 2048 32 ) (-4480 2014 32 ) 
3 864 871 (-4474.981934 2048 1 ) (-4436.049316 2048 1 ) (-4533.001465 1972.998779 1 ) 
4 865 866 (-4417.998535 2039 1 ) (-4395.679199 2048 1 ) (-4395.679199 2048 32 ) (-4417.998535 2039 32 ) 
3 865 871 (-4436.049316 2048 1 ) (-4395.679688 2048 1 ) (-4480 2014 1 ) 
3 866 871 (-4395.679688 2048 1 ) (-4352 2048 1 ) (-4418 2039 1 ) 
4 867 870 (-4249.963867 2034.086060 1 ) (-4223.998047 2014 1 ) (-4223.998047 2014 32 ) (-4249.963867 2034.086060 32 ) 
4 867 869 (-4267.950195 2048 1 ) (-4249.963867 2034.086060 1 ) (-4249.963867 2034.086060 32 ) (-4267.950195 2048 32 ) 
4 867 868 (-4171.001953 1973.002319 1 ) (-4142.472656 1950.932495 1 ) (-4142.472656 1950.932495 32 ) (-4171.001953 1973.002319 32 ) 
3 867 871 (-4267.951172 2048 1 ) (-4181.612793 2048 1 ) (-4142.472168 1950.931152 1 ) 
3 868 871 (-4171 1973 1 ) (-4142.472168 1950.931152 1 ) (-4130 1920 1 ) 
4 869 870 (-4286 2039 1 ) (-4249.965332 2034.086304 1 ) (-4249.965332 2034.086304 32 ) (-4286 2039 32 ) 
3 869 871 (-4352 2048 1 ) (-4267.951172 2048 1 ) (-4249.964844 2034.086060 1 ) 
3 870 871 (-4286 2039 1 ) (-4249.964844 2034.086060 1 ) (-4224 2014 1 ) 
4 871 973 (-4096 1024 0 ) (-4096 1024 1 ) (-5120 1024 1 ) (-5120 1024 0 ) 
4 871 920 (-5120 2048 1 ) (-5120 2048 0 ) (-5120 1024 0 ) (-5120 1024 1 ) 
4 872 974 (-5304.709961 1024 32 ) (-5120 1024 32 ) (-5120 1024 2560 ) (-5304.709961 1024 2560 ) 
4 872 896 (-5717.613281 2048 32 ) (-5120 2048 32 ) (-5120 1024 32 ) (-5304.709961 1024 32 ) 
4 872 893 (-5678.472656 1950.931641 32 ) (-5666 1920 32 ) (-5665.998535 1919.998047 2560 ) (-5678.471191 1950.930664 2560 ) 
4 872 892 (-5717.613281 2048 32 ) (-5678.472656 1950.931641 32 ) (-5678.471191 1950.930664 2560 ) (-5717.612305 2048 2560 ) 
4 872 873 (-5641 1857.998657 32 ) (-5304.709473 1024 32 ) (-5304.708984 1024 2560 ) (-5641 1858.001953 2560 ) 
4 873 974 (-5527.272461 1024 32 ) (-5304.709961 1024 32 ) (-5304.709961 1024 2560 ) (-5527.272461 1024 2560 ) 
3 873 897 (-5641 1857.998291 32 ) (-5304.709961 1024 32 ) (-5527.272461 1024 32 ) 
4 873 874 (-5632 1792 32 ) (-5527.272949 1024 32 ) (-5527.272949 1024 2560 ) (-5632 1792 2560 ) 
4 874 974 (-5736.727539 1024 32 ) (-5527.272461 1024 32 ) (-5527.272461 1024 2560 ) (-5736.727539 1024 2560 ) 
3 874 898 (-5632 1792.001831 32 ) (-5527.272461 1024 32 ) (-5736.727539 1024 32 ) 
4 874 875 (-5641 1726.001831 32 ) (-5736.727051 1024 32 ) (-5736.727051 1024 2560 ) (-5641 1726.001709 2560 ) 
4 875 974 (-5924.064941 1024 32 ) (-5736.727539 1024 32 ) (-5736.727539 1024 2560 ) (-5924.064941 1024 2560 ) 
3 875 899 (-5641 1726 32 ) (-5736.727539 1024 32 ) (-5924.064941 1024 32 ) 
4 875 876 (-5665.996094 1664.004883 32 ) (-5924.062500 1024 32 ) (-5924.064453 1024 2560 ) (-5665.996582 1664.004639 2560 ) 
4 876 1133 (-6144 1046.097656 32 ) (-6144 1024 32 ) (-6144 1024 2560 ) (-6144 1046.097778 2560 ) 
4 876 989 (-6039.272461 1024 32 ) (-5924.064941 1024 32 ) (-5924.064941 1024 2560 ) (-6039.272461 1024 2560 ) 
4 876 988 (-6144 1024 2560 ) (-6144 1024 32 ) (-6039.272461 1024 32 ) (-6039.272461 1024 2560 ) 
4 876 900 (-6144 1024 32 ) (-6144 1046.097778 32 ) (-5666 1663.998413 32 ) (-5924.064941 1024 32 ) 
4 876 877 (-5707.001953 1610.997925 32 ) (-6144 1046.098145 32 ) (-6144 1046.093750 2560 ) (-5707.001465 1610.998291 2560 ) 
4 877 1133 (-6144 1272.942871 32 ) (-6144 1046.097656 32 ) (-6144 1046.097778 2560 ) (-6144 1272.942993 2560 ) 
3 877 901 (-6144 1046.097778 32 ) (-6144 1272.942993 32 ) (-5707 1611 32 ) 
4 877 878 (-5760.002441 1569.998901 32 ) (-6144 1272.944214 32 ) (-6144 1272.945313 2560 ) (-5760.002930 1569.998779 2560 ) 
4 878 1133 (-6144 1415.161377 32 ) (-6144 1272.942871 32 ) (-6144 1272.942993 2560 ) (-6144 1415.161255 2560 ) 
3 878 902 (-6144 1272.942993 32 ) (-6144 1415.161255 32 ) (-5760 1570 32 ) 
4 878 879 (-5821.995605 1545 32 ) (-6144 1415.160156 32 ) (-6144 1415.158203 2560 ) (-5821.994629 1545 2560 ) 
4 879 1133 (-6144 1501.090942 32 ) (-6144 1415.161377 32 ) (-6144 1415.161255 2560 ) (-6144 1501.090820 2560 ) 
3 879 903 (-6144 1415.161255 32 ) (-6144 1501.090820 32 ) (-5822 1545 32 ) 
4 879 880 (-5888.001953 1536 32 ) (-6144 1501.091431 32 ) (-6144 1501.091309 2560 ) (-5888.001953 1536 2560 ) 
4 880 1133 (-6144 1570.909180 32 ) (-6144 1501.090942 32 ) (-6144 1501.090820 2560 ) (-6144 1570.909180 2560 ) 
3 880 904 (-6144 1501.090820 32 ) (-6144 1570.909180 32 ) (-5888 1536 32 ) 
4 880 881 (-5954 1545 32 ) (-6144 1570.909058 32 ) (-6144 1570.909180 2560 ) (-5954 1545 2560 ) 
4 881 1133 (-6144 1621.612793 32 ) (-6144 1570.909180 32 ) (-6144 1570.909180 2560 ) (-6144 1621.612793 2560 ) 
3 881 905 (-6144 1570.909180 32 ) (-6144 1621.612793 32 ) (-5954 1545 32 ) 
4 881 882 (-6016.001953 1570.001587 32 ) (-6144 1621.613647 32 ) (-6144 1621.615234 2560 ) (-6016.003418 1570.002686 2560 ) 
4 882 1133 (-6144 1669.018799 32 ) (-6144 1621.612793 32 ) (-6144 1621.612793 2560 ) (-6144 1669.018799 2560 ) 
3 882 906 (-6144 1621.612793 32 ) (-6144 1669.018799 32 ) (-6016 1570 32 ) 
4 882 883 (-6069.002441 1611.003052 32 ) (-6144 1669.020020 32 ) (-6144 1669.019653 2560 ) (-6069.001953 1611.002563 2560 ) 
4 883 1133 (-6144 1707.951416 32 ) (-6144 1669.018799 32 ) (-6144 1669.018799 2560 ) (-6144 1707.951416 2560 ) 
3 883 907 (-6144 1669.018799 32 ) (-6144 1707.951416 32 ) (-6069 1611 32 ) 
4 883 884 (-6109.996582 1663.991943 32 ) (-6144 1707.947510 32 ) (-6144 1707.945313 2560 ) (-6109.995605 1663.989258 2560 ) 
4 884 1133 (-6144 1748.320313 32 ) (-6144 1707.951416 32 ) (-6144 1707.951416 2560 ) (-6144 1748.320313 2560 ) 
3 884 908 (-6144 1707.951416 32 ) (-6144 1748.320313 32 ) (-6110 1664 32 ) 
4 884 885 (-6135 1725.995728 32 ) (-6144 1748.318115 32 ) (-6144 1748.317749 2560 ) (-6135 1725.995483 2560 ) 
4 885 1133 (-6144 1792.001099 32 ) (-6144 1748.320313 32 ) (-6144 1748.320313 2560 ) (-6144 1792.001099 2560 ) 
3 885 909 (-6144 1748.320313 32 ) (-6144 1792.001099 32 ) (-6135 1726 32 ) 
4 886 1133 (-6144 2048 2560 ) (-6144 2048 32 ) (-6144 1792.001099 32 ) (-6144 1792.001099 2560 ) 
3 886 910 (-6144 1792.001099 32 ) (-6144 2048 32 ) (-6109.090820 2048 32 ) 
4 886 887 (-6135.001953 1857.994019 32 ) (-6109.092285 2048 32 ) (-6109.091797 2048 2560 ) (-6135.001953 1857.994385 2560 ) 
3 887 911 (-6135 1857.997925 32 ) (-6109.090820 2048 32 ) (-6058.386719 2048 32 ) 
4 887 888 (-6109.996094 1920.004639 32 ) (-6058.385254 2048 32 ) (-6058.385254 2048 2560 ) (-6109.996094 1920.004761 2560 ) 
3 888 912 (-6110 1920.001221 32 ) (-6058.386719 2048 32 ) (-6010.981445 2048 32 ) 
4 888 889 (-6069.023926 1972.969116 32 ) (-6010.981445 2048 32 ) (-6010.981445 2048 2560 ) (-6069.023926 1972.969116 2560 ) 
3 889 913 (-6069.023926 1972.968994 32 ) (-6010.981445 2048 32 ) (-5972.032715 2048 32 ) 
4 889 890 (-6015.968262 2014.012695 32 ) (-5972.033691 2048 32 ) (-5972.033691 2048 2560 ) (-6015.967773 2014.013184 2560 ) 
3 890 914 (-6015.965820 2014.013916 32 ) (-5972.032715 2048 32 ) (-5931.680664 2048 32 ) 
4 890 891 (-5953.997070 2039 32 ) (-5931.678223 2048 32 ) (-5931.678223 2048 2560 ) (-5953.997070 2039 2560 ) 
3 891 915 (-5954 2039 32 ) (-5931.680664 2048 32 ) (-5888 2048 32 ) 
3 892 916 (-5803.951172 2048 32 ) (-5717.613281 2048 32 ) (-5678.472656 1950.931641 32 ) 
4 892 895 (-5785.969727 2034.086670 32 ) (-5760.008789 2014.003784 32 ) (-5760.008789 2014.003784 2560 ) (-5785.969727 2034.086670 2560 ) 
4 892 894 (-5803.955078 2048 32 ) (-5785.969727 2034.086670 32 ) (-5785.969727 2034.086670 2560 ) (-5803.955078 2048 2560 ) 
4 892 893 (-5706.992676 1972.991089 32 ) (-5678.471680 1950.927490 32 ) (-5678.471680 1950.927612 2560 ) (-5706.992676 1972.991089 2560 ) 
3 893 917 (-5707 1973 32 ) (-5678.472656 1950.931641 32 ) (-5666 1920 32 ) 
3 894 918 (-5888 2048 32 ) (-5803.951172 2048 32 ) (-5785.964844 2034.086060 32 ) 
4 894 895 (-5822 2039 32 ) (-5785.966797 2034.086670 32 ) (-5785.966797 2034.086670 2560 ) (-5822 2039 2560 ) 
3 895 919 (-5822 2039 32 ) (-5785.964844 2034.086060 32 ) (-5760 2014 32 ) 
4 896 998 (-5304.709961 1024 1 ) (-5120 1024 1 ) (-5120 1024 32 ) (-5304.709961 1024 32 ) 
4 896 917 (-5678.474121 1950.932983 1 ) (-5666.002441 1920.003540 1 ) (-5665.998535 1919.998047 32 ) (-5678.471191 1950.930664 32 ) 
4 896 916 (-5717.614258 2048 1 ) (-5678.474121 1950.932983 1 ) (-5678.471191 1950.930664 32 ) (-5717.612305 2048 32 ) 
4 896 897 (-5641 1857.994629 1 ) (-5304.710938 1024 1 ) (-5304.708984 1024 32 ) (-5641 1858.001953 32 ) 
4 896 920 (-5717.613281 2048 1 ) (-5120 2048 1 ) (-5120 1024 1 ) (-5304.709961 1024 1 ) 
4 897 998 (-5527.272461 1024 1 ) (-5304.709961 1024 1 ) (-5304.709961 1024 32 ) (-5527.272461 1024 32 ) 
4 897 898 (-5632 1792 1 ) (-5527.272949 1024 1 ) (-5527.272949 1024 32 ) (-5632 1792 32 ) 
3 897 920 (-5641 1857.998291 1 ) (-5304.709961 1024 1 ) (-5527.272461 1024 1 ) 
4 898 998 (-5736.727539 1024 1 ) (-5527.272461 1024 1 ) (-5527.272461 1024 32 ) (-5736.727539 1024 32 ) 
4 898 899 (-5641 1726.001831 1 ) (-5736.727051 1024 1 ) (-5736.726563 1024 32 ) (-5641 1726.001953 32 ) 
3 898 920 (-5632 1792.001831 1 ) (-5527.272461 1024 1 ) (-5736.727539 1024 1 ) 
4 899 998 (-5924.064941 1024 1 ) (-5736.727539 1024 1 ) (-5736.727539 1024 32 ) (-5924.064941 1024 32 ) 
4 899 900 (-5665.996094 1664.004883 1 ) (-5924.062500 1024 1 ) (-5924.063477 1024 32 ) (-5665.996582 1664.004639 32 ) 
3 899 920 (-5641 1726 1 ) (-5736.727539 1024 1 ) (-5924.064941 1024 1 ) 
4 900 1134 (-6144 1046.097656 1 ) (-6144 1024 1 ) (-6144 1024 32 ) (-6144 1046.097778 32 ) 
4 900 1013 (-6039.272461 1024 1 ) (-5924.064941 1024 1 ) (-5924.064941 1024 32 ) (-6039.272461 1024 32 ) 
4 900 1012 (-6144 1024 32 ) (-6144 1024 1 ) (-6039.272461 1024 1 ) (-6039.272461 1024 32 ) 
4 900 901 (-5707.001953 1610.997925 1 ) (-6144 1046.098145 1 ) (-6144 1046.096802 32 ) (-5707.001953 1610.998169 32 ) 
4 900 920 (-6144 1024 1 ) (-6144 1046.097778 1 ) (-5666 1663.998413 1 ) (-5924.064941 1024 1 ) 
4 901 1134 (-6144 1272.942871 1 ) (-6144 1046.097656 1 ) (-6144 1046.097778 32 ) (-6144 1272.942993 32 ) 
4 901 902 (-5760.002441 1569.998901 1 ) (-6144 1272.944214 1 ) (-6144 1272.945313 32 ) (-5760.002930 1569.998779 32 ) 
3 901 920 (-6144 1046.097778 1 ) (-6144 1272.942993 1 ) (-5707 1611 1 ) 
4 902 1134 (-6144 1415.161377 1 ) (-6144 1272.942871 1 ) (-6144 1272.942993 32 ) (-6144 1415.161255 32 ) 
4 902 903 (-5821.995605 1545 1 ) (-6144 1415.160156 1 ) (-6144 1415.158203 32 ) (-5821.994629 1545 32 ) 
3 902 920 (-6144 1272.942993 1 ) (-6144 1415.161255 1 ) (-5760 1570 1 ) 
4 903 1134 (-6144 1501.090942 1 ) (-6144 1415.161377 1 ) (-6144 1415.161255 32 ) (-6144 1501.090820 32 ) 
4 903 904 (-5888.001953 1536 1 ) (-6144 1501.091431 1 ) (-6144 1501.091309 32 ) (-5888.001953 1536 32 ) 
3 903 920 (-6144 1415.161255 1 ) (-6144 1501.090820 1 ) (-5822 1545 1 ) 
4 904 1134 (-6144 1570.909180 1 ) (-6144 1501.090942 1 ) (-6144 1501.090820 32 ) (-6144 1570.909180 32 ) 
4 904 905 (-5954 1545 1 ) (-6144 1570.909058 1 ) (-6144 1570.909668 32 ) (-5954 1545 32 ) 
3 904 920 (-6144 1501.090820 1 ) (-6144 1570.909180 1 ) (-5888 1536 1 ) 
4 905 1134 (-6144 1621.612793 1 ) (-6144 1570.909180 1 ) (-6144 1570.909180 32 ) (-6144 1621.612793 32 ) 
4 905 906 (-6016.001953 1570.001587 1 ) (-6144 1621.613647 1 ) (-6144 1621.613770 32 ) (-6016.001953 1570.001709 32 ) 
3 905 920 (-6144 1570.909180 1 ) (-6144 1621.612793 1 ) (-5954 1545 1 ) 
4 906 1134 (-6144 1669.018799 1 ) (-6144 1621.612793 1 ) (-6144 1621.612793 32 ) (-6144 1669.018799 32 ) 
4 906 907 (-6069.001953 1611.002686 1 ) (-6144 1669.019897 1 ) (-6144 1669.023438 32 ) (-6069.004883 1611.006348 32 ) 
3 906 920 (-6144 1621.612793 1 ) (-6144 1669.018799 1 ) (-6016 1570 1 ) 
4 907 1134 (-6144 1707.951416 1 ) (-6144 1669.018799 1 ) (-6144 1669.018799 32 ) (-6144 1707.951416 32 ) 
4 907 908 (-6109.996582 1663.991943 1 ) (-6144 1707.947510 1 ) (-6144 1707.946655 32 ) (-6109.996094 1663.990723 32 ) 
3 907 920 (-6144 1669.018799 1 ) (-6144 1707.951416 1 ) (-6069 1611 1 ) 
4 908 1134 (-6144 1748.320313 1 ) (-6144 1707.951416 1 ) (-6144 1707.951416 32 ) (-6144 1748.320313 32 ) 
4 908 909 (-6135 1725.995728 1 ) (-6144 1748.317993 1 ) (-6144 1748.316406 32 ) (-6135 1725.994507 32 ) 
3 908 920 (-6144 1707.951416 1 ) (-6144 1748.320313 1 ) (-6110 1664 1 ) 
4 909 1134 (-6144 1792.001099 1 ) (-6144 1748.320313 1 ) (-6144 1748.320313 32 ) (-6144 1792.001099 32 ) 
3 909 920 (-6144 1748.320313 1 ) (-6144 1792.001099 1 ) (-6135 1726 1 ) 
4 910 1134 (-6144 2048 32 ) (-6144 2048 1 ) (-6144 1792.001099 1 ) (-6144 1792.001099 32 ) 
4 910 911 (-6135.001953 1857.994019 1 ) (-6109.092285 2048 1 ) (-6109.091797 2048 32 ) (-6135.001953 1857.994507 32 ) 
3 910 920 (-6144 1792.001099 1 ) (-6144 2048 1 ) (-6109.090820 2048 1 ) 
4 911 912 (-6109.996094 1920.004639 1 ) (-6058.385254 2048 1 ) (-6058.385254 2048 32 ) (-6109.996094 1920.004639 32 ) 
3 911 920 (-6135 1857.997925 1 ) (-6109.090820 2048 1 ) (-6058.386719 2048 1 ) 
4 912 913 (-6069.023926 1972.969116 1 ) (-6010.981445 2048 1 ) (-6010.981445 2048 32 ) (-6069.023926 1972.969116 32 ) 
3 912 920 (-6110 1920.001221 1 ) (-6058.386719 2048 1 ) (-6010.981445 2048 1 ) 
4 913 914 (-6015.968262 2014.012695 1 ) (-5972.033691 2048 1 ) (-5972.033691 2048 32 ) (-6015.968262 2014.012695 32 ) 
3 913 920 (-6069.023926 1972.968994 1 ) (-6010.981445 2048 1 ) (-5972.032715 2048 1 ) 
4 914 915 (-5953.997070 2039 1 ) (-5931.678223 2048 1 ) (-5931.678223 2048 32 ) (-5953.997070 2039 32 ) 
3 914 920 (-6015.965820 2014.013916 1 ) (-5972.032715 2048 1 ) (-5931.680664 2048 1 ) 
3 915 920 (-5954 2039 1 ) (-5931.680664 2048 1 ) (-5888 2048 1 ) 
4 916 919 (-5785.969727 2034.086670 1 ) (-5760.008789 2014.003784 1 ) (-5760.008789 2014.003784 32 ) (-5785.969727 2034.086670 32 ) 
4 916 918 (-5803.955078 2048 1 ) (-5785.969727 2034.086670 1 ) (-5785.969727 2034.086670 32 ) (-5803.955078 2048 32 ) 
4 916 917 (-5706.992676 1972.991089 1 ) (-5678.471680 1950.927490 1 ) (-5678.471680 1950.927490 32 ) (-5706.992676 1972.991089 32 ) 
3 916 920 (-5803.951172 2048 1 ) (-5717.613281 2048 1 ) (-5678.472656 1950.931641 1 ) 
3 917 920 (-5707 1973 1 ) (-5678.472656 1950.931641 1 ) (-5666 1920 1 ) 
4 918 919 (-5822 2039 1 ) (-5785.966797 2034.086670 1 ) (-5785.966797 2034.086670 32 ) (-5822 2039 32 ) 
3 918 920 (-5888 2048 1 ) (-5803.951172 2048 1 ) (-5785.964844 2034.086060 1 ) 
3 919 920 (-5822 2039 1 ) (-5785.964844 2034.086060 1 ) (-5760 2014 1 ) 
4 920 1134 (-6144 2048 1 ) (-6144 2048 0 ) (-6144 1024 0 ) (-6144 1024 1 ) 
4 920 1022 (-6144 1024 1 ) (-6144 1024 0 ) (-5120 1024 0 ) (-5120 1024 1 ) 
4 921 927 (-4096 256 32 ) (-4096 0 32 ) (-4096 0 2560 ) (-4096 256 2560 ) 
4 921 926 (-4096 299.679871 32 ) (-4096 256 32 ) (-4096 256 2560 ) (-4096 299.679901 2560 ) 
4 921 925 (-4096 1024 2560 ) (-4096 1024 32 ) (-4096 299.679871 32 ) (-4096 299.679901 2560 ) 
4 921 923 (-3072 0 32 ) (-3072 0 2560 ) (-4096 0 2560 ) (-4096 0 32 ) 
4 921 922 (-4096 0 32 ) (-4096 1024 32 ) (-3072 1024 32 ) (-3072 0 32 ) 
4 922 951 (-4096 256 1 ) (-4096 0 1 ) (-4096 0 32 ) (-4096 256 32 ) 
4 922 950 (-4096 299.679871 1 ) (-4096 256 1 ) (-4096 256 32 ) (-4096 299.679901 32 ) 
4 922 949 (-4096 1024 32 ) (-4096 1024 1 ) (-4096 299.679871 1 ) (-4096 299.679901 32 ) 
4 922 973 (-4096 1024 1 ) (-4096 1024 0 ) (-4096 0 0 ) (-4096 0 1 ) 
4 922 924 (-3072 0 0 ) (-3072 0 32 ) (-4096 0 32 ) (-4096 0 0 ) 
4 923 1027 (-3072 -1024 32 ) (-3072 -1024 2560 ) (-4096 -1024 2560 ) (-4096 -1024 32 ) 
4 923 1023 (-4096 -1024 32 ) (-4096 -1024 2560 ) (-4096 0 2560 ) (-4096 0 32 ) 
4 923 924 (-3072 -1024 32 ) (-4096 -1024 32 ) (-4096 0 32 ) (-3072 0 32 ) 
4 924 1028 (-3072 -1024 0 ) (-3072 -1024 32 ) (-4096 -1024 32 ) (-4096 -1024 0 ) 
4 924 1024 (-4096 -1024 0 ) (-4096 -1024 32 ) (-4096 0 32 ) (-4096 0 0 ) 
3 925 949 (-4388.064453 1024 32 ) (-4096 1024 32 ) (-4096 299.679871 32 ) 
4 925 946 (-4142.467285 414.927917 32 ) (-4129.992676 383.990845 32 ) (-4129.998047 383.997406 2560 ) (-4142.471191 414.930664 2560 ) 
4 925 945 (-4190.489746 534.024048 32 ) (-4142.467285 414.927917 32 ) (-4142.471191 414.930664 2560 ) (-4190.492676 534.023743 2560 ) 
4 925 944 (-4211.547363 586.247009 32 ) (-4190.489746 534.024048 32 ) (-4190.492676 534.023743 2560 ) (-4211.549805 586.245972 2560 ) 
4 925 943 (-4242.105469 662.031433 32 ) (-4211.547363 586.247009 32 ) (-4211.549805 586.245972 2560 ) (-4242.107910 662.029846 2560 ) 
4 925 942 (-4282.130859 761.294312 32 ) (-4242.105469 662.031433 32 ) (-4242.107910 662.029846 2560 ) (-4282.132813 761.291992 2560 ) 
4 925 941 (-4351.998047 934.565063 32 ) (-4282.130859 761.294312 32 ) (-4282.132813 761.291992 2560 ) (-4352 934.561890 2560 ) 
4 925 940 (-4388.060547 1024 32 ) (-4351.998047 934.565063 32 ) (-4352 934.561890 2560 ) (-4388.063477 1024 2560 ) 
4 925 926 (-4105.001465 322.011719 32 ) (-4096 299.687500 32 ) (-4096 299.682831 2560 ) (-4105 322.005066 2560 ) 
3 926 950 (-4105 322 32 ) (-4096 299.679871 32 ) (-4096 256 32 ) 
4 927 1023 (-4096 0 32 ) (-4096 0 2560 ) (-4130.909180 0 2560 ) (-4130.909180 0 32 ) 
3 927 951 (-4096 0 32 ) (-4130.909180 0 32 ) (-4096 256 32 ) 
4 927 928 (-4105 190 32 ) (-4130.909180 0 32 ) (-4130.909180 0 2560 ) (-4105 190 2560 ) 
4 928 1023 (-4130.909180 0 2560 ) (-4181.612793 0 2560 ) (-4181.612793 0 32 ) (-4130.909180 0 32 ) 
3 928 952 (-4130.909180 0 32 ) (-4181.612793 0 32 ) (-4105 190 32 ) 
4 928 929 (-4130 128.001633 32 ) (-4181.612305 0 32 ) (-4181.612305 0 2560 ) (-4130 128.001633 2560 ) 
4 929 1023 (-4181.612793 0 2560 ) (-4229.018555 0 2560 ) (-4229.018555 0 32 ) (-4181.612793 0 32 ) 
3 929 953 (-4181.612793 0 32 ) (-4229.018555 0 32 ) (-4130 128 32 ) 
4 929 930 (-4171 75 32 ) (-4229.019043 0 32 ) (-4229.019531 0 2560 ) (-4171 75 2560 ) 
4 930 1023 (-4229.018555 0 2560 ) (-4267.951172 0 2560 ) (-4267.951172 0 32 ) (-4229.018555 0 32 ) 
3 930 954 (-4229.018555 0 32 ) (-4267.951172 0 32 ) (-4171 75 32 ) 
4 930 931 (-4223.996582 34.001293 32 ) (-4267.949707 0 32 ) (-4267.950195 0 2560 ) (-4223.997559 34 2560 ) 
4 931 1023 (-4267.951172 0 2560 ) (-4308.319824 0 2560 ) (-4308.319824 0 32 ) (-4267.951172 0 32 ) 
3 931 955 (-4267.951172 0 32 ) (-4308.319824 0 32 ) (-4224 34 32 ) 
4 931 932 (-4286 9 32 ) (-4308.320313 0 32 ) (-4308.316406 0 2560 ) (-4285.996094 9 2560 ) 
4 932 1023 (-4308.319824 0 2560 ) (-4352 0 2560 ) (-4352 0 32 ) (-4308.319824 0 32 ) 
3 932 956 (-4308.319824 0 32 ) (-4352 0 32 ) (-4286 9 32 ) 
4 933 1023 (-4352 0 2560 ) (-5120 0 2560 ) (-5120 0 32 ) (-4352 0 32 ) 
4 933 974 (-5120 104.727295 32 ) (-5120 0 32 ) (-5120 0 2560 ) (-5120 104.727295 2560 ) 
3 933 957 (-4352 0 32 ) (-5120 0 32 ) (-5120 104.727295 32 ) 
4 933 934 (-4418 9 32 ) (-5120 104.727264 32 ) (-5120 104.727234 2560 ) (-4418 9 2560 ) 
4 934 974 (-5120 292.064453 32 ) (-5120 104.727295 32 ) (-5120 104.727295 2560 ) (-5120 292.064484 2560 ) 
3 934 958 (-4418 9 32 ) (-5120 104.727295 32 ) (-5120 292.064484 32 ) 
4 934 935 (-4479.996094 33.996910 32 ) (-5120 292.062988 32 ) (-5120 292.062500 2560 ) (-4479.996094 33.996826 2560 ) 
4 935 974 (-5120 529.094360 32 ) (-5120 292.064453 32 ) (-5120 292.064484 2560 ) (-5120 529.094421 2560 ) 
3 935 959 (-4480 34 32 ) (-5120 292.064484 32 ) (-5120 529.094421 32 ) 
4 935 936 (-4533 75 32 ) (-5120 529.094421 32 ) (-5120 529.095093 2560 ) (-4533 75 2560 ) 
4 936 974 (-5120 833.805115 32 ) (-5120 529.094360 32 ) (-5120 529.094421 2560 ) (-5120 833.804993 2560 ) 
3 936 960 (-4533 75 32 ) (-5120 529.094421 32 ) (-5120 833.804993 32 ) 
4 936 937 (-4573.998535 127.996071 32 ) (-5120 833.802917 32 ) (-5120 833.804688 2560 ) (-4573.998535 127.996521 2560 ) 
4 937 974 (-5120 1024 2560 ) (-5120 1024 32 ) (-5120 833.805115 32 ) (-5120 833.804993 2560 ) 
4 937 961 (-4574 128 32 ) (-5120 833.804993 32 ) (-5120 1024 32 ) (-4935.290039 1024 32 ) 
4 937 938 (-4599.001465 190.006973 32 ) (-4935.289063 1024 32 ) (-4935.291016 1024 2560 ) (-4599.001465 190.006409 2560 ) 
3 938 962 (-4599 190.001831 32 ) (-4935.290039 1024 32 ) (-4712.727539 1024 32 ) 
4 938 939 (-4608 255.998444 32 ) (-4712.727539 1024 32 ) (-4712.727539 1024 2560 ) (-4608 255.998230 2560 ) 
3 939 963 (-4608 255.998322 32 ) (-4712.727539 1024 32 ) (-4503.272949 1024 32 ) 
4 939 940 (-4599 322 32 ) (-4503.272949 1024 32 ) (-4503.272949 1024 2560 ) (-4599 322 2560 ) 
4 940 964 (-4599 322.002228 32 ) (-4503.272949 1024 32 ) (-4388.064453 1024 32 ) (-4352 934.560547 32 ) 
4 940 941 (-4574.002930 383.996185 32 ) (-4352 934.561829 32 ) (-4352 934.561829 2560 ) (-4574.002930 383.996155 2560 ) 
3 941 965 (-4574 384 32 ) (-4352 934.560547 32 ) (-4282.133301 761.291382 32 ) 
4 941 942 (-4533.005371 436.995758 32 ) (-4282.134277 761.292419 32 ) (-4282.134277 761.292419 2560 ) (-4533.005371 436.995758 2560 ) 
3 942 966 (-4533 437 32 ) (-4282.133301 761.291382 32 ) (-4242.108398 662.029297 32 ) 
4 942 943 (-4479.997070 478 32 ) (-4242.108398 662.028259 32 ) (-4242.108398 662.028259 2560 ) (-4479.997070 478 2560 ) 
3 943 967 (-4480 478 32 ) (-4242.108398 662.029297 32 ) (-4211.550293 586.245605 32 ) 
4 943 944 (-4417.991211 503.001251 32 ) (-4211.549805 586.243591 32 ) (-4211.549805 586.243591 2560 ) (-4417.991211 503.001251 2560 ) 
3 944 968 (-4418 503 32 ) (-4211.550293 586.245605 32 ) (-4190.493164 534.023682 32 ) 
4 944 947 (-4352 512 32 ) (-4280.546387 521.743835 32 ) (-4280.546387 521.743835 2560 ) (-4352 512 2560 ) 
4 944 945 (-4280.546387 521.743835 32 ) (-4190.493652 534.023804 32 ) (-4190.493652 534.023804 2560 ) (-4280.546387 521.743835 2560 ) 
3 945 969 (-4280.546875 521.743652 32 ) (-4190.493164 534.023682 32 ) (-4142.472168 414.931458 32 ) 
4 945 948 (-4249.965820 498.086243 32 ) (-4224.001953 478 32 ) (-4224.001953 478 2560 ) (-4249.965820 498.086273 2560 ) 
4 945 947 (-4280.542969 521.740173 2560 ) (-4280.542969 521.740234 32 ) (-4249.965820 498.086243 32 ) (-4249.965820 498.086273 2560 ) 
4 945 946 (-4170.998535 436.998138 32 ) (-4142.472168 414.930634 32 ) (-4142.472168 414.930511 2560 ) (-4170.998535 436.998016 2560 ) 
3 946 970 (-4171 437 32 ) (-4142.472168 414.931458 32 ) (-4130 384 32 ) 
3 947 971 (-4352 512 32 ) (-4280.546875 521.743652 32 ) (-4249.965332 498.086121 32 ) 
4 947 948 (-4285.998047 503 32 ) (-4249.963867 498.085571 32 ) (-4249.963867 498.085571 2560 ) (-4285.998047 503 2560 ) 
3 948 972 (-4286 503 32 ) (-4249.965332 498.086121 32 ) (-4224 478 32 ) 
4 949 970 (-4142.471191 414.930878 1 ) (-4129.998047 383.996948 1 ) (-4129.994141 383.992371 32 ) (-4142.468262 414.928223 32 ) 
4 949 969 (-4190.492676 534.023804 1 ) (-4142.471191 414.930878 1 ) (-4142.468262 414.928223 32 ) (-4190.490723 534.024048 32 ) 
4 949 968 (-4211.549805 586.245850 1 ) (-4190.492676 534.023804 1 ) (-4190.490723 534.024048 32 ) (-4211.548340 586.246582 32 ) 
4 949 967 (-4242.107910 662.029785 1 ) (-4211.549805 586.245850 1 ) (-4211.548340 586.246582 32 ) (-4242.106445 662.030640 32 ) 
4 949 966 (-4282.132813 761.291870 1 ) (-4242.107910 662.029785 1 ) (-4242.106445 662.030640 32 ) (-4282.131836 761.293335 32 ) 
4 949 965 (-4352 934.561829 1 ) (-4282.132813 761.291870 1 ) (-4282.131836 761.293335 32 ) (-4352 934.563354 32 ) 
4 949 964 (-4388.063477 1024 1 ) (-4352 934.561829 1 ) (-4352 934.563354 32 ) (-4388.062500 1024 32 ) 
4 949 950 (-4105 322.004944 1 ) (-4096 299.682678 1 ) (-4096 299.687500 32 ) (-4105.001465 322.011505 32 ) 
3 949 973 (-4388.064453 1024 1 ) (-4096 1024 1 ) (-4096 299.679871 1 ) 
3 950 973 (-4105 322 1 ) (-4096 299.679871 1 ) (-4096 256 1 ) 
4 951 1024 (-4096 0 1 ) (-4096 0 32 ) (-4130.909180 0 32 ) (-4130.909180 0 1 ) 
4 951 952 (-4105 190 1 ) (-4130.909180 0 1 ) (-4130.909180 0 32 ) (-4105 190 32 ) 
3 951 973 (-4096 0 1 ) (-4130.909180 0 1 ) (-4096 256 1 ) 
4 952 1024 (-4130.909180 0 32 ) (-4181.612793 0 32 ) (-4181.612793 0 1 ) (-4130.909180 0 1 ) 
4 952 953 (-4130 128.001633 1 ) (-4181.612305 0 1 ) (-4181.613281 0 32 ) (-4130 128 32 ) 
3 952 973 (-4130.909180 0 1 ) (-4181.612793 0 1 ) (-4105 190 1 ) 
4 953 1024 (-4181.612793 0 32 ) (-4229.018555 0 32 ) (-4229.018555 0 1 ) (-4181.612793 0 1 ) 
4 953 954 (-4171 75 1 ) (-4229.019043 0 1 ) (-4229.019043 0 32 ) (-4171 75 32 ) 
3 953 973 (-4181.612793 0 1 ) (-4229.018555 0 1 ) (-4130 128 1 ) 
4 954 1024 (-4229.018555 0 32 ) (-4267.951172 0 32 ) (-4267.951172 0 1 ) (-4229.018555 0 1 ) 
4 954 955 (-4223.996582 34.001293 1 ) (-4267.949707 0 1 ) (-4267.949219 0 32 ) (-4223.996094 34.001446 32 ) 
3 954 973 (-4229.018555 0 1 ) (-4267.951172 0 1 ) (-4171 75 1 ) 
4 955 1024 (-4267.951172 0 32 ) (-4308.319824 0 32 ) (-4308.319824 0 1 ) (-4267.951172 0 1 ) 
4 955 956 (-4286 9 1 ) (-4308.320313 0 1 ) (-4308.320801 0 32 ) (-4286 9 32 ) 
3 955 973 (-4267.951172 0 1 ) (-4308.319824 0 1 ) (-4224 34 1 ) 
4 956 1024 (-4308.319824 0 32 ) (-4352 0 32 ) (-4352 0 1 ) (-4308.319824 0 1 ) 
3 956 973 (-4308.319824 0 1 ) (-4352 0 1 ) (-4286 9 1 ) 
4 957 1024 (-4352 0 32 ) (-5120 0 32 ) (-5120 0 1 ) (-4352 0 1 ) 
4 957 998 (-5120 104.727295 1 ) (-5120 0 1 ) (-5120 0 32 ) (-5120 104.727295 32 ) 
4 957 958 (-4418 9 1 ) (-5120 104.727264 1 ) (-5120 104.727051 32 ) (-4418 9 32 ) 
3 957 973 (-4352 0 1 ) (-5120 0 1 ) (-5120 104.727295 1 ) 
4 958 998 (-5120 292.064453 1 ) (-5120 104.727295 1 ) (-5120 104.727295 32 ) (-5120 292.064484 32 ) 
4 958 959 (-4479.996094 33.996910 1 ) (-5120 292.062988 1 ) (-5120 292.062988 32 ) (-4479.996094 33.996918 32 ) 
3 958 973 (-4418 9 1 ) (-5120 104.727295 1 ) (-5120 292.064484 1 ) 
4 959 998 (-5120 529.094360 1 ) (-5120 292.064453 1 ) (-5120 292.064484 32 ) (-5120 529.094421 32 ) 
4 959 960 (-4533 75 1 ) (-5120 529.094360 1 ) (-5120 529.093750 32 ) (-4533 75 32 ) 
3 959 973 (-4480 34 1 ) (-5120 292.064484 1 ) (-5120 529.094421 1 ) 
4 960 998 (-5120 833.805115 1 ) (-5120 529.094360 1 ) (-5120 529.094421 32 ) (-5120 833.804993 32 ) 
4 960 961 (-4573.998535 127.996063 1 ) (-5120 833.802734 1 ) (-5120 833.799683 32 ) (-4573.998047 127.995544 32 ) 
3 960 973 (-4533 75 1 ) (-5120 529.094421 1 ) (-5120 833.804993 1 ) 
4 961 998 (-5120 1024 32 ) (-5120 1024 1 ) (-5120 833.805115 1 ) (-5120 833.804993 32 ) 
4 961 962 (-4599.001465 190.006973 1 ) (-4935.289063 1024 1 ) (-4935.289551 1024 32 ) (-4599.001465 190.006897 32 ) 
4 961 973 (-4574 128 1 ) (-5120 833.804993 1 ) (-5120 1024 1 ) (-4935.290039 1024 1 ) 
4 962 963 (-4608 255.998444 1 ) (-4712.727539 1024 1 ) (-4712.727539 1024 32 ) (-4608 255.998474 32 ) 
3 962 973 (-4599 190.001831 1 ) (-4935.290039 1024 1 ) (-4712.727539 1024 1 ) 
4 963 964 (-4599 322 1 ) (-4503.272949 1024 1 ) (-4503.272949 1024 32 ) (-4599 322 32 ) 
3 963 973 (-4608 255.998322 1 ) (-4712.727539 1024 1 ) (-4503.272949 1024 1 ) 
4 964 965 (-4574.002930 383.996185 1 ) (-4352 934.561829 1 ) (-4352 934.561829 32 ) (-4574.002930 383.996155 32 ) 
4 964 973 (-4599 322.002228 1 ) (-4503.272949 1024 1 ) (-4388.064453 1024 1 ) (-4352 934.560547 1 ) 
4 965 966 (-4533.005371 436.995758 1 ) (-4282.134277 761.292419 1 ) (-4282.134277 761.292419 32 ) (-4533.005371 436.995758 32 ) 
3 965 973 (-4574 384 1 ) (-4352 934.560547 1 ) (-4282.133301 761.291382 1 ) 
4 966 967 (-4479.996582 478.001312 1 ) (-4242.108398 662.028259 1 ) (-4242.108398 662.028259 32 ) (-4479.996582 478.001282 32 ) 
3 966 973 (-4533 437 1 ) (-4282.133301 761.291382 1 ) (-4242.108398 662.029297 1 ) 
4 967 968 (-4417.991211 503.001251 1 ) (-4211.549805 586.243591 1 ) (-4211.549805 586.243591 32 ) (-4417.991211 503.001251 32 ) 
3 967 973 (-4480 478 1 ) (-4242.108398 662.029297 1 ) (-4211.550293 586.245605 1 ) 
4 968 971 (-4352 512 1 ) (-4280.546387 521.743835 1 ) (-4280.546387 521.743835 32 ) (-4352 512 32 ) 
4 968 969 (-4280.546387 521.743835 1 ) (-4190.493652 534.023804 1 ) (-4190.493652 534.023804 32 ) (-4280.546387 521.743835 32 ) 
3 968 973 (-4418 503 1 ) (-4211.550293 586.245605 1 ) (-4190.493164 534.023682 1 ) 
4 969 972 (-4249.965820 498.086243 1 ) (-4224.001953 478 1 ) (-4224.001953 478 32 ) (-4249.965820 498.086243 32 ) 
4 969 971 (-4280.542969 521.740234 32 ) (-4280.542969 521.740234 1 ) (-4249.965820 498.086243 1 ) (-4249.965820 498.086243 32 ) 
4 969 970 (-4170.998535 436.998138 1 ) (-4142.472168 414.930634 1 ) (-4142.472168 414.930634 32 ) (-4170.998535 436.998138 32 ) 
3 969 973 (-4280.546875 521.743652 1 ) (-4190.493164 534.023682 1 ) (-4142.472168 414.931458 1 ) 
3 970 973 (-4171 437 1 ) (-4142.472168 414.931458 1 ) (-4130 384 1 ) 
4 971 972 (-4285.998047 503 1 ) (-4249.963867 498.085571 1 ) (-4249.963867 498.085571 32 ) (-4285.998047 503 32 ) 
3 971 973 (-4352 512 1 ) (-4280.546875 521.743652 1 ) (-4249.965332 498.086121 1 ) 
3 972 973 (-4286 503 1 ) (-4249.965332 498.086121 1 ) (-4224 478 1 ) 
4 973 1024 (-4096 0 0 ) (-4096 0 1 ) (-5120 0 1 ) (-5120 0 0 ) 
4 973 1022 (-5120 1024 1 ) (-5120 1024 0 ) (-5120 0 0 ) (-5120 0 1 ) 
4 974 1025 (-5511.161133 0 32 ) (-5120 0 32 ) (-5120 0 2560 ) (-5511.161133 0 2560 ) 
4 974 998 (-5120 1024 32 ) (-5120 0 32 ) (-5511.161133 0 32 ) (-5924.064453 1024 32 ) 
4 974 995 (-5678.470215 414.930023 32 ) (-5665.996582 383.995575 32 ) (-5666.001953 384.002930 2560 ) (-5678.473633 414.932800 2560 ) 
4 974 994 (-5726.491699 534.023804 32 ) (-5678.470215 414.930023 32 ) (-5678.473633 414.932800 2560 ) (-5726.494141 534.023560 2560 ) 
4 974 993 (-5747.549316 586.246155 32 ) (-5726.491699 534.023804 32 ) (-5726.494141 534.023560 2560 ) (-5747.551270 586.245422 2560 ) 
4 974 992 (-5778.107422 662.030579 32 ) (-5747.549316 586.246155 32 ) (-5747.551270 586.245422 2560 ) (-5778.109375 662.028931 2560 ) 
4 974 991 (-5818.132324 761.292419 32 ) (-5778.107422 662.030579 32 ) (-5778.109375 662.028931 2560 ) (-5818.133789 761.289917 2560 ) 
4 974 990 (-5888 934.563049 32 ) (-5818.132324 761.292419 32 ) (-5818.133789 761.289917 2560 ) (-5888 934.559204 2560 ) 
4 974 989 (-5924.062500 1024 32 ) (-5888 934.563049 32 ) (-5888 934.559204 2560 ) (-5924.065430 1024 2560 ) 
4 974 975 (-5641 322.005005 32 ) (-5511.160156 0 32 ) (-5511.162109 0 2560 ) (-5641 321.996460 2560 ) 
4 975 1025 (-5597.090820 0 32 ) (-5511.161133 0 32 ) (-5511.161133 0 2560 ) (-5597.090820 0 2560 ) 
3 975 999 (-5511.161133 0 32 ) (-5597.090820 0 32 ) (-5641 322 32 ) 
4 975 976 (-5632 255.997971 32 ) (-5597.091309 0 32 ) (-5597.090820 0 2560 ) (-5632 255.998337 2560 ) 
4 976 1025 (-5666.908691 0 32 ) (-5597.090820 0 32 ) (-5597.090820 0 2560 ) (-5666.908691 0 2560 ) 
3 976 1000 (-5597.090820 0 32 ) (-5666.908691 0 32 ) (-5632 256 32 ) 
4 976 977 (-5641 190.001984 32 ) (-5666.909180 0 32 ) (-5666.909180 0 2560 ) (-5641 190.001984 2560 ) 
4 977 1025 (-5717.613281 0 32 ) (-5666.908691 0 32 ) (-5666.908691 0 2560 ) (-5717.613281 0 2560 ) 
3 977 1001 (-5666.908691 0 32 ) (-5717.613281 0 32 ) (-5641 190.001892 32 ) 
4 977 978 (-5666.003906 127.994980 32 ) (-5717.614746 0 32 ) (-5717.615234 0 2560 ) (-5666.003906 127.995026 2560 ) 
4 978 1025 (-5765.019531 0 32 ) (-5717.613281 0 32 ) (-5717.613281 0 2560 ) (-5765.019043 0 2560 ) 
3 978 1002 (-5717.613281 0 32 ) (-5765.019043 0 32 ) (-5666 128 32 ) 
4 978 979 (-5706.994629 75.003906 32 ) (-5765.016602 0 32 ) (-5765.015625 0 2560 ) (-5706.993652 75.004539 2560 ) 
4 979 1025 (-5803.951172 0 32 ) (-5765.019531 0 32 ) (-5765.019043 0 2560 ) (-5803.951172 0 2560 ) 
3 979 1003 (-5765.019043 0 32 ) (-5803.951172 0 32 ) (-5707 75 32 ) 
4 979 980 (-5760.002930 33.998749 32 ) (-5803.952637 0 32 ) (-5803.951660 0 2560 ) (-5760.001953 34 2560 ) 
4 980 1025 (-5844.319824 0 32 ) (-5803.951172 0 32 ) (-5803.951172 0 2560 ) (-5844.319824 0 2560 ) 
3 980 1004 (-5803.951172 0 32 ) (-5844.319824 0 32 ) (-5760 34 32 ) 
4 980 981 (-5822.001465 9 32 ) (-5844.320801 0 32 ) (-5844.316406 0 2560 ) (-5821.996582 9 2560 ) 
4 981 1025 (-5888 0 32 ) (-5844.319824 0 32 ) (-5844.319824 0 2560 ) (-5888 0 2560 ) 
3 981 1005 (-5844.319824 0 32 ) (-5888 0 32 ) (-5822 9 32 ) 
4 982 1184 (-6144 0 32 ) (-6144 0 2560 ) (-6144 34.909100 2560 ) (-6144 34.909119 32 ) 
4 982 1025 (-6144 0 2560 ) (-6144 0 32 ) (-5888 0 32 ) (-5888 0 2560 ) 
3 982 1006 (-5888 0 32 ) (-6144 0 32 ) (-6144 34.909100 32 ) 
4 982 983 (-5953.998047 9 32 ) (-6144 34.908604 32 ) (-6144 34.908691 2560 ) (-5953.998047 9 2560 ) 
4 983 1184 (-6144 34.909100 2560 ) (-6144 85.612747 2560 ) (-6144 85.612732 32 ) (-6144 34.909119 32 ) 
3 983 1007 (-5954 9 32 ) (-6144 34.909100 32 ) (-6144 85.612747 32 ) 
4 983 984 (-6016.001953 34.001656 32 ) (-6144 85.613678 32 ) (-6144 85.613770 2560 ) (-6016.001953 34.001686 2560 ) 
4 984 1184 (-6144 85.612747 2560 ) (-6144 133.018753 2560 ) (-6144 133.018738 32 ) (-6144 85.612732 32 ) 
3 984 1008 (-6016 34 32 ) (-6144 85.612747 32 ) (-6144 133.018753 32 ) 
4 984 985 (-6069.005371 75.007309 32 ) (-6144 133.021896 32 ) (-6144 133.019531 2560 ) (-6069.003418 75.004845 2560 ) 
4 985 1184 (-6144 133.018753 2560 ) (-6144 171.951370 2560 ) (-6144 171.951355 32 ) (-6144 133.018738 32 ) 
3 985 1009 (-6069 75 32 ) (-6144 133.018753 32 ) (-6144 171.951370 32 ) 
4 985 986 (-6110 128.003052 32 ) (-6144 171.953125 32 ) (-6144 171.953430 2560 ) (-6110 128.003250 2560 ) 
4 986 1184 (-6144 171.951370 2560 ) (-6144 212.321548 2560 ) (-6144 212.321533 32 ) (-6144 171.951355 32 ) 
3 986 1010 (-6110 128 32 ) (-6144 171.951370 32 ) (-6144 212.321548 32 ) 
4 986 987 (-6135 190 32 ) (-6144 212.319534 32 ) (-6144 212.312500 2560 ) (-6135 189.991776 2560 ) 
4 987 1184 (-6144 212.321548 2560 ) (-6144 255.998764 2560 ) (-6144 255.998718 32 ) (-6144 212.321533 32 ) 
3 987 1011 (-6135 190.002777 32 ) (-6144 212.321548 32 ) (-6144 255.998764 32 ) 
4 988 1184 (-6144 255.998764 2560 ) (-6144 1024 2560 ) (-6144 1024 32 ) (-6144 255.998718 32 ) 
3 988 1012 (-6144 255.998764 32 ) (-6144 1024 32 ) (-6039.272461 1024 32 ) 
4 988 989 (-6135 322 32 ) (-6039.272461 1024 32 ) (-6039.272461 1024 2560 ) (-6135 322 2560 ) 
4 989 1013 (-6135 322.001007 32 ) (-6039.272461 1024 32 ) (-5924.064453 1024 32 ) (-5888 934.560486 32 ) 
4 989 990 (-6109.996582 384.004303 32 ) (-5888 934.557495 32 ) (-5888 934.557495 2560 ) (-6109.996582 384.004333 2560 ) 
3 990 1014 (-6110 384 32 ) (-5888 934.560486 32 ) (-5818.133301 761.291016 32 ) 
4 990 991 (-6069.005371 436.996277 32 ) (-5818.134766 761.292969 32 ) (-5818.134766 761.292969 2560 ) (-6069.004883 436.996277 2560 ) 
3 991 1015 (-6069 437 32 ) (-5818.133301 761.291016 32 ) (-5778.108398 662.029236 32 ) 
4 991 992 (-6016.011230 477.995331 32 ) (-5778.109863 662.032532 32 ) (-5778.109863 662.032593 2560 ) (-6016.011719 477.995239 2560 ) 
3 992 1016 (-6016 478 32 ) (-5778.108398 662.029236 32 ) (-5747.550293 586.245544 32 ) 
4 992 993 (-5954.001465 503 32 ) (-5747.550781 586.245972 32 ) (-5747.550781 586.245972 2560 ) (-5954.001465 503 2560 ) 
3 993 1017 (-5954 503 32 ) (-5747.550293 586.245544 32 ) (-5726.493164 534.023621 32 ) 
4 993 996 (-5888 512 32 ) (-5816.546387 521.743469 32 ) (-5816.546387 521.743469 2560 ) (-5888 512 2560 ) 
4 993 994 (-5816.546387 521.743469 32 ) (-5726.493164 534.023438 32 ) (-5726.493164 534.023438 2560 ) (-5816.546387 521.743469 2560 ) 
3 994 1018 (-5816.546875 521.743591 32 ) (-5726.493164 534.023621 32 ) (-5678.472168 414.931305 32 ) 
4 994 997 (-5785.962891 498.085846 32 ) (-5759.995605 477.998230 32 ) (-5759.995605 477.998230 2560 ) (-5785.962891 498.085846 2560 ) 
4 994 996 (-5816.542969 521.742188 2560 ) (-5816.542969 521.742188 32 ) (-5785.962891 498.085846 32 ) (-5785.962891 498.085846 2560 ) 
4 994 995 (-5707.002930 437.003998 32 ) (-5678.473633 414.934052 32 ) (-5678.473633 414.934052 2560 ) (-5707.002930 437.003998 2560 ) 
3 995 1019 (-5707 437 32 ) (-5678.472168 414.931305 32 ) (-5666 384 32 ) 
3 996 1020 (-5888 512 32 ) (-5816.546875 521.743591 32 ) (-5785.965332 498.086182 32 ) 
4 996 997 (-5821.998047 503 32 ) (-5785.963867 498.085571 32 ) (-5785.963867 498.085571 2560 ) (-5821.998047 503 2560 ) 
3 997 1021 (-5822 503 32 ) (-5785.965332 498.086182 32 ) (-5760 478 32 ) 
4 998 1026 (-5511.161133 0 1 ) (-5120 0 1 ) (-5120 0 32 ) (-5511.161133 0 32 ) 
4 998 1019 (-5678.472168 414.931305 1 ) (-5666 384 1 ) (-5666.002441 384.003784 32 ) (-5678.474121 414.933014 32 ) 
4 998 1018 (-5726.493164 534.023621 1 ) (-5678.472168 414.931305 1 ) (-5678.474121 414.933014 32 ) (-5726.494629 534.023376 32 ) 
4 998 1017 (-5747.550293 586.245544 1 ) (-5726.493164 534.023621 1 ) (-5726.494629 534.023376 32 ) (-5747.551758 586.245361 32 ) 
4 998 1016 (-5778.108398 662.029236 1 ) (-5747.550293 586.245544 1 ) (-5747.551758 586.245361 32 ) (-5778.109375 662.028625 32 ) 
4 998 1015 (-5818.133301 761.291016 1 ) (-5778.108398 662.029236 1 ) (-5778.109375 662.028625 32 ) (-5818.134277 761.289490 32 ) 
4 998 1014 (-5888 934.560486 1 ) (-5818.133301 761.291016 1 ) (-5818.134277 761.289490 32 ) (-5888 934.558105 32 ) 
4 998 1013 (-5924.064453 1024 1 ) (-5888 934.560486 1 ) (-5888 934.558105 32 ) (-5924.066406 1024 32 ) 
4 998 999 (-5641 322 1 ) (-5511.161133 0 1 ) (-5511.162109 0 32 ) (-5641 321.995300 32 ) 
4 998 1022 (-5120 1024 1 ) (-5120 0 1 ) (-5511.161133 0 1 ) (-5924.064453 1024 1 ) 
4 999 1026 (-5597.090820 0 1 ) (-5511.161133 0 1 ) (-5511.161133 0 32 ) (-5597.090820 0 32 ) 
4 999 1000 (-5632 255.997971 1 ) (-5597.091309 0 1 ) (-5597.090820 0 32 ) (-5632 255.998337 32 ) 
3 999 1022 (-5511.161133 0 1 ) (-5597.090820 0 1 ) (-5641 322 1 ) 
4 1000 1026 (-5666.908691 0 1 ) (-5597.090820 0 1 ) (-5597.090820 0 32 ) (-5666.908691 0 32 ) 
4 1000 1001 (-5641 190.001984 1 ) (-5666.909180 0 1 ) (-5666.909180 0 32 ) (-5641 190.001984 32 ) 
3 1000 1022 (-5597.090820 0 1 ) (-5666.908691 0 1 ) (-5632 256 1 ) 
4 1001 1026 (-5717.613281 0 1 ) (-5666.908691 0 1 ) (-5666.908691 0 32 ) (-5717.613281 0 32 ) 
4 1001 1002 (-5666.003906 127.994980 1 ) (-5717.614746 0 1 ) (-5717.615234 0 32 ) (-5666.003906 127.994972 32 ) 
3 1001 1022 (-5666.908691 0 1 ) (-5717.613281 0 1 ) (-5641 190.001892 1 ) 
4 1002 1026 (-5765.019531 0 1 ) (-5717.613281 0 1 ) (-5717.613281 0 32 ) (-5765.019043 0 32 ) 
4 1002 1003 (-5706.994629 75.003906 1 ) (-5765.016602 0 1 ) (-5765.017090 0 32 ) (-5706.995117 75.003586 32 ) 
3 1002 1022 (-5717.613281 0 1 ) (-5765.019043 0 1 ) (-5666 128 1 ) 
4 1003 1026 (-5803.951172 0 1 ) (-5765.019531 0 1 ) (-5765.019043 0 32 ) (-5803.951172 0 32 ) 
4 1003 1004 (-5760.002930 33.998749 1 ) (-5803.952637 0 1 ) (-5803.949219 0 32 ) (-5760 34 32 ) 
3 1003 1022 (-5765.019043 0 1 ) (-5803.951172 0 1 ) (-5707 75 1 ) 
4 1004 1026 (-5844.319824 0 1 ) (-5803.951172 0 1 ) (-5803.951172 0 32 ) (-5844.319824 0 32 ) 
4 1004 1005 (-5822.001465 9 1 ) (-5844.320801 0 1 ) (-5844.320313 0 32 ) (-5822 9 32 ) 
3 1004 1022 (-5803.951172 0 1 ) (-5844.319824 0 1 ) (-5760 34 1 ) 
4 1005 1026 (-5888 0 1 ) (-5844.319824 0 1 ) (-5844.319824 0 32 ) (-5888 0 32 ) 
3 1005 1022 (-5844.319824 0 1 ) (-5888 0 1 ) (-5822 9 1 ) 
4 1006 1185 (-6144 0 1 ) (-6144 0 32 ) (-6144 34.909100 32 ) (-6144 34.909119 1 ) 
4 1006 1026 (-6144 0 32 ) (-6144 0 1 ) (-5888 0 1 ) (-5888 0 32 ) 
4 1006 1007 (-5953.998047 9 1 ) (-6144 34.908600 1 ) (-6144 34.908569 32 ) (-5953.998047 9 32 ) 
3 1006 1022 (-5888 0 1 ) (-6144 0 1 ) (-6144 34.909100 1 ) 
4 1007 1185 (-6144 34.909100 32 ) (-6144 85.612747 32 ) (-6144 85.612732 1 ) (-6144 34.909119 1 ) 
4 1007 1008 (-6016.001953 34.001663 1 ) (-6144 85.613693 1 ) (-6144 85.613281 32 ) (-6016.001465 34.001308 32 ) 
3 1007 1022 (-5954 9 1 ) (-6144 34.909100 1 ) (-6144 85.612747 1 ) 
4 1008 1185 (-6144 85.612747 32 ) (-6144 133.018753 32 ) (-6144 133.018738 1 ) (-6144 85.612732 1 ) 
4 1008 1009 (-6069.005371 75.007309 1 ) (-6144 133.021912 1 ) (-6144 133.021729 32 ) (-6069.004883 75.006737 32 ) 
3 1008 1022 (-6016 34 1 ) (-6144 85.612747 1 ) (-6144 133.018753 1 ) 
4 1009 1185 (-6144 133.018753 32 ) (-6144 171.951370 32 ) (-6144 171.951355 1 ) (-6144 133.018738 1 ) 
4 1009 1010 (-6110 128.003067 1 ) (-6144 171.953171 1 ) (-6144 171.953125 32 ) (-6110 128.003052 32 ) 
3 1009 1022 (-6069 75 1 ) (-6144 133.018753 1 ) (-6144 171.951370 1 ) 
4 1010 1185 (-6144 171.951370 32 ) (-6144 212.321548 32 ) (-6144 212.321533 1 ) (-6144 171.951355 1 ) 
4 1010 1011 (-6135 190 1 ) (-6144 212.319519 1 ) (-6144 212.319397 32 ) (-6135 190 32 ) 
3 1010 1022 (-6110 128 1 ) (-6144 171.951370 1 ) (-6144 212.321548 1 ) 
4 1011 1185 (-6144 212.321548 32 ) (-6144 255.998764 32 ) (-6144 255.998718 1 ) (-6144 212.321533 1 ) 
3 1011 1022 (-6135 190.002777 1 ) (-6144 212.321548 1 ) (-6144 255.998764 1 ) 
4 1012 1185 (-6144 255.998764 32 ) (-6144 1024 32 ) (-6144 1024 1 ) (-6144 255.998718 1 ) 
4 1012 1013 (-6135 322 1 ) (-6039.272461 1024 1 ) (-6039.272461 1024 32 ) (-6135 322 32 ) 
3 1012 1022 (-6144 255.998764 1 ) (-6144 1024 1 ) (-6039.272461 1024 1 ) 
4 1013 1014 (-6109.996582 384.004303 1 ) (-5888 934.557495 1 ) (-5888 934.557495 32 ) (-6109.996582 384.004333 32 ) 
4 1013 1022 (-6135 322.001007 1 ) (-6039.272461 1024 1 ) (-5924.064453 1024 1 ) (-5888 934.560486 1 ) 
4 1014 1015 (-6069.005371 436.996277 1 ) (-5818.134766 761.292969 1 ) (-5818.134766 761.292969 32 ) (-6069.004883 436.996277 32 ) 
3 1014 1022 (-6110 384 1 ) (-5888 934.560486 1 ) (-5818.133301 761.291016 1 ) 
4 1015 1016 (-6016.011719 477.995239 1 ) (-5778.109863 662.032593 1 ) (-5778.109863 662.032593 32 ) (-6016.011719 477.995239 32 ) 
3 1015 1022 (-6069 437 1 ) (-5818.133301 761.291016 1 ) (-5778.108398 662.029236 1 ) 
4 1016 1017 (-5954.001465 503 1 ) (-5747.550781 586.245972 1 ) (-5747.550781 586.245972 32 ) (-5954.001465 503 32 ) 
3 1016 1022 (-6016 478 1 ) (-5778.108398 662.029236 1 ) (-5747.550293 586.245544 1 ) 
4 1017 1020 (-5888 512 1 ) (-5816.546387 521.743469 1 ) (-5816.546387 521.743469 32 ) (-5888 512 32 ) 
4 1017 1018 (-5816.546387 521.743469 1 ) (-5726.493164 534.023438 1 ) (-5726.493164 534.023438 32 ) (-5816.546387 521.743469 32 ) 
3 1017 1022 (-5954 503 1 ) (-5747.550293 586.245544 1 ) (-5726.493164 534.023621 1 ) 
4 1018 1021 (-5785.962891 498.085846 1 ) (-5759.995605 477.998230 1 ) (-5759.995605 477.998230 32 ) (-5785.962891 498.085846 32 ) 
4 1018 1020 (-5816.542969 521.742188 32 ) (-5816.542969 521.742188 1 ) (-5785.962891 498.085846 1 ) (-5785.962891 498.085846 32 ) 
4 1018 1019 (-5707.002930 437.003998 1 ) (-5678.473633 414.934052 1 ) (-5678.473633 414.934052 32 ) (-5707.002930 437.003998 32 ) 
3 1018 1022 (-5816.546875 521.743591 1 ) (-5726.493164 534.023621 1 ) (-5678.472168 414.931305 1 ) 
3 1019 1022 (-5707 437 1 ) (-5678.472168 414.931305 1 ) (-5666 384 1 ) 
4 1020 1021 (-5821.998047 503 1 ) (-5785.963867 498.085571 1 ) (-5785.963867 498.085571 32 ) (-5821.998047 503 32 ) 
3 1020 1022 (-5888 512 1 ) (-5816.546875 521.743591 1 ) (-5785.965332 498.086182 1 ) 
3 1021 1022 (-5822 503 1 ) (-5785.965332 498.086182 1 ) (-5760 478 1 ) 
4 1022 1185 (-6144 0 0 ) (-6144 0 1 ) (-6144 1024 1 ) (-6144 1024 0 ) 
4 1022 1026 (-6144 0 1 ) (-6144 0 0 ) (-5120 0 0 ) (-5120 0 1 ) 
4 1023 1051 (-4267.951172 -1024 2560 ) (-4352 -1024 2560 ) (-4352 -1024 32 ) (-4267.951172 -1024 32 ) 
4 1023 1049 (-4181.612793 -1024 2560 ) (-4267.951172 -1024 2560 ) (-4267.951172 -1024 32 ) (-4181.612793 -1024 32 ) 
4 1023 1048 (-4352 -1024 2560 ) (-4395.680176 -1024 2560 ) (-4395.680176 -1024 32 ) (-4352 -1024 32 ) 
4 1023 1047 (-4395.680176 -1024 2560 ) (-4436.048828 -1024 2560 ) (-4436.048828 -1024 32 ) (-4395.680176 -1024 32 ) 
4 1023 1046 (-4436.048828 -1024 2560 ) (-4474.981445 -1024 2560 ) (-4474.981445 -1024 32 ) (-4436.048828 -1024 32 ) 
4 1023 1045 (-4474.981445 -1024 2560 ) (-4522.387207 -1024 2560 ) (-4522.387207 -1024 32 ) (-4474.981445 -1024 32 ) 
4 1023 1044 (-4522.387207 -1024 2560 ) (-4573.091309 -1024 2560 ) (-4573.091309 -1024 32 ) (-4522.387207 -1024 32 ) 
4 1023 1043 (-4573.091309 -1024 2560 ) (-4642.909180 -1024 2560 ) (-4642.909180 -1024 32 ) (-4573.091309 -1024 32 ) 
4 1023 1042 (-4642.909180 -1024 2560 ) (-4728.838867 -1024 2560 ) (-4728.838867 -1024 32 ) (-4642.909180 -1024 32 ) 
4 1023 1041 (-4728.838867 -1024 2560 ) (-4871.056152 -1024 2560 ) (-4871.056152 -1024 32 ) (-4728.838867 -1024 32 ) 
4 1023 1040 (-4871.056152 -1024 2560 ) (-5097.902832 -1024 2560 ) (-5097.902832 -1024 32 ) (-4871.056152 -1024 32 ) 
4 1023 1039 (-5097.902832 -1024 2560 ) (-5120 -1024 2560 ) (-5120 -1024 32 ) (-5097.902832 -1024 32 ) 
4 1023 1029 (-4096 -1024 32 ) (-4096 -1024 2560 ) (-4181.612793 -1024 2560 ) (-4181.612793 -1024 32 ) 
4 1023 1025 (-5120 0 2560 ) (-5120 0 32 ) (-5120 -1024 32 ) (-5120 -1024 2560 ) 
4 1023 1024 (-5120 0 32 ) (-4096 0 32 ) (-4096 -1024 32 ) (-5120 -1024 32 ) 
4 1024 1075 (-4267.951172 -1024 32 ) (-4352 -1024 32 ) (-4352 -1024 1 ) (-4267.951172 -1024 1 ) 
4 1024 1073 (-4181.612793 -1024 32 ) (-4267.951172 -1024 32 ) (-4267.951172 -1024 1 ) (-4181.612793 -1024 1 ) 
4 1024 1072 (-4352 -1024 32 ) (-4395.680176 -1024 32 ) (-4395.680176 -1024 1 ) (-4352 -1024 1 ) 
4 1024 1071 (-4395.680176 -1024 32 ) (-4436.048828 -1024 32 ) (-4436.048828 -1024 1 ) (-4395.680176 -1024 1 ) 
4 1024 1070 (-4436.048828 -1024 32 ) (-4474.981445 -1024 32 ) (-4474.981445 -1024 1 ) (-4436.048828 -1024 1 ) 
4 1024 1069 (-4474.981445 -1024 32 ) (-4522.387207 -1024 32 ) (-4522.387207 -1024 1 ) (-4474.981445 -1024 1 ) 
4 1024 1068 (-4522.387207 -1024 32 ) (-4573.091309 -1024 32 ) (-4573.091309 -1024 1 ) (-4522.387207 -1024 1 ) 
4 1024 1067 (-4573.091309 -1024 32 ) (-4642.909180 -1024 32 ) (-4642.909180 -1024 1 ) (-4573.091309 -1024 1 ) 
4 1024 1066 (-4642.909180 -1024 32 ) (-4728.838867 -1024 32 ) (-4728.838867 -1024 1 ) (-4642.909180 -1024 1 ) 
4 1024 1065 (-4728.838867 -1024 32 ) (-4871.056152 -1024 32 ) (-4871.056152 -1024 1 ) (-4728.838867 -1024 1 ) 
4 1024 1064 (-4871.056152 -1024 32 ) (-5097.902832 -1024 32 ) (-5097.902832 -1024 1 ) (-4871.056152 -1024 1 ) 
4 1024 1063 (-5097.902832 -1024 32 ) (-5120 -1024 32 ) (-5120 -1024 1 ) (-5097.902832 -1024 1 ) 
4 1024 1053 (-4096 -1024 1 ) (-4096 -1024 32 ) (-4181.612793 -1024 32 ) (-4181.612793 -1024 1 ) 
4 1024 1077 (-4096 -1024 0 ) (-4096 -1024 1 ) (-5120 -1024 1 ) (-5120 -1024 0 ) 
4 1024 1026 (-5120 0 32 ) (-5120 0 0 ) (-5120 -1024 0 ) (-5120 -1024 32 ) 
4 1025 1235 (-6144 -1024 32 ) (-6144 -1024 2560 ) (-6144 0 2560 ) (-6144 0 32 ) 
4 1025 1100 (-5803.951172 -1024 2560 ) (-5888 -1024 2560 ) (-5888 -1024 32 ) (-5803.951172 -1024 32 ) 
4 1025 1098 (-5717.613281 -1024 2560 ) (-5803.951172 -1024 2560 ) (-5803.951172 -1024 32 ) (-5717.613281 -1024 32 ) 
4 1025 1097 (-5888 -1024 2560 ) (-5931.679688 -1024 2560 ) (-5931.679688 -1024 32 ) (-5888 -1024 32 ) 
4 1025 1096 (-5931.679688 -1024 2560 ) (-5972.048828 -1024 2560 ) (-5972.048828 -1024 32 ) (-5931.679688 -1024 32 ) 
4 1025 1095 (-5972.048828 -1024 2560 ) (-6010.980957 -1024 2560 ) (-6010.980957 -1024 32 ) (-5972.048828 -1024 32 ) 
4 1025 1094 (-6010.980957 -1024 2560 ) (-6058.386719 -1024 2560 ) (-6058.386719 -1024 32 ) (-6010.980957 -1024 32 ) 
4 1025 1093 (-6058.386719 -1024 2560 ) (-6109.090820 -1024 2560 ) (-6109.090820 -1024 32 ) (-6058.386719 -1024 32 ) 
4 1025 1092 (-6109.090820 -1024 2560 ) (-6144 -1024 2560 ) (-6144 -1024 32 ) (-6109.090820 -1024 32 ) 
4 1025 1078 (-5120 -1024 32 ) (-5120 -1024 2560 ) (-5717.613281 -1024 2560 ) (-5717.613281 -1024 32 ) 
4 1025 1026 (-6144 -1024 32 ) (-6144 0 32 ) (-5120 0 32 ) (-5120 -1024 32 ) 
4 1026 1236 (-6144 -1024 0 ) (-6144 -1024 32 ) (-6144 0 32 ) (-6144 0 0 ) 
4 1026 1124 (-5803.951172 -1024 32 ) (-5888 -1024 32 ) (-5888 -1024 1 ) (-5803.951172 -1024 1 ) 
4 1026 1122 (-5717.613281 -1024 32 ) (-5803.951172 -1024 32 ) (-5803.951172 -1024 1 ) (-5717.613281 -1024 1 ) 
4 1026 1121 (-5888 -1024 32 ) (-5931.679688 -1024 32 ) (-5931.679688 -1024 1 ) (-5888 -1024 1 ) 
4 1026 1120 (-5931.679688 -1024 32 ) (-5972.048828 -1024 32 ) (-5972.048828 -1024 1 ) (-5931.679688 -1024 1 ) 
4 1026 1119 (-5972.048828 -1024 32 ) (-6010.980957 -1024 32 ) (-6010.980957 -1024 1 ) (-5972.048828 -1024 1 ) 
4 1026 1118 (-6010.980957 -1024 32 ) (-6058.386719 -1024 32 ) (-6058.386719 -1024 1 ) (-6010.980957 -1024 1 ) 
4 1026 1117 (-6058.386719 -1024 32 ) (-6109.090820 -1024 32 ) (-6109.090820 -1024 1 ) (-6058.386719 -1024 1 ) 
4 1026 1116 (-6109.090820 -1024 32 ) (-6144 -1024 32 ) (-6144 -1024 1 ) (-6109.090820 -1024 1 ) 
4 1026 1102 (-5120 -1024 1 ) (-5120 -1024 32 ) (-5717.613281 -1024 32 ) (-5717.613281 -1024 1 ) 
4 1026 1126 (-5120 -1024 0 ) (-5120 -1024 1 ) (-6144 -1024 1 ) (-6144 -1024 0 ) 
4 1027 1127 (-3072 -2048 32 ) (-3072 -2048 2560 ) (-4096 -2048 2560 ) (-4096 -2048 32 ) 
4 1027 1031 (-4096 -2048 32 ) (-4096 -2048 2560 ) (-4096 -1280 2560 ) (-4096 -1280 32 ) 
4 1027 1030 (-4096 -1280 2560 ) (-4096 -1236.319824 2560 ) (-4096 -1236.319946 32 ) (-4096 -1280 32 ) 
4 1027 1029 (-4096 -1236.319824 2560 ) (-4096 -1024 2560 ) (-4096 -1024 32 ) (-4096 -1236.319946 32 ) 
4 1027 1028 (-3072 -2048 32 ) (-4096 -2048 32 ) (-4096 -1024 32 ) (-3072 -1024 32 ) 
4 1028 1128 (-3072 -2048 0 ) (-3072 -2048 32 ) (-4096 -2048 32 ) (-4096 -2048 0 ) 
4 1028 1055 (-4096 -2048 1 ) (-4096 -2048 32 ) (-4096 -1280 32 ) (-4096 -1280 1 ) 
4 1028 1054 (-4096 -1280 32 ) (-4096 -1236.319824 32 ) (-4096 -1236.319946 1 ) (-4096 -1280 1 ) 
4 1028 1053 (-4096 -1236.319824 32 ) (-4096 -1024 32 ) (-4096 -1024 1 ) (-4096 -1236.319946 1 ) 
4 1028 1077 (-4096 -2048 0 ) (-4096 -2048 1 ) (-4096 -1024 1 ) (-4096 -1024 0 ) 
3 1029 1053 (-4181.612793 -1024 32 ) (-4096 -1024 32 ) (-4096 -1236.319946 32 ) 
4 1029 1050 (-4142.470215 -1121.070068 32 ) (-4129.996582 -1152.004028 32 ) (-4129.992676 -1152.009155 2560 ) (-4142.467285 -1121.072510 2560 ) 
4 1029 1049 (-4181.611328 -1024 32 ) (-4142.470215 -1121.070068 32 ) (-4142.467285 -1121.072510 2560 ) (-4181.609375 -1024 2560 ) 
4 1029 1030 (-4105 -1213.993774 32 ) (-4096 -1236.316040 32 ) (-4096 -1236.311768 2560 ) (-4105.001465 -1213.987549 2560 ) 
3 1030 1054 (-4105 -1214 32 ) (-4096 -1236.319946 32 ) (-4096 -1280 32 ) 
4 1031 1129 (-4096 -2048 32 ) (-4096 -2048 2560 ) (-4200.727539 -2048 2560 ) (-4200.727539 -2048 32 ) 
3 1031 1055 (-4096 -2048 32 ) (-4200.727539 -2048 32 ) (-4096 -1280 32 ) 
4 1031 1032 (-4105 -1346 32 ) (-4200.727051 -2048 32 ) (-4200.726563 -2048 2560 ) (-4105 -1346 2560 ) 
4 1032 1129 (-4200.727539 -2048 2560 ) (-4388.064453 -2048 2560 ) (-4388.064453 -2048 32 ) (-4200.727539 -2048 32 ) 
3 1032 1056 (-4200.727539 -2048 32 ) (-4388.064453 -2048 32 ) (-4105 -1346 32 ) 
4 1032 1033 (-4130 -1408 32 ) (-4388.064453 -2048 32 ) (-4388.064453 -2048 2560 ) (-4130 -1408 2560 ) 
4 1033 1129 (-4388.064453 -2048 2560 ) (-4625.094238 -2048 2560 ) (-4625.094238 -2048 32 ) (-4388.064453 -2048 32 ) 
3 1033 1057 (-4388.064453 -2048 32 ) (-4625.094238 -2048 32 ) (-4130 -1408 32 ) 
4 1033 1034 (-4171.011719 -1461.009155 32 ) (-4625.099121 -2048 32 ) (-4625.101563 -2048 2560 ) (-4171.012207 -1461.009399 2560 ) 
4 1034 1129 (-4625.094238 -2048 2560 ) (-4929.804688 -2048 2560 ) (-4929.804688 -2048 32 ) (-4625.094238 -2048 32 ) 
3 1034 1058 (-4625.094238 -2048 32 ) (-4929.804688 -2048 32 ) (-4171 -1461 32 ) 
4 1034 1035 (-4224.004883 -1502.001953 32 ) (-4929.807129 -2048 32 ) (-4929.808594 -2048 2560 ) (-4224.004883 -1502.001953 2560 ) 
4 1035 1129 (-4929.804688 -2048 2560 ) (-5120 -2048 2560 ) (-5120 -2048 32 ) (-4929.804688 -2048 32 ) 
4 1035 1078 (-5120 -1863.290283 32 ) (-5120 -2048 32 ) (-5120 -2048 2560 ) (-5120 -1863.290405 2560 ) 
4 1035 1059 (-4929.804688 -2048 32 ) (-5120 -2048 32 ) (-5120 -1863.290405 32 ) (-4224 -1502 32 ) 
4 1035 1036 (-4286.004395 -1527 32 ) (-5120 -1863.289185 32 ) (-5120 -1863.289429 2560 ) (-4286.004395 -1527 2560 ) 
4 1036 1078 (-5120 -1640.727295 32 ) (-5120 -1863.290283 32 ) (-5120 -1863.290405 2560 ) (-5120 -1640.727295 2560 ) 
3 1036 1060 (-5120 -1863.290405 32 ) (-5120 -1640.727295 32 ) (-4286 -1527 32 ) 
4 1036 1037 (-4352 -1536 32 ) (-5120 -1640.727295 32 ) (-5120 -1640.727539 2560 ) (-4352 -1536 2560 ) 
4 1037 1078 (-5120 -1431.272461 32 ) (-5120 -1640.727295 32 ) (-5120 -1640.727295 2560 ) (-5120 -1431.272461 2560 ) 
3 1037 1061 (-5120 -1640.727295 32 ) (-5120 -1431.272461 32 ) (-4352 -1536 32 ) 
4 1037 1038 (-4417.998047 -1527 32 ) (-5120 -1431.273193 32 ) (-5120 -1431.273193 2560 ) (-4417.998047 -1527 2560 ) 
4 1038 1078 (-5120 -1243.935303 32 ) (-5120 -1431.272461 32 ) (-5120 -1431.272461 2560 ) (-5120 -1243.935303 2560 ) 
3 1038 1062 (-5120 -1431.272461 32 ) (-5120 -1243.935303 32 ) (-4418 -1527 32 ) 
4 1038 1039 (-4480.005371 -1501.996094 32 ) (-5120 -1243.933716 32 ) (-5120 -1243.933594 2560 ) (-4480.005371 -1501.996094 2560 ) 
4 1039 1078 (-5120 -1024 2560 ) (-5120 -1024 32 ) (-5120 -1243.935303 32 ) (-5120 -1243.935303 2560 ) 
4 1039 1063 (-5120 -1243.935303 32 ) (-5120 -1024 32 ) (-5097.902832 -1024 32 ) (-4480 -1502 32 ) 
4 1039 1040 (-4532.994141 -1461.006592 32 ) (-5097.905273 -1024 32 ) (-5097.906250 -1024 2560 ) (-4532.994141 -1461.006836 2560 ) 
3 1040 1064 (-5097.902832 -1024 32 ) (-4871.056152 -1024 32 ) (-4532.998535 -1461.001099 32 ) 
4 1040 1041 (-4574.001465 -1407.997192 32 ) (-4871.055664 -1024 32 ) (-4871.058594 -1024 2560 ) (-4574 -1407.998169 2560 ) 
3 1041 1065 (-4871.056152 -1024 32 ) (-4728.838867 -1024 32 ) (-4574 -1407.998657 32 ) 
4 1041 1042 (-4599 -1345.993042 32 ) (-4728.836914 -1024 32 ) (-4728.837891 -1024 2560 ) (-4599 -1345.993774 2560 ) 
3 1042 1066 (-4728.838867 -1024 32 ) (-4642.909180 -1024 32 ) (-4599 -1346 32 ) 
4 1042 1043 (-4608 -1280 32 ) (-4642.909180 -1024 32 ) (-4642.909180 -1024 2560 ) (-4608 -1280 2560 ) 
3 1043 1067 (-4642.909180 -1024 32 ) (-4573.091309 -1024 32 ) (-4608 -1280 32 ) 
4 1043 1044 (-4599 -1214.002197 32 ) (-4573.091797 -1024 32 ) (-4573.091797 -1024 2560 ) (-4599 -1214.002197 2560 ) 
3 1044 1068 (-4573.091309 -1024 32 ) (-4522.387207 -1024 32 ) (-4599 -1214 32 ) 
4 1044 1045 (-4574 -1152 32 ) (-4522.387207 -1024 32 ) (-4522.387207 -1024 2560 ) (-4574 -1152 2560 ) 
3 1045 1069 (-4522.387207 -1024 32 ) (-4474.981445 -1024 32 ) (-4574 -1152 32 ) 
4 1045 1046 (-4532.998535 -1099 32 ) (-4474.980469 -1024 32 ) (-4474.980957 -1024 2560 ) (-4533 -1099 2560 ) 
3 1046 1070 (-4474.981445 -1024 32 ) (-4436.048828 -1024 32 ) (-4533 -1099 32 ) 
4 1046 1047 (-4480 -1058 32 ) (-4436.048828 -1024 32 ) (-4436.048828 -1024 2560 ) (-4480 -1058 2560 ) 
3 1047 1071 (-4436.048828 -1024 32 ) (-4395.680176 -1024 32 ) (-4480 -1058 32 ) 
4 1047 1048 (-4418.006836 -1033 32 ) (-4395.684570 -1024 32 ) (-4395.685059 -1024 2560 ) (-4418.007324 -1033 2560 ) 
3 1048 1072 (-4395.680176 -1024 32 ) (-4352 -1024 32 ) (-4418 -1033 32 ) 
3 1049 1073 (-4267.951172 -1024 32 ) (-4181.612793 -1024 32 ) (-4142.472168 -1121.068848 32 ) 
4 1049 1052 (-4249.972168 -1037.912964 32 ) (-4224.012695 -1057.994873 32 ) (-4224.012695 -1057.994873 2560 ) (-4249.972168 -1037.912964 2560 ) 
4 1049 1051 (-4267.957031 -1024 32 ) (-4249.972168 -1037.912964 32 ) (-4249.972168 -1037.912964 2560 ) (-4267.957031 -1024 2560 ) 
4 1049 1050 (-4170.991699 -1099.010986 32 ) (-4142.469238 -1121.075439 32 ) (-4142.469238 -1121.075439 2560 ) (-4170.991699 -1099.010986 2560 ) 
3 1050 1074 (-4171 -1099 32 ) (-4142.472168 -1121.068848 32 ) (-4130 -1152 32 ) 
3 1051 1075 (-4352 -1024 32 ) (-4267.951172 -1024 32 ) (-4249.964844 -1037.913940 32 ) 
4 1051 1052 (-4286 -1033 32 ) (-4249.965820 -1037.913452 32 ) (-4249.965820 -1037.913452 2560 ) (-4286 -1033 2560 ) 
3 1052 1076 (-4286 -1033 32 ) (-4249.964844 -1037.913940 32 ) (-4224 -1058 32 ) 
4 1053 1074 (-4142.470215 -1121.069946 1 ) (-4129.996582 -1152.004517 1 ) (-4129.993164 -1152.008667 32 ) (-4142.467773 -1121.072144 32 ) 
4 1053 1073 (-4181.611328 -1024 1 ) (-4142.470215 -1121.069946 1 ) (-4142.467773 -1121.072144 32 ) (-4181.609863 -1024 32 ) 
4 1053 1054 (-4105 -1213.994385 1 ) (-4096 -1236.316650 1 ) (-4096 -1236.312500 32 ) (-4105.001465 -1213.988403 32 ) 
3 1053 1077 (-4181.612793 -1024 1 ) (-4096 -1024 1 ) (-4096 -1236.319946 1 ) 
3 1054 1077 (-4105 -1214 1 ) (-4096 -1236.319946 1 ) (-4096 -1280 1 ) 
4 1055 1130 (-4096 -2048 1 ) (-4096 -2048 32 ) (-4200.727539 -2048 32 ) (-4200.727539 -2048 1 ) 
4 1055 1056 (-4105 -1346 1 ) (-4200.727051 -2048 1 ) (-4200.727051 -2048 32 ) (-4105 -1346 32 ) 
3 1055 1077 (-4096 -2048 1 ) (-4200.727539 -2048 1 ) (-4096 -1280 1 ) 
4 1056 1130 (-4200.727539 -2048 32 ) (-4388.064453 -2048 32 ) (-4388.064453 -2048 1 ) (-4200.727539 -2048 1 ) 
4 1056 1057 (-4130 -1408 1 ) (-4388.064453 -2048 1 ) (-4388.064453 -2048 32 ) (-4130 -1408 32 ) 
3 1056 1077 (-4200.727539 -2048 1 ) (-4388.064453 -2048 1 ) (-4105 -1346 1 ) 
4 1057 1130 (-4388.064453 -2048 32 ) (-4625.094238 -2048 32 ) (-4625.094238 -2048 1 ) (-4388.064453 -2048 1 ) 
4 1057 1058 (-4171.011719 -1461.009155 1 ) (-4625.099121 -2048 1 ) (-4625.099121 -2048 32 ) (-4171.011719 -1461.009033 32 ) 
3 1057 1077 (-4388.064453 -2048 1 ) (-4625.094238 -2048 1 ) (-4130 -1408 1 ) 
4 1058 1130 (-4625.094238 -2048 32 ) (-4929.804688 -2048 32 ) (-4929.804688 -2048 1 ) (-4625.094238 -2048 1 ) 
4 1058 1059 (-4224.004883 -1502.001953 1 ) (-4929.807129 -2048 1 ) (-4929.808594 -2048 32 ) (-4224.004883 -1502.001953 32 ) 
3 1058 1077 (-4625.094238 -2048 1 ) (-4929.804688 -2048 1 ) (-4171 -1461 1 ) 
4 1059 1130 (-4929.804688 -2048 32 ) (-5120 -2048 32 ) (-5120 -2048 1 ) (-4929.804688 -2048 1 ) 
4 1059 1102 (-5120 -1863.290283 1 ) (-5120 -2048 1 ) (-5120 -2048 32 ) (-5120 -1863.290405 32 ) 
4 1059 1060 (-4286.004395 -1527 1 ) (-5120 -1863.289185 1 ) (-5120 -1863.289063 32 ) (-4286.004395 -1527 32 ) 
4 1059 1077 (-4929.804688 -2048 1 ) (-5120 -2048 1 ) (-5120 -1863.290405 1 ) (-4224 -1502 1 ) 
4 1060 1102 (-5120 -1640.727295 1 ) (-5120 -1863.290283 1 ) (-5120 -1863.290405 32 ) (-5120 -1640.727295 32 ) 
4 1060 1061 (-4352 -1536 1 ) (-5120 -1640.727295 1 ) (-5120 -1640.727539 32 ) (-4352 -1536 32 ) 
3 1060 1077 (-5120 -1863.290405 1 ) (-5120 -1640.727295 1 ) (-4286 -1527 1 ) 
4 1061 1102 (-5120 -1431.272461 1 ) (-5120 -1640.727295 1 ) (-5120 -1640.727295 32 ) (-5120 -1431.272461 32 ) 
4 1061 1062 (-4417.998047 -1527 1 ) (-5120 -1431.273193 1 ) (-5120 -1431.273438 32 ) (-4417.998047 -1527 32 ) 
3 1061 1077 (-5120 -1640.727295 1 ) (-5120 -1431.272461 1 ) (-4352 -1536 1 ) 
4 1062 1102 (-5120 -1243.935303 1 ) (-5120 -1431.272461 1 ) (-5120 -1431.272461 32 ) (-5120 -1243.935303 32 ) 
4 1062 1063 (-4480.005371 -1501.996094 1 ) (-5120 -1243.933716 1 ) (-5120 -1243.934082 32 ) (-4480.005371 -1501.996094 32 ) 
3 1062 1077 (-5120 -1431.272461 1 ) (-5120 -1243.935303 1 ) (-4418 -1527 1 ) 
4 1063 1102 (-5120 -1024 32 ) (-5120 -1024 1 ) (-5120 -1243.935303 1 ) (-5120 -1243.935303 32 ) 
4 1063 1064 (-4532.994141 -1461.006592 1 ) (-5097.905273 -1024 1 ) (-5097.908203 -1024 32 ) (-4532.993652 -1461.007202 32 ) 
4 1063 1077 (-5120 -1243.935303 1 ) (-5120 -1024 1 ) (-5097.902832 -1024 1 ) (-4480 -1502 1 ) 
4 1064 1065 (-4574.001465 -1407.997192 1 ) (-4871.055664 -1024 1 ) (-4871.058594 -1024 32 ) (-4574 -1407.998291 32 ) 
3 1064 1077 (-5097.902832 -1024 1 ) (-4871.056152 -1024 1 ) (-4532.998535 -1461.001099 1 ) 
4 1065 1066 (-4599 -1345.993042 1 ) (-4728.836914 -1024 1 ) (-4728.837891 -1024 32 ) (-4599 -1345.993652 32 ) 
3 1065 1077 (-4871.056152 -1024 1 ) (-4728.838867 -1024 1 ) (-4574 -1407.998657 1 ) 
4 1066 1067 (-4608 -1280 1 ) (-4642.909180 -1024 1 ) (-4642.909180 -1024 32 ) (-4608 -1280 32 ) 
3 1066 1077 (-4728.838867 -1024 1 ) (-4642.909180 -1024 1 ) (-4599 -1346 1 ) 
4 1067 1068 (-4599 -1214.002197 1 ) (-4573.091797 -1024 1 ) (-4573.091797 -1024 32 ) (-4599 -1214.002197 32 ) 
3 1067 1077 (-4642.909180 -1024 1 ) (-4573.091309 -1024 1 ) (-4608 -1280 1 ) 
4 1068 1069 (-4574 -1152 1 ) (-4522.387207 -1024 1 ) (-4522.387207 -1024 32 ) (-4574 -1152 32 ) 
3 1068 1077 (-4573.091309 -1024 1 ) (-4522.387207 -1024 1 ) (-4599 -1214 1 ) 
4 1069 1070 (-4532.998535 -1099 1 ) (-4474.980469 -1024 1 ) (-4474.980469 -1024 32 ) (-4532.998535 -1099 32 ) 
3 1069 1077 (-4522.387207 -1024 1 ) (-4474.981445 -1024 1 ) (-4574 -1152 1 ) 
4 1070 1071 (-4480 -1058 1 ) (-4436.048828 -1024 1 ) (-4436.048828 -1024 32 ) (-4480 -1058 32 ) 
3 1070 1077 (-4474.981445 -1024 1 ) (-4436.048828 -1024 1 ) (-4533 -1099 1 ) 
4 1071 1072 (-4418.006836 -1033 1 ) (-4395.684570 -1024 1 ) (-4395.685059 -1024 32 ) (-4418.007324 -1033 32 ) 
3 1071 1077 (-4436.048828 -1024 1 ) (-4395.680176 -1024 1 ) (-4480 -1058 1 ) 
3 1072 1077 (-4395.680176 -1024 1 ) (-4352 -1024 1 ) (-4418 -1033 1 ) 
4 1073 1076 (-4249.972168 -1037.912964 1 ) (-4224.012695 -1057.994873 1 ) (-4224.012695 -1057.994873 32 ) (-4249.972168 -1037.912964 32 ) 
4 1073 1075 (-4267.957031 -1024 1 ) (-4249.972168 -1037.912964 1 ) (-4249.972168 -1037.912964 32 ) (-4267.957031 -1024 32 ) 
4 1073 1074 (-4170.991699 -1099.010986 1 ) (-4142.469238 -1121.075439 1 ) (-4142.469238 -1121.075439 32 ) (-4170.991699 -1099.010986 32 ) 
3 1073 1077 (-4267.951172 -1024 1 ) (-4181.612793 -1024 1 ) (-4142.472168 -1121.068848 1 ) 
3 1074 1077 (-4171 -1099 1 ) (-4142.472168 -1121.068848 1 ) (-4130 -1152 1 ) 
4 1075 1076 (-4286 -1033 1 ) (-4249.965820 -1037.913452 1 ) (-4249.965820 -1037.913452 32 ) (-4286 -1033 32 ) 
3 1075 1077 (-4352 -1024 1 ) (-4267.951172 -1024 1 ) (-4249.964844 -1037.913940 1 ) 
3 1076 1077 (-4286 -1033 1 ) (-4249.964844 -1037.913940 1 ) (-4224 -1058 1 ) 
4 1077 1130 (-4096 -2048 0 ) (-4096 -2048 1 ) (-5120 -2048 1 ) (-5120 -2048 0 ) 
4 1077 1126 (-5120 -1024 1 ) (-5120 -1024 0 ) (-5120 -2048 0 ) (-5120 -2048 1 ) 
4 1078 1131 (-5304.709961 -2048 32 ) (-5120 -2048 32 ) (-5120 -2048 2560 ) (-5304.709961 -2048 2560 ) 
4 1078 1102 (-5717.613281 -1024 32 ) (-5120 -1024 32 ) (-5120 -2048 32 ) (-5304.709961 -2048 32 ) 
4 1078 1099 (-5678.471680 -1121.068848 32 ) (-5665.998535 -1152.002441 32 ) (-5665.998535 -1152.002441 2560 ) (-5678.471680 -1121.068848 2560 ) 
4 1078 1098 (-5717.612305 -1024 32 ) (-5678.471680 -1121.068848 32 ) (-5678.471680 -1121.068848 2560 ) (-5717.612305 -1024 2560 ) 
4 1078 1079 (-5641 -1213.998047 32 ) (-5304.708984 -2048 32 ) (-5304.708984 -2048 2560 ) (-5641 -1213.998047 2560 ) 
4 1079 1131 (-5527.272461 -2048 32 ) (-5304.709961 -2048 32 ) (-5304.709961 -2048 2560 ) (-5527.272461 -2048 2560 ) 
3 1079 1103 (-5641 -1214.001709 32 ) (-5304.709961 -2048 32 ) (-5527.272461 -2048 32 ) 
4 1079 1080 (-5632 -1279.998413 32 ) (-5527.272461 -2048 32 ) (-5527.272949 -2048 2560 ) (-5632 -1279.998779 2560 ) 
4 1080 1131 (-5736.727539 -2048 32 ) (-5527.272461 -2048 32 ) (-5527.272461 -2048 2560 ) (-5736.727539 -2048 2560 ) 
3 1080 1104 (-5632 -1279.998169 32 ) (-5527.272461 -2048 32 ) (-5736.727539 -2048 32 ) 
4 1080 1081 (-5641 -1345.998169 32 ) (-5736.727051 -2048 32 ) (-5736.727051 -2048 2560 ) (-5641 -1345.998291 2560 ) 
4 1081 1131 (-5924.064941 -2048 32 ) (-5736.727539 -2048 32 ) (-5736.727539 -2048 2560 ) (-5924.064941 -2048 2560 ) 
3 1081 1105 (-5641 -1346 32 ) (-5736.727539 -2048 32 ) (-5924.064941 -2048 32 ) 
4 1081 1082 (-5665.997559 -1407.997314 32 ) (-5924.062988 -2048 32 ) (-5924.062500 -2048 2560 ) (-5665.997559 -1407.997070 2560 ) 
4 1082 1245 (-6144 -2048 32 ) (-6144 -2048 2560 ) (-6144 -2025.902222 2560 ) (-6144 -2025.902344 32 ) 
4 1082 1131 (-6144 -2048 2560 ) (-6144 -2048 32 ) (-5924.064941 -2048 32 ) (-5924.064941 -2048 2560 ) 
4 1082 1106 (-6144 -2048 32 ) (-6144 -2025.902222 32 ) (-5666 -1408.001587 32 ) (-5924.064941 -2048 32 ) 
4 1082 1083 (-5706.995605 -1460.996826 32 ) (-6144 -2025.904541 32 ) (-6144 -2025.906250 2560 ) (-5706.995605 -1460.996582 2560 ) 
4 1083 1245 (-6144 -2025.902222 2560 ) (-6144 -1799.056641 2560 ) (-6144 -1799.056641 32 ) (-6144 -2025.902344 32 ) 
3 1083 1107 (-6144 -2025.902222 32 ) (-6144 -1799.056641 32 ) (-5707 -1461 32 ) 
4 1083 1084 (-5760.003906 -1502.001465 32 ) (-6144 -1799.055176 32 ) (-6144 -1799.054688 2560 ) (-5760.003906 -1502.001465 2560 ) 
4 1084 1245 (-6144 -1799.056641 2560 ) (-6144 -1656.838623 2560 ) (-6144 -1656.838623 32 ) (-6144 -1799.056641 32 ) 
3 1084 1108 (-6144 -1799.056641 32 ) (-6144 -1656.838623 32 ) (-5760 -1502 32 ) 
4 1084 1085 (-5822.002930 -1527 32 ) (-6144 -1656.837891 32 ) (-6144 -1656.835938 2560 ) (-5822.004395 -1527 2560 ) 
4 1085 1245 (-6144 -1656.838623 2560 ) (-6144 -1570.909058 2560 ) (-6144 -1570.909058 32 ) (-6144 -1656.838623 32 ) 
3 1085 1109 (-6144 -1656.838623 32 ) (-6144 -1570.909058 32 ) (-5822 -1527 32 ) 
4 1085 1086 (-5888 -1536 32 ) (-6144 -1570.909302 32 ) (-6144 -1570.909668 2560 ) (-5887.998535 -1536 2560 ) 
4 1086 1245 (-6144 -1570.909058 2560 ) (-6144 -1501.090820 2560 ) (-6144 -1501.090820 32 ) (-6144 -1570.909058 32 ) 
3 1086 1110 (-6144 -1570.909058 32 ) (-6144 -1501.090820 32 ) (-5888 -1536 32 ) 
4 1086 1087 (-5954 -1527 32 ) (-6144 -1501.090942 32 ) (-6144 -1501.091309 2560 ) (-5954 -1527 2560 ) 
4 1087 1245 (-6144 -1501.090820 2560 ) (-6144 -1450.387207 2560 ) (-6144 -1450.387207 32 ) (-6144 -1501.090820 32 ) 
3 1087 1111 (-6144 -1501.090820 32 ) (-6144 -1450.387207 32 ) (-5954.001465 -1527 32 ) 
4 1087 1088 (-6016 -1502 32 ) (-6144 -1450.387451 32 ) (-6144 -1450.387451 2560 ) (-6016 -1502 2560 ) 
4 1088 1245 (-6144 -1450.387207 2560 ) (-6144 -1402.981201 2560 ) (-6144 -1402.981201 32 ) (-6144 -1450.387207 32 ) 
3 1088 1112 (-6144 -1450.387207 32 ) (-6144 -1402.981201 32 ) (-6016 -1502 32 ) 
4 1088 1089 (-6069.001465 -1460.997803 32 ) (-6144 -1402.980225 32 ) (-6144 -1402.980469 2560 ) (-6069 -1460.998413 2560 ) 
4 1089 1245 (-6144 -1402.981201 2560 ) (-6144 -1364.048584 2560 ) (-6144 -1364.048584 32 ) (-6144 -1402.981201 32 ) 
3 1089 1113 (-6144 -1402.981201 32 ) (-6144 -1364.048584 32 ) (-6069 -1461 32 ) 
4 1089 1090 (-6110 -1408 32 ) (-6144 -1364.048218 32 ) (-6144 -1364.046631 2560 ) (-6110 -1407.997925 2560 ) 
4 1090 1245 (-6144 -1364.048584 2560 ) (-6144 -1323.679688 2560 ) (-6144 -1323.679688 32 ) (-6144 -1364.048584 32 ) 
3 1090 1114 (-6144 -1364.048584 32 ) (-6144 -1323.679688 32 ) (-6110 -1408 32 ) 
4 1090 1091 (-6135 -1346 32 ) (-6144 -1323.678589 32 ) (-6144 -1323.675781 2560 ) (-6135 -1345.995605 2560 ) 
4 1091 1245 (-6144 -1323.679688 2560 ) (-6144 -1279.998901 2560 ) (-6144 -1279.998901 32 ) (-6144 -1323.679688 32 ) 
3 1091 1115 (-6144 -1323.679688 32 ) (-6144 -1279.998901 32 ) (-6135 -1346 32 ) 
4 1092 1245 (-6144 -1279.998901 2560 ) (-6144 -1024 2560 ) (-6144 -1024 32 ) (-6144 -1279.998901 32 ) 
3 1092 1116 (-6144 -1279.998901 32 ) (-6144 -1024 32 ) (-6109.090820 -1024 32 ) 
4 1092 1093 (-6135 -1214.001953 32 ) (-6109.091309 -1024 32 ) (-6109.091309 -1024 2560 ) (-6135 -1214.001953 2560 ) 
3 1093 1117 (-6135 -1214 32 ) (-6109.090820 -1024 32 ) (-6058.386719 -1024 32 ) 
4 1093 1094 (-6110 -1152 32 ) (-6058.386719 -1024 32 ) (-6058.386719 -1024 2560 ) (-6110 -1152 2560 ) 
3 1094 1118 (-6110 -1152 32 ) (-6058.386719 -1024 32 ) (-6010.980957 -1024 32 ) 
4 1094 1095 (-6068.996094 -1098.997070 32 ) (-6010.979492 -1024 32 ) (-6010.979492 -1024 2560 ) (-6068.995605 -1098.996704 2560 ) 
3 1095 1119 (-6069 -1099 32 ) (-6010.980957 -1024 32 ) (-5972.048828 -1024 32 ) 
4 1095 1096 (-6016 -1058 32 ) (-5972.048340 -1024 32 ) (-5972.048340 -1024 2560 ) (-6016 -1058 2560 ) 
3 1096 1120 (-6016 -1058 32 ) (-5972.048828 -1024 32 ) (-5931.679688 -1024 32 ) 
4 1096 1097 (-5954.005859 -1033 32 ) (-5931.684082 -1024 32 ) (-5931.684082 -1024 2560 ) (-5954.005859 -1033 2560 ) 
3 1097 1121 (-5954 -1033 32 ) (-5931.679688 -1024 32 ) (-5888 -1024 32 ) 
3 1098 1122 (-5803.951172 -1024 32 ) (-5717.613281 -1024 32 ) (-5678.472656 -1121.067993 32 ) 
4 1098 1101 (-5785.967285 -1037.913696 32 ) (-5760.004395 -1057.998169 32 ) (-5760.004395 -1057.998169 2560 ) (-5785.967285 -1037.913696 2560 ) 
4 1098 1100 (-5803.953125 -1024 32 ) (-5785.967285 -1037.913696 32 ) (-5785.967285 -1037.913696 2560 ) (-5803.953125 -1024 2560 ) 
4 1098 1099 (-5706.998047 -1099.002930 32 ) (-5678.471680 -1121.070435 32 ) (-5678.471680 -1121.070435 2560 ) (-5706.998047 -1099.002930 2560 ) 
3 1099 1123 (-5707.001953 -1098.998413 32 ) (-5678.472656 -1121.067993 32 ) (-5666 -1152 32 ) 
3 1100 1124 (-5888 -1024 32 ) (-5803.951172 -1024 32 ) (-5785.964844 -1037.913940 32 ) 
4 1100 1101 (-5822 -1033 32 ) (-5785.965820 -1037.913452 32 ) (-5785.965820 -1037.913452 2560 ) (-5822 -1033 2560 ) 
3 1101 1125 (-5822 -1033 32 ) (-5785.964844 -1037.913940 32 ) (-5760 -1058 32 ) 
4 1102 1132 (-5304.709961 -2048 1 ) (-5120 -2048 1 ) (-5120 -2048 32 ) (-5304.709961 -2048 32 ) 
4 1102 1123 (-5678.470215 -1121.070068 1 ) (-5665.996582 -1152.005005 1 ) (-5665.994141 -1152.007690 32 ) (-5678.468750 -1121.071289 32 ) 
4 1102 1122 (-5717.611328 -1024 1 ) (-5678.470215 -1121.070068 1 ) (-5678.468750 -1121.071289 32 ) (-5717.610352 -1024 32 ) 
4 1102 1103 (-5641 -1213.994995 1 ) (-5304.708984 -2048 1 ) (-5304.707031 -2048 32 ) (-5641 -1213.992188 32 ) 
4 1102 1126 (-5717.613281 -1024 1 ) (-5120 -1024 1 ) (-5120 -2048 1 ) (-5304.709961 -2048 1 ) 
4 1103 1132 (-5527.272461 -2048 1 ) (-5304.709961 -2048 1 ) (-5304.709961 -2048 32 ) (-5527.272461 -2048 32 ) 
4 1103 1104 (-5632 -1279.998413 1 ) (-5527.272461 -2048 1 ) (-5527.271973 -2048 32 ) (-5632 -1279.998291 32 ) 
3 1103 1126 (-5641 -1214.001709 1 ) (-5304.709961 -2048 1 ) (-5527.272461 -2048 1 ) 
4 1104 1132 (-5736.727539 -2048 1 ) (-5527.272461 -2048 1 ) (-5527.272461 -2048 32 ) (-5736.727539 -2048 32 ) 
4 1104 1105 (-5641 -1345.998169 1 ) (-5736.727051 -2048 1 ) (-5736.727539 -2048 32 ) (-5641 -1345.998169 32 ) 
3 1104 1126 (-5632 -1279.998169 1 ) (-5527.272461 -2048 1 ) (-5736.727539 -2048 1 ) 
4 1105 1132 (-5924.064941 -2048 1 ) (-5736.727539 -2048 1 ) (-5736.727539 -2048 32 ) (-5924.064941 -2048 32 ) 
4 1105 1106 (-5665.997559 -1407.997314 1 ) (-5924.062988 -2048 1 ) (-5924.062500 -2048 32 ) (-5665.997559 -1407.997070 32 ) 
3 1105 1126 (-5641 -1346 1 ) (-5736.727539 -2048 1 ) (-5924.064941 -2048 1 ) 
4 1106 1246 (-6144 -2048 1 ) (-6144 -2048 32 ) (-6144 -2025.902222 32 ) (-6144 -2025.902344 1 ) 
4 1106 1132 (-6144 -2048 32 ) (-6144 -2048 1 ) (-5924.064941 -2048 1 ) (-5924.064941 -2048 32 ) 
4 1106 1107 (-5706.995605 -1460.996826 1 ) (-6144 -2025.904541 1 ) (-6144 -2025.908081 32 ) (-5706.995117 -1460.996338 32 ) 
4 1106 1126 (-6144 -2048 1 ) (-6144 -2025.902222 1 ) (-5666 -1408.001587 1 ) (-5924.064941 -2048 1 ) 
4 1107 1246 (-6144 -2025.902222 32 ) (-6144 -1799.056641 32 ) (-6144 -1799.056641 1 ) (-6144 -2025.902344 1 ) 
4 1107 1108 (-5760.003906 -1502.001465 1 ) (-6144 -1799.055176 1 ) (-6144 -1799.054688 32 ) (-5760.003906 -1502.001465 32 ) 
3 1107 1126 (-6144 -2025.902222 1 ) (-6144 -1799.056641 1 ) (-5707 -1461 1 ) 
4 1108 1246 (-6144 -1799.056641 32 ) (-6144 -1656.838623 32 ) (-6144 -1656.838623 1 ) (-6144 -1799.056641 1 ) 
4 1108 1109 (-5822.002930 -1527 1 ) (-6144 -1656.837891 1 ) (-6144 -1656.835938 32 ) (-5822.004395 -1527 32 ) 
3 1108 1126 (-6144 -1799.056641 1 ) (-6144 -1656.838623 1 ) (-5760 -1502 1 ) 
4 1109 1246 (-6144 -1656.838623 32 ) (-6144 -1570.909058 32 ) (-6144 -1570.909058 1 ) (-6144 -1656.838623 1 ) 
4 1109 1110 (-5888 -1536 1 ) (-6144 -1570.909302 1 ) (-6144 -1570.909668 32 ) (-5887.998535 -1536 32 ) 
3 1109 1126 (-6144 -1656.838623 1 ) (-6144 -1570.909058 1 ) (-5822 -1527 1 ) 
4 1110 1246 (-6144 -1570.909058 32 ) (-6144 -1501.090820 32 ) (-6144 -1501.090820 1 ) (-6144 -1570.909058 1 ) 
4 1110 1111 (-5954 -1527 1 ) (-6144 -1501.090942 1 ) (-6144 -1501.090820 32 ) (-5954 -1527 32 ) 
3 1110 1126 (-6144 -1570.909058 1 ) (-6144 -1501.090820 1 ) (-5888 -1536 1 ) 
4 1111 1246 (-6144 -1501.090820 32 ) (-6144 -1450.387207 32 ) (-6144 -1450.387207 1 ) (-6144 -1501.090820 1 ) 
4 1111 1112 (-6016 -1502 1 ) (-6144 -1450.387451 1 ) (-6144 -1450.388672 32 ) (-6015.998047 -1502.001465 32 ) 
3 1111 1126 (-6144 -1501.090820 1 ) (-6144 -1450.387207 1 ) (-5954.001465 -1527 1 ) 
4 1112 1246 (-6144 -1450.387207 32 ) (-6144 -1402.981201 32 ) (-6144 -1402.981201 1 ) (-6144 -1450.387207 1 ) 
4 1112 1113 (-6069.001465 -1460.997803 1 ) (-6144 -1402.980225 1 ) (-6144 -1402.980469 32 ) (-6069 -1460.998413 32 ) 
3 1112 1126 (-6144 -1450.387207 1 ) (-6144 -1402.981201 1 ) (-6016 -1502 1 ) 
4 1113 1246 (-6144 -1402.981201 32 ) (-6144 -1364.048584 32 ) (-6144 -1364.048584 1 ) (-6144 -1402.981201 1 ) 
4 1113 1114 (-6110 -1408 1 ) (-6144 -1364.048218 1 ) (-6144 -1364.046875 32 ) (-6110 -1407.998047 32 ) 
3 1113 1126 (-6144 -1402.981201 1 ) (-6144 -1364.048584 1 ) (-6069 -1461 1 ) 
4 1114 1246 (-6144 -1364.048584 32 ) (-6144 -1323.679688 32 ) (-6144 -1323.679688 1 ) (-6144 -1364.048584 1 ) 
4 1114 1115 (-6135 -1346 1 ) (-6144 -1323.678711 1 ) (-6144 -1323.678467 32 ) (-6135 -1345.998901 32 ) 
3 1114 1126 (-6144 -1364.048584 1 ) (-6144 -1323.679688 1 ) (-6110 -1408 1 ) 
4 1115 1246 (-6144 -1323.679688 32 ) (-6144 -1279.998901 32 ) (-6144 -1279.998901 1 ) (-6144 -1323.679688 1 ) 
3 1115 1126 (-6144 -1323.679688 1 ) (-6144 -1279.998901 1 ) (-6135 -1346 1 ) 
4 1116 1246 (-6144 -1279.998901 32 ) (-6144 -1024 32 ) (-6144 -1024 1 ) (-6144 -1279.998901 1 ) 
4 1116 1117 (-6135 -1214.001953 1 ) (-6109.091309 -1024 1 ) (-6109.091309 -1024 32 ) (-6135 -1214.001953 32 ) 
3 1116 1126 (-6144 -1279.998901 1 ) (-6144 -1024 1 ) (-6109.090820 -1024 1 ) 
4 1117 1118 (-6110 -1152 1 ) (-6058.386719 -1024 1 ) (-6058.386719 -1024 32 ) (-6110 -1152 32 ) 
3 1117 1126 (-6135 -1214 1 ) (-6109.090820 -1024 1 ) (-6058.386719 -1024 1 ) 
4 1118 1119 (-6068.996094 -1098.997070 1 ) (-6010.979492 -1024 1 ) (-6010.979492 -1024 32 ) (-6068.996094 -1098.997070 32 ) 
3 1118 1126 (-6110 -1152 1 ) (-6058.386719 -1024 1 ) (-6010.980957 -1024 1 ) 
4 1119 1120 (-6016 -1058 1 ) (-5972.048340 -1024 1 ) (-5972.048340 -1024 32 ) (-6016 -1058 32 ) 
3 1119 1126 (-6069 -1099 1 ) (-6010.980957 -1024 1 ) (-5972.048828 -1024 1 ) 
4 1120 1121 (-5954.005859 -1033 1 ) (-5931.684082 -1024 1 ) (-5931.684082 -1024 32 ) (-5954.005859 -1033 32 ) 
3 1120 1126 (-6016 -1058 1 ) (-5972.048828 -1024 1 ) (-5931.679688 -1024 1 ) 
3 1121 1126 (-5954 -1033 1 ) (-5931.679688 -1024 1 ) (-5888 -1024 1 ) 
4 1122 1125 (-5785.967285 -1037.913696 1 ) (-5760.004395 -1057.998169 1 ) (-5760.004395 -1057.998169 32 ) (-5785.967285 -1037.913696 32 ) 
4 1122 1124 (-5803.953125 -1024 1 ) (-5785.967285 -1037.913696 1 ) (-5785.967285 -1037.913696 32 ) (-5803.953125 -1024 32 ) 
4 1122 1123 (-5706.998047 -1099.002930 1 ) (-5678.471680 -1121.070435 1 ) (-5678.471680 -1121.070435 32 ) (-5706.998047 -1099.002930 32 ) 
3 1122 1126 (-5803.951172 -1024 1 ) (-5717.613281 -1024 1 ) (-5678.472656 -1121.067993 1 ) 
3 1123 1126 (-5707.001953 -1098.998413 1 ) (-5678.472656 -1121.067993 1 ) (-5666 -1152 1 ) 
4 1124 1125 (-5822 -1033 1 ) (-5785.965820 -1037.913452 1 ) (-5785.965820 -1037.913452 32 ) (-5822 -1033 32 ) 
3 1124 1126 (-5888 -1024 1 ) (-5803.951172 -1024 1 ) (-5785.964844 -1037.913940 1 ) 
3 1125 1126 (-5822 -1033 1 ) (-5785.964844 -1037.913940 1 ) (-5760 -1058 1 ) 
4 1126 1246 (-6144 -2048 0 ) (-6144 -2048 1 ) (-6144 -1024 1 ) (-6144 -1024 0 ) 
4 1126 1132 (-6144 -2048 1 ) (-6144 -2048 0 ) (-5120 -2048 0 ) (-5120 -2048 1 ) 
4 1127 1129 (-4096 -2048 2560 ) (-4096 -2048 32 ) (-4096 -2560 32 ) (-4096 -2560 2560 ) 
4 1127 1128 (-4096 -2560 32 ) (-4096 -2048 32 ) (-3072 -2048 32 ) (-3072 -2560 32 ) 
4 1128 1130 (-4096 -2048 32 ) (-4096 -2048 0 ) (-4096 -2560 0 ) (-4096 -2560 32 ) 
4 1129 1131 (-5120 -2048 2560 ) (-5120 -2048 32 ) (-5120 -2560 32 ) (-5120 -2560 2560 ) 
4 1129 1130 (-5120 -2560 32 ) (-5120 -2048 32 ) (-4096 -2048 32 ) (-4096 -2560 32 ) 
4 1130 1132 (-5120 -2048 32 ) (-5120 -2048 0 ) (-5120 -2560 0 ) (-5120 -2560 32 ) 
4 1131 1296 (-6144 -2048 2560 ) (-6144 -2048 32 ) (-6144 -2560 32 ) (-6144 -2560 2560 ) 
4 1131 1132 (-5120 -2048 32 ) (-5120 -2560 32 ) (-6144 -2560 32 ) (-6144 -2048 32 ) 
4 1132 1297 (-6144 -2560 0 ) (-6144 -2560 32 ) (-6144 -2048 32 ) (-6144 -2048 0 ) 
4 1133 1184 (-6144 1024 32 ) (-6144 1024 2560 ) (-7168 1024 2560 ) (-7168 1024 32 ) 
4 1133 1137 (-7168 1792.001831 32 ) (-7168 1024 32 ) (-7168 1024 2560 ) (-7168 1792.001831 2560 ) 
4 1133 1136 (-7168 1835.679077 32 ) (-7168 1792.001831 32 ) (-7168 1792.001831 2560 ) (-7168 1835.679077 2560 ) 
4 1133 1135 (-7168 2048 2560 ) (-7168 2048 32 ) (-7168 1835.679077 32 ) (-7168 1835.679077 2560 ) 
4 1133 1134 (-6144 1024 32 ) (-7168 1024 32 ) (-7168 2048 32 ) (-6144 2048 32 ) 
4 1134 1185 (-6144 1024 0 ) (-6144 1024 32 ) (-7168 1024 32 ) (-7168 1024 0 ) 
4 1134 1161 (-7168 1792.001831 1 ) (-7168 1024 1 ) (-7168 1024 32 ) (-7168 1792.001831 32 ) 
4 1134 1160 (-7168 1835.679077 1 ) (-7168 1792.001831 1 ) (-7168 1792.001831 32 ) (-7168 1835.679077 32 ) 
4 1134 1159 (-7168 2048 32 ) (-7168 2048 1 ) (-7168 1835.679077 1 ) (-7168 1835.679077 32 ) 
4 1134 1183 (-7168 2048 1 ) (-7168 2048 0 ) (-7168 1024 0 ) (-7168 1024 1 ) 
3 1135 1159 (-7253.613281 2048 32 ) (-7168 2048 32 ) (-7168 1835.679077 32 ) 
4 1135 1156 (-7214.472656 1950.931274 32 ) (-7202 1920 32 ) (-7201.996582 1919.994995 2560 ) (-7214.470215 1950.929565 2560 ) 
4 1135 1155 (-7253.613281 2048 32 ) (-7214.472656 1950.931274 32 ) (-7214.470215 1950.929565 2560 ) (-7253.611328 2048 2560 ) 
4 1135 1136 (-7177 1857.998047 32 ) (-7168 1835.679688 32 ) (-7168 1835.683594 2560 ) (-7177 1858.004028 2560 ) 
3 1136 1160 (-7177 1857.997559 32 ) (-7168 1835.679077 32 ) (-7168 1792.001831 32 ) 
4 1137 1186 (-7168 1024 32 ) (-7168 1024 2560 ) (-7272.727539 1024 2560 ) (-7272.727539 1024 32 ) 
3 1137 1161 (-7168 1792.001831 32 ) (-7168 1024 32 ) (-7272.727539 1024 32 ) 
4 1137 1138 (-7177 1726 32 ) (-7272.727051 1024 32 ) (-7272.727539 1024 2560 ) (-7177 1726 2560 ) 
4 1138 1186 (-7272.727539 1024 2560 ) (-7460.064453 1024 2560 ) (-7460.064453 1024 32 ) (-7272.727539 1024 32 ) 
3 1138 1162 (-7177 1726 32 ) (-7272.727539 1024 32 ) (-7460.064453 1024 32 ) 
4 1138 1139 (-7201.996582 1664.004639 32 ) (-7460.062988 1024 32 ) (-7460.062500 1024 2560 ) (-7201.996582 1664.004639 2560 ) 
4 1139 1201 (-7460.064453 1024 2560 ) (-7575.272461 1024 2560 ) (-7575.272461 1024 32 ) (-7460.064453 1024 32 ) 
4 1139 1200 (-7575.272461 1024 2560 ) (-7697.094727 1024 2560 ) (-7697.094727 1024 32 ) (-7575.272461 1024 32 ) 
3 1139 1163 (-7202 1664 32 ) (-7460.064453 1024 32 ) (-7697.094727 1024 32 ) 
4 1139 1140 (-7242.992676 1611.006348 32 ) (-7697.091797 1024 32 ) (-7697.093750 1024 2560 ) (-7242.993164 1611.005859 2560 ) 
4 1140 1200 (-7697.094727 1024 2560 ) (-7784.727539 1024 2560 ) (-7784.727539 1024 32 ) (-7697.094727 1024 32 ) 
4 1140 1199 (-7784.727539 1024 2560 ) (-8001.805176 1024 2560 ) (-8001.805176 1024 32 ) (-7784.727539 1024 32 ) 
3 1140 1164 (-7243 1611 32 ) (-7697.094727 1024 32 ) (-8001.805176 1024 32 ) 
4 1140 1141 (-7296 1570 32 ) (-8001.803711 1024 32 ) (-8001.803711 1024 2560 ) (-7295.997559 1570 2560 ) 
4 1141 1239 (-8192 1208.709351 32 ) (-8192 1024 32 ) (-8192 1024 2560 ) (-8192 1208.709351 2560 ) 
4 1141 1199 (-8001.805176 1024 2560 ) (-8007.290039 1024 2560 ) (-8007.290039 1024 32 ) (-8001.805176 1024 32 ) 
4 1141 1198 (-8007.290039 1024 2560 ) (-8192 1024 2560 ) (-8192 1024 32 ) (-8007.290039 1024 32 ) 
4 1141 1165 (-7296.001465 1570 32 ) (-8001.805176 1024 32 ) (-8192 1024 32 ) (-8192 1208.709351 32 ) 
4 1141 1142 (-7357.977539 1545.007568 32 ) (-8192 1208.708130 32 ) (-8192 1208.708618 2560 ) (-7357.977539 1545.007568 2560 ) 
4 1142 1239 (-8192 1431.277100 32 ) (-8192 1208.709351 32 ) (-8192 1208.709351 2560 ) (-8192 1431.277100 2560 ) 
3 1142 1166 (-7357.983398 1545.006592 32 ) (-8192 1208.709351 32 ) (-8192 1431.277100 32 ) 
4 1142 1143 (-7424.017090 1536.002319 32 ) (-8192 1431.277344 32 ) (-8192 1431.277344 2560 ) (-7424.017090 1536.002319 2560 ) 
4 1143 1239 (-8192 1640.727295 32 ) (-8192 1431.277100 32 ) (-8192 1431.277100 2560 ) (-8192 1640.727295 2560 ) 
3 1143 1167 (-7424.015625 1536.002197 32 ) (-8192 1431.277100 32 ) (-8192 1640.727295 32 ) 
4 1143 1144 (-7490 1545 32 ) (-8192 1640.727295 32 ) (-8192 1640.727295 2560 ) (-7490 1545 2560 ) 
4 1144 1239 (-8192 1828.064575 32 ) (-8192 1640.727295 32 ) (-8192 1640.727295 2560 ) (-8192 1828.064575 2560 ) 
3 1144 1168 (-7490 1545 32 ) (-8192 1640.727295 32 ) (-8192 1828.064575 32 ) 
4 1144 1145 (-7552.001465 1570 32 ) (-8192 1828.064941 32 ) (-8192 1828.064453 2560 ) (-7552.001465 1570 2560 ) 
4 1145 1239 (-8192 2048 2560 ) (-8192 2048 32 ) (-8192 1828.064575 32 ) (-8192 1828.064575 2560 ) 
4 1145 1169 (-8192 2048 32 ) (-8169.902832 2048 32 ) (-7552 1570 32 ) (-8192 1828.064575 32 ) 
4 1145 1146 (-7604.998535 1610.998047 32 ) (-8169.903320 2048 32 ) (-8169.902344 2048 2560 ) (-7604.998535 1610.998291 2560 ) 
3 1146 1170 (-8169.902832 2048 32 ) (-7943.056641 2048 32 ) (-7605 1611 32 ) 
4 1146 1147 (-7646 1664 32 ) (-7943.056641 2048 32 ) (-7943.058594 2048 2560 ) (-7646 1664 2560 ) 
3 1147 1171 (-7943.056641 2048 32 ) (-7800.839355 2048 32 ) (-7646 1664 32 ) 
4 1147 1148 (-7671 1726 32 ) (-7800.838867 2048 32 ) (-7800.837891 2048 2560 ) (-7671 1726 2560 ) 
3 1148 1172 (-7800.839355 2048 32 ) (-7714.908691 2048 32 ) (-7671 1725.998169 32 ) 
4 1148 1149 (-7680 1792 32 ) (-7714.909180 2048 32 ) (-7714.909180 2048 2560 ) (-7680 1792 2560 ) 
3 1149 1173 (-7714.908691 2048 32 ) (-7645.090820 2048 32 ) (-7680 1792.001587 32 ) 
4 1149 1150 (-7671 1857.998047 32 ) (-7645.091309 2048 32 ) (-7645.091309 2048 2560 ) (-7671 1857.998047 2560 ) 
3 1150 1174 (-7645.090820 2048 32 ) (-7594.386719 2048 32 ) (-7671 1858 32 ) 
4 1150 1151 (-7645.996094 1920.004639 32 ) (-7594.385254 2048 32 ) (-7594.385254 2048 2560 ) (-7645.996094 1920.004761 2560 ) 
3 1151 1175 (-7594.386719 2048 32 ) (-7546.980957 2048 32 ) (-7646 1920 32 ) 
4 1151 1152 (-7605 1973 32 ) (-7546.980957 2048 32 ) (-7546.980957 2048 2560 ) (-7605 1973 2560 ) 
3 1152 1176 (-7546.980957 2048 32 ) (-7508.049316 2048 32 ) (-7605 1973 32 ) 
4 1152 1153 (-7551.996094 2014.001343 32 ) (-7508.046875 2048 32 ) (-7508.046875 2048 2560 ) (-7551.996094 2014.001343 2560 ) 
3 1153 1177 (-7508.049316 2048 32 ) (-7467.679199 2048 32 ) (-7552 2014 32 ) 
4 1153 1154 (-7489.995605 2039 32 ) (-7467.677246 2048 32 ) (-7467.677246 2048 2560 ) (-7489.995605 2039 2560 ) 
3 1154 1178 (-7467.679199 2048 32 ) (-7424 2048 32 ) (-7489.998535 2039 32 ) 
3 1155 1179 (-7339.951660 2048 32 ) (-7253.613281 2048 32 ) (-7214.472656 1950.931152 32 ) 
4 1155 1158 (-7321.966797 2034.086426 32 ) (-7296.003418 2014.001709 32 ) (-7296.003418 2014.001709 2560 ) (-7321.966797 2034.086426 2560 ) 
4 1155 1157 (-7339.952637 2048 32 ) (-7321.966797 2034.086426 32 ) (-7321.966797 2034.086426 2560 ) (-7339.952637 2048 2560 ) 
4 1155 1156 (-7242.998535 1972.997803 32 ) (-7214.472168 1950.930176 32 ) (-7214.472168 1950.930176 2560 ) (-7242.998535 1972.997803 2560 ) 
3 1156 1180 (-7243 1973 32 ) (-7214.472656 1950.931152 32 ) (-7202 1920 32 ) 
3 1157 1181 (-7424 2048 32 ) (-7339.951660 2048 32 ) (-7321.965820 2034.086182 32 ) 
4 1157 1158 (-7358 2039 32 ) (-7321.965332 2034.086182 32 ) (-7321.965332 2034.086182 2560 ) (-7358 2039 2560 ) 
3 1158 1182 (-7358 2039 32 ) (-7321.965820 2034.086182 32 ) (-7296.001953 2014 32 ) 
4 1159 1180 (-7214.472656 1950.931152 1 ) (-7202 1920 1 ) (-7202 1920 32 ) (-7214.472656 1950.931396 32 ) 
4 1159 1179 (-7253.613281 2048 1 ) (-7214.472656 1950.931152 1 ) (-7214.472656 1950.931396 32 ) (-7253.613281 2048 32 ) 
4 1159 1160 (-7177 1857.997559 1 ) (-7168 1835.679077 1 ) (-7168 1835.678589 32 ) (-7177 1857.997070 32 ) 
3 1159 1183 (-7253.613281 2048 1 ) (-7168 2048 1 ) (-7168 1835.679077 1 ) 
3 1160 1183 (-7177 1857.997559 1 ) (-7168 1835.679077 1 ) (-7168 1792.001831 1 ) 
4 1161 1210 (-7168 1024 1 ) (-7168 1024 32 ) (-7272.727539 1024 32 ) (-7272.727539 1024 1 ) 
4 1161 1162 (-7177 1726 1 ) (-7272.727051 1024 1 ) (-7272.727539 1024 32 ) (-7177 1726 32 ) 
3 1161 1183 (-7168 1792.001831 1 ) (-7168 1024 1 ) (-7272.727539 1024 1 ) 
4 1162 1210 (-7272.727539 1024 32 ) (-7460.064453 1024 32 ) (-7460.064453 1024 1 ) (-7272.727539 1024 1 ) 
4 1162 1163 (-7201.996582 1664.004639 1 ) (-7460.062988 1024 1 ) (-7460.062500 1024 32 ) (-7201.996582 1664.004639 32 ) 
3 1162 1183 (-7177 1726 1 ) (-7272.727539 1024 1 ) (-7460.064453 1024 1 ) 
4 1163 1225 (-7460.064453 1024 32 ) (-7575.272461 1024 32 ) (-7575.272461 1024 1 ) (-7460.064453 1024 1 ) 
4 1163 1224 (-7575.272461 1024 32 ) (-7697.094727 1024 32 ) (-7697.094727 1024 1 ) (-7575.272461 1024 1 ) 
4 1163 1164 (-7242.992676 1611.006348 1 ) (-7697.091797 1024 1 ) (-7697.092285 1024 32 ) (-7242.992676 1611.006104 32 ) 
3 1163 1183 (-7202 1664 1 ) (-7460.064453 1024 1 ) (-7697.094727 1024 1 ) 
4 1164 1224 (-7697.094727 1024 32 ) (-7784.727539 1024 32 ) (-7784.727539 1024 1 ) (-7697.094727 1024 1 ) 
4 1164 1223 (-7784.727539 1024 32 ) (-8001.805176 1024 32 ) (-8001.805176 1024 1 ) (-7784.727539 1024 1 ) 
4 1164 1165 (-7296 1570 1 ) (-8001.803711 1024 1 ) (-8001.804688 1024 32 ) (-7296 1570 32 ) 
3 1164 1183 (-7243 1611 1 ) (-7697.094727 1024 1 ) (-8001.805176 1024 1 ) 
4 1165 1240 (-8192 1208.709351 1 ) (-8192 1024 1 ) (-8192 1024 32 ) (-8192 1208.709351 32 ) 
4 1165 1223 (-8001.805176 1024 32 ) (-8007.290039 1024 32 ) (-8007.290039 1024 1 ) (-8001.805176 1024 1 ) 
4 1165 1222 (-8007.290039 1024 32 ) (-8192 1024 32 ) (-8192 1024 1 ) (-8007.290039 1024 1 ) 
4 1165 1166 (-7357.977539 1545.007568 1 ) (-8192 1208.708130 1 ) (-8192 1208.708984 32 ) (-7357.977539 1545.007568 32 ) 
4 1165 1183 (-7296.001465 1570 1 ) (-8001.805176 1024 1 ) (-8192 1024 1 ) (-8192 1208.709351 1 ) 
4 1166 1240 (-8192 1431.277100 1 ) (-8192 1208.709351 1 ) (-8192 1208.709351 32 ) (-8192 1431.277100 32 ) 
4 1166 1167 (-7424.017090 1536.002319 1 ) (-8192 1431.277344 1 ) (-8192 1431.277344 32 ) (-7424.017090 1536.002319 32 ) 
3 1166 1183 (-7357.983398 1545.006592 1 ) (-8192 1208.709351 1 ) (-8192 1431.277100 1 ) 
4 1167 1240 (-8192 1640.727295 1 ) (-8192 1431.277100 1 ) (-8192 1431.277100 32 ) (-8192 1640.727295 32 ) 
4 1167 1168 (-7490 1545 1 ) (-8192 1640.727295 1 ) (-8192 1640.727539 32 ) (-7490 1545 32 ) 
3 1167 1183 (-7424.015625 1536.002197 1 ) (-8192 1431.277100 1 ) (-8192 1640.727295 1 ) 
4 1168 1240 (-8192 1828.064575 1 ) (-8192 1640.727295 1 ) (-8192 1640.727295 32 ) (-8192 1828.064575 32 ) 
4 1168 1169 (-7552.001465 1570 1 ) (-8192 1828.064819 1 ) (-8192 1828.064331 32 ) (-7552.001465 1570 32 ) 
3 1168 1183 (-7490 1545 1 ) (-8192 1640.727295 1 ) (-8192 1828.064575 1 ) 
4 1169 1240 (-8192 2048 32 ) (-8192 2048 1 ) (-8192 1828.064575 1 ) (-8192 1828.064575 32 ) 
4 1169 1170 (-7604.998535 1610.998047 1 ) (-8169.903320 2048 1 ) (-8169.898438 2048 32 ) (-7605 1610.998901 32 ) 
4 1169 1183 (-8192 2048 1 ) (-8169.902832 2048 1 ) (-7552 1570 1 ) (-8192 1828.064575 1 ) 
4 1170 1171 (-7646 1664 1 ) (-7943.056641 2048 1 ) (-7943.058594 2048 32 ) (-7646 1664 32 ) 
3 1170 1183 (-8169.902832 2048 1 ) (-7943.056641 2048 1 ) (-7605 1611 1 ) 
4 1171 1172 (-7671 1726 1 ) (-7800.838867 2048 1 ) (-7800.837891 2048 32 ) (-7671 1726 32 ) 
3 1171 1183 (-7943.056641 2048 1 ) (-7800.839355 2048 1 ) (-7646 1664 1 ) 
4 1172 1173 (-7680 1792 1 ) (-7714.909180 2048 1 ) (-7714.909180 2048 32 ) (-7680 1792 32 ) 
3 1172 1183 (-7800.839355 2048 1 ) (-7714.908691 2048 1 ) (-7671 1725.998169 1 ) 
4 1173 1174 (-7671 1857.998047 1 ) (-7645.091309 2048 1 ) (-7645.091309 2048 32 ) (-7671 1857.998047 32 ) 
3 1173 1183 (-7714.908691 2048 1 ) (-7645.090820 2048 1 ) (-7680 1792.001587 1 ) 
4 1174 1175 (-7645.996094 1920.004639 1 ) (-7594.385254 2048 1 ) (-7594.385254 2048 32 ) (-7645.996094 1920.004639 32 ) 
3 1174 1183 (-7645.090820 2048 1 ) (-7594.386719 2048 1 ) (-7671 1858 1 ) 
4 1175 1176 (-7605 1973 1 ) (-7546.980957 2048 1 ) (-7546.980957 2048 32 ) (-7605 1973 32 ) 
3 1175 1183 (-7594.386719 2048 1 ) (-7546.980957 2048 1 ) (-7646 1920 1 ) 
4 1176 1177 (-7551.996094 2014.001343 1 ) (-7508.046875 2048 1 ) (-7508.046875 2048 32 ) (-7551.996094 2014.001343 32 ) 
3 1176 1183 (-7546.980957 2048 1 ) (-7508.049316 2048 1 ) (-7605 1973 1 ) 
4 1177 1178 (-7489.995605 2039 1 ) (-7467.677246 2048 1 ) (-7467.677246 2048 32 ) (-7489.995605 2039 32 ) 
3 1177 1183 (-7508.049316 2048 1 ) (-7467.679199 2048 1 ) (-7552 2014 1 ) 
3 1178 1183 (-7467.679199 2048 1 ) (-7424 2048 1 ) (-7489.998535 2039 1 ) 
4 1179 1182 (-7321.966797 2034.086426 1 ) (-7296.003418 2014.001709 1 ) (-7296.003418 2014.001709 32 ) (-7321.966797 2034.086426 32 ) 
4 1179 1181 (-7339.952637 2048 1 ) (-7321.966797 2034.086426 1 ) (-7321.966797 2034.086426 32 ) (-7339.952637 2048 32 ) 
4 1179 1180 (-7242.998535 1972.997803 1 ) (-7214.472168 1950.930176 1 ) (-7214.472168 1950.930176 32 ) (-7242.998535 1972.997803 32 ) 
3 1179 1183 (-7339.951660 2048 1 ) (-7253.613281 2048 1 ) (-7214.472656 1950.931152 1 ) 
3 1180 1183 (-7243 1973 1 ) (-7214.472656 1950.931152 1 ) (-7202 1920 1 ) 
4 1181 1182 (-7358 2039 1 ) (-7321.965332 2034.086182 1 ) (-7321.965332 2034.086182 32 ) (-7358 2039 32 ) 
3 1181 1183 (-7424 2048 1 ) (-7339.951660 2048 1 ) (-7321.965820 2034.086182 1 ) 
3 1182 1183 (-7358 2039 1 ) (-7321.965820 2034.086182 1 ) (-7296.001953 2014 1 ) 
4 1183 1240 (-8192 2048 1 ) (-8192 2048 0 ) (-8192 1024 0 ) (-8192 1024 1 ) 
4 1183 1234 (-7168 1024 0 ) (-7168 1024 1 ) (-8192 1024 1 ) (-8192 1024 0 ) 
4 1184 1235 (-6144 0 32 ) (-6144 0 2560 ) (-7168 0 2560 ) (-7168 0 32 ) 
4 1184 1188 (-7168 0 32 ) (-7168 0 2560 ) (-7168 256 2560 ) (-7168 256 32 ) 
4 1184 1187 (-7168 256 2560 ) (-7168 299.680084 2560 ) (-7168 299.680115 32 ) (-7168 256 32 ) 
4 1184 1186 (-7168 299.680084 2560 ) (-7168 1024 2560 ) (-7168 1024 32 ) (-7168 299.680115 32 ) 
4 1184 1185 (-6144 0 32 ) (-7168 0 32 ) (-7168 1024 32 ) (-6144 1024 32 ) 
4 1185 1236 (-6144 0 0 ) (-6144 0 32 ) (-7168 0 32 ) (-7168 0 0 ) 
4 1185 1212 (-7168 0 1 ) (-7168 0 32 ) (-7168 256 32 ) (-7168 256 1 ) 
4 1185 1211 (-7168 256 32 ) (-7168 299.680084 32 ) (-7168 299.680115 1 ) (-7168 256 1 ) 
4 1185 1210 (-7168 299.680084 32 ) (-7168 1024 32 ) (-7168 1024 1 ) (-7168 299.680115 1 ) 
4 1185 1234 (-7168 0 0 ) (-7168 0 1 ) (-7168 1024 1 ) (-7168 1024 0 ) 
3 1186 1210 (-7460.064453 1024 32 ) (-7168 1024 32 ) (-7168 299.680115 32 ) 
4 1186 1207 (-7214.467773 414.927673 32 ) (-7201.993164 383.991241 32 ) (-7201.993164 383.991150 2560 ) (-7214.467773 414.927612 2560 ) 
4 1186 1206 (-7262.490234 534.024109 32 ) (-7214.467773 414.927673 32 ) (-7214.467773 414.927612 2560 ) (-7262.490234 534.024109 2560 ) 
4 1186 1205 (-7283.547852 586.246704 32 ) (-7262.490234 534.024109 32 ) (-7262.490234 534.024109 2560 ) (-7283.547852 586.246704 2560 ) 
4 1186 1204 (-7314.105957 662.031128 32 ) (-7283.547852 586.246704 32 ) (-7283.547852 586.246704 2560 ) (-7314.105957 662.031128 2560 ) 
4 1186 1203 (-7354.131348 761.294373 32 ) (-7314.105957 662.031128 32 ) (-7314.105957 662.031128 2560 ) (-7354.131348 761.293945 2560 ) 
4 1186 1202 (-7423.998535 934.565552 32 ) (-7354.131348 761.294373 32 ) (-7354.131348 761.293945 2560 ) (-7423.998535 934.564453 2560 ) 
4 1186 1201 (-7460.060547 1024 32 ) (-7423.998535 934.565552 32 ) (-7423.998535 934.564453 2560 ) (-7460.061523 1024 2560 ) 
4 1186 1187 (-7177.001465 322.011658 32 ) (-7168 299.687500 32 ) (-7168 299.687500 2560 ) (-7177.001465 322.011566 2560 ) 
3 1187 1211 (-7177 322 32 ) (-7168 299.680115 32 ) (-7168 256 32 ) 
4 1188 1237 (-7202.909180 0 32 ) (-7168 0 32 ) (-7168 0 2560 ) (-7202.909180 0 2560 ) 
3 1188 1212 (-7168 256 32 ) (-7168 0 32 ) (-7202.909180 0 32 ) 
4 1188 1189 (-7177 190.002014 32 ) (-7202.908691 0 32 ) (-7202.908203 0 2560 ) (-7177 190.002457 2560 ) 
4 1189 1237 (-7253.613281 0 32 ) (-7202.909180 0 32 ) (-7202.909180 0 2560 ) (-7253.613281 0 2560 ) 
3 1189 1213 (-7177 190 32 ) (-7202.909180 0 32 ) (-7253.613281 0 32 ) 
4 1189 1190 (-7202 128.001999 32 ) (-7253.612793 0 32 ) (-7253.612793 0 2560 ) (-7202 128.002045 2560 ) 
4 1190 1237 (-7301.019531 0 32 ) (-7253.613281 0 32 ) (-7253.613281 0 2560 ) (-7301.019531 0 2560 ) 
3 1190 1214 (-7202 128 32 ) (-7253.613281 0 32 ) (-7301.019531 0 32 ) 
4 1190 1191 (-7243.003906 74.997375 32 ) (-7301.020508 0 32 ) (-7301.023438 0 2560 ) (-7243.006836 74.994873 2560 ) 
4 1191 1237 (-7339.951172 0 32 ) (-7301.019531 0 32 ) (-7301.019531 0 2560 ) (-7339.951172 0 2560 ) 
3 1191 1215 (-7243 75 32 ) (-7301.019531 0 32 ) (-7339.951172 0 32 ) 
4 1191 1192 (-7296.014160 33.988026 32 ) (-7339.949707 0 32 ) (-7339.949707 0 2560 ) (-7296.014160 33.987991 2560 ) 
4 1192 1237 (-7380.303711 0 32 ) (-7339.951172 0 32 ) (-7339.951172 0 2560 ) (-7380.303711 0 2560 ) 
3 1192 1216 (-7296.018066 33.986080 32 ) (-7339.951172 0 32 ) (-7380.303711 0 32 ) 
4 1192 1193 (-7357.978027 9.003036 32 ) (-7380.305664 0 32 ) (-7380.304688 0 2560 ) (-7357.977051 9.003173 2560 ) 
4 1193 1237 (-7424 0 32 ) (-7380.303711 0 32 ) (-7380.303711 0 2560 ) (-7424 0 2560 ) 
3 1193 1217 (-7357.975098 9.003441 32 ) (-7380.303711 0 32 ) (-7424 0 32 ) 
4 1194 1241 (-8192 0 32 ) (-8192 0 2560 ) (-8192 104.727295 2560 ) (-8192 104.727295 32 ) 
4 1194 1237 (-8192 0 2560 ) (-8192 0 32 ) (-7424 0 32 ) (-7424 0 2560 ) 
3 1194 1218 (-7424 0 32 ) (-8192 0 32 ) (-8192 104.727295 32 ) 
4 1194 1195 (-7489.997070 8.998850 32 ) (-8192 104.726532 32 ) (-8192 104.726501 2560 ) (-7489.997070 8.998863 2560 ) 
4 1195 1241 (-8192 104.727295 2560 ) (-8192 292.064636 2560 ) (-8192 292.064636 32 ) (-8192 104.727295 32 ) 
3 1195 1219 (-7490 9 32 ) (-8192 104.727295 32 ) (-8192 292.064636 32 ) 
4 1195 1196 (-7552 34 32 ) (-8192 292.064178 32 ) (-8192 292.064453 2560 ) (-7552 34 2560 ) 
4 1196 1241 (-8192 292.064636 2560 ) (-8192 529.094604 2560 ) (-8192 529.094604 32 ) (-8192 292.064636 32 ) 
3 1196 1220 (-7552 34 32 ) (-8192 292.064636 32 ) (-8192 529.094604 32 ) 
4 1196 1197 (-7604.993164 74.991821 32 ) (-8192 529.091431 32 ) (-8192 529.092163 2560 ) (-7604.993652 74.992004 2560 ) 
4 1197 1241 (-8192 529.094604 2560 ) (-8192 833.805054 2560 ) (-8192 833.805054 32 ) (-8192 529.094604 32 ) 
3 1197 1221 (-7604.998047 74.998344 32 ) (-8192 529.094604 32 ) (-8192 833.805054 32 ) 
4 1197 1198 (-7646.001953 128.005402 32 ) (-8192 833.807617 32 ) (-8192 833.812500 2560 ) (-7646.001953 128.006104 2560 ) 
4 1198 1241 (-8192 833.805054 2560 ) (-8192 1024 2560 ) (-8192 1024 32 ) (-8192 833.805054 32 ) 
4 1198 1222 (-8192 1024 32 ) (-8007.290039 1024 32 ) (-7646 128.001984 32 ) (-8192 833.805054 32 ) 
4 1198 1199 (-7671 190.007935 32 ) (-8007.288086 1024 32 ) (-8007.287109 1024 2560 ) (-7671 190.008179 2560 ) 
3 1199 1223 (-8007.290039 1024 32 ) (-7784.727051 1024 32 ) (-7671 190 32 ) 
4 1199 1200 (-7680 256 32 ) (-7784.727051 1024 32 ) (-7784.727051 1024 2560 ) (-7680 256 2560 ) 
3 1200 1224 (-7784.727051 1024 32 ) (-7575.272461 1024 32 ) (-7680 256 32 ) 
4 1200 1201 (-7671 322.003967 32 ) (-7575.272461 1024 32 ) (-7575.272461 1024 2560 ) (-7671 322.004089 2560 ) 
4 1201 1225 (-7575.272461 1024 32 ) (-7460.064453 1024 32 ) (-7424 934.560608 32 ) (-7671 322.001831 32 ) 
4 1201 1202 (-7646 384.001678 32 ) (-7424 934.559937 32 ) (-7424 934.559937 2560 ) (-7646 384.001770 2560 ) 
3 1202 1226 (-7424 934.560608 32 ) (-7354.133301 761.291138 32 ) (-7646 384 32 ) 
4 1202 1203 (-7605.008301 436.993286 32 ) (-7354.134277 761.293945 32 ) (-7354.134277 761.293945 2560 ) (-7605.008301 436.993286 2560 ) 
3 1203 1227 (-7354.133301 761.291138 32 ) (-7314.108398 662.029297 32 ) (-7605.001465 436.998688 32 ) 
4 1203 1204 (-7552.001465 478 32 ) (-7314.108398 662.029663 32 ) (-7314.108398 662.029602 2560 ) (-7552.001465 478 2560 ) 
3 1204 1228 (-7314.108398 662.029297 32 ) (-7283.550293 586.245544 32 ) (-7552 478 32 ) 
4 1204 1205 (-7490 503 32 ) (-7283.550293 586.245789 32 ) (-7283.550293 586.245789 2560 ) (-7490 503 2560 ) 
3 1205 1229 (-7283.550293 586.245544 32 ) (-7262.493164 534.023621 32 ) (-7489.998535 503 32 ) 
4 1205 1208 (-7424 512 32 ) (-7352.546875 521.743774 32 ) (-7352.546875 521.743774 2560 ) (-7424 512 2560 ) 
4 1205 1206 (-7352.546875 521.743774 32 ) (-7262.493164 534.023804 32 ) (-7262.493164 534.023804 2560 ) (-7352.546875 521.743774 2560 ) 
3 1206 1230 (-7262.493164 534.023621 32 ) (-7214.472168 414.931030 32 ) (-7352.546875 521.743591 32 ) 
4 1206 1209 (-7321.961426 498.085663 32 ) (-7295.993164 477.997070 32 ) (-7295.993164 477.997070 2560 ) (-7321.961426 498.085663 2560 ) 
4 1206 1208 (-7352.546875 521.746094 2560 ) (-7352.546875 521.746094 32 ) (-7321.961426 498.085663 32 ) (-7321.961426 498.085663 2560 ) 
4 1206 1207 (-7243.005859 437.007233 32 ) (-7214.473633 414.935059 32 ) (-7214.473633 414.935059 2560 ) (-7243.005859 437.007233 2560 ) 
3 1207 1231 (-7214.472168 414.931030 32 ) (-7202 384 32 ) (-7243 437 32 ) 
3 1208 1232 (-7424 512 32 ) (-7352.546875 521.743591 32 ) (-7321.965332 498.086243 32 ) 
4 1208 1209 (-7358 503 32 ) (-7321.964844 498.086182 32 ) (-7321.964844 498.086182 2560 ) (-7358 503 2560 ) 
3 1209 1233 (-7358 503 32 ) (-7321.965332 498.086243 32 ) (-7296 478 32 ) 
4 1210 1231 (-7214.467773 414.927643 1 ) (-7201.993164 383.991180 1 ) (-7202 384.001190 32 ) (-7214.472656 414.931396 32 ) 
4 1210 1230 (-7262.490234 534.024109 1 ) (-7214.467773 414.927643 1 ) (-7214.472656 414.931396 32 ) (-7262.493652 534.023560 32 ) 
4 1210 1229 (-7283.547852 586.246704 1 ) (-7262.490234 534.024109 1 ) (-7262.493652 534.023560 32 ) (-7283.550781 586.245605 32 ) 
4 1210 1228 (-7314.105957 662.031128 1 ) (-7283.547852 586.246704 1 ) (-7283.550781 586.245605 32 ) (-7314.108398 662.029358 32 ) 
4 1210 1227 (-7354.131348 761.293945 1 ) (-7314.105957 662.031128 1 ) (-7314.108398 662.029358 32 ) (-7354.133301 761.290894 32 ) 
4 1210 1226 (-7423.998535 934.564453 1 ) (-7354.131348 761.293945 1 ) (-7354.133301 761.290894 32 ) (-7424 934.560547 32 ) 
4 1210 1225 (-7460.061523 1024 1 ) (-7423.998535 934.564453 1 ) (-7424 934.560547 32 ) (-7460.064453 1024 32 ) 
4 1210 1211 (-7177.001465 322.011597 1 ) (-7168 299.687561 1 ) (-7168 299.678619 32 ) (-7177 322 32 ) 
3 1210 1234 (-7460.064453 1024 1 ) (-7168 1024 1 ) (-7168 299.680115 1 ) 
3 1211 1234 (-7177 322 1 ) (-7168 299.680115 1 ) (-7168 256 1 ) 
4 1212 1238 (-7202.909180 0 1 ) (-7168 0 1 ) (-7168 0 32 ) (-7202.909180 0 32 ) 
4 1212 1213 (-7177 190.002014 1 ) (-7202.908691 0 1 ) (-7202.908691 0 32 ) (-7177 190.001999 32 ) 
3 1212 1234 (-7168 256 1 ) (-7168 0 1 ) (-7202.909180 0 1 ) 
4 1213 1238 (-7253.613281 0 1 ) (-7202.909180 0 1 ) (-7202.909180 0 32 ) (-7253.613281 0 32 ) 
4 1213 1214 (-7202 128.001999 1 ) (-7253.612793 0 1 ) (-7253.611328 0 32 ) (-7201.998047 128.003082 32 ) 
3 1213 1234 (-7177 190 1 ) (-7202.909180 0 1 ) (-7253.613281 0 1 ) 
4 1214 1238 (-7301.019531 0 1 ) (-7253.613281 0 1 ) (-7253.613281 0 32 ) (-7301.019531 0 32 ) 
4 1214 1215 (-7243.003906 74.997375 1 ) (-7301.020508 0 1 ) (-7301.020996 0 32 ) (-7243.004395 74.996742 32 ) 
3 1214 1234 (-7202 128 1 ) (-7253.613281 0 1 ) (-7301.019531 0 1 ) 
4 1215 1238 (-7339.951172 0 1 ) (-7301.019531 0 1 ) (-7301.019531 0 32 ) (-7339.951172 0 32 ) 
4 1215 1216 (-7296.014160 33.988026 1 ) (-7339.949707 0 1 ) (-7339.953125 0 32 ) (-7296.018066 33.986225 32 ) 
3 1215 1234 (-7243 75 1 ) (-7301.019531 0 1 ) (-7339.951172 0 1 ) 
4 1216 1238 (-7380.303711 0 1 ) (-7339.951172 0 1 ) (-7339.951172 0 32 ) (-7380.303711 0 32 ) 
4 1216 1217 (-7357.978027 9.003036 1 ) (-7380.305664 0 1 ) (-7380.305664 0 32 ) (-7357.978027 9.003036 32 ) 
3 1216 1234 (-7296.018066 33.986080 1 ) (-7339.951172 0 1 ) (-7380.303711 0 1 ) 
4 1217 1238 (-7424 0 1 ) (-7380.303711 0 1 ) (-7380.303711 0 32 ) (-7424 0 32 ) 
3 1217 1234 (-7357.975098 9.003441 1 ) (-7380.303711 0 1 ) (-7424 0 1 ) 
4 1218 1242 (-8192 0 1 ) (-8192 0 32 ) (-8192 104.727295 32 ) (-8192 104.727295 1 ) 
4 1218 1238 (-8192 0 32 ) (-8192 0 1 ) (-7424 0 1 ) (-7424 0 32 ) 
4 1218 1219 (-7489.997070 8.998850 1 ) (-8192 104.726532 1 ) (-8192 104.726074 32 ) (-7489.997070 8.998787 32 ) 
3 1218 1234 (-7424 0 1 ) (-8192 0 1 ) (-8192 104.727295 1 ) 
4 1219 1242 (-8192 104.727295 32 ) (-8192 292.064636 32 ) (-8192 292.064636 1 ) (-8192 104.727295 1 ) 
4 1219 1220 (-7552 34 1 ) (-8192 292.064117 1 ) (-8192 292.064331 32 ) (-7552 34 32 ) 
3 1219 1234 (-7490 9 1 ) (-8192 104.727295 1 ) (-8192 292.064636 1 ) 
4 1220 1242 (-8192 292.064636 32 ) (-8192 529.094604 32 ) (-8192 529.094604 1 ) (-8192 292.064636 1 ) 
4 1220 1221 (-7604.993164 74.991821 1 ) (-8192 529.091370 1 ) (-8192 529.089844 32 ) (-7604.993164 74.991516 32 ) 
3 1220 1234 (-7552 34 1 ) (-8192 292.064636 1 ) (-8192 529.094604 1 ) 
4 1221 1242 (-8192 529.094604 32 ) (-8192 833.805054 32 ) (-8192 833.805054 1 ) (-8192 529.094604 1 ) 
4 1221 1222 (-7646.001953 128.005402 1 ) (-8192 833.807678 1 ) (-8192 833.812744 32 ) (-7646.001953 128.006042 32 ) 
3 1221 1234 (-7604.998047 74.998344 1 ) (-8192 529.094604 1 ) (-8192 833.805054 1 ) 
4 1222 1242 (-8192 833.805054 32 ) (-8192 1024 32 ) (-8192 1024 1 ) (-8192 833.805054 1 ) 
4 1222 1223 (-7671 190.007935 1 ) (-8007.288086 1024 1 ) (-8007.287109 1024 32 ) (-7671 190.008179 32 ) 
4 1222 1234 (-8192 1024 1 ) (-8007.290039 1024 1 ) (-7646 128.001984 1 ) (-8192 833.805054 1 ) 
4 1223 1224 (-7680 256 1 ) (-7784.727051 1024 1 ) (-7784.727051 1024 32 ) (-7680 256 32 ) 
3 1223 1234 (-8007.290039 1024 1 ) (-7784.727051 1024 1 ) (-7671 190 1 ) 
4 1224 1225 (-7671 322.003967 1 ) (-7575.272461 1024 1 ) (-7575.272461 1024 32 ) (-7671 322.003967 32 ) 
3 1224 1234 (-7784.727051 1024 1 ) (-7575.272461 1024 1 ) (-7680 256 1 ) 
4 1225 1226 (-7646 384.001648 1 ) (-7424 934.559937 1 ) (-7424 934.559937 32 ) (-7646 384.001648 32 ) 
4 1225 1234 (-7575.272461 1024 1 ) (-7460.064453 1024 1 ) (-7424 934.560608 1 ) (-7671 322.001831 1 ) 
4 1226 1227 (-7605.008301 436.993286 1 ) (-7354.134277 761.293945 1 ) (-7354.134277 761.293945 32 ) (-7605.008301 436.993286 32 ) 
3 1226 1234 (-7424 934.560608 1 ) (-7354.133301 761.291138 1 ) (-7646 384 1 ) 
4 1227 1228 (-7552.001465 478 1 ) (-7314.108398 662.029663 1 ) (-7314.108398 662.029663 32 ) (-7552.001465 478 32 ) 
3 1227 1234 (-7354.133301 761.291138 1 ) (-7314.108398 662.029297 1 ) (-7605.001465 436.998688 1 ) 
4 1228 1229 (-7490 503 1 ) (-7283.550293 586.245789 1 ) (-7283.550293 586.245789 32 ) (-7490 503 32 ) 
3 1228 1234 (-7314.108398 662.029297 1 ) (-7283.550293 586.245544 1 ) (-7552 478 1 ) 
4 1229 1232 (-7424 512 1 ) (-7352.546875 521.743774 1 ) (-7352.546875 521.743774 32 ) (-7424 512 32 ) 
4 1229 1230 (-7352.546875 521.743774 1 ) (-7262.493164 534.023804 1 ) (-7262.493164 534.023804 32 ) (-7352.546875 521.743774 32 ) 
3 1229 1234 (-7283.550293 586.245544 1 ) (-7262.493164 534.023621 1 ) (-7489.998535 503 1 ) 
4 1230 1233 (-7321.961426 498.085663 1 ) (-7295.993164 477.997070 1 ) (-7295.993164 477.997070 32 ) (-7321.961426 498.085663 32 ) 
4 1230 1232 (-7352.546875 521.746094 32 ) (-7352.546875 521.746094 1 ) (-7321.961426 498.085663 1 ) (-7321.961426 498.085663 32 ) 
4 1230 1231 (-7243.005859 437.007233 1 ) (-7214.473633 414.935059 1 ) (-7214.473633 414.935059 32 ) (-7243.005859 437.007233 32 ) 
3 1230 1234 (-7262.493164 534.023621 1 ) (-7214.472168 414.931030 1 ) (-7352.546875 521.743591 1 ) 
3 1231 1234 (-7214.472168 414.931030 1 ) (-7202 384 1 ) (-7243 437 1 ) 
4 1232 1233 (-7358 503 1 ) (-7321.964844 498.086182 1 ) (-7321.964844 498.086182 32 ) (-7358 503 32 ) 
3 1232 1234 (-7424 512 1 ) (-7352.546875 521.743591 1 ) (-7321.965332 498.086243 1 ) 
3 1233 1234 (-7358 503 1 ) (-7321.965332 498.086243 1 ) (-7296 478 1 ) 
4 1234 1242 (-8192 0 0 ) (-8192 0 1 ) (-8192 1024 1 ) (-8192 1024 0 ) 
4 1234 1238 (-8192 0 1 ) (-8192 0 0 ) (-7168 0 0 ) (-7168 0 1 ) 
4 1235 1245 (-6144 -1024 32 ) (-6144 -1024 2560 ) (-7168 -1024 2560 ) (-7168 -1024 32 ) 
4 1235 1237 (-7168 0 2560 ) (-7168 0 32 ) (-7168 -1024 32 ) (-7168 -1024 2560 ) 
4 1235 1236 (-7168 0 32 ) (-6144 0 32 ) (-6144 -1024 32 ) (-7168 -1024 32 ) 
4 1236 1246 (-6144 -1024 0 ) (-6144 -1024 32 ) (-7168 -1024 32 ) (-7168 -1024 0 ) 
4 1236 1238 (-7168 0 32 ) (-7168 0 0 ) (-7168 -1024 0 ) (-7168 -1024 32 ) 
4 1237 1269 (-7339.951660 -1024 2560 ) (-7424 -1024 2560 ) (-7424 -1024 32 ) (-7339.951660 -1024 32 ) 
4 1237 1267 (-7253.613281 -1024 2560 ) (-7339.951660 -1024 2560 ) (-7339.951660 -1024 32 ) (-7253.613281 -1024 32 ) 
4 1237 1266 (-7424 -1024 2560 ) (-7467.679688 -1024 2560 ) (-7467.679688 -1024 32 ) (-7424 -1024 32 ) 
4 1237 1265 (-7467.679688 -1024 2560 ) (-7508.049316 -1024 2560 ) (-7508.049316 -1024 32 ) (-7467.679688 -1024 32 ) 
4 1237 1264 (-7508.049316 -1024 2560 ) (-7546.980957 -1024 2560 ) (-7546.980957 -1024 32 ) (-7508.049316 -1024 32 ) 
4 1237 1263 (-7546.980957 -1024 2560 ) (-7594.386719 -1024 2560 ) (-7594.386719 -1024 32 ) (-7546.980957 -1024 32 ) 
4 1237 1262 (-7594.386719 -1024 2560 ) (-7645.090820 -1024 2560 ) (-7645.090820 -1024 32 ) (-7594.386719 -1024 32 ) 
4 1237 1261 (-7645.090820 -1024 2560 ) (-7714.908691 -1024 2560 ) (-7714.908691 -1024 32 ) (-7645.090820 -1024 32 ) 
4 1237 1260 (-7714.908691 -1024 2560 ) (-7800.838867 -1024 2560 ) (-7800.839355 -1024 32 ) (-7714.908691 -1024 32 ) 
4 1237 1259 (-7800.838867 -1024 2560 ) (-7943.056641 -1024 2560 ) (-7943.056641 -1024 32 ) (-7800.839355 -1024 32 ) 
4 1237 1258 (-7943.056641 -1024 2560 ) (-8169.902832 -1024 2560 ) (-8169.902832 -1024 32 ) (-7943.056641 -1024 32 ) 
4 1237 1257 (-8169.902832 -1024 2560 ) (-8192 -1024 2560 ) (-8192 -1024 32 ) (-8169.902832 -1024 32 ) 
4 1237 1247 (-7168 -1024 32 ) (-7168 -1024 2560 ) (-7253.613281 -1024 2560 ) (-7253.613281 -1024 32 ) 
4 1237 1243 (-8192 -1024 32 ) (-8192 -1024 2560 ) (-8192 0 2560 ) (-8192 0 32 ) 
4 1237 1238 (-8192 -1024 32 ) (-8192 0 32 ) (-7168 0 32 ) (-7168 -1024 32 ) 
4 1238 1293 (-7339.951660 -1024 32 ) (-7424 -1024 32 ) (-7424 -1024 1 ) (-7339.951660 -1024 1 ) 
4 1238 1291 (-7253.613281 -1024 32 ) (-7339.951660 -1024 32 ) (-7339.951660 -1024 1 ) (-7253.613281 -1024 1 ) 
4 1238 1290 (-7424 -1024 32 ) (-7467.679688 -1024 32 ) (-7467.679688 -1024 1 ) (-7424 -1024 1 ) 
4 1238 1289 (-7467.679688 -1024 32 ) (-7508.049316 -1024 32 ) (-7508.049316 -1024 1 ) (-7467.679688 -1024 1 ) 
4 1238 1288 (-7508.049316 -1024 32 ) (-7546.980957 -1024 32 ) (-7546.980957 -1024 1 ) (-7508.049316 -1024 1 ) 
4 1238 1287 (-7546.980957 -1024 32 ) (-7594.386719 -1024 32 ) (-7594.386719 -1024 1 ) (-7546.980957 -1024 1 ) 
4 1238 1286 (-7594.386719 -1024 32 ) (-7645.090820 -1024 32 ) (-7645.090820 -1024 1 ) (-7594.386719 -1024 1 ) 
4 1238 1285 (-7645.090820 -1024 32 ) (-7714.908691 -1024 32 ) (-7714.908691 -1024 1 ) (-7645.090820 -1024 1 ) 
4 1238 1284 (-7714.908691 -1024 32 ) (-7800.838867 -1024 32 ) (-7800.839355 -1024 1 ) (-7714.908691 -1024 1 ) 
4 1238 1283 (-7800.838867 -1024 32 ) (-7943.056641 -1024 32 ) (-7943.056641 -1024 1 ) (-7800.839355 -1024 1 ) 
4 1238 1282 (-7943.056641 -1024 32 ) (-8169.902832 -1024 32 ) (-8169.902832 -1024 1 ) (-7943.056641 -1024 1 ) 
4 1238 1281 (-8169.902832 -1024 32 ) (-8192 -1024 32 ) (-8192 -1024 1 ) (-8169.902832 -1024 1 ) 
4 1238 1271 (-7168 -1024 1 ) (-7168 -1024 32 ) (-7253.613281 -1024 32 ) (-7253.613281 -1024 1 ) 
4 1238 1295 (-7168 -1024 0 ) (-7168 -1024 1 ) (-8192 -1024 1 ) (-8192 -1024 0 ) 
4 1238 1244 (-8192 -1024 0 ) (-8192 -1024 32 ) (-8192 0 32 ) (-8192 0 0 ) 
4 1239 1241 (-8192 1024 32 ) (-8192 1024 2560 ) (-8704 1024 2560 ) (-8704 1024 32 ) 
4 1239 1240 (-8192 1024 32 ) (-8704 1024 32 ) (-8704 2048 32 ) (-8192 2048 32 ) 
4 1240 1242 (-8192 1024 0 ) (-8192 1024 32 ) (-8704 1024 32 ) (-8704 1024 0 ) 
4 1241 1243 (-8192 0 32 ) (-8192 0 2560 ) (-8704 0 2560 ) (-8704 0 32 ) 
4 1241 1242 (-8192 0 32 ) (-8704 0 32 ) (-8704 1024 32 ) (-8192 1024 32 ) 
4 1242 1244 (-8192 0 0 ) (-8192 0 32 ) (-8704 0 32 ) (-8704 0 0 ) 
4 1243 1300 (-8192 -1024 32 ) (-8192 -1024 2560 ) (-8704 -1024 2560 ) (-8704 -1024 32 ) 
4 1243 1244 (-8192 -1024 32 ) (-8704 -1024 32 ) (-8704 0 32 ) (-8192 0 32 ) 
4 1244 1301 (-8192 -1024 0 ) (-8192 -1024 32 ) (-8704 -1024 32 ) (-8704 -1024 0 ) 
4 1245 1296 (-6144 -2048 32 ) (-6144 -2048 2560 ) (-7168 -2048 2560 ) (-7168 -2048 32 ) 
4 1245 1249 (-7168 -1279.998169 32 ) (-7168 -2048 32 ) (-7168 -2048 2560 ) (-7168 -1279.998169 2560 ) 
4 1245 1248 (-7168 -1236.320923 32 ) (-7168 -1279.998169 32 ) (-7168 -1279.998169 2560 ) (-7168 -1236.320923 2560 ) 
4 1245 1247 (-7168 -1024 2560 ) (-7168 -1024 32 ) (-7168 -1236.320923 32 ) (-7168 -1236.320923 2560 ) 
4 1245 1246 (-6144 -2048 32 ) (-7168 -2048 32 ) (-7168 -1024 32 ) (-6144 -1024 32 ) 
4 1246 1297 (-6144 -2048 0 ) (-6144 -2048 32 ) (-7168 -2048 32 ) (-7168 -2048 0 ) 
4 1246 1273 (-7168 -1279.998169 1 ) (-7168 -2048 1 ) (-7168 -2048 32 ) (-7168 -1279.998169 32 ) 
4 1246 1272 (-7168 -1236.320923 1 ) (-7168 -1279.998169 1 ) (-7168 -1279.998169 32 ) (-7168 -1236.320923 32 ) 
4 1246 1271 (-7168 -1024 32 ) (-7168 -1024 1 ) (-7168 -1236.320923 1 ) (-7168 -1236.320923 32 ) 
4 1246 1295 (-7168 -1024 1 ) (-7168 -1024 0 ) (-7168 -2048 0 ) (-7168 -2048 1 ) 
3 1247 1271 (-7253.613281 -1024 32 ) (-7168 -1024 32 ) (-7168 -1236.320923 32 ) 
4 1247 1268 (-7214.472656 -1121.068604 32 ) (-7202 -1152 32 ) (-7202 -1152 2560 ) (-7214.472168 -1121.068970 2560 ) 
4 1247 1267 (-7253.613281 -1024 32 ) (-7214.472656 -1121.068604 32 ) (-7214.472168 -1121.068970 2560 ) (-7253.612793 -1024 2560 ) 
4 1247 1248 (-7177 -1214 32 ) (-7168 -1236.320313 32 ) (-7168 -1236.320313 2560 ) (-7177 -1214 2560 ) 
3 1248 1272 (-7177 -1214.002441 32 ) (-7168 -1236.320923 32 ) (-7168 -1279.998169 32 ) 
4 1249 1298 (-7168 -2048 32 ) (-7168 -2048 2560 ) (-7272.727539 -2048 2560 ) (-7272.727539 -2048 32 ) 
3 1249 1273 (-7168 -1279.998169 32 ) (-7168 -2048 32 ) (-7272.727539 -2048 32 ) 
4 1249 1250 (-7177 -1346 32 ) (-7272.728027 -2048 32 ) (-7272.727539 -2048 2560 ) (-7177 -1346.001953 2560 ) 
4 1250 1298 (-7272.727539 -2048 2560 ) (-7460.064453 -2048 2560 ) (-7460.064453 -2048 32 ) (-7272.727539 -2048 32 ) 
3 1250 1274 (-7177 -1346 32 ) (-7272.727539 -2048 32 ) (-7460.064453 -2048 32 ) 
4 1250 1251 (-7202 -1408 32 ) (-7460.064941 -2048 32 ) (-7460.064941 -2048 2560 ) (-7202 -1408 2560 ) 
4 1251 1298 (-7460.064453 -2048 2560 ) (-7697.094727 -2048 2560 ) (-7697.094727 -2048 32 ) (-7460.064453 -2048 32 ) 
3 1251 1275 (-7202 -1408 32 ) (-7460.064453 -2048 32 ) (-7697.094727 -2048 32 ) 
4 1251 1252 (-7242.996094 -1460.996704 32 ) (-7697.092773 -2048 32 ) (-7697.093750 -2048 2560 ) (-7242.996094 -1460.996704 2560 ) 
4 1252 1298 (-7697.094727 -2048 2560 ) (-8001.805664 -2048 2560 ) (-8001.805664 -2048 32 ) (-7697.094727 -2048 32 ) 
3 1252 1276 (-7243 -1461 32 ) (-7697.094727 -2048 32 ) (-8001.805664 -2048 32 ) 
4 1252 1253 (-7296.010742 -1502.004150 32 ) (-8001.810059 -2048 32 ) (-8001.809082 -2048 2560 ) (-7296.010254 -1502.004150 2560 ) 
4 1253 1300 (-8192 -1863.290283 32 ) (-8192 -2048 32 ) (-8192 -2048 2560 ) (-8192 -1863.290405 2560 ) 
4 1253 1298 (-8001.805664 -2048 2560 ) (-8192 -2048 2560 ) (-8192 -2048 32 ) (-8001.805664 -2048 32 ) 
4 1253 1277 (-7296.001465 -1502 32 ) (-8001.805664 -2048 32 ) (-8192 -2048 32 ) (-8192 -1863.290405 32 ) 
4 1253 1254 (-7357.998535 -1527 32 ) (-8192 -1863.290649 32 ) (-8192 -1863.289917 2560 ) (-7357.998535 -1527 2560 ) 
4 1254 1300 (-8192 -1640.727295 32 ) (-8192 -1863.290283 32 ) (-8192 -1863.290405 2560 ) (-8192 -1640.727295 2560 ) 
3 1254 1278 (-7358 -1527 32 ) (-8192 -1863.290405 32 ) (-8192 -1640.727295 32 ) 
4 1254 1255 (-7424.015137 -1536.002319 32 ) (-8192 -1640.727539 32 ) (-8192 -1640.727539 2560 ) (-7424.015137 -1536.002319 2560 ) 
4 1255 1300 (-8192 -1431.277100 32 ) (-8192 -1640.727295 32 ) (-8192 -1640.727295 2560 ) (-8192 -1431.277100 2560 ) 
3 1255 1279 (-7424.016113 -1536.002197 32 ) (-8192 -1640.727295 32 ) (-8192 -1431.277100 32 ) 
4 1255 1256 (-7489.981934 -1527.007080 32 ) (-8192 -1431.277344 32 ) (-8192 -1431.277344 2560 ) (-7489.981934 -1527.007080 2560 ) 
4 1256 1300 (-8192 -1243.935303 32 ) (-8192 -1431.277100 32 ) (-8192 -1431.277100 2560 ) (-8192 -1243.935303 2560 ) 
3 1256 1280 (-7489.982910 -1527.006714 32 ) (-8192 -1431.277100 32 ) (-8192 -1243.935303 32 ) 
4 1256 1257 (-7551.997559 -1502.002563 32 ) (-8192 -1243.937012 32 ) (-8192 -1243.935547 2560 ) (-7551.998047 -1502.002197 2560 ) 
4 1257 1300 (-8192 -1024 2560 ) (-8192 -1024 32 ) (-8192 -1243.935303 32 ) (-8192 -1243.935303 2560 ) 
4 1257 1281 (-8192 -1024 32 ) (-8169.902832 -1024 32 ) (-7552.002441 -1501.998779 32 ) (-8192 -1243.935303 32 ) 
4 1257 1258 (-7605 -1461 32 ) (-8169.902344 -1024 32 ) (-8169.902344 -1024 2560 ) (-7605 -1461 2560 ) 
3 1258 1282 (-8169.902832 -1024 32 ) (-7943.056641 -1024 32 ) (-7605 -1461 32 ) 
4 1258 1259 (-7645.997559 -1408.006226 32 ) (-7943.058594 -1024 32 ) (-7943.058594 -1024 2560 ) (-7645.997559 -1408.006348 2560 ) 
3 1259 1283 (-7943.056641 -1024 32 ) (-7800.839355 -1024 32 ) (-7646 -1408 32 ) 
4 1259 1260 (-7670.998535 -1346.008057 32 ) (-7800.840332 -1024 32 ) (-7800.837891 -1024 2560 ) (-7670.998535 -1346.006348 2560 ) 
3 1260 1284 (-7800.839355 -1024 32 ) (-7714.908691 -1024 32 ) (-7671 -1346.002686 32 ) 
4 1260 1261 (-7680 -1279.996704 32 ) (-7714.908203 -1024 32 ) (-7714.908203 -1024 2560 ) (-7680 -1279.996704 2560 ) 
3 1261 1285 (-7714.908691 -1024 32 ) (-7645.090820 -1024 32 ) (-7680 -1280 32 ) 
4 1261 1262 (-7671 -1214 32 ) (-7645.091309 -1024 32 ) (-7645.091309 -1024 2560 ) (-7671 -1214 2560 ) 
3 1262 1286 (-7645.090820 -1024 32 ) (-7594.386719 -1024 32 ) (-7671 -1214 32 ) 
4 1262 1263 (-7646 -1152 32 ) (-7594.387207 -1024 32 ) (-7594.387207 -1024 2560 ) (-7646 -1152 2560 ) 
3 1263 1287 (-7594.386719 -1024 32 ) (-7546.980957 -1024 32 ) (-7646 -1152 32 ) 
4 1263 1264 (-7605.007813 -1099.006104 32 ) (-7546.983887 -1024 32 ) (-7546.983887 -1024 2560 ) (-7605.007813 -1099.006104 2560 ) 
3 1264 1288 (-7546.980957 -1024 32 ) (-7508.049316 -1024 32 ) (-7605 -1099 32 ) 
4 1264 1265 (-7552 -1058 32 ) (-7508.048340 -1024 32 ) (-7508.048340 -1024 2560 ) (-7552 -1058 2560 ) 
3 1265 1289 (-7508.049316 -1024 32 ) (-7467.679688 -1024 32 ) (-7552.001465 -1058 32 ) 
4 1265 1266 (-7489.998047 -1033 32 ) (-7467.678711 -1024 32 ) (-7467.679199 -1024 2560 ) (-7490 -1033 2560 ) 
3 1266 1290 (-7467.679688 -1024 32 ) (-7424 -1024 32 ) (-7490 -1033 32 ) 
3 1267 1291 (-7339.951660 -1024 32 ) (-7253.613281 -1024 32 ) (-7214.472656 -1121.068848 32 ) 
4 1267 1270 (-7321.969238 -1037.913208 32 ) (-7296.006836 -1057.997314 32 ) (-7296.006836 -1057.997314 2560 ) (-7321.969238 -1037.913208 2560 ) 
4 1267 1269 (-7339.954590 -1024 32 ) (-7321.969238 -1037.913208 32 ) (-7321.969238 -1037.913208 2560 ) (-7339.954590 -1024 2560 ) 
4 1267 1268 (-7242.997070 -1099.004639 32 ) (-7214.471191 -1121.072021 32 ) (-7214.471191 -1121.072021 2560 ) (-7242.997070 -1099.004639 2560 ) 
3 1268 1292 (-7243 -1099 32 ) (-7214.472656 -1121.068848 32 ) (-7202 -1152 32 ) 
3 1269 1293 (-7424 -1024 32 ) (-7339.951660 -1024 32 ) (-7321.965332 -1037.913818 32 ) 
4 1269 1270 (-7357.998047 -1033 32 ) (-7321.963867 -1037.914429 32 ) (-7321.963867 -1037.914429 2560 ) (-7357.998047 -1033 2560 ) 
3 1270 1294 (-7358 -1033 32 ) (-7321.965332 -1037.913818 32 ) (-7296 -1058 32 ) 
4 1271 1292 (-7214.472656 -1121.068848 1 ) (-7202 -1152 1 ) (-7202.004395 -1151.994995 32 ) (-7214.475586 -1121.066528 32 ) 
4 1271 1291 (-7253.613281 -1024 1 ) (-7214.472656 -1121.068848 1 ) (-7214.475586 -1121.066528 32 ) (-7253.615234 -1024 32 ) 
4 1271 1272 (-7177 -1214.002441 1 ) (-7168 -1236.320923 1 ) (-7168 -1236.325195 32 ) (-7176.998535 -1214.008667 32 ) 
3 1271 1295 (-7253.613281 -1024 1 ) (-7168 -1024 1 ) (-7168 -1236.320923 1 ) 
3 1272 1295 (-7177 -1214.002441 1 ) (-7168 -1236.320923 1 ) (-7168 -1279.998169 1 ) 
4 1273 1299 (-7168 -2048 1 ) (-7168 -2048 32 ) (-7272.727539 -2048 32 ) (-7272.727539 -2048 1 ) 
4 1273 1274 (-7177 -1346 1 ) (-7272.728027 -2048 1 ) (-7272.728027 -2048 32 ) (-7177 -1346 32 ) 
3 1273 1295 (-7168 -1279.998169 1 ) (-7168 -2048 1 ) (-7272.727539 -2048 1 ) 
4 1274 1299 (-7272.727539 -2048 32 ) (-7460.064453 -2048 32 ) (-7460.064453 -2048 1 ) (-7272.727539 -2048 1 ) 
4 1274 1275 (-7202 -1408 1 ) (-7460.064941 -2048 1 ) (-7460.064453 -2048 32 ) (-7202 -1408 32 ) 
3 1274 1295 (-7177 -1346 1 ) (-7272.727539 -2048 1 ) (-7460.064453 -2048 1 ) 
4 1275 1299 (-7460.064453 -2048 32 ) (-7697.094727 -2048 32 ) (-7697.094727 -2048 1 ) (-7460.064453 -2048 1 ) 
4 1275 1276 (-7242.996094 -1460.996704 1 ) (-7697.092773 -2048 1 ) (-7697.092773 -2048 32 ) (-7242.996094 -1460.996582 32 ) 
3 1275 1295 (-7202 -1408 1 ) (-7460.064453 -2048 1 ) (-7697.094727 -2048 1 ) 
4 1276 1299 (-7697.094727 -2048 32 ) (-8001.805664 -2048 32 ) (-8001.805664 -2048 1 ) (-7697.094727 -2048 1 ) 
4 1276 1277 (-7296.010254 -1502.004150 1 ) (-8001.809570 -2048 1 ) (-8001.812500 -2048 32 ) (-7296.010742 -1502.004395 32 ) 
3 1276 1295 (-7243 -1461 1 ) (-7697.094727 -2048 1 ) (-8001.805664 -2048 1 ) 
4 1277 1301 (-8192 -1863.290283 1 ) (-8192 -2048 1 ) (-8192 -2048 32 ) (-8192 -1863.290405 32 ) 
4 1277 1299 (-8001.805664 -2048 32 ) (-8192 -2048 32 ) (-8192 -2048 1 ) (-8001.805664 -2048 1 ) 
4 1277 1278 (-7357.998535 -1527 1 ) (-8192 -1863.290771 1 ) (-8192 -1863.291016 32 ) (-7357.998535 -1527 32 ) 
4 1277 1295 (-7296.001465 -1502 1 ) (-8001.805664 -2048 1 ) (-8192 -2048 1 ) (-8192 -1863.290405 1 ) 
4 1278 1301 (-8192 -1640.727295 1 ) (-8192 -1863.290283 1 ) (-8192 -1863.290405 32 ) (-8192 -1640.727295 32 ) 
4 1278 1279 (-7424.015137 -1536.002319 1 ) (-8192 -1640.727539 1 ) (-8192 -1640.727539 32 ) (-7424.015137 -1536.002319 32 ) 
3 1278 1295 (-7358 -1527 1 ) (-8192 -1863.290405 1 ) (-8192 -1640.727295 1 ) 
4 1279 1301 (-8192 -1431.277100 1 ) (-8192 -1640.727295 1 ) (-8192 -1640.727295 32 ) (-8192 -1431.277100 32 ) 
4 1279 1280 (-7489.981934 -1527.007080 1 ) (-8192 -1431.277344 1 ) (-8192 -1431.277344 32 ) (-7489.981934 -1527.007080 32 ) 
3 1279 1295 (-7424.016113 -1536.002197 1 ) (-8192 -1640.727295 1 ) (-8192 -1431.277100 1 ) 
4 1280 1301 (-8192 -1243.935303 1 ) (-8192 -1431.277100 1 ) (-8192 -1431.277100 32 ) (-8192 -1243.935303 32 ) 
4 1280 1281 (-7551.997559 -1502.002563 1 ) (-8192 -1243.936890 1 ) (-8192 -1243.936523 32 ) (-7551.997559 -1502.002441 32 ) 
3 1280 1295 (-7489.982910 -1527.006714 1 ) (-8192 -1431.277100 1 ) (-8192 -1243.935303 1 ) 
4 1281 1301 (-8192 -1024 32 ) (-8192 -1024 1 ) (-8192 -1243.935303 1 ) (-8192 -1243.935303 32 ) 
4 1281 1282 (-7605 -1461 1 ) (-8169.902344 -1024 1 ) (-8169.903320 -1024 32 ) (-7605 -1461 32 ) 
4 1281 1295 (-8192 -1024 1 ) (-8169.902832 -1024 1 ) (-7552.002441 -1501.998779 1 ) (-8192 -1243.935303 1 ) 
4 1282 1283 (-7645.997559 -1408.006226 1 ) (-7943.058594 -1024 1 ) (-7943.058594 -1024 32 ) (-7645.997559 -1408.006226 32 ) 
3 1282 1295 (-8169.902832 -1024 1 ) (-7943.056641 -1024 1 ) (-7605 -1461 1 ) 
4 1283 1284 (-7670.998535 -1346.008057 1 ) (-7800.840332 -1024 1 ) (-7800.837891 -1024 32 ) (-7670.998535 -1346.006592 32 ) 
3 1283 1295 (-7943.056641 -1024 1 ) (-7800.839355 -1024 1 ) (-7646 -1408 1 ) 
4 1284 1285 (-7680 -1279.996704 1 ) (-7714.908203 -1024 1 ) (-7714.908203 -1024 32 ) (-7680 -1279.996582 32 ) 
3 1284 1295 (-7800.839355 -1024 1 ) (-7714.908691 -1024 1 ) (-7671 -1346.002686 1 ) 
4 1285 1286 (-7671 -1214 1 ) (-7645.091309 -1024 1 ) (-7645.091309 -1024 32 ) (-7671 -1214 32 ) 
3 1285 1295 (-7714.908691 -1024 1 ) (-7645.090820 -1024 1 ) (-7680 -1280 1 ) 
4 1286 1287 (-7646 -1152 1 ) (-7594.387207 -1024 1 ) (-7594.387207 -1024 32 ) (-7646 -1152 32 ) 
3 1286 1295 (-7645.090820 -1024 1 ) (-7594.386719 -1024 1 ) (-7671 -1214 1 ) 
4 1287 1288 (-7605.007813 -1099.006104 1 ) (-7546.983887 -1024 1 ) (-7546.983887 -1024 32 ) (-7605.007813 -1099.006104 32 ) 
3 1287 1295 (-7594.386719 -1024 1 ) (-7546.980957 -1024 1 ) (-7646 -1152 1 ) 
4 1288 1289 (-7552 -1058 1 ) (-7508.048340 -1024 1 ) (-7508.048340 -1024 32 ) (-7552 -1058 32 ) 
3 1288 1295 (-7546.980957 -1024 1 ) (-7508.049316 -1024 1 ) (-7605 -1099 1 ) 
4 1289 1290 (-7489.998047 -1033 1 ) (-7467.678711 -1024 1 ) (-7467.678711 -1024 32 ) (-7489.998047 -1033 32 ) 
3 1289 1295 (-7508.049316 -1024 1 ) (-7467.679688 -1024 1 ) (-7552.001465 -1058 1 ) 
3 1290 1295 (-7467.679688 -1024 1 ) (-7424 -1024 1 ) (-7490 -1033 1 ) 
4 1291 1294 (-7321.969238 -1037.913208 1 ) (-7296.006836 -1057.997314 1 ) (-7296.006836 -1057.997314 32 ) (-7321.969238 -1037.913208 32 ) 
4 1291 1293 (-7339.954590 -1024 1 ) (-7321.969238 -1037.913208 1 ) (-7321.969238 -1037.913208 32 ) (-7339.954590 -1024 32 ) 
4 1291 1292 (-7242.997070 -1099.004639 1 ) (-7214.471191 -1121.072021 1 ) (-7214.471191 -1121.072021 32 ) (-7242.997070 -1099.004639 32 ) 
3 1291 1295 (-7339.951660 -1024 1 ) (-7253.613281 -1024 1 ) (-7214.472656 -1121.068848 1 ) 
3 1292 1295 (-7243 -1099 1 ) (-7214.472656 -1121.068848 1 ) (-7202 -1152 1 ) 
4 1293 1294 (-7357.998047 -1033 1 ) (-7321.963867 -1037.914429 1 ) (-7321.963867 -1037.914429 32 ) (-7357.998047 -1033 32 ) 
3 1293 1295 (-7424 -1024 1 ) (-7339.951660 -1024 1 ) (-7321.965332 -1037.913818 1 ) 
3 1294 1295 (-7358 -1033 1 ) (-7321.965332 -1037.913818 1 ) (-7296 -1058 1 ) 
4 1295 1301 (-8192 -1024 1 ) (-8192 -1024 0 ) (-8192 -2048 0 ) (-8192 -2048 1 ) 
4 1295 1299 (-7168 -2048 0 ) (-7168 -2048 1 ) (-8192 -2048 1 ) (-8192 -2048 0 ) 
4 1296 1298 (-7168 -2048 2560 ) (-7168 -2048 32 ) (-7168 -2560 32 ) (-7168 -2560 2560 ) 
4 1296 1297 (-7168 -2560 32 ) (-7168 -2048 32 ) (-6144 -2048 32 ) (-6144 -2560 32 ) 
4 1297 1299 (-7168 -2560 0 ) (-7168 -2560 32 ) (-7168 -2048 32 ) (-7168 -2048 0 ) 
4 1298 1302 (-8192 -2048 2560 ) (-8192 -2048 32 ) (-8192 -2560 32 ) (-8192 -2560 2560 ) 
4 1298 1299 (-8192 -2048 32 ) (-7168 -2048 32 ) (-7168 -2560 32 ) (-8192 -2560 32 ) 
4 1299 1303 (-8192 -2560 0 ) (-8192 -2560 32 ) (-8192 -2048 32 ) (-8192 -2048 0 ) 
4 1300 1302 (-8192 -2048 32 ) (-8192 -2048 2560 ) (-8704 -2048 2560 ) (-8704 -2048 32 ) 
4 1300 1301 (-8192 -2048 32 ) (-8704 -2048 32 ) (-8704 -1024 32 ) (-8192 -1024 32 ) 
4 1301 1303 (-8192 -2048 0 ) (-8192 -2048 32 ) (-8704 -2048 32 ) (-8704 -2048 0 ) 
4 1302 1303 (-8704 -2048 32 ) (-8192 -2048 32 ) (-8192 -2560 32 ) (-8704 -2560 32 ) 
