PRT1
2175
7193
4 0 6 (-3200 9216 -12520 ) (-3200 9216 -11864 ) (-3328 9216 -11864 ) (-3328 9216 -12520 ) 
4 0 2 (-3328 9216 -12520 ) (-3328 9216 -11864 ) (-3328 9360 -11864 ) (-3328 9360 -12520 ) 
4 1 2 (-3968 9360 -11224 ) (-3968 9360 -11864 ) (-3328 9360 -11864 ) (-3328 9360 -11224 ) 
4 2 7 (-3328 9216 -12584 ) (-3328 9216 -11224 ) (-3968 9216 -11224 ) (-3968 9216 -12584 ) 
4 2 5 (-3968 9216 -12520 ) (-3968 9216 -11864 ) (-3968 9360 -11864 ) (-3968 9360 -12520 ) 
4 2 3 (-3968 9216 -12584 ) (-3968 9360 -12584 ) (-3328 9360 -12584 ) (-3328 9216 -12584 ) 
4 3 8 (-3328 9216 -12592 ) (-3328 9216 -12584 ) (-3968 9216 -12584 ) (-3968 9216 -12592 ) 
4 3 4 (-3968 9216 -12592 ) (-3968 9360 -12592 ) (-3328 9360 -12592 ) (-3328 9216 -12592 ) 
4 4 9 (-3328 9216 -15064 ) (-3328 9216 -12592 ) (-3968 9216 -12592 ) (-3968 9216 -15064 ) 
4 5 10 (-3968 9216 -12520 ) (-3968 9216 -11864 ) (-4096 9216 -11864 ) (-4096 9216 -12520 ) 
4 6 12 (-3200 8672 -12520 ) (-3200 8672 -11864 ) (-3328 8672 -11864 ) (-3328 8672 -12520 ) 
4 6 7 (-3328 8672 -12520 ) (-3328 8672 -11864 ) (-3328 9216 -11864 ) (-3328 9216 -12520 ) 
4 7 14 (-3328 8672 -12584 ) (-3328 8672 -12552 ) (-3968 8672 -12552 ) (-3968 8672 -12584 ) 
4 7 13 (-3328 8672 -12552 ) (-3328 8672 -12520 ) (-3968 8672 -12520 ) (-3968 8672 -12552 ) 
4 7 12 (-3328 8672 -12520 ) (-3328 8672 -11864 ) (-3968 8672 -11864 ) (-3968 8672 -12520 ) 
4 7 10 (-3968 9216 -11864 ) (-3968 9216 -12520 ) (-3968 8672 -12520 ) (-3968 8672 -11864 ) 
4 7 8 (-3968 8672 -12584 ) (-3968 9216 -12584 ) (-3328 9216 -12584 ) (-3328 8672 -12584 ) 
4 8 9 (-3968 8672 -12592 ) (-3968 9216 -12592 ) (-3328 9216 -12592 ) (-3328 8672 -12592 ) 
4 10 12 (-4096 8672 -11864 ) (-4096 8672 -12520 ) (-3968 8672 -12520 ) (-3968 8672 -11864 ) 
4 11 53 (-4096 8192 -10440 ) (-4096 8192 -11864 ) (-3200 8192 -11864 ) (-3200 8192 -10440 ) 
4 11 21 (-4096 8192 -10264 ) (-4096 8192 -10440 ) (-3200 8192 -10440 ) (-3200 8192 -10264 ) 
4 11 16 (-4096 8192 -9432 ) (-4096 8192 -10264 ) (-3200 8192 -10264 ) (-3200 8192 -9432 ) 
4 11 12 (-3200 8352 -11864 ) (-3200 8192 -11864 ) (-4096 8192 -11864 ) (-4096 8352 -11864 ) 
4 12 53 (-4096 8192 -11864 ) (-4096 8192 -12520 ) (-3200 8192 -12520 ) (-3200 8192 -11864 ) 
4 12 13 (-3968 8672 -12520 ) (-3328 8672 -12520 ) (-3328 8192 -12520 ) (-3968 8192 -12520 ) 
4 13 56 (-3968 8192 -12552 ) (-3328 8192 -12552 ) (-3328 8192 -12520 ) (-3968 8192 -12520 ) 
4 13 15 (-3328 8192 -12552 ) (-3968 8192 -12552 ) (-3968 8208 -12552 ) (-3328 8208 -12552 ) 
4 13 14 (-3968 8208 -12552 ) (-3968 8672 -12552 ) (-3328 8672 -12552 ) (-3328 8208 -12552 ) 
4 14 15 (-3968 8208 -12552 ) (-3968 8208 -12584 ) (-3328 8208 -12584 ) (-3328 8208 -12552 ) 
4 15 59 (-3328 8192 -12872 ) (-3328 8192 -12552 ) (-3968 8192 -12552 ) (-3968 8192 -12872 ) 
4 16 21 (-3200 8192 -10264 ) (-3200 8064 -10264 ) (-4096 8064 -10264 ) (-4096 8192 -10264 ) 
4 16 19 (-4096 8064 -10264 ) (-3200 8064 -10264 ) (-3200 8064 -9432 ) (-4096 8064 -9432 ) 
4 17 18 (-4096 8064 -5208 ) (-3200 8064 -5208 ) (-3200 7424 -5208 ) (-4096 7424 -5208 ) 
4 18 43 (-3264 7408 -5208 ) (-3428.657959 7408 -5208 ) (-3428.657959 7408 -6579.428223 ) (-3264 7408 -6579.428223 ) 
4 18 42 (-3200 7408 -6579.428223 ) (-3200 7408 -5208 ) (-3264 7408 -5208 ) (-3264 7408 -6579.428223 ) 
4 18 27 (-3867.335449 7408 -5208 ) (-4032 7408 -5208 ) (-4032 7408 -6579.428711 ) (-3867.335449 7408 -6579.428711 ) 
4 18 30 (-4032 7408 -5208 ) (-4096 7408 -5208 ) (-4096 7408 -6579.428711 ) (-4032 7408 -6579.428711 ) 
4 18 24 (-3428.657959 7408 -5208 ) (-3867.335449 7408 -5208 ) (-3867.335449 7408 -6579.428711 ) (-3428.657959 7408 -6579.428223 ) 
4 19 21 (-3200 8064 -10264 ) (-3200 7424 -10264 ) (-4096 7424 -10264 ) (-4096 8064 -10264 ) 
4 19 20 (-3200 7424 -10232 ) (-3200 7424 -9432 ) (-4096 7424 -9432 ) (-4096 7424 -10232 ) 
4 20 49 (-3200 7408 -10232 ) (-3200 7408 -9432 ) (-4096 7408 -9432 ) (-4096 7408 -10232 ) 
4 21 53 (-4096 7424 -10440 ) (-4096 8192 -10440 ) (-3200 8192 -10440 ) (-3200 7424 -10440 ) 
4 21 22 (-4096 7424 -10440 ) (-3200 7424 -10440 ) (-3200 7424 -10264 ) (-4096 7424 -10264 ) 
4 22 54 (-4096 7408 -10440 ) (-4096 7424 -10440 ) (-3200 7424 -10440 ) (-3200 7408 -10440 ) 
4 22 52 (-3968 7408 -10440 ) (-3328 7408 -10440 ) (-3328 7408 -10408 ) (-3968 7408 -10408 ) 
4 22 50 (-3200 7408 -10408 ) (-3200 7408 -10264 ) (-4096 7408 -10264 ) (-4096 7408 -10408 ) 
4 23 63 (-3269.205811 7168 -504 ) (-4026.788086 7168 -504 ) (-4026.788086 7168 -5208 ) (-3269.205811 7168 -5208 ) 
6 23 25 (-3335.511719 7264 -5208 ) (-3330.991699 7260.997070 -5208 ) (-3269.205811 7168 -5208 ) (-4026.788086 7168 -5208 ) (-3965.004150 7260.993652 -5208 ) (-3960.479248 7264 -5208 ) 
5 23 24 (-3648 7392 -5208 ) (-3476.995605 7358 -5208 ) (-3335.511719 7264 -5208 ) (-3960.479248 7264 -5208 ) (-3818.992188 7358.001953 -5208 ) 
4 24 43 (-3428.657471 7408 -6579.428223 ) (-3428.656250 7408 -5208 ) (-3332.984863 7264 -5208 ) (-3332.986328 7264 -6764.571289 ) 
4 24 37 (-3960.479736 7264 -6764.573730 ) (-3963.006836 7264 -6764.573730 ) (-3877.965576 7392 -6600.001953 ) (-3767.819336 7392 -6600.001953 ) 
3 24 34 (-3418.026611 7392 -6600.001953 ) (-3383.023438 7339.314941 -6667.740234 ) (-3648 7392 -6600.001953 ) 
3 24 33 (-3818.992676 7358.001465 -6643.714844 ) (-3767.819336 7392 -6600.001953 ) (-3648 7392 -6600.001953 ) 
4 24 32 (-3383.023438 7339.314941 -6667.740234 ) (-3332.985352 7264 -6764.573730 ) (-3335.512451 7264 -6764.573730 ) (-3476.996094 7358 -6643.717285 ) 
5 24 31 (-3335.512451 7264 -6764.573730 ) (-3960.479736 7264 -6764.573730 ) (-3818.992676 7358.001465 -6643.714844 ) (-3648 7392 -6600.001953 ) (-3476.996094 7358 -6643.717285 ) 
4 24 27 (-3867.333740 7408 -6579.416992 ) (-3963.005615 7264 -6764.559082 ) (-3963.003906 7264 -5208 ) (-3867.332520 7408 -5208 ) 
4 24 26 (-3963.006104 7264 -6360 ) (-3963.006104 7264 -6764.566406 ) (-3332.987061 7264 -6764.566406 ) (-3332.987061 7264 -6360 ) 
4 24 25 (-3963.006104 7264 -5208 ) (-3963.006104 7264 -6360 ) (-3332.987061 7264 -6360 ) (-3332.987061 7264 -5208 ) 
4 25 69 (-3269.205811 7168 -5208 ) (-4026.788086 7168 -5208 ) (-4026.787842 7168 -6360 ) (-3269.205811 7168 -6360 ) 
4 25 44 (-3332.984863 7264 -5208 ) (-3269.204102 7168 -5208 ) (-3269.205078 7168 -6360 ) (-3332.985840 7264 -6360 ) 
4 25 28 (-4026.786133 7168 -6360 ) (-4026.784912 7168 -5208 ) (-3963.003906 7264 -5208 ) (-3963.005127 7264 -6360 ) 
4 25 26 (-4026.788818 7168 -6360 ) (-3963.007813 7264 -6360 ) (-3332.987061 7264 -6360 ) (-3269.206299 7168 -6360 ) 
4 26 70 (-4026.787842 7168 -6360 ) (-4026.787598 7168 -6888 ) (-3269.205811 7168 -6888 ) (-3269.205811 7168 -6360 ) 
5 26 45 (-3269.205078 7168 -6360 ) (-3269.205566 7168 -6855.992188 ) (-3285.745361 7192.895020 -6855.992188 ) (-3332.986328 7264 -6764.571289 ) (-3332.985840 7264 -6360 ) 
3 26 38 (-3965.003662 7260.994141 -6768.437988 ) (-3963.006836 7264 -6764.573730 ) (-3960.479736 7264 -6764.573730 ) 
3 26 36 (-3332.985352 7264 -6764.573730 ) (-3330.988525 7260.994141 -6768.437988 ) (-3335.512451 7264 -6764.573730 ) 
6 26 35 (-3330.988525 7260.994141 -6768.437988 ) (-3269.204590 7168 -6888.002441 ) (-4026.787598 7168 -6888.002441 ) (-3965.003662 7260.994141 -6768.437988 ) (-3960.479736 7264 -6764.573730 ) (-3335.512451 7264 -6764.573730 ) 
5 26 29 (-3963.005615 7264 -6764.559082 ) (-4010.258545 7192.877441 -6856.001953 ) (-4026.786865 7168 -6856.002441 ) (-4026.786133 7168 -6360 ) (-3963.005127 7264 -6360 ) 
4 27 39 (-3877.965576 7392 -6600.001953 ) (-3963.006836 7264 -6764.573730 ) (-4032 7264 -6764.573730 ) (-4032 7392 -6600.001953 ) 
4 27 29 (-4032 7264 -6360 ) (-4032 7264 -6764.574219 ) (-3963.007324 7264 -6764.571777 ) (-3963.007324 7264 -6360 ) 
4 27 28 (-4032 7264 -5208 ) (-4032 7264 -6360 ) (-3963.007324 7264 -6360 ) (-3963.007324 7264 -5208 ) 
4 27 30 (-4032 7408 -6579.426270 ) (-4032 7264 -6764.568848 ) (-4032 7264 -5208 ) (-4032 7408 -5208 ) 
4 28 94 (-4026.788086 7168 -5208 ) (-4032 7168 -5208 ) (-4032 7168 -6360 ) (-4026.787842 7168 -6360 ) 
4 28 30 (-4032 7168 -6360 ) (-4032 7168 -5208 ) (-4032 7264 -5208 ) (-4032 7264 -6360 ) 
4 28 29 (-4032 7168 -6360 ) (-4032 7264 -6360 ) (-3963.007324 7264 -6360 ) (-4026.791016 7168 -6360 ) 
4 29 95 (-4032 7168 -6360 ) (-4032 7168 -6850.261719 ) (-4026.787598 7168 -6856 ) (-4026.787842 7168 -6360 ) 
4 29 40 (-3963.006836 7264 -6764.573730 ) (-4010.250732 7192.890625 -6856 ) (-4032 7236.072754 -6800.480469 ) (-4032 7264 -6764.573730 ) 
5 29 30 (-4032 7264 -6764.568848 ) (-4032 7236.062500 -6800.488281 ) (-4032 7168 -6850.263672 ) (-4032 7168 -6360 ) (-4032 7264 -6360 ) 
5 30 96 (-4032 7168 -5208 ) (-4096 7168 -5208 ) (-4096 7168 -6736 ) (-4068.505371 7168 -6810.078613 ) (-4032 7168 -6850.261719 ) 
3 30 41 (-4032 7264 -6764.573730 ) (-4032 7236.072754 -6800.480469 ) (-4046.066162 7264 -6764.573730 ) 
6 30 39 (-4091.314941 7353.838867 -6649.065918 ) (-4096 7370.669434 -6627.426758 ) (-4096 7392 -6600.001953 ) (-4032 7392 -6600.001953 ) (-4032 7264 -6764.573730 ) (-4046.066162 7264 -6764.573730 ) 
5 31 51 (-3960.479004 7264 -9432 ) (-3818.991211 7358.001953 -9432 ) (-3648 7392 -9432 ) (-3476.995361 7358 -9432 ) (-3335.512207 7264 -9432 ) 
4 31 37 (-3960.480713 7264 -6856.002930 ) (-3960.480713 7264 -6764.566406 ) (-3818.993652 7358.001465 -6643.708496 ) (-3818.993652 7358.001465 -6856.002441 ) 
4 31 35 (-3960.478271 7264 -6764.566406 ) (-3960.478271 7264 -9432 ) (-3335.511719 7264 -9432 ) (-3335.511719 7264 -6764.566406 ) 
5 31 34 (-3648.005859 7392 -6856.005371 ) (-3648.005859 7392 -6600 ) (-3476.992188 7357.997070 -6643.716797 ) (-3476.992188 7357.997070 -6855.998047 ) (-3477.008789 7358 -6856.006836 ) 
4 31 33 (-3647.992188 7392 -6599.996094 ) (-3647.992188 7392 -6856.006836 ) (-3818.996338 7358 -6856.001953 ) (-3818.996338 7358 -6643.710938 ) 
4 31 32 (-3335.517822 7264 -6764.566406 ) (-3335.517822 7264 -6856.002930 ) (-3477.002686 7358 -6856.003418 ) (-3477.002686 7358 -6643.710938 ) 
4 32 46 (-3383.024414 7339.314941 -6807.842773 ) (-3383.024170 7339.314941 -6667.737793 ) (-3332.986328 7264 -6764.571289 ) (-3332.986328 7264 -6854.151367 ) 
4 32 36 (-3332.988281 7264 -6854.153320 ) (-3332.988281 7264 -6764.566406 ) (-3335.511719 7264 -6764.566406 ) (-3335.511719 7264 -6855.998047 ) 
4 32 34 (-3476.992188 7357.997070 -6643.716797 ) (-3383.024170 7339.313477 -6667.737793 ) (-3383.024170 7339.313477 -6807.844727 ) (-3476.992188 7357.997070 -6855.998047 ) 
4 33 37 (-3767.820313 7392 -6599.996094 ) (-3767.820313 7392 -6791.808594 ) (-3818.993652 7358.001465 -6855.996094 ) (-3818.993652 7358.001465 -6643.708496 ) 
5 34 46 (-3418.027588 7392 -6732.801270 ) (-3418.027344 7392 -6600 ) (-3383.024170 7339.314941 -6667.737793 ) (-3383.024414 7339.314941 -6807.843262 ) (-3401.587891 7367.255859 -6790.662598 ) 
4 35 83 (-4026.788086 7168 -9432 ) (-3269.205811 7168 -9432 ) (-3269.205811 7168 -8408 ) (-4026.788086 7168 -8408 ) 
4 35 70 (-3269.205811 7168 -8408 ) (-3269.205811 7168 -6888 ) (-4026.788086 7168 -6888 ) (-4026.788086 7168 -8408 ) 
6 35 51 (-3269.205811 7168 -9432 ) (-4026.788086 7168 -9432 ) (-3965.004639 7260.993164 -9432 ) (-3960.479004 7264 -9432 ) (-3335.512207 7264 -9432 ) (-3330.991211 7260.996582 -9432 ) 
3 35 48 (-3330.990967 7260.996582 -6855.992188 ) (-3330.990723 7260.996582 -6768.433105 ) (-3285.745361 7192.895020 -6855.992188 ) 
3 35 40 (-4010.252686 7192.884766 -6856.003418 ) (-3965 7260.995117 -6768.432617 ) (-3965 7260.995117 -6856.004395 ) 
4 35 38 (-3965.003662 7260.995117 -6856.001465 ) (-3965.003662 7260.995117 -6768.429688 ) (-3960.480713 7264 -6764.566406 ) (-3960.480713 7264 -6856.002930 ) 
4 35 36 (-3335.517822 7264 -6856.002930 ) (-3335.517822 7264 -6764.570313 ) (-3330.987305 7260.990234 -6768.440430 ) (-3330.987305 7260.990234 -6856.002441 ) 
4 36 48 (-3332.986328 7264 -6854.151367 ) (-3332.986328 7264 -6764.571289 ) (-3330.990723 7260.996582 -6768.433105 ) (-3330.990967 7260.996582 -6855.997559 ) 
5 37 39 (-3963.004639 7264 -6764.569336 ) (-3877.963623 7392 -6599.997559 ) (-3877.963623 7392 -6732.803711 ) (-3894.404053 7367.254883 -6790.668457 ) (-3963.004639 7264 -6854.156250 ) 
4 37 38 (-3963.005371 7264 -6764.566406 ) (-3963.005371 7264 -6854.156250 ) (-3960.478271 7264 -6856.003906 ) (-3960.478271 7264 -6764.570313 ) 
4 38 40 (-3965 7260.995117 -6768.432617 ) (-3963.004639 7264 -6764.569336 ) (-3963.004639 7264 -6854.156250 ) (-3965 7260.995117 -6856.004395 ) 
3 39 41 (-4032 7264 -6764.572754 ) (-4046.066406 7264 -6764.573242 ) (-4032 7264 -6780.056641 ) 
5 39 40 (-3968.006348 7264 -6850.497070 ) (-3963.007813 7264 -6854.152344 ) (-3963.007813 7264 -6764.571777 ) (-4032 7264 -6764.572754 ) (-4032 7264 -6780.056641 ) 
3 40 41 (-4032 7264 -6764.566406 ) (-4032 7264 -6780.054688 ) (-4032 7236.071289 -6800.479492 ) 
5 42 91 (-3200 7168 -5208 ) (-3264 7168 -5208 ) (-3264 7168 -6850.262207 ) (-3227.494141 7168 -6810.078613 ) (-3200 7168 -6736 ) 
3 42 47 (-3249.934814 7264 -6764.573730 ) (-3264 7236.073730 -6800.479004 ) (-3264 7264 -6764.573730 ) 
6 42 46 (-3200 7392 -6600.003418 ) (-3200 7370.670898 -6627.426758 ) (-3204.683105 7353.846680 -6649.057129 ) (-3249.934814 7264 -6764.573730 ) (-3264 7264 -6764.573730 ) (-3264 7392 -6600.002930 ) 
5 42 45 (-3264 7264 -6764.576172 ) (-3264 7236.074219 -6800.480469 ) (-3264 7168 -6850.263672 ) (-3264 7168 -6360 ) (-3264 7264 -6360 ) 
4 42 44 (-3264 7168 -6360 ) (-3264 7168 -5208 ) (-3264 7264 -5208 ) (-3264 7264 -6360 ) 
4 42 43 (-3264 7408 -6579.434082 ) (-3264 7264 -6764.576172 ) (-3264 7264 -5208 ) (-3264 7408 -5208 ) 
4 43 46 (-3332.985352 7264 -6764.574219 ) (-3418.026611 7392 -6600.002930 ) (-3264 7392 -6600.002930 ) (-3264 7264 -6764.573730 ) 
4 43 45 (-3332.984375 7264 -6360 ) (-3332.984375 7264 -6764.570801 ) (-3264 7264 -6764.570801 ) (-3264 7264 -6360 ) 
4 43 44 (-3332.984375 7264 -5208 ) (-3332.984375 7264 -6360 ) (-3264 7264 -6360 ) (-3264 7264 -5208 ) 
4 44 92 (-3264 7168 -5208 ) (-3269.205811 7168 -5208 ) (-3269.205811 7168 -6360 ) (-3264 7168 -6360 ) 
4 44 45 (-3332.984375 7264 -6360 ) (-3264 7264 -6360 ) (-3264 7168 -6360 ) (-3269.205811 7168 -6360 ) 
4 45 93 (-3269.205811 7168 -6360 ) (-3269.205811 7168 -6855.992676 ) (-3264 7168 -6850.262207 ) (-3264 7168 -6360 ) 
4 45 48 (-3285.746094 7192.897461 -6855.991699 ) (-3332.985352 7264 -6764.574219 ) (-3264 7264 -6764.573730 ) (-3264 7236.073730 -6800.479004 ) 
5 46 48 (-3264 7264 -6764.568359 ) (-3332.988281 7264 -6764.568359 ) (-3332.988281 7264 -6854.153320 ) (-3328.005127 7264 -6850.508789 ) (-3264 7264 -6780.055664 ) 
3 46 47 (-3249.929932 7264 -6764.568359 ) (-3264 7264 -6764.568359 ) (-3264 7264 -6780.055664 ) 
3 47 48 (-3264 7264 -6764.566406 ) (-3264 7264 -6780.056152 ) (-3264 7236.060547 -6800.488770 ) 
4 49 51 (-3200 7392 -10232 ) (-3200 7392 -9432 ) (-4096 7392 -9432 ) (-4096 7392 -10232 ) 
4 50 52 (-3968 7408 -10408 ) (-3328 7408 -10408 ) (-3328 7392 -10408 ) (-3968 7392 -10408 ) 
4 50 51 (-4096 7392 -10408 ) (-3200 7392 -10408 ) (-3200 7392 -10264 ) (-4096 7392 -10264 ) 
4 51 110 (-3284 7168 -9432 ) (-4096 7168 -9432 ) (-4096 7168 -10408 ) (-3284 7168 -10408 ) 
4 51 106 (-3284 7168 -10354 ) (-3284 7168 -10408 ) (-3208 7168 -10408 ) (-3208 7168 -10354 ) 
4 51 103 (-3284 7168 -10312 ) (-3284 7168 -10354 ) (-3208 7168 -10354 ) (-3208 7168 -10312 ) 
4 51 98 (-3208 7168 -9432 ) (-3284 7168 -9432 ) (-3284 7168 -10312 ) (-3208 7168 -10312 ) 
4 51 97 (-3200 7168 -9432 ) (-3208 7168 -9432 ) (-3208 7168 -10408 ) (-3200 7168 -10408 ) 
4 51 52 (-3328 7168 -10408 ) (-3968 7168 -10408 ) (-3968 7392 -10408 ) (-3328 7392 -10408 ) 
4 52 111 (-3968 7168 -10440 ) (-3328 7168 -10440 ) (-3328 7168 -10408 ) (-3968 7168 -10408 ) 
4 52 57 (-3968 7408 -10440 ) (-3328 7408 -10440 ) (-3328 7264 -10440 ) (-3968 7264 -10440 ) 
4 52 58 (-3328 7264 -10440 ) (-3328 7168 -10440 ) (-3968 7168 -10440 ) (-3968 7264 -10440 ) 
4 53 56 (-3968 8192 -12520 ) (-3328 8192 -12520 ) (-3328 7424 -12520 ) (-3968 7424 -12520 ) 
4 53 55 (-4096 7424 -12520 ) (-3200 7424 -12520 ) (-3200 7424 -10552 ) (-4096 7424 -10552 ) 
4 53 54 (-3200 7424 -10552 ) (-3200 7424 -10440 ) (-4096 7424 -10440 ) (-4096 7424 -10552 ) 
4 54 57 (-3328 7408 -10440 ) (-3968 7408 -10440 ) (-3968 7408 -10480 ) (-3328 7408 -10480 ) 
4 54 55 (-4096 7424 -10552 ) (-3200 7424 -10552 ) (-3200 7408 -10552 ) (-4096 7408 -10552 ) 
4 55 56 (-3328 7408 -12520 ) (-3968 7408 -12520 ) (-3968 7424 -12520 ) (-3328 7424 -12520 ) 
4 56 59 (-3968 8192 -12552 ) (-3328 8192 -12552 ) (-3328 7408 -12552 ) (-3968 7408 -12552 ) 
4 57 58 (-3968 7264 -10440 ) (-3968 7264 -10480 ) (-3328 7264 -10480 ) (-3328 7264 -10440 ) 
4 58 113 (-3328 7168 -10440 ) (-3968 7168 -10440 ) (-3968 7168 -10840 ) (-3328 7168 -10840 ) 
4 60 114 (-4096 6464 216 ) (-4096 6592 216 ) (-4096 6592 -360 ) (-4096 6464 -472 ) 
5 60 61 (-3072 6464 -359.998016 ) (-3072 6464 216 ) (-4096 6464 216 ) (-4096 6464 -472 ) (-3200.002197 6464 -472 ) 
5 61 115 (-3072 6144 -359.997986 ) (-3072 6144 216 ) (-4096 6144 216 ) (-4096 6144 -504 ) (-3236.573730 6144 -504 ) 
4 61 114 (-4096 6144 -472 ) (-4096 6144 216 ) (-4096 6464 216 ) (-4096 6464 -472 ) 
4 61 64 (-4096 6144 -504 ) (-4096 6464 -504 ) (-3236.573730 6464 -504 ) (-3236.573730 6144 -504 ) 
4 61 62 (-3236.574219 6144 -504 ) (-3236.574219 6464 -504 ) (-3200 6464 -471.997498 ) (-3200 6144 -471.997498 ) 
3 62 116 (-3200 6144 -471.997986 ) (-3236.573730 6144 -504 ) (-3200 6144 -504 ) 
4 62 64 (-3236.573730 6464 -504 ) (-3200 6464 -504 ) (-3200 6144 -504 ) (-3236.573730 6144 -504 ) 
11 63 72 (-4096 6943.996094 -5208 ) (-4061.998291 7115.002930 -5208 ) (-4048.048340 7136 -5208 ) (-3264 7136 -5208 ) (-3264 6727.844727 -5208 ) (-3330.994873 6627.006836 -5208 ) (-3477.007813 6530 -5208 ) (-3648.002441 6496 -5208 ) (-3818.995117 6530 -5208 ) (-3964.998291 6627 -5208 ) (-4062.002197 6773.007324 -5208 ) 
6 63 69 (-4032 7160.155273 -5208 ) (-4026.788086 7168 -5208 ) (-3269.205811 7168 -5208 ) (-3264 7160.164551 -5208 ) (-3264 7136 -5208 ) (-4032 7136 -5208 ) 
3 63 71 (-4048.048340 7136 -5208 ) (-4032 7160.155273 -5208 ) (-4032 7136 -5208 ) 
5 63 66 (-3264 7160.164551 -5208 ) (-3234.004150 7115.016113 -5208 ) (-3200 6944 -5208 ) (-3234.001953 6772.996582 -5208 ) (-3264 6727.844727 -5208 ) 
5 64 116 (-3200 6144 -504 ) (-3236.573486 6144 -504 ) (-4096 6144 -1255.998169 ) (-4096 6144 -5208 ) (-3200 6144 -5208 ) 
3 64 115 (-3236.573486 6144 -504 ) (-4096 6144 -504 ) (-4096 6144 -1255.998169 ) 
4 64 89 (-3200 6144 -5208 ) (-3651.896973 6144 -5208 ) (-3439.293945 6464 -5208 ) (-3200 6464 -5208 ) 
4 64 87 (-3936.936279 6144 -5208 ) (-4096 6144 -5208 ) (-4096 6464 -5208 ) (-4000.562256 6464 -5208 ) 
5 64 81 (-3651.896973 6144 -5208 ) (-3936.936279 6144 -5208 ) (-4000.562256 6464 -5208 ) (-3856.703125 6464 -5208 ) (-3647.998779 6149.867188 -5208 ) 
4 64 74 (-3576.349609 6464 -5208 ) (-3439.293945 6464 -5208 ) (-3647.998779 6149.867188 -5208 ) (-3770.850586 6334.778320 -5208 ) 
3 64 72 (-3856.703125 6464 -5208 ) (-3576.349609 6464 -5208 ) (-3770.850586 6334.778320 -5208 ) 
4 65 117 (-4096 6144 -8920 ) (-4096 6144 -9432 ) (-3200 6144 -9432 ) (-3200 6144 -8920 ) 
4 65 112 (-4096 6144 -9432 ) (-4096 6464 -9432 ) (-3200 6464 -9432 ) (-3200 6144 -9432 ) 
4 66 91 (-3264 7160.166016 -6855.991211 ) (-3264 7160.166016 -5208 ) (-3234.004395 7115.017578 -5208 ) (-3234.004395 7115.017578 -6855.991699 ) 
4 66 89 (-3234.001465 6772.998535 -5208 ) (-3264 6727.845703 -5208 ) (-3264 6727.845703 -6856 ) (-3234.001465 6772.998535 -6856 ) 
5 66 85 (-3247.943848 7136 -8408 ) (-3234.004639 7115.019531 -8408 ) (-3214.078857 7014.804688 -8408 ) (-3264 7014.804688 -8408 ) (-3264 7136 -8408 ) 
3 66 82 (-3264 7160.166992 -8408 ) (-3247.943848 7136 -8408 ) (-3264 7136 -8408 ) 
5 66 79 (-3264 7014.804688 -8408 ) (-3214.078857 7014.804688 -8408 ) (-3200 6944 -8160.652344 ) (-3234.001709 6772.996582 -7563.261719 ) (-3264 6727.844238 -7405.526367 ) 
4 66 73 (-3264 7136 -8408 ) (-3264 7014.803711 -8408 ) (-3264 6758.834961 -7513.790039 ) (-3264 7136 -7928.964844 ) 
5 66 72 (-3264 6758.834961 -7513.790039 ) (-3264 6727.845215 -7405.528809 ) (-3264 6727.845215 -5208 ) (-3264 7136 -5208 ) (-3264 7136 -7928.964844 ) 
4 66 70 (-3264 7160.164063 -6360 ) (-3264 7160.164063 -8408 ) (-3264 7136 -8408 ) (-3264 7136 -6360 ) 
4 66 69 (-3264 7160.164063 -5208 ) (-3264 7160.164063 -6360 ) (-3264 7136 -6360 ) (-3264 7136 -5208 ) 
4 66 68 (-3234 6772.998535 -5208 ) (-3234 6772.998535 -6856 ) (-3200 6944 -6856 ) (-3200 6944 -5208 ) 
4 66 67 (-3200.001465 6944.001953 -5208 ) (-3200.001465 6944.001953 -6856.002930 ) (-3234.003906 7115.015625 -6856.002930 ) (-3234.003906 7115.015625 -5208 ) 
4 67 91 (-3200 7063.835938 -5208 ) (-3200 7063.835938 -6791.802246 ) (-3234.004395 7115.017578 -6856.003418 ) (-3234.004395 7115.017578 -5208 ) 
4 68 89 (-3200 6824.175781 -6791.808594 ) (-3200 6824.175781 -5208 ) (-3234.001465 6772.998535 -5208 ) (-3234.001465 6772.998535 -6856.003906 ) 
4 69 94 (-4032 7160.152344 -5208 ) (-4026.786133 7168 -5208 ) (-4026.786133 7168 -6360 ) (-4032 7160.152344 -6360 ) 
4 69 92 (-3269.204834 7168 -6360 ) (-3269.204834 7168 -5208 ) (-3264 7160.166016 -5208 ) (-3264 7160.166016 -6360 ) 
4 69 72 (-3264 7136 -6360 ) (-3264 7136 -5208 ) (-4032 7136 -5208 ) (-4032 7136 -6360 ) 
4 69 71 (-4032 7160.155273 -5208 ) (-4032 7160.155273 -6360 ) (-4032 7136 -6360 ) (-4032 7136 -5208 ) 
6 69 70 (-3264 7136 -6360 ) (-4032 7136 -6360 ) (-4032 7160.155273 -6360 ) (-4026.788086 7168 -6360 ) (-3269.206055 7168 -6360 ) (-3264 7160.164063 -6360 ) 
4 70 95 (-4026.786133 7168 -6360 ) (-4026.786133 7168 -6856.002441 ) (-4032 7160.152344 -6856.001953 ) (-4032 7160.152344 -6360 ) 
4 70 93 (-3269.204834 7168 -6855.992188 ) (-3269.204834 7168 -6360 ) (-3264 7160.166016 -6360 ) (-3264 7160.166016 -6855.992188 ) 
6 70 83 (-4032 7160.154297 -8408 ) (-4026.787598 7168 -8408 ) (-3269.204102 7168 -8408 ) (-3264 7160.166992 -8408 ) (-3264 7136 -8408 ) (-4032 7136 -8408 ) 
4 70 73 (-4032 7136 -8408 ) (-3264 7136 -8408 ) (-3264 7136 -7928.964844 ) (-4032 7136 -7367.296875 ) 
4 70 72 (-3264 7136 -7928.964844 ) (-3264 7136 -6360 ) (-4032 7136 -6360 ) (-4032 7136 -7367.296875 ) 
4 70 71 (-4032 7160.155273 -6360 ) (-4032 7160.155273 -8408 ) (-4032 7136 -8408 ) (-4032 7136 -6360 ) 
4 71 96 (-4048.046387 7136 -5208 ) (-4032 7160.152344 -5208 ) (-4032 7160.152344 -6856.002441 ) (-4048.046387 7136 -6856.002441 ) 
3 71 84 (-4048.047852 7136 -8408 ) (-4032 7160.154297 -8408 ) (-4032 7136 -8408 ) 
4 71 73 (-4048.047852 7136 -7355.559570 ) (-4048.047852 7136 -8408 ) (-4032 7136 -8408 ) (-4032 7136 -7367.296875 ) 
4 71 72 (-4048.047852 7136 -5208 ) (-4048.047852 7136 -7355.559570 ) (-4032 7136 -7367.296875 ) (-4032 7136 -5208 ) 
4 72 96 (-4062 7114.998535 -6856.001465 ) (-4062 7114.998535 -5208 ) (-4048.046387 7136 -5208 ) (-4048.046387 7136 -6856.002441 ) 
4 72 89 (-3264 6727.845703 -5208 ) (-3330.996094 6627.006348 -5208 ) (-3330.996094 6627.006348 -6856.001465 ) (-3264 6727.845703 -6856 ) 
4 72 87 (-4062.001709 6773.006348 -5208 ) (-4096 6943.998047 -5208 ) (-4096 6943.998047 -6855.998047 ) (-4062.001709 6773.006348 -6855.998535 ) 
4 72 86 (-4062 7115.001465 -5208 ) (-4062 7115.001465 -6856 ) (-4096 6943.997559 -6856.002930 ) (-4096 6943.997559 -5208 ) 
4 72 81 (-3877.964355 6496 -6595.589355 ) (-3770.851318 6334.777832 -6032.370117 ) (-3770.851318 6334.777832 -5208 ) (-3877.964355 6496 -5208 ) 
6 72 80 (-4062.001953 6773.005371 -5208 ) (-4062.001953 6773.005371 -6856.001953 ) (-3965 6627 -6856.001953 ) (-3919.477295 6558.483398 -6813.871094 ) (-3877.964355 6496 -6595.589355 ) (-3877.964355 6496 -5208 ) 
5 72 79 (-3463.162354 6697.958496 -7301.123535 ) (-3264 6758.834961 -7513.790039 ) (-3264 6727.844238 -7405.526367 ) (-3330.994141 6627.007813 -7053.261230 ) (-3344.219238 6618.221191 -7022.566406 ) 
4 72 76 (-3877.962402 6496 -6595.596680 ) (-3919.473877 6558.481445 -6813.871582 ) (-3880.017822 6570.541504 -6856.002930 ) (-3767.821045 6496 -6595.596191 ) 
5 72 75 (-3880.017822 6570.541504 -6856.002930 ) (-3463.162354 6697.958496 -7301.123535 ) (-3344.219238 6618.221191 -7022.566406 ) (-3528.183594 6496 -6595.595703 ) (-3767.821045 6496 -6595.596191 ) 
5 72 74 (-3770.849609 6334.777344 -5208 ) (-3770.849609 6334.777344 -6032.363281 ) (-3415.978027 6570.544922 -6856.002441 ) (-3330.996582 6627.004395 -6856.001953 ) (-3330.996582 6627.004395 -5208 ) 
8 72 73 (-4048.047852 7136 -7355.565430 ) (-3264 7136 -7928.972656 ) (-3264 6758.839355 -7513.802734 ) (-3880.023926 6570.545898 -6856.011230 ) (-3964.997803 6627.001465 -6856.010742 ) (-4062.002686 6773.010742 -6945.790039 ) (-4096 6943.996094 -7109.143066 ) (-4061.998779 7115.001953 -7322.248047 ) 
5 73 85 (-4081.918701 7014.804199 -8408 ) (-4061.995117 7115.007324 -8408 ) (-4048.047852 7136 -8408 ) (-3264 7136 -8408 ) (-3264 7014.804688 -8408 ) 
4 73 79 (-3935.781982 7014.804688 -8408 ) (-3264 7014.804688 -8408 ) (-3264 6758.834961 -7513.790039 ) (-3463.162598 6697.958496 -7301.123047 ) 
7 73 77 (-3964.996582 6627 -7053.237305 ) (-4062.002930 6773.009766 -7563.312500 ) (-4096 6943.995605 -8160.634766 ) (-4081.920654 7014.804688 -8408 ) (-3935.781982 7014.804688 -8408 ) (-3647.998291 6821.873047 -7734.009277 ) (-3951.776367 6618.216797 -7022.553223 ) 
4 73 75 (-3647.998291 6821.873047 -7734.009277 ) (-3463.162598 6697.958496 -7301.123047 ) (-3880.017822 6570.541504 -6856.002930 ) (-3951.776367 6618.216797 -7022.553223 ) 
5 74 89 (-3330.996094 6627.006348 -5208 ) (-3648 6149.867676 -5208 ) (-3648 6149.867676 -5386.397461 ) (-3376.521729 6558.483398 -6813.871094 ) (-3330.996094 6627.006348 -6856.003906 ) 
4 74 81 (-3770.851318 6334.777832 -6032.370117 ) (-3648 6149.866211 -5386.394043 ) (-3648 6149.866211 -5208 ) (-3770.851318 6334.777832 -5208 ) 
4 74 78 (-3528.184082 6496 -6595.595215 ) (-3415.983887 6570.542969 -6856.004883 ) (-3376.521729 6558.481445 -6813.869629 ) (-3418.033447 6496 -6595.595215 ) 
4 75 79 (-3648.002441 6821.873047 -7734.006348 ) (-3344.220703 6618.220703 -7022.560059 ) (-3477.008789 6530 -6856 ) (-3648.001465 6496 -6855.997559 ) 
4 75 78 (-3528.179688 6496 -6595.582031 ) (-3528.179688 6496 -6791.808594 ) (-3477.001953 6530.001465 -6856.002441 ) (-3415.977539 6570.544434 -6856.002441 ) 
4 75 77 (-3647.998291 6821.874023 -7734.011719 ) (-3647.998291 6496 -6856 ) (-3818.994873 6530 -6856 ) (-3951.781738 6618.220703 -7022.561523 ) 
4 75 76 (-3819 6530 -6856 ) (-3767.824219 6496 -6791.808594 ) (-3767.824219 6496 -6595.589844 ) (-3880.023193 6570.542969 -6856 ) 
4 76 80 (-3877.964600 6496 -6732.803711 ) (-3877.964600 6496 -6595.590332 ) (-3919.477295 6558.482910 -6813.870605 ) (-3894.404297 6520.744141 -6790.665527 ) 
3 77 85 (-4087.933594 6984.552734 -8408 ) (-4081.918701 7014.804199 -8408 ) (-3935.784668 7014.804199 -8408 ) 
8 77 79 (-3935.791992 7014.804199 -8408 ) (-3648.002441 6821.873047 -7734.006348 ) (-3648.001465 6496 -6855.997559 ) (-3818.994629 6530 -7039.205566 ) (-3964.998047 6627.001465 -7378.777832 ) (-4062.002686 6773.008789 -7824.136719 ) (-4096 6943.995605 -8303.043945 ) (-4087.935791 6984.553223 -8408 ) 
4 78 90 (-3376.521484 6558.483887 -6813.871582 ) (-3418.034668 6496 -6595.588379 ) (-3418.034668 6496 -6732.803711 ) (-3401.594727 6520.744629 -6790.666992 ) 
12 79 85 (-4062.002930 6773.008789 -8408 ) (-4096 6943.988281 -8408 ) (-4087.933594 6984.552734 -8408 ) (-3935.784668 7014.804199 -8408 ) (-3214.078857 7014.804688 -8408 ) (-3200 6944 -8408 ) (-3234.001221 6773 -8408 ) (-3330.997314 6627.005371 -8408 ) (-3477.009033 6530 -8408 ) (-3648 6496 -8408 ) (-3818.995117 6530 -8408 ) (-3964.998047 6627.001465 -8408 ) 
4 80 88 (-4013.625977 6529.705078 -6713.337891 ) (-4009.045898 6506.670410 -6691.331055 ) (-4006.924316 6496 -6663.717773 ) (-4006.924316 6496 -6595.590332 ) 
6 80 87 (-4006.924316 6496 -5208 ) (-4062.001709 6773.006348 -5208 ) (-4062.001709 6773.006348 -6856.003418 ) (-4021.699463 6570.310547 -6752.130859 ) (-4013.625977 6529.705078 -6713.337891 ) (-4006.924316 6496 -6595.590332 ) 
4 80 81 (-4006.924561 6496 -5208 ) (-4006.924561 6496 -6595.588867 ) (-3877.959229 6496 -6595.589844 ) (-3877.959229 6496 -5208 ) 
4 81 116 (-3651.896973 6144 -5208 ) (-3936.936279 6144 -5208 ) (-3936.936279 6144 -5365.899414 ) (-3651.896973 6144 -5365.899414 ) 
4 81 89 (-3648 6149.867676 -5208 ) (-3651.897705 6144 -5208 ) (-3651.897705 6144 -5365.899414 ) (-3648 6149.867676 -5386.397461 ) 
4 81 87 (-3936.936035 6144 -5365.899414 ) (-3936.936035 6144 -5208 ) (-4006.924316 6496 -5208 ) (-4006.924316 6496 -6595.589844 ) 
3 82 98 (-3264 7160.164551 -9432 ) (-3247.945557 7136 -9432 ) (-3264 7136 -9432 ) 
4 82 85 (-3247.945557 7136 -9432 ) (-3247.945557 7136 -8408 ) (-3264 7136 -8408 ) (-3264 7136 -9432 ) 
4 82 83 (-3264 7136 -9432 ) (-3264 7136 -8408 ) (-3264 7160.164063 -8408 ) (-3264 7160.164063 -9432 ) 
5 83 110 (-4032 7160.155273 -9432 ) (-4026.788086 7168 -9432 ) (-3284 7168 -9432 ) (-3284 7136 -9432 ) (-4032 7136 -9432 ) 
5 83 98 (-3284 7168 -9432 ) (-3269.205811 7168 -9432 ) (-3264 7160.164551 -9432 ) (-3264 7136 -9432 ) (-3284 7136 -9432 ) 
4 83 85 (-3264 7136 -8408 ) (-4032 7136 -8408 ) (-4032 7136 -9432 ) (-3264 7136 -9432 ) 
4 83 84 (-4032 7136 -9432 ) (-4032 7136 -8408 ) (-4032 7160.155273 -8408 ) (-4032 7160.155273 -9432 ) 
3 84 110 (-4048.048340 7136 -9432 ) (-4032 7160.155273 -9432 ) (-4032 7136 -9432 ) 
4 84 85 (-4032 7136 -8408 ) (-4048.047852 7136 -8408 ) (-4048.047852 7136 -9432 ) (-4032 7136 -9432 ) 
11 85 110 (-4096 6943.996582 -9432 ) (-4061.998291 7115.002930 -9432 ) (-4048.048340 7136 -9432 ) (-3284 7136 -9432 ) (-3284 6697.741211 -9432 ) (-3330.994629 6627.006836 -9432 ) (-3477.007813 6530 -9432 ) (-3648.002441 6496 -9432 ) (-3818.995117 6530 -9432 ) (-3964.998291 6627 -9432 ) (-4062.002197 6773.007324 -9432 ) 
5 85 101 (-3213.521729 6876 -9432 ) (-3234.001953 6772.996094 -9432 ) (-3255.924072 6740 -9432 ) (-3284 6740 -9432 ) (-3284 6876 -9432 ) 
3 85 102 (-3255.924072 6740 -9432 ) (-3284 6697.741211 -9432 ) (-3284 6740 -9432 ) 
4 85 99 (-3208 6944 -9432 ) (-3208 6928 -9432 ) (-3284 6928 -9432 ) (-3284 6944 -9432 ) 
6 85 98 (-3284 7136 -9432 ) (-3247.945557 7136 -9432 ) (-3234.004150 7115.016113 -9432 ) (-3208 6984.230957 -9432 ) (-3208 6944 -9432 ) (-3284 6944 -9432 ) 
5 85 100 (-3208 6928 -9432 ) (-3208 6903.770508 -9432 ) (-3213.521729 6876 -9432 ) (-3284 6876 -9432 ) (-3284 6928 -9432 ) 
3 85 97 (-3208 6984.230957 -9432 ) (-3200 6944 -9432 ) (-3208 6903.770508 -9432 ) 
4 86 96 (-4096 7063.822266 -6791.810547 ) (-4096 7063.822266 -5208 ) (-4062 7114.998535 -5208 ) (-4062 7114.998535 -6856 ) 
4 87 116 (-3936.936279 6144 -5208 ) (-4096 6144 -5208 ) (-4096 6144 -5365.899414 ) (-3936.936279 6144 -5365.899414 ) 
6 87 88 (-4013.625732 6529.706055 -6713.339355 ) (-4006.924072 6496 -6595.589355 ) (-4096 6496 -6595.588379 ) (-4096 6502.900879 -6619.696289 ) (-4095.045654 6503.770508 -6622.733887 ) (-4083.743164 6508.274414 -6638.468750 ) 
4 89 116 (-3200 6144 -5208 ) (-3651.896973 6144 -5208 ) (-3651.896973 6144 -5365.899414 ) (-3200 6144 -5365.899414 ) 
6 89 90 (-3418.033447 6496 -6595.592773 ) (-3376.521484 6558.481934 -6813.869629 ) (-3212.265137 6508.277832 -6638.484375 ) (-3200.956055 6503.770996 -6622.739746 ) (-3200 6502.900391 -6619.697266 ) (-3200 6496 -6595.591309 ) 
4 91 93 (-3264 7168 -6850.261719 ) (-3264 7160.164063 -6855.992188 ) (-3264 7160.164063 -6360 ) (-3264 7168 -6360 ) 
4 91 92 (-3264 7160.164063 -6360 ) (-3264 7160.164063 -5208 ) (-3264 7168 -5208 ) (-3264 7168 -6360 ) 
3 92 93 (-3264 7168 -6360 ) (-3264 7160.164551 -6360 ) (-3269.205811 7168 -6360 ) 
4 94 96 (-4032 7160.152344 -6360 ) (-4032 7160.152344 -5208 ) (-4032 7168 -5208 ) (-4032 7168 -6360 ) 
3 94 95 (-4032 7160.160156 -6360 ) (-4032 7168 -6360 ) (-4026.791504 7168 -6360 ) 
4 95 96 (-4032 7168 -6850.264648 ) (-4032 7160.152344 -6856.003906 ) (-4032 7160.152344 -6360 ) (-4032 7168 -6360 ) 
4 97 112 (-3200 6464 -10184 ) (-3200 6464 -9432 ) (-3208 6464 -9432 ) (-3208 6464 -10184 ) 
4 97 107 (-3208 6662 -10354 ) (-3208 6876 -10354 ) (-3208 6876 -10364 ) (-3208 6662 -10364 ) 
4 97 108 (-3208 6876 -10378 ) (-3208 6876 -10408 ) (-3208 6662 -10408 ) (-3208 6662 -10378 ) 
4 97 106 (-3208 6876 -10354 ) (-3208 7168 -10354 ) (-3208 7168 -10408 ) (-3208 6876 -10408 ) 
4 97 109 (-3208 6464 -10408 ) (-3208 6464 -10354 ) (-3208 6662 -10354 ) (-3208 6662 -10408 ) 
4 97 104 (-3208 6576 -10312 ) (-3208 6670 -10312 ) (-3208 6670 -10320 ) (-3208 6576 -10320 ) 
4 97 103 (-3208 6670 -10312 ) (-3208 7168 -10312 ) (-3208 7168 -10354 ) (-3208 6670 -10354 ) 
4 97 105 (-3208 6464 -10354 ) (-3208 6464 -10312 ) (-3208 6576 -10312 ) (-3208 6576 -10354 ) 
4 97 101 (-3208 6740 -9432 ) (-3208 6876 -9432 ) (-3208 6876 -10304 ) (-3208 6740 -10304 ) 
4 97 102 (-3208 6464 -10312 ) (-3208 6464 -9432 ) (-3208 6740 -9432 ) (-3208 6740 -10312 ) 
4 97 99 (-3208 6928 -9432 ) (-3208 6944 -9432 ) (-3208 6944 -10296 ) (-3208 6928 -10296 ) 
4 97 98 (-3208 6944 -9432 ) (-3208 7168 -9432 ) (-3208 7168 -10312 ) (-3208 6944 -10312 ) 
4 97 100 (-3208 6876 -9432 ) (-3208 6928 -9432 ) (-3208 6928 -10312 ) (-3208 6876 -10312 ) 
4 98 110 (-3284 6944 -9432 ) (-3284 7168 -9432 ) (-3284 7168 -10312 ) (-3284 6944 -10312 ) 
4 98 103 (-3284 6944 -10312 ) (-3284 7168 -10312 ) (-3208 7168 -10312 ) (-3208 6944 -10312 ) 
4 98 99 (-3284 6944 -9432 ) (-3284 6944 -10296 ) (-3208 6944 -10296 ) (-3208 6944 -9432 ) 
4 99 110 (-3284 6928 -9432 ) (-3284 6944 -9432 ) (-3284 6944 -10296 ) (-3284 6928 -10296 ) 
4 99 100 (-3284 6928 -9432 ) (-3284 6928 -10296 ) (-3208 6928 -10296 ) (-3208 6928 -9432 ) 
4 100 110 (-3284 6876 -9432 ) (-3284 6928 -9432 ) (-3284 6928 -10312 ) (-3284 6876 -10312 ) 
4 100 103 (-3284 6876 -10312 ) (-3284 6928 -10312 ) (-3208 6928 -10312 ) (-3208 6876 -10312 ) 
4 100 101 (-3284 6876 -9432 ) (-3284 6876 -10304 ) (-3208 6876 -10304 ) (-3208 6876 -9432 ) 
4 101 110 (-3284 6740 -9432 ) (-3284 6876 -9432 ) (-3284 6876 -10304 ) (-3284 6740 -10304 ) 
4 101 102 (-3284 6740 -9432 ) (-3284 6740 -10304 ) (-3208 6740 -10304 ) (-3208 6740 -9432 ) 
4 102 112 (-3208 6464 -10184 ) (-3208 6464 -9432 ) (-3284 6464 -9432 ) (-3284 6464 -10184 ) 
4 102 110 (-3284 6464 -10312 ) (-3284 6464 -9432 ) (-3284 6740 -9432 ) (-3284 6740 -10312 ) 
4 102 104 (-3284 6576 -10312 ) (-3284 6670 -10312 ) (-3208 6670 -10312 ) (-3208 6576 -10312 ) 
4 102 103 (-3284 6670 -10312 ) (-3284 6740 -10312 ) (-3208 6740 -10312 ) (-3208 6670 -10312 ) 
4 102 105 (-3284 6464 -10312 ) (-3284 6576 -10312 ) (-3208 6576 -10312 ) (-3208 6464 -10312 ) 
4 103 110 (-3284 6670 -10312 ) (-3284 7168 -10312 ) (-3284 7168 -10354 ) (-3284 6670 -10354 ) 
4 103 107 (-3284 6670 -10354 ) (-3284 6876 -10354 ) (-3208 6876 -10354 ) (-3208 6670 -10354 ) 
4 103 106 (-3284 6876 -10354 ) (-3284 7168 -10354 ) (-3208 7168 -10354 ) (-3208 6876 -10354 ) 
4 103 104 (-3208 6670 -10320 ) (-3208 6670 -10312 ) (-3284 6670 -10312 ) (-3284 6670 -10320 ) 
4 104 110 (-3284 6576 -10312 ) (-3284 6670 -10312 ) (-3284 6670 -10320 ) (-3284 6576 -10320 ) 
4 104 105 (-3208 6576 -10320 ) (-3208 6576 -10312 ) (-3284 6576 -10312 ) (-3284 6576 -10320 ) 
4 105 110 (-3284 6464 -10354 ) (-3284 6464 -10312 ) (-3284 6576 -10312 ) (-3284 6576 -10354 ) 
4 105 109 (-3284 6464 -10354 ) (-3284 6576 -10354 ) (-3208 6576 -10354 ) (-3208 6464 -10354 ) 
4 106 110 (-3284 6876 -10354 ) (-3284 7168 -10354 ) (-3284 7168 -10408 ) (-3284 6876 -10408 ) 
4 106 107 (-3208 6876 -10364 ) (-3208 6876 -10354 ) (-3284 6876 -10354 ) (-3284 6876 -10364 ) 
4 106 108 (-3284 6876 -10408 ) (-3208 6876 -10408 ) (-3208 6876 -10378 ) (-3284 6876 -10378 ) 
4 107 110 (-3284 6662 -10354 ) (-3284 6876 -10354 ) (-3284 6876 -10364 ) (-3284 6662 -10364 ) 
4 107 109 (-3208 6662 -10364 ) (-3208 6662 -10354 ) (-3284 6662 -10354 ) (-3284 6662 -10364 ) 
4 108 110 (-3284 6876 -10378 ) (-3284 6876 -10408 ) (-3284 6662 -10408 ) (-3284 6662 -10378 ) 
4 108 109 (-3284 6662 -10408 ) (-3208 6662 -10408 ) (-3208 6662 -10378 ) (-3284 6662 -10378 ) 
4 109 110 (-3284 6464 -10408 ) (-3284 6464 -10354 ) (-3284 6662 -10354 ) (-3284 6662 -10408 ) 
4 110 112 (-3284 6464 -10184 ) (-3284 6464 -9432 ) (-4096 6464 -9432 ) (-4096 6464 -10184 ) 
4 110 111 (-3328 6464 -10408 ) (-3968 6464 -10408 ) (-3968 7168 -10408 ) (-3328 7168 -10408 ) 
4 111 113 (-3968 7168 -10440 ) (-3328 7168 -10440 ) (-3328 6464 -10440 ) (-3968 6464 -10440 ) 
4 112 117 (-3200 6144 -9432 ) (-4096 6144 -9432 ) (-4096 6144 -9744 ) (-3200 6144 -9744 ) 
3 114 176 (-4096 6144 -472 ) (-4096 6144 -456 ) (-4114.285645 6144 -456 ) 
5 114 174 (-4096 6144 -456 ) (-4096 6144 -40 ) (-4224 6144 -40 ) (-4224 6144 -360 ) (-4114.285645 6144 -456 ) 
4 114 171 (-4096 6144 -40 ) (-4096 6144 216 ) (-4224 6144 216 ) (-4224 6144 -40 ) 
4 115 176 (-4096 6144 -456 ) (-4096 6144 -472 ) (-4096 5824 -472 ) (-4096 5824 -456 ) 
4 115 174 (-4096 6144 -40 ) (-4096 6144 -456 ) (-4096 5824 -456 ) (-4096 5824 -40 ) 
4 115 171 (-4096 6144 216 ) (-4096 6144 -40 ) (-4096 5824 -40 ) (-4096 5824 216 ) 
4 115 129 (-3968 5824 -472 ) (-3328 5824 -472 ) (-3328 5824 -456 ) (-3968 5824 -456 ) 
4 115 120 (-3968 5824 -456 ) (-3328 5824 -456 ) (-3328 5824 -40 ) (-3968 5824 -40 ) 
4 115 116 (-3200 5824 -471.996033 ) (-4096 5824 -1255.995972 ) (-4096 6144 -1255.995972 ) (-3200 6144 -471.996033 ) 
4 117 135 (-4096 5824 -8408 ) (-4096 5824 -9304 ) (-3200 5824 -9304 ) (-3200 5824 -8408 ) 
4 118 172 (-4096 5728 216 ) (-4096 5776 216 ) (-4096 5776 -40 ) (-4096 5728 -40 ) 
4 118 121 (-4000 5776 -40 ) (-3296 5776 -40 ) (-3296 5728 -40 ) (-4000 5728 -40 ) 
4 119 173 (-4096 5120 -40 ) (-4096 5120 216 ) (-4096 5680 216 ) (-4096 5680 -40 ) 
4 119 137 (-3072 5120 -40 ) (-3072 5120 216 ) (-4096 5120 216 ) (-4096 5120 -40 ) 
4 119 125 (-3200 5488 -40 ) (-3200 5424 -40 ) (-3328 5424 -40 ) (-3328 5488 -40 ) 
4 119 124 (-3328 5680 -40 ) (-3200 5680 -40 ) (-3200 5488 -40 ) (-3328 5488 -40 ) 
4 119 127 (-3200 5424 -40 ) (-3200 5120 -40 ) (-3328 5120 -40 ) (-3328 5424 -40 ) 
4 119 128 (-4096 5120 -40 ) (-4096 5680 -40 ) (-3328 5680 -40 ) (-3328 5120 -40 ) 
4 119 123 (-3200 5680 -40 ) (-3072 5680 -40 ) (-3072 5120 -40 ) (-3200 5120 -40 ) 
4 120 129 (-3968 5824 -456 ) (-3328 5824 -456 ) (-3328 5776 -456 ) (-3968 5776 -456 ) 
4 120 121 (-3968 5776 -456 ) (-3328 5776 -456 ) (-3328 5776 -40 ) (-3968 5776 -40 ) 
4 121 132 (-4000 5776 -456 ) (-3968 5776 -456 ) (-3968 5728 -456 ) (-4000 5728 -456 ) 
4 121 131 (-3968 5776 -456 ) (-3328 5776 -456 ) (-3328 5728 -456 ) (-3968 5728 -456 ) 
4 121 130 (-3328 5776 -456 ) (-3296 5776 -456 ) (-3296 5728 -456 ) (-3328 5728 -456 ) 
4 121 122 (-3968 5728 -456 ) (-3328 5728 -456 ) (-3328 5728 -40 ) (-3968 5728 -40 ) 
4 122 133 (-3968 5728 -456 ) (-3328 5728 -456 ) (-3328 5680 -456 ) (-3968 5680 -456 ) 
4 122 128 (-3968 5680 -456 ) (-3328 5680 -456 ) (-3328 5680 -40 ) (-3968 5680 -40 ) 
5 123 140 (-3072 5120 -359.998108 ) (-3072 5120 -40 ) (-3200 5120 -40 ) (-3200 5120 -456 ) (-3181.716309 5120 -456 ) 
4 123 134 (-3181.716309 5120 -456 ) (-3200 5120 -456 ) (-3200 5680 -456 ) (-3181.716309 5680 -456 ) 
4 123 125 (-3200 5424 -304 ) (-3200 5424 -40 ) (-3200 5488 -40 ) (-3200 5488 -304 ) 
4 123 126 (-3200 5488 -456 ) (-3200 5424 -456 ) (-3200 5424 -344 ) (-3200 5488 -344 ) 
4 123 124 (-3200 5680 -40 ) (-3200 5680 -456 ) (-3200 5488 -456 ) (-3200 5488 -40 ) 
4 123 127 (-3200 5424 -456 ) (-3200 5120 -456 ) (-3200 5120 -40 ) (-3200 5424 -40 ) 
4 124 134 (-3328 5488 -456 ) (-3328 5680 -456 ) (-3200 5680 -456 ) (-3200 5488 -456 ) 
4 124 125 (-3328 5488 -40 ) (-3328 5488 -304 ) (-3200 5488 -304 ) (-3200 5488 -40 ) 
4 124 126 (-3328 5488 -344 ) (-3328 5488 -456 ) (-3200 5488 -456 ) (-3200 5488 -344 ) 
4 124 128 (-3328 5680 -40 ) (-3328 5680 -456 ) (-3328 5488 -456 ) (-3328 5488 -40 ) 
4 125 127 (-3328 5424 -40 ) (-3328 5424 -304 ) (-3200 5424 -304 ) (-3200 5424 -40 ) 
4 125 128 (-3328 5424 -304 ) (-3328 5424 -40 ) (-3328 5488 -40 ) (-3328 5488 -304 ) 
4 126 134 (-3328 5424 -456 ) (-3328 5488 -456 ) (-3200 5488 -456 ) (-3200 5424 -456 ) 
4 126 128 (-3328 5488 -456 ) (-3328 5424 -456 ) (-3328 5424 -344 ) (-3328 5488 -344 ) 
4 126 127 (-3328 5424 -344 ) (-3328 5424 -456 ) (-3200 5424 -456 ) (-3200 5424 -344 ) 
4 127 140 (-3200 5120 -40 ) (-3328 5120 -40 ) (-3328 5120 -456 ) (-3200 5120 -456 ) 
4 127 134 (-3200 5120 -456 ) (-3328 5120 -456 ) (-3328 5424 -456 ) (-3200 5424 -456 ) 
4 127 128 (-3328 5424 -456 ) (-3328 5120 -456 ) (-3328 5120 -40 ) (-3328 5424 -40 ) 
4 128 175 (-4096 5120 -456 ) (-4096 5120 -40 ) (-4096 5680 -40 ) (-4096 5680 -456 ) 
4 128 145 (-3968 5120 -40 ) (-4096 5120 -40 ) (-4096 5120 -456 ) (-3968 5120 -456 ) 
4 128 140 (-3328 5120 -40 ) (-3968 5120 -40 ) (-3968 5120 -456 ) (-3328 5120 -456 ) 
4 128 134 (-3328 5120 -456 ) (-4096 5120 -456 ) (-4096 5680 -456 ) (-3328 5680 -456 ) 
4 129 131 (-3968 5776 -472 ) (-3328 5776 -472 ) (-3328 5776 -456 ) (-3968 5776 -456 ) 
4 130 131 (-3328 5776 -456 ) (-3328 5776 -472 ) (-3328 5728 -472 ) (-3328 5728 -456 ) 
4 131 133 (-3968 5728 -472 ) (-3328 5728 -472 ) (-3328 5728 -456 ) (-3968 5728 -456 ) 
4 131 132 (-3968 5776 -456 ) (-3968 5776 -472 ) (-3968 5728 -472 ) (-3968 5728 -456 ) 
4 133 134 (-3968 5680 -472 ) (-3328 5680 -472 ) (-3328 5680 -456 ) (-3968 5680 -456 ) 
4 134 177 (-4096 5120 -472 ) (-4096 5120 -456 ) (-4096 5680 -456 ) (-4096 5680 -472 ) 
4 134 161 (-3181.716553 5120 -456 ) (-4096 5120 -456 ) (-4096 5120 -472 ) (-3200.002197 5120 -472 ) 
4 135 170 (-3200 5120 -9304 ) (-3200 5120 -8408 ) (-4096 5120 -8408 ) (-4096 5120 -9304 ) 
4 136 664 (-3072 4096 216 ) (-3072 4096 392 ) (-4096 4096 392 ) (-4096 4096 216 ) 
4 136 178 (-4096 4096 216 ) (-4096 4096 392 ) (-4096 4880 392 ) (-4096 4880 216 ) 
4 136 139 (-4096 4096 216 ) (-4096 4880 216 ) (-3072 4880 216 ) (-3072 4096 216 ) 
4 137 179 (-4096 5024 216 ) (-4096 5120 216 ) (-4096 5120 -40 ) (-4096 5024 -40 ) 
4 137 145 (-4096 5024 -40 ) (-4096 5120 -40 ) (-3968 5120 -40 ) (-3968 5024 -40 ) 
4 137 140 (-3968 5120 -40 ) (-3072 5120 -40 ) (-3072 5024 -40 ) (-3968 5024 -40 ) 
4 138 180 (-4096 4928 216 ) (-4096 4976 216 ) (-4096 4976 -40 ) (-4096 4928 -40 ) 
4 138 146 (-4000 4976 -40 ) (-3968 4976 -40 ) (-3968 4928 -40 ) (-4000 4928 -40 ) 
4 138 142 (-3968 4976 -40 ) (-3296 4976 -40 ) (-3296 4928 -40 ) (-3968 4928 -40 ) 
4 139 664 (-3072 4096 -40 ) (-3072 4096 216 ) (-4096 4096 216 ) (-4096 4096 -40 ) 
4 139 181 (-4096 4096 -40 ) (-4096 4096 216 ) (-4096 4880 216 ) (-4096 4880 -40 ) 
4 139 150 (-4096 4520 -40 ) (-4096 4664 -40 ) (-3968 4664 -40 ) (-3968 4520 -40 ) 
4 139 151 (-3968 4096 -40 ) (-4096 4096 -40 ) (-4096 4520 -40 ) (-3968 4520 -40 ) 
4 139 148 (-4096 4664 -40 ) (-4096 4672 -40 ) (-3968 4672 -40 ) (-3968 4664 -40 ) 
4 139 147 (-4096 4672 -40 ) (-4096 4880 -40 ) (-3968 4880 -40 ) (-3968 4672 -40 ) 
4 139 143 (-3072 4096 -40 ) (-3328 4096 -40 ) (-3328 4880 -40 ) (-3072 4880 -40 ) 
4 139 144 (-3328 4096 -40 ) (-3968 4096 -40 ) (-3968 4880 -40 ) (-3328 4880 -40 ) 
4 140 161 (-3968 5120 -456 ) (-3181.716553 5120 -456 ) (-3181.716553 5024 -456 ) (-3968 5024 -456 ) 
4 140 145 (-3968 5120 -456 ) (-3968 5024 -456 ) (-3968 5024 -40 ) (-3968 5120 -40 ) 
4 140 141 (-3968 5024 -40 ) (-3968 5024 -456 ) (-3328 5024 -456 ) (-3328 5024 -40 ) 
4 141 162 (-3328 4976 -456 ) (-3968 4976 -456 ) (-3968 5024 -456 ) (-3328 5024 -456 ) 
4 141 142 (-3968 4976 -40 ) (-3968 4976 -456 ) (-3328 4976 -456 ) (-3328 4976 -40 ) 
4 142 164 (-3328 4928 -456 ) (-3968 4928 -456 ) (-3968 4976 -456 ) (-3328 4976 -456 ) 
4 142 163 (-3296 4928 -456 ) (-3328 4928 -456 ) (-3328 4976 -456 ) (-3296 4976 -456 ) 
4 142 146 (-3968 4976 -456 ) (-3968 4928 -456 ) (-3968 4928 -40 ) (-3968 4976 -40 ) 
4 142 144 (-3968 4928 -40 ) (-3968 4928 -456 ) (-3328 4928 -456 ) (-3328 4928 -40 ) 
4 143 664 (-3072 4096 -456 ) (-3072 4096 -40 ) (-3328 4096 -40 ) (-3328 4096 -456 ) 
4 143 168 (-3296 4096 -456 ) (-3328 4096 -456 ) (-3328 4880 -456 ) (-3296 4880 -456 ) 
4 143 167 (-3072 4880 -456 ) (-3072 4096 -456 ) (-3296 4096 -456 ) (-3296 4880 -456 ) 
4 143 144 (-3328 4880 -456 ) (-3328 4096 -456 ) (-3328 4096 -40 ) (-3328 4880 -40 ) 
4 144 664 (-3328 4096 -40 ) (-3968 4096 -40 ) (-3968 4096 -456 ) (-3328 4096 -456 ) 
4 144 168 (-3328 4096 -456 ) (-3968 4096 -456 ) (-3968 4880 -456 ) (-3328 4880 -456 ) 
4 144 166 (-3968 4880 -456 ) (-3968 4928 -456 ) (-3328 4928 -456 ) (-3328 4880 -456 ) 
4 144 156 (-3968 4664 -456 ) (-3968 4096 -456 ) (-3968 4096 -344 ) (-3968 4664 -344 ) 
4 144 155 (-3968 4096 -344 ) (-3968 4096 -200 ) (-3968 4520 -200 ) (-3968 4520 -344 ) 
4 144 152 (-3968 4664 -240 ) (-3968 4664 -297 ) (-3968 4528 -297 ) (-3968 4528 -240 ) 
4 144 150 (-3968 4520 -40 ) (-3968 4664 -40 ) (-3968 4664 -192 ) (-3968 4520 -192 ) 
4 144 151 (-3968 4096 -200 ) (-3968 4096 -40 ) (-3968 4520 -40 ) (-3968 4520 -200 ) 
4 144 149 (-3968 4672 -456 ) (-3968 4664 -456 ) (-3968 4664 -344 ) (-3968 4672 -344 ) 
4 144 148 (-3968 4664 -192 ) (-3968 4664 -40 ) (-3968 4672 -40 ) (-3968 4672 -192 ) 
4 144 147 (-3968 4880 -456 ) (-3968 4672 -456 ) (-3968 4672 -40 ) (-3968 4880 -40 ) 
4 145 182 (-4096 5024 -40 ) (-4096 5120 -40 ) (-4096 5120 -456 ) (-4096 5024 -456 ) 
4 145 161 (-4096 5024 -456 ) (-4096 5120 -456 ) (-3968 5120 -456 ) (-3968 5024 -456 ) 
4 146 165 (-4000 4976 -456 ) (-3968 4976 -456 ) (-3968 4928 -456 ) (-4000 4928 -456 ) 
4 147 183 (-4096 4672 -40 ) (-4096 4880 -40 ) (-4096 4880 -456 ) (-4096 4672 -456 ) 
4 147 168 (-4000 4880 -456 ) (-3968 4880 -456 ) (-3968 4672 -456 ) (-4000 4672 -456 ) 
4 147 169 (-4096 4672 -456 ) (-4096 4880 -456 ) (-4000 4880 -456 ) (-4000 4672 -456 ) 
4 147 149 (-4096 4672 -456 ) (-3968 4672 -456 ) (-3968 4672 -344 ) (-4096 4672 -344 ) 
4 147 148 (-3968 4672 -192 ) (-3968 4672 -40 ) (-4096 4672 -40 ) (-4096 4672 -192 ) 
4 148 184 (-4096 4664 -40 ) (-4096 4672 -40 ) (-4096 4672 -192 ) (-4096 4664 -192 ) 
4 148 150 (-3968 4664 -192 ) (-3968 4664 -40 ) (-4096 4664 -40 ) (-4096 4664 -192 ) 
4 149 190 (-4096 4672 -344 ) (-4096 4672 -456 ) (-4096 4664 -456 ) (-4096 4664 -344 ) 
4 149 168 (-4000 4672 -456 ) (-3968 4672 -456 ) (-3968 4664 -456 ) (-4000 4664 -456 ) 
4 149 169 (-4096 4664 -456 ) (-4096 4672 -456 ) (-4000 4672 -456 ) (-4000 4664 -456 ) 
4 149 157 (-4096 4664 -456 ) (-4000 4664 -456 ) (-4000 4664 -344 ) (-4096 4664 -344 ) 
4 149 156 (-4000 4664 -456 ) (-3968 4664 -456 ) (-3968 4664 -344 ) (-4000 4664 -344 ) 
4 150 184 (-4096 4520 -40 ) (-4096 4664 -40 ) (-4096 4664 -192 ) (-4096 4520 -192 ) 
4 150 151 (-3968 4520 -192 ) (-3968 4520 -40 ) (-4096 4520 -40 ) (-4096 4520 -192 ) 
4 151 664 (-3968 4096 -40 ) (-4096 4096 -40 ) (-4096 4096 -200 ) (-3968 4096 -200 ) 
4 151 185 (-4096 4096 -200 ) (-4096 4096 -40 ) (-4096 4520 -40 ) (-4096 4520 -200 ) 
4 151 155 (-4096 4096 -200 ) (-4096 4520 -200 ) (-3968 4520 -200 ) (-3968 4096 -200 ) 
4 152 153 (-3976 4528 -297 ) (-3976 4528 -240 ) (-3976 4664 -240 ) (-3976 4664 -297 ) 
4 153 154 (-4008 4528 -304 ) (-4008 4528 -200 ) (-4008 4664 -200 ) (-4008 4664 -304 ) 
4 154 187 (-4096 4528 -200 ) (-4096 4664 -200 ) (-4096 4664 -344 ) (-4096 4528 -344 ) 
4 154 158 (-4008 4624 -344 ) (-4008 4528 -344 ) (-4096 4528 -344 ) (-4096 4624 -344 ) 
4 154 157 (-4096 4664 -344 ) (-4008 4664 -344 ) (-4008 4624 -344 ) (-4096 4624 -344 ) 
4 155 664 (-4096 4096 -200 ) (-4096 4096 -344 ) (-3968 4096 -344 ) (-3968 4096 -200 ) 
4 155 189 (-4096 4096 -344 ) (-4096 4096 -200 ) (-4096 4520 -200 ) (-4096 4520 -344 ) 
4 155 158 (-4096 4464 -344 ) (-4096 4520 -344 ) (-4000 4520 -344 ) (-4000 4464 -344 ) 
4 155 160 (-4000 4096 -344 ) (-4096 4096 -344 ) (-4096 4464 -344 ) (-4000 4464 -344 ) 
4 155 156 (-3968 4520 -344 ) (-3968 4096 -344 ) (-4000 4096 -344 ) (-4000 4520 -344 ) 
4 156 664 (-4000 4096 -456 ) (-3968 4096 -456 ) (-3968 4096 -344 ) (-4000 4096 -344 ) 
4 156 168 (-4000 4664 -456 ) (-3968 4664 -456 ) (-3968 4096 -456 ) (-4000 4096 -456 ) 
4 156 159 (-4000 4624 -444 ) (-4000 4624 -456 ) (-4000 4464 -456 ) (-4000 4464 -444 ) 
4 156 158 (-4000 4464 -344 ) (-4000 4624 -344 ) (-4000 4624 -360 ) (-4000 4464 -360 ) 
4 156 157 (-4000 4624 -344 ) (-4000 4664 -344 ) (-4000 4664 -456 ) (-4000 4624 -456 ) 
4 156 160 (-4000 4096 -344 ) (-4000 4464 -344 ) (-4000 4464 -456 ) (-4000 4096 -456 ) 
4 157 190 (-4096 4624 -344 ) (-4096 4664 -344 ) (-4096 4664 -456 ) (-4096 4624 -456 ) 
4 157 169 (-4096 4624 -456 ) (-4096 4664 -456 ) (-4000 4664 -456 ) (-4000 4624 -456 ) 
4 157 159 (-4096 4624 -456 ) (-4000 4624 -456 ) (-4000 4624 -444 ) (-4096 4624 -360 ) 
4 157 158 (-4000 4624 -360 ) (-4000 4624 -344 ) (-4096 4624 -344 ) (-4096 4624 -360 ) 
4 158 190 (-4096 4464 -344 ) (-4096 4624 -344 ) (-4096 4624 -360 ) (-4096 4464 -360 ) 
4 158 160 (-4000 4464 -360 ) (-4000 4464 -344 ) (-4096 4464 -344 ) (-4096 4464 -360 ) 
4 159 190 (-4096 4624 -360 ) (-4096 4624 -456 ) (-4096 4464 -456 ) (-4096 4464 -360 ) 
4 159 169 (-4096 4464 -456 ) (-4096 4624 -456 ) (-4000 4624 -456 ) (-4000 4464 -456 ) 
4 159 160 (-4096 4464 -456 ) (-4000 4464 -456 ) (-4000 4464 -444 ) (-4096 4464 -360 ) 
4 160 664 (-4096 4096 -344 ) (-4096 4096 -456 ) (-4000 4096 -456 ) (-4000 4096 -344 ) 
4 160 190 (-4096 4096 -456 ) (-4096 4096 -344 ) (-4096 4464 -344 ) (-4096 4464 -456 ) 
4 160 169 (-4096 4096 -456 ) (-4096 4464 -456 ) (-4000 4464 -456 ) (-4000 4096 -456 ) 
4 161 191 (-4096 5024 -456 ) (-4096 5120 -456 ) (-4096 5120 -472 ) (-4096 5024 -472 ) 
4 161 162 (-3968 5024 -472 ) (-3328 5024 -472 ) (-3328 5024 -456 ) (-3968 5024 -456 ) 
4 162 164 (-3968 4976 -472 ) (-3328 4976 -472 ) (-3328 4976 -456 ) (-3968 4976 -456 ) 
4 163 164 (-3328 4976 -456 ) (-3328 4976 -472 ) (-3328 4928 -472 ) (-3328 4928 -456 ) 
4 164 166 (-3968 4928 -472 ) (-3328 4928 -472 ) (-3328 4928 -456 ) (-3968 4928 -456 ) 
4 164 165 (-3968 4976 -456 ) (-3968 4976 -472 ) (-3968 4928 -472 ) (-3968 4928 -456 ) 
4 166 168 (-3968 4880 -472 ) (-3328 4880 -472 ) (-3328 4880 -456 ) (-3968 4880 -456 ) 
4 167 666 (-3072 4096 -472 ) (-3072 4096 -456 ) (-3296 4096 -456 ) (-3296 4096 -472 ) 
4 167 168 (-3296 4880 -456 ) (-3296 4880 -472 ) (-3296 4096 -472 ) (-3296 4096 -456 ) 
4 168 667 (-3296 4096 -456 ) (-4000 4096 -456 ) (-4000 4096 -472 ) (-3296 4096 -472 ) 
4 168 169 (-4000 4880 -456 ) (-4000 4880 -472 ) (-4000 4096 -472 ) (-4000 4096 -456 ) 
4 169 668 (-4000 4096 -456 ) (-4096 4096 -456 ) (-4096 4096 -472 ) (-4000 4096 -472 ) 
4 169 192 (-4096 4096 -472 ) (-4096 4096 -456 ) (-4096 4880 -456 ) (-4096 4880 -472 ) 
4 170 671 (-3200 4096 -9304 ) (-3200 4096 -8408 ) (-4096 4096 -8408 ) (-4096 4096 -9304 ) 
4 171 174 (-4224 5824 -40 ) (-4224 6144 -40 ) (-4096 6144 -40 ) (-4096 5824 -40 ) 
4 173 179 (-4096 5120 -40 ) (-4096 5120 216 ) (-4224 5120 216 ) (-4224 5120 -40 ) 
4 173 175 (-4096 5120 -40 ) (-4224 5120 -40 ) (-4224 5680 -40 ) (-4096 5680 -40 ) 
4 174 176 (-4114.285156 6144 -456 ) (-4096 6144 -456 ) (-4096 5824 -456 ) (-4114.285156 5824 -456 ) 
5 175 182 (-4096 5120 -456 ) (-4096 5120 -40 ) (-4224 5120 -40 ) (-4224 5120 -360 ) (-4114.285156 5120 -456 ) 
4 175 177 (-4096 5120 -456 ) (-4114.285156 5120 -456 ) (-4114.285156 5680 -456 ) (-4096 5680 -456 ) 
3 177 191 (-4096 5120 -472 ) (-4096 5120 -456 ) (-4114.285156 5120 -456 ) 
4 178 672 (-4096 4096 216 ) (-4096 4096 392 ) (-4224 4096 392 ) (-4224 4096 216 ) 
4 178 181 (-4096 4096 216 ) (-4224 4096 216 ) (-4224 4880 216 ) (-4096 4880 216 ) 
4 179 182 (-4224 5024 -40 ) (-4224 5120 -40 ) (-4096 5120 -40 ) (-4096 5024 -40 ) 
4 181 672 (-4096 4096 -40 ) (-4096 4096 216 ) (-4224 4096 216 ) (-4224 4096 -40 ) 
4 181 184 (-4224 4520 -40 ) (-4224 4672 -40 ) (-4096 4672 -40 ) (-4096 4520 -40 ) 
4 181 185 (-4224 4096 -40 ) (-4224 4520 -40 ) (-4096 4520 -40 ) (-4096 4096 -40 ) 
4 181 183 (-4224 4672 -40 ) (-4224 4880 -40 ) (-4096 4880 -40 ) (-4096 4672 -40 ) 
4 182 191 (-4114.285156 5120 -456 ) (-4096 5120 -456 ) (-4096 5024 -456 ) (-4114.285156 5024 -456 ) 
4 183 192 (-4096 4880 -456 ) (-4096 4672 -456 ) (-4224 4672 -456 ) (-4224 4880 -456 ) 
4 183 186 (-4184 4672 -344 ) (-4104 4672 -344 ) (-4104 4672 -200 ) (-4184 4672 -200 ) 
4 183 190 (-4224 4672 -344 ) (-4224 4672 -456 ) (-4096 4672 -456 ) (-4096 4672 -344 ) 
4 183 184 (-4096 4672 -40 ) (-4224 4672 -40 ) (-4224 4672 -192 ) (-4096 4672 -192 ) 
4 184 185 (-4096 4520 -192 ) (-4096 4520 -40 ) (-4224 4520 -40 ) (-4224 4520 -192 ) 
4 185 672 (-4096 4096 -200 ) (-4096 4096 -40 ) (-4224 4096 -40 ) (-4224 4096 -200 ) 
4 185 189 (-4224 4096 -200 ) (-4224 4520 -200 ) (-4096 4520 -200 ) (-4096 4096 -200 ) 
4 186 190 (-4184 4672 -344 ) (-4104 4672 -344 ) (-4104 4664 -344 ) (-4184 4664 -344 ) 
4 186 187 (-4184 4664 -344 ) (-4104 4664 -344 ) (-4104 4664 -200 ) (-4184 4664 -200 ) 
4 187 188 (-4184 4528 -344 ) (-4136 4528 -344 ) (-4136 4528 -236 ) (-4184 4528 -236 ) 
4 187 190 (-4224 4528 -344 ) (-4224 4664 -344 ) (-4096 4664 -344 ) (-4096 4528 -344 ) 
4 188 189 (-4184 4520 -344 ) (-4136 4520 -344 ) (-4136 4520 -236 ) (-4184 4520 -236 ) 
4 188 190 (-4184 4528 -344 ) (-4136 4528 -344 ) (-4136 4520 -344 ) (-4184 4520 -344 ) 
4 189 672 (-4096 4096 -344 ) (-4096 4096 -200 ) (-4224 4096 -200 ) (-4224 4096 -344 ) 
4 189 190 (-4096 4096 -344 ) (-4224 4096 -344 ) (-4224 4520 -344 ) (-4096 4520 -344 ) 
4 190 672 (-4096 4096 -456 ) (-4096 4096 -344 ) (-4224 4096 -344 ) (-4224 4096 -456 ) 
4 190 192 (-4096 4672 -456 ) (-4096 4096 -456 ) (-4224 4096 -456 ) (-4224 4672 -456 ) 
4 192 672 (-4096 4096 -472 ) (-4096 4096 -456 ) (-4224 4096 -456 ) (-4224 4096 -472 ) 
4 193 197 (1088 1360 360 ) (1184 1360 360 ) (1184 1360 400 ) (1088 1360 400 ) 
4 193 195 (1032 1360 552 ) (1024 1360 552 ) (1024 1360 488 ) (1032 1360 488 ) 
4 193 196 (1024 1360 448 ) (1024 1360 400 ) (1032 1360 400 ) (1032 1360 448 ) 
4 193 194 (1184 1360 400 ) (1184 1360 552 ) (1032 1360 552 ) (1032 1360 400 ) 
4 194 199 (1048 1320 552 ) (1032 1320 552 ) (1032 1320 400 ) (1048 1320 400 ) 
4 194 198 (1184 1320 400 ) (1184 1320 552 ) (1048 1320 552 ) (1048 1320 400 ) 
4 194 197 (1088 1360 400 ) (1184 1360 400 ) (1184 1320 400 ) (1088 1320 400 ) 
4 194 195 (1032 1360 552 ) (1032 1360 488 ) (1032 1320 488 ) (1032 1320 552 ) 
4 194 196 (1032 1360 448 ) (1032 1360 400 ) (1032 1320 400 ) (1032 1320 448 ) 
4 195 201 (1024 1360 526 ) (1024 1360 488 ) (1024 1320 488 ) (1024 1320 526 ) 
4 195 199 (1032 1320 552 ) (1024 1320 552 ) (1024 1320 488 ) (1032 1320 488 ) 
4 196 202 (1024 1360 448 ) (1024 1360 408 ) (1024 1320 408 ) (1024 1320 448 ) 
4 196 199 (1024 1320 448 ) (1024 1320 400 ) (1032 1320 400 ) (1032 1320 448 ) 
4 197 198 (1088 1320 360 ) (1184 1320 360 ) (1184 1320 400 ) (1088 1320 400 ) 
4 198 215 (1184 1024 552 ) (1048 1024 552 ) (1048 1024 360 ) (1184 1024 360 ) 
4 198 199 (1048 1320 552 ) (1048 1320 392 ) (1048 1184 392 ) (1048 1184 552 ) 
4 198 200 (1048 1184 360 ) (1048 1024 360 ) (1048 1024 552 ) (1048 1184 552 ) 
4 199 202 (1024 1320 448 ) (1024 1320 408 ) (1024 1184 408 ) (1024 1184 448 ) 
4 199 200 (1048 1184 392 ) (1048 1184 552 ) (1024 1184 552 ) (1024 1184 400 ) 
4 200 215 (1048 1024 552 ) (1024 1024 552 ) (1024 1024 360 ) (1048 1024 360 ) 
4 200 205 (1024 1128 468 ) (1024 1128 360 ) (1024 1080 360 ) (1024 1080 468 ) 
4 201 206 (1008 1360 526 ) (1008 1360 488 ) (1008 1320 488 ) (1008 1320 526 ) 
4 202 203 (1018 1360 408 ) (1018 1184 408 ) (1018 1184 448 ) (1018 1360 448 ) 
4 203 204 (1014 1360 408 ) (1014 1184 408 ) (1014 1184 448 ) (1014 1360 448 ) 
4 204 210 (1008 1184 408 ) (1008 1184 448 ) (1008 1240 448 ) (1008 1240 408 ) 
4 204 206 (1008 1240 448 ) (1008 1360 448 ) (1008 1360 408 ) (1008 1240 408 ) 
4 205 211 (1008 1080 360 ) (1008 1080 468 ) (1008 1112 468 ) (1008 1112 360 ) 
4 205 210 (1008 1112 468 ) (1008 1128 468 ) (1008 1128 360 ) (1008 1112 360 ) 
5 206 213 (0 1240 360 ) (0 1240 648 ) (0 1288 648 ) (0 1368 552 ) (0 1368 360 ) 
4 206 210 (0 1240 648 ) (0 1240 360 ) (1008 1240 360 ) (1008 1240 648 ) 
4 207 210 (880 1112 648 ) (752 1112 648 ) (752 1240 648 ) (880 1240 648 ) 
4 208 210 (496 1112 648 ) (368 1112 648 ) (368 1240 648 ) (496 1240 648 ) 
4 209 212 (0 1112 648 ) (0 1112 744 ) (0 1240 744 ) (0 1240 648 ) 
4 209 210 (112 1112 648 ) (0 1112 648 ) (0 1240 648 ) (112 1240 648 ) 
4 210 213 (0 1112 360 ) (0 1112 648 ) (0 1240 648 ) (0 1240 360 ) 
4 210 211 (1008 1112 360 ) (1008 1112 648 ) (0 1112 648 ) (0 1112 360 ) 
4 211 223 (1008 1024 360 ) (1008 1024 552 ) (0 1024 552 ) (0 1024 360 ) 
4 211 222 (1008 1024 552 ) (1008 1024 600 ) (0 1024 600 ) (0 1024 552 ) 
5 211 213 (0 1024 360 ) (0 1024 600 ) (0 1064 648 ) (0 1112 648 ) (0 1112 360 ) 
4 212 213 (-16 1240 648 ) (0 1240 648 ) (0 1112 648 ) (-16 1112 648 ) 
4 213 244 (0 1024 552 ) (0 1024 600 ) (-144 1024 600 ) (-144 1024 552 ) 
4 213 245 (0 1024 360 ) (0 1024 552 ) (-144 1024 552 ) (-144 1024 360 ) 
4 214 246 (-320 1024 504 ) (-528 1024 504 ) (-528 1024 360 ) (-320 1024 360 ) 
4 216 237 (1024 0 360 ) (1024 0 608 ) (1024 320 608 ) (1024 320 360 ) 
4 216 217 (1024 0 608 ) (1024 0 360 ) (1200 0 360 ) (1200 0 608 ) 
4 217 417 (1024 -448 608 ) (1024 -128 608 ) (1024 -128 360 ) (1024 -448 360 ) 
4 217 414 (1024 -128 608 ) (1024 0 608 ) (1024 0 360 ) (1024 -128 360 ) 
4 218 426 (1024 -1024 360 ) (1024 -1024 608 ) (1024 -896 608 ) (1024 -896 360 ) 
4 218 418 (1024 -896 608 ) (1024 -576 608 ) (1024 -576 360 ) (1024 -896 360 ) 
4 219 412 (0 0 1608 ) (0 0 616 ) (125 0 616 ) (125 0 1608 ) 
4 219 306 (0 0 640 ) (0 0 656 ) (0 208 656 ) (0 208 640 ) 
4 219 305 (0 0 656 ) (0 0 888 ) (0 208 888 ) (0 208 656 ) 
4 219 310 (0 0 616 ) (0 0 640 ) (0 208 640 ) (0 208 616 ) 
4 219 301 (0 0 888 ) (0 0 904 ) (0 208 904 ) (0 208 888 ) 
4 219 296 (0 0 1144 ) (0 0 1160 ) (0 208 1160 ) (0 208 1144 ) 
4 219 300 (0 0 904 ) (0 0 1144 ) (0 208 1144 ) (0 208 904 ) 
4 219 295 (0 0 1160 ) (0 0 1608 ) (0 208 1608 ) (0 208 1160 ) 
4 219 261 (0 208 1608 ) (0 256 1608 ) (0 256 616 ) (0 208 616 ) 
4 219 259 (0 448 1608 ) (0 496 1608 ) (0 496 712 ) (0 448 712 ) 
4 219 260 (0 256 1608 ) (0 448 1608 ) (0 448 616 ) (0 256 616 ) 
4 219 220 (0 256 616 ) (0 320 616 ) (112 320 616 ) (112 256 616 ) 
4 219 221 (112 0 616 ) (0 0 616 ) (0 192 616 ) (112 192 616 ) 
4 220 260 (0 256 616 ) (0 320 616 ) (0 320 608 ) (0 256 608 ) 
4 220 238 (0 264 608 ) (0 320 608 ) (112 320 608 ) (112 264 608 ) 
4 221 413 (112 0 616 ) (0 0 616 ) (0 0 608 ) (112 0 608 ) 
4 221 311 (0 0 608 ) (0 0 616 ) (0 192 616 ) (0 192 608 ) 
3 222 244 (0 1024 600 ) (0 1024 552 ) (0 984 552 ) 
4 222 223 (0 984 552 ) (0 1024 552 ) (1008 1024 552 ) (1008 984 552 ) 
4 223 245 (0 1024 552 ) (0 1024 360 ) (0 984 360 ) (0 984 552 ) 
4 223 226 (120 984 360 ) (168 984 360 ) (168 984 468 ) (120 984 468 ) 
4 223 225 (388 984 360 ) (436 984 360 ) (436 984 468 ) (388 984 468 ) 
4 223 224 (688 984 360 ) (1008 984 360 ) (1008 984 552 ) (688 984 552 ) 
4 224 227 (688 968 360 ) (1008 968 360 ) (1008 968 552 ) (688 968 552 ) 
4 225 231 (388 968 360 ) (436 968 360 ) (436 968 468 ) (388 968 468 ) 
4 226 232 (120 968 360 ) (168 968 360 ) (168 968 468 ) (120 968 468 ) 
4 227 236 (688 328 360 ) (776 328 360 ) (776 328 552 ) (688 328 552 ) 
4 227 228 (688 704 401 ) (688 704 472 ) (688 896 472 ) (688 896 401 ) 
4 228 229 (682 896 401 ) (682 704 401 ) (682 704 472 ) (682 896 472 ) 
4 229 230 (679 896 401 ) (679 704 401 ) (679 704 472 ) (679 896 472 ) 
4 230 233 (672 704 401 ) (672 704 472 ) (672 896 472 ) (672 896 401 ) 
4 231 233 (352 960 360 ) (672 960 360 ) (672 960 520 ) (352 960 520 ) 
4 232 234 (120 960 360 ) (168 960 360 ) (168 960 468 ) (120 960 468 ) 
4 234 254 (0 800 452 ) (0 800 412 ) (0 640 412 ) (0 640 452 ) 
4 234 248 (0 960 504 ) (0 960 360 ) (0 840 360 ) (0 840 504 ) 
4 234 247 (0 840 608 ) (0 960 608 ) (0 960 504 ) (0 840 504 ) 
4 234 235 (0 640 360 ) (272 640 360 ) (272 640 608 ) (0 640 608 ) 
4 235 262 (0 448 468 ) (0 448 360 ) (0 400 360 ) (0 400 468 ) 
4 235 254 (0 640 452 ) (0 640 412 ) (0 544 412 ) (0 544 452 ) 
4 236 237 (688 320 360 ) (776 320 360 ) (776 320 552 ) (688 320 552 ) 
4 237 415 (688 0 448 ) (688 0 360 ) (728 0 360 ) (728 0 448 ) 
4 237 414 (1024 0 360 ) (1024 0 608 ) (944 0 608 ) (944 0 360 ) 
4 238 241 (0 264 360 ) (0 320 360 ) (112 320 360 ) (112 264 360 ) 
4 239 316 (0 192 608 ) (0 208 608 ) (0 208 360 ) (0 192 360 ) 
4 239 263 (0 208 608 ) (0 256 608 ) (0 256 360 ) (0 208 360 ) 
4 239 240 (112 192 360 ) (176 192 360 ) (176 192 608 ) (112 192 608 ) 
4 240 416 (176 0 608 ) (112 0 608 ) (112 0 360 ) (176 0 360 ) 
4 241 375 (0 256 360 ) (0 320 360 ) (0 320 352 ) (0 256 352 ) 
4 241 243 (0 256 352 ) (0 320 352 ) (112 320 352 ) (112 256 352 ) 
4 242 427 (112 0 360 ) (0 0 360 ) (0 0 352 ) (112 0 352 ) 
4 242 376 (0 0 352 ) (0 0 360 ) (0 192 360 ) (0 192 352 ) 
4 242 243 (0 0 352 ) (0 192 352 ) (112 192 352 ) (112 0 352 ) 
4 243 428 (125 0 -632 ) (125 0 352 ) (0 0 352 ) (0 0 -632 ) 
4 243 377 (0 0 -632 ) (0 0 352 ) (0 504 352 ) (0 504 -632 ) 
4 244 245 (0 984 552 ) (-144 984 552 ) (-144 1024 552 ) (0 1024 552 ) 
4 246 684 (-1024 1024 504 ) (-1024 1024 360 ) (-1024 960 360 ) (-1024 960 504 ) 
4 246 249 (-528 960 360 ) (-320 960 360 ) (-320 960 504 ) (-528 960 504 ) 
4 247 248 (0 840 504 ) (-272 840 504 ) (-272 960 504 ) (0 960 504 ) 
4 248 251 (-200 840 360 ) (-152 840 360 ) (-152 840 468 ) (-200 840 468 ) 
4 249 253 (-520 840 360 ) (-472 840 360 ) (-472 840 468 ) (-520 840 468 ) 
4 249 252 (-336 840 400 ) (-336 840 448 ) (-465 840 448 ) (-465 840 400 ) 
4 250 691 (-1024 720 712 ) (-1024 528 712 ) (-1024 528 720 ) (-1024 720 720 ) 
4 250 255 (-1024 528 712 ) (-1024 720 712 ) (-552 720 712 ) (-552 528 712 ) 
4 251 255 (-200 832 360 ) (-152 832 360 ) (-152 832 468 ) (-200 832 468 ) 
4 252 255 (-336 832 400 ) (-336 832 448 ) (-465 832 448 ) (-465 832 400 ) 
4 253 255 (-520 832 360 ) (-472 832 360 ) (-472 832 468 ) (-520 832 468 ) 
4 254 255 (-8 544 412 ) (-8 544 452 ) (-8 800 452 ) (-8 800 412 ) 
4 255 692 (-1024 832 360 ) (-1024 512 360 ) (-1024 512 712 ) (-1024 832 712 ) 
4 255 372 (-536 512 360 ) (-1024 512 360 ) (-1024 748 360 ) (-536 748 360 ) 
4 255 371 (-1024 748 360 ) (-1024 832 360 ) (-536 832 360 ) (-536 748 360 ) 
4 255 258 (-1024 512 480 ) (-1024 512 416 ) (-880 512 416 ) (-880 512 480 ) 
4 255 257 (-272 512 360 ) (-176 512 360 ) (-176 512 468 ) (-272 512 468 ) 
4 255 256 (-160 512 360 ) (-64 512 360 ) (-64 512 468 ) (-160 512 468 ) 
4 256 275 (-160 504 360 ) (-64 504 360 ) (-64 504 468 ) (-160 504 468 ) 
4 257 275 (-272 504 360 ) (-176 504 360 ) (-176 504 468 ) (-272 504 468 ) 
4 258 697 (-1024 512 480 ) (-1024 512 416 ) (-1024 504 416 ) (-1024 504 480 ) 
4 258 283 (-880 504 416 ) (-880 504 480 ) (-1024 504 480 ) (-1024 504 416 ) 
4 259 264 (-8 448 1608 ) (-8 496 1608 ) (-8 496 712 ) (-8 448 712 ) 
4 259 260 (-8 448 1608 ) (-8 448 712 ) (0 448 712 ) (0 448 1608 ) 
4 260 264 (-8 256 1608 ) (-8 448 1608 ) (-8 448 616 ) (-8 256 616 ) 
4 260 261 (-8 256 1608 ) (-8 256 616 ) (0 256 616 ) (0 256 1608 ) 
4 261 306 (0 208 640 ) (0 208 656 ) (-8 208 656 ) (-8 208 640 ) 
4 261 305 (0 208 656 ) (0 208 888 ) (-8 208 888 ) (-8 208 656 ) 
4 261 310 (0 208 616 ) (0 208 640 ) (-8 208 640 ) (-8 208 616 ) 
4 261 301 (0 208 888 ) (0 208 904 ) (-8 208 904 ) (-8 208 888 ) 
4 261 296 (0 208 1144 ) (0 208 1160 ) (-8 208 1160 ) (-8 208 1144 ) 
4 261 300 (0 208 904 ) (0 208 1144 ) (-8 208 1144 ) (-8 208 904 ) 
4 261 295 (0 208 1160 ) (0 208 1608 ) (-8 208 1608 ) (-8 208 1160 ) 
4 261 264 (-8 208 616 ) (-8 208 1608 ) (-8 256 1608 ) (-8 256 616 ) 
4 262 275 (-8 448 468 ) (-8 448 360 ) (-8 400 360 ) (-8 400 468 ) 
4 263 316 (-8 208 360 ) (0 208 360 ) (0 208 608 ) (-8 208 608 ) 
4 263 275 (-8 208 360 ) (-8 208 608 ) (-8 256 608 ) (-8 256 360 ) 
4 264 306 (-8 208 640 ) (-8 208 656 ) (-488 208 656 ) (-488 208 640 ) 
4 264 305 (-8 208 656 ) (-8 208 888 ) (-488 208 888 ) (-488 208 656 ) 
4 264 310 (-8 208 616 ) (-8 208 640 ) (-488 208 640 ) (-488 208 616 ) 
4 264 301 (-8 208 888 ) (-8 208 904 ) (-488 208 904 ) (-488 208 888 ) 
4 264 296 (-8 208 1144 ) (-8 208 1160 ) (-488 208 1160 ) (-488 208 1144 ) 
4 264 300 (-8 208 904 ) (-8 208 1144 ) (-488 208 1144 ) (-488 208 904 ) 
4 264 295 (-8 208 1160 ) (-8 208 1608 ) (-488 208 1608 ) (-488 208 1160 ) 
4 264 267 (-488 496 616 ) (-464 496 616 ) (-464 208 616 ) (-488 208 616 ) 
4 264 266 (-336 496 616 ) (-328 496 616 ) (-328 208 616 ) (-336 208 616 ) 
4 264 265 (-488 496 1608 ) (-488 496 616 ) (-488 224 616 ) (-488 224 1608 ) 
4 265 270 (-504 224 1608 ) (-504 496 1608 ) (-504 496 616 ) (-504 224 616 ) 
4 265 268 (-504 224 616 ) (-504 496 616 ) (-488 496 616 ) (-488 224 616 ) 
4 266 313 (-328 208 616 ) (-336 208 616 ) (-336 208 608 ) (-328 208 608 ) 
4 267 315 (-464 208 616 ) (-488 208 616 ) (-488 208 608 ) (-464 208 608 ) 
4 267 278 (-488 504 608 ) (-472 504 608 ) (-472 208 608 ) (-488 208 608 ) 
4 267 268 (-488 504 608 ) (-488 224 608 ) (-488 224 616 ) (-488 504 616 ) 
4 268 279 (-504 504 608 ) (-488 504 608 ) (-488 224 608 ) (-504 224 608 ) 
4 268 269 (-504 504 608 ) (-504 496 608 ) (-504 496 616 ) (-504 504 616 ) 
4 268 270 (-504 496 608 ) (-504 224 608 ) (-504 224 616 ) (-504 496 616 ) 
4 269 283 (-744 504 616 ) (-744 504 608 ) (-744 496 608 ) (-744 496 616 ) 
4 269 280 (-744 496 608 ) (-744 504 608 ) (-504 504 608 ) (-504 496 608 ) 
4 269 270 (-744 496 616 ) (-744 496 608 ) (-504 496 608 ) (-504 496 616 ) 
4 270 284 (-744 224 1608 ) (-744 496 1608 ) (-744 496 608 ) (-744 224 608 ) 
4 270 280 (-744 224 608 ) (-744 496 608 ) (-504 496 608 ) (-504 224 608 ) 
4 270 274 (-744 224 640 ) (-744 224 608 ) (-504 224 608 ) (-504 224 640 ) 
4 270 272 (-744 224 1144 ) (-744 224 904 ) (-504 224 904 ) (-504 224 1144 ) 
4 270 273 (-744 224 888 ) (-744 224 656 ) (-504 224 656 ) (-504 224 888 ) 
4 270 271 (-744 224 1608 ) (-744 224 1160 ) (-504 224 1160 ) (-504 224 1608 ) 
4 271 295 (-504 208 1608 ) (-744 208 1608 ) (-744 208 1160 ) (-504 208 1160 ) 
4 272 300 (-744 208 1144 ) (-744 208 904 ) (-504 208 904 ) (-504 208 1144 ) 
4 273 305 (-744 208 888 ) (-744 208 656 ) (-504 208 656 ) (-504 208 888 ) 
4 274 315 (-744 208 616 ) (-744 208 608 ) (-504 208 608 ) (-504 208 616 ) 
4 274 310 (-744 208 640 ) (-744 208 616 ) (-504 208 616 ) (-504 208 640 ) 
4 274 281 (-744 208 608 ) (-744 224 608 ) (-504 224 608 ) (-504 208 608 ) 
4 275 317 (-328 208 360 ) (-8 208 360 ) (-8 208 608 ) (-328 208 608 ) 
4 275 276 (-328 408 468 ) (-328 408 360 ) (-328 360 360 ) (-328 360 468 ) 
4 276 277 (-336 408 468 ) (-336 408 360 ) (-336 360 360 ) (-336 360 468 ) 
4 277 319 (-464 208 360 ) (-336 208 360 ) (-336 208 608 ) (-464 208 608 ) 
4 278 387 (-472 208 360 ) (-488 208 360 ) (-488 224 360 ) (-472 224 360 ) 
4 278 383 (-488 224 360 ) (-488 504 360 ) (-472 504 360 ) (-472 224 360 ) 
4 278 324 (-472 208 384 ) (-472 208 400 ) (-488 208 400 ) (-488 208 384 ) 
4 278 323 (-472 208 400 ) (-472 208 608 ) (-488 208 608 ) (-488 208 400 ) 
4 278 327 (-488 208 360 ) (-472 208 360 ) (-472 208 384 ) (-488 208 384 ) 
4 278 279 (-488 224 608 ) (-488 504 608 ) (-488 504 360 ) (-488 224 360 ) 
4 279 383 (-504 224 360 ) (-504 504 360 ) (-488 504 360 ) (-488 224 360 ) 
4 279 280 (-504 224 608 ) (-504 504 608 ) (-504 504 360 ) (-504 224 360 ) 
4 280 383 (-744 224 360 ) (-744 504 360 ) (-504 504 360 ) (-504 224 360 ) 
4 280 283 (-744 496 608 ) (-744 504 608 ) (-744 504 360 ) (-744 496 360 ) 
4 280 284 (-744 224 608 ) (-744 496 608 ) (-744 496 360 ) (-744 224 360 ) 
4 280 281 (-504 224 400 ) (-504 224 608 ) (-744 224 608 ) (-744 224 400 ) 
4 280 282 (-504 224 360 ) (-504 224 384 ) (-744 224 384 ) (-744 224 360 ) 
4 281 323 (-504 208 400 ) (-504 208 608 ) (-744 208 608 ) (-744 208 400 ) 
4 282 388 (-504 208 360 ) (-744 208 360 ) (-744 224 360 ) (-504 224 360 ) 
4 282 327 (-744 208 360 ) (-504 208 360 ) (-504 208 384 ) (-744 208 384 ) 
4 283 698 (-1024 504 616 ) (-1024 504 360 ) (-1024 496 360 ) (-1024 496 616 ) 
4 283 383 (-1024 496 360 ) (-1024 504 360 ) (-744 504 360 ) (-744 496 360 ) 
4 283 284 (-1024 496 360 ) (-744 496 360 ) (-744 496 616 ) (-1024 496 616 ) 
4 284 699 (-1024 496 360 ) (-1024 224 360 ) (-1024 224 1608 ) (-1024 496 1608 ) 
4 284 383 (-1024 224 360 ) (-1024 496 360 ) (-744 496 360 ) (-744 224 360 ) 
4 284 293 (-1016 224 400 ) (-1016 224 640 ) (-1024 224 640 ) (-1024 224 400 ) 
4 284 294 (-1024 224 360 ) (-1016 224 360 ) (-1016 224 384 ) (-1024 224 384 ) 
4 284 291 (-1016 224 904 ) (-1016 224 1144 ) (-1024 224 1144 ) (-1024 224 904 ) 
4 284 292 (-1016 224 656 ) (-1016 224 888 ) (-1024 224 888 ) (-1024 224 656 ) 
4 284 290 (-1016 224 1160 ) (-1016 224 1608 ) (-1024 224 1608 ) (-1024 224 1160 ) 
4 284 288 (-760 224 400 ) (-760 224 640 ) (-1000 224 640 ) (-1000 224 400 ) 
4 284 289 (-1000 224 360 ) (-760 224 360 ) (-760 224 384 ) (-1000 224 384 ) 
4 284 286 (-760 224 904 ) (-760 224 1144 ) (-1000 224 1144 ) (-1000 224 904 ) 
4 284 287 (-760 224 656 ) (-760 224 888 ) (-1000 224 888 ) (-1000 224 656 ) 
4 284 285 (-760 224 1160 ) (-760 224 1608 ) (-1000 224 1608 ) (-1000 224 1160 ) 
4 285 295 (-760 208 1160 ) (-760 208 1608 ) (-1000 208 1608 ) (-1000 208 1160 ) 
4 286 300 (-760 208 904 ) (-760 208 1144 ) (-1000 208 1144 ) (-1000 208 904 ) 
4 287 305 (-760 208 656 ) (-760 208 888 ) (-1000 208 888 ) (-1000 208 656 ) 
4 288 323 (-760 208 400 ) (-760 208 608 ) (-1000 208 608 ) (-1000 208 400 ) 
4 288 315 (-760 208 608 ) (-760 208 616 ) (-1000 208 616 ) (-1000 208 608 ) 
4 288 310 (-760 208 616 ) (-760 208 640 ) (-1000 208 640 ) (-1000 208 616 ) 
4 289 390 (-760 208 360 ) (-1000 208 360 ) (-1000 224 360 ) (-760 224 360 ) 
4 289 327 (-1000 208 360 ) (-760 208 360 ) (-760 208 384 ) (-1000 208 384 ) 
4 290 700 (-1024 208 1160 ) (-1024 208 1608 ) (-1024 224 1608 ) (-1024 224 1160 ) 
4 290 295 (-1016 208 1160 ) (-1016 208 1608 ) (-1024 208 1608 ) (-1024 208 1160 ) 
4 291 701 (-1024 208 904 ) (-1024 208 1144 ) (-1024 224 1144 ) (-1024 224 904 ) 
4 291 300 (-1016 208 904 ) (-1016 208 1144 ) (-1024 208 1144 ) (-1024 208 904 ) 
4 292 702 (-1024 208 656 ) (-1024 208 888 ) (-1024 224 888 ) (-1024 224 656 ) 
4 292 305 (-1016 208 656 ) (-1016 208 888 ) (-1024 208 888 ) (-1024 208 656 ) 
4 293 703 (-1024 208 400 ) (-1024 208 640 ) (-1024 224 640 ) (-1024 224 400 ) 
4 293 323 (-1016 208 400 ) (-1016 208 608 ) (-1024 208 608 ) (-1024 208 400 ) 
4 293 315 (-1016 208 608 ) (-1016 208 616 ) (-1024 208 616 ) (-1024 208 608 ) 
4 293 310 (-1016 208 616 ) (-1016 208 640 ) (-1024 208 640 ) (-1024 208 616 ) 
4 294 704 (-1024 224 360 ) (-1024 208 360 ) (-1024 208 384 ) (-1024 224 384 ) 
4 294 392 (-1016 208 360 ) (-1024 208 360 ) (-1024 224 360 ) (-1016 224 360 ) 
4 294 327 (-1024 208 360 ) (-1016 208 360 ) (-1016 208 384 ) (-1024 208 384 ) 
4 295 730 (-1024 0 1160 ) (-1024 0 1608 ) (-1024 208 1608 ) (-1024 208 1160 ) 
4 295 447 (-1024 0 1608 ) (-1024 0 1160 ) (-336 0 1160 ) (-336 0 1608 ) 
4 295 429 (-336 0 1160 ) (0 0 1160 ) (0 0 1608 ) (-336 0 1608 ) 
4 295 299 (-1016 0 1160 ) (-1024 0 1160 ) (-1024 208 1160 ) (-1016 208 1160 ) 
4 295 298 (-760 0 1160 ) (-1000 0 1160 ) (-1000 208 1160 ) (-760 208 1160 ) 
4 295 296 (0 0 1160 ) (-488 0 1160 ) (-488 208 1160 ) (0 208 1160 ) 
4 295 297 (-504 0 1160 ) (-744 0 1160 ) (-744 208 1160 ) (-504 208 1160 ) 
4 296 448 (-488 0 1144 ) (-336 0 1144 ) (-336 0 1160 ) (-488 0 1160 ) 
4 296 429 (-336 0 1144 ) (0 0 1144 ) (0 0 1160 ) (-336 0 1160 ) 
4 296 300 (-488 208 1144 ) (0 208 1144 ) (0 0 1144 ) (-488 0 1144 ) 
4 297 449 (-744 0 1144 ) (-504 0 1144 ) (-504 0 1160 ) (-744 0 1160 ) 
4 297 300 (-744 208 1144 ) (-504 208 1144 ) (-504 0 1144 ) (-744 0 1144 ) 
4 298 450 (-1000 0 1144 ) (-760 0 1144 ) (-760 0 1160 ) (-1000 0 1160 ) 
4 298 300 (-1000 208 1144 ) (-760 208 1144 ) (-760 0 1144 ) (-1000 0 1144 ) 
4 299 730 (-1024 0 1144 ) (-1024 0 1160 ) (-1024 208 1160 ) (-1024 208 1144 ) 
4 299 451 (-1024 0 1160 ) (-1024 0 1144 ) (-1016 0 1144 ) (-1016 0 1160 ) 
4 299 300 (-1024 208 1144 ) (-1016 208 1144 ) (-1016 0 1144 ) (-1024 0 1144 ) 
4 300 730 (-1024 0 904 ) (-1024 0 1144 ) (-1024 208 1144 ) (-1024 208 904 ) 
4 300 452 (-1024 0 1144 ) (-1024 0 904 ) (-336 0 904 ) (-336 0 1144 ) 
4 300 429 (-336 0 904 ) (0 0 904 ) (0 0 1144 ) (-336 0 1144 ) 
4 300 303 (-1000 208 904 ) (-760 208 904 ) (-760 0 904 ) (-1000 0 904 ) 
4 300 304 (-1024 208 904 ) (-1016 208 904 ) (-1016 0 904 ) (-1024 0 904 ) 
4 300 302 (-744 208 904 ) (-504 208 904 ) (-504 0 904 ) (-744 0 904 ) 
4 300 301 (-488 208 904 ) (0 208 904 ) (0 0 904 ) (-488 0 904 ) 
4 301 453 (-488 0 888 ) (-336 0 888 ) (-336 0 904 ) (-488 0 904 ) 
4 301 429 (-336 0 888 ) (0 0 888 ) (0 0 904 ) (-336 0 904 ) 
4 301 305 (0 0 888 ) (-488 0 888 ) (-488 208 888 ) (0 208 888 ) 
4 302 454 (-744 0 888 ) (-504 0 888 ) (-504 0 904 ) (-744 0 904 ) 
4 302 305 (-504 0 888 ) (-744 0 888 ) (-744 208 888 ) (-504 208 888 ) 
4 303 455 (-1000 0 888 ) (-760 0 888 ) (-760 0 904 ) (-1000 0 904 ) 
4 303 305 (-760 0 888 ) (-1000 0 888 ) (-1000 208 888 ) (-760 208 888 ) 
4 304 730 (-1024 0 888 ) (-1024 0 904 ) (-1024 208 904 ) (-1024 208 888 ) 
4 304 456 (-1024 0 904 ) (-1024 0 888 ) (-1016 0 888 ) (-1016 0 904 ) 
4 304 305 (-1016 0 888 ) (-1024 0 888 ) (-1024 208 888 ) (-1016 208 888 ) 
4 305 730 (-1024 0 656 ) (-1024 0 888 ) (-1024 208 888 ) (-1024 208 656 ) 
4 305 457 (-1024 0 888 ) (-1024 0 656 ) (-336 0 656 ) (-336 0 888 ) 
4 305 429 (-336 0 656 ) (0 0 656 ) (0 0 888 ) (-336 0 888 ) 
4 305 309 (-1016 0 656 ) (-1024 0 656 ) (-1024 208 656 ) (-1016 208 656 ) 
4 305 307 (-504 0 656 ) (-744 0 656 ) (-744 208 656 ) (-504 208 656 ) 
4 305 308 (-760 0 656 ) (-1000 0 656 ) (-1000 208 656 ) (-760 208 656 ) 
4 305 306 (0 0 656 ) (-488 0 656 ) (-488 208 656 ) (0 208 656 ) 
4 306 458 (-488 0 640 ) (-336 0 640 ) (-336 0 656 ) (-488 0 656 ) 
4 306 429 (-336 0 640 ) (0 0 640 ) (0 0 656 ) (-336 0 656 ) 
4 306 310 (-488 208 640 ) (0 208 640 ) (0 0 640 ) (-488 0 640 ) 
4 307 459 (-744 0 640 ) (-504 0 640 ) (-504 0 656 ) (-744 0 656 ) 
4 307 310 (-744 208 640 ) (-504 208 640 ) (-504 0 640 ) (-744 0 640 ) 
4 308 460 (-1000 0 640 ) (-760 0 640 ) (-760 0 656 ) (-1000 0 656 ) 
4 308 310 (-1000 208 640 ) (-760 208 640 ) (-760 0 640 ) (-1000 0 640 ) 
4 309 730 (-1024 0 640 ) (-1024 0 656 ) (-1024 208 656 ) (-1024 208 640 ) 
4 309 461 (-1024 0 656 ) (-1024 0 640 ) (-1016 0 640 ) (-1016 0 656 ) 
4 309 310 (-1024 208 640 ) (-1016 208 640 ) (-1016 0 640 ) (-1024 0 640 ) 
4 310 730 (-1024 0 616 ) (-1024 0 640 ) (-1024 208 640 ) (-1024 208 616 ) 
4 310 466 (-975 0 616 ) (-911 0 616 ) (-911 0 640 ) (-975 0 640 ) 
4 310 468 (-1024 0 640 ) (-1024 0 616 ) (-975 0 616 ) (-975 0 640 ) 
4 310 464 (-472 0 616 ) (-464 0 616 ) (-464 0 640 ) (-472 0 640 ) 
4 310 465 (-911 0 616 ) (-472 0 616 ) (-472 0 640 ) (-911 0 640 ) 
4 310 462 (-464 0 616 ) (-336 0 616 ) (-336 0 640 ) (-464 0 640 ) 
4 310 429 (-336 0 616 ) (0 0 616 ) (0 0 640 ) (-336 0 640 ) 
4 310 314 (-464 192 616 ) (-464 200 616 ) (-336 200 616 ) (-336 192 616 ) 
4 310 315 (-464 0 616 ) (-1024 0 616 ) (-1024 208 616 ) (-464 208 616 ) 
4 310 313 (-328 0 616 ) (-336 0 616 ) (-336 208 616 ) (-328 208 616 ) 
4 310 311 (0 0 616 ) (-8 0 616 ) (-8 192 616 ) (0 192 616 ) 
4 310 312 (-104 0 616 ) (-232 0 616 ) (-232 208 616 ) (-104 208 616 ) 
4 311 430 (-8 0 608 ) (0 0 608 ) (0 0 616 ) (-8 0 616 ) 
4 312 431 (-232 0 608 ) (-104 0 608 ) (-104 0 616 ) (-232 0 616 ) 
4 312 317 (-232 208 608 ) (-104 208 608 ) (-104 0 608 ) (-232 0 608 ) 
4 313 432 (-336 0 608 ) (-328 0 608 ) (-328 0 616 ) (-336 0 616 ) 
4 313 314 (-336 200 608 ) (-336 192 608 ) (-336 192 616 ) (-336 200 616 ) 
4 314 315 (-464 200 608 ) (-464 192 608 ) (-464 192 616 ) (-464 200 616 ) 
4 315 730 (-1024 0 608 ) (-1024 0 616 ) (-1024 208 616 ) (-1024 208 608 ) 
4 315 466 (-975 0 608 ) (-911 0 608 ) (-911 0 616 ) (-975 0 616 ) 
4 315 468 (-1024 0 616 ) (-1024 0 608 ) (-975 0 608 ) (-975 0 616 ) 
4 315 464 (-472 0 608 ) (-464 0 608 ) (-464 0 616 ) (-472 0 616 ) 
4 315 465 (-911 0 608 ) (-472 0 608 ) (-472 0 616 ) (-911 0 616 ) 
4 315 364 (-911 0 608 ) (-975 0 608 ) (-975 80 608 ) (-911 80 608 ) 
4 315 363 (-472 80 608 ) (-472 0 608 ) (-911 0 608 ) (-911 80 608 ) 
4 315 366 (-975 0 608 ) (-1024 0 608 ) (-1024 80 608 ) (-975 80 608 ) 
4 315 348 (-872 80 608 ) (-1010 80 608 ) (-1010 144 608 ) (-872 144 608 ) 
4 315 350 (-1010 80 608 ) (-1024 80 608 ) (-1024 144 608 ) (-1010 144 608 ) 
4 315 346 (-860 80 608 ) (-872 80 608 ) (-872 144 608 ) (-860 144 608 ) 
4 315 344 (-848 80 608 ) (-860 80 608 ) (-860 144 608 ) (-848 144 608 ) 
4 315 342 (-836 80 608 ) (-848 80 608 ) (-848 144 608 ) (-836 144 608 ) 
4 315 340 (-824 80 608 ) (-836 80 608 ) (-836 144 608 ) (-824 144 608 ) 
4 315 338 (-812 80 608 ) (-824 80 608 ) (-824 144 608 ) (-812 144 608 ) 
4 315 336 (-800 80 608 ) (-812 80 608 ) (-812 144 608 ) (-800 144 608 ) 
4 315 334 (-788 80 608 ) (-800 80 608 ) (-800 144 608 ) (-788 144 608 ) 
4 315 332 (-636 80 608 ) (-788 80 608 ) (-788 144 608 ) (-636 144 608 ) 
4 315 330 (-624 80 608 ) (-636 80 608 ) (-636 144 608 ) (-624 144 608 ) 
4 315 329 (-612 80 608 ) (-624 80 608 ) (-624 144 608 ) (-612 144 608 ) 
4 315 328 (-472 144 608 ) (-472 80 608 ) (-612 80 608 ) (-612 144 608 ) 
4 315 323 (-1024 208 608 ) (-472 208 608 ) (-472 144 608 ) (-1024 144 608 ) 
4 316 317 (-8 192 608 ) (-8 208 608 ) (-8 208 360 ) (-8 192 360 ) 
4 317 438 (-328 0 360 ) (-8 0 360 ) (-8 0 608 ) (-328 0 608 ) 
4 317 318 (-328 84 448 ) (-328 84 400 ) (-328 0 400 ) (-328 0 448 ) 
4 318 442 (-328 0 400 ) (-328 0 448 ) (-336 0 448 ) (-336 0 400 ) 
4 318 320 (-336 84 448 ) (-336 84 400 ) (-336 0 400 ) (-336 0 448 ) 
4 320 471 (-464 0 360 ) (-336 0 360 ) (-336 0 400 ) (-464 0 400 ) 
4 320 463 (-336 0 400 ) (-336 0 608 ) (-464 0 608 ) (-464 0 400 ) 
4 320 322 (-464 32 448 ) (-464 32 400 ) (-464 0 400 ) (-464 0 448 ) 
4 320 321 (-464 136 468 ) (-464 136 360 ) (-464 88 360 ) (-464 88 468 ) 
4 321 357 (-472 136 384 ) (-472 136 360 ) (-472 88 360 ) (-472 88 384 ) 
4 321 351 (-472 136 400 ) (-472 136 384 ) (-472 88 384 ) (-472 88 400 ) 
4 321 328 (-472 136 468 ) (-472 136 400 ) (-472 88 400 ) (-472 88 468 ) 
4 322 469 (-464 0 400 ) (-464 0 448 ) (-472 0 448 ) (-472 0 400 ) 
4 322 363 (-472 32 448 ) (-472 32 400 ) (-472 0 400 ) (-472 0 448 ) 
4 323 730 (-1024 144 608 ) (-1024 208 608 ) (-1024 208 400 ) (-1024 144 400 ) 
4 323 348 (-872 144 608 ) (-1010 144 608 ) (-1010 144 488 ) (-872 144 488 ) 
4 323 349 (-1010 144 480 ) (-1010 144 400 ) (-872 144 400 ) (-872 144 480 ) 
4 323 350 (-1010 144 608 ) (-1024 144 608 ) (-1024 144 400 ) (-1010 144 400 ) 
4 323 346 (-860 144 608 ) (-872 144 608 ) (-872 144 480 ) (-860 144 480 ) 
4 323 347 (-872 144 472 ) (-872 144 400 ) (-860 144 400 ) (-860 144 472 ) 
4 323 344 (-848 144 608 ) (-860 144 608 ) (-860 144 472 ) (-848 144 472 ) 
4 323 345 (-860 144 464 ) (-860 144 400 ) (-848 144 400 ) (-848 144 464 ) 
4 323 342 (-836 144 608 ) (-848 144 608 ) (-848 144 464 ) (-836 144 464 ) 
4 323 343 (-848 144 456 ) (-848 144 400 ) (-836 144 400 ) (-836 144 456 ) 
4 323 340 (-824 144 608 ) (-836 144 608 ) (-836 144 456 ) (-824 144 456 ) 
4 323 341 (-836 144 448 ) (-836 144 400 ) (-824 144 400 ) (-824 144 448 ) 
4 323 338 (-812 144 608 ) (-824 144 608 ) (-824 144 448 ) (-812 144 448 ) 
4 323 339 (-824 144 440 ) (-824 144 400 ) (-812 144 400 ) (-812 144 440 ) 
4 323 336 (-800 144 608 ) (-812 144 608 ) (-812 144 440 ) (-800 144 440 ) 
4 323 337 (-812 144 432 ) (-812 144 400 ) (-800 144 400 ) (-800 144 432 ) 
4 323 334 (-788 144 608 ) (-800 144 608 ) (-800 144 432 ) (-788 144 432 ) 
4 323 335 (-800 144 424 ) (-800 144 400 ) (-788 144 400 ) (-788 144 424 ) 
4 323 332 (-636 144 608 ) (-788 144 608 ) (-788 144 424 ) (-636 144 424 ) 
4 323 333 (-788 144 416 ) (-788 144 400 ) (-636 144 400 ) (-636 144 416 ) 
4 323 330 (-624 144 608 ) (-636 144 608 ) (-636 144 416 ) (-624 144 416 ) 
4 323 331 (-636 144 408 ) (-636 144 400 ) (-624 144 400 ) (-624 144 408 ) 
4 323 329 (-612 144 608 ) (-624 144 608 ) (-624 144 408 ) (-612 144 408 ) 
4 323 328 (-472 144 400 ) (-472 144 608 ) (-612 144 608 ) (-612 144 400 ) 
4 323 325 (-760 144 400 ) (-1000 144 400 ) (-1000 208 400 ) (-760 208 400 ) 
4 323 326 (-1016 144 400 ) (-1024 144 400 ) (-1024 208 400 ) (-1016 208 400 ) 
4 323 324 (-472 144 400 ) (-744 144 400 ) (-744 208 400 ) (-472 208 400 ) 
4 324 354 (-612 144 400 ) (-744 144 400 ) (-744 144 384 ) (-612 144 384 ) 
4 324 353 (-612 144 392 ) (-612 144 384 ) (-600 144 384 ) (-600 144 392 ) 
4 324 352 (-588 144 400 ) (-600 144 400 ) (-600 144 392 ) (-588 144 392 ) 
4 324 351 (-472 144 384 ) (-472 144 400 ) (-588 144 400 ) (-588 144 384 ) 
4 324 327 (-472 144 384 ) (-744 144 384 ) (-744 208 384 ) (-472 208 384 ) 
4 325 355 (-760 144 400 ) (-1000 144 400 ) (-1000 144 384 ) (-760 144 384 ) 
4 325 327 (-760 144 384 ) (-1000 144 384 ) (-1000 208 384 ) (-760 208 384 ) 
4 326 730 (-1024 208 400 ) (-1024 208 384 ) (-1024 144 384 ) (-1024 144 400 ) 
4 326 356 (-1016 144 400 ) (-1024 144 400 ) (-1024 144 384 ) (-1016 144 384 ) 
4 326 327 (-1016 144 384 ) (-1024 144 384 ) (-1024 208 384 ) (-1016 208 384 ) 
4 327 730 (-1024 208 384 ) (-1024 208 360 ) (-1024 144 360 ) (-1024 144 384 ) 
4 327 398 (-552 208 360 ) (-472 208 360 ) (-472 144 360 ) (-552 144 360 ) 
4 327 400 (-1024 144 360 ) (-1024 208 360 ) (-552 208 360 ) (-552 144 360 ) 
4 327 361 (-588 144 360 ) (-576 144 360 ) (-576 144 376 ) (-588 144 376 ) 
4 327 362 (-1024 144 360 ) (-588 144 360 ) (-588 144 384 ) (-1024 144 384 ) 
4 327 359 (-564 144 376 ) (-564 144 384 ) (-576 144 384 ) (-576 144 376 ) 
4 327 360 (-576 144 360 ) (-564 144 360 ) (-564 144 368 ) (-576 144 368 ) 
4 327 358 (-552 144 368 ) (-552 144 384 ) (-564 144 384 ) (-564 144 368 ) 
4 327 357 (-552 144 360 ) (-472 144 360 ) (-472 144 384 ) (-552 144 384 ) 
4 328 363 (-472 80 400 ) (-472 80 608 ) (-612 80 608 ) (-612 80 400 ) 
4 328 352 (-588 80 400 ) (-600 80 400 ) (-600 144 400 ) (-588 144 400 ) 
4 328 351 (-472 80 400 ) (-588 80 400 ) (-588 144 400 ) (-472 144 400 ) 
4 328 329 (-612 144 608 ) (-612 144 408 ) (-612 80 408 ) (-612 80 608 ) 
4 329 363 (-612 80 608 ) (-624 80 608 ) (-624 80 408 ) (-612 80 408 ) 
4 329 330 (-624 144 608 ) (-624 144 416 ) (-624 80 416 ) (-624 80 608 ) 
4 330 363 (-624 80 608 ) (-636 80 608 ) (-636 80 416 ) (-624 80 416 ) 
4 330 332 (-636 144 608 ) (-636 144 424 ) (-636 80 424 ) (-636 80 608 ) 
4 331 363 (-636 80 408 ) (-636 80 400 ) (-624 80 400 ) (-624 80 408 ) 
4 331 354 (-624 80 400 ) (-636 80 400 ) (-636 144 400 ) (-624 144 400 ) 
4 331 333 (-636 144 408 ) (-636 144 400 ) (-636 80 400 ) (-636 80 408 ) 
4 332 363 (-636 80 608 ) (-788 80 608 ) (-788 80 424 ) (-636 80 424 ) 
4 332 334 (-788 144 608 ) (-788 144 432 ) (-788 80 432 ) (-788 80 608 ) 
4 333 363 (-788 80 416 ) (-788 80 400 ) (-636 80 400 ) (-636 80 416 ) 
4 333 355 (-760 80 400 ) (-788 80 400 ) (-788 144 400 ) (-760 144 400 ) 
4 333 354 (-636 80 400 ) (-744 80 400 ) (-744 144 400 ) (-636 144 400 ) 
4 333 335 (-788 144 416 ) (-788 144 400 ) (-788 80 400 ) (-788 80 416 ) 
4 334 363 (-788 80 608 ) (-800 80 608 ) (-800 80 432 ) (-788 80 432 ) 
4 334 336 (-800 144 608 ) (-800 144 440 ) (-800 80 440 ) (-800 80 608 ) 
4 335 363 (-800 80 424 ) (-800 80 400 ) (-788 80 400 ) (-788 80 424 ) 
4 335 355 (-788 80 400 ) (-800 80 400 ) (-800 144 400 ) (-788 144 400 ) 
4 335 337 (-800 144 424 ) (-800 144 400 ) (-800 80 400 ) (-800 80 424 ) 
4 336 363 (-800 80 608 ) (-812 80 608 ) (-812 80 440 ) (-800 80 440 ) 
4 336 338 (-812 144 608 ) (-812 144 448 ) (-812 80 448 ) (-812 80 608 ) 
4 337 363 (-812 80 432 ) (-812 80 400 ) (-800 80 400 ) (-800 80 432 ) 
4 337 355 (-800 80 400 ) (-812 80 400 ) (-812 144 400 ) (-800 144 400 ) 
4 337 339 (-812 144 432 ) (-812 144 400 ) (-812 80 400 ) (-812 80 432 ) 
4 338 363 (-812 80 608 ) (-824 80 608 ) (-824 80 448 ) (-812 80 448 ) 
4 338 340 (-824 144 608 ) (-824 144 456 ) (-824 80 456 ) (-824 80 608 ) 
4 339 363 (-824 80 440 ) (-824 80 400 ) (-812 80 400 ) (-812 80 440 ) 
4 339 355 (-812 80 400 ) (-824 80 400 ) (-824 144 400 ) (-812 144 400 ) 
4 339 341 (-824 144 440 ) (-824 144 400 ) (-824 80 400 ) (-824 80 440 ) 
4 340 363 (-824 80 608 ) (-836 80 608 ) (-836 80 456 ) (-824 80 456 ) 
4 340 342 (-836 144 608 ) (-836 144 464 ) (-836 80 464 ) (-836 80 608 ) 
4 341 363 (-836 80 448 ) (-836 80 400 ) (-824 80 400 ) (-824 80 448 ) 
4 341 355 (-824 80 400 ) (-836 80 400 ) (-836 144 400 ) (-824 144 400 ) 
4 341 343 (-836 144 448 ) (-836 144 400 ) (-836 80 400 ) (-836 80 448 ) 
4 342 363 (-836 80 608 ) (-848 80 608 ) (-848 80 464 ) (-836 80 464 ) 
4 342 344 (-848 144 608 ) (-848 144 472 ) (-848 80 472 ) (-848 80 608 ) 
4 343 363 (-848 80 456 ) (-848 80 400 ) (-836 80 400 ) (-836 80 456 ) 
4 343 355 (-836 80 400 ) (-848 80 400 ) (-848 144 400 ) (-836 144 400 ) 
4 343 345 (-848 144 456 ) (-848 144 400 ) (-848 80 400 ) (-848 80 456 ) 
4 344 363 (-848 80 608 ) (-860 80 608 ) (-860 80 472 ) (-848 80 472 ) 
4 344 346 (-860 144 608 ) (-860 144 480 ) (-860 80 480 ) (-860 80 608 ) 
4 345 363 (-860 80 464 ) (-860 80 400 ) (-848 80 400 ) (-848 80 464 ) 
4 345 355 (-848 80 400 ) (-860 80 400 ) (-860 144 400 ) (-848 144 400 ) 
4 345 347 (-860 144 464 ) (-860 144 400 ) (-860 80 400 ) (-860 80 464 ) 
4 346 363 (-860 80 608 ) (-872 80 608 ) (-872 80 480 ) (-860 80 480 ) 
4 346 348 (-872 144 608 ) (-872 144 488 ) (-872 80 488 ) (-872 80 608 ) 
4 347 363 (-872 80 472 ) (-872 80 400 ) (-860 80 400 ) (-860 80 472 ) 
4 347 355 (-860 80 400 ) (-872 80 400 ) (-872 144 400 ) (-860 144 400 ) 
4 347 349 (-872 144 472 ) (-872 144 400 ) (-872 80 400 ) (-872 80 472 ) 
4 348 364 (-911 80 608 ) (-975 80 608 ) (-975 80 488 ) (-911 80 488 ) 
4 348 363 (-872 80 608 ) (-911 80 608 ) (-911 80 488 ) (-872 80 488 ) 
4 348 366 (-975 80 608 ) (-1010 80 608 ) (-1010 80 488 ) (-975 80 488 ) 
4 348 350 (-1010 144 608 ) (-1010 144 488 ) (-1010 80 488 ) (-1010 80 608 ) 
4 349 365 (-975 80 400 ) (-911 80 400 ) (-911 80 480 ) (-975 80 480 ) 
4 349 363 (-911 80 400 ) (-872 80 400 ) (-872 80 480 ) (-911 80 480 ) 
4 349 366 (-1010 80 480 ) (-1010 80 400 ) (-975 80 400 ) (-975 80 480 ) 
4 349 355 (-872 80 400 ) (-1000 80 400 ) (-1000 144 400 ) (-872 144 400 ) 
4 349 350 (-1010 144 480 ) (-1010 144 400 ) (-1010 80 400 ) (-1010 80 480 ) 
4 350 730 (-1024 80 608 ) (-1024 144 608 ) (-1024 144 400 ) (-1024 80 400 ) 
4 350 366 (-1010 80 608 ) (-1024 80 608 ) (-1024 80 400 ) (-1010 80 400 ) 
4 350 356 (-1016 80 400 ) (-1024 80 400 ) (-1024 144 400 ) (-1016 144 400 ) 
4 351 367 (-472 80 384 ) (-472 80 400 ) (-588 80 400 ) (-588 80 384 ) 
4 351 359 (-564 80 384 ) (-576 80 384 ) (-576 144 384 ) (-564 144 384 ) 
4 351 358 (-552 80 384 ) (-564 80 384 ) (-564 144 384 ) (-552 144 384 ) 
4 351 357 (-472 80 384 ) (-552 80 384 ) (-552 144 384 ) (-472 144 384 ) 
4 351 352 (-588 80 392 ) (-588 80 400 ) (-588 144 400 ) (-588 144 392 ) 
4 352 367 (-588 80 400 ) (-600 80 400 ) (-600 80 392 ) (-588 80 392 ) 
4 353 367 (-612 80 392 ) (-612 80 384 ) (-600 80 384 ) (-600 80 392 ) 
4 353 362 (-600 80 384 ) (-612 80 384 ) (-612 144 384 ) (-600 144 384 ) 
4 353 354 (-612 144 384 ) (-612 80 384 ) (-612 80 392 ) (-612 144 392 ) 
4 354 367 (-612 80 400 ) (-744 80 400 ) (-744 80 384 ) (-612 80 384 ) 
4 354 362 (-612 80 384 ) (-744 80 384 ) (-744 144 384 ) (-612 144 384 ) 
4 355 368 (-760 80 400 ) (-1000 80 400 ) (-1000 80 384 ) (-760 80 384 ) 
4 355 362 (-760 80 384 ) (-1000 80 384 ) (-1000 144 384 ) (-760 144 384 ) 
4 356 730 (-1024 144 400 ) (-1024 144 384 ) (-1024 80 384 ) (-1024 80 400 ) 
4 356 369 (-1016 80 400 ) (-1024 80 400 ) (-1024 80 384 ) (-1016 80 384 ) 
4 356 362 (-1016 80 384 ) (-1024 80 384 ) (-1024 144 384 ) (-1016 144 384 ) 
4 357 370 (-552 80 360 ) (-472 80 360 ) (-472 80 384 ) (-552 80 384 ) 
4 357 358 (-552 80 368 ) (-552 80 384 ) (-552 144 384 ) (-552 144 368 ) 
4 358 370 (-552 80 368 ) (-552 80 384 ) (-564 80 384 ) (-564 80 368 ) 
4 358 359 (-564 80 376 ) (-564 80 384 ) (-564 144 384 ) (-564 144 376 ) 
4 359 370 (-564 80 376 ) (-564 80 384 ) (-576 80 384 ) (-576 80 376 ) 
4 360 400 (-576 144 360 ) (-564 144 360 ) (-564 80 360 ) (-576 80 360 ) 
4 360 370 (-576 80 360 ) (-564 80 360 ) (-564 80 368 ) (-576 80 368 ) 
4 360 361 (-576 80 360 ) (-576 80 368 ) (-576 144 368 ) (-576 144 360 ) 
4 361 400 (-588 144 360 ) (-576 144 360 ) (-576 80 360 ) (-588 80 360 ) 
4 361 370 (-588 80 360 ) (-576 80 360 ) (-576 80 376 ) (-588 80 376 ) 
4 361 362 (-588 80 360 ) (-588 80 376 ) (-588 144 376 ) (-588 144 360 ) 
4 362 730 (-1024 144 384 ) (-1024 144 360 ) (-1024 80 360 ) (-1024 80 384 ) 
4 362 400 (-1024 80 360 ) (-1024 144 360 ) (-588 144 360 ) (-588 80 360 ) 
4 362 370 (-1024 80 360 ) (-588 80 360 ) (-588 80 384 ) (-1024 80 384 ) 
4 363 470 (-911 0 400 ) (-472 0 400 ) (-472 0 448 ) (-911 0 448 ) 
4 363 465 (-472 0 448 ) (-472 0 608 ) (-911 0 608 ) (-911 0 448 ) 
4 363 367 (-744 80 400 ) (-472 80 400 ) (-472 0 400 ) (-744 0 400 ) 
4 363 368 (-911 80 400 ) (-760 80 400 ) (-760 0 400 ) (-911 0 400 ) 
4 363 364 (-911 80 608 ) (-911 80 488 ) (-911 0 488 ) (-911 0 608 ) 
4 363 365 (-911 80 480 ) (-911 80 400 ) (-911 0 400 ) (-911 0 480 ) 
4 364 466 (-911 0 488 ) (-911 0 608 ) (-975 0 608 ) (-975 0 488 ) 
4 364 366 (-975 80 608 ) (-975 80 488 ) (-975 0 488 ) (-975 0 608 ) 
4 365 470 (-975 0 400 ) (-911 0 400 ) (-911 0 448 ) (-975 0 448 ) 
4 365 467 (-911 0 448 ) (-911 0 480 ) (-975 0 480 ) (-975 0 448 ) 
4 365 368 (-975 80 400 ) (-911 80 400 ) (-911 0 400 ) (-975 0 400 ) 
4 365 366 (-975 80 480 ) (-975 80 400 ) (-975 0 400 ) (-975 0 480 ) 
4 366 730 (-1024 0 400 ) (-1024 0 608 ) (-1024 80 608 ) (-1024 80 400 ) 
4 366 470 (-1024 0 448 ) (-1024 0 400 ) (-975 0 400 ) (-975 0 448 ) 
4 366 468 (-1024 0 608 ) (-1024 0 448 ) (-975 0 448 ) (-975 0 608 ) 
4 366 369 (-1024 0 400 ) (-1024 80 400 ) (-1016 80 400 ) (-1016 0 400 ) 
4 366 368 (-1000 80 400 ) (-975 80 400 ) (-975 0 400 ) (-1000 0 400 ) 
4 367 473 (-744 0 384 ) (-472 0 384 ) (-472 0 400 ) (-744 0 400 ) 
4 367 370 (-744 80 384 ) (-472 80 384 ) (-472 0 384 ) (-744 0 384 ) 
4 368 475 (-1000 0 384 ) (-760 0 384 ) (-760 0 400 ) (-1000 0 400 ) 
4 368 370 (-1000 80 384 ) (-760 80 384 ) (-760 0 384 ) (-1000 0 384 ) 
4 369 730 (-1024 0 384 ) (-1024 0 400 ) (-1024 80 400 ) (-1024 80 384 ) 
4 369 477 (-1024 0 400 ) (-1024 0 384 ) (-1016 0 384 ) (-1016 0 400 ) 
4 369 370 (-1024 80 384 ) (-1016 80 384 ) (-1016 0 384 ) (-1024 0 384 ) 
4 370 730 (-1024 0 360 ) (-1024 0 384 ) (-1024 80 384 ) (-1024 80 360 ) 
4 370 476 (-1016 0 360 ) (-1000 0 360 ) (-1000 0 384 ) (-1016 0 384 ) 
4 370 477 (-1024 0 384 ) (-1024 0 360 ) (-1016 0 360 ) (-1016 0 384 ) 
4 370 474 (-760 0 360 ) (-744 0 360 ) (-744 0 384 ) (-760 0 384 ) 
4 370 473 (-744 0 360 ) (-472 0 360 ) (-472 0 384 ) (-744 0 384 ) 
4 370 475 (-1000 0 360 ) (-760 0 360 ) (-760 0 384 ) (-1000 0 384 ) 
4 370 399 (-472 0 360 ) (-552 0 360 ) (-552 80 360 ) (-472 80 360 ) 
4 370 400 (-552 0 360 ) (-1024 0 360 ) (-1024 80 360 ) (-552 80 360 ) 
4 371 693 (-1024 748 360 ) (-1024 832 360 ) (-1024 832 352 ) (-1024 748 352 ) 
4 371 373 (-1024 832 352 ) (-536 832 352 ) (-536 748 352 ) (-1024 748 352 ) 
4 371 372 (-1024 748 352 ) (-536 748 352 ) (-536 748 360 ) (-1024 748 360 ) 
4 372 694 (-1024 512 352 ) (-1024 512 360 ) (-1024 748 360 ) (-1024 748 352 ) 
4 372 373 (-536 748 352 ) (-536 512 352 ) (-1024 512 352 ) (-1024 748 352 ) 
4 373 696 (-1024 512 -360 ) (-1024 512 -56 ) (-1024 832 -56 ) (-1024 832 -360 ) 
4 373 695 (-1024 512 -56 ) (-1024 512 352 ) (-1024 832 352 ) (-1024 832 -56 ) 
4 373 379 (-288 512 -152 ) (-288 512 -336 ) (-40 512 -336 ) (-40 512 -152 ) 
4 374 377 (0 504 352 ) (0 448 352 ) (-8 448 352 ) (-8 504 352 ) 
4 375 377 (0 400 352 ) (0 256 352 ) (-8 256 352 ) (-8 400 352 ) 
4 376 435 (0 0 352 ) (0 0 360 ) (-8 0 360 ) (-8 0 352 ) 
4 376 377 (0 192 352 ) (0 0 352 ) (-8 0 352 ) (-8 192 352 ) 
4 377 439 (-40 0 -632 ) (-8 0 -632 ) (-8 0 352 ) (-40 0 352 ) 
4 377 435 (-8 0 -632 ) (0 0 -632 ) (0 0 352 ) (-8 0 352 ) 
3 377 380 (-40 0 -508.031433 ) (-40 0 -336 ) (-40 377.454926 -336 ) 
4 377 379 (-40 0 -336 ) (-40 0 -152 ) (-40 504 -152 ) (-40 504 -336 ) 
4 377 378 (-40 0 -152 ) (-40 0 352 ) (-40 504 352 ) (-40 504 -152 ) 
4 378 440 (-40 0 -152 ) (-40 0 352 ) (-288 0 352 ) (-288 0 -152 ) 
4 378 407 (-288 0 128 ) (-288 0 144 ) (-288 208 144 ) (-288 208 128 ) 
4 378 411 (-288 208 -152 ) (-288 0 -152 ) (-288 0 128 ) (-288 208 128 ) 
4 378 405 (-288 0 248 ) (-288 0 256 ) (-288 44 256 ) (-288 44 248 ) 
4 378 406 (-288 0 144 ) (-288 0 248 ) (-288 44 248 ) (-288 44 144 ) 
4 378 404 (-288 44 256 ) (-288 208 256 ) (-288 208 144 ) (-288 44 144 ) 
4 378 401 (-288 0 256 ) (-288 0 352 ) (-288 208 352 ) (-288 208 256 ) 
4 378 386 (-288 224 -152 ) (-288 208 -152 ) (-288 208 352 ) (-288 224 352 ) 
4 378 384 (-288 504 -152 ) (-288 224 -152 ) (-288 224 352 ) (-288 504 352 ) 
4 378 379 (-288 0 -152 ) (-288 504 -152 ) (-40 504 -152 ) (-40 0 -152 ) 
4 379 440 (-40 0 -336 ) (-40 0 -152 ) (-288 0 -152 ) (-288 0 -336 ) 
4 379 411 (-288 208 -336 ) (-288 0 -336 ) (-288 0 -152 ) (-288 208 -152 ) 
4 379 386 (-288 224 -336 ) (-288 208 -336 ) (-288 208 -152 ) (-288 224 -152 ) 
4 379 384 (-288 504 -336 ) (-288 224 -336 ) (-288 224 -152 ) (-288 504 -152 ) 
4 379 380 (-288 0 -336 ) (-288 377.454895 -336 ) (-40 377.454895 -336 ) (-40 0 -336 ) 
4 380 440 (-40 0 -508.031433 ) (-40 0 -336 ) (-288 0 -336 ) (-288 0 -508.031433 ) 
4 380 411 (-288 0 -508.031433 ) (-288 0 -336 ) (-288 208 -336 ) (-288 208 -413.231934 ) 
4 380 386 (-288 208 -336 ) (-288 224 -336 ) (-288 224 -405.939667 ) (-288 208 -413.231934 ) 
3 380 384 (-288 224 -336 ) (-288 377.454895 -336 ) (-288 224 -405.939667 ) 
4 381 384 (-336 408 352 ) (-336 504 352 ) (-328 504 352 ) (-328 408 352 ) 
4 382 385 (-328 224 360 ) (-336 224 360 ) (-336 224 352 ) (-328 224 352 ) 
4 382 384 (-328 224 352 ) (-336 224 352 ) (-336 360 352 ) (-328 360 352 ) 
4 383 699 (-1024 224 360 ) (-1024 496 360 ) (-1024 496 352 ) (-1024 224 352 ) 
4 383 698 (-1024 496 360 ) (-1024 504 360 ) (-1024 504 352 ) (-1024 496 352 ) 
4 383 392 (-1016 224 360 ) (-1024 224 360 ) (-1024 224 352 ) (-1016 224 352 ) 
4 383 390 (-760 224 360 ) (-1000 224 360 ) (-1000 224 352 ) (-760 224 352 ) 
4 383 388 (-504 224 360 ) (-744 224 360 ) (-744 224 352 ) (-504 224 352 ) 
4 383 387 (-464 224 360 ) (-488 224 360 ) (-488 224 352 ) (-464 224 352 ) 
4 383 384 (-464 224 352 ) (-1024 224 352 ) (-1024 504 352 ) (-464 504 352 ) 
4 384 699 (-1024 496 -632 ) (-1024 224 -632 ) (-1024 224 352 ) (-1024 496 352 ) 
4 384 698 (-1024 504 -632 ) (-1024 496 -632 ) (-1024 496 352 ) (-1024 504 352 ) 
4 384 392 (-1016 224 144 ) (-1016 224 352 ) (-1024 224 352 ) (-1024 224 144 ) 
4 384 393 (-1024 224 -632 ) (-1016 224 -632 ) (-1016 224 128 ) (-1024 224 128 ) 
4 384 390 (-760 224 144 ) (-760 224 352 ) (-1000 224 352 ) (-1000 224 144 ) 
4 384 391 (-1000 224 -632 ) (-760 224 -632 ) (-760 224 128 ) (-1000 224 128 ) 
4 384 388 (-504 224 144 ) (-504 224 352 ) (-744 224 352 ) (-744 224 144 ) 
4 384 389 (-744 224 -632 ) (-504 224 -632 ) (-504 224 128 ) (-744 224 128 ) 
4 384 387 (-488 224 -632 ) (-464 224 -632 ) (-464 224 352 ) (-488 224 352 ) 
4 384 386 (-464 224 -632 ) (-288 224 -632 ) (-288 224 352 ) (-464 224 352 ) 
4 385 394 (-328 208 360 ) (-336 208 360 ) (-336 208 352 ) (-328 208 352 ) 
4 385 386 (-328 208 352 ) (-336 208 352 ) (-336 224 352 ) (-328 224 352 ) 
4 386 407 (-288 208 128 ) (-288 208 144 ) (-464 208 144 ) (-464 208 128 ) 
4 386 411 (-464 208 -632 ) (-288 208 -632 ) (-288 208 128 ) (-464 208 128 ) 
4 386 404 (-288 208 144 ) (-288 208 256 ) (-464 208 256 ) (-464 208 144 ) 
4 386 401 (-288 208 256 ) (-288 208 352 ) (-464 208 352 ) (-464 208 256 ) 
4 386 387 (-464 224 352 ) (-464 224 -632 ) (-464 208 -632 ) (-464 208 352 ) 
4 387 407 (-464 208 128 ) (-464 208 144 ) (-488 208 144 ) (-488 208 128 ) 
4 387 411 (-488 208 -632 ) (-464 208 -632 ) (-464 208 128 ) (-488 208 128 ) 
4 387 404 (-464 208 144 ) (-464 208 256 ) (-488 208 256 ) (-488 208 144 ) 
4 387 401 (-464 208 256 ) (-464 208 352 ) (-488 208 352 ) (-488 208 256 ) 
4 387 398 (-472 208 360 ) (-488 208 360 ) (-488 208 352 ) (-472 208 352 ) 
4 387 396 (-464 208 352 ) (-464 208 360 ) (-472 208 360 ) (-472 208 352 ) 
4 388 404 (-504 208 144 ) (-504 208 256 ) (-744 208 256 ) (-744 208 144 ) 
4 388 403 (-504 208 256 ) (-504 208 352 ) (-744 208 352 ) (-744 208 256 ) 
4 388 398 (-504 208 352 ) (-504 208 360 ) (-552 208 360 ) (-552 208 352 ) 
4 388 400 (-552 208 360 ) (-744 208 360 ) (-744 208 352 ) (-552 208 352 ) 
4 389 411 (-744 208 -632 ) (-504 208 -632 ) (-504 208 128 ) (-744 208 128 ) 
4 390 404 (-760 208 144 ) (-760 208 256 ) (-1000 208 256 ) (-1000 208 144 ) 
4 390 403 (-760 208 256 ) (-760 208 352 ) (-1000 208 352 ) (-1000 208 256 ) 
4 390 400 (-760 208 352 ) (-760 208 360 ) (-1000 208 360 ) (-1000 208 352 ) 
4 391 411 (-1000 208 -632 ) (-760 208 -632 ) (-760 208 128 ) (-1000 208 128 ) 
4 392 704 (-1024 208 360 ) (-1024 224 360 ) (-1024 224 144 ) (-1024 208 144 ) 
4 392 404 (-1016 208 144 ) (-1016 208 256 ) (-1024 208 256 ) (-1024 208 144 ) 
4 392 403 (-1016 208 256 ) (-1016 208 352 ) (-1024 208 352 ) (-1024 208 256 ) 
4 392 400 (-1016 208 352 ) (-1016 208 360 ) (-1024 208 360 ) (-1024 208 352 ) 
4 393 705 (-1024 224 128 ) (-1024 224 -632 ) (-1024 208 -632 ) (-1024 208 128 ) 
4 393 411 (-1024 208 -632 ) (-1016 208 -632 ) (-1016 208 128 ) (-1024 208 128 ) 
4 394 444 (-336 0 352 ) (-328 0 352 ) (-328 0 360 ) (-336 0 360 ) 
4 394 401 (-336 208 352 ) (-328 208 352 ) (-328 0 352 ) (-336 0 352 ) 
4 394 395 (-336 200 352 ) (-336 192 352 ) (-336 192 360 ) (-336 200 360 ) 
4 395 401 (-336 200 352 ) (-336 192 352 ) (-464 192 352 ) (-464 200 352 ) 
4 395 396 (-464 200 352 ) (-464 192 352 ) (-464 192 360 ) (-464 200 360 ) 
4 396 401 (-472 208 352 ) (-464 208 352 ) (-464 136 352 ) (-472 136 352 ) 
4 396 398 (-472 208 360 ) (-472 208 352 ) (-472 144 352 ) (-472 144 360 ) 
4 397 472 (-472 0 352 ) (-464 0 352 ) (-464 0 360 ) (-472 0 360 ) 
4 397 401 (-464 88 352 ) (-464 0 352 ) (-472 0 352 ) (-472 88 352 ) 
4 397 399 (-472 80 352 ) (-472 0 352 ) (-472 0 360 ) (-472 80 360 ) 
4 398 401 (-488 208 352 ) (-472 208 352 ) (-472 144 352 ) (-488 144 352 ) 
4 398 403 (-552 208 352 ) (-504 208 352 ) (-504 144 352 ) (-552 144 352 ) 
4 398 400 (-552 208 360 ) (-552 208 352 ) (-552 144 352 ) (-552 144 360 ) 
4 399 473 (-552 0 352 ) (-472 0 352 ) (-472 0 360 ) (-552 0 360 ) 
4 399 401 (-472 80 352 ) (-472 0 352 ) (-488 0 352 ) (-488 80 352 ) 
4 399 403 (-504 0 352 ) (-552 0 352 ) (-552 80 352 ) (-504 80 352 ) 
4 399 400 (-552 80 352 ) (-552 0 352 ) (-552 0 360 ) (-552 80 360 ) 
4 400 730 (-1024 0 352 ) (-1024 0 360 ) (-1024 208 360 ) (-1024 208 352 ) 
4 400 476 (-1016 0 352 ) (-1000 0 352 ) (-1000 0 360 ) (-1016 0 360 ) 
4 400 477 (-1024 0 360 ) (-1024 0 352 ) (-1016 0 352 ) (-1016 0 360 ) 
4 400 474 (-760 0 352 ) (-744 0 352 ) (-744 0 360 ) (-760 0 360 ) 
4 400 473 (-744 0 352 ) (-552 0 352 ) (-552 0 360 ) (-744 0 360 ) 
4 400 475 (-1000 0 352 ) (-760 0 352 ) (-760 0 360 ) (-1000 0 360 ) 
4 400 403 (-1024 0 352 ) (-1024 208 352 ) (-552 208 352 ) (-552 0 352 ) 
4 401 478 (-488 0 256 ) (-336 0 256 ) (-336 0 352 ) (-488 0 352 ) 
4 401 444 (-336 0 256 ) (-328 0 256 ) (-328 0 352 ) (-336 0 352 ) 
4 401 441 (-328 0 256 ) (-288 0 256 ) (-288 0 352 ) (-328 0 352 ) 
4 401 405 (-288 44 256 ) (-288 0 256 ) (-488 0 256 ) (-488 44 256 ) 
4 401 404 (-488 208 256 ) (-288 208 256 ) (-288 44 256 ) (-488 44 256 ) 
4 401 402 (-488 208 256 ) (-488 0 256 ) (-488 0 336 ) (-488 208 336 ) 
4 402 479 (-504 0 256 ) (-488 0 256 ) (-488 0 336 ) (-504 0 336 ) 
4 402 405 (-488 44 256 ) (-488 0 256 ) (-504 0 256 ) (-504 44 256 ) 
4 402 404 (-504 208 256 ) (-488 208 256 ) (-488 44 256 ) (-504 44 256 ) 
4 402 403 (-504 208 256 ) (-504 0 256 ) (-504 0 336 ) (-504 208 336 ) 
4 403 730 (-1024 0 256 ) (-1024 0 352 ) (-1024 208 352 ) (-1024 208 256 ) 
4 403 480 (-1024 0 352 ) (-1024 0 256 ) (-504 0 256 ) (-504 0 352 ) 
4 403 405 (-898 44 256 ) (-504 44 256 ) (-504 0 256 ) (-898 0 256 ) 
4 403 404 (-1024 44 256 ) (-1024 208 256 ) (-504 208 256 ) (-504 44 256 ) 
4 404 764 (-1024 208 248 ) (-1024 208 144 ) (-1024 44 144 ) (-1024 44 248 ) 
4 404 761 (-1024 44 256 ) (-1024 208 256 ) (-1024 208 248 ) (-1024 44 248 ) 
4 404 410 (-1024 208 144 ) (-1016 208 144 ) (-1016 44 144 ) (-1024 44 144 ) 
4 404 408 (-744 208 144 ) (-504 208 144 ) (-504 44 144 ) (-744 44 144 ) 
4 404 409 (-1000 208 144 ) (-760 208 144 ) (-760 44 144 ) (-1000 44 144 ) 
4 404 407 (-488 208 144 ) (-288 208 144 ) (-288 44 144 ) (-488 44 144 ) 
4 404 405 (-288 44 248 ) (-288 44 256 ) (-898 44 256 ) (-898 44 248 ) 
4 404 406 (-1024 44 144 ) (-288 44 144 ) (-288 44 248 ) (-1024 44 248 ) 
4 405 481 (-898 0 248 ) (-336 0 248 ) (-336 0 256 ) (-898 0 256 ) 
4 405 444 (-336 0 248 ) (-328 0 248 ) (-328 0 256 ) (-336 0 256 ) 
4 405 441 (-328 0 248 ) (-288 0 248 ) (-288 0 256 ) (-328 0 256 ) 
4 405 406 (-898 44 248 ) (-288 44 248 ) (-288 0 248 ) (-898 0 248 ) 
4 406 764 (-1024 0 144 ) (-1024 0 248 ) (-1024 44 248 ) (-1024 44 144 ) 
4 406 482 (-1024 0 248 ) (-1024 0 144 ) (-336 0 144 ) (-336 0 248 ) 
4 406 444 (-336 0 144 ) (-328 0 144 ) (-328 0 248 ) (-336 0 248 ) 
4 406 441 (-328 0 144 ) (-288 0 144 ) (-288 0 248 ) (-328 0 248 ) 
4 406 410 (-1016 0 144 ) (-1024 0 144 ) (-1024 44 144 ) (-1016 44 144 ) 
4 406 408 (-504 0 144 ) (-744 0 144 ) (-744 44 144 ) (-504 44 144 ) 
4 406 409 (-760 0 144 ) (-1000 0 144 ) (-1000 44 144 ) (-760 44 144 ) 
4 406 407 (-288 44 144 ) (-288 0 144 ) (-488 0 144 ) (-488 44 144 ) 
4 407 484 (-488 0 128 ) (-336 0 128 ) (-336 0 144 ) (-488 0 144 ) 
4 407 444 (-336 0 128 ) (-328 0 128 ) (-328 0 144 ) (-336 0 144 ) 
4 407 441 (-328 0 128 ) (-288 0 128 ) (-288 0 144 ) (-328 0 144 ) 
4 407 411 (-488 208 128 ) (-288 208 128 ) (-288 0 128 ) (-488 0 128 ) 
4 408 485 (-744 0 128 ) (-504 0 128 ) (-504 0 144 ) (-744 0 144 ) 
4 408 411 (-744 208 128 ) (-504 208 128 ) (-504 0 128 ) (-744 0 128 ) 
4 409 486 (-1000 0 128 ) (-760 0 128 ) (-760 0 144 ) (-1000 0 144 ) 
4 409 411 (-1000 208 128 ) (-760 208 128 ) (-760 0 128 ) (-1000 0 128 ) 
4 410 767 (-1024 0 128 ) (-1024 0 144 ) (-1024 208 144 ) (-1024 208 128 ) 
4 410 487 (-1024 0 144 ) (-1024 0 128 ) (-1016 0 128 ) (-1016 0 144 ) 
4 410 411 (-1024 0 128 ) (-1024 208 128 ) (-1016 208 128 ) (-1016 0 128 ) 
4 411 771 (-1024 0 -632 ) (-1024 0 128 ) (-1024 208 128 ) (-1024 208 -632 ) 
4 411 488 (-1024 0 128 ) (-1024 0 -632 ) (-336 0 -632 ) (-336 0 128 ) 
4 411 444 (-336 0 -632 ) (-328 0 -632 ) (-328 0 128 ) (-336 0 128 ) 
4 411 441 (-328 0 -632 ) (-288 0 -632 ) (-288 0 128 ) (-328 0 128 ) 
4 412 598 (125 -1024 1608 ) (0 -1024 1608 ) (0 -1024 616 ) (125 -1024 616 ) 
4 412 429 (0 0 1608 ) (0 0 616 ) (0 -1024 616 ) (0 -1024 1608 ) 
4 412 413 (0 0 616 ) (112 0 616 ) (112 -128 616 ) (0 -128 616 ) 
4 413 430 (0 0 616 ) (0 0 608 ) (0 -128 608 ) (0 -128 616 ) 
4 414 419 (944 -128 360 ) (1008 -128 360 ) (1008 -128 608 ) (944 -128 608 ) 
4 414 417 (1008 -128 360 ) (1024 -128 360 ) (1024 -128 608 ) (1008 -128 608 ) 
4 415 422 (688 -128 360 ) (728 -128 360 ) (728 -128 448 ) (688 -128 448 ) 
4 416 425 (112 -128 360 ) (176 -128 360 ) (176 -128 608 ) (112 -128 608 ) 
4 417 419 (1008 -128 608 ) (1008 -128 360 ) (1008 -448 360 ) (1008 -448 608 ) 
4 418 426 (1008 -896 360 ) (1024 -896 360 ) (1024 -896 608 ) (1008 -896 608 ) 
4 418 421 (1008 -576 360 ) (1008 -896 360 ) (1008 -896 608 ) (1008 -576 608 ) 
4 419 422 (944 -128 608 ) (944 -128 360 ) (944 -448 360 ) (944 -448 608 ) 
4 419 420 (944 -448 448 ) (944 -448 360 ) (1008 -448 360 ) (1008 -448 448 ) 
4 420 421 (944 -576 448 ) (944 -576 360 ) (1008 -576 360 ) (1008 -576 448 ) 
4 421 426 (944 -896 360 ) (1008 -896 360 ) (1008 -896 608 ) (944 -896 608 ) 
4 421 423 (944 -576 360 ) (944 -896 360 ) (944 -896 608 ) (944 -576 608 ) 
4 422 424 (624 -128 608 ) (624 -128 360 ) (624 -448 360 ) (624 -448 608 ) 
4 423 426 (624 -896 360 ) (944 -896 360 ) (944 -896 608 ) (624 -896 608 ) 
4 423 424 (624 -576 360 ) (624 -896 360 ) (624 -896 608 ) (624 -576 608 ) 
4 424 426 (496 -896 360 ) (624 -896 360 ) (624 -896 608 ) (496 -896 608 ) 
4 425 426 (240 -896 360 ) (368 -896 360 ) (368 -896 608 ) (240 -896 608 ) 
4 427 435 (0 0 360 ) (0 0 352 ) (0 -128 352 ) (0 -128 360 ) 
4 427 428 (0 -128 352 ) (0 0 352 ) (112 0 352 ) (112 -128 352 ) 
4 428 598 (125 -1024 -632 ) (125 -1024 352 ) (0 -1024 352 ) (0 -1024 -632 ) 
4 428 437 (0 -896 -632 ) (0 -1024 -632 ) (0 -1024 352 ) (0 -896 352 ) 
4 428 436 (0 -128 -632 ) (0 -896 -632 ) (0 -896 352 ) (0 -128 352 ) 
4 428 435 (0 0 352 ) (0 0 -632 ) (0 -128 -632 ) (0 -128 352 ) 
4 429 600 (-8 -1024 1608 ) (-328 -1024 1608 ) (-328 -1024 616 ) (-8 -1024 616 ) 
4 429 599 (0 -1024 616 ) (0 -1024 1608 ) (-8 -1024 1608 ) (-8 -1024 616 ) 
4 429 602 (-328 -1024 1608 ) (-336 -1024 1608 ) (-336 -1024 616 ) (-328 -1024 616 ) 
4 429 589 (-336 -992 1608 ) (-336 -984 1608 ) (-336 -984 616 ) (-336 -992 616 ) 
4 429 590 (-336 -1024 616 ) (-336 -1024 1608 ) (-336 -992 1608 ) (-336 -992 616 ) 
4 429 580 (-336 -984 1608 ) (-336 -720 1608 ) (-336 -720 616 ) (-336 -984 616 ) 
4 429 517 (-336 -720 1608 ) (-336 -48 1608 ) (-336 -48 616 ) (-336 -720 616 ) 
4 429 489 (-336 -48 1608 ) (-336 -32 1608 ) (-336 -32 616 ) (-336 -48 616 ) 
4 429 462 (-336 0 640 ) (-336 0 616 ) (-336 -32 616 ) (-336 -32 640 ) 
4 429 458 (-336 0 656 ) (-336 0 640 ) (-336 -32 640 ) (-336 -32 656 ) 
4 429 457 (-336 0 888 ) (-336 0 656 ) (-336 -32 656 ) (-336 -32 888 ) 
4 429 453 (-336 0 904 ) (-336 0 888 ) (-336 -32 888 ) (-336 -32 904 ) 
4 429 448 (-336 0 1160 ) (-336 0 1144 ) (-336 -32 1144 ) (-336 -32 1160 ) 
4 429 452 (-336 0 1144 ) (-336 0 904 ) (-336 -32 904 ) (-336 -32 1144 ) 
4 429 447 (-336 -32 1608 ) (-336 0 1608 ) (-336 0 1160 ) (-336 -32 1160 ) 
4 429 434 (-336 -1024 616 ) (-336 -688 616 ) (-328 -688 616 ) (-328 -1024 616 ) 
4 429 433 (-8 -688 616 ) (0 -688 616 ) (0 -896 616 ) (-8 -896 616 ) 
4 429 432 (-336 -688 616 ) (-336 0 616 ) (-328 0 616 ) (-328 -688 616 ) 
4 429 431 (-232 0 616 ) (-104 0 616 ) (-104 -688 616 ) (-232 -688 616 ) 
4 429 430 (-8 0 616 ) (0 0 616 ) (0 -688 616 ) (-8 -688 616 ) 
4 430 433 (-8 -688 608 ) (0 -688 608 ) (0 -688 616 ) (-8 -688 616 ) 
4 431 438 (-232 0 608 ) (-104 0 608 ) (-104 -688 608 ) (-232 -688 608 ) 
4 432 434 (-336 -688 608 ) (-328 -688 608 ) (-328 -688 616 ) (-336 -688 616 ) 
4 434 602 (-328 -1024 616 ) (-336 -1024 616 ) (-336 -1024 608 ) (-328 -1024 608 ) 
4 434 589 (-336 -992 616 ) (-336 -984 616 ) (-336 -984 608 ) (-336 -992 608 ) 
4 434 590 (-336 -1024 608 ) (-336 -1024 616 ) (-336 -992 616 ) (-336 -992 608 ) 
4 435 439 (-8 0 352 ) (-8 0 -632 ) (-8 -128 -632 ) (-8 -128 352 ) 
4 435 436 (-8 -128 360 ) (-8 -128 -632 ) (0 -128 -632 ) (0 -128 360 ) 
4 436 439 (-8 -128 352 ) (-8 -128 -632 ) (-8 -896 -632 ) (-8 -896 352 ) 
4 436 437 (-8 -896 352 ) (-8 -896 -632 ) (0 -896 -632 ) (0 -896 352 ) 
4 437 603 (0 -1024 -632 ) (0 -1024 352 ) (-8 -1024 352 ) (-8 -1024 -632 ) 
4 437 439 (-8 -896 352 ) (-8 -896 -632 ) (-8 -1024 -632 ) (-8 -1024 352 ) 
4 438 443 (-328 -896 468 ) (-328 -896 360 ) (-328 -944 360 ) (-328 -944 468 ) 
4 438 442 (-328 0 448 ) (-328 0 400 ) (-328 -636 400 ) (-328 -636 448 ) 
4 439 603 (-8 -1024 -632 ) (-8 -1024 352 ) (-40 -1024 352 ) (-40 -1024 -632 ) 
5 439 440 (-40 -272 -632 ) (-40 -1024 -632 ) (-40 -1024 352 ) (-40 0 352 ) (-40 0 -508.031433 ) 
4 440 603 (-40 -1024 352 ) (-288 -1024 352 ) (-288 -1024 -632 ) (-40 -1024 -632 ) 
5 440 441 (-288 -272 -632 ) (-288 -1024 -632 ) (-288 -1024 352 ) (-288 0 352 ) (-288 0 -508.031433 ) 
4 441 603 (-288 -1024 352 ) (-328 -1024 352 ) (-328 -1024 -632 ) (-288 -1024 -632 ) 
4 441 445 (-328 -944 352 ) (-328 -896 352 ) (-328 -896 -632 ) (-328 -944 -632 ) 
4 441 444 (-328 -896 352 ) (-328 0 352 ) (-328 0 -632 ) (-328 -896 -632 ) 
4 441 446 (-328 -1024 -632 ) (-328 -1024 352 ) (-328 -944 352 ) (-328 -944 -632 ) 
4 442 518 (-336 -48 400 ) (-336 -636 400 ) (-336 -636 448 ) (-336 -48 448 ) 
4 442 490 (-336 -32 400 ) (-336 -48 400 ) (-336 -48 448 ) (-336 -32 448 ) 
4 442 463 (-336 0 448 ) (-336 0 400 ) (-336 -32 400 ) (-336 -32 448 ) 
4 443 583 (-336 -896 468 ) (-336 -896 360 ) (-336 -944 360 ) (-336 -944 468 ) 
4 444 588 (-336 -720 352 ) (-336 -720 -632 ) (-336 -896 -632 ) (-336 -896 352 ) 
4 444 519 (-336 -48 352 ) (-336 -48 -632 ) (-336 -720 -632 ) (-336 -720 352 ) 
4 444 491 (-336 -32 352 ) (-336 -32 -632 ) (-336 -48 -632 ) (-336 -48 352 ) 
4 444 488 (-336 0 128 ) (-336 0 -632 ) (-336 -32 -632 ) (-336 -32 128 ) 
4 444 484 (-336 0 144 ) (-336 0 128 ) (-336 -32 128 ) (-336 -32 144 ) 
4 444 481 (-336 0 256 ) (-336 0 248 ) (-336 -20 248 ) (-336 -20 256 ) 
4 444 482 (-336 0 248 ) (-336 0 144 ) (-336 -20 144 ) (-336 -20 248 ) 
4 444 483 (-336 -20 144 ) (-336 -32 144 ) (-336 -32 256 ) (-336 -20 256 ) 
4 444 478 (-336 0 352 ) (-336 0 256 ) (-336 -32 256 ) (-336 -32 352 ) 
4 444 445 (-336 -896 -632 ) (-328 -896 -632 ) (-328 -896 352 ) (-336 -896 352 ) 
4 445 588 (-336 -896 352 ) (-336 -896 -632 ) (-336 -944 -632 ) (-336 -944 352 ) 
4 445 446 (-336 -944 -632 ) (-328 -944 -632 ) (-328 -944 352 ) (-336 -944 352 ) 
4 446 603 (-328 -1024 -632 ) (-328 -1024 360 ) (-336 -1024 360 ) (-336 -1024 -632 ) 
4 446 591 (-336 -1024 -632 ) (-336 -1024 360 ) (-336 -984 360 ) (-336 -984 -632 ) 
4 446 588 (-336 -944 352 ) (-336 -944 -632 ) (-336 -984 -632 ) (-336 -984 352 ) 
4 447 863 (-1024 -32 1160 ) (-1024 -32 1608 ) (-1024 0 1608 ) (-1024 0 1160 ) 
4 447 511 (-1016 -32 1608 ) (-1024 -32 1608 ) (-1024 -32 1160 ) (-1016 -32 1160 ) 
4 447 502 (-760 -32 1608 ) (-1000 -32 1608 ) (-1000 -32 1160 ) (-760 -32 1160 ) 
4 447 496 (-504 -32 1608 ) (-744 -32 1608 ) (-744 -32 1160 ) (-504 -32 1160 ) 
4 447 495 (-472 -32 1608 ) (-488 -32 1608 ) (-488 -32 1160 ) (-472 -32 1160 ) 
4 447 492 (-464 -32 1608 ) (-472 -32 1608 ) (-472 -32 1160 ) (-464 -32 1160 ) 
4 447 489 (-336 -32 1160 ) (-336 -32 1608 ) (-464 -32 1608 ) (-464 -32 1160 ) 
4 447 451 (-1016 -32 1160 ) (-1024 -32 1160 ) (-1024 0 1160 ) (-1016 0 1160 ) 
4 447 450 (-760 -32 1160 ) (-1000 -32 1160 ) (-1000 0 1160 ) (-760 0 1160 ) 
4 447 448 (-336 -32 1160 ) (-488 -32 1160 ) (-488 0 1160 ) (-336 0 1160 ) 
4 447 449 (-504 -32 1160 ) (-744 -32 1160 ) (-744 0 1160 ) (-504 0 1160 ) 
4 448 495 (-472 -32 1160 ) (-488 -32 1160 ) (-488 -32 1144 ) (-472 -32 1144 ) 
4 448 492 (-464 -32 1160 ) (-472 -32 1160 ) (-472 -32 1144 ) (-464 -32 1144 ) 
4 448 489 (-336 -32 1144 ) (-336 -32 1160 ) (-464 -32 1160 ) (-464 -32 1144 ) 
4 448 452 (-336 -32 1144 ) (-488 -32 1144 ) (-488 0 1144 ) (-336 0 1144 ) 
4 449 452 (-504 -32 1144 ) (-744 -32 1144 ) (-744 0 1144 ) (-504 0 1144 ) 
4 450 452 (-760 -32 1144 ) (-1000 -32 1144 ) (-1000 0 1144 ) (-760 0 1144 ) 
4 451 864 (-1024 -32 1144 ) (-1024 -32 1160 ) (-1024 0 1160 ) (-1024 0 1144 ) 
4 451 452 (-1016 -32 1144 ) (-1024 -32 1144 ) (-1024 0 1144 ) (-1016 0 1144 ) 
4 452 868 (-1024 -32 904 ) (-1024 -32 1144 ) (-1024 0 1144 ) (-1024 0 904 ) 
4 452 512 (-1016 -32 1144 ) (-1024 -32 1144 ) (-1024 -32 904 ) (-1016 -32 904 ) 
4 452 503 (-760 -32 1144 ) (-1000 -32 1144 ) (-1000 -32 904 ) (-760 -32 904 ) 
4 452 497 (-504 -32 1144 ) (-744 -32 1144 ) (-744 -32 904 ) (-504 -32 904 ) 
4 452 495 (-472 -32 1144 ) (-488 -32 1144 ) (-488 -32 904 ) (-472 -32 904 ) 
4 452 492 (-464 -32 1144 ) (-472 -32 1144 ) (-472 -32 904 ) (-464 -32 904 ) 
4 452 489 (-336 -32 904 ) (-336 -32 1144 ) (-464 -32 1144 ) (-464 -32 904 ) 
4 452 456 (-1016 -32 904 ) (-1024 -32 904 ) (-1024 0 904 ) (-1016 0 904 ) 
4 452 455 (-760 -32 904 ) (-1000 -32 904 ) (-1000 0 904 ) (-760 0 904 ) 
4 452 453 (-336 -32 904 ) (-488 -32 904 ) (-488 0 904 ) (-336 0 904 ) 
4 452 454 (-504 -32 904 ) (-744 -32 904 ) (-744 0 904 ) (-504 0 904 ) 
4 453 495 (-472 -32 904 ) (-488 -32 904 ) (-488 -32 888 ) (-472 -32 888 ) 
4 453 492 (-464 -32 904 ) (-472 -32 904 ) (-472 -32 888 ) (-464 -32 888 ) 
4 453 489 (-336 -32 888 ) (-336 -32 904 ) (-464 -32 904 ) (-464 -32 888 ) 
4 453 457 (-336 -32 888 ) (-488 -32 888 ) (-488 0 888 ) (-336 0 888 ) 
4 454 457 (-504 -32 888 ) (-744 -32 888 ) (-744 0 888 ) (-504 0 888 ) 
4 455 457 (-760 -32 888 ) (-1000 -32 888 ) (-1000 0 888 ) (-760 0 888 ) 
4 456 869 (-1024 -32 888 ) (-1024 -32 904 ) (-1024 0 904 ) (-1024 0 888 ) 
4 456 457 (-1016 -32 888 ) (-1024 -32 888 ) (-1024 0 888 ) (-1016 0 888 ) 
4 457 873 (-1024 -32 656 ) (-1024 -32 888 ) (-1024 0 888 ) (-1024 0 656 ) 
4 457 513 (-1016 -32 888 ) (-1024 -32 888 ) (-1024 -32 656 ) (-1016 -32 656 ) 
4 457 504 (-760 -32 888 ) (-1000 -32 888 ) (-1000 -32 656 ) (-760 -32 656 ) 
4 457 498 (-504 -32 888 ) (-744 -32 888 ) (-744 -32 656 ) (-504 -32 656 ) 
4 457 495 (-472 -32 888 ) (-488 -32 888 ) (-488 -32 656 ) (-472 -32 656 ) 
4 457 492 (-464 -32 888 ) (-472 -32 888 ) (-472 -32 656 ) (-464 -32 656 ) 
4 457 489 (-336 -32 656 ) (-336 -32 888 ) (-464 -32 888 ) (-464 -32 656 ) 
4 457 461 (-1016 -32 656 ) (-1024 -32 656 ) (-1024 0 656 ) (-1016 0 656 ) 
4 457 459 (-504 -32 656 ) (-744 -32 656 ) (-744 0 656 ) (-504 0 656 ) 
4 457 460 (-760 -32 656 ) (-1000 -32 656 ) (-1000 0 656 ) (-760 0 656 ) 
4 457 458 (-336 -32 656 ) (-488 -32 656 ) (-488 0 656 ) (-336 0 656 ) 
4 458 495 (-472 -32 656 ) (-488 -32 656 ) (-488 -32 640 ) (-472 -32 640 ) 
4 458 492 (-464 -32 656 ) (-472 -32 656 ) (-472 -32 640 ) (-464 -32 640 ) 
4 458 489 (-336 -32 640 ) (-336 -32 656 ) (-464 -32 656 ) (-464 -32 640 ) 
4 458 464 (-464 -32 640 ) (-472 -32 640 ) (-472 0 640 ) (-464 0 640 ) 
4 458 465 (-472 -32 640 ) (-488 -32 640 ) (-488 0 640 ) (-472 0 640 ) 
4 458 462 (-336 -32 640 ) (-464 -32 640 ) (-464 0 640 ) (-336 0 640 ) 
4 459 465 (-504 -32 640 ) (-744 -32 640 ) (-744 0 640 ) (-504 0 640 ) 
4 460 466 (-911 -32 640 ) (-975 -32 640 ) (-975 0 640 ) (-911 0 640 ) 
4 460 468 (-975 -32 640 ) (-1000 -32 640 ) (-1000 0 640 ) (-975 0 640 ) 
4 460 465 (-760 -32 640 ) (-911 -32 640 ) (-911 0 640 ) (-760 0 640 ) 
4 461 874 (-1024 -32 640 ) (-1024 -32 656 ) (-1024 0 656 ) (-1024 0 640 ) 
4 461 468 (-1016 -32 640 ) (-1024 -32 640 ) (-1024 0 640 ) (-1016 0 640 ) 
4 462 489 (-336 -32 616 ) (-336 -32 640 ) (-464 -32 640 ) (-464 -32 616 ) 
4 462 464 (-464 -32 616 ) (-464 -32 640 ) (-464 0 640 ) (-464 0 616 ) 
4 463 490 (-336 -32 400 ) (-336 -32 608 ) (-464 -32 608 ) (-464 -32 400 ) 
4 463 471 (-336 -32 400 ) (-464 -32 400 ) (-464 0 400 ) (-336 0 400 ) 
4 463 469 (-464 0 400 ) (-464 -32 400 ) (-464 -32 448 ) (-464 0 448 ) 
4 464 492 (-464 -32 640 ) (-472 -32 640 ) (-472 -32 608 ) (-464 -32 608 ) 
4 464 465 (-472 -32 608 ) (-472 -32 640 ) (-472 0 640 ) (-472 0 608 ) 
4 465 508 (-911 -32 480 ) (-911 -32 448 ) (-760 -32 448 ) (-760 -32 480 ) 
4 465 506 (-911 -32 488 ) (-911 -32 480 ) (-760 -32 480 ) (-760 -32 488 ) 
4 465 505 (-760 -32 640 ) (-911 -32 640 ) (-911 -32 488 ) (-760 -32 488 ) 
4 465 499 (-504 -32 640 ) (-744 -32 640 ) (-744 -32 448 ) (-504 -32 448 ) 
4 465 495 (-472 -32 640 ) (-488 -32 640 ) (-488 -32 448 ) (-472 -32 448 ) 
4 465 470 (-472 -32 448 ) (-911 -32 448 ) (-911 0 448 ) (-472 0 448 ) 
4 465 466 (-911 -32 488 ) (-911 -32 640 ) (-911 0 640 ) (-911 0 488 ) 
4 465 467 (-911 0 448 ) (-911 -32 448 ) (-911 -32 480 ) (-911 0 480 ) 
4 466 505 (-911 -32 640 ) (-975 -32 640 ) (-975 -32 488 ) (-911 -32 488 ) 
4 466 468 (-975 -32 488 ) (-975 -32 640 ) (-975 0 640 ) (-975 0 488 ) 
4 467 508 (-975 -32 480 ) (-975 -32 448 ) (-911 -32 448 ) (-911 -32 480 ) 
4 467 470 (-911 -32 448 ) (-975 -32 448 ) (-975 0 448 ) (-911 0 448 ) 
4 467 468 (-975 0 448 ) (-975 -32 448 ) (-975 -32 480 ) (-975 0 480 ) 
4 468 882 (-1024 -32 448 ) (-1024 -32 608 ) (-1024 0 608 ) (-1024 0 448 ) 
4 468 878 (-1024 -32 608 ) (-1024 -32 640 ) (-1024 0 640 ) (-1024 0 608 ) 
4 468 514 (-1016 -32 640 ) (-1024 -32 640 ) (-1024 -32 448 ) (-1016 -32 448 ) 
4 468 508 (-1000 -32 480 ) (-1000 -32 448 ) (-975 -32 448 ) (-975 -32 480 ) 
4 468 507 (-1000 -32 488 ) (-1000 -32 480 ) (-975 -32 480 ) (-975 -32 488 ) 
4 468 505 (-975 -32 640 ) (-1000 -32 640 ) (-1000 -32 488 ) (-975 -32 488 ) 
4 468 470 (-975 -32 448 ) (-1024 -32 448 ) (-1024 0 448 ) (-975 0 448 ) 
4 469 493 (-472 -32 400 ) (-464 -32 400 ) (-464 -32 448 ) (-472 -32 448 ) 
4 469 470 (-472 0 400 ) (-472 -32 400 ) (-472 -32 448 ) (-472 0 448 ) 
4 470 882 (-1024 -32 400 ) (-1024 -32 448 ) (-1024 0 448 ) (-1024 0 400 ) 
4 470 514 (-1024 -32 448 ) (-1024 -32 400 ) (-1016 -32 400 ) (-1016 -32 448 ) 
4 470 508 (-1000 -32 400 ) (-760 -32 400 ) (-760 -32 448 ) (-1000 -32 448 ) 
4 470 499 (-744 -32 400 ) (-504 -32 400 ) (-504 -32 448 ) (-744 -32 448 ) 
4 470 495 (-488 -32 400 ) (-472 -32 400 ) (-472 -32 448 ) (-488 -32 448 ) 
4 470 477 (-1016 -32 400 ) (-1024 -32 400 ) (-1024 0 400 ) (-1016 0 400 ) 
4 470 473 (-472 -32 400 ) (-744 -32 400 ) (-744 0 400 ) (-472 0 400 ) 
4 470 475 (-760 -32 400 ) (-1000 -32 400 ) (-1000 0 400 ) (-760 0 400 ) 
4 471 490 (-336 -32 360 ) (-336 -32 400 ) (-464 -32 400 ) (-464 -32 360 ) 
4 472 494 (-472 -32 360 ) (-472 -32 352 ) (-464 -32 352 ) (-464 -32 360 ) 
4 472 478 (-464 -32 352 ) (-472 -32 352 ) (-472 0 352 ) (-464 0 352 ) 
4 472 473 (-472 0 352 ) (-472 -32 352 ) (-472 -32 360 ) (-472 0 360 ) 
4 473 500 (-744 -32 384 ) (-744 -32 352 ) (-504 -32 352 ) (-504 -32 384 ) 
4 473 495 (-472 -32 400 ) (-488 -32 400 ) (-488 -32 352 ) (-472 -32 352 ) 
4 473 478 (-472 -32 352 ) (-488 -32 352 ) (-488 0 352 ) (-472 0 352 ) 
4 473 480 (-504 -32 352 ) (-744 -32 352 ) (-744 0 352 ) (-504 0 352 ) 
4 473 474 (-744 0 352 ) (-744 -32 352 ) (-744 -32 384 ) (-744 0 384 ) 
4 474 480 (-744 -32 352 ) (-760 -32 352 ) (-760 0 352 ) (-744 0 352 ) 
4 474 475 (-760 0 352 ) (-760 -32 352 ) (-760 -32 384 ) (-760 0 384 ) 
4 475 509 (-1000 -32 384 ) (-1000 -32 352 ) (-760 -32 352 ) (-760 -32 384 ) 
4 475 480 (-760 -32 352 ) (-1000 -32 352 ) (-1000 0 352 ) (-760 0 352 ) 
4 475 476 (-1000 0 352 ) (-1000 -32 352 ) (-1000 -32 384 ) (-1000 0 384 ) 
4 476 480 (-1000 -32 352 ) (-1016 -32 352 ) (-1016 0 352 ) (-1000 0 352 ) 
4 476 477 (-1016 0 352 ) (-1016 -32 352 ) (-1016 -32 384 ) (-1016 0 384 ) 
4 477 935 (-1024 -32 352 ) (-1024 -32 360 ) (-1024 0 360 ) (-1024 0 352 ) 
4 477 913 (-1024 -32 360 ) (-1024 -32 384 ) (-1024 0 384 ) (-1024 0 360 ) 
4 477 902 (-1024 -32 384 ) (-1024 -32 400 ) (-1024 0 400 ) (-1024 0 384 ) 
4 477 515 (-1024 -32 384 ) (-1024 -32 352 ) (-1016 -32 352 ) (-1016 -32 384 ) 
4 477 480 (-1016 -32 352 ) (-1024 -32 352 ) (-1024 0 352 ) (-1016 0 352 ) 
4 478 495 (-472 -32 352 ) (-488 -32 352 ) (-488 -32 256 ) (-472 -32 256 ) 
4 478 494 (-464 -32 352 ) (-472 -32 352 ) (-472 -32 256 ) (-464 -32 256 ) 
4 478 491 (-336 -32 256 ) (-336 -32 352 ) (-464 -32 352 ) (-464 -32 256 ) 
4 478 481 (-488 -20 256 ) (-488 0 256 ) (-336 0 256 ) (-336 -20 256 ) 
4 478 483 (-336 -32 256 ) (-488 -32 256 ) (-488 -20 256 ) (-336 -20 256 ) 
4 478 479 (-488 0 256 ) (-488 -32 256 ) (-488 -32 336 ) (-488 0 336 ) 
4 479 481 (-504 -20 256 ) (-504 0 256 ) (-488 0 256 ) (-488 -20 256 ) 
4 479 483 (-488 -32 256 ) (-504 -32 256 ) (-504 -20 256 ) (-488 -20 256 ) 
4 479 480 (-504 0 256 ) (-504 -32 256 ) (-504 -32 336 ) (-504 0 336 ) 
4 480 935 (-1024 -32 256 ) (-1024 -32 352 ) (-1024 0 352 ) (-1024 0 256 ) 
4 480 515 (-1016 -32 352 ) (-1024 -32 352 ) (-1024 -32 256 ) (-1016 -32 256 ) 
4 480 509 (-760 -32 352 ) (-1000 -32 352 ) (-1000 -32 256 ) (-760 -32 256 ) 
4 480 500 (-504 -32 352 ) (-744 -32 352 ) (-744 -32 256 ) (-504 -32 256 ) 
4 480 481 (-898 0 256 ) (-504 0 256 ) (-504 -20 256 ) (-898 -20 256 ) 
4 480 483 (-504 -32 256 ) (-1024 -32 256 ) (-1024 -20 256 ) (-504 -20 256 ) 
4 481 482 (-336 -20 248 ) (-898 -20 248 ) (-898 0 248 ) (-336 0 248 ) 
4 481 483 (-336 -20 248 ) (-336 -20 256 ) (-898 -20 256 ) (-898 -20 248 ) 
4 482 974 (-1024 0 248 ) (-1024 0 144 ) (-1024 -20 144 ) (-1024 -20 248 ) 
4 482 487 (-1024 -20 144 ) (-1024 0 144 ) (-1016 0 144 ) (-1016 -20 144 ) 
4 482 485 (-744 0 144 ) (-504 0 144 ) (-504 -20 144 ) (-744 -20 144 ) 
4 482 486 (-1000 0 144 ) (-760 0 144 ) (-760 -20 144 ) (-1000 -20 144 ) 
4 482 484 (-488 0 144 ) (-336 0 144 ) (-336 -20 144 ) (-488 -20 144 ) 
4 482 483 (-1024 -20 144 ) (-336 -20 144 ) (-336 -20 248 ) (-1024 -20 248 ) 
4 483 974 (-1024 -32 144 ) (-1024 -32 248 ) (-1024 -20 248 ) (-1024 -20 144 ) 
4 483 968 (-1024 -32 248 ) (-1024 -32 256 ) (-1024 -20 256 ) (-1024 -20 248 ) 
4 483 515 (-1016 -32 256 ) (-1024 -32 256 ) (-1024 -32 144 ) (-1016 -32 144 ) 
4 483 509 (-760 -32 256 ) (-1000 -32 256 ) (-1000 -32 144 ) (-760 -32 144 ) 
4 483 500 (-504 -32 256 ) (-744 -32 256 ) (-744 -32 144 ) (-504 -32 144 ) 
4 483 495 (-472 -32 256 ) (-488 -32 256 ) (-488 -32 144 ) (-472 -32 144 ) 
4 483 494 (-464 -32 256 ) (-472 -32 256 ) (-472 -32 144 ) (-464 -32 144 ) 
4 483 491 (-336 -32 144 ) (-336 -32 256 ) (-464 -32 256 ) (-464 -32 144 ) 
4 483 487 (-1016 -32 144 ) (-1024 -32 144 ) (-1024 -20 144 ) (-1016 -20 144 ) 
4 483 485 (-504 -32 144 ) (-744 -32 144 ) (-744 -20 144 ) (-504 -20 144 ) 
4 483 486 (-760 -32 144 ) (-1000 -32 144 ) (-1000 -20 144 ) (-760 -20 144 ) 
4 483 484 (-336 -32 144 ) (-488 -32 144 ) (-488 -20 144 ) (-336 -20 144 ) 
4 484 495 (-472 -32 144 ) (-488 -32 144 ) (-488 -32 128 ) (-472 -32 128 ) 
4 484 494 (-464 -32 144 ) (-472 -32 144 ) (-472 -32 128 ) (-464 -32 128 ) 
4 484 491 (-336 -32 128 ) (-336 -32 144 ) (-464 -32 144 ) (-464 -32 128 ) 
4 484 488 (-336 -32 128 ) (-488 -32 128 ) (-488 0 128 ) (-336 0 128 ) 
4 485 488 (-504 -32 128 ) (-744 -32 128 ) (-744 0 128 ) (-504 0 128 ) 
4 486 488 (-760 -32 128 ) (-1000 -32 128 ) (-1000 0 128 ) (-760 0 128 ) 
4 487 975 (-1024 -32 128 ) (-1024 -32 144 ) (-1024 0 144 ) (-1024 0 128 ) 
4 487 488 (-1016 -32 128 ) (-1024 -32 128 ) (-1024 0 128 ) (-1016 0 128 ) 
4 488 979 (-1024 -32 -632 ) (-1024 -32 128 ) (-1024 0 128 ) (-1024 0 -632 ) 
4 488 516 (-1016 -32 128 ) (-1024 -32 128 ) (-1024 -32 -632 ) (-1016 -32 -632 ) 
4 488 510 (-760 -32 128 ) (-1000 -32 128 ) (-1000 -32 -632 ) (-760 -32 -632 ) 
4 488 501 (-504 -32 128 ) (-744 -32 128 ) (-744 -32 -632 ) (-504 -32 -632 ) 
4 488 495 (-472 -32 128 ) (-488 -32 128 ) (-488 -32 -632 ) (-472 -32 -632 ) 
4 488 494 (-464 -32 128 ) (-472 -32 128 ) (-472 -32 -632 ) (-464 -32 -632 ) 
4 488 491 (-336 -32 -632 ) (-336 -32 128 ) (-464 -32 128 ) (-464 -32 -632 ) 
4 489 517 (-336 -48 616 ) (-336 -48 1608 ) (-464 -48 1608 ) (-464 -48 616 ) 
4 489 492 (-464 -32 1608 ) (-464 -32 616 ) (-464 -48 616 ) (-464 -48 1608 ) 
4 490 518 (-336 -48 360 ) (-336 -48 608 ) (-464 -48 608 ) (-464 -48 360 ) 
4 490 493 (-464 -32 448 ) (-464 -32 400 ) (-464 -48 400 ) (-464 -48 448 ) 
4 491 519 (-336 -48 -632 ) (-336 -48 352 ) (-464 -48 352 ) (-464 -48 -632 ) 
4 491 494 (-464 -32 352 ) (-464 -32 -632 ) (-464 -48 -632 ) (-464 -48 352 ) 
4 492 520 (-464 -48 608 ) (-464 -48 1608 ) (-472 -48 1608 ) (-472 -48 608 ) 
4 492 495 (-472 -32 1608 ) (-472 -32 608 ) (-472 -48 608 ) (-472 -48 1608 ) 
4 493 522 (-464 -48 400 ) (-464 -48 448 ) (-472 -48 448 ) (-472 -48 400 ) 
4 493 495 (-472 -32 448 ) (-472 -32 400 ) (-472 -48 400 ) (-472 -48 448 ) 
4 494 525 (-464 -48 -632 ) (-464 -48 360 ) (-472 -48 360 ) (-472 -48 -632 ) 
4 494 495 (-472 -32 360 ) (-472 -32 -632 ) (-472 -48 -632 ) (-472 -48 360 ) 
4 495 531 (-488 -48 -632 ) (-472 -48 -632 ) (-472 -48 480 ) (-488 -48 480 ) 
4 495 527 (-472 -48 480 ) (-472 -48 488 ) (-488 -48 488 ) (-488 -48 480 ) 
4 495 526 (-472 -48 488 ) (-472 -48 1608 ) (-488 -48 1608 ) (-488 -48 488 ) 
4 496 526 (-504 -48 1160 ) (-504 -48 1608 ) (-744 -48 1608 ) (-744 -48 1160 ) 
4 497 526 (-504 -48 904 ) (-504 -48 1144 ) (-744 -48 1144 ) (-744 -48 904 ) 
4 498 526 (-504 -48 656 ) (-504 -48 888 ) (-744 -48 888 ) (-744 -48 656 ) 
4 499 531 (-504 -48 400 ) (-504 -48 480 ) (-744 -48 480 ) (-744 -48 400 ) 
4 499 527 (-504 -48 480 ) (-504 -48 488 ) (-744 -48 488 ) (-744 -48 480 ) 
4 499 526 (-504 -48 488 ) (-504 -48 640 ) (-744 -48 640 ) (-744 -48 488 ) 
4 500 531 (-504 -48 144 ) (-504 -48 384 ) (-744 -48 384 ) (-744 -48 144 ) 
4 501 531 (-504 -48 -632 ) (-504 -48 128 ) (-744 -48 128 ) (-744 -48 -632 ) 
4 502 526 (-760 -48 1160 ) (-760 -48 1608 ) (-1000 -48 1608 ) (-1000 -48 1160 ) 
4 503 526 (-760 -48 904 ) (-760 -48 1144 ) (-1000 -48 1144 ) (-1000 -48 904 ) 
4 504 526 (-760 -48 656 ) (-760 -48 888 ) (-1000 -48 888 ) (-1000 -48 656 ) 
4 505 526 (-760 -48 488 ) (-760 -48 640 ) (-1000 -48 640 ) (-1000 -48 488 ) 
4 505 506 (-911 -32 488 ) (-760 -32 488 ) (-760 -48 488 ) (-911 -48 488 ) 
4 505 507 (-1000 -48 488 ) (-1000 -32 488 ) (-975 -32 488 ) (-975 -48 488 ) 
4 506 527 (-760 -48 480 ) (-760 -48 488 ) (-911 -48 488 ) (-911 -48 480 ) 
4 506 508 (-911 -32 480 ) (-760 -32 480 ) (-760 -48 480 ) (-911 -48 480 ) 
4 507 529 (-975 -48 488 ) (-1000 -48 488 ) (-1000 -48 480 ) (-975 -48 480 ) 
4 507 508 (-1000 -48 480 ) (-1000 -32 480 ) (-975 -32 480 ) (-975 -48 480 ) 
4 508 531 (-760 -48 400 ) (-760 -48 480 ) (-1000 -48 480 ) (-1000 -48 400 ) 
4 509 531 (-760 -48 144 ) (-760 -48 384 ) (-1000 -48 384 ) (-1000 -48 144 ) 
4 510 531 (-760 -48 -632 ) (-760 -48 128 ) (-1000 -48 128 ) (-1000 -48 -632 ) 
4 511 863 (-1024 -48 1160 ) (-1024 -48 1608 ) (-1024 -32 1608 ) (-1024 -32 1160 ) 
4 511 555 (-1024 -48 1608 ) (-1024 -48 1160 ) (-1016 -48 1160 ) (-1016 -48 1608 ) 
4 512 868 (-1024 -48 904 ) (-1024 -48 1144 ) (-1024 -32 1144 ) (-1024 -32 904 ) 
4 512 555 (-1024 -48 1144 ) (-1024 -48 904 ) (-1016 -48 904 ) (-1016 -48 1144 ) 
4 513 873 (-1024 -48 656 ) (-1024 -48 888 ) (-1024 -32 888 ) (-1024 -32 656 ) 
4 513 555 (-1024 -48 888 ) (-1024 -48 656 ) (-1016 -48 656 ) (-1016 -48 888 ) 
4 514 882 (-1024 -48 400 ) (-1024 -48 608 ) (-1024 -32 608 ) (-1024 -32 400 ) 
4 514 878 (-1024 -48 608 ) (-1024 -48 640 ) (-1024 -32 640 ) (-1024 -32 608 ) 
4 514 569 (-1024 -48 480 ) (-1024 -48 400 ) (-1016 -48 400 ) (-1016 -48 480 ) 
4 514 555 (-1024 -48 640 ) (-1024 -48 480 ) (-1016 -48 480 ) (-1016 -48 640 ) 
4 515 974 (-1024 -48 144 ) (-1024 -48 248 ) (-1024 -32 248 ) (-1024 -32 144 ) 
4 515 968 (-1024 -48 248 ) (-1024 -48 256 ) (-1024 -32 256 ) (-1024 -32 248 ) 
4 515 935 (-1024 -48 256 ) (-1024 -48 360 ) (-1024 -32 360 ) (-1024 -32 256 ) 
4 515 913 (-1024 -48 360 ) (-1024 -48 384 ) (-1024 -32 384 ) (-1024 -32 360 ) 
4 515 573 (-1024 -48 384 ) (-1024 -48 144 ) (-1016 -48 144 ) (-1016 -48 384 ) 
4 516 979 (-1024 -48 -632 ) (-1024 -48 128 ) (-1024 -32 128 ) (-1024 -32 -632 ) 
4 516 579 (-1024 -48 128 ) (-1024 -48 -632 ) (-1016 -48 -632 ) (-1016 -48 128 ) 
4 517 580 (-336 -720 616 ) (-336 -720 1608 ) (-464 -720 1608 ) (-464 -720 616 ) 
4 517 521 (-464 -636 616 ) (-464 -720 616 ) (-464 -720 1608 ) (-464 -636 1608 ) 
4 517 520 (-464 -48 1608 ) (-464 -48 616 ) (-464 -636 616 ) (-464 -636 1608 ) 
4 518 582 (-336 -720 360 ) (-336 -720 496 ) (-464 -720 496 ) (-464 -720 360 ) 
4 518 581 (-336 -720 496 ) (-336 -720 608 ) (-464 -720 608 ) (-464 -720 496 ) 
4 518 524 (-464 -448 400 ) (-464 -636 400 ) (-464 -636 448 ) (-464 -448 448 ) 
4 518 522 (-464 -48 448 ) (-464 -48 400 ) (-464 -160 400 ) (-464 -160 448 ) 
4 518 523 (-464 -192 400 ) (-464 -416 400 ) (-464 -416 448 ) (-464 -192 448 ) 
4 519 588 (-336 -720 -632 ) (-336 -720 352 ) (-464 -720 352 ) (-464 -720 -632 ) 
4 519 525 (-464 -48 352 ) (-464 -48 -632 ) (-464 -720 -632 ) (-464 -720 352 ) 
4 520 547 (-472 -544 608 ) (-472 -636 608 ) (-472 -636 1608 ) (-472 -544 1608 ) 
4 520 526 (-472 -48 1608 ) (-472 -48 608 ) (-472 -544 608 ) (-472 -544 1608 ) 
4 520 521 (-472 -636 1608 ) (-472 -636 608 ) (-464 -636 608 ) (-464 -636 1608 ) 
4 521 580 (-464 -720 616 ) (-464 -720 1608 ) (-472 -720 1608 ) (-472 -720 616 ) 
4 521 548 (-472 -720 608 ) (-472 -720 1608 ) (-472 -712 1608 ) (-472 -712 608 ) 
4 521 547 (-472 -712 1608 ) (-472 -636 1608 ) (-472 -636 608 ) (-472 -712 608 ) 
4 522 531 (-472 -48 448 ) (-472 -48 400 ) (-472 -160 400 ) (-472 -160 448 ) 
4 523 531 (-472 -192 400 ) (-472 -416 400 ) (-472 -416 448 ) (-472 -192 448 ) 
4 524 547 (-472 -544 400 ) (-472 -636 400 ) (-472 -636 448 ) (-472 -544 448 ) 
4 524 531 (-472 -448 400 ) (-472 -544 400 ) (-472 -544 448 ) (-472 -448 448 ) 
4 525 588 (-464 -720 -632 ) (-464 -720 352 ) (-472 -720 352 ) (-472 -720 -632 ) 
4 525 549 (-472 -544 -632 ) (-472 -720 -632 ) (-472 -720 360 ) (-472 -544 360 ) 
4 525 531 (-472 -48 360 ) (-472 -48 -632 ) (-472 -544 -632 ) (-472 -544 360 ) 
4 526 550 (-528 -544 1608 ) (-1000 -544 1608 ) (-1000 -544 488 ) (-528 -544 488 ) 
4 526 547 (-472 -544 488 ) (-472 -544 1608 ) (-528 -544 1608 ) (-528 -544 488 ) 
4 526 540 (-1000 -544 656 ) (-1000 -544 888 ) (-1000 -304 888 ) (-1000 -304 656 ) 
4 526 541 (-1000 -304 488 ) (-1000 -544 488 ) (-1000 -544 640 ) (-1000 -304 640 ) 
4 526 538 (-1000 -544 1160 ) (-1000 -544 1608 ) (-1000 -304 1608 ) (-1000 -304 1160 ) 
4 526 539 (-1000 -544 904 ) (-1000 -544 1144 ) (-1000 -304 1144 ) (-1000 -304 904 ) 
4 526 535 (-1000 -48 640 ) (-1000 -48 488 ) (-1000 -288 488 ) (-1000 -288 640 ) 
4 526 533 (-1000 -48 1144 ) (-1000 -48 904 ) (-1000 -288 904 ) (-1000 -288 1144 ) 
4 526 534 (-1000 -48 888 ) (-1000 -48 656 ) (-1000 -288 656 ) (-1000 -288 888 ) 
4 526 532 (-1000 -48 1608 ) (-1000 -48 1160 ) (-1000 -288 1160 ) (-1000 -288 1608 ) 
4 526 529 (-1000 -367 488 ) (-1000 -48 488 ) (-975 -48 488 ) (-975 -367 488 ) 
4 526 530 (-975 -544 488 ) (-1000 -544 488 ) (-1000 -431 488 ) (-975 -431 488 ) 
4 526 528 (-911 -544 488 ) (-975 -544 488 ) (-975 -431 488 ) (-911 -431 488 ) 
4 526 527 (-472 -544 488 ) (-911 -544 488 ) (-911 -48 488 ) (-472 -48 488 ) 
4 527 550 (-528 -544 488 ) (-911 -544 488 ) (-911 -544 480 ) (-528 -544 480 ) 
4 527 547 (-472 -544 480 ) (-472 -544 488 ) (-528 -544 488 ) (-528 -544 480 ) 
4 527 531 (-472 -544 480 ) (-911 -544 480 ) (-911 -48 480 ) (-472 -48 480 ) 
4 527 528 (-911 -431 480 ) (-911 -544 480 ) (-911 -544 488 ) (-911 -431 488 ) 
4 528 550 (-911 -544 488 ) (-975 -544 488 ) (-975 -544 480 ) (-911 -544 480 ) 
4 528 531 (-911 -544 480 ) (-975 -544 480 ) (-975 -431 480 ) (-911 -431 480 ) 
4 528 530 (-975 -431 480 ) (-975 -544 480 ) (-975 -544 488 ) (-975 -431 488 ) 
4 529 542 (-1000 -304 480 ) (-1000 -367 480 ) (-1000 -367 488 ) (-1000 -304 488 ) 
4 529 535 (-1000 -48 488 ) (-1000 -48 480 ) (-1000 -288 480 ) (-1000 -288 488 ) 
4 529 531 (-1000 -367 480 ) (-1000 -48 480 ) (-975 -48 480 ) (-975 -367 480 ) 
4 530 550 (-975 -544 488 ) (-1000 -544 488 ) (-1000 -544 480 ) (-975 -544 480 ) 
4 530 543 (-1000 -431 480 ) (-1000 -544 480 ) (-1000 -544 488 ) (-1000 -431 488 ) 
4 530 531 (-975 -544 480 ) (-1000 -544 480 ) (-1000 -431 480 ) (-975 -431 480 ) 
4 531 550 (-528 -544 480 ) (-1000 -544 480 ) (-1000 -544 -632 ) (-528 -544 -632 ) 
4 531 549 (-472 -544 -632 ) (-472 -544 360 ) (-528 -544 360 ) (-528 -544 -632 ) 
4 531 547 (-472 -544 360 ) (-472 -544 480 ) (-528 -544 480 ) (-528 -544 360 ) 
4 531 546 (-1000 -304 -632 ) (-1000 -544 -632 ) (-1000 -544 128 ) (-1000 -304 128 ) 
4 531 545 (-1000 -544 144 ) (-1000 -544 384 ) (-1000 -304 384 ) (-1000 -304 144 ) 
4 531 544 (-1000 -544 400 ) (-1000 -544 480 ) (-1000 -304 480 ) (-1000 -304 400 ) 
4 531 537 (-1000 -48 128 ) (-1000 -48 -632 ) (-1000 -288 -632 ) (-1000 -288 128 ) 
4 531 536 (-1000 -48 384 ) (-1000 -48 144 ) (-1000 -288 144 ) (-1000 -288 384 ) 
4 531 535 (-1000 -48 480 ) (-1000 -48 400 ) (-1000 -288 400 ) (-1000 -288 480 ) 
4 532 555 (-1016 -48 1608 ) (-1016 -48 1160 ) (-1016 -288 1160 ) (-1016 -288 1608 ) 
4 533 555 (-1016 -48 1144 ) (-1016 -48 904 ) (-1016 -288 904 ) (-1016 -288 1144 ) 
4 534 555 (-1016 -48 888 ) (-1016 -48 656 ) (-1016 -288 656 ) (-1016 -288 888 ) 
4 535 569 (-1016 -48 480 ) (-1016 -48 400 ) (-1016 -288 400 ) (-1016 -288 480 ) 
4 535 555 (-1016 -48 640 ) (-1016 -48 480 ) (-1016 -288 480 ) (-1016 -288 640 ) 
4 536 573 (-1016 -48 384 ) (-1016 -48 144 ) (-1016 -288 144 ) (-1016 -288 384 ) 
4 537 579 (-1016 -48 128 ) (-1016 -48 -632 ) (-1016 -288 -632 ) (-1016 -288 128 ) 
4 538 560 (-1016 -544 1160 ) (-1016 -544 1608 ) (-1016 -304 1608 ) (-1016 -304 1160 ) 
4 539 560 (-1016 -544 904 ) (-1016 -544 1144 ) (-1016 -304 1144 ) (-1016 -304 904 ) 
4 540 560 (-1016 -544 656 ) (-1016 -544 888 ) (-1016 -304 888 ) (-1016 -304 656 ) 
4 541 560 (-1016 -544 488 ) (-1016 -544 640 ) (-1016 -304 640 ) (-1016 -304 488 ) 
4 541 542 (-1016 -304 488 ) (-1000 -304 488 ) (-1000 -367 488 ) (-1016 -367 488 ) 
4 541 543 (-1000 -431 488 ) (-1000 -544 488 ) (-1016 -544 488 ) (-1016 -431 488 ) 
4 542 561 (-1016 -367 488 ) (-1016 -304 488 ) (-1016 -304 480 ) (-1016 -367 480 ) 
4 542 544 (-1016 -304 480 ) (-1000 -304 480 ) (-1000 -367 480 ) (-1016 -367 480 ) 
4 543 562 (-1016 -544 480 ) (-1016 -544 488 ) (-1016 -431 488 ) (-1016 -431 480 ) 
4 543 544 (-1000 -431 480 ) (-1000 -544 480 ) (-1016 -544 480 ) (-1016 -431 480 ) 
4 544 569 (-1016 -544 400 ) (-1016 -544 480 ) (-1016 -304 480 ) (-1016 -304 400 ) 
4 545 573 (-1016 -544 144 ) (-1016 -544 384 ) (-1016 -304 384 ) (-1016 -304 144 ) 
4 546 579 (-1016 -544 -632 ) (-1016 -544 128 ) (-1016 -304 128 ) (-1016 -304 -632 ) 
4 547 550 (-528 -712 1608 ) (-528 -544 1608 ) (-528 -544 360 ) (-528 -712 360 ) 
4 547 549 (-528 -712 360 ) (-528 -544 360 ) (-472 -544 360 ) (-472 -712 360 ) 
4 547 548 (-528 -712 1608 ) (-528 -712 608 ) (-472 -712 608 ) (-472 -712 1608 ) 
4 548 580 (-472 -720 616 ) (-472 -720 1608 ) (-528 -720 1608 ) (-528 -720 616 ) 
4 548 552 (-528 -720 608 ) (-528 -720 1608 ) (-528 -712 1608 ) (-528 -712 608 ) 
4 549 588 (-472 -720 -632 ) (-472 -720 352 ) (-528 -720 352 ) (-528 -720 -632 ) 
4 549 554 (-528 -720 -632 ) (-528 -720 360 ) (-528 -712 360 ) (-528 -712 -632 ) 
4 549 550 (-528 -712 360 ) (-528 -544 360 ) (-528 -544 -632 ) (-528 -712 -632 ) 
4 550 554 (-528 -712 -632 ) (-528 -712 360 ) (-1000 -712 360 ) (-1000 -712 -632 ) 
4 550 552 (-528 -712 608 ) (-528 -712 1608 ) (-1000 -712 1608 ) (-1000 -712 608 ) 
4 550 553 (-528 -712 416 ) (-528 -712 480 ) (-1000 -712 480 ) (-1000 -712 416 ) 
4 550 551 (-1000 -560 -632 ) (-1000 -712 -632 ) (-1000 -712 1608 ) (-1000 -560 1608 ) 
4 551 579 (-1016 -712 -632 ) (-1016 -712 128 ) (-1016 -560 128 ) (-1016 -560 -632 ) 
4 551 578 (-1016 -712 128 ) (-1016 -712 144 ) (-1016 -560 144 ) (-1016 -560 128 ) 
4 551 572 (-1016 -712 384 ) (-1016 -712 400 ) (-1016 -560 400 ) (-1016 -560 384 ) 
4 551 569 (-1016 -712 400 ) (-1016 -712 480 ) (-1016 -560 480 ) (-1016 -560 400 ) 
4 551 573 (-1016 -712 144 ) (-1016 -712 384 ) (-1016 -560 384 ) (-1016 -560 144 ) 
4 551 567 (-1016 -712 480 ) (-1016 -712 1608 ) (-1016 -560 1608 ) (-1016 -560 480 ) 
4 551 554 (-1016 -712 360 ) (-1016 -712 -632 ) (-1000 -712 -632 ) (-1000 -712 360 ) 
4 551 552 (-1000 -712 1608 ) (-1016 -712 1608 ) (-1016 -712 608 ) (-1000 -712 608 ) 
4 551 553 (-1016 -712 480 ) (-1016 -712 416 ) (-1000 -712 416 ) (-1000 -712 480 ) 
4 552 580 (-528 -720 616 ) (-528 -720 1608 ) (-1016 -720 1608 ) (-1016 -720 616 ) 
4 552 568 (-1016 -720 608 ) (-1016 -720 1608 ) (-1016 -712 1608 ) (-1016 -712 608 ) 
4 553 584 (-808 -720 480 ) (-988 -720 480 ) (-988 -720 416 ) (-808 -720 416 ) 
4 553 587 (-988 -720 480 ) (-1016 -720 480 ) (-1016 -720 416 ) (-988 -720 416 ) 
4 553 582 (-528 -720 416 ) (-528 -720 480 ) (-808 -720 480 ) (-808 -720 416 ) 
4 553 574 (-1016 -720 416 ) (-1016 -720 480 ) (-1016 -712 480 ) (-1016 -712 416 ) 
4 554 588 (-528 -720 -632 ) (-528 -720 352 ) (-1016 -720 352 ) (-1016 -720 -632 ) 
4 554 579 (-1016 -720 -632 ) (-1016 -720 128 ) (-1016 -712 128 ) (-1016 -712 -632 ) 
4 554 578 (-1016 -720 128 ) (-1016 -720 144 ) (-1016 -712 144 ) (-1016 -712 128 ) 
4 554 575 (-1016 -720 144 ) (-1016 -720 360 ) (-1016 -712 360 ) (-1016 -712 144 ) 
4 555 882 (-1024 -48 608 ) (-1024 -48 480 ) (-1024 -288 480 ) (-1024 -288 608 ) 
4 555 878 (-1024 -48 640 ) (-1024 -48 608 ) (-1024 -288 608 ) (-1024 -288 640 ) 
4 555 875 (-1024 -48 656 ) (-1024 -48 640 ) (-1024 -288 640 ) (-1024 -288 656 ) 
4 555 870 (-1024 -48 904 ) (-1024 -48 888 ) (-1024 -288 888 ) (-1024 -288 904 ) 
4 555 868 (-1024 -48 1144 ) (-1024 -48 904 ) (-1024 -288 904 ) (-1024 -288 1144 ) 
4 555 873 (-1024 -48 888 ) (-1024 -48 656 ) (-1024 -288 656 ) (-1024 -288 888 ) 
4 555 865 (-1024 -48 1160 ) (-1024 -48 1144 ) (-1024 -288 1144 ) (-1024 -288 1160 ) 
4 555 863 (-1024 -48 1608 ) (-1024 -48 1160 ) (-1024 -288 1160 ) (-1024 -288 1608 ) 
4 555 569 (-1024 -48 480 ) (-1016 -48 480 ) (-1016 -288 480 ) (-1024 -288 480 ) 
4 555 559 (-1024 -288 640 ) (-1024 -288 480 ) (-1016 -288 480 ) (-1016 -288 640 ) 
4 555 557 (-1024 -288 1144 ) (-1024 -288 904 ) (-1016 -288 904 ) (-1016 -288 1144 ) 
4 555 558 (-1024 -288 888 ) (-1024 -288 656 ) (-1016 -288 656 ) (-1016 -288 888 ) 
4 555 556 (-1024 -288 1608 ) (-1024 -288 1160 ) (-1016 -288 1160 ) (-1016 -288 1608 ) 
4 556 863 (-1024 -288 1608 ) (-1024 -288 1160 ) (-1024 -304 1160 ) (-1024 -304 1608 ) 
4 556 560 (-1016 -304 1160 ) (-1016 -304 1608 ) (-1024 -304 1608 ) (-1024 -304 1160 ) 
4 557 868 (-1024 -288 1144 ) (-1024 -288 904 ) (-1024 -304 904 ) (-1024 -304 1144 ) 
4 557 560 (-1016 -304 904 ) (-1016 -304 1144 ) (-1024 -304 1144 ) (-1024 -304 904 ) 
4 558 873 (-1024 -288 888 ) (-1024 -288 656 ) (-1024 -304 656 ) (-1024 -304 888 ) 
4 558 560 (-1016 -304 656 ) (-1016 -304 888 ) (-1024 -304 888 ) (-1024 -304 656 ) 
4 559 882 (-1024 -288 608 ) (-1024 -288 480 ) (-1024 -304 480 ) (-1024 -304 608 ) 
4 559 878 (-1024 -288 640 ) (-1024 -288 608 ) (-1024 -304 608 ) (-1024 -304 640 ) 
4 559 569 (-1016 -288 480 ) (-1016 -304 480 ) (-1024 -304 480 ) (-1024 -288 480 ) 
4 559 561 (-1024 -304 480 ) (-1016 -304 480 ) (-1016 -304 488 ) (-1024 -304 488 ) 
4 559 560 (-1016 -304 488 ) (-1016 -304 640 ) (-1024 -304 640 ) (-1024 -304 488 ) 
4 560 883 (-1024 -367 488 ) (-1024 -431 488 ) (-1024 -431 608 ) (-1024 -367 608 ) 
4 560 882 (-1024 -304 608 ) (-1024 -304 488 ) (-1024 -367 488 ) (-1024 -367 608 ) 
4 560 885 (-1024 -431 488 ) (-1024 -544 488 ) (-1024 -544 608 ) (-1024 -431 608 ) 
4 560 878 (-1024 -304 640 ) (-1024 -304 608 ) (-1024 -544 608 ) (-1024 -544 640 ) 
4 560 876 (-1024 -304 656 ) (-1024 -304 640 ) (-1024 -544 640 ) (-1024 -544 656 ) 
4 560 871 (-1024 -304 904 ) (-1024 -304 888 ) (-1024 -544 888 ) (-1024 -544 904 ) 
4 560 868 (-1024 -304 1144 ) (-1024 -304 904 ) (-1024 -544 904 ) (-1024 -544 1144 ) 
4 560 873 (-1024 -304 888 ) (-1024 -304 656 ) (-1024 -544 656 ) (-1024 -544 888 ) 
4 560 866 (-1024 -304 1160 ) (-1024 -304 1144 ) (-1024 -544 1144 ) (-1024 -544 1160 ) 
4 560 863 (-1024 -304 1608 ) (-1024 -304 1160 ) (-1024 -544 1160 ) (-1024 -544 1608 ) 
4 560 565 (-1024 -544 888 ) (-1024 -544 656 ) (-1016 -544 656 ) (-1016 -544 888 ) 
4 560 566 (-1024 -544 640 ) (-1024 -544 488 ) (-1016 -544 488 ) (-1016 -544 640 ) 
4 560 563 (-1024 -544 1608 ) (-1024 -544 1160 ) (-1016 -544 1160 ) (-1016 -544 1608 ) 
4 560 564 (-1024 -544 1144 ) (-1024 -544 904 ) (-1016 -544 904 ) (-1016 -544 1144 ) 
4 560 561 (-1024 -367 488 ) (-1024 -304 488 ) (-1016 -304 488 ) (-1016 -367 488 ) 
4 560 562 (-1016 -544 488 ) (-1024 -544 488 ) (-1024 -431 488 ) (-1016 -431 488 ) 
4 561 882 (-1024 -304 488 ) (-1024 -304 480 ) (-1024 -367 480 ) (-1024 -367 488 ) 
4 561 569 (-1016 -304 480 ) (-1016 -367 480 ) (-1024 -367 480 ) (-1024 -304 480 ) 
4 562 885 (-1024 -431 480 ) (-1024 -544 480 ) (-1024 -544 488 ) (-1024 -431 488 ) 
4 562 569 (-1016 -431 480 ) (-1016 -544 480 ) (-1024 -544 480 ) (-1024 -431 480 ) 
4 562 566 (-1024 -544 488 ) (-1024 -544 480 ) (-1016 -544 480 ) (-1016 -544 488 ) 
4 563 863 (-1024 -544 1608 ) (-1024 -544 1160 ) (-1024 -560 1160 ) (-1024 -560 1608 ) 
4 563 567 (-1016 -560 1160 ) (-1016 -560 1608 ) (-1024 -560 1608 ) (-1024 -560 1160 ) 
4 564 868 (-1024 -544 1144 ) (-1024 -544 904 ) (-1024 -560 904 ) (-1024 -560 1144 ) 
4 564 567 (-1016 -560 904 ) (-1016 -560 1144 ) (-1024 -560 1144 ) (-1024 -560 904 ) 
4 565 873 (-1024 -544 888 ) (-1024 -544 656 ) (-1024 -560 656 ) (-1024 -560 888 ) 
4 565 567 (-1016 -560 656 ) (-1016 -560 888 ) (-1024 -560 888 ) (-1024 -560 656 ) 
4 566 885 (-1024 -544 608 ) (-1024 -544 480 ) (-1024 -560 480 ) (-1024 -560 608 ) 
4 566 878 (-1024 -544 640 ) (-1024 -544 608 ) (-1024 -560 608 ) (-1024 -560 640 ) 
4 566 569 (-1016 -544 480 ) (-1016 -560 480 ) (-1024 -560 480 ) (-1024 -544 480 ) 
4 566 567 (-1024 -560 480 ) (-1016 -560 480 ) (-1016 -560 640 ) (-1024 -560 640 ) 
4 567 885 (-1024 -560 608 ) (-1024 -560 480 ) (-1024 -712 480 ) (-1024 -712 608 ) 
4 567 878 (-1024 -560 640 ) (-1024 -560 608 ) (-1024 -712 608 ) (-1024 -712 640 ) 
4 567 877 (-1024 -560 656 ) (-1024 -560 640 ) (-1024 -712 640 ) (-1024 -712 656 ) 
4 567 872 (-1024 -560 904 ) (-1024 -560 888 ) (-1024 -712 888 ) (-1024 -712 904 ) 
4 567 868 (-1024 -560 1144 ) (-1024 -560 904 ) (-1024 -712 904 ) (-1024 -712 1144 ) 
4 567 873 (-1024 -560 888 ) (-1024 -560 656 ) (-1024 -712 656 ) (-1024 -712 888 ) 
4 567 867 (-1024 -560 1160 ) (-1024 -560 1144 ) (-1024 -712 1144 ) (-1024 -712 1160 ) 
4 567 863 (-1024 -712 1608 ) (-1024 -560 1608 ) (-1024 -560 1160 ) (-1024 -712 1160 ) 
4 567 569 (-1016 -560 480 ) (-1016 -712 480 ) (-1024 -712 480 ) (-1024 -560 480 ) 
4 567 568 (-1016 -712 608 ) (-1016 -712 1608 ) (-1024 -712 1608 ) (-1024 -712 608 ) 
4 568 878 (-1024 -720 608 ) (-1024 -720 640 ) (-1024 -712 640 ) (-1024 -712 608 ) 
4 568 877 (-1024 -720 640 ) (-1024 -720 656 ) (-1024 -712 656 ) (-1024 -712 640 ) 
4 568 872 (-1024 -720 888 ) (-1024 -720 904 ) (-1024 -712 904 ) (-1024 -712 888 ) 
4 568 868 (-1024 -720 904 ) (-1024 -720 1144 ) (-1024 -712 1144 ) (-1024 -712 904 ) 
4 568 873 (-1024 -720 656 ) (-1024 -720 888 ) (-1024 -712 888 ) (-1024 -712 656 ) 
4 568 867 (-1024 -720 1144 ) (-1024 -720 1160 ) (-1024 -712 1160 ) (-1024 -712 1144 ) 
4 568 863 (-1024 -720 1160 ) (-1024 -720 1608 ) (-1024 -712 1608 ) (-1024 -712 1160 ) 
4 568 580 (-1016 -720 616 ) (-1016 -720 1608 ) (-1024 -720 1608 ) (-1024 -720 616 ) 
4 569 884 (-1024 -431 480 ) (-1024 -367 480 ) (-1024 -367 400 ) (-1024 -431 400 ) 
4 569 882 (-1024 -367 480 ) (-1024 -48 480 ) (-1024 -48 400 ) (-1024 -367 400 ) 
4 569 885 (-1024 -712 480 ) (-1024 -431 480 ) (-1024 -431 400 ) (-1024 -712 400 ) 
4 569 574 (-1016 -712 416 ) (-1016 -712 480 ) (-1024 -712 480 ) (-1024 -712 416 ) 
4 569 571 (-1024 -544 400 ) (-1024 -304 400 ) (-1016 -304 400 ) (-1016 -544 400 ) 
4 569 572 (-1016 -712 400 ) (-1024 -712 400 ) (-1024 -560 400 ) (-1016 -560 400 ) 
4 569 570 (-1024 -288 400 ) (-1024 -48 400 ) (-1016 -48 400 ) (-1016 -288 400 ) 
4 570 910 (-1024 -103 384 ) (-1024 -288 384 ) (-1024 -288 400 ) (-1024 -103 400 ) 
4 570 907 (-1024 -91 384 ) (-1024 -103 384 ) (-1024 -103 400 ) (-1024 -91 400 ) 
4 570 903 (-1024 -48 400 ) (-1024 -48 384 ) (-1024 -91 384 ) (-1024 -91 400 ) 
4 570 573 (-1024 -288 384 ) (-1024 -48 384 ) (-1016 -48 384 ) (-1016 -288 384 ) 
4 571 911 (-1024 -304 384 ) (-1024 -544 384 ) (-1024 -544 400 ) (-1024 -304 400 ) 
4 571 573 (-1024 -544 384 ) (-1024 -304 384 ) (-1016 -304 384 ) (-1016 -544 384 ) 
4 572 912 (-1024 -560 384 ) (-1024 -712 384 ) (-1024 -712 400 ) (-1024 -560 400 ) 
4 572 573 (-1016 -712 384 ) (-1024 -712 384 ) (-1024 -560 384 ) (-1016 -560 384 ) 
4 573 974 (-1024 -48 248 ) (-1024 -48 144 ) (-1024 -712 144 ) (-1024 -712 248 ) 
4 573 968 (-1024 -48 256 ) (-1024 -48 248 ) (-1024 -712 248 ) (-1024 -712 256 ) 
4 573 935 (-1024 -48 360 ) (-1024 -48 256 ) (-1024 -712 256 ) (-1024 -712 360 ) 
4 573 913 (-1024 -48 384 ) (-1024 -48 360 ) (-1024 -712 360 ) (-1024 -712 384 ) 
4 573 577 (-1016 -304 144 ) (-1016 -544 144 ) (-1024 -544 144 ) (-1024 -304 144 ) 
4 573 578 (-1016 -560 144 ) (-1016 -712 144 ) (-1024 -712 144 ) (-1024 -560 144 ) 
4 573 576 (-1024 -48 144 ) (-1016 -48 144 ) (-1016 -288 144 ) (-1024 -288 144 ) 
4 573 575 (-1024 -712 144 ) (-1016 -712 144 ) (-1016 -712 360 ) (-1024 -712 360 ) 
4 574 921 (-1024 -720 416 ) (-1024 -720 480 ) (-1024 -712 480 ) (-1024 -712 416 ) 
4 574 587 (-1016 -720 416 ) (-1016 -720 480 ) (-1024 -720 480 ) (-1024 -720 416 ) 
4 575 974 (-1024 -720 144 ) (-1024 -720 248 ) (-1024 -712 248 ) (-1024 -712 144 ) 
4 575 968 (-1024 -720 248 ) (-1024 -720 256 ) (-1024 -712 256 ) (-1024 -712 248 ) 
4 575 935 (-1024 -720 256 ) (-1024 -720 360 ) (-1024 -712 360 ) (-1024 -712 256 ) 
4 575 588 (-1016 -720 144 ) (-1016 -720 352 ) (-1024 -720 352 ) (-1024 -720 144 ) 
4 575 578 (-1016 -712 144 ) (-1016 -720 144 ) (-1024 -720 144 ) (-1024 -712 144 ) 
4 576 976 (-1024 -288 144 ) (-1024 -48 144 ) (-1024 -48 128 ) (-1024 -288 128 ) 
4 576 579 (-1024 -48 128 ) (-1016 -48 128 ) (-1016 -288 128 ) (-1024 -288 128 ) 
4 577 977 (-1024 -544 144 ) (-1024 -304 144 ) (-1024 -304 128 ) (-1024 -544 128 ) 
4 577 579 (-1016 -304 128 ) (-1016 -544 128 ) (-1024 -544 128 ) (-1024 -304 128 ) 
4 578 978 (-1024 -720 128 ) (-1024 -720 144 ) (-1024 -560 144 ) (-1024 -560 128 ) 
4 578 588 (-1016 -720 128 ) (-1016 -720 144 ) (-1024 -720 144 ) (-1024 -720 128 ) 
4 578 579 (-1016 -560 128 ) (-1016 -720 128 ) (-1024 -720 128 ) (-1024 -560 128 ) 
4 579 979 (-1024 -720 -632 ) (-1024 -720 128 ) (-1024 -48 128 ) (-1024 -48 -632 ) 
4 579 588 (-1016 -720 -632 ) (-1016 -720 128 ) (-1024 -720 128 ) (-1024 -720 -632 ) 
4 580 879 (-1024 -984 616 ) (-1024 -984 640 ) (-1024 -720 640 ) (-1024 -720 616 ) 
4 580 877 (-1024 -984 640 ) (-1024 -984 656 ) (-1024 -720 656 ) (-1024 -720 640 ) 
4 580 872 (-1024 -984 888 ) (-1024 -984 904 ) (-1024 -720 904 ) (-1024 -720 888 ) 
4 580 868 (-1024 -984 904 ) (-1024 -984 1144 ) (-1024 -720 1144 ) (-1024 -720 904 ) 
4 580 873 (-1024 -984 656 ) (-1024 -984 888 ) (-1024 -720 888 ) (-1024 -720 656 ) 
4 580 867 (-1024 -984 1144 ) (-1024 -984 1160 ) (-1024 -720 1160 ) (-1024 -720 1144 ) 
4 580 863 (-1024 -984 1160 ) (-1024 -984 1608 ) (-1024 -720 1608 ) (-1024 -720 1160 ) 
4 580 592 (-1024 -984 1608 ) (-1024 -984 616 ) (-528 -984 616 ) (-528 -984 1608 ) 
4 580 589 (-528 -984 616 ) (-336 -984 616 ) (-336 -984 1608 ) (-528 -984 1608 ) 
4 581 926 (-1024 -984 496 ) (-1024 -984 608 ) (-1024 -752 608 ) (-1024 -752 496 ) 
4 581 922 (-1024 -752 608 ) (-1024 -720 608 ) (-1024 -720 496 ) (-1024 -752 496 ) 
4 581 585 (-988 -876 496 ) (-988 -832 496 ) (-808 -832 496 ) (-808 -876 496 ) 
4 581 584 (-988 -832 496 ) (-988 -720 496 ) (-808 -720 496 ) (-808 -832 496 ) 
4 581 586 (-808 -984 496 ) (-988 -984 496 ) (-988 -876 496 ) (-808 -876 496 ) 
4 581 587 (-988 -984 496 ) (-1024 -984 496 ) (-1024 -720 496 ) (-988 -720 496 ) 
4 581 582 (-808 -832 496 ) (-808 -720 496 ) (-336 -720 496 ) (-336 -832 496 ) 
4 581 583 (-336 -984 496 ) (-808 -984 496 ) (-808 -876 496 ) (-336 -876 496 ) 
4 582 584 (-808 -720 360 ) (-808 -832 360 ) (-808 -832 496 ) (-808 -720 496 ) 
4 583 594 (-528 -984 416 ) (-528 -984 480 ) (-808 -984 480 ) (-808 -984 416 ) 
4 583 586 (-808 -876 360 ) (-808 -984 360 ) (-808 -984 496 ) (-808 -876 496 ) 
4 584 585 (-988 -832 496 ) (-988 -832 428 ) (-808 -832 428 ) (-808 -832 496 ) 
4 584 587 (-988 -720 360 ) (-988 -832 360 ) (-988 -832 496 ) (-988 -720 496 ) 
4 585 587 (-988 -876 428 ) (-988 -876 496 ) (-988 -832 496 ) (-988 -832 428 ) 
4 585 586 (-988 -876 496 ) (-988 -876 428 ) (-808 -876 428 ) (-808 -876 496 ) 
4 586 594 (-808 -984 416 ) (-808 -984 480 ) (-988 -984 480 ) (-988 -984 416 ) 
4 586 587 (-988 -876 360 ) (-988 -984 360 ) (-988 -984 496 ) (-988 -876 496 ) 
4 587 926 (-1024 -984 360 ) (-1024 -984 496 ) (-1024 -752 496 ) (-1024 -752 360 ) 
4 587 922 (-1024 -752 496 ) (-1024 -720 496 ) (-1024 -720 360 ) (-1024 -752 360 ) 
4 587 594 (-1024 -984 480 ) (-1024 -984 416 ) (-988 -984 416 ) (-988 -984 480 ) 
4 588 979 (-1024 -984 -632 ) (-1024 -984 128 ) (-1024 -720 128 ) (-1024 -720 -632 ) 
4 588 978 (-1024 -984 128 ) (-1024 -984 144 ) (-1024 -720 144 ) (-1024 -720 128 ) 
4 588 974 (-1024 -984 144 ) (-1024 -984 248 ) (-1024 -720 248 ) (-1024 -720 144 ) 
4 588 968 (-1024 -984 248 ) (-1024 -984 256 ) (-1024 -720 256 ) (-1024 -720 248 ) 
4 588 936 (-1024 -984 256 ) (-1024 -984 352 ) (-1024 -720 352 ) (-1024 -720 256 ) 
4 588 596 (-1024 -984 352 ) (-1024 -984 -632 ) (-528 -984 -632 ) (-528 -984 352 ) 
4 588 591 (-528 -984 -632 ) (-336 -984 -632 ) (-336 -984 352 ) (-528 -984 352 ) 
4 589 592 (-528 -984 1608 ) (-528 -984 608 ) (-528 -992 608 ) (-528 -992 1608 ) 
4 589 590 (-336 -992 608 ) (-336 -992 1608 ) (-528 -992 1608 ) (-528 -992 608 ) 
4 590 602 (-336 -1024 360 ) (-336 -1024 1608 ) (-528 -1024 1608 ) (-528 -1024 360 ) 
4 590 597 (-528 -992 360 ) (-528 -1024 360 ) (-528 -1024 416 ) (-528 -992 416 ) 
4 590 595 (-528 -1024 416 ) (-528 -1024 480 ) (-528 -992 480 ) (-528 -992 416 ) 
4 590 593 (-528 -1024 480 ) (-528 -1024 608 ) (-528 -992 608 ) (-528 -992 480 ) 
4 590 592 (-528 -1024 608 ) (-528 -1024 1608 ) (-528 -992 1608 ) (-528 -992 608 ) 
4 590 591 (-528 -1024 360 ) (-528 -992 360 ) (-336 -992 360 ) (-336 -1024 360 ) 
4 591 603 (-336 -1024 -632 ) (-336 -1024 360 ) (-528 -1024 360 ) (-528 -1024 -632 ) 
4 591 596 (-528 -984 360 ) (-528 -984 -632 ) (-528 -992 -632 ) (-528 -992 360 ) 
4 591 597 (-528 -992 -632 ) (-528 -1024 -632 ) (-528 -1024 360 ) (-528 -992 360 ) 
4 592 880 (-1024 -1024 608 ) (-1024 -1024 640 ) (-1024 -984 640 ) (-1024 -984 608 ) 
4 592 877 (-1024 -1024 640 ) (-1024 -1024 656 ) (-1024 -984 656 ) (-1024 -984 640 ) 
4 592 872 (-1024 -1024 888 ) (-1024 -1024 904 ) (-1024 -984 904 ) (-1024 -984 888 ) 
4 592 868 (-1024 -1024 904 ) (-1024 -1024 1144 ) (-1024 -984 1144 ) (-1024 -984 904 ) 
4 592 873 (-1024 -1024 656 ) (-1024 -1024 888 ) (-1024 -984 888 ) (-1024 -984 656 ) 
4 592 867 (-1024 -1024 1144 ) (-1024 -1024 1160 ) (-1024 -984 1160 ) (-1024 -984 1144 ) 
4 592 863 (-1024 -1024 1160 ) (-1024 -1024 1608 ) (-1024 -984 1608 ) (-1024 -984 1160 ) 
4 592 623 (-1024 -1024 1608 ) (-1024 -1024 608 ) (-1016 -1024 608 ) (-1016 -1024 1608 ) 
4 592 604 (-1016 -1024 608 ) (-1000 -1024 608 ) (-1000 -1024 1608 ) (-1016 -1024 1608 ) 
4 592 602 (-1000 -1024 608 ) (-528 -1024 608 ) (-528 -1024 1608 ) (-1000 -1024 1608 ) 
4 592 593 (-528 -992 608 ) (-528 -1024 608 ) (-1024 -1024 608 ) (-1024 -992 608 ) 
4 593 928 (-1024 -1024 480 ) (-1024 -1024 608 ) (-1024 -992 608 ) (-1024 -992 480 ) 
4 593 623 (-1024 -1024 608 ) (-1024 -1024 480 ) (-1016 -1024 480 ) (-1016 -1024 608 ) 
4 593 604 (-1016 -1024 480 ) (-1000 -1024 480 ) (-1000 -1024 608 ) (-1016 -1024 608 ) 
4 593 602 (-1000 -1024 480 ) (-528 -1024 480 ) (-528 -1024 608 ) (-1000 -1024 608 ) 
4 593 595 (-1024 -1024 480 ) (-1024 -992 480 ) (-528 -992 480 ) (-528 -1024 480 ) 
4 594 927 (-1024 -992 480 ) (-1024 -984 480 ) (-1024 -984 416 ) (-1024 -992 416 ) 
4 594 595 (-1024 -992 416 ) (-528 -992 416 ) (-528 -992 480 ) (-1024 -992 480 ) 
4 595 928 (-1024 -1024 416 ) (-1024 -1024 480 ) (-1024 -992 480 ) (-1024 -992 416 ) 
4 595 623 (-1024 -1024 480 ) (-1024 -1024 416 ) (-1016 -1024 416 ) (-1016 -1024 480 ) 
4 595 604 (-1016 -1024 416 ) (-1000 -1024 416 ) (-1000 -1024 480 ) (-1016 -1024 480 ) 
4 595 602 (-1000 -1024 416 ) (-528 -1024 416 ) (-528 -1024 480 ) (-1000 -1024 480 ) 
4 595 597 (-528 -992 416 ) (-528 -1024 416 ) (-1024 -1024 416 ) (-1024 -992 416 ) 
4 596 979 (-1024 -984 128 ) (-1024 -984 -632 ) (-1024 -992 -632 ) (-1024 -992 128 ) 
4 596 978 (-1024 -984 144 ) (-1024 -984 128 ) (-1024 -992 128 ) (-1024 -992 144 ) 
4 596 974 (-1024 -984 248 ) (-1024 -984 144 ) (-1024 -992 144 ) (-1024 -992 248 ) 
4 596 968 (-1024 -984 256 ) (-1024 -984 248 ) (-1024 -992 248 ) (-1024 -992 256 ) 
4 596 937 (-1024 -984 360 ) (-1024 -984 256 ) (-1024 -992 256 ) (-1024 -992 360 ) 
4 596 597 (-1024 -992 -632 ) (-528 -992 -632 ) (-528 -992 360 ) (-1024 -992 360 ) 
4 597 979 (-1024 -1024 -632 ) (-1024 -1024 128 ) (-1024 -992 128 ) (-1024 -992 -632 ) 
4 597 978 (-1024 -1024 128 ) (-1024 -1024 144 ) (-1024 -992 144 ) (-1024 -992 128 ) 
4 597 974 (-1024 -1024 144 ) (-1024 -1024 248 ) (-1024 -992 248 ) (-1024 -992 144 ) 
4 597 968 (-1024 -1024 248 ) (-1024 -1024 256 ) (-1024 -992 256 ) (-1024 -992 248 ) 
4 597 937 (-1024 -1024 256 ) (-1024 -1024 360 ) (-1024 -992 360 ) (-1024 -992 256 ) 
4 597 928 (-1024 -1024 360 ) (-1024 -1024 416 ) (-1024 -992 416 ) (-1024 -992 360 ) 
4 597 623 (-1024 -1024 416 ) (-1024 -1024 -632 ) (-1016 -1024 -632 ) (-1016 -1024 416 ) 
4 597 604 (-1016 -1024 -632 ) (-1000 -1024 -632 ) (-1000 -1024 416 ) (-1016 -1024 416 ) 
4 597 603 (-1000 -1024 -632 ) (-528 -1024 -632 ) (-528 -1024 360 ) (-1000 -1024 360 ) 
4 597 602 (-528 -1024 360 ) (-528 -1024 416 ) (-1000 -1024 416 ) (-1000 -1024 360 ) 
4 598 603 (0 -1024 360 ) (0 -1024 -632 ) (0 -1964 -632 ) (0 -1964 360 ) 
4 598 599 (0 -1024 1608 ) (0 -1024 360 ) (0 -1964 360 ) (0 -1964 1608 ) 
4 599 603 (0 -1964 360 ) (-8 -1964 360 ) (-8 -1024 360 ) (0 -1024 360 ) 
4 599 600 (-8 -1032 608 ) (-8 -1032 1608 ) (-8 -1024 1608 ) (-8 -1024 608 ) 
4 599 601 (-8 -1032 360 ) (-8 -1964 360 ) (-8 -1964 1608 ) (-8 -1032 1608 ) 
4 600 601 (-328 -1032 1608 ) (-328 -1032 608 ) (-8 -1032 608 ) (-8 -1032 1608 ) 
4 600 602 (-328 -1032 608 ) (-328 -1032 1608 ) (-328 -1024 1608 ) (-328 -1024 608 ) 
4 601 603 (-8 -1964 360 ) (-328 -1964 360 ) (-328 -1032 360 ) (-8 -1032 360 ) 
4 601 602 (-328 -1032 360 ) (-328 -1964 360 ) (-328 -1964 1608 ) (-328 -1032 1608 ) 
4 602 622 (-1000 -1840 360 ) (-1000 -1964 360 ) (-1000 -1964 1608 ) (-1000 -1840 1608 ) 
4 602 620 (-1000 -1584 360 ) (-1000 -1824 360 ) (-1000 -1824 384 ) (-1000 -1584 384 ) 
4 602 618 (-1000 -1824 656 ) (-1000 -1824 888 ) (-1000 -1584 888 ) (-1000 -1584 656 ) 
4 602 619 (-1000 -1824 400 ) (-1000 -1824 640 ) (-1000 -1584 640 ) (-1000 -1584 400 ) 
4 602 616 (-1000 -1824 1160 ) (-1000 -1824 1608 ) (-1000 -1584 1608 ) (-1000 -1584 1160 ) 
4 602 617 (-1000 -1824 904 ) (-1000 -1824 1144 ) (-1000 -1584 1144 ) (-1000 -1584 904 ) 
4 602 614 (-1000 -1328 360 ) (-1000 -1568 360 ) (-1000 -1568 384 ) (-1000 -1328 384 ) 
4 602 613 (-1000 -1568 400 ) (-1000 -1568 640 ) (-1000 -1328 640 ) (-1000 -1328 400 ) 
4 602 611 (-1000 -1568 904 ) (-1000 -1568 1144 ) (-1000 -1328 1144 ) (-1000 -1328 904 ) 
4 602 612 (-1000 -1568 656 ) (-1000 -1568 888 ) (-1000 -1328 888 ) (-1000 -1328 656 ) 
4 602 610 (-1000 -1568 1160 ) (-1000 -1568 1608 ) (-1000 -1328 1608 ) (-1000 -1328 1160 ) 
4 602 609 (-1000 -1072 360 ) (-1000 -1312 360 ) (-1000 -1312 384 ) (-1000 -1072 384 ) 
4 602 608 (-1000 -1312 400 ) (-1000 -1312 640 ) (-1000 -1072 640 ) (-1000 -1072 400 ) 
4 602 607 (-1000 -1312 656 ) (-1000 -1312 888 ) (-1000 -1072 888 ) (-1000 -1072 656 ) 
4 602 605 (-1000 -1312 1160 ) (-1000 -1312 1608 ) (-1000 -1072 1608 ) (-1000 -1072 1160 ) 
4 602 606 (-1000 -1312 904 ) (-1000 -1312 1144 ) (-1000 -1072 1144 ) (-1000 -1072 904 ) 
4 602 604 (-1000 -1024 1608 ) (-1000 -1024 360 ) (-1000 -1056 360 ) (-1000 -1056 1608 ) 
4 602 603 (-328 -1964 360 ) (-1000 -1964 360 ) (-1000 -1024 360 ) (-328 -1024 360 ) 
4 603 622 (-1000 -1840 -632 ) (-1000 -1964 -632 ) (-1000 -1964 360 ) (-1000 -1840 360 ) 
4 603 621 (-1000 -1584 -632 ) (-1000 -1824 -632 ) (-1000 -1824 128 ) (-1000 -1584 128 ) 
4 603 620 (-1000 -1824 144 ) (-1000 -1824 360 ) (-1000 -1584 360 ) (-1000 -1584 144 ) 
4 603 615 (-1000 -1328 -632 ) (-1000 -1568 -632 ) (-1000 -1568 128 ) (-1000 -1328 128 ) 
4 603 614 (-1000 -1568 144 ) (-1000 -1568 360 ) (-1000 -1328 360 ) (-1000 -1328 144 ) 
4 603 609 (-1000 -1072 -632 ) (-1000 -1312 -632 ) (-1000 -1312 360 ) (-1000 -1072 360 ) 
4 603 604 (-1000 -1024 360 ) (-1000 -1024 -632 ) (-1000 -1056 -632 ) (-1000 -1056 360 ) 
4 604 623 (-1016 -1056 1608 ) (-1016 -1024 1608 ) (-1016 -1024 -632 ) (-1016 -1056 -632 ) 
4 605 630 (-1016 -1312 1160 ) (-1016 -1312 1608 ) (-1016 -1072 1608 ) (-1016 -1072 1160 ) 
4 606 630 (-1016 -1312 904 ) (-1016 -1312 1144 ) (-1016 -1072 1144 ) (-1016 -1072 904 ) 
4 607 630 (-1016 -1312 656 ) (-1016 -1312 888 ) (-1016 -1072 888 ) (-1016 -1072 656 ) 
4 608 630 (-1016 -1312 400 ) (-1016 -1312 640 ) (-1016 -1072 640 ) (-1016 -1072 400 ) 
4 609 630 (-1016 -1312 -632 ) (-1016 -1312 384 ) (-1016 -1072 384 ) (-1016 -1072 -632 ) 
4 610 637 (-1016 -1568 1160 ) (-1016 -1568 1608 ) (-1016 -1328 1608 ) (-1016 -1328 1160 ) 
4 611 637 (-1016 -1568 904 ) (-1016 -1568 1144 ) (-1016 -1328 1144 ) (-1016 -1328 904 ) 
4 612 637 (-1016 -1568 656 ) (-1016 -1568 888 ) (-1016 -1328 888 ) (-1016 -1328 656 ) 
4 613 637 (-1016 -1568 400 ) (-1016 -1568 640 ) (-1016 -1328 640 ) (-1016 -1328 400 ) 
4 614 637 (-1016 -1568 144 ) (-1016 -1568 384 ) (-1016 -1328 384 ) (-1016 -1328 144 ) 
4 615 637 (-1016 -1568 -632 ) (-1016 -1568 128 ) (-1016 -1328 128 ) (-1016 -1328 -632 ) 
4 616 644 (-1016 -1824 1160 ) (-1016 -1824 1608 ) (-1016 -1584 1608 ) (-1016 -1584 1160 ) 
4 617 644 (-1016 -1824 904 ) (-1016 -1824 1144 ) (-1016 -1584 1144 ) (-1016 -1584 904 ) 
4 618 644 (-1016 -1824 656 ) (-1016 -1824 888 ) (-1016 -1584 888 ) (-1016 -1584 656 ) 
4 619 644 (-1016 -1824 400 ) (-1016 -1824 640 ) (-1016 -1584 640 ) (-1016 -1584 400 ) 
4 620 644 (-1016 -1824 144 ) (-1016 -1824 384 ) (-1016 -1584 384 ) (-1016 -1584 144 ) 
4 621 644 (-1016 -1824 -632 ) (-1016 -1824 128 ) (-1016 -1584 128 ) (-1016 -1584 -632 ) 
4 622 651 (-1016 -1964 -632 ) (-1016 -1964 1608 ) (-1016 -1840 1608 ) (-1016 -1840 -632 ) 
4 623 1541 (-1024 -1056 -632 ) (-1024 -1056 640 ) (-1024 -1024 640 ) (-1024 -1024 -632 ) 
4 623 1538 (-1024 -1056 640 ) (-1024 -1056 888 ) (-1024 -1024 888 ) (-1024 -1024 640 ) 
4 623 1536 (-1024 -1056 888 ) (-1024 -1056 904 ) (-1024 -1024 904 ) (-1024 -1024 888 ) 
4 623 1532 (-1024 -1056 904 ) (-1024 -1056 1608 ) (-1024 -1024 1608 ) (-1024 -1024 904 ) 
4 623 628 (-1016 -1056 144 ) (-1016 -1056 384 ) (-1024 -1056 384 ) (-1024 -1056 144 ) 
4 623 629 (-1016 -1056 -632 ) (-1016 -1056 128 ) (-1024 -1056 128 ) (-1024 -1056 -632 ) 
4 623 627 (-1016 -1056 400 ) (-1016 -1056 640 ) (-1024 -1056 640 ) (-1024 -1056 400 ) 
4 623 625 (-1016 -1056 904 ) (-1016 -1056 1144 ) (-1024 -1056 1144 ) (-1024 -1056 904 ) 
4 623 626 (-1016 -1056 656 ) (-1016 -1056 888 ) (-1024 -1056 888 ) (-1024 -1056 656 ) 
4 623 624 (-1016 -1056 1160 ) (-1016 -1056 1608 ) (-1024 -1056 1608 ) (-1024 -1056 1160 ) 
4 624 1544 (-1024 -1072 1160 ) (-1024 -1072 1608 ) (-1024 -1056 1608 ) (-1024 -1056 1160 ) 
4 624 630 (-1024 -1072 1608 ) (-1024 -1072 1160 ) (-1016 -1072 1160 ) (-1016 -1072 1608 ) 
4 625 1545 (-1024 -1072 904 ) (-1024 -1072 1144 ) (-1024 -1056 1144 ) (-1024 -1056 904 ) 
4 625 630 (-1024 -1072 1144 ) (-1024 -1072 904 ) (-1016 -1072 904 ) (-1016 -1072 1144 ) 
4 626 1546 (-1024 -1072 656 ) (-1024 -1072 888 ) (-1024 -1056 888 ) (-1024 -1056 656 ) 
4 626 630 (-1024 -1072 888 ) (-1024 -1072 656 ) (-1016 -1072 656 ) (-1016 -1072 888 ) 
4 627 1547 (-1024 -1072 400 ) (-1024 -1072 640 ) (-1024 -1056 640 ) (-1024 -1056 400 ) 
4 627 630 (-1024 -1072 640 ) (-1024 -1072 400 ) (-1016 -1072 400 ) (-1016 -1072 640 ) 
4 628 1548 (-1024 -1072 144 ) (-1024 -1072 384 ) (-1024 -1056 384 ) (-1024 -1056 144 ) 
4 628 630 (-1024 -1072 384 ) (-1024 -1072 144 ) (-1016 -1072 144 ) (-1016 -1072 384 ) 
4 629 1549 (-1024 -1072 -632 ) (-1024 -1072 128 ) (-1024 -1056 128 ) (-1024 -1056 -632 ) 
4 629 630 (-1024 -1072 128 ) (-1024 -1072 -632 ) (-1016 -1072 -632 ) (-1016 -1072 128 ) 
4 630 1573 (-1024 -1312 -632 ) (-1024 -1312 384 ) (-1024 -1072 384 ) (-1024 -1072 -632 ) 
4 630 1571 (-1024 -1312 384 ) (-1024 -1312 400 ) (-1024 -1072 400 ) (-1024 -1072 384 ) 
4 630 1567 (-1024 -1312 640 ) (-1024 -1312 656 ) (-1024 -1072 656 ) (-1024 -1072 640 ) 
4 630 1570 (-1024 -1312 400 ) (-1024 -1312 640 ) (-1024 -1072 640 ) (-1024 -1072 400 ) 
4 630 1563 (-1024 -1312 888 ) (-1024 -1312 904 ) (-1024 -1072 904 ) (-1024 -1072 888 ) 
4 630 1562 (-1024 -1312 904 ) (-1024 -1312 1144 ) (-1024 -1072 1144 ) (-1024 -1072 904 ) 
4 630 1566 (-1024 -1312 656 ) (-1024 -1312 888 ) (-1024 -1072 888 ) (-1024 -1072 656 ) 
4 630 1559 (-1024 -1312 1144 ) (-1024 -1312 1160 ) (-1024 -1072 1160 ) (-1024 -1072 1144 ) 
4 630 1558 (-1024 -1312 1160 ) (-1024 -1312 1608 ) (-1024 -1072 1608 ) (-1024 -1072 1160 ) 
4 630 636 (-1024 -1312 128 ) (-1024 -1312 -632 ) (-1016 -1312 -632 ) (-1016 -1312 128 ) 
4 630 634 (-1024 -1312 640 ) (-1024 -1312 400 ) (-1016 -1312 400 ) (-1016 -1312 640 ) 
4 630 635 (-1024 -1312 384 ) (-1024 -1312 144 ) (-1016 -1312 144 ) (-1016 -1312 384 ) 
4 630 633 (-1024 -1312 888 ) (-1024 -1312 656 ) (-1016 -1312 656 ) (-1016 -1312 888 ) 
4 630 631 (-1024 -1312 1608 ) (-1024 -1312 1160 ) (-1016 -1312 1160 ) (-1016 -1312 1608 ) 
4 630 632 (-1024 -1312 1144 ) (-1024 -1312 904 ) (-1016 -1312 904 ) (-1016 -1312 1144 ) 
4 631 1621 (-1024 -1328 1160 ) (-1024 -1328 1608 ) (-1024 -1312 1608 ) (-1024 -1312 1160 ) 
4 631 637 (-1016 -1328 1160 ) (-1016 -1328 1608 ) (-1024 -1328 1608 ) (-1024 -1328 1160 ) 
4 632 1622 (-1024 -1328 904 ) (-1024 -1328 1144 ) (-1024 -1312 1144 ) (-1024 -1312 904 ) 
4 632 637 (-1016 -1328 904 ) (-1016 -1328 1144 ) (-1024 -1328 1144 ) (-1024 -1328 904 ) 
4 633 1623 (-1024 -1328 656 ) (-1024 -1328 888 ) (-1024 -1312 888 ) (-1024 -1312 656 ) 
4 633 637 (-1016 -1328 656 ) (-1016 -1328 888 ) (-1024 -1328 888 ) (-1024 -1328 656 ) 
4 634 1624 (-1024 -1328 400 ) (-1024 -1328 640 ) (-1024 -1312 640 ) (-1024 -1312 400 ) 
4 634 637 (-1016 -1328 400 ) (-1016 -1328 640 ) (-1024 -1328 640 ) (-1024 -1328 400 ) 
4 635 1625 (-1024 -1328 144 ) (-1024 -1328 384 ) (-1024 -1312 384 ) (-1024 -1312 144 ) 
4 635 637 (-1016 -1328 144 ) (-1016 -1328 384 ) (-1024 -1328 384 ) (-1024 -1328 144 ) 
4 636 1626 (-1024 -1328 -632 ) (-1024 -1328 128 ) (-1024 -1312 128 ) (-1024 -1312 -632 ) 
4 636 637 (-1016 -1328 -632 ) (-1016 -1328 128 ) (-1024 -1328 128 ) (-1024 -1328 -632 ) 
4 637 1667 (-1024 -1568 -632 ) (-1024 -1568 128 ) (-1024 -1328 128 ) (-1024 -1328 -632 ) 
4 637 1663 (-1024 -1568 128 ) (-1024 -1568 144 ) (-1024 -1328 144 ) (-1024 -1328 128 ) 
4 637 1662 (-1024 -1568 144 ) (-1024 -1568 384 ) (-1024 -1328 384 ) (-1024 -1328 144 ) 
4 637 1658 (-1024 -1568 384 ) (-1024 -1568 400 ) (-1024 -1328 400 ) (-1024 -1328 384 ) 
4 637 1653 (-1024 -1568 640 ) (-1024 -1568 656 ) (-1024 -1328 656 ) (-1024 -1328 640 ) 
4 637 1652 (-1024 -1568 656 ) (-1024 -1568 888 ) (-1024 -1328 888 ) (-1024 -1328 656 ) 
4 637 1657 (-1024 -1568 400 ) (-1024 -1568 640 ) (-1024 -1328 640 ) (-1024 -1328 400 ) 
4 637 1648 (-1024 -1568 888 ) (-1024 -1568 904 ) (-1024 -1328 904 ) (-1024 -1328 888 ) 
4 637 1643 (-1024 -1568 1144 ) (-1024 -1568 1160 ) (-1024 -1328 1160 ) (-1024 -1328 1144 ) 
4 637 1647 (-1024 -1568 904 ) (-1024 -1568 1144 ) (-1024 -1328 1144 ) (-1024 -1328 904 ) 
4 637 1642 (-1024 -1568 1160 ) (-1024 -1568 1608 ) (-1024 -1328 1608 ) (-1024 -1328 1160 ) 
4 637 643 (-1016 -1568 -632 ) (-1016 -1568 128 ) (-1024 -1568 128 ) (-1024 -1568 -632 ) 
4 637 641 (-1016 -1568 400 ) (-1016 -1568 640 ) (-1024 -1568 640 ) (-1024 -1568 400 ) 
4 637 642 (-1016 -1568 144 ) (-1016 -1568 384 ) (-1024 -1568 384 ) (-1024 -1568 144 ) 
4 637 640 (-1016 -1568 656 ) (-1016 -1568 888 ) (-1024 -1568 888 ) (-1024 -1568 656 ) 
4 637 638 (-1016 -1568 1160 ) (-1016 -1568 1608 ) (-1024 -1568 1608 ) (-1024 -1568 1160 ) 
4 637 639 (-1016 -1568 904 ) (-1016 -1568 1144 ) (-1024 -1568 1144 ) (-1024 -1568 904 ) 
4 638 1668 (-1024 -1584 1160 ) (-1024 -1584 1608 ) (-1024 -1568 1608 ) (-1024 -1568 1160 ) 
4 638 644 (-1024 -1584 1608 ) (-1024 -1584 1160 ) (-1016 -1584 1160 ) (-1016 -1584 1608 ) 
4 639 1669 (-1024 -1584 904 ) (-1024 -1584 1144 ) (-1024 -1568 1144 ) (-1024 -1568 904 ) 
4 639 644 (-1024 -1584 1144 ) (-1024 -1584 904 ) (-1016 -1584 904 ) (-1016 -1584 1144 ) 
4 640 1670 (-1024 -1584 656 ) (-1024 -1584 888 ) (-1024 -1568 888 ) (-1024 -1568 656 ) 
4 640 644 (-1024 -1584 888 ) (-1024 -1584 656 ) (-1016 -1584 656 ) (-1016 -1584 888 ) 
4 641 1671 (-1024 -1584 400 ) (-1024 -1584 640 ) (-1024 -1568 640 ) (-1024 -1568 400 ) 
4 641 644 (-1024 -1584 640 ) (-1024 -1584 400 ) (-1016 -1584 400 ) (-1016 -1584 640 ) 
4 642 1672 (-1024 -1584 144 ) (-1024 -1584 384 ) (-1024 -1568 384 ) (-1024 -1568 144 ) 
4 642 644 (-1024 -1584 384 ) (-1024 -1584 144 ) (-1016 -1584 144 ) (-1016 -1584 384 ) 
4 643 1673 (-1024 -1584 -632 ) (-1024 -1584 128 ) (-1024 -1568 128 ) (-1024 -1568 -632 ) 
4 643 644 (-1024 -1584 128 ) (-1024 -1584 -632 ) (-1016 -1584 -632 ) (-1016 -1584 128 ) 
4 644 1732 (-1024 -1824 -632 ) (-1024 -1824 128 ) (-1024 -1584 128 ) (-1024 -1584 -632 ) 
4 644 1727 (-1024 -1824 128 ) (-1024 -1824 144 ) (-1024 -1584 144 ) (-1024 -1584 128 ) 
4 644 1721 (-1024 -1824 384 ) (-1024 -1824 400 ) (-1024 -1584 400 ) (-1024 -1584 384 ) 
4 644 1720 (-1024 -1824 400 ) (-1024 -1824 640 ) (-1024 -1584 640 ) (-1024 -1584 400 ) 
4 644 1726 (-1024 -1824 144 ) (-1024 -1824 384 ) (-1024 -1584 384 ) (-1024 -1584 144 ) 
4 644 1715 (-1024 -1824 640 ) (-1024 -1824 656 ) (-1024 -1584 656 ) (-1024 -1584 640 ) 
4 644 1714 (-1024 -1824 656 ) (-1024 -1824 888 ) (-1024 -1584 888 ) (-1024 -1584 656 ) 
4 644 1709 (-1024 -1824 888 ) (-1024 -1824 904 ) (-1024 -1584 904 ) (-1024 -1584 888 ) 
4 644 1703 (-1024 -1824 1144 ) (-1024 -1824 1160 ) (-1024 -1584 1160 ) (-1024 -1584 1144 ) 
4 644 1708 (-1024 -1824 904 ) (-1024 -1824 1144 ) (-1024 -1584 1144 ) (-1024 -1584 904 ) 
4 644 1702 (-1024 -1824 1160 ) (-1024 -1824 1608 ) (-1024 -1584 1608 ) (-1024 -1584 1160 ) 
4 644 650 (-1024 -1824 128 ) (-1024 -1824 -632 ) (-1016 -1824 -632 ) (-1016 -1824 128 ) 
4 644 648 (-1024 -1824 640 ) (-1024 -1824 400 ) (-1016 -1824 400 ) (-1016 -1824 640 ) 
4 644 649 (-1024 -1824 384 ) (-1024 -1824 144 ) (-1016 -1824 144 ) (-1016 -1824 384 ) 
4 644 647 (-1024 -1824 888 ) (-1024 -1824 656 ) (-1016 -1824 656 ) (-1016 -1824 888 ) 
4 644 645 (-1024 -1824 1608 ) (-1024 -1824 1160 ) (-1016 -1824 1160 ) (-1016 -1824 1608 ) 
4 644 646 (-1024 -1824 1144 ) (-1024 -1824 904 ) (-1016 -1824 904 ) (-1016 -1824 1144 ) 
4 645 1733 (-1024 -1840 1160 ) (-1024 -1840 1608 ) (-1024 -1824 1608 ) (-1024 -1824 1160 ) 
4 645 651 (-1016 -1840 1160 ) (-1016 -1840 1608 ) (-1024 -1840 1608 ) (-1024 -1840 1160 ) 
4 646 1734 (-1024 -1840 904 ) (-1024 -1840 1144 ) (-1024 -1824 1144 ) (-1024 -1824 904 ) 
4 646 651 (-1016 -1840 904 ) (-1016 -1840 1144 ) (-1024 -1840 1144 ) (-1024 -1840 904 ) 
4 647 1735 (-1024 -1840 656 ) (-1024 -1840 888 ) (-1024 -1824 888 ) (-1024 -1824 656 ) 
4 647 651 (-1016 -1840 656 ) (-1016 -1840 888 ) (-1024 -1840 888 ) (-1024 -1840 656 ) 
4 648 1736 (-1024 -1840 400 ) (-1024 -1840 640 ) (-1024 -1824 640 ) (-1024 -1824 400 ) 
4 648 651 (-1016 -1840 400 ) (-1016 -1840 640 ) (-1024 -1840 640 ) (-1024 -1840 400 ) 
4 649 1737 (-1024 -1840 144 ) (-1024 -1840 384 ) (-1024 -1824 384 ) (-1024 -1824 144 ) 
4 649 651 (-1016 -1840 144 ) (-1016 -1840 384 ) (-1024 -1840 384 ) (-1024 -1840 144 ) 
4 650 1738 (-1024 -1840 -632 ) (-1024 -1840 128 ) (-1024 -1824 128 ) (-1024 -1824 -632 ) 
4 650 651 (-1016 -1840 -632 ) (-1016 -1840 128 ) (-1024 -1840 128 ) (-1024 -1840 -632 ) 
4 651 1767 (-1024 -1964 -632 ) (-1024 -1964 1608 ) (-1024 -1840 1608 ) (-1024 -1840 -632 ) 
4 652 655 (-1648 1192 360 ) (-1648 1144 360 ) (-1648 1144 468 ) (-1648 1192 468 ) 
4 652 654 (-1648 1088 504 ) (-1648 1088 360 ) (-1576 1088 360 ) (-1576 1088 504 ) 
4 653 684 (-1040 1024 504 ) (-1360 1024 504 ) (-1360 1024 360 ) (-1040 1024 360 ) 
4 654 686 (-1576 1024 504 ) (-1648 1024 504 ) (-1648 1024 360 ) (-1576 1024 360 ) 
4 655 656 (-1656 1192 360 ) (-1656 1144 360 ) (-1656 1144 468 ) (-1656 1192 468 ) 
4 657 659 (-1680 1664 -360 ) (-1680 1536 -360 ) (-1680 1536 -152 ) (-1680 1664 -152 ) 
4 657 658 (-1680 2048 -360 ) (-1680 1920 -360 ) (-1680 1920 -152 ) (-1680 2048 -152 ) 
4 658 661 (-2048 1920 -152 ) (-2048 2048 -152 ) (-2048 2048 -360 ) (-2048 1920 -360 ) 
4 659 663 (-2048 1536 -152 ) (-2048 1664 -152 ) (-2048 1664 -360 ) (-2048 1536 -360 ) 
4 659 660 (-2048 1536 -360 ) (-1936 1536 -360 ) (-1936 1536 -152 ) (-2048 1536 -152 ) 
4 660 687 (-1936 1024 -152 ) (-2048 1024 -152 ) (-2048 1024 -360 ) (-1936 1024 -360 ) 
4 660 663 (-2048 1024 -360 ) (-2048 1024 -152 ) (-2048 1536 -152 ) (-2048 1536 -360 ) 
4 661 662 (-3056 1920 -360 ) (-3056 1920 -160 ) (-3056 2048 -160 ) (-3056 2048 -360 ) 
4 662 678 (-3072 1920 -360 ) (-3072 1920 -160 ) (-3072 2048 -160 ) (-3072 2048 -360 ) 
4 663 772 (-2048 1024 -360 ) (-2048 1024 -152 ) (-2064 1024 -152 ) (-2064 1024 -360 ) 
4 664 672 (-4096 4096 392 ) (-4096 4096 -456 ) (-4096 4032 -456 ) (-4096 4032 392 ) 
4 664 668 (-4096 4032 -456 ) (-4096 4096 -456 ) (-4000 4096 -456 ) (-4000 4032 -456 ) 
4 664 667 (-4000 4096 -456 ) (-3296 4096 -456 ) (-3296 4032 -456 ) (-4000 4032 -456 ) 
4 664 666 (-3296 4096 -456 ) (-3072 4096 -456 ) (-3072 4032 -456 ) (-3296 4032 -456 ) 
4 664 665 (-4096 4032 -456 ) (-3072 4032 -456 ) (-3072 4032 104 ) (-4096 4032 104 ) 
4 665 674 (-3072 3072 -456 ) (-3072 3072 104 ) (-4096 3072 104 ) (-4096 3072 -456 ) 
4 665 673 (-4096 4032 -456 ) (-4096 3072 -456 ) (-4096 3072 104 ) (-4096 4032 104 ) 
4 665 669 (-4096 3856 -456 ) (-4096 3952 -456 ) (-4000 3952 -456 ) (-4000 3856 -456 ) 
4 665 668 (-4096 3952 -456 ) (-4096 4032 -456 ) (-4000 4032 -456 ) (-4000 3952 -456 ) 
4 665 670 (-4000 3072 -456 ) (-4096 3072 -456 ) (-4096 3856 -456 ) (-4000 3856 -456 ) 
4 665 667 (-3296 3072 -456 ) (-4000 3072 -456 ) (-4000 4032 -456 ) (-3296 4032 -456 ) 
4 665 666 (-3072 3072 -456 ) (-3296 3072 -456 ) (-3296 4032 -456 ) (-3072 4032 -456 ) 
4 666 675 (-3072 3072 -472 ) (-3072 3072 -456 ) (-3296 3072 -456 ) (-3296 3072 -472 ) 
4 666 667 (-3296 4096 -472 ) (-3296 3072 -472 ) (-3296 3072 -456 ) (-3296 4096 -456 ) 
4 667 676 (-3296 3072 -456 ) (-4000 3072 -456 ) (-4000 3072 -472 ) (-3296 3072 -472 ) 
4 667 669 (-4000 3952 -472 ) (-4000 3856 -472 ) (-4000 3856 -456 ) (-4000 3952 -456 ) 
4 667 668 (-4000 4096 -472 ) (-4000 3952 -472 ) (-4000 3952 -456 ) (-4000 4096 -456 ) 
4 667 670 (-4000 3856 -472 ) (-4000 3072 -472 ) (-4000 3072 -456 ) (-4000 3856 -456 ) 
4 668 673 (-4096 4032 -472 ) (-4096 3952 -472 ) (-4096 3952 -456 ) (-4096 4032 -456 ) 
4 668 672 (-4096 4096 -456 ) (-4096 4096 -472 ) (-4096 4032 -472 ) (-4096 4032 -456 ) 
4 668 669 (-4096 3952 -472 ) (-4000 3952 -472 ) (-4000 3952 -456 ) (-4096 3952 -456 ) 
4 669 673 (-4096 3952 -472 ) (-4096 3856 -472 ) (-4096 3856 -456 ) (-4096 3952 -456 ) 
4 669 670 (-4096 3856 -472 ) (-4000 3856 -472 ) (-4000 3856 -456 ) (-4096 3856 -456 ) 
4 670 677 (-4000 3072 -456 ) (-4096 3072 -456 ) (-4096 3072 -472 ) (-4000 3072 -472 ) 
4 670 673 (-4096 3856 -472 ) (-4096 3072 -472 ) (-4096 3072 -456 ) (-4096 3856 -456 ) 
4 672 673 (-4224 4032 -472 ) (-4096 4032 -472 ) (-4096 4032 104 ) (-4224 4032 104 ) 
4 673 682 (-4096 3072 -472 ) (-4096 3072 104 ) (-4224 3072 104 ) (-4224 3072 -472 ) 
4 674 682 (-4096 3072 104 ) (-4096 3072 -456 ) (-4096 2048 -456 ) (-4096 2048 104 ) 
4 674 678 (-3072 2048 -456 ) (-3072 2048 104 ) (-4096 2048 104 ) (-4096 2048 -456 ) 
4 674 676 (-4000 3072 -456 ) (-3296 3072 -456 ) (-3296 2048 -456 ) (-4000 2048 -456 ) 
4 674 675 (-3296 3072 -456 ) (-3072 3072 -456 ) (-3072 2048 -456 ) (-3296 2048 -456 ) 
4 674 677 (-4096 2048 -456 ) (-4096 3072 -456 ) (-4000 3072 -456 ) (-4000 2048 -456 ) 
4 675 679 (-3072 2048 -472 ) (-3072 2048 -456 ) (-3296 2048 -456 ) (-3296 2048 -472 ) 
4 675 676 (-3296 3072 -472 ) (-3296 2048 -472 ) (-3296 2048 -456 ) (-3296 3072 -456 ) 
4 676 680 (-3296 2048 -456 ) (-4000 2048 -456 ) (-4000 2048 -472 ) (-3296 2048 -472 ) 
4 676 677 (-4000 3072 -472 ) (-4000 2048 -472 ) (-4000 2048 -456 ) (-4000 3072 -456 ) 
4 677 682 (-4096 3072 -456 ) (-4096 3072 -472 ) (-4096 2048 -472 ) (-4096 2048 -456 ) 
4 677 681 (-4000 2048 -456 ) (-4096 2048 -456 ) (-4096 2048 -472 ) (-4000 2048 -472 ) 
4 678 683 (-4096 2048 104 ) (-4096 2048 -456 ) (-4096 1344 -456 ) (-4096 1344 104 ) 
4 678 680 (-4000 2048 -456 ) (-3296 2048 -456 ) (-3296 1344 -456 ) (-4000 1344 -456 ) 
4 678 679 (-3296 2048 -456 ) (-3072 2048 -456 ) (-3072 1344 -456 ) (-3296 1344 -456 ) 
4 678 681 (-4096 1344 -456 ) (-4096 2048 -456 ) (-4000 2048 -456 ) (-4000 1344 -456 ) 
4 679 680 (-3296 2048 -472 ) (-3296 1344 -472 ) (-3296 1344 -456 ) (-3296 2048 -456 ) 
4 680 681 (-4000 2048 -472 ) (-4000 1344 -472 ) (-4000 1344 -456 ) (-4000 2048 -456 ) 
4 681 683 (-4096 1344 -472 ) (-4096 1344 -456 ) (-4096 2048 -456 ) (-4096 2048 -472 ) 
4 682 683 (-4096 2048 -472 ) (-4096 2048 104 ) (-4224 2048 104 ) (-4224 2048 -472 ) 
4 684 685 (-1360 960 504 ) (-1360 960 360 ) (-1040 960 360 ) (-1040 960 504 ) 
4 685 688 (-1216 840 360 ) (-1168 840 360 ) (-1168 840 468 ) (-1216 840 468 ) 
4 686 689 (-1648 840 360 ) (-1576 840 360 ) (-1576 840 504 ) (-1648 840 504 ) 
4 687 772 (-2048 840 -360 ) (-2048 840 -152 ) (-2048 1024 -152 ) (-2048 1024 -360 ) 
4 687 690 (-2048 840 -152 ) (-2048 840 -360 ) (-1936 840 -360 ) (-1936 840 -152 ) 
4 688 692 (-1216 832 468 ) (-1216 832 360 ) (-1168 832 360 ) (-1168 832 468 ) 
4 689 692 (-1648 832 504 ) (-1648 832 360 ) (-1576 832 360 ) (-1576 832 504 ) 
4 690 772 (-2048 832 -360 ) (-2048 832 -152 ) (-2048 840 -152 ) (-2048 840 -360 ) 
4 690 696 (-1936 832 -360 ) (-1936 832 -152 ) (-2048 832 -152 ) (-2048 832 -360 ) 
4 691 692 (-1352 528 712 ) (-1352 720 712 ) (-1024 720 712 ) (-1024 528 712 ) 
4 692 697 (-1024 512 416 ) (-1024 512 480 ) (-1360 512 480 ) (-1360 512 416 ) 
4 692 694 (-1024 512 360 ) (-1360 512 360 ) (-1360 748 360 ) (-1024 748 360 ) 
4 692 693 (-1360 748 360 ) (-1360 832 360 ) (-1024 832 360 ) (-1024 748 360 ) 
4 693 695 (-1360 748 352 ) (-1360 832 352 ) (-1024 832 352 ) (-1024 748 352 ) 
4 693 694 (-1360 748 360 ) (-1360 748 352 ) (-1024 748 352 ) (-1024 748 360 ) 
4 694 695 (-1024 512 352 ) (-1360 512 352 ) (-1360 748 352 ) (-1024 748 352 ) 
4 695 696 (-1024 512 -56 ) (-1648 512 -56 ) (-1648 832 -56 ) (-1024 832 -56 ) 
4 696 776 (-2048 512 -360 ) (-2048 512 -192 ) (-2048 820 -192 ) (-2048 820 -360 ) 
4 696 774 (-2048 512 -192 ) (-2048 512 -56 ) (-2048 820 -56 ) (-2048 820 -192 ) 
4 696 773 (-2048 820 -56 ) (-2048 832 -56 ) (-2048 832 -360 ) (-2048 820 -360 ) 
4 697 698 (-1024 504 416 ) (-1024 504 480 ) (-1360 504 480 ) (-1360 504 416 ) 
4 698 699 (-1024 496 -632 ) (-1024 496 616 ) (-1504 496 616 ) (-1504 496 -632 ) 
4 699 795 (-2048 224 -632 ) (-2048 224 1608 ) (-2048 496 1608 ) (-2048 496 -632 ) 
4 699 729 (-2048 224 128 ) (-2048 224 -632 ) (-2040 224 -632 ) (-2040 224 128 ) 
4 699 728 (-2048 224 384 ) (-2048 224 144 ) (-2040 224 144 ) (-2040 224 384 ) 
4 699 727 (-2048 224 640 ) (-2048 224 400 ) (-2040 224 400 ) (-2040 224 640 ) 
4 699 725 (-2048 224 1144 ) (-2048 224 904 ) (-2040 224 904 ) (-2040 224 1144 ) 
4 699 726 (-2048 224 888 ) (-2048 224 656 ) (-2040 224 656 ) (-2040 224 888 ) 
4 699 724 (-2048 224 1608 ) (-2048 224 1160 ) (-2040 224 1160 ) (-2040 224 1608 ) 
4 699 723 (-2024 224 -632 ) (-1784 224 -632 ) (-1784 224 128 ) (-2024 224 128 ) 
4 699 721 (-1784 224 400 ) (-1784 224 640 ) (-2024 224 640 ) (-2024 224 400 ) 
4 699 722 (-1784 224 144 ) (-1784 224 384 ) (-2024 224 384 ) (-2024 224 144 ) 
4 699 720 (-1784 224 656 ) (-1784 224 888 ) (-2024 224 888 ) (-2024 224 656 ) 
4 699 718 (-1784 224 1160 ) (-1784 224 1608 ) (-2024 224 1608 ) (-2024 224 1160 ) 
4 699 719 (-1784 224 904 ) (-1784 224 1144 ) (-2024 224 1144 ) (-2024 224 904 ) 
4 699 716 (-1528 224 144 ) (-1528 224 384 ) (-1768 224 384 ) (-1768 224 144 ) 
4 699 717 (-1768 224 -632 ) (-1528 224 -632 ) (-1528 224 128 ) (-1768 224 128 ) 
4 699 715 (-1528 224 400 ) (-1528 224 640 ) (-1768 224 640 ) (-1768 224 400 ) 
4 699 713 (-1528 224 904 ) (-1528 224 1144 ) (-1768 224 1144 ) (-1768 224 904 ) 
4 699 714 (-1528 224 656 ) (-1528 224 888 ) (-1768 224 888 ) (-1768 224 656 ) 
4 699 712 (-1528 224 1160 ) (-1528 224 1608 ) (-1768 224 1608 ) (-1768 224 1160 ) 
4 699 711 (-1512 224 -632 ) (-1272 224 -632 ) (-1272 224 128 ) (-1512 224 128 ) 
4 699 709 (-1272 224 400 ) (-1272 224 640 ) (-1512 224 640 ) (-1512 224 400 ) 
4 699 710 (-1272 224 144 ) (-1272 224 384 ) (-1512 224 384 ) (-1512 224 144 ) 
4 699 708 (-1272 224 656 ) (-1272 224 888 ) (-1512 224 888 ) (-1512 224 656 ) 
4 699 706 (-1272 224 1160 ) (-1272 224 1608 ) (-1512 224 1608 ) (-1512 224 1160 ) 
4 699 707 (-1272 224 904 ) (-1272 224 1144 ) (-1512 224 1144 ) (-1512 224 904 ) 
4 699 705 (-1256 224 -632 ) (-1024 224 -632 ) (-1024 224 128 ) (-1256 224 128 ) 
4 699 703 (-1024 224 400 ) (-1024 224 640 ) (-1256 224 640 ) (-1256 224 400 ) 
4 699 704 (-1024 224 144 ) (-1024 224 384 ) (-1256 224 384 ) (-1256 224 144 ) 
4 699 702 (-1024 224 656 ) (-1024 224 888 ) (-1256 224 888 ) (-1256 224 656 ) 
4 699 700 (-1024 224 1160 ) (-1024 224 1608 ) (-1256 224 1608 ) (-1256 224 1160 ) 
4 699 701 (-1024 224 904 ) (-1024 224 1144 ) (-1256 224 1144 ) (-1256 224 904 ) 
4 700 740 (-1231 208 1608 ) (-1256 208 1608 ) (-1256 208 1160 ) (-1231 208 1160 ) 
4 700 731 (-1167 208 1608 ) (-1231 208 1608 ) (-1231 208 1160 ) (-1167 208 1160 ) 
4 700 730 (-1024 208 1160 ) (-1024 208 1608 ) (-1167 208 1608 ) (-1167 208 1160 ) 
4 701 740 (-1231 208 1144 ) (-1256 208 1144 ) (-1256 208 904 ) (-1231 208 904 ) 
4 701 731 (-1167 208 1144 ) (-1231 208 1144 ) (-1231 208 904 ) (-1167 208 904 ) 
4 701 730 (-1024 208 904 ) (-1024 208 1144 ) (-1167 208 1144 ) (-1167 208 904 ) 
4 702 740 (-1231 208 888 ) (-1256 208 888 ) (-1256 208 656 ) (-1231 208 656 ) 
4 702 731 (-1167 208 888 ) (-1231 208 888 ) (-1231 208 656 ) (-1167 208 656 ) 
4 702 730 (-1024 208 656 ) (-1024 208 888 ) (-1167 208 888 ) (-1167 208 656 ) 
4 703 740 (-1231 208 640 ) (-1256 208 640 ) (-1256 208 400 ) (-1231 208 400 ) 
4 703 736 (-1231 208 464 ) (-1231 208 400 ) (-1167 208 400 ) (-1167 208 464 ) 
4 703 734 (-1231 208 472 ) (-1231 208 464 ) (-1167 208 464 ) (-1167 208 472 ) 
4 703 731 (-1167 208 640 ) (-1231 208 640 ) (-1231 208 472 ) (-1167 208 472 ) 
4 703 730 (-1024 208 400 ) (-1024 208 640 ) (-1167 208 640 ) (-1167 208 400 ) 
4 704 764 (-1024 208 144 ) (-1024 208 248 ) (-1256 208 248 ) (-1256 208 144 ) 
4 704 761 (-1024 208 248 ) (-1024 208 256 ) (-1256 208 256 ) (-1256 208 248 ) 
4 704 740 (-1231 208 384 ) (-1256 208 384 ) (-1256 208 256 ) (-1231 208 256 ) 
4 704 736 (-1167 208 384 ) (-1231 208 384 ) (-1231 208 256 ) (-1167 208 256 ) 
4 704 730 (-1024 208 256 ) (-1024 208 384 ) (-1167 208 384 ) (-1167 208 256 ) 
4 705 771 (-1024 208 -632 ) (-1024 208 128 ) (-1256 208 128 ) (-1256 208 -632 ) 
4 706 746 (-1272 208 1160 ) (-1272 208 1608 ) (-1512 208 1608 ) (-1512 208 1160 ) 
4 707 746 (-1272 208 904 ) (-1272 208 1144 ) (-1512 208 1144 ) (-1512 208 904 ) 
4 708 746 (-1272 208 656 ) (-1272 208 888 ) (-1512 208 888 ) (-1512 208 656 ) 
4 709 746 (-1272 208 400 ) (-1272 208 640 ) (-1512 208 640 ) (-1512 208 400 ) 
4 710 764 (-1272 208 144 ) (-1272 208 248 ) (-1512 208 248 ) (-1512 208 144 ) 
4 710 761 (-1272 208 248 ) (-1272 208 256 ) (-1512 208 256 ) (-1512 208 248 ) 
4 710 746 (-1272 208 256 ) (-1272 208 384 ) (-1512 208 384 ) (-1512 208 256 ) 
4 711 771 (-1272 208 -632 ) (-1272 208 128 ) (-1512 208 128 ) (-1512 208 -632 ) 
4 712 752 (-1528 208 1160 ) (-1528 208 1608 ) (-1768 208 1608 ) (-1768 208 1160 ) 
4 713 752 (-1528 208 904 ) (-1528 208 1144 ) (-1768 208 1144 ) (-1768 208 904 ) 
4 714 752 (-1528 208 656 ) (-1528 208 888 ) (-1768 208 888 ) (-1768 208 656 ) 
4 715 752 (-1528 208 400 ) (-1528 208 640 ) (-1768 208 640 ) (-1768 208 400 ) 
4 716 764 (-1528 208 144 ) (-1528 208 248 ) (-1768 208 248 ) (-1768 208 144 ) 
4 716 761 (-1528 208 248 ) (-1528 208 256 ) (-1768 208 256 ) (-1768 208 248 ) 
4 716 752 (-1528 208 256 ) (-1528 208 384 ) (-1768 208 384 ) (-1768 208 256 ) 
4 717 771 (-1528 208 -632 ) (-1528 208 128 ) (-1768 208 128 ) (-1768 208 -632 ) 
4 718 759 (-2020 208 1608 ) (-2024 208 1608 ) (-2024 208 1160 ) (-2020 208 1160 ) 
4 718 758 (-1784 208 1160 ) (-1784 208 1608 ) (-2020 208 1608 ) (-2020 208 1160 ) 
4 719 759 (-2020 208 1144 ) (-2024 208 1144 ) (-2024 208 904 ) (-2020 208 904 ) 
4 719 758 (-1784 208 904 ) (-1784 208 1144 ) (-2020 208 1144 ) (-2020 208 904 ) 
4 720 759 (-2020 208 888 ) (-2024 208 888 ) (-2024 208 656 ) (-2020 208 656 ) 
4 720 758 (-1784 208 656 ) (-1784 208 888 ) (-2020 208 888 ) (-2020 208 656 ) 
4 721 759 (-2020 208 640 ) (-2024 208 640 ) (-2024 208 400 ) (-2020 208 400 ) 
4 721 758 (-1784 208 400 ) (-1784 208 640 ) (-2020 208 640 ) (-2020 208 400 ) 
4 722 765 (-2020 208 248 ) (-2024 208 248 ) (-2024 208 144 ) (-2020 208 144 ) 
4 722 764 (-1784 208 144 ) (-1784 208 248 ) (-2020 208 248 ) (-2020 208 144 ) 
4 722 761 (-1784 208 248 ) (-1784 208 256 ) (-2024 208 256 ) (-2024 208 248 ) 
4 722 759 (-2020 208 384 ) (-2024 208 384 ) (-2024 208 256 ) (-2020 208 256 ) 
4 722 758 (-1784 208 256 ) (-1784 208 384 ) (-2020 208 384 ) (-2020 208 256 ) 
4 723 771 (-1784 208 -632 ) (-1784 208 128 ) (-2024 208 128 ) (-2024 208 -632 ) 
4 724 802 (-2048 208 1160 ) (-2048 208 1608 ) (-2048 224 1608 ) (-2048 224 1160 ) 
4 724 759 (-2040 208 1160 ) (-2040 208 1608 ) (-2048 208 1608 ) (-2048 208 1160 ) 
4 725 803 (-2048 208 904 ) (-2048 208 1144 ) (-2048 224 1144 ) (-2048 224 904 ) 
4 725 759 (-2040 208 904 ) (-2040 208 1144 ) (-2048 208 1144 ) (-2048 208 904 ) 
4 726 804 (-2048 208 656 ) (-2048 208 888 ) (-2048 224 888 ) (-2048 224 656 ) 
4 726 759 (-2040 208 656 ) (-2040 208 888 ) (-2048 208 888 ) (-2048 208 656 ) 
4 727 805 (-2048 208 400 ) (-2048 208 640 ) (-2048 224 640 ) (-2048 224 400 ) 
4 727 759 (-2040 208 400 ) (-2040 208 640 ) (-2048 208 640 ) (-2048 208 400 ) 
4 728 806 (-2048 208 144 ) (-2048 208 384 ) (-2048 224 384 ) (-2048 224 144 ) 
4 728 765 (-2040 208 144 ) (-2040 208 248 ) (-2048 208 248 ) (-2048 208 144 ) 
4 728 761 (-2040 208 248 ) (-2040 208 256 ) (-2048 208 256 ) (-2048 208 248 ) 
4 728 759 (-2040 208 256 ) (-2040 208 384 ) (-2048 208 384 ) (-2048 208 256 ) 
4 729 807 (-2048 208 -632 ) (-2048 208 128 ) (-2048 224 128 ) (-2048 224 -632 ) 
4 729 771 (-2040 208 -632 ) (-2040 208 128 ) (-2048 208 128 ) (-2048 208 -632 ) 
4 730 935 (-1024 0 256 ) (-1024 0 360 ) (-1167 0 360 ) (-1167 0 256 ) 
4 730 913 (-1024 0 360 ) (-1024 0 384 ) (-1167 0 384 ) (-1167 0 360 ) 
4 730 902 (-1024 0 384 ) (-1024 0 400 ) (-1167 0 400 ) (-1167 0 384 ) 
4 730 882 (-1024 0 400 ) (-1024 0 608 ) (-1148 0 608 ) (-1148 0 400 ) 
4 730 886 (-1148 0 608 ) (-1167 0 608 ) (-1167 0 400 ) (-1148 0 400 ) 
4 730 878 (-1024 0 608 ) (-1024 0 640 ) (-1167 0 640 ) (-1167 0 608 ) 
4 730 874 (-1024 0 640 ) (-1024 0 656 ) (-1167 0 656 ) (-1167 0 640 ) 
4 730 869 (-1024 0 888 ) (-1024 0 904 ) (-1167 0 904 ) (-1167 0 888 ) 
4 730 868 (-1024 0 904 ) (-1024 0 1144 ) (-1167 0 1144 ) (-1167 0 904 ) 
4 730 873 (-1024 0 656 ) (-1024 0 888 ) (-1167 0 888 ) (-1167 0 656 ) 
4 730 864 (-1024 0 1144 ) (-1024 0 1160 ) (-1167 0 1160 ) (-1167 0 1144 ) 
4 730 863 (-1024 0 1160 ) (-1024 0 1608 ) (-1167 0 1608 ) (-1167 0 1160 ) 
4 730 761 (-1167 208 256 ) (-1024 208 256 ) (-1024 44 256 ) (-1167 44 256 ) 
4 730 738 (-1167 0 456 ) (-1167 0 464 ) (-1167 5 464 ) (-1167 5 456 ) 
4 730 739 (-1167 5 256 ) (-1167 0 256 ) (-1167 0 448 ) (-1167 5 448 ) 
4 730 737 (-1167 17 256 ) (-1167 5 256 ) (-1167 5 456 ) (-1167 17 456 ) 
4 730 736 (-1167 208 464 ) (-1167 208 256 ) (-1167 17 256 ) (-1167 17 464 ) 
4 730 734 (-1167 208 472 ) (-1167 208 464 ) (-1167 29 464 ) (-1167 29 472 ) 
4 730 735 (-1167 17 464 ) (-1167 0 464 ) (-1167 0 472 ) (-1167 17 472 ) 
4 730 732 (-1167 29 480 ) (-1167 29 1608 ) (-1167 41 1608 ) (-1167 41 480 ) 
4 730 731 (-1167 208 1608 ) (-1167 208 472 ) (-1167 41 472 ) (-1167 41 1608 ) 
4 730 733 (-1167 29 472 ) (-1167 0 472 ) (-1167 0 1608 ) (-1167 29 1608 ) 
4 731 740 (-1231 208 1608 ) (-1231 208 472 ) (-1231 41 472 ) (-1231 41 1608 ) 
4 731 734 (-1231 41 472 ) (-1231 208 472 ) (-1167 208 472 ) (-1167 41 472 ) 
4 731 732 (-1167 41 480 ) (-1167 41 1608 ) (-1231 41 1608 ) (-1231 41 480 ) 
4 732 740 (-1231 29 480 ) (-1231 29 1608 ) (-1231 41 1608 ) (-1231 41 480 ) 
4 732 733 (-1167 29 480 ) (-1167 29 1608 ) (-1231 29 1608 ) (-1231 29 480 ) 
4 733 887 (-1231 0 608 ) (-1231 0 472 ) (-1167 0 472 ) (-1167 0 608 ) 
4 733 878 (-1168 0 608 ) (-1167 0 608 ) (-1167 0 640 ) (-1168 0 640 ) 
4 733 881 (-1231 0 640 ) (-1231 0 608 ) (-1168 0 608 ) (-1168 0 640 ) 
4 733 874 (-1231 0 656 ) (-1231 0 640 ) (-1167 0 640 ) (-1167 0 656 ) 
4 733 869 (-1231 0 904 ) (-1231 0 888 ) (-1167 0 888 ) (-1167 0 904 ) 
4 733 868 (-1231 0 1144 ) (-1231 0 904 ) (-1167 0 904 ) (-1167 0 1144 ) 
4 733 873 (-1231 0 888 ) (-1231 0 656 ) (-1167 0 656 ) (-1167 0 888 ) 
4 733 864 (-1231 0 1160 ) (-1231 0 1144 ) (-1167 0 1144 ) (-1167 0 1160 ) 
4 733 863 (-1231 0 1608 ) (-1231 0 1160 ) (-1167 0 1160 ) (-1167 0 1608 ) 
4 733 740 (-1231 29 472 ) (-1231 0 472 ) (-1231 0 1608 ) (-1231 29 1608 ) 
4 733 735 (-1231 0 472 ) (-1231 17 472 ) (-1167 17 472 ) (-1167 0 472 ) 
4 734 740 (-1231 208 472 ) (-1231 208 464 ) (-1231 29 464 ) (-1231 29 472 ) 
4 734 736 (-1231 29 464 ) (-1231 208 464 ) (-1167 208 464 ) (-1167 29 464 ) 
4 735 887 (-1231 0 472 ) (-1231 0 464 ) (-1167 0 464 ) (-1167 0 472 ) 
4 735 740 (-1231 17 464 ) (-1231 0 464 ) (-1231 0 472 ) (-1231 17 472 ) 
4 735 738 (-1231 0 464 ) (-1231 5 464 ) (-1167 5 464 ) (-1167 0 464 ) 
4 736 761 (-1231 208 256 ) (-1167 208 256 ) (-1167 44 256 ) (-1231 44 256 ) 
4 736 740 (-1231 208 464 ) (-1231 208 256 ) (-1231 17 256 ) (-1231 17 464 ) 
4 736 737 (-1167 17 256 ) (-1167 17 456 ) (-1231 17 456 ) (-1231 17 256 ) 
4 737 740 (-1231 17 256 ) (-1231 5 256 ) (-1231 5 456 ) (-1231 17 456 ) 
4 737 739 (-1167 5 256 ) (-1167 5 448 ) (-1231 5 448 ) (-1231 5 256 ) 
4 738 887 (-1231 0 464 ) (-1231 0 456 ) (-1167 0 456 ) (-1167 0 464 ) 
4 738 740 (-1231 0 456 ) (-1231 0 464 ) (-1231 5 464 ) (-1231 5 456 ) 
4 739 938 (-1231 0 360 ) (-1231 0 256 ) (-1167 0 256 ) (-1167 0 360 ) 
4 739 914 (-1231 0 384 ) (-1231 0 360 ) (-1167 0 360 ) (-1167 0 384 ) 
4 739 902 (-1231 0 400 ) (-1231 0 384 ) (-1167 0 384 ) (-1167 0 400 ) 
4 739 888 (-1231 0 448 ) (-1231 0 400 ) (-1167 0 400 ) (-1167 0 448 ) 
4 739 740 (-1231 5 256 ) (-1231 0 256 ) (-1231 0 448 ) (-1231 5 448 ) 
4 740 967 (-1256 0 360 ) (-1256 0 256 ) (-1231 0 256 ) (-1231 0 360 ) 
4 740 920 (-1256 0 384 ) (-1256 0 360 ) (-1231 0 360 ) (-1231 0 384 ) 
4 740 902 (-1256 0 400 ) (-1256 0 384 ) (-1231 0 384 ) (-1231 0 400 ) 
4 740 901 (-1256 0 608 ) (-1256 0 400 ) (-1231 0 400 ) (-1231 0 608 ) 
4 740 881 (-1256 0 640 ) (-1256 0 608 ) (-1231 0 608 ) (-1231 0 640 ) 
4 740 874 (-1256 0 656 ) (-1256 0 640 ) (-1231 0 640 ) (-1231 0 656 ) 
4 740 869 (-1256 0 904 ) (-1256 0 888 ) (-1231 0 888 ) (-1231 0 904 ) 
4 740 868 (-1256 0 1144 ) (-1256 0 904 ) (-1231 0 904 ) (-1231 0 1144 ) 
4 740 873 (-1256 0 888 ) (-1256 0 656 ) (-1231 0 656 ) (-1231 0 888 ) 
4 740 864 (-1256 0 1160 ) (-1256 0 1144 ) (-1231 0 1144 ) (-1231 0 1160 ) 
4 740 863 (-1256 0 1608 ) (-1256 0 1160 ) (-1231 0 1160 ) (-1231 0 1608 ) 
4 740 761 (-1256 208 256 ) (-1231 208 256 ) (-1231 44 256 ) (-1256 44 256 ) 
4 740 745 (-1256 208 384 ) (-1256 208 256 ) (-1256 0 256 ) (-1256 0 384 ) 
4 740 743 (-1256 208 888 ) (-1256 208 656 ) (-1256 0 656 ) (-1256 0 888 ) 
4 740 744 (-1256 208 640 ) (-1256 208 400 ) (-1256 0 400 ) (-1256 0 640 ) 
4 740 742 (-1256 208 1144 ) (-1256 208 904 ) (-1256 0 904 ) (-1256 0 1144 ) 
4 740 741 (-1256 208 1608 ) (-1256 208 1160 ) (-1256 0 1160 ) (-1256 0 1608 ) 
4 741 980 (-1272 0 1608 ) (-1272 0 1160 ) (-1256 0 1160 ) (-1256 0 1608 ) 
4 741 746 (-1272 208 1608 ) (-1272 208 1160 ) (-1272 0 1160 ) (-1272 0 1608 ) 
4 742 981 (-1272 0 1144 ) (-1272 0 904 ) (-1256 0 904 ) (-1256 0 1144 ) 
4 742 746 (-1272 208 1144 ) (-1272 208 904 ) (-1272 0 904 ) (-1272 0 1144 ) 
4 743 982 (-1272 0 888 ) (-1272 0 656 ) (-1256 0 656 ) (-1256 0 888 ) 
4 743 746 (-1272 208 888 ) (-1272 208 656 ) (-1272 0 656 ) (-1272 0 888 ) 
4 744 983 (-1272 0 640 ) (-1272 0 400 ) (-1256 0 400 ) (-1256 0 640 ) 
4 744 746 (-1272 208 640 ) (-1272 208 400 ) (-1272 0 400 ) (-1272 0 640 ) 
4 745 984 (-1272 0 384 ) (-1272 0 256 ) (-1256 0 256 ) (-1256 0 384 ) 
4 745 761 (-1272 208 256 ) (-1256 208 256 ) (-1256 44 256 ) (-1272 44 256 ) 
4 745 746 (-1272 208 384 ) (-1272 208 256 ) (-1272 0 256 ) (-1272 0 384 ) 
4 746 1017 (-1512 0 400 ) (-1512 0 384 ) (-1272 0 384 ) (-1272 0 400 ) 
4 746 1020 (-1512 0 384 ) (-1512 0 256 ) (-1272 0 256 ) (-1272 0 384 ) 
4 746 1013 (-1512 0 656 ) (-1512 0 640 ) (-1272 0 640 ) (-1272 0 656 ) 
4 746 1012 (-1512 0 888 ) (-1512 0 656 ) (-1272 0 656 ) (-1272 0 888 ) 
4 746 1016 (-1512 0 640 ) (-1512 0 400 ) (-1272 0 400 ) (-1272 0 640 ) 
4 746 1009 (-1512 0 904 ) (-1512 0 888 ) (-1272 0 888 ) (-1272 0 904 ) 
4 746 1005 (-1512 0 1160 ) (-1512 0 1144 ) (-1272 0 1144 ) (-1272 0 1160 ) 
4 746 1008 (-1512 0 1144 ) (-1512 0 904 ) (-1272 0 904 ) (-1272 0 1144 ) 
4 746 1004 (-1512 0 1608 ) (-1512 0 1160 ) (-1272 0 1160 ) (-1272 0 1608 ) 
4 746 761 (-1512 208 256 ) (-1272 208 256 ) (-1272 44 256 ) (-1512 44 256 ) 
4 746 750 (-1512 208 640 ) (-1512 208 400 ) (-1512 0 400 ) (-1512 0 640 ) 
4 746 751 (-1512 208 384 ) (-1512 208 256 ) (-1512 0 256 ) (-1512 0 384 ) 
4 746 749 (-1512 208 888 ) (-1512 208 656 ) (-1512 0 656 ) (-1512 0 888 ) 
4 746 747 (-1512 208 1608 ) (-1512 208 1160 ) (-1512 0 1160 ) (-1512 0 1608 ) 
4 746 748 (-1512 208 1144 ) (-1512 208 904 ) (-1512 0 904 ) (-1512 0 1144 ) 
4 747 1040 (-1528 0 1608 ) (-1528 0 1160 ) (-1512 0 1160 ) (-1512 0 1608 ) 
4 747 752 (-1528 208 1608 ) (-1528 208 1160 ) (-1528 0 1160 ) (-1528 0 1608 ) 
4 748 1041 (-1528 0 1144 ) (-1528 0 904 ) (-1512 0 904 ) (-1512 0 1144 ) 
4 748 752 (-1528 208 1144 ) (-1528 208 904 ) (-1528 0 904 ) (-1528 0 1144 ) 
4 749 1042 (-1528 0 888 ) (-1528 0 656 ) (-1512 0 656 ) (-1512 0 888 ) 
4 749 752 (-1528 208 888 ) (-1528 208 656 ) (-1528 0 656 ) (-1528 0 888 ) 
4 750 1043 (-1528 0 640 ) (-1528 0 400 ) (-1512 0 400 ) (-1512 0 640 ) 
4 750 752 (-1528 208 640 ) (-1528 208 400 ) (-1528 0 400 ) (-1528 0 640 ) 
4 751 1044 (-1528 0 384 ) (-1528 0 256 ) (-1512 0 256 ) (-1512 0 384 ) 
4 751 761 (-1528 208 256 ) (-1512 208 256 ) (-1512 44 256 ) (-1528 44 256 ) 
4 751 752 (-1528 208 384 ) (-1528 208 256 ) (-1528 0 256 ) (-1528 0 384 ) 
4 752 1100 (-1768 0 400 ) (-1768 0 384 ) (-1528 0 384 ) (-1528 0 400 ) 
4 752 1104 (-1768 0 384 ) (-1768 0 256 ) (-1528 0 256 ) (-1528 0 384 ) 
4 752 1091 (-1768 0 656 ) (-1768 0 640 ) (-1528 0 640 ) (-1528 0 656 ) 
4 752 1090 (-1768 0 799.479980 ) (-1768 0 656 ) (-1528 0 656 ) (-1528 0 799.479980 ) 
4 752 1094 (-1768 0 640 ) (-1768 0 535.479980 ) (-1528 0 535.479980 ) (-1528 0 640 ) 
4 752 1089 (-1768 0 888 ) (-1768 0 799.479980 ) (-1528 0 799.479980 ) (-1528 0 888 ) 
4 752 1099 (-1768 0 535.479980 ) (-1768 0 400 ) (-1528 0 400 ) (-1528 0 535.479980 ) 
4 752 1085 (-1768 0 904 ) (-1768 0 888 ) (-1528 0 888 ) (-1528 0 904 ) 
4 752 1084 (-1768 0 1144 ) (-1768 0 904 ) (-1528 0 904 ) (-1528 0 1144 ) 
4 752 1078 (-1768 0 1160 ) (-1768 0 1144 ) (-1528 0 1144 ) (-1528 0 1160 ) 
4 752 1077 (-1768 0 1608 ) (-1768 0 1160 ) (-1528 0 1160 ) (-1528 0 1608 ) 
4 752 762 (-1603 0 256 ) (-1768 0 256 ) (-1768 44 256 ) (-1603 44 256 ) 
4 752 761 (-1768 208 256 ) (-1528 208 256 ) (-1528 44 256 ) (-1768 44 256 ) 
4 752 757 (-1768 208 384 ) (-1768 208 256 ) (-1768 0 256 ) (-1768 0 384 ) 
4 752 755 (-1768 208 888 ) (-1768 208 656 ) (-1768 0 656 ) (-1768 0 888 ) 
4 752 756 (-1768 208 640 ) (-1768 208 400 ) (-1768 0 400 ) (-1768 0 640 ) 
4 752 754 (-1768 208 1144 ) (-1768 208 904 ) (-1768 0 904 ) (-1768 0 1144 ) 
4 752 753 (-1768 208 1608 ) (-1768 208 1160 ) (-1768 0 1160 ) (-1768 0 1608 ) 
4 753 1126 (-1784 0 1608 ) (-1784 0 1160 ) (-1768 0 1160 ) (-1768 0 1608 ) 
4 753 758 (-1784 208 1608 ) (-1784 208 1160 ) (-1784 0 1160 ) (-1784 0 1608 ) 
4 754 1127 (-1784 0 1144 ) (-1784 0 904 ) (-1768 0 904 ) (-1768 0 1144 ) 
4 754 758 (-1784 208 1144 ) (-1784 208 904 ) (-1784 0 904 ) (-1784 0 1144 ) 
4 755 1128 (-1784 0 888 ) (-1784 0 656 ) (-1768 0 656 ) (-1768 0 888 ) 
4 755 758 (-1784 208 888 ) (-1784 208 656 ) (-1784 0 656 ) (-1784 0 888 ) 
4 756 1129 (-1784 0 640 ) (-1784 0 400 ) (-1768 0 400 ) (-1768 0 640 ) 
4 756 758 (-1784 208 640 ) (-1784 208 400 ) (-1784 0 400 ) (-1784 0 640 ) 
4 757 1130 (-1784 0 384 ) (-1784 0 256 ) (-1768 0 256 ) (-1768 0 384 ) 
4 757 762 (-1768 44 256 ) (-1768 0 256 ) (-1784 0 256 ) (-1784 44 256 ) 
4 757 761 (-1784 208 256 ) (-1768 208 256 ) (-1768 44 256 ) (-1784 44 256 ) 
4 757 758 (-1784 208 384 ) (-1784 208 256 ) (-1784 0 256 ) (-1784 0 384 ) 
4 758 1209 (-2020 0 256 ) (-1980 0 256 ) (-1980 0 535.479980 ) (-2020 0 535.479980 ) 
4 758 1195 (-1980 0 256 ) (-1784 0 256 ) (-1784 0 535.479980 ) (-1980 0 535.479980 ) 
4 758 1174 (-1784 0 535.479980 ) (-1784 0 663.479980 ) (-2020 0 663.479980 ) (-2020 0 535.479980 ) 
4 758 1163 (-1868 0 815.479980 ) (-2020 0 815.479980 ) (-2020 0 663.479980 ) (-1868 0 663.479980 ) 
4 758 1161 (-1784 0 663.479980 ) (-1784 0 815.479980 ) (-1868 0 815.479980 ) (-1868 0 663.479980 ) 
4 758 1158 (-1784 0 815.479980 ) (-1784 0 1055.479980 ) (-2020 0 1055.479980 ) (-2020 0 815.479980 ) 
4 758 1157 (-1784 0 1055.479980 ) (-1784 0 1608 ) (-2020 0 1608 ) (-2020 0 1055.479980 ) 
4 758 762 (-1784 44 256 ) (-1784 0 256 ) (-2020 0 256 ) (-2020 44 256 ) 
4 758 761 (-2020 208 256 ) (-1784 208 256 ) (-1784 44 256 ) (-2020 44 256 ) 
4 758 760 (-2020 0 663.479980 ) (-2020 0 1608 ) (-2020 27 1608 ) (-2020 27 663.479980 ) 
4 758 759 (-2020 208 256 ) (-2020 27 256 ) (-2020 27 1608 ) (-2020 208 1608 ) 
4 759 848 (-2048 107 1055.479980 ) (-2048 107 256 ) (-2048 27 256 ) (-2048 27 1055.479980 ) 
4 759 847 (-2048 27 1608 ) (-2048 107 1608 ) (-2048 107 1055.479980 ) (-2048 27 1055.479980 ) 
4 759 839 (-2048 107 1608 ) (-2048 171 1608 ) (-2048 171 256 ) (-2048 107 256 ) 
4 759 832 (-2048 171 1608 ) (-2048 208 1608 ) (-2048 208 256 ) (-2048 171 256 ) 
4 759 763 (-2048 27 256 ) (-2048 44 256 ) (-2020 44 256 ) (-2020 27 256 ) 
4 759 761 (-2048 44 256 ) (-2048 208 256 ) (-2020 208 256 ) (-2020 44 256 ) 
4 759 760 (-2020 27 663.479980 ) (-2020 27 1608 ) (-2048 27 1608 ) (-2048 27 663.479980 ) 
4 760 1164 (-2048 0 815.479980 ) (-2048 0 663.479980 ) (-2020 0 663.479980 ) (-2020 0 815.479980 ) 
4 760 1159 (-2048 0 1055.479980 ) (-2048 0 815.479980 ) (-2036 0 815.479980 ) (-2036 0 1055.479980 ) 
4 760 1158 (-2036 0 815.479980 ) (-2020 0 815.479980 ) (-2020 0 1055.479980 ) (-2036 0 1055.479980 ) 
4 760 1157 (-2048 0 1608 ) (-2048 0 1055.479980 ) (-2020 0 1055.479980 ) (-2020 0 1608 ) 
4 760 849 (-2048 0 663.479980 ) (-2048 0 1055.479980 ) (-2048 27 1055.479980 ) (-2048 27 663.479980 ) 
4 760 847 (-2048 0 1055.479980 ) (-2048 0 1608 ) (-2048 27 1608 ) (-2048 27 1055.479980 ) 
4 761 848 (-2048 44 256 ) (-2048 107 256 ) (-2048 107 248 ) (-2048 44 248 ) 
4 761 839 (-2048 107 256 ) (-2048 171 256 ) (-2048 171 248 ) (-2048 107 248 ) 
4 761 832 (-2048 171 256 ) (-2048 208 256 ) (-2048 208 248 ) (-2048 171 248 ) 
4 761 765 (-2048 44 248 ) (-2048 208 248 ) (-2020 208 248 ) (-2020 44 248 ) 
4 761 764 (-2020 208 248 ) (-1024 208 248 ) (-1024 44 248 ) (-2020 44 248 ) 
4 761 763 (-2048 44 248 ) (-2020 44 248 ) (-2020 44 256 ) (-2048 44 256 ) 
4 761 762 (-2020 44 248 ) (-1603 44 248 ) (-1603 44 256 ) (-2020 44 256 ) 
4 762 1209 (-1980 0 256 ) (-2020 0 256 ) (-2020 0 248 ) (-1980 0 248 ) 
4 762 1195 (-1784 0 256 ) (-1980 0 256 ) (-1980 0 248 ) (-1784 0 248 ) 
4 762 1130 (-1768 0 256 ) (-1784 0 256 ) (-1784 0 248 ) (-1768 0 248 ) 
4 762 1119 (-1603 0 256 ) (-1768 0 256 ) (-1768 0 248 ) (-1603 0 248 ) 
4 762 764 (-1603 0 248 ) (-2020 0 248 ) (-2020 44 248 ) (-1603 44 248 ) 
4 762 763 (-2020 44 256 ) (-2020 44 248 ) (-2020 27 248 ) (-2020 27 256 ) 
4 763 848 (-2048 27 256 ) (-2048 44 256 ) (-2048 44 248 ) (-2048 27 248 ) 
4 763 765 (-2048 27 248 ) (-2048 44 248 ) (-2020 44 248 ) (-2020 27 248 ) 
4 764 1211 (-2020 0 159.480011 ) (-2020 0 144 ) (-1980 0 144 ) (-1980 0 159.480011 ) 
4 764 1209 (-1980 0 248 ) (-2020 0 248 ) (-2020 0 159.480011 ) (-1980 0 159.480011 ) 
4 764 1208 (-1980 0 159.240021 ) (-1980 0 144 ) (-1784 0 144 ) (-1784 0 159.240021 ) 
4 764 1195 (-1784 0 248 ) (-1980 0 248 ) (-1980 0 159.240021 ) (-1784 0 159.240021 ) 
4 764 1130 (-1768 0 248 ) (-1784 0 248 ) (-1784 0 144 ) (-1768 0 144 ) 
4 764 1120 (-1528 0 248 ) (-1768 0 248 ) (-1768 0 144 ) (-1528 0 144 ) 
4 764 1046 (-1512 0 248 ) (-1528 0 248 ) (-1528 0 144 ) (-1512 0 144 ) 
4 764 1034 (-1272 0 248 ) (-1512 0 248 ) (-1512 0 144 ) (-1272 0 144 ) 
4 764 986 (-1256 0 248 ) (-1272 0 248 ) (-1272 0 144 ) (-1256 0 144 ) 
4 764 974 (-1024 0 144 ) (-1024 0 248 ) (-1256 0 248 ) (-1256 0 144 ) 
4 764 770 (-1784 0 144 ) (-2020 0 144 ) (-2020 208 144 ) (-1784 208 144 ) 
4 764 768 (-1272 0 144 ) (-1512 0 144 ) (-1512 208 144 ) (-1272 208 144 ) 
4 764 769 (-1528 0 144 ) (-1768 0 144 ) (-1768 208 144 ) (-1528 208 144 ) 
4 764 767 (-1024 0 144 ) (-1256 0 144 ) (-1256 208 144 ) (-1024 208 144 ) 
4 764 766 (-2020 27 144 ) (-2020 0 144 ) (-2020 0 159.480011 ) (-2020 27 159.480011 ) 
4 764 765 (-2020 208 144 ) (-2020 27 144 ) (-2020 27 248 ) (-2020 208 248 ) 
4 765 848 (-2048 27 248 ) (-2048 107 248 ) (-2048 107 144 ) (-2048 27 144 ) 
4 765 846 (-2048 208 160 ) (-2048 208 144 ) (-2048 107 144 ) (-2048 107 160 ) 
4 765 844 (-2048 171 215.480011 ) (-2048 171 160 ) (-2048 107 160 ) (-2048 107 215.480011 ) 
4 765 842 (-2048 171 223.480011 ) (-2048 171 215.480011 ) (-2048 107 215.480011 ) (-2048 107 223.480011 ) 
4 765 839 (-2048 107 248 ) (-2048 171 248 ) (-2048 171 223.480011 ) (-2048 107 223.480011 ) 
4 765 832 (-2048 171 248 ) (-2048 208 248 ) (-2048 208 160 ) (-2048 171 160 ) 
4 765 770 (-2048 27 144 ) (-2048 208 144 ) (-2020 208 144 ) (-2020 27 144 ) 
4 765 766 (-2048 27 144 ) (-2020 27 144 ) (-2020 27 159.480011 ) (-2048 27 159.480011 ) 
4 766 1211 (-2048 0 159.480011 ) (-2048 0 144 ) (-2020 0 144 ) (-2020 0 159.480011 ) 
4 766 850 (-2048 0 144 ) (-2048 0 159.480011 ) (-2048 27 159.480011 ) (-2048 27 144 ) 
4 766 770 (-2020 0 144 ) (-2048 0 144 ) (-2048 27 144 ) (-2020 27 144 ) 
4 767 975 (-1024 0 128 ) (-1024 0 144 ) (-1256 0 144 ) (-1256 0 128 ) 
4 767 771 (-1256 208 128 ) (-1024 208 128 ) (-1024 0 128 ) (-1256 0 128 ) 
4 768 1035 (-1272 0 144 ) (-1512 0 144 ) (-1512 0 128 ) (-1272 0 128 ) 
4 768 771 (-1512 208 128 ) (-1272 208 128 ) (-1272 0 128 ) (-1512 0 128 ) 
4 769 1121 (-1528 0 144 ) (-1768 0 144 ) (-1768 0 128 ) (-1528 0 128 ) 
4 769 771 (-1768 208 128 ) (-1528 208 128 ) (-1528 0 128 ) (-1768 0 128 ) 
4 770 1211 (-1980 0 144 ) (-2048 0 144 ) (-2048 0 128 ) (-1980 0 128 ) 
4 770 1208 (-1784 0 144 ) (-1980 0 144 ) (-1980 0 128 ) (-1784 0 128 ) 
4 770 850 (-2048 0 128 ) (-2048 0 144 ) (-2048 27 144 ) (-2048 27 128 ) 
4 770 848 (-2048 27 144 ) (-2048 107 144 ) (-2048 107 128 ) (-2048 27 128 ) 
4 770 846 (-2048 107 144 ) (-2048 208 144 ) (-2048 208 128 ) (-2048 107 128 ) 
4 770 771 (-2048 0 128 ) (-2048 208 128 ) (-1784 208 128 ) (-1784 0 128 ) 
4 771 1211 (-1980 0 128 ) (-2048 0 128 ) (-2048 0 -632 ) (-1980 0 -632 ) 
4 771 1208 (-1784 0 128 ) (-1980 0 128 ) (-1980 0 -632 ) (-1784 0 -632 ) 
4 771 1131 (-1768 0 128 ) (-1784 0 128 ) (-1784 0 -632 ) (-1768 0 -632 ) 
4 771 1125 (-1528 0 128 ) (-1768 0 128 ) (-1768 0 -632 ) (-1528 0 -632 ) 
4 771 1047 (-1512 0 128 ) (-1528 0 128 ) (-1528 0 -632 ) (-1512 0 -632 ) 
4 771 1039 (-1272 0 128 ) (-1512 0 128 ) (-1512 0 -632 ) (-1272 0 -632 ) 
4 771 987 (-1256 0 128 ) (-1272 0 128 ) (-1272 0 -632 ) (-1256 0 -632 ) 
4 771 979 (-1024 0 -632 ) (-1024 0 128 ) (-1256 0 128 ) (-1256 0 -632 ) 
4 771 850 (-2048 0 -632 ) (-2048 0 128 ) (-2048 27 128 ) (-2048 27 -632 ) 
4 771 848 (-2048 27 128 ) (-2048 107 128 ) (-2048 107 -632 ) (-2048 27 -632 ) 
4 771 846 (-2048 107 128 ) (-2048 208 128 ) (-2048 208 -632 ) (-2048 107 -632 ) 
4 772 773 (-2064 832 -152 ) (-2064 832 -360 ) (-2048 832 -360 ) (-2048 832 -152 ) 
4 773 776 (-2064 820 -360 ) (-2048 820 -360 ) (-2048 820 -192 ) (-2064 820 -192 ) 
4 773 774 (-2048 820 -192 ) (-2048 820 -56 ) (-2064 820 -56 ) (-2064 820 -192 ) 
4 774 776 (-2048 512 -192 ) (-2132 512 -192 ) (-2132 820 -192 ) (-2048 820 -192 ) 
4 775 789 (-2724 512 -192 ) (-2772 512 -192 ) (-2772 724 -192 ) (-2724 724 -192 ) 
4 775 780 (-2772 724 -192 ) (-2772 820 -192 ) (-2724 820 -192 ) (-2724 724 -192 ) 
4 776 777 (-2132 512 -320 ) (-2132 512 -192 ) (-2132 820 -192 ) (-2132 820 -320 ) 
4 777 778 (-2148 512 -320 ) (-2148 512 -192 ) (-2148 820 -192 ) (-2148 820 -320 ) 
4 778 782 (-2244 512 -524 ) (-2244 512 -192 ) (-2244 596 -192 ) (-2244 596 -524 ) 
4 778 781 (-2244 596 -192 ) (-2244 724 -192 ) (-2244 724 -524 ) (-2244 596 -524 ) 
4 778 779 (-2244 724 -192 ) (-2244 820 -192 ) (-2244 820 -524 ) (-2244 724 -524 ) 
4 779 783 (-2364 724 -604 ) (-2364 724 -192 ) (-2376 724 -192 ) (-2376 724 -604 ) 
4 779 781 (-2364 724 -604 ) (-2244 724 -524 ) (-2244 724 -192 ) (-2364 724 -192 ) 
4 779 780 (-2376 724 -604 ) (-2376 724 -192 ) (-2376 820 -192 ) (-2376 820 -604 ) 
4 780 792 (-2868 724 -608 ) (-2868 820 -608 ) (-2724 820 -608 ) (-2724 724 -608 ) 
4 780 791 (-2868 724 -480 ) (-2868 724 -360 ) (-2868 820 -360 ) (-2868 820 -480 ) 
4 780 790 (-2868 724 -360 ) (-2868 724 -192 ) (-2868 820 -192 ) (-2868 820 -360 ) 
4 780 786 (-2724 724 -608 ) (-2652 724 -608 ) (-2652 724 -192 ) (-2724 724 -192 ) 
4 780 785 (-2652 724 -608 ) (-2492 724 -608 ) (-2492 724 -192 ) (-2652 724 -192 ) 
4 780 789 (-2868 724 -192 ) (-2868 724 -608 ) (-2724 724 -608 ) (-2724 724 -192 ) 
4 780 783 (-2492 724 -608 ) (-2376 724 -608 ) (-2376 724 -192 ) (-2492 724 -192 ) 
4 781 783 (-2364 724 -192 ) (-2364 724 -608 ) (-2364 596 -608 ) (-2364 596 -192 ) 
4 781 782 (-2364 596 -192 ) (-2364 596 -444 ) (-2244 596 -524 ) (-2244 596 -192 ) 
4 782 784 (-2364 512 -436 ) (-2364 512 -192 ) (-2364 596 -192 ) (-2364 596 -436 ) 
4 783 785 (-2492 724 -192 ) (-2492 724 -608 ) (-2492 596 -608 ) (-2492 596 -192 ) 
4 783 784 (-2492 596 -192 ) (-2492 596 -436 ) (-2364 596 -436 ) (-2364 596 -192 ) 
4 784 785 (-2492 512 -436 ) (-2492 512 -192 ) (-2492 596 -192 ) (-2492 596 -436 ) 
4 785 787 (-2652 512 -424 ) (-2652 512 -192 ) (-2652 608 -192 ) (-2652 608 -424 ) 
4 785 788 (-2652 608 -608 ) (-2652 512 -608 ) (-2652 512 -536 ) (-2652 608 -536 ) 
4 785 786 (-2652 724 -192 ) (-2652 724 -608 ) (-2652 608 -608 ) (-2652 608 -192 ) 
4 786 787 (-2724 608 -192 ) (-2724 608 -424 ) (-2652 608 -424 ) (-2652 608 -192 ) 
4 786 788 (-2724 608 -536 ) (-2724 608 -608 ) (-2652 608 -608 ) (-2652 608 -536 ) 
4 786 789 (-2724 724 -192 ) (-2724 724 -608 ) (-2724 608 -608 ) (-2724 608 -192 ) 
4 787 793 (-2720 512 -208 ) (-2720 512 -424 ) (-2652 512 -424 ) (-2652 512 -208 ) 
4 787 789 (-2724 512 -424 ) (-2724 512 -192 ) (-2724 608 -192 ) (-2724 608 -424 ) 
4 788 789 (-2724 608 -608 ) (-2724 512 -608 ) (-2724 512 -536 ) (-2724 608 -536 ) 
4 789 792 (-2724 512 -608 ) (-2868 512 -608 ) (-2868 724 -608 ) (-2724 724 -608 ) 
4 789 791 (-2868 512 -480 ) (-2868 512 -360 ) (-2868 724 -360 ) (-2868 724 -480 ) 
4 789 790 (-2868 512 -360 ) (-2868 512 -192 ) (-2868 724 -192 ) (-2868 724 -360 ) 
4 790 1933 (-3072 512 -360 ) (-3072 512 -192 ) (-3072 820 -192 ) (-3072 820 -360 ) 
4 790 791 (-3028 820 -360 ) (-2868 820 -360 ) (-2868 512 -360 ) (-3028 512 -360 ) 
4 793 794 (-2652 504 -424 ) (-2652 504 -208 ) (-2720 504 -208 ) (-2720 504 -424 ) 
4 794 795 (-2652 496 -424 ) (-2652 496 -208 ) (-2720 496 -208 ) (-2720 496 -424 ) 
4 795 825 (-3020 224 128 ) (-3020 224 -632 ) (-2808 224 -632 ) (-2808 224 128 ) 
4 795 824 (-3020 224 384 ) (-3020 224 144 ) (-2808 224 144 ) (-2808 224 384 ) 
4 795 823 (-3020 224 640 ) (-3020 224 400 ) (-2808 224 400 ) (-2808 224 640 ) 
4 795 821 (-3020 224 1144 ) (-3020 224 904 ) (-2808 224 904 ) (-2808 224 1144 ) 
4 795 822 (-3020 224 888 ) (-3020 224 656 ) (-2808 224 656 ) (-2808 224 888 ) 
4 795 820 (-2808 224 1608 ) (-3020 224 1608 ) (-3020 224 1160 ) (-2808 224 1160 ) 
4 795 819 (-2792 224 128 ) (-2792 224 -632 ) (-2552 224 -632 ) (-2552 224 128 ) 
4 795 818 (-2792 224 384 ) (-2792 224 144 ) (-2552 224 144 ) (-2552 224 384 ) 
4 795 817 (-2792 224 640 ) (-2792 224 400 ) (-2552 224 400 ) (-2552 224 640 ) 
4 795 815 (-2792 224 1144 ) (-2792 224 904 ) (-2552 224 904 ) (-2552 224 1144 ) 
4 795 816 (-2792 224 888 ) (-2792 224 656 ) (-2552 224 656 ) (-2552 224 888 ) 
4 795 814 (-2552 224 1608 ) (-2792 224 1608 ) (-2792 224 1160 ) (-2552 224 1160 ) 
4 795 813 (-2536 224 128 ) (-2536 224 -632 ) (-2296 224 -632 ) (-2296 224 128 ) 
4 795 811 (-2536 224 640 ) (-2536 224 400 ) (-2296 224 400 ) (-2296 224 640 ) 
4 795 812 (-2536 224 384 ) (-2536 224 144 ) (-2296 224 144 ) (-2296 224 384 ) 
4 795 810 (-2536 224 888 ) (-2536 224 656 ) (-2296 224 656 ) (-2296 224 888 ) 
4 795 809 (-2536 224 1144 ) (-2536 224 904 ) (-2296 224 904 ) (-2296 224 1144 ) 
4 795 808 (-2296 224 1608 ) (-2536 224 1608 ) (-2536 224 1160 ) (-2296 224 1160 ) 
4 795 807 (-2048 224 -632 ) (-2048 224 128 ) (-2280 224 128 ) (-2280 224 -632 ) 
4 795 806 (-2048 224 144 ) (-2048 224 384 ) (-2280 224 384 ) (-2280 224 144 ) 
4 795 805 (-2048 224 400 ) (-2048 224 640 ) (-2280 224 640 ) (-2280 224 400 ) 
4 795 803 (-2048 224 904 ) (-2048 224 1144 ) (-2280 224 1144 ) (-2280 224 904 ) 
4 795 804 (-2048 224 656 ) (-2048 224 888 ) (-2280 224 888 ) (-2280 224 656 ) 
4 795 802 (-2048 224 1160 ) (-2048 224 1608 ) (-2280 224 1608 ) (-2280 224 1160 ) 
4 795 801 (-3020 224 -632 ) (-3020 224 -360 ) (-3020 248 -360 ) (-3020 248 -632 ) 
4 795 800 (-3020 224 -360 ) (-3020 224 736 ) (-3020 240 736 ) (-3020 240 -360 ) 
4 795 799 (-3020 224 736 ) (-3020 224 1608 ) (-3020 240 1608 ) (-3020 240 736 ) 
4 795 798 (-3020 496 -368 ) (-3020 496 -632 ) (-3020 248 -632 ) (-3020 248 -368 ) 
4 795 797 (-3020 496 -360 ) (-3020 496 -368 ) (-3020 248 -368 ) (-3020 248 -360 ) 
4 796 1934 (-3072 248 -360 ) (-3072 248 1760 ) (-3072 504 1760 ) (-3072 504 -360 ) 
4 797 801 (-3028 248 -368 ) (-3020 248 -368 ) (-3020 248 -360 ) (-3028 248 -360 ) 
4 797 798 (-3020 248 -368 ) (-3028 248 -368 ) (-3028 504 -368 ) (-3020 504 -368 ) 
4 798 1939 (-3072 248 -632 ) (-3072 248 -368 ) (-3072 504 -368 ) (-3072 504 -632 ) 
4 798 801 (-3072 248 -368 ) (-3072 248 -632 ) (-3020 248 -632 ) (-3020 248 -368 ) 
4 799 1945 (-3072 224 736 ) (-3072 224 1608 ) (-3072 240 1608 ) (-3072 240 736 ) 
4 799 827 (-3072 224 1144 ) (-3072 224 904 ) (-3064 224 904 ) (-3064 224 1144 ) 
4 799 828 (-3072 224 888 ) (-3072 224 736 ) (-3064 224 736 ) (-3064 224 888 ) 
4 799 826 (-3072 224 1608 ) (-3072 224 1160 ) (-3064 224 1160 ) (-3064 224 1608 ) 
4 799 821 (-3020 224 904 ) (-3020 224 1144 ) (-3048 224 1144 ) (-3048 224 904 ) 
4 799 822 (-3048 224 736 ) (-3020 224 736 ) (-3020 224 888 ) (-3048 224 888 ) 
4 799 820 (-3020 224 1160 ) (-3020 224 1608 ) (-3048 224 1608 ) (-3048 224 1160 ) 
4 799 800 (-3020 240 736 ) (-3020 224 736 ) (-3072 224 736 ) (-3072 240 736 ) 
4 800 1945 (-3072 224 -360 ) (-3072 224 736 ) (-3072 240 736 ) (-3072 240 -360 ) 
4 800 831 (-3072 224 128 ) (-3072 224 -360 ) (-3064 224 -360 ) (-3064 224 128 ) 
4 800 830 (-3072 224 384 ) (-3072 224 144 ) (-3064 224 144 ) (-3064 224 384 ) 
4 800 829 (-3072 224 640 ) (-3072 224 400 ) (-3064 224 400 ) (-3064 224 640 ) 
4 800 828 (-3072 224 736 ) (-3072 224 656 ) (-3064 224 656 ) (-3064 224 736 ) 
4 800 825 (-3048 224 -360 ) (-3020 224 -360 ) (-3020 224 128 ) (-3048 224 128 ) 
4 800 824 (-3020 224 144 ) (-3020 224 384 ) (-3048 224 384 ) (-3048 224 144 ) 
4 800 823 (-3020 224 400 ) (-3020 224 640 ) (-3048 224 640 ) (-3048 224 400 ) 
4 800 822 (-3020 224 656 ) (-3020 224 736 ) (-3048 224 736 ) (-3048 224 656 ) 
4 800 801 (-3020 240 -360 ) (-3020 224 -360 ) (-3072 224 -360 ) (-3072 240 -360 ) 
4 801 1945 (-3072 224 -632 ) (-3072 224 -360 ) (-3072 240 -360 ) (-3072 240 -632 ) 
4 801 1942 (-3072 248 -368 ) (-3072 248 -632 ) (-3072 240 -632 ) (-3072 240 -368 ) 
4 801 1936 (-3072 240 -360 ) (-3072 248 -360 ) (-3072 248 -368 ) (-3072 240 -368 ) 
4 801 831 (-3072 224 -360 ) (-3072 224 -632 ) (-3064 224 -632 ) (-3064 224 -360 ) 
4 801 825 (-3048 224 -632 ) (-3020 224 -632 ) (-3020 224 -360 ) (-3048 224 -360 ) 
4 802 832 (-2048 208 1160 ) (-2048 208 1608 ) (-2280 208 1608 ) (-2280 208 1160 ) 
4 803 832 (-2048 208 904 ) (-2048 208 1144 ) (-2280 208 1144 ) (-2280 208 904 ) 
4 804 832 (-2048 208 656 ) (-2048 208 888 ) (-2280 208 888 ) (-2280 208 656 ) 
4 805 832 (-2048 208 400 ) (-2048 208 640 ) (-2280 208 640 ) (-2280 208 400 ) 
4 806 846 (-2048 208 144 ) (-2048 208 160 ) (-2280 208 160 ) (-2280 208 144 ) 
4 806 832 (-2048 208 160 ) (-2048 208 384 ) (-2280 208 384 ) (-2280 208 160 ) 
4 807 846 (-2048 208 -632 ) (-2048 208 128 ) (-2280 208 128 ) (-2280 208 -632 ) 
4 808 833 (-2296 208 1160 ) (-2296 208 1608 ) (-2536 208 1608 ) (-2536 208 1160 ) 
4 809 833 (-2296 208 904 ) (-2296 208 1144 ) (-2536 208 1144 ) (-2536 208 904 ) 
4 810 833 (-2296 208 656 ) (-2296 208 888 ) (-2536 208 888 ) (-2536 208 656 ) 
4 811 833 (-2296 208 400 ) (-2296 208 640 ) (-2536 208 640 ) (-2536 208 400 ) 
4 812 846 (-2296 208 144 ) (-2296 208 160 ) (-2536 208 160 ) (-2536 208 144 ) 
4 812 833 (-2296 208 160 ) (-2296 208 384 ) (-2536 208 384 ) (-2536 208 160 ) 
4 813 846 (-2296 208 -632 ) (-2296 208 128 ) (-2536 208 128 ) (-2536 208 -632 ) 
4 814 835 (-2604 208 1608 ) (-2792 208 1608 ) (-2792 208 1160 ) (-2604 208 1160 ) 
4 814 833 (-2552 208 1160 ) (-2552 208 1608 ) (-2604 208 1608 ) (-2604 208 1160 ) 
4 815 835 (-2604 208 1144 ) (-2792 208 1144 ) (-2792 208 904 ) (-2604 208 904 ) 
4 815 833 (-2552 208 904 ) (-2552 208 1144 ) (-2604 208 1144 ) (-2604 208 904 ) 
4 816 835 (-2604 208 888 ) (-2792 208 888 ) (-2792 208 656 ) (-2604 208 656 ) 
4 816 833 (-2552 208 656 ) (-2552 208 888 ) (-2604 208 888 ) (-2604 208 656 ) 
4 817 835 (-2604 208 640 ) (-2792 208 640 ) (-2792 208 400 ) (-2604 208 400 ) 
4 817 833 (-2552 208 400 ) (-2552 208 640 ) (-2604 208 640 ) (-2604 208 400 ) 
4 818 846 (-2552 208 144 ) (-2552 208 160 ) (-2792 208 160 ) (-2792 208 144 ) 
4 818 835 (-2604 208 384 ) (-2792 208 384 ) (-2792 208 160 ) (-2604 208 160 ) 
4 818 833 (-2552 208 160 ) (-2552 208 384 ) (-2604 208 384 ) (-2604 208 160 ) 
4 819 846 (-2552 208 -632 ) (-2552 208 128 ) (-2792 208 128 ) (-2792 208 -632 ) 
4 820 835 (-2808 208 1160 ) (-2808 208 1608 ) (-3048 208 1608 ) (-3048 208 1160 ) 
4 821 835 (-2808 208 904 ) (-2808 208 1144 ) (-3048 208 1144 ) (-3048 208 904 ) 
4 822 835 (-2808 208 656 ) (-2808 208 888 ) (-3048 208 888 ) (-3048 208 656 ) 
4 823 835 (-2808 208 400 ) (-2808 208 640 ) (-3048 208 640 ) (-3048 208 400 ) 
4 824 846 (-2808 208 144 ) (-2808 208 160 ) (-3048 208 160 ) (-3048 208 144 ) 
4 824 835 (-2808 208 160 ) (-2808 208 384 ) (-3048 208 384 ) (-3048 208 160 ) 
4 825 846 (-2808 208 -632 ) (-2808 208 128 ) (-3048 208 128 ) (-3048 208 -632 ) 
4 826 1950 (-3072 208 1160 ) (-3072 208 1608 ) (-3072 224 1608 ) (-3072 224 1160 ) 
4 826 835 (-3064 208 1160 ) (-3064 208 1608 ) (-3072 208 1608 ) (-3072 208 1160 ) 
4 827 1951 (-3072 208 904 ) (-3072 208 1144 ) (-3072 224 1144 ) (-3072 224 904 ) 
4 827 835 (-3064 208 904 ) (-3064 208 1144 ) (-3072 208 1144 ) (-3072 208 904 ) 
4 828 1952 (-3072 208 656 ) (-3072 208 888 ) (-3072 224 888 ) (-3072 224 656 ) 
4 828 835 (-3064 208 656 ) (-3064 208 888 ) (-3072 208 888 ) (-3072 208 656 ) 
4 829 1953 (-3072 208 400 ) (-3072 208 640 ) (-3072 224 640 ) (-3072 224 400 ) 
4 829 835 (-3064 208 400 ) (-3064 208 640 ) (-3072 208 640 ) (-3072 208 400 ) 
4 830 1954 (-3072 208 144 ) (-3072 208 384 ) (-3072 224 384 ) (-3072 224 144 ) 
4 830 846 (-3064 208 144 ) (-3064 208 160 ) (-3072 208 160 ) (-3072 208 144 ) 
4 830 835 (-3064 208 160 ) (-3064 208 384 ) (-3072 208 384 ) (-3072 208 160 ) 
4 831 1955 (-3072 208 -632 ) (-3072 208 128 ) (-3072 224 128 ) (-3072 224 -632 ) 
4 831 846 (-3064 208 -632 ) (-3064 208 128 ) (-3072 208 128 ) (-3072 208 -632 ) 
4 832 846 (-2284 208 160 ) (-2048 208 160 ) (-2048 171 160 ) (-2284 171 160 ) 
4 832 844 (-2284 171 160 ) (-2048 171 160 ) (-2048 171 215.480011 ) (-2284 171 215.480011 ) 
4 832 842 (-2048 171 215.480011 ) (-2048 171 223.480011 ) (-2284 171 223.480011 ) (-2284 171 215.480011 ) 
4 832 839 (-2048 171 223.480011 ) (-2048 171 1608 ) (-2284 171 1608 ) (-2284 171 223.480011 ) 
4 832 834 (-2284 171 1055.479980 ) (-2284 171 1608 ) (-2284 187 1608 ) (-2284 187 1055.479980 ) 
4 832 833 (-2284 208 160 ) (-2284 187 160 ) (-2284 187 1608 ) (-2284 208 1608 ) 
4 833 846 (-2604 208 160 ) (-2284 208 160 ) (-2284 187 160 ) (-2604 187 160 ) 
4 833 837 (-2604 192 160 ) (-2604 187 160 ) (-2604 187 663 ) (-2604 192 663 ) 
4 833 836 (-2604 187 663 ) (-2604 187 1608 ) (-2604 192 1608 ) (-2604 192 663 ) 
4 833 835 (-2604 208 160 ) (-2604 192 160 ) (-2604 192 1608 ) (-2604 208 1608 ) 
4 833 834 (-2604 187 1608 ) (-2604 187 1055.479980 ) (-2284 187 1055.479980 ) (-2284 187 1608 ) 
4 834 840 (-2284 171 1055.479980 ) (-2284 171 1608 ) (-2604 171 1608 ) (-2604 171 1055.479980 ) 
4 834 838 (-2604 171 1055.479980 ) (-2604 171 1608 ) (-2604 187 1608 ) (-2604 187 1055.479980 ) 
4 835 1959 (-3072 192 1608 ) (-3072 208 1608 ) (-3072 208 160 ) (-3072 192 160 ) 
4 835 846 (-3072 192 160 ) (-3072 208 160 ) (-2604 208 160 ) (-2604 192 160 ) 
4 835 837 (-3072 192 160 ) (-2604 192 160 ) (-2604 192 663 ) (-3072 192 663 ) 
4 835 836 (-2604 192 663 ) (-2604 192 1608 ) (-3072 192 1608 ) (-3072 192 663 ) 
4 836 1960 (-3072 187 1608 ) (-3072 192 1608 ) (-3072 192 663 ) (-3072 187 663 ) 
4 836 838 (-2604 187 663 ) (-2604 187 1608 ) (-3072 187 1608 ) (-3072 187 663 ) 
4 836 837 (-2604 187 663 ) (-3072 187 663 ) (-3072 192 663 ) (-2604 192 663 ) 
4 837 1961 (-3072 192 663 ) (-3072 192 160 ) (-3072 187 160 ) (-3072 187 663 ) 
4 837 846 (-3072 187 160 ) (-3072 192 160 ) (-2604 192 160 ) (-2604 187 160 ) 
4 837 838 (-3072 187 160 ) (-2604 187 160 ) (-2604 187 663 ) (-3072 187 663 ) 
4 838 1963 (-3072 171 1608 ) (-3072 187 1608 ) (-3072 187 160 ) (-3072 171 160 ) 
4 838 846 (-3072 171 160 ) (-3072 187 160 ) (-2604 187 160 ) (-2604 171 160 ) 
4 838 845 (-3072 171 160 ) (-2604 171 160 ) (-2604 171 215.480011 ) (-3072 171 215.480011 ) 
4 838 843 (-2604 171 215.480011 ) (-2604 171 223.480011 ) (-2620 171 223.480011 ) (-2620 171 215.480011 ) 
4 838 841 (-2604 171 223.480011 ) (-2604 171 1608 ) (-3072 171 1608 ) (-3072 171 223.480011 ) 
4 839 848 (-2284 107 223.480011 ) (-2048 107 223.480011 ) (-2048 107 1055.479980 ) (-2284 107 1055.479980 ) 
4 839 847 (-2048 107 1055.479980 ) (-2048 107 1608 ) (-2284 107 1608 ) (-2284 107 1055.479980 ) 
4 839 842 (-2048 107 223.480011 ) (-2284 107 223.480011 ) (-2284 171 223.480011 ) (-2048 171 223.480011 ) 
4 839 840 (-2284 171 1608 ) (-2284 171 1055.479980 ) (-2284 107 1055.479980 ) (-2284 107 1608 ) 
4 840 847 (-2284 107 1055.479980 ) (-2284 107 1608 ) (-2604 107 1608 ) (-2604 107 1055.479980 ) 
4 840 841 (-2604 171 1608 ) (-2604 171 1055.479980 ) (-2604 107 1055.479980 ) (-2604 107 1608 ) 
4 841 1967 (-3072 107 223.480011 ) (-3072 107 479.480042 ) (-3072 171 479.480042 ) (-3072 171 223.480011 ) 
4 841 1964 (-3072 107 479.480042 ) (-3072 107 1608 ) (-3072 171 1608 ) (-3072 171 479.480042 ) 
4 841 861 (-3068 107 223.480011 ) (-3004 107 223.480011 ) (-3004 107 1055.479980 ) (-3068 107 1055.479980 ) 
4 841 859 (-3004 107 223.480011 ) (-2988 107 223.480011 ) (-2988 107 1055.479980 ) (-3004 107 1055.479980 ) 
4 841 862 (-3072 107 1055.479980 ) (-3072 107 223.480011 ) (-3068 107 223.480011 ) (-3068 107 1055.479980 ) 
4 841 856 (-2988 107 223.480011 ) (-2700 107 223.480011 ) (-2700 107 1055.479980 ) (-2988 107 1055.479980 ) 
4 841 853 (-2684 107 223.480011 ) (-2620 107 223.480011 ) (-2620 107 1055.479980 ) (-2684 107 1055.479980 ) 
4 841 855 (-2700 107 223.480011 ) (-2684 107 223.480011 ) (-2684 107 1055.479980 ) (-2700 107 1055.479980 ) 
4 841 852 (-2620 107 223.480011 ) (-2604 107 223.480011 ) (-2604 107 1055.479980 ) (-2620 107 1055.479980 ) 
4 841 847 (-3072 107 1608 ) (-3072 107 1055.479980 ) (-2604 107 1055.479980 ) (-2604 107 1608 ) 
4 841 843 (-2604 107 223.480011 ) (-2620 107 223.480011 ) (-2620 171 223.480011 ) (-2604 171 223.480011 ) 
4 842 848 (-2284 107 215.480011 ) (-2048 107 215.480011 ) (-2048 107 223.480011 ) (-2284 107 223.480011 ) 
4 842 844 (-2048 107 215.480011 ) (-2284 107 215.480011 ) (-2284 171 215.480011 ) (-2048 171 215.480011 ) 
4 843 852 (-2620 107 215.480011 ) (-2604 107 215.480011 ) (-2604 107 223.480011 ) (-2620 107 223.480011 ) 
4 843 845 (-2604 107 215.480011 ) (-2620 107 215.480011 ) (-2620 171 215.480011 ) (-2604 171 215.480011 ) 
4 844 848 (-2284 107 160 ) (-2048 107 160 ) (-2048 107 215.480011 ) (-2284 107 215.480011 ) 
4 844 846 (-2048 107 160 ) (-2284 107 160 ) (-2284 171 160 ) (-2048 171 160 ) 
4 845 1968 (-3072 107 160 ) (-3072 107 215.480011 ) (-3072 171 215.480011 ) (-3072 171 160 ) 
4 845 860 (-3068 107 160 ) (-3004 107 160 ) (-3004 107 215.480011 ) (-3068 107 215.480011 ) 
4 845 859 (-3004 107 160 ) (-2988 107 160 ) (-2988 107 215.480011 ) (-3004 107 215.480011 ) 
4 845 862 (-3072 107 215.480011 ) (-3072 107 160 ) (-3068 107 160 ) (-3068 107 215.480011 ) 
4 845 856 (-2988 107 160 ) (-2700 107 160 ) (-2700 107 215.480011 ) (-2988 107 215.480011 ) 
4 845 854 (-2684 107 160 ) (-2620 107 160 ) (-2620 107 215.480011 ) (-2684 107 215.480011 ) 
4 845 855 (-2700 107 160 ) (-2684 107 160 ) (-2684 107 215.480011 ) (-2700 107 215.480011 ) 
4 845 852 (-2620 107 160 ) (-2604 107 160 ) (-2604 107 215.480011 ) (-2620 107 215.480011 ) 
4 845 846 (-2604 107 160 ) (-3072 107 160 ) (-3072 171 160 ) (-2604 171 160 ) 
4 846 2026 (-3072 107 -632 ) (-3072 107 144 ) (-3072 208 144 ) (-3072 208 -632 ) 
4 846 1968 (-3072 107 144 ) (-3072 107 160 ) (-3072 171 160 ) (-3072 171 144 ) 
4 846 1962 (-3072 187 160 ) (-3072 192 160 ) (-3072 192 144 ) (-3072 187 144 ) 
4 846 1959 (-3072 192 160 ) (-3072 208 160 ) (-3072 208 144 ) (-3072 192 144 ) 
4 846 1963 (-3072 171 160 ) (-3072 187 160 ) (-3072 187 144 ) (-3072 171 144 ) 
4 846 860 (-3068 107 -632 ) (-3004 107 -632 ) (-3004 107 160 ) (-3068 107 160 ) 
4 846 859 (-3004 107 -632 ) (-2988 107 -632 ) (-2988 107 160 ) (-3004 107 160 ) 
4 846 862 (-3072 107 160 ) (-3072 107 -632 ) (-3068 107 -632 ) (-3068 107 160 ) 
4 846 856 (-2988 107 -632 ) (-2700 107 -632 ) (-2700 107 160 ) (-2988 107 160 ) 
4 846 854 (-2684 107 -632 ) (-2620 107 -632 ) (-2620 107 160 ) (-2684 107 160 ) 
4 846 855 (-2700 107 -632 ) (-2684 107 -632 ) (-2684 107 160 ) (-2700 107 160 ) 
4 846 851 (-2604 107 -632 ) (-2284 107 -632 ) (-2284 107 160 ) (-2604 107 160 ) 
4 846 852 (-2620 107 -632 ) (-2604 107 -632 ) (-2604 107 160 ) (-2620 107 160 ) 
4 846 848 (-2284 107 -632 ) (-2048 107 -632 ) (-2048 107 160 ) (-2284 107 160 ) 
4 847 1964 (-3072 0 1055.479980 ) (-3072 0 1608 ) (-3072 107 1608 ) (-3072 107 1055.479980 ) 
4 847 1223 (-3072 0 1608 ) (-3072 0 1055.479980 ) (-2048 0 1055.479980 ) (-2048 0 1608 ) 
4 847 861 (-3004 0 1055.479980 ) (-3068 0 1055.479980 ) (-3068 107 1055.479980 ) (-3004 107 1055.479980 ) 
4 847 859 (-2988 0 1055.479980 ) (-3004 0 1055.479980 ) (-3004 107 1055.479980 ) (-2988 107 1055.479980 ) 
4 847 862 (-3068 0 1055.479980 ) (-3072 0 1055.479980 ) (-3072 107 1055.479980 ) (-3068 107 1055.479980 ) 
4 847 856 (-2988 91 1055.479980 ) (-2988 107 1055.479980 ) (-2700 107 1055.479980 ) (-2700 91 1055.479980 ) 
4 847 853 (-2620 0 1055.479980 ) (-2684 0 1055.479980 ) (-2684 107 1055.479980 ) (-2620 107 1055.479980 ) 
4 847 855 (-2684 0 1055.479980 ) (-2700 0 1055.479980 ) (-2700 107 1055.479980 ) (-2684 107 1055.479980 ) 
4 847 852 (-2604 0 1055.479980 ) (-2620 0 1055.479980 ) (-2620 107 1055.479980 ) (-2604 107 1055.479980 ) 
4 847 849 (-2048 0 1055.479980 ) (-2284 0 1055.479980 ) (-2284 27 1055.479980 ) (-2048 27 1055.479980 ) 
4 847 848 (-2284 27 1055.479980 ) (-2284 107 1055.479980 ) (-2048 107 1055.479980 ) (-2048 27 1055.479980 ) 
4 848 851 (-2284 107 160 ) (-2284 107 -632 ) (-2284 27 -632 ) (-2284 27 160 ) 
4 848 849 (-2284 27 1055.479980 ) (-2284 27 663.479980 ) (-2048 27 663.479980 ) (-2048 27 1055.479980 ) 
4 848 850 (-2284 27 159.480011 ) (-2284 27 -632 ) (-2048 27 -632 ) (-2048 27 159.480011 ) 
4 849 1224 (-2048 0 663.479980 ) (-2048 0 1055.479980 ) (-2284 0 1055.479980 ) (-2284 0 663.479980 ) 
4 850 1250 (-2048 0 -632 ) (-2048 0 159.480011 ) (-2284 0 159.480011 ) (-2284 0 -632 ) 
4 850 851 (-2284 27 159.480011 ) (-2284 27 -632 ) (-2284 0 -632 ) (-2284 0 159.480011 ) 
4 851 1268 (-2404 0 160 ) (-2604 0 160 ) (-2604 0 -56.520000 ) (-2404 0 -56.520000 ) 
4 851 1276 (-2604 0 -56.520000 ) (-2604 0 -632 ) (-2404 0 -632 ) (-2404 0 -56.520000 ) 
4 851 1257 (-2284 0 -632 ) (-2284 0 160 ) (-2404 0 160 ) (-2404 0 -632 ) 
4 851 852 (-2604 107 -632 ) (-2604 0 -632 ) (-2604 0 160 ) (-2604 107 160 ) 
4 852 1265 (-2620 0 223.480011 ) (-2620 0 160 ) (-2604 0 160 ) (-2604 0 223.480011 ) 
4 852 1261 (-2604 0 1055.479980 ) (-2620 0 1055.479980 ) (-2620 0 223.480011 ) (-2604 0 223.480011 ) 
4 852 1268 (-2620 0 160 ) (-2620 0 -56.520000 ) (-2604 0 -56.520000 ) (-2604 0 160 ) 
4 852 1276 (-2620 0 -56.520000 ) (-2620 0 -632 ) (-2604 0 -632 ) (-2604 0 -56.520000 ) 
4 852 853 (-2620 0 223.480011 ) (-2620 0 1055.479980 ) (-2620 107 1055.479980 ) (-2620 107 223.480011 ) 
4 852 854 (-2620 107 -632 ) (-2620 0 -632 ) (-2620 0 215.480011 ) (-2620 107 215.480011 ) 
4 853 1261 (-2620 0 1055.479980 ) (-2684 0 1055.479980 ) (-2684 0 223.480011 ) (-2620 0 223.480011 ) 
4 853 855 (-2684 0 223.480011 ) (-2684 0 1055.479980 ) (-2684 107 1055.479980 ) (-2684 107 223.480011 ) 
4 854 1266 (-2684 0 215.480011 ) (-2684 0 160 ) (-2620 0 160 ) (-2620 0 215.480011 ) 
4 854 1268 (-2684 0 160 ) (-2684 0 -56.520000 ) (-2620 0 -56.520000 ) (-2620 0 160 ) 
4 854 1276 (-2684 0 -56.520000 ) (-2684 0 -632 ) (-2620 0 -632 ) (-2620 0 -56.520000 ) 
4 854 855 (-2684 107 -632 ) (-2684 0 -632 ) (-2684 0 215.480011 ) (-2684 107 215.480011 ) 
4 855 1267 (-2700 0 223.480011 ) (-2700 0 160 ) (-2684 0 160 ) (-2684 0 223.480011 ) 
4 855 1261 (-2684 0 1055.479980 ) (-2700 0 1055.479980 ) (-2700 0 223.480011 ) (-2684 0 223.480011 ) 
4 855 1268 (-2700 0 160 ) (-2700 0 -56.520000 ) (-2684 0 -56.520000 ) (-2684 0 160 ) 
4 855 1276 (-2700 0 -56.520000 ) (-2700 0 -632 ) (-2684 0 -632 ) (-2684 0 -56.520000 ) 
4 855 857 (-2700 0 279.480042 ) (-2700 0 607.479980 ) (-2700 91 607.479980 ) (-2700 91 279.480042 ) 
4 855 858 (-2700 0 -632 ) (-2700 0 -56.520000 ) (-2700 91 -56.520000 ) (-2700 91 -632 ) 
4 855 856 (-2700 91 1055.479980 ) (-2700 107 1055.479980 ) (-2700 107 -632 ) (-2700 91 -632 ) 
4 856 859 (-2988 91 1055.479980 ) (-2988 107 1055.479980 ) (-2988 107 -632 ) (-2988 91 -632 ) 
4 856 857 (-2988 91 607.479980 ) (-2988 91 279.480042 ) (-2700 91 279.480042 ) (-2700 91 607.479980 ) 
4 856 858 (-2988 91 -56.520000 ) (-2988 91 -632 ) (-2700 91 -632 ) (-2700 91 -56.520000 ) 
4 857 1269 (-2700 0 279.480042 ) (-2700 0 607.479980 ) (-2988 0 607.479980 ) (-2988 0 279.480042 ) 
4 857 859 (-2988 91 607.479980 ) (-2988 91 279.480042 ) (-2988 0 279.480042 ) (-2988 0 607.479980 ) 
4 858 1276 (-2700 0 -632 ) (-2700 0 -56.520000 ) (-2988 0 -56.520000 ) (-2988 0 -632 ) 
4 858 859 (-2988 91 -56.520000 ) (-2988 91 -632 ) (-2988 0 -632 ) (-2988 0 -56.520000 ) 
4 859 1271 (-2988 0 -56.520000 ) (-2988 0 1055.479980 ) (-3004 0 1055.479980 ) (-3004 0 -56.520000 ) 
4 859 1276 (-3004 0 -632 ) (-2988 0 -632 ) (-2988 0 -56.520000 ) (-3004 0 -56.520000 ) 
4 859 861 (-3004 0 294.813416 ) (-3004 0 1055.479980 ) (-3004 107 1055.479980 ) (-3004 107 223.479980 ) 
4 859 860 (-3004 107 -632 ) (-3004 0 -632 ) (-3004 0 286.813416 ) (-3004 107 215.480042 ) 
4 860 1272 (-3004 0 -56.520000 ) (-3004 0 286.813416 ) (-3068 0 286.813416 ) (-3068 0 -56.520000 ) 
4 860 1276 (-3068 0 -632 ) (-3004 0 -632 ) (-3004 0 -56.520000 ) (-3068 0 -56.520000 ) 
4 860 862 (-3068 107 -632 ) (-3068 0 -632 ) (-3068 0 286.813416 ) (-3068 107 215.480042 ) 
4 861 1273 (-3004 0 294.813416 ) (-3004 0 1055.479980 ) (-3068 0 1055.479980 ) (-3068 0 294.813354 ) 
4 861 862 (-3068 0 294.813416 ) (-3068 0 1055.479980 ) (-3068 107 1055.479980 ) (-3068 107 223.479980 ) 
4 862 2026 (-3072 0 -632 ) (-3072 0 144 ) (-3072 107 144 ) (-3072 107 -632 ) 
4 862 1969 (-3072 0 144 ) (-3072 0 479.480042 ) (-3072 107 479.480042 ) (-3072 107 144 ) 
4 862 1964 (-3072 0 479.480042 ) (-3072 0 1055.479980 ) (-3072 107 1055.479980 ) (-3072 107 479.480042 ) 
4 862 1277 (-3072 0 1055.479980 ) (-3072 0 -632 ) (-3068 0 -632 ) (-3068 0 1055.479980 ) 
4 863 1532 (-1024 -1024 1160 ) (-1024 -1024 1608 ) (-1256 -1024 1608 ) (-1256 -1024 1160 ) 
4 863 1003 (-1256 -560 1160 ) (-1256 -1024 1160 ) (-1256 -1024 1608 ) (-1256 -560 1608 ) 
4 863 994 (-1256 -304 1160 ) (-1256 -544 1160 ) (-1256 -544 1608 ) (-1256 -304 1608 ) 
4 863 988 (-1256 -48 1160 ) (-1256 -288 1160 ) (-1256 -288 1608 ) (-1256 -48 1608 ) 
4 863 980 (-1256 0 1608 ) (-1256 0 1160 ) (-1256 -32 1160 ) (-1256 -32 1608 ) 
4 863 867 (-1024 -1024 1160 ) (-1256 -1024 1160 ) (-1256 -560 1160 ) (-1024 -560 1160 ) 
4 863 865 (-1256 -288 1160 ) (-1256 -48 1160 ) (-1024 -48 1160 ) (-1024 -288 1160 ) 
4 863 866 (-1256 -544 1160 ) (-1256 -304 1160 ) (-1024 -304 1160 ) (-1024 -544 1160 ) 
4 863 864 (-1256 -32 1160 ) (-1256 0 1160 ) (-1024 0 1160 ) (-1024 -32 1160 ) 
4 864 868 (-1256 -32 1144 ) (-1256 0 1144 ) (-1024 0 1144 ) (-1024 -32 1144 ) 
4 865 868 (-1256 -288 1144 ) (-1256 -48 1144 ) (-1024 -48 1144 ) (-1024 -288 1144 ) 
4 866 868 (-1256 -544 1144 ) (-1256 -304 1144 ) (-1024 -304 1144 ) (-1024 -544 1144 ) 
4 867 1532 (-1024 -1024 1144 ) (-1024 -1024 1160 ) (-1256 -1024 1160 ) (-1256 -1024 1144 ) 
4 867 1003 (-1256 -560 1144 ) (-1256 -1024 1144 ) (-1256 -1024 1160 ) (-1256 -560 1160 ) 
4 867 868 (-1256 -1024 1144 ) (-1256 -560 1144 ) (-1024 -560 1144 ) (-1024 -1024 1144 ) 
4 868 1532 (-1024 -1024 904 ) (-1024 -1024 1144 ) (-1256 -1024 1144 ) (-1256 -1024 904 ) 
4 868 1003 (-1256 -560 904 ) (-1256 -1024 904 ) (-1256 -1024 1144 ) (-1256 -560 1144 ) 
4 868 995 (-1256 -304 904 ) (-1256 -544 904 ) (-1256 -544 1144 ) (-1256 -304 1144 ) 
4 868 989 (-1256 -48 904 ) (-1256 -288 904 ) (-1256 -288 1144 ) (-1256 -48 1144 ) 
4 868 981 (-1256 0 1144 ) (-1256 0 904 ) (-1256 -32 904 ) (-1256 -32 1144 ) 
4 868 872 (-1024 -1024 904 ) (-1256 -1024 904 ) (-1256 -560 904 ) (-1024 -560 904 ) 
4 868 870 (-1256 -288 904 ) (-1256 -48 904 ) (-1024 -48 904 ) (-1024 -288 904 ) 
4 868 871 (-1256 -544 904 ) (-1256 -304 904 ) (-1024 -304 904 ) (-1024 -544 904 ) 
4 868 869 (-1256 -32 904 ) (-1256 0 904 ) (-1024 0 904 ) (-1024 -32 904 ) 
4 869 873 (-1256 -32 888 ) (-1256 0 888 ) (-1024 0 888 ) (-1024 -32 888 ) 
4 870 873 (-1256 -288 888 ) (-1256 -48 888 ) (-1024 -48 888 ) (-1024 -288 888 ) 
4 871 873 (-1256 -544 888 ) (-1256 -304 888 ) (-1024 -304 888 ) (-1024 -544 888 ) 
4 872 1536 (-1024 -1024 888 ) (-1024 -1024 904 ) (-1256 -1024 904 ) (-1256 -1024 888 ) 
4 872 1003 (-1256 -560 888 ) (-1256 -1024 888 ) (-1256 -1024 904 ) (-1256 -560 904 ) 
4 872 873 (-1256 -1024 888 ) (-1256 -560 888 ) (-1024 -560 888 ) (-1024 -1024 888 ) 
4 873 1538 (-1024 -1024 656 ) (-1024 -1024 888 ) (-1256 -1024 888 ) (-1256 -1024 656 ) 
4 873 1003 (-1256 -560 656 ) (-1256 -1024 656 ) (-1256 -1024 888 ) (-1256 -560 888 ) 
4 873 996 (-1256 -304 656 ) (-1256 -544 656 ) (-1256 -544 888 ) (-1256 -304 888 ) 
4 873 990 (-1256 -48 656 ) (-1256 -288 656 ) (-1256 -288 888 ) (-1256 -48 888 ) 
4 873 982 (-1256 0 888 ) (-1256 0 656 ) (-1256 -32 656 ) (-1256 -32 888 ) 
4 873 877 (-1024 -1024 656 ) (-1256 -1024 656 ) (-1256 -560 656 ) (-1024 -560 656 ) 
4 873 875 (-1256 -288 656 ) (-1256 -48 656 ) (-1024 -48 656 ) (-1024 -288 656 ) 
4 873 876 (-1256 -544 656 ) (-1256 -304 656 ) (-1024 -304 656 ) (-1024 -544 656 ) 
4 873 874 (-1256 -32 656 ) (-1256 0 656 ) (-1024 0 656 ) (-1024 -32 656 ) 
4 874 878 (-1168 0 640 ) (-1024 0 640 ) (-1024 -32 640 ) (-1168 -32 640 ) 
4 874 881 (-1256 -32 640 ) (-1256 0 640 ) (-1168 0 640 ) (-1168 -32 640 ) 
4 875 878 (-1168 -48 640 ) (-1024 -48 640 ) (-1024 -288 640 ) (-1168 -288 640 ) 
4 875 881 (-1256 -288 640 ) (-1256 -48 640 ) (-1168 -48 640 ) (-1168 -288 640 ) 
4 876 878 (-1168 -304 640 ) (-1024 -304 640 ) (-1024 -544 640 ) (-1168 -544 640 ) 
4 876 881 (-1256 -544 640 ) (-1256 -304 640 ) (-1168 -304 640 ) (-1168 -544 640 ) 
4 877 1538 (-1024 -1024 640 ) (-1024 -1024 656 ) (-1256 -1024 656 ) (-1256 -1024 640 ) 
4 877 1003 (-1256 -560 640 ) (-1256 -1024 640 ) (-1256 -1024 656 ) (-1256 -560 656 ) 
4 877 879 (-1024 -720 640 ) (-1024 -984 640 ) (-1168 -984 640 ) (-1168 -720 640 ) 
4 877 878 (-1168 -560 640 ) (-1024 -560 640 ) (-1024 -720 640 ) (-1168 -720 640 ) 
4 877 880 (-1024 -984 640 ) (-1024 -1024 640 ) (-1168 -1024 640 ) (-1168 -984 640 ) 
4 877 881 (-1256 -1024 640 ) (-1256 -560 640 ) (-1168 -560 640 ) (-1168 -1024 640 ) 
4 878 899 (-1168 -79 608 ) (-1168 -67 608 ) (-1167 -67 608 ) (-1167 -79 608 ) 
4 878 900 (-1168 -712 608 ) (-1168 -79 608 ) (-1167 -79 608 ) (-1167 -712 608 ) 
4 878 897 (-1168 -67 608 ) (-1168 -55 608 ) (-1167 -55 608 ) (-1167 -67 608 ) 
4 878 895 (-1168 -55 608 ) (-1168 -43 608 ) (-1167 -43 608 ) (-1167 -55 608 ) 
4 878 893 (-1168 -43 608 ) (-1168 -31 608 ) (-1167 -31 608 ) (-1167 -43 608 ) 
4 878 891 (-1168 -31 608 ) (-1168 -19 608 ) (-1167 -19 608 ) (-1167 -31 608 ) 
4 878 889 (-1168 -19 608 ) (-1168 -7 608 ) (-1167 -7 608 ) (-1167 -19 608 ) 
4 878 887 (-1168 -7 608 ) (-1168 0 608 ) (-1167 0 608 ) (-1167 -7 608 ) 
4 878 883 (-1024 -367 608 ) (-1024 -431 608 ) (-1148 -431 608 ) (-1148 -367 608 ) 
4 878 882 (-1148 0 608 ) (-1024 0 608 ) (-1024 -367 608 ) (-1148 -367 608 ) 
4 878 885 (-1024 -431 608 ) (-1024 -712 608 ) (-1148 -712 608 ) (-1148 -431 608 ) 
4 878 886 (-1167 0 608 ) (-1148 0 608 ) (-1148 -712 608 ) (-1167 -712 608 ) 
4 878 879 (-1168 -720 640 ) (-1168 -720 616 ) (-1024 -720 616 ) (-1024 -720 640 ) 
4 878 881 (-1168 0 608 ) (-1168 -720 608 ) (-1168 -720 640 ) (-1168 0 640 ) 
4 879 881 (-1168 -984 616 ) (-1168 -984 640 ) (-1168 -720 640 ) (-1168 -720 616 ) 
4 879 880 (-1168 -984 640 ) (-1168 -984 616 ) (-1024 -984 616 ) (-1024 -984 640 ) 
4 880 1541 (-1024 -1024 608 ) (-1024 -1024 640 ) (-1168 -1024 640 ) (-1168 -1024 608 ) 
4 880 930 (-1104 -1024 608 ) (-1168 -1024 608 ) (-1168 -992 608 ) (-1104 -992 608 ) 
4 880 928 (-1024 -1024 608 ) (-1104 -1024 608 ) (-1104 -992 608 ) (-1024 -992 608 ) 
4 880 881 (-1168 -984 608 ) (-1168 -1024 608 ) (-1168 -1024 640 ) (-1168 -984 640 ) 
4 881 1541 (-1168 -1024 640 ) (-1256 -1024 640 ) (-1256 -1024 608 ) (-1168 -1024 608 ) 
4 881 1003 (-1256 -560 608 ) (-1256 -1024 608 ) (-1256 -1024 640 ) (-1256 -560 640 ) 
4 881 997 (-1256 -304 608 ) (-1256 -544 608 ) (-1256 -544 640 ) (-1256 -304 640 ) 
4 881 991 (-1256 -48 608 ) (-1256 -288 608 ) (-1256 -288 640 ) (-1256 -48 640 ) 
4 881 983 (-1256 0 640 ) (-1256 0 608 ) (-1256 -32 608 ) (-1256 -32 640 ) 
4 881 933 (-1168 -1024 608 ) (-1176 -1024 608 ) (-1176 -984 608 ) (-1168 -984 608 ) 
4 881 934 (-1176 -1024 608 ) (-1256 -1024 608 ) (-1256 -944 608 ) (-1176 -944 608 ) 
4 881 932 (-1256 -944 608 ) (-1256 -752 608 ) (-1176 -752 608 ) (-1176 -944 608 ) 
4 881 924 (-1176 -712 608 ) (-1168 -712 608 ) (-1168 -720 608 ) (-1176 -720 608 ) 
4 881 925 (-1256 -752 608 ) (-1256 -712 608 ) (-1176 -712 608 ) (-1176 -752 608 ) 
4 881 899 (-1168 -67 608 ) (-1168 -79 608 ) (-1231 -79 608 ) (-1231 -67 608 ) 
4 881 900 (-1168 -79 608 ) (-1168 -712 608 ) (-1231 -712 608 ) (-1231 -79 608 ) 
4 881 897 (-1168 -55 608 ) (-1168 -67 608 ) (-1231 -67 608 ) (-1231 -55 608 ) 
4 881 895 (-1168 -43 608 ) (-1168 -55 608 ) (-1231 -55 608 ) (-1231 -43 608 ) 
4 881 893 (-1168 -31 608 ) (-1168 -43 608 ) (-1231 -43 608 ) (-1231 -31 608 ) 
4 881 891 (-1168 -19 608 ) (-1168 -31 608 ) (-1231 -31 608 ) (-1231 -19 608 ) 
4 881 889 (-1168 -7 608 ) (-1168 -19 608 ) (-1231 -19 608 ) (-1231 -7 608 ) 
4 881 887 (-1231 0 608 ) (-1168 0 608 ) (-1168 -7 608 ) (-1231 -7 608 ) 
4 881 901 (-1256 -712 608 ) (-1256 0 608 ) (-1231 0 608 ) (-1231 -712 608 ) 
4 882 911 (-1148 -367 400 ) (-1148 -304 400 ) (-1024 -304 400 ) (-1024 -367 400 ) 
4 882 910 (-1148 -288 400 ) (-1148 -103 400 ) (-1024 -103 400 ) (-1024 -288 400 ) 
4 882 907 (-1148 -103 400 ) (-1148 -91 400 ) (-1024 -91 400 ) (-1024 -103 400 ) 
4 882 903 (-1148 -91 400 ) (-1148 -48 400 ) (-1024 -48 400 ) (-1024 -91 400 ) 
4 882 902 (-1148 -32 400 ) (-1148 0 400 ) (-1024 0 400 ) (-1024 -32 400 ) 
4 882 883 (-1148 -367 608 ) (-1148 -367 488 ) (-1024 -367 488 ) (-1024 -367 608 ) 
4 882 884 (-1148 -367 480 ) (-1148 -367 400 ) (-1024 -367 400 ) (-1024 -367 480 ) 
4 882 886 (-1148 0 400 ) (-1148 -367 400 ) (-1148 -367 608 ) (-1148 0 608 ) 
4 883 885 (-1148 -431 608 ) (-1148 -431 488 ) (-1024 -431 488 ) (-1024 -431 608 ) 
4 883 886 (-1148 -431 488 ) (-1148 -431 608 ) (-1148 -367 608 ) (-1148 -367 488 ) 
4 884 911 (-1148 -431 400 ) (-1148 -367 400 ) (-1024 -367 400 ) (-1024 -431 400 ) 
4 884 886 (-1148 -367 400 ) (-1148 -431 400 ) (-1148 -431 480 ) (-1148 -367 480 ) 
4 884 885 (-1148 -431 480 ) (-1148 -431 400 ) (-1024 -431 400 ) (-1024 -431 480 ) 
4 885 921 (-1024 -712 416 ) (-1024 -712 480 ) (-1104 -712 480 ) (-1104 -712 416 ) 
4 885 911 (-1148 -544 400 ) (-1148 -431 400 ) (-1024 -431 400 ) (-1024 -544 400 ) 
4 885 912 (-1024 -712 400 ) (-1148 -712 400 ) (-1148 -560 400 ) (-1024 -560 400 ) 
4 885 886 (-1148 -431 400 ) (-1148 -712 400 ) (-1148 -712 608 ) (-1148 -431 608 ) 
4 886 911 (-1167 -544 400 ) (-1167 -304 400 ) (-1148 -304 400 ) (-1148 -544 400 ) 
4 886 912 (-1148 -712 400 ) (-1167 -712 400 ) (-1167 -560 400 ) (-1148 -560 400 ) 
4 886 910 (-1167 -288 400 ) (-1167 -103 400 ) (-1148 -103 400 ) (-1148 -288 400 ) 
4 886 907 (-1167 -103 400 ) (-1167 -91 400 ) (-1148 -91 400 ) (-1148 -103 400 ) 
4 886 903 (-1167 -91 400 ) (-1167 -48 400 ) (-1148 -48 400 ) (-1148 -91 400 ) 
4 886 902 (-1167 -32 400 ) (-1167 0 400 ) (-1148 0 400 ) (-1148 -32 400 ) 
4 886 899 (-1167 -79 408 ) (-1167 -79 608 ) (-1167 -67 608 ) (-1167 -67 408 ) 
4 886 900 (-1167 -79 400 ) (-1167 -712 400 ) (-1167 -712 608 ) (-1167 -79 608 ) 
4 886 897 (-1167 -67 416 ) (-1167 -67 608 ) (-1167 -55 608 ) (-1167 -55 416 ) 
4 886 898 (-1167 -55 400 ) (-1167 -67 400 ) (-1167 -67 408 ) (-1167 -55 408 ) 
4 886 895 (-1167 -55 424 ) (-1167 -55 608 ) (-1167 -43 608 ) (-1167 -43 424 ) 
4 886 896 (-1167 -43 400 ) (-1167 -55 400 ) (-1167 -55 416 ) (-1167 -43 416 ) 
4 886 893 (-1167 -43 432 ) (-1167 -43 608 ) (-1167 -31 608 ) (-1167 -31 432 ) 
4 886 894 (-1167 -31 400 ) (-1167 -43 400 ) (-1167 -43 424 ) (-1167 -31 424 ) 
4 886 891 (-1167 -31 440 ) (-1167 -31 608 ) (-1167 -19 608 ) (-1167 -19 440 ) 
4 886 892 (-1167 -19 400 ) (-1167 -31 400 ) (-1167 -31 432 ) (-1167 -19 432 ) 
4 886 889 (-1167 -19 448 ) (-1167 -19 608 ) (-1167 -7 608 ) (-1167 -7 448 ) 
4 886 890 (-1167 -7 400 ) (-1167 -19 400 ) (-1167 -19 440 ) (-1167 -7 440 ) 
4 886 887 (-1167 -7 456 ) (-1167 -7 608 ) (-1167 0 608 ) (-1167 0 456 ) 
4 886 888 (-1167 0 400 ) (-1167 -7 400 ) (-1167 -7 448 ) (-1167 0 448 ) 
4 887 889 (-1231 -7 608 ) (-1231 -7 456 ) (-1167 -7 456 ) (-1167 -7 608 ) 
4 887 901 (-1231 -7 456 ) (-1231 -7 608 ) (-1231 0 608 ) (-1231 0 456 ) 
4 888 902 (-1231 -7 400 ) (-1231 0 400 ) (-1167 0 400 ) (-1167 -7 400 ) 
4 888 890 (-1231 -7 440 ) (-1231 -7 400 ) (-1167 -7 400 ) (-1167 -7 440 ) 
4 888 901 (-1231 0 400 ) (-1231 -7 400 ) (-1231 -7 448 ) (-1231 0 448 ) 
4 889 891 (-1231 -19 608 ) (-1231 -19 448 ) (-1167 -19 448 ) (-1167 -19 608 ) 
4 889 901 (-1231 -19 448 ) (-1231 -19 608 ) (-1231 -7 608 ) (-1231 -7 448 ) 
4 890 902 (-1231 -19 400 ) (-1231 -7 400 ) (-1167 -7 400 ) (-1167 -19 400 ) 
4 890 892 (-1231 -19 432 ) (-1231 -19 400 ) (-1167 -19 400 ) (-1167 -19 432 ) 
4 890 901 (-1231 -7 400 ) (-1231 -19 400 ) (-1231 -19 440 ) (-1231 -7 440 ) 
4 891 893 (-1231 -31 608 ) (-1231 -31 440 ) (-1167 -31 440 ) (-1167 -31 608 ) 
4 891 901 (-1231 -31 440 ) (-1231 -31 608 ) (-1231 -19 608 ) (-1231 -19 440 ) 
4 892 902 (-1231 -31 400 ) (-1231 -19 400 ) (-1167 -19 400 ) (-1167 -31 400 ) 
4 892 894 (-1231 -31 424 ) (-1231 -31 400 ) (-1167 -31 400 ) (-1167 -31 424 ) 
4 892 901 (-1231 -19 400 ) (-1231 -31 400 ) (-1231 -31 432 ) (-1231 -19 432 ) 
4 893 895 (-1231 -43 608 ) (-1231 -43 432 ) (-1167 -43 432 ) (-1167 -43 608 ) 
4 893 901 (-1231 -43 432 ) (-1231 -43 608 ) (-1231 -31 608 ) (-1231 -31 432 ) 
4 894 902 (-1231 -32 400 ) (-1231 -31 400 ) (-1167 -31 400 ) (-1167 -32 400 ) 
4 894 896 (-1231 -43 416 ) (-1231 -43 400 ) (-1167 -43 400 ) (-1167 -43 416 ) 
4 894 901 (-1231 -31 400 ) (-1231 -43 400 ) (-1231 -43 424 ) (-1231 -31 424 ) 
4 895 897 (-1231 -55 608 ) (-1231 -55 424 ) (-1167 -55 424 ) (-1167 -55 608 ) 
4 895 901 (-1231 -55 424 ) (-1231 -55 608 ) (-1231 -43 608 ) (-1231 -43 424 ) 
4 896 904 (-1231 -55 400 ) (-1231 -48 400 ) (-1167 -48 400 ) (-1167 -55 400 ) 
4 896 898 (-1231 -55 408 ) (-1231 -55 400 ) (-1167 -55 400 ) (-1167 -55 408 ) 
4 896 901 (-1231 -43 400 ) (-1231 -55 400 ) (-1231 -55 416 ) (-1231 -43 416 ) 
4 897 899 (-1231 -67 608 ) (-1231 -67 416 ) (-1167 -67 416 ) (-1167 -67 608 ) 
4 897 901 (-1231 -67 416 ) (-1231 -67 608 ) (-1231 -55 608 ) (-1231 -55 416 ) 
4 898 904 (-1231 -67 400 ) (-1231 -55 400 ) (-1167 -55 400 ) (-1167 -67 400 ) 
4 898 901 (-1231 -55 400 ) (-1231 -67 400 ) (-1231 -67 408 ) (-1231 -55 408 ) 
4 899 900 (-1231 -79 608 ) (-1231 -79 408 ) (-1167 -79 408 ) (-1167 -79 608 ) 
4 899 901 (-1231 -79 408 ) (-1231 -79 608 ) (-1231 -67 608 ) (-1231 -67 408 ) 
4 900 924 (-1168 -712 608 ) (-1176 -712 608 ) (-1176 -712 400 ) (-1168 -712 400 ) 
4 900 925 (-1176 -712 608 ) (-1231 -712 608 ) (-1231 -712 400 ) (-1176 -712 400 ) 
4 900 911 (-1231 -544 400 ) (-1231 -304 400 ) (-1167 -304 400 ) (-1167 -544 400 ) 
4 900 912 (-1167 -712 400 ) (-1231 -712 400 ) (-1231 -560 400 ) (-1167 -560 400 ) 
4 900 910 (-1231 -288 400 ) (-1231 -103 400 ) (-1167 -103 400 ) (-1167 -288 400 ) 
4 900 908 (-1231 -103 400 ) (-1231 -91 400 ) (-1167 -91 400 ) (-1167 -103 400 ) 
4 900 901 (-1231 -79 400 ) (-1231 -712 400 ) (-1231 -712 608 ) (-1231 -79 608 ) 
4 901 1003 (-1256 -560 400 ) (-1256 -712 400 ) (-1256 -712 608 ) (-1256 -560 608 ) 
4 901 997 (-1256 -304 400 ) (-1256 -544 400 ) (-1256 -544 608 ) (-1256 -304 608 ) 
4 901 991 (-1256 -48 400 ) (-1256 -288 400 ) (-1256 -288 608 ) (-1256 -48 608 ) 
4 901 983 (-1256 0 608 ) (-1256 0 400 ) (-1256 -32 400 ) (-1256 -32 608 ) 
4 901 925 (-1231 -712 608 ) (-1256 -712 608 ) (-1256 -712 400 ) (-1231 -712 400 ) 
4 901 911 (-1256 -544 400 ) (-1256 -304 400 ) (-1231 -304 400 ) (-1231 -544 400 ) 
4 901 912 (-1231 -712 400 ) (-1256 -712 400 ) (-1256 -560 400 ) (-1231 -560 400 ) 
4 901 910 (-1256 -288 400 ) (-1256 -103 400 ) (-1231 -103 400 ) (-1231 -288 400 ) 
4 901 909 (-1256 -103 400 ) (-1256 -91 400 ) (-1231 -91 400 ) (-1231 -103 400 ) 
4 901 906 (-1256 -91 400 ) (-1256 -48 400 ) (-1231 -48 400 ) (-1231 -91 400 ) 
4 901 902 (-1256 -32 400 ) (-1256 0 400 ) (-1231 0 400 ) (-1231 -32 400 ) 
4 902 914 (-1231 0 384 ) (-1167 0 384 ) (-1167 -32 384 ) (-1231 -32 384 ) 
4 902 913 (-1167 0 384 ) (-1024 0 384 ) (-1024 -32 384 ) (-1167 -32 384 ) 
4 902 920 (-1256 -32 384 ) (-1256 0 384 ) (-1231 0 384 ) (-1231 -32 384 ) 
4 903 913 (-1167 -48 384 ) (-1024 -48 384 ) (-1024 -91 384 ) (-1167 -91 384 ) 
4 903 907 (-1167 -91 384 ) (-1024 -91 384 ) (-1024 -91 400 ) (-1167 -91 400 ) 
4 903 905 (-1167 -79 384 ) (-1167 -91 384 ) (-1167 -91 392 ) (-1167 -79 392 ) 
4 903 904 (-1167 -48 400 ) (-1167 -48 384 ) (-1167 -79 384 ) (-1167 -79 400 ) 
4 904 914 (-1231 -48 384 ) (-1167 -48 384 ) (-1167 -79 384 ) (-1231 -79 384 ) 
4 904 905 (-1231 -79 392 ) (-1231 -79 384 ) (-1167 -79 384 ) (-1167 -79 392 ) 
4 904 906 (-1231 -48 400 ) (-1231 -48 384 ) (-1231 -79 384 ) (-1231 -79 400 ) 
4 905 914 (-1167 -79 384 ) (-1167 -91 384 ) (-1231 -91 384 ) (-1231 -79 384 ) 
4 905 906 (-1231 -79 384 ) (-1231 -91 384 ) (-1231 -91 392 ) (-1231 -79 392 ) 
4 906 920 (-1256 -91 384 ) (-1256 -48 384 ) (-1231 -48 384 ) (-1231 -91 384 ) 
4 906 909 (-1256 -91 384 ) (-1231 -91 384 ) (-1231 -91 400 ) (-1256 -91 400 ) 
4 907 913 (-1167 -91 384 ) (-1024 -91 384 ) (-1024 -103 384 ) (-1167 -103 384 ) 
4 907 910 (-1167 -103 384 ) (-1024 -103 384 ) (-1024 -103 400 ) (-1167 -103 400 ) 
4 907 908 (-1167 -91 400 ) (-1167 -91 392 ) (-1167 -103 392 ) (-1167 -103 400 ) 
4 908 910 (-1167 -103 392 ) (-1167 -103 400 ) (-1231 -103 400 ) (-1231 -103 392 ) 
4 908 909 (-1231 -91 400 ) (-1231 -91 392 ) (-1231 -103 392 ) (-1231 -103 400 ) 
4 909 920 (-1256 -103 384 ) (-1256 -91 384 ) (-1231 -91 384 ) (-1231 -103 384 ) 
4 909 910 (-1256 -103 384 ) (-1231 -103 384 ) (-1231 -103 400 ) (-1256 -103 400 ) 
4 910 918 (-1167 -127 384 ) (-1167 -139 384 ) (-1231 -139 384 ) (-1231 -127 384 ) 
4 910 919 (-1167 -139 384 ) (-1167 -288 384 ) (-1231 -288 384 ) (-1231 -139 384 ) 
4 910 916 (-1167 -115 384 ) (-1167 -127 384 ) (-1231 -127 384 ) (-1231 -115 384 ) 
4 910 913 (-1167 -103 384 ) (-1024 -103 384 ) (-1024 -288 384 ) (-1167 -288 384 ) 
4 910 920 (-1256 -288 384 ) (-1256 -103 384 ) (-1231 -103 384 ) (-1231 -288 384 ) 
4 911 919 (-1231 -304 384 ) (-1167 -304 384 ) (-1167 -544 384 ) (-1231 -544 384 ) 
4 911 913 (-1167 -304 384 ) (-1024 -304 384 ) (-1024 -544 384 ) (-1167 -544 384 ) 
4 911 920 (-1256 -544 384 ) (-1256 -304 384 ) (-1231 -304 384 ) (-1231 -544 384 ) 
4 912 1003 (-1256 -560 384 ) (-1256 -712 384 ) (-1256 -712 400 ) (-1256 -560 400 ) 
4 912 924 (-1168 -712 400 ) (-1176 -712 400 ) (-1176 -712 384 ) (-1168 -712 384 ) 
4 912 925 (-1176 -712 400 ) (-1256 -712 400 ) (-1256 -712 384 ) (-1176 -712 384 ) 
4 912 919 (-1167 -712 384 ) (-1231 -712 384 ) (-1231 -560 384 ) (-1167 -560 384 ) 
4 912 913 (-1024 -712 384 ) (-1167 -712 384 ) (-1167 -560 384 ) (-1024 -560 384 ) 
4 912 920 (-1231 -712 384 ) (-1256 -712 384 ) (-1256 -560 384 ) (-1231 -560 384 ) 
4 913 935 (-1167 0 360 ) (-1024 0 360 ) (-1024 -712 360 ) (-1167 -712 360 ) 
4 913 918 (-1167 -139 368 ) (-1167 -139 384 ) (-1167 -127 384 ) (-1167 -127 368 ) 
4 913 919 (-1167 -139 360 ) (-1167 -712 360 ) (-1167 -712 384 ) (-1167 -139 384 ) 
4 913 916 (-1167 -127 376 ) (-1167 -127 384 ) (-1167 -115 384 ) (-1167 -115 376 ) 
4 913 917 (-1167 -115 360 ) (-1167 -127 360 ) (-1167 -127 368 ) (-1167 -115 368 ) 
4 913 915 (-1167 -103 360 ) (-1167 -115 360 ) (-1167 -115 376 ) (-1167 -103 376 ) 
4 913 914 (-1167 0 360 ) (-1167 -103 360 ) (-1167 -103 384 ) (-1167 0 384 ) 
4 914 938 (-1231 0 360 ) (-1167 0 360 ) (-1167 -103 360 ) (-1231 -103 360 ) 
4 914 915 (-1231 -103 376 ) (-1231 -103 360 ) (-1167 -103 360 ) (-1167 -103 376 ) 
4 914 920 (-1231 0 360 ) (-1231 -103 360 ) (-1231 -103 384 ) (-1231 0 384 ) 
4 915 938 (-1167 -103 360 ) (-1167 -115 360 ) (-1231 -115 360 ) (-1231 -103 360 ) 
4 915 917 (-1231 -115 368 ) (-1231 -115 360 ) (-1167 -115 360 ) (-1167 -115 368 ) 
4 915 920 (-1231 -103 360 ) (-1231 -115 360 ) (-1231 -115 376 ) (-1231 -103 376 ) 
4 916 918 (-1231 -127 384 ) (-1231 -127 376 ) (-1167 -127 376 ) (-1167 -127 384 ) 
4 916 920 (-1231 -127 376 ) (-1231 -127 384 ) (-1231 -115 384 ) (-1231 -115 376 ) 
4 917 938 (-1167 -115 360 ) (-1167 -127 360 ) (-1231 -127 360 ) (-1231 -115 360 ) 
4 917 920 (-1231 -115 360 ) (-1231 -127 360 ) (-1231 -127 368 ) (-1231 -115 368 ) 
4 918 919 (-1231 -139 384 ) (-1231 -139 368 ) (-1167 -139 368 ) (-1167 -139 384 ) 
4 918 920 (-1231 -139 368 ) (-1231 -139 384 ) (-1231 -127 384 ) (-1231 -127 368 ) 
4 919 954 (-1167 -235 360 ) (-1167 -247 360 ) (-1231 -247 360 ) (-1231 -235 360 ) 
4 919 955 (-1167 -247 360 ) (-1167 -712 360 ) (-1231 -712 360 ) (-1231 -247 360 ) 
4 919 952 (-1167 -223 360 ) (-1167 -235 360 ) (-1231 -235 360 ) (-1231 -223 360 ) 
4 919 950 (-1167 -211 360 ) (-1167 -223 360 ) (-1231 -223 360 ) (-1231 -211 360 ) 
4 919 948 (-1167 -199 360 ) (-1167 -211 360 ) (-1231 -211 360 ) (-1231 -199 360 ) 
4 919 946 (-1167 -187 360 ) (-1167 -199 360 ) (-1231 -199 360 ) (-1231 -187 360 ) 
4 919 944 (-1167 -175 360 ) (-1167 -187 360 ) (-1231 -187 360 ) (-1231 -175 360 ) 
4 919 942 (-1167 -163 360 ) (-1167 -175 360 ) (-1231 -175 360 ) (-1231 -163 360 ) 
4 919 940 (-1167 -151 360 ) (-1167 -163 360 ) (-1231 -163 360 ) (-1231 -151 360 ) 
4 919 924 (-1176 -712 360 ) (-1168 -712 360 ) (-1168 -712 384 ) (-1176 -712 384 ) 
4 919 925 (-1231 -712 360 ) (-1176 -712 360 ) (-1176 -712 384 ) (-1231 -712 384 ) 
4 919 920 (-1231 -139 360 ) (-1231 -712 360 ) (-1231 -712 384 ) (-1231 -139 384 ) 
4 920 1003 (-1256 -560 360 ) (-1256 -712 360 ) (-1256 -712 384 ) (-1256 -560 384 ) 
4 920 998 (-1256 -304 360 ) (-1256 -544 360 ) (-1256 -544 384 ) (-1256 -304 384 ) 
4 920 992 (-1256 -48 360 ) (-1256 -288 360 ) (-1256 -288 384 ) (-1256 -48 384 ) 
4 920 984 (-1256 0 384 ) (-1256 0 360 ) (-1256 -20 360 ) (-1256 -20 384 ) 
4 920 985 (-1256 -20 360 ) (-1256 -32 360 ) (-1256 -32 384 ) (-1256 -20 384 ) 
4 920 967 (-1256 -712 360 ) (-1256 0 360 ) (-1231 0 360 ) (-1231 -712 360 ) 
4 920 925 (-1256 -712 360 ) (-1231 -712 360 ) (-1231 -712 384 ) (-1256 -712 384 ) 
4 921 922 (-1104 -720 480 ) (-1104 -720 416 ) (-1024 -720 416 ) (-1024 -720 480 ) 
4 922 926 (-1104 -752 360 ) (-1024 -752 360 ) (-1024 -752 608 ) (-1104 -752 608 ) 
4 922 923 (-1104 -720 360 ) (-1104 -752 360 ) (-1104 -752 608 ) (-1104 -720 608 ) 
4 923 929 (-1168 -752 360 ) (-1104 -752 360 ) (-1104 -752 608 ) (-1168 -752 608 ) 
4 924 955 (-1176 -712 360 ) (-1168 -712 360 ) (-1168 -720 360 ) (-1176 -720 360 ) 
4 924 925 (-1176 -712 608 ) (-1176 -712 360 ) (-1176 -720 360 ) (-1176 -720 608 ) 
4 925 1003 (-1256 -712 360 ) (-1256 -752 360 ) (-1256 -752 608 ) (-1256 -712 608 ) 
4 925 958 (-1176 -720 360 ) (-1176 -752 360 ) (-1231 -752 360 ) (-1231 -720 360 ) 
4 925 955 (-1231 -712 360 ) (-1176 -712 360 ) (-1176 -720 360 ) (-1231 -720 360 ) 
4 925 967 (-1256 -752 360 ) (-1256 -712 360 ) (-1231 -712 360 ) (-1231 -752 360 ) 
4 925 932 (-1256 -752 360 ) (-1176 -752 360 ) (-1176 -752 608 ) (-1256 -752 608 ) 
4 926 929 (-1104 -752 608 ) (-1104 -752 360 ) (-1104 -984 360 ) (-1104 -984 608 ) 
4 926 927 (-1104 -984 480 ) (-1104 -984 416 ) (-1024 -984 416 ) (-1024 -984 480 ) 
4 927 928 (-1104 -992 480 ) (-1104 -992 416 ) (-1024 -992 416 ) (-1024 -992 480 ) 
4 928 1541 (-1024 -1024 360 ) (-1024 -1024 608 ) (-1104 -1024 608 ) (-1104 -1024 360 ) 
4 928 937 (-1024 -992 360 ) (-1024 -1024 360 ) (-1104 -1024 360 ) (-1104 -992 360 ) 
4 928 930 (-1104 -992 360 ) (-1104 -1024 360 ) (-1104 -1024 608 ) (-1104 -992 608 ) 
4 929 931 (-1168 -752 480 ) (-1168 -752 416 ) (-1168 -944 416 ) (-1168 -944 480 ) 
4 930 1541 (-1104 -1024 608 ) (-1168 -1024 608 ) (-1168 -1024 360 ) (-1104 -1024 360 ) 
4 930 957 (-1167 -1024 360 ) (-1168 -1024 360 ) (-1168 -992 360 ) (-1167 -992 360 ) 
4 930 937 (-1104 -992 360 ) (-1104 -1024 360 ) (-1167 -1024 360 ) (-1167 -992 360 ) 
4 930 933 (-1168 -992 360 ) (-1168 -1024 360 ) (-1168 -1024 608 ) (-1168 -992 608 ) 
4 931 932 (-1176 -752 480 ) (-1176 -752 416 ) (-1176 -944 416 ) (-1176 -944 480 ) 
4 932 1003 (-1256 -752 360 ) (-1256 -944 360 ) (-1256 -944 608 ) (-1256 -752 608 ) 
4 932 958 (-1231 -752 360 ) (-1176 -752 360 ) (-1176 -944 360 ) (-1231 -944 360 ) 
4 932 967 (-1256 -944 360 ) (-1256 -752 360 ) (-1231 -752 360 ) (-1231 -944 360 ) 
4 932 934 (-1256 -944 360 ) (-1176 -944 360 ) (-1176 -944 608 ) (-1256 -944 608 ) 
4 933 1541 (-1168 -1024 608 ) (-1176 -1024 608 ) (-1176 -1024 360 ) (-1168 -1024 360 ) 
4 933 958 (-1168 -984 360 ) (-1168 -1024 360 ) (-1176 -1024 360 ) (-1176 -984 360 ) 
4 933 934 (-1176 -984 360 ) (-1176 -1024 360 ) (-1176 -1024 608 ) (-1176 -984 608 ) 
4 934 1541 (-1176 -1024 608 ) (-1256 -1024 608 ) (-1256 -1024 360 ) (-1176 -1024 360 ) 
4 934 1003 (-1256 -944 360 ) (-1256 -1024 360 ) (-1256 -1024 608 ) (-1256 -944 608 ) 
4 934 958 (-1231 -944 360 ) (-1176 -944 360 ) (-1176 -1024 360 ) (-1231 -1024 360 ) 
4 934 967 (-1256 -1024 360 ) (-1256 -944 360 ) (-1231 -944 360 ) (-1231 -1024 360 ) 
4 935 973 (-1167 -720 256 ) (-1167 -398 256 ) (-1107 -398 256 ) (-1107 -720 256 ) 
4 935 970 (-1167 -334 256 ) (-1167 -20 256 ) (-1107 -20 256 ) (-1107 -334 256 ) 
4 935 969 (-1043 -398 256 ) (-1043 -720 256 ) (-1107 -720 256 ) (-1107 -398 256 ) 
4 935 968 (-1043 -20 256 ) (-1024 -20 256 ) (-1024 -720 256 ) (-1043 -720 256 ) 
4 935 965 (-1167 -295 264 ) (-1167 -295 288 ) (-1167 -283 288 ) (-1167 -283 264 ) 
4 935 966 (-1167 -295 256 ) (-1167 -720 256 ) (-1167 -720 288 ) (-1167 -295 288 ) 
4 935 963 (-1167 -283 272 ) (-1167 -283 288 ) (-1167 -271 288 ) (-1167 -271 272 ) 
4 935 964 (-1167 -271 256 ) (-1167 -283 256 ) (-1167 -283 264 ) (-1167 -271 264 ) 
4 935 961 (-1167 -271 280 ) (-1167 -271 288 ) (-1167 -259 288 ) (-1167 -259 280 ) 
4 935 962 (-1167 -259 256 ) (-1167 -271 256 ) (-1167 -271 272 ) (-1167 -259 272 ) 
4 935 960 (-1167 -247 256 ) (-1167 -259 256 ) (-1167 -259 280 ) (-1167 -247 280 ) 
4 935 959 (-1167 -223 256 ) (-1167 -247 256 ) (-1167 -247 288 ) (-1167 -223 288 ) 
4 935 954 (-1167 -247 360 ) (-1167 -235 360 ) (-1167 -235 296 ) (-1167 -247 296 ) 
4 935 955 (-1167 -720 288 ) (-1167 -720 360 ) (-1167 -247 360 ) (-1167 -247 288 ) 
4 935 952 (-1167 -235 360 ) (-1167 -223 360 ) (-1167 -223 304 ) (-1167 -235 304 ) 
4 935 953 (-1167 -223 296 ) (-1167 -223 288 ) (-1167 -235 288 ) (-1167 -235 296 ) 
4 935 950 (-1167 -223 312 ) (-1167 -223 360 ) (-1167 -211 360 ) (-1167 -211 312 ) 
4 935 951 (-1167 -211 256 ) (-1167 -223 256 ) (-1167 -223 304 ) (-1167 -211 304 ) 
4 935 948 (-1167 -211 320 ) (-1167 -211 360 ) (-1167 -199 360 ) (-1167 -199 320 ) 
4 935 949 (-1167 -199 256 ) (-1167 -211 256 ) (-1167 -211 312 ) (-1167 -199 312 ) 
4 935 946 (-1167 -199 328 ) (-1167 -199 360 ) (-1167 -187 360 ) (-1167 -187 328 ) 
4 935 947 (-1167 -187 256 ) (-1167 -199 256 ) (-1167 -199 320 ) (-1167 -187 320 ) 
4 935 944 (-1167 -187 336 ) (-1167 -187 360 ) (-1167 -175 360 ) (-1167 -175 336 ) 
4 935 945 (-1167 -175 256 ) (-1167 -187 256 ) (-1167 -187 328 ) (-1167 -175 328 ) 
4 935 942 (-1167 -175 344 ) (-1167 -175 360 ) (-1167 -163 360 ) (-1167 -163 344 ) 
4 935 943 (-1167 -163 256 ) (-1167 -175 256 ) (-1167 -175 336 ) (-1167 -163 336 ) 
4 935 940 (-1167 -163 352 ) (-1167 -163 360 ) (-1167 -151 360 ) (-1167 -151 352 ) 
4 935 941 (-1167 -151 256 ) (-1167 -163 256 ) (-1167 -163 344 ) (-1167 -151 344 ) 
4 935 939 (-1167 -139 256 ) (-1167 -151 256 ) (-1167 -151 352 ) (-1167 -139 352 ) 
4 935 938 (-1167 0 256 ) (-1167 -139 256 ) (-1167 -139 360 ) (-1167 0 360 ) 
4 935 936 (-1167 -720 352 ) (-1167 -720 256 ) (-1024 -720 256 ) (-1024 -720 352 ) 
4 936 973 (-1167 -984 256 ) (-1167 -720 256 ) (-1107 -720 256 ) (-1107 -984 256 ) 
4 936 969 (-1107 -720 256 ) (-1043 -720 256 ) (-1043 -984 256 ) (-1107 -984 256 ) 
4 936 968 (-1043 -720 256 ) (-1024 -720 256 ) (-1024 -984 256 ) (-1043 -984 256 ) 
4 936 966 (-1167 -720 256 ) (-1167 -984 256 ) (-1167 -984 288 ) (-1167 -720 288 ) 
4 936 956 (-1167 -984 288 ) (-1167 -984 352 ) (-1167 -720 352 ) (-1167 -720 288 ) 
4 936 937 (-1167 -984 352 ) (-1167 -984 256 ) (-1024 -984 256 ) (-1024 -984 352 ) 
4 937 1541 (-1024 -1024 256 ) (-1024 -1024 360 ) (-1167 -1024 360 ) (-1167 -1024 256 ) 
4 937 973 (-1107 -1024 256 ) (-1167 -1024 256 ) (-1167 -984 256 ) (-1107 -984 256 ) 
4 937 969 (-1043 -1024 256 ) (-1107 -1024 256 ) (-1107 -984 256 ) (-1043 -984 256 ) 
4 937 968 (-1024 -1024 256 ) (-1043 -1024 256 ) (-1043 -984 256 ) (-1024 -984 256 ) 
4 937 966 (-1167 -984 256 ) (-1167 -1024 256 ) (-1167 -1024 288 ) (-1167 -984 288 ) 
4 937 957 (-1167 -1024 288 ) (-1167 -1024 360 ) (-1167 -984 360 ) (-1167 -984 288 ) 
4 938 971 (-1231 -139 256 ) (-1231 -20 256 ) (-1167 -20 256 ) (-1167 -139 256 ) 
4 938 939 (-1231 -139 352 ) (-1231 -139 256 ) (-1167 -139 256 ) (-1167 -139 352 ) 
4 938 967 (-1231 0 256 ) (-1231 -139 256 ) (-1231 -139 360 ) (-1231 0 360 ) 
4 939 971 (-1231 -151 256 ) (-1231 -139 256 ) (-1167 -139 256 ) (-1167 -151 256 ) 
4 939 941 (-1231 -151 344 ) (-1231 -151 256 ) (-1167 -151 256 ) (-1167 -151 344 ) 
4 939 967 (-1231 -139 256 ) (-1231 -151 256 ) (-1231 -151 352 ) (-1231 -139 352 ) 
4 940 942 (-1231 -163 360 ) (-1231 -163 352 ) (-1167 -163 352 ) (-1167 -163 360 ) 
4 940 967 (-1231 -163 352 ) (-1231 -163 360 ) (-1231 -151 360 ) (-1231 -151 352 ) 
4 941 971 (-1231 -163 256 ) (-1231 -151 256 ) (-1167 -151 256 ) (-1167 -163 256 ) 
4 941 943 (-1231 -163 336 ) (-1231 -163 256 ) (-1167 -163 256 ) (-1167 -163 336 ) 
4 941 967 (-1231 -151 256 ) (-1231 -163 256 ) (-1231 -163 344 ) (-1231 -151 344 ) 
4 942 944 (-1231 -175 360 ) (-1231 -175 344 ) (-1167 -175 344 ) (-1167 -175 360 ) 
4 942 967 (-1231 -175 344 ) (-1231 -175 360 ) (-1231 -163 360 ) (-1231 -163 344 ) 
4 943 971 (-1231 -175 256 ) (-1231 -163 256 ) (-1167 -163 256 ) (-1167 -175 256 ) 
4 943 945 (-1231 -175 328 ) (-1231 -175 256 ) (-1167 -175 256 ) (-1167 -175 328 ) 
4 943 967 (-1231 -163 256 ) (-1231 -175 256 ) (-1231 -175 336 ) (-1231 -163 336 ) 
4 944 946 (-1231 -187 360 ) (-1231 -187 336 ) (-1167 -187 336 ) (-1167 -187 360 ) 
4 944 967 (-1231 -187 336 ) (-1231 -187 360 ) (-1231 -175 360 ) (-1231 -175 336 ) 
4 945 971 (-1231 -187 256 ) (-1231 -175 256 ) (-1167 -175 256 ) (-1167 -187 256 ) 
4 945 947 (-1231 -187 320 ) (-1231 -187 256 ) (-1167 -187 256 ) (-1167 -187 320 ) 
4 945 967 (-1231 -175 256 ) (-1231 -187 256 ) (-1231 -187 328 ) (-1231 -175 328 ) 
4 946 948 (-1231 -199 360 ) (-1231 -199 328 ) (-1167 -199 328 ) (-1167 -199 360 ) 
4 946 967 (-1231 -199 328 ) (-1231 -199 360 ) (-1231 -187 360 ) (-1231 -187 328 ) 
4 947 971 (-1231 -199 256 ) (-1231 -187 256 ) (-1167 -187 256 ) (-1167 -199 256 ) 
4 947 949 (-1231 -199 312 ) (-1231 -199 256 ) (-1167 -199 256 ) (-1167 -199 312 ) 
4 947 967 (-1231 -187 256 ) (-1231 -199 256 ) (-1231 -199 320 ) (-1231 -187 320 ) 
4 948 950 (-1231 -211 360 ) (-1231 -211 320 ) (-1167 -211 320 ) (-1167 -211 360 ) 
4 948 967 (-1231 -211 320 ) (-1231 -211 360 ) (-1231 -199 360 ) (-1231 -199 320 ) 
4 949 971 (-1231 -211 256 ) (-1231 -199 256 ) (-1167 -199 256 ) (-1167 -211 256 ) 
4 949 951 (-1231 -211 304 ) (-1231 -211 256 ) (-1167 -211 256 ) (-1167 -211 304 ) 
4 949 967 (-1231 -199 256 ) (-1231 -211 256 ) (-1231 -211 312 ) (-1231 -199 312 ) 
4 950 952 (-1231 -223 360 ) (-1231 -223 312 ) (-1167 -223 312 ) (-1167 -223 360 ) 
4 950 967 (-1231 -223 312 ) (-1231 -223 360 ) (-1231 -211 360 ) (-1231 -211 312 ) 
4 951 971 (-1231 -223 256 ) (-1231 -211 256 ) (-1167 -211 256 ) (-1167 -223 256 ) 
4 951 959 (-1231 -223 288 ) (-1231 -223 256 ) (-1167 -223 256 ) (-1167 -223 288 ) 
4 951 953 (-1231 -223 296 ) (-1231 -223 288 ) (-1167 -223 288 ) (-1167 -223 296 ) 
4 951 967 (-1231 -211 256 ) (-1231 -223 256 ) (-1231 -223 304 ) (-1231 -211 304 ) 
4 952 954 (-1231 -235 360 ) (-1231 -235 304 ) (-1167 -235 304 ) (-1167 -235 360 ) 
4 952 967 (-1231 -235 360 ) (-1231 -223 360 ) (-1231 -223 304 ) (-1231 -235 304 ) 
4 953 959 (-1231 -235 288 ) (-1231 -223 288 ) (-1167 -223 288 ) (-1167 -235 288 ) 
4 953 967 (-1231 -223 296 ) (-1231 -223 288 ) (-1231 -235 288 ) (-1231 -235 296 ) 
4 954 955 (-1231 -247 360 ) (-1231 -247 296 ) (-1167 -247 296 ) (-1167 -247 360 ) 
4 954 967 (-1231 -247 360 ) (-1231 -235 360 ) (-1231 -235 296 ) (-1231 -247 296 ) 
4 955 965 (-1231 -295 288 ) (-1231 -283 288 ) (-1167 -283 288 ) (-1167 -295 288 ) 
4 955 966 (-1231 -720 288 ) (-1231 -295 288 ) (-1167 -295 288 ) (-1167 -720 288 ) 
4 955 963 (-1231 -283 288 ) (-1231 -271 288 ) (-1167 -271 288 ) (-1167 -283 288 ) 
4 955 961 (-1231 -271 288 ) (-1231 -259 288 ) (-1167 -259 288 ) (-1167 -271 288 ) 
4 955 956 (-1168 -720 288 ) (-1167 -720 288 ) (-1167 -720 352 ) (-1168 -720 352 ) 
4 955 958 (-1231 -720 360 ) (-1231 -720 288 ) (-1168 -720 288 ) (-1168 -720 360 ) 
4 955 967 (-1231 -720 360 ) (-1231 -247 360 ) (-1231 -247 288 ) (-1231 -720 288 ) 
4 956 966 (-1168 -720 288 ) (-1167 -720 288 ) (-1167 -984 288 ) (-1168 -984 288 ) 
4 956 957 (-1168 -984 352 ) (-1168 -984 288 ) (-1167 -984 288 ) (-1167 -984 352 ) 
4 956 958 (-1168 -720 352 ) (-1168 -720 288 ) (-1168 -984 288 ) (-1168 -984 352 ) 
4 957 1541 (-1167 -1024 360 ) (-1168 -1024 360 ) (-1168 -1024 288 ) (-1167 -1024 288 ) 
4 957 966 (-1167 -984 288 ) (-1167 -1024 288 ) (-1168 -1024 288 ) (-1168 -984 288 ) 
4 957 958 (-1168 -984 288 ) (-1168 -1024 288 ) (-1168 -1024 360 ) (-1168 -984 360 ) 
4 958 1541 (-1168 -1024 360 ) (-1231 -1024 360 ) (-1231 -1024 288 ) (-1168 -1024 288 ) 
4 958 966 (-1231 -1024 288 ) (-1231 -720 288 ) (-1168 -720 288 ) (-1168 -1024 288 ) 
4 958 967 (-1231 -1024 288 ) (-1231 -1024 360 ) (-1231 -720 360 ) (-1231 -720 288 ) 
4 959 971 (-1231 -247 256 ) (-1231 -223 256 ) (-1167 -223 256 ) (-1167 -247 256 ) 
4 959 960 (-1167 -247 256 ) (-1167 -247 280 ) (-1231 -247 280 ) (-1231 -247 256 ) 
4 959 967 (-1231 -223 256 ) (-1231 -247 256 ) (-1231 -247 288 ) (-1231 -223 288 ) 
4 960 971 (-1231 -259 256 ) (-1231 -247 256 ) (-1167 -247 256 ) (-1167 -259 256 ) 
4 960 962 (-1167 -259 256 ) (-1167 -259 272 ) (-1231 -259 272 ) (-1231 -259 256 ) 
4 960 967 (-1231 -247 256 ) (-1231 -259 256 ) (-1231 -259 280 ) (-1231 -247 280 ) 
4 961 963 (-1167 -271 280 ) (-1167 -271 288 ) (-1231 -271 288 ) (-1231 -271 280 ) 
4 961 967 (-1231 -271 280 ) (-1231 -271 288 ) (-1231 -259 288 ) (-1231 -259 280 ) 
4 962 971 (-1231 -271 256 ) (-1231 -259 256 ) (-1167 -259 256 ) (-1167 -271 256 ) 
4 962 964 (-1167 -271 256 ) (-1167 -271 264 ) (-1231 -271 264 ) (-1231 -271 256 ) 
4 962 967 (-1231 -259 256 ) (-1231 -271 256 ) (-1231 -271 272 ) (-1231 -259 272 ) 
4 963 965 (-1167 -283 272 ) (-1167 -283 288 ) (-1231 -283 288 ) (-1231 -283 272 ) 
4 963 967 (-1231 -283 272 ) (-1231 -283 288 ) (-1231 -271 288 ) (-1231 -271 272 ) 
4 964 971 (-1231 -283 256 ) (-1231 -271 256 ) (-1167 -271 256 ) (-1167 -283 256 ) 
4 964 967 (-1231 -271 256 ) (-1231 -283 256 ) (-1231 -283 264 ) (-1231 -271 264 ) 
4 965 966 (-1167 -295 264 ) (-1167 -295 288 ) (-1231 -295 288 ) (-1231 -295 264 ) 
4 965 967 (-1231 -295 264 ) (-1231 -295 288 ) (-1231 -283 288 ) (-1231 -283 264 ) 
4 966 1541 (-1231 -1024 288 ) (-1231 -1024 256 ) (-1167 -1024 256 ) (-1167 -1024 288 ) 
4 966 973 (-1167 -1024 256 ) (-1231 -1024 256 ) (-1231 -398 256 ) (-1167 -398 256 ) 
4 966 967 (-1231 -295 256 ) (-1231 -1024 256 ) (-1231 -1024 288 ) (-1231 -295 288 ) 
4 967 1541 (-1231 -1024 360 ) (-1256 -1024 360 ) (-1256 -1024 256 ) (-1231 -1024 256 ) 
4 967 1003 (-1256 -560 256 ) (-1256 -1024 256 ) (-1256 -1024 360 ) (-1256 -560 360 ) 
4 967 998 (-1256 -304 256 ) (-1256 -544 256 ) (-1256 -544 360 ) (-1256 -304 360 ) 
4 967 992 (-1256 -48 256 ) (-1256 -288 256 ) (-1256 -288 360 ) (-1256 -48 360 ) 
4 967 984 (-1256 0 360 ) (-1256 0 256 ) (-1256 -20 256 ) (-1256 -20 360 ) 
4 967 985 (-1256 -20 256 ) (-1256 -32 256 ) (-1256 -32 360 ) (-1256 -20 360 ) 
4 967 973 (-1231 -1024 256 ) (-1256 -1024 256 ) (-1256 -398 256 ) (-1231 -398 256 ) 
4 967 972 (-1256 -334 256 ) (-1256 -20 256 ) (-1231 -20 256 ) (-1231 -334 256 ) 
4 968 1541 (-1024 -1024 248 ) (-1024 -1024 256 ) (-1043 -1024 256 ) (-1043 -1024 248 ) 
4 968 974 (-1043 -20 248 ) (-1024 -20 248 ) (-1024 -1024 248 ) (-1043 -1024 248 ) 
4 968 969 (-1043 -398 248 ) (-1043 -1024 248 ) (-1043 -1024 256 ) (-1043 -398 256 ) 
4 969 1541 (-1043 -1024 256 ) (-1107 -1024 256 ) (-1107 -1024 248 ) (-1043 -1024 248 ) 
4 969 974 (-1043 -398 248 ) (-1043 -1024 248 ) (-1107 -1024 248 ) (-1107 -398 248 ) 
4 969 973 (-1107 -398 248 ) (-1107 -1024 248 ) (-1107 -1024 256 ) (-1107 -398 256 ) 
4 970 974 (-1167 -20 248 ) (-1107 -20 248 ) (-1107 -334 248 ) (-1167 -334 248 ) 
4 970 971 (-1167 -20 256 ) (-1167 -20 248 ) (-1167 -295 248 ) (-1167 -295 256 ) 
4 971 974 (-1231 -20 248 ) (-1167 -20 248 ) (-1167 -295 248 ) (-1231 -295 248 ) 
4 971 972 (-1231 -20 256 ) (-1231 -20 248 ) (-1231 -295 248 ) (-1231 -295 256 ) 
4 972 999 (-1256 -304 248 ) (-1256 -334 248 ) (-1256 -334 256 ) (-1256 -304 256 ) 
4 972 992 (-1256 -48 248 ) (-1256 -288 248 ) (-1256 -288 256 ) (-1256 -48 256 ) 
4 972 985 (-1256 -20 248 ) (-1256 -32 248 ) (-1256 -32 256 ) (-1256 -20 256 ) 
4 972 974 (-1256 -334 248 ) (-1256 -20 248 ) (-1231 -20 248 ) (-1231 -334 248 ) 
4 973 1541 (-1107 -1024 256 ) (-1256 -1024 256 ) (-1256 -1024 248 ) (-1107 -1024 248 ) 
4 973 1003 (-1256 -560 248 ) (-1256 -1024 248 ) (-1256 -1024 256 ) (-1256 -560 256 ) 
4 973 1000 (-1256 -398 248 ) (-1256 -544 248 ) (-1256 -544 256 ) (-1256 -398 256 ) 
4 973 974 (-1256 -1024 248 ) (-1256 -398 248 ) (-1107 -398 248 ) (-1107 -1024 248 ) 
4 974 1541 (-1024 -1024 144 ) (-1024 -1024 248 ) (-1256 -1024 248 ) (-1256 -1024 144 ) 
4 974 1003 (-1256 -560 144 ) (-1256 -1024 144 ) (-1256 -1024 248 ) (-1256 -560 248 ) 
4 974 1001 (-1256 -304 144 ) (-1256 -544 144 ) (-1256 -544 248 ) (-1256 -304 248 ) 
4 974 992 (-1256 -48 144 ) (-1256 -288 144 ) (-1256 -288 248 ) (-1256 -48 248 ) 
4 974 986 (-1256 0 248 ) (-1256 0 144 ) (-1256 -32 144 ) (-1256 -32 248 ) 
4 974 978 (-1256 -1024 144 ) (-1256 -560 144 ) (-1024 -560 144 ) (-1024 -1024 144 ) 
4 974 976 (-1256 -288 144 ) (-1256 -48 144 ) (-1024 -48 144 ) (-1024 -288 144 ) 
4 974 977 (-1256 -544 144 ) (-1256 -304 144 ) (-1024 -304 144 ) (-1024 -544 144 ) 
4 974 975 (-1256 -32 144 ) (-1256 0 144 ) (-1024 0 144 ) (-1024 -32 144 ) 
4 975 979 (-1256 -32 128 ) (-1256 0 128 ) (-1024 0 128 ) (-1024 -32 128 ) 
4 976 979 (-1256 -288 128 ) (-1256 -48 128 ) (-1024 -48 128 ) (-1024 -288 128 ) 
4 977 979 (-1256 -544 128 ) (-1256 -304 128 ) (-1024 -304 128 ) (-1024 -544 128 ) 
4 978 1541 (-1024 -1024 128 ) (-1024 -1024 144 ) (-1256 -1024 144 ) (-1256 -1024 128 ) 
4 978 1003 (-1256 -560 128 ) (-1256 -1024 128 ) (-1256 -1024 144 ) (-1256 -560 144 ) 
4 978 979 (-1024 -1024 128 ) (-1256 -1024 128 ) (-1256 -560 128 ) (-1024 -560 128 ) 
4 979 1541 (-1024 -1024 -632 ) (-1024 -1024 128 ) (-1256 -1024 128 ) (-1256 -1024 -632 ) 
4 979 1003 (-1256 -560 -632 ) (-1256 -1024 -632 ) (-1256 -1024 128 ) (-1256 -560 128 ) 
4 979 1002 (-1256 -304 -632 ) (-1256 -544 -632 ) (-1256 -544 128 ) (-1256 -304 128 ) 
4 979 993 (-1256 -48 -632 ) (-1256 -288 -632 ) (-1256 -288 128 ) (-1256 -48 128 ) 
4 979 987 (-1256 0 128 ) (-1256 0 -632 ) (-1256 -32 -632 ) (-1256 -32 128 ) 
4 980 1004 (-1272 -32 1160 ) (-1272 -32 1608 ) (-1272 0 1608 ) (-1272 0 1160 ) 
4 981 1008 (-1272 -32 904 ) (-1272 -32 1144 ) (-1272 0 1144 ) (-1272 0 904 ) 
4 982 1012 (-1272 -32 656 ) (-1272 -32 888 ) (-1272 0 888 ) (-1272 0 656 ) 
4 983 1016 (-1272 -32 400 ) (-1272 -32 640 ) (-1272 0 640 ) (-1272 0 400 ) 
4 984 1020 (-1272 -20 384 ) (-1272 0 384 ) (-1272 0 256 ) (-1272 -20 256 ) 
4 984 985 (-1256 -20 256 ) (-1256 -20 384 ) (-1272 -20 384 ) (-1272 -20 256 ) 
4 985 1030 (-1272 -32 248 ) (-1272 -32 256 ) (-1272 -20 256 ) (-1272 -20 248 ) 
4 985 1020 (-1272 -32 256 ) (-1272 -32 384 ) (-1272 -20 384 ) (-1272 -20 256 ) 
4 985 986 (-1256 -32 248 ) (-1272 -32 248 ) (-1272 -20 248 ) (-1256 -20 248 ) 
4 986 1034 (-1272 -32 144 ) (-1272 -32 248 ) (-1272 0 248 ) (-1272 0 144 ) 
4 987 1039 (-1272 -32 -632 ) (-1272 -32 128 ) (-1272 0 128 ) (-1272 0 -632 ) 
4 988 1004 (-1272 -288 1160 ) (-1272 -288 1608 ) (-1272 -48 1608 ) (-1272 -48 1160 ) 
4 989 1008 (-1272 -288 904 ) (-1272 -288 1144 ) (-1272 -48 1144 ) (-1272 -48 904 ) 
4 990 1012 (-1272 -288 656 ) (-1272 -288 888 ) (-1272 -48 888 ) (-1272 -48 656 ) 
4 991 1016 (-1272 -288 400 ) (-1272 -288 640 ) (-1272 -48 640 ) (-1272 -48 400 ) 
4 992 1034 (-1272 -288 144 ) (-1272 -288 248 ) (-1272 -48 248 ) (-1272 -48 144 ) 
4 992 1030 (-1272 -288 248 ) (-1272 -288 256 ) (-1272 -48 256 ) (-1272 -48 248 ) 
4 992 1020 (-1272 -288 256 ) (-1272 -288 384 ) (-1272 -48 384 ) (-1272 -48 256 ) 
4 993 1039 (-1272 -288 -632 ) (-1272 -288 128 ) (-1272 -48 128 ) (-1272 -48 -632 ) 
4 994 1004 (-1272 -544 1160 ) (-1272 -544 1608 ) (-1272 -304 1608 ) (-1272 -304 1160 ) 
4 995 1008 (-1272 -544 904 ) (-1272 -544 1144 ) (-1272 -304 1144 ) (-1272 -304 904 ) 
4 996 1012 (-1272 -544 656 ) (-1272 -544 888 ) (-1272 -304 888 ) (-1272 -304 656 ) 
4 997 1016 (-1272 -544 400 ) (-1272 -544 640 ) (-1272 -304 640 ) (-1272 -304 400 ) 
4 998 1020 (-1272 -544 256 ) (-1272 -544 384 ) (-1272 -304 384 ) (-1272 -304 256 ) 
4 998 999 (-1272 -334 256 ) (-1272 -304 256 ) (-1256 -304 256 ) (-1256 -334 256 ) 
4 998 1000 (-1256 -544 256 ) (-1272 -544 256 ) (-1272 -398 256 ) (-1256 -398 256 ) 
4 999 1030 (-1272 -334 256 ) (-1272 -304 256 ) (-1272 -304 248 ) (-1272 -334 248 ) 
4 999 1001 (-1272 -334 248 ) (-1272 -304 248 ) (-1256 -304 248 ) (-1256 -334 248 ) 
4 1000 1033 (-1272 -544 248 ) (-1272 -544 256 ) (-1272 -398 256 ) (-1272 -398 248 ) 
4 1000 1001 (-1256 -544 248 ) (-1272 -544 248 ) (-1272 -398 248 ) (-1256 -398 248 ) 
4 1001 1034 (-1272 -544 144 ) (-1272 -544 248 ) (-1272 -304 248 ) (-1272 -304 144 ) 
4 1002 1039 (-1272 -544 -632 ) (-1272 -544 128 ) (-1272 -304 128 ) (-1272 -304 -632 ) 
4 1003 1541 (-1256 -1024 -632 ) (-1256 -1024 640 ) (-1272 -1024 640 ) (-1272 -1024 -632 ) 
4 1003 1538 (-1256 -1024 640 ) (-1256 -1024 888 ) (-1272 -1024 888 ) (-1272 -1024 640 ) 
4 1003 1536 (-1256 -1024 888 ) (-1256 -1024 904 ) (-1272 -1024 904 ) (-1272 -1024 888 ) 
4 1003 1532 (-1256 -1024 904 ) (-1256 -1024 1608 ) (-1272 -1024 1608 ) (-1272 -1024 904 ) 
4 1003 1039 (-1272 -1024 -632 ) (-1272 -1024 128 ) (-1272 -560 128 ) (-1272 -560 -632 ) 
4 1003 1038 (-1272 -1024 128 ) (-1272 -1024 144 ) (-1272 -560 144 ) (-1272 -560 128 ) 
4 1003 1034 (-1272 -1024 144 ) (-1272 -1024 248 ) (-1272 -560 248 ) (-1272 -560 144 ) 
4 1003 1033 (-1272 -1024 248 ) (-1272 -1024 256 ) (-1272 -560 256 ) (-1272 -560 248 ) 
4 1003 1021 (-1272 -1024 256 ) (-1272 -1024 1608 ) (-1272 -560 1608 ) (-1272 -560 256 ) 
4 1004 1054 (-1512 -304 1160 ) (-1512 -544 1160 ) (-1512 -544 1608 ) (-1512 -304 1608 ) 
4 1004 1048 (-1512 -48 1160 ) (-1512 -288 1160 ) (-1512 -288 1608 ) (-1512 -48 1608 ) 
4 1004 1040 (-1512 0 1608 ) (-1512 0 1160 ) (-1512 -32 1160 ) (-1512 -32 1608 ) 
4 1004 1022 (-1512 -560 1608 ) (-1512 -560 1160 ) (-1504 -560 1160 ) (-1504 -560 1608 ) 
4 1004 1021 (-1504 -560 1160 ) (-1272 -560 1160 ) (-1272 -560 1608 ) (-1504 -560 1608 ) 
4 1004 1007 (-1512 -544 1160 ) (-1512 -304 1160 ) (-1272 -304 1160 ) (-1272 -544 1160 ) 
4 1004 1006 (-1512 -288 1160 ) (-1512 -48 1160 ) (-1272 -48 1160 ) (-1272 -288 1160 ) 
4 1004 1005 (-1512 -32 1160 ) (-1512 0 1160 ) (-1272 0 1160 ) (-1272 -32 1160 ) 
4 1005 1008 (-1512 -32 1144 ) (-1512 0 1144 ) (-1272 0 1144 ) (-1272 -32 1144 ) 
4 1006 1008 (-1512 -288 1144 ) (-1512 -48 1144 ) (-1272 -48 1144 ) (-1272 -288 1144 ) 
4 1007 1008 (-1512 -544 1144 ) (-1512 -304 1144 ) (-1272 -304 1144 ) (-1272 -544 1144 ) 
4 1008 1055 (-1512 -304 904 ) (-1512 -544 904 ) (-1512 -544 1144 ) (-1512 -304 1144 ) 
4 1008 1049 (-1512 -48 904 ) (-1512 -288 904 ) (-1512 -288 1144 ) (-1512 -48 1144 ) 
4 1008 1041 (-1512 0 1144 ) (-1512 0 904 ) (-1512 -32 904 ) (-1512 -32 1144 ) 
4 1008 1024 (-1512 -560 1144 ) (-1512 -560 904 ) (-1504 -560 904 ) (-1504 -560 1144 ) 
4 1008 1021 (-1504 -560 904 ) (-1272 -560 904 ) (-1272 -560 1144 ) (-1504 -560 1144 ) 
4 1008 1011 (-1512 -544 904 ) (-1512 -304 904 ) (-1272 -304 904 ) (-1272 -544 904 ) 
4 1008 1010 (-1512 -288 904 ) (-1512 -48 904 ) (-1272 -48 904 ) (-1272 -288 904 ) 
4 1008 1009 (-1512 -32 904 ) (-1512 0 904 ) (-1272 0 904 ) (-1272 -32 904 ) 
4 1009 1012 (-1512 -32 888 ) (-1512 0 888 ) (-1272 0 888 ) (-1272 -32 888 ) 
4 1010 1012 (-1512 -288 888 ) (-1512 -48 888 ) (-1272 -48 888 ) (-1272 -288 888 ) 
4 1011 1012 (-1512 -544 888 ) (-1512 -304 888 ) (-1272 -304 888 ) (-1272 -544 888 ) 
4 1012 1056 (-1512 -304 656 ) (-1512 -544 656 ) (-1512 -544 888 ) (-1512 -304 888 ) 
4 1012 1050 (-1512 -48 656 ) (-1512 -288 656 ) (-1512 -288 888 ) (-1512 -48 888 ) 
4 1012 1042 (-1512 0 888 ) (-1512 0 656 ) (-1512 -32 656 ) (-1512 -32 888 ) 
4 1012 1025 (-1512 -560 888 ) (-1512 -560 656 ) (-1504 -560 656 ) (-1504 -560 888 ) 
4 1012 1021 (-1504 -560 656 ) (-1272 -560 656 ) (-1272 -560 888 ) (-1504 -560 888 ) 
4 1012 1014 (-1512 -288 656 ) (-1512 -48 656 ) (-1272 -48 656 ) (-1272 -288 656 ) 
4 1012 1015 (-1512 -544 656 ) (-1512 -304 656 ) (-1272 -304 656 ) (-1272 -544 656 ) 
4 1012 1013 (-1512 -32 656 ) (-1512 0 656 ) (-1272 0 656 ) (-1272 -32 656 ) 
4 1013 1016 (-1512 -32 640 ) (-1512 0 640 ) (-1272 0 640 ) (-1272 -32 640 ) 
4 1014 1016 (-1512 -288 640 ) (-1512 -48 640 ) (-1272 -48 640 ) (-1272 -288 640 ) 
4 1015 1016 (-1512 -544 640 ) (-1512 -304 640 ) (-1272 -304 640 ) (-1272 -544 640 ) 
4 1016 1057 (-1512 -304 400 ) (-1512 -544 400 ) (-1512 -544 640 ) (-1512 -304 640 ) 
4 1016 1051 (-1512 -48 400 ) (-1512 -288 400 ) (-1512 -288 640 ) (-1512 -48 640 ) 
4 1016 1043 (-1512 0 640 ) (-1512 0 400 ) (-1512 -32 400 ) (-1512 -32 640 ) 
4 1016 1026 (-1512 -560 640 ) (-1512 -560 400 ) (-1504 -560 400 ) (-1504 -560 640 ) 
4 1016 1021 (-1504 -560 400 ) (-1272 -560 400 ) (-1272 -560 640 ) (-1504 -560 640 ) 
4 1016 1018 (-1512 -288 400 ) (-1512 -48 400 ) (-1272 -48 400 ) (-1272 -288 400 ) 
4 1016 1019 (-1512 -544 400 ) (-1512 -304 400 ) (-1272 -304 400 ) (-1272 -544 400 ) 
4 1016 1017 (-1512 -32 400 ) (-1512 0 400 ) (-1272 0 400 ) (-1272 -32 400 ) 
4 1017 1020 (-1512 -32 384 ) (-1512 0 384 ) (-1272 0 384 ) (-1272 -32 384 ) 
4 1018 1020 (-1512 -288 384 ) (-1512 -48 384 ) (-1272 -48 384 ) (-1272 -288 384 ) 
4 1019 1020 (-1512 -544 384 ) (-1512 -304 384 ) (-1272 -304 384 ) (-1272 -544 384 ) 
4 1020 1058 (-1512 -304 256 ) (-1512 -544 256 ) (-1512 -544 384 ) (-1512 -304 384 ) 
4 1020 1052 (-1512 -48 256 ) (-1512 -288 256 ) (-1512 -288 384 ) (-1512 -48 384 ) 
4 1020 1044 (-1512 0 384 ) (-1512 0 256 ) (-1512 -20 256 ) (-1512 -20 384 ) 
4 1020 1045 (-1512 -20 256 ) (-1512 -32 256 ) (-1512 -32 384 ) (-1512 -20 384 ) 
4 1020 1033 (-1512 -560 256 ) (-1512 -398 256 ) (-1272 -398 256 ) (-1272 -560 256 ) 
4 1020 1032 (-1512 -334 256 ) (-1512 -20 256 ) (-1357 -20 256 ) (-1357 -334 256 ) 
4 1020 1031 (-1293 -20 256 ) (-1291 -20 256 ) (-1291 -295 256 ) (-1293 -295 256 ) 
4 1020 1030 (-1291 -20 256 ) (-1272 -20 256 ) (-1272 -334 256 ) (-1291 -334 256 ) 
4 1020 1026 (-1512 -560 384 ) (-1512 -560 256 ) (-1504 -560 256 ) (-1504 -560 384 ) 
4 1020 1021 (-1504 -560 256 ) (-1272 -560 256 ) (-1272 -560 384 ) (-1504 -560 384 ) 
4 1021 1541 (-1272 -1024 256 ) (-1272 -1024 640 ) (-1504 -1024 640 ) (-1504 -1024 256 ) 
4 1021 1538 (-1272 -1024 640 ) (-1272 -1024 888 ) (-1504 -1024 888 ) (-1504 -1024 640 ) 
4 1021 1536 (-1272 -1024 888 ) (-1272 -1024 904 ) (-1504 -1024 904 ) (-1504 -1024 888 ) 
4 1021 1532 (-1272 -1024 904 ) (-1272 -1024 1608 ) (-1504 -1024 1608 ) (-1504 -1024 904 ) 
4 1021 1033 (-1504 -560 256 ) (-1272 -560 256 ) (-1272 -1024 256 ) (-1504 -1024 256 ) 
4 1021 1029 (-1504 -816 256 ) (-1504 -1024 256 ) (-1504 -1024 640 ) (-1504 -816 640 ) 
4 1021 1028 (-1504 -1024 656 ) (-1504 -1024 888 ) (-1504 -816 888 ) (-1504 -816 656 ) 
4 1021 1025 (-1504 -560 888 ) (-1504 -560 656 ) (-1504 -800 656 ) (-1504 -800 888 ) 
4 1021 1026 (-1504 -560 640 ) (-1504 -560 256 ) (-1504 -800 256 ) (-1504 -800 640 ) 
4 1021 1027 (-1504 -800 256 ) (-1504 -816 256 ) (-1504 -816 904 ) (-1504 -800 904 ) 
4 1021 1023 (-1504 -800 1144 ) (-1504 -816 1144 ) (-1504 -816 1160 ) (-1504 -800 1160 ) 
4 1021 1024 (-1504 -560 1144 ) (-1504 -560 904 ) (-1504 -1024 904 ) (-1504 -1024 1144 ) 
4 1021 1022 (-1504 -560 1608 ) (-1504 -560 1160 ) (-1504 -1024 1160 ) (-1504 -1024 1608 ) 
4 1022 1533 (-1512 -1024 1608 ) (-1512 -1024 1160 ) (-1504 -1024 1160 ) (-1504 -1024 1608 ) 
4 1022 1070 (-1512 -1024 1160 ) (-1512 -1024 1608 ) (-1512 -816 1608 ) (-1512 -816 1160 ) 
4 1022 1063 (-1512 -800 1608 ) (-1512 -560 1608 ) (-1512 -560 1160 ) (-1512 -800 1160 ) 
4 1022 1023 (-1512 -816 1160 ) (-1512 -800 1160 ) (-1504 -800 1160 ) (-1504 -816 1160 ) 
4 1023 1024 (-1512 -816 1144 ) (-1512 -800 1144 ) (-1504 -800 1144 ) (-1504 -816 1144 ) 
4 1024 1534 (-1512 -1024 1144 ) (-1512 -1024 904 ) (-1504 -1024 904 ) (-1504 -1024 1144 ) 
4 1024 1071 (-1512 -1024 904 ) (-1512 -1024 1144 ) (-1512 -816 1144 ) (-1512 -816 904 ) 
4 1024 1064 (-1512 -800 1144 ) (-1512 -560 1144 ) (-1512 -560 904 ) (-1512 -800 904 ) 
4 1024 1027 (-1512 -816 904 ) (-1512 -800 904 ) (-1504 -800 904 ) (-1504 -816 904 ) 
4 1025 1065 (-1512 -800 656 ) (-1512 -800 888 ) (-1512 -560 888 ) (-1512 -560 656 ) 
4 1025 1027 (-1504 -800 656 ) (-1504 -800 888 ) (-1512 -800 888 ) (-1512 -800 656 ) 
4 1026 1068 (-1512 -560 256 ) (-1512 -800 256 ) (-1512 -800 384 ) (-1512 -560 384 ) 
4 1026 1066 (-1512 -800 400 ) (-1512 -800 640 ) (-1512 -560 640 ) (-1512 -560 400 ) 
4 1026 1033 (-1512 -800 256 ) (-1512 -560 256 ) (-1504 -560 256 ) (-1504 -800 256 ) 
4 1026 1027 (-1512 -800 256 ) (-1504 -800 256 ) (-1504 -800 640 ) (-1512 -800 640 ) 
4 1027 1033 (-1512 -816 256 ) (-1512 -800 256 ) (-1504 -800 256 ) (-1504 -816 256 ) 
4 1027 1029 (-1512 -816 256 ) (-1504 -816 256 ) (-1504 -816 640 ) (-1512 -816 640 ) 
4 1027 1028 (-1504 -816 656 ) (-1504 -816 888 ) (-1512 -816 888 ) (-1512 -816 656 ) 
4 1028 1539 (-1512 -1024 888 ) (-1512 -1024 656 ) (-1504 -1024 656 ) (-1504 -1024 888 ) 
4 1028 1073 (-1512 -1024 656 ) (-1512 -1024 888 ) (-1512 -816 888 ) (-1512 -816 656 ) 
4 1029 1541 (-1512 -1024 640 ) (-1512 -1024 256 ) (-1504 -1024 256 ) (-1504 -1024 640 ) 
4 1029 1075 (-1512 -1024 400 ) (-1512 -1024 640 ) (-1512 -816 640 ) (-1512 -816 400 ) 
4 1029 1076 (-1512 -816 256 ) (-1512 -1024 256 ) (-1512 -1024 384 ) (-1512 -816 384 ) 
4 1029 1033 (-1512 -1024 256 ) (-1512 -816 256 ) (-1504 -816 256 ) (-1504 -1024 256 ) 
4 1030 1034 (-1291 -20 248 ) (-1272 -20 248 ) (-1272 -334 248 ) (-1291 -334 248 ) 
4 1030 1031 (-1291 -20 256 ) (-1291 -20 248 ) (-1291 -295 248 ) (-1291 -295 256 ) 
4 1031 1034 (-1293 -20 248 ) (-1291 -20 248 ) (-1291 -295 248 ) (-1293 -295 248 ) 
4 1032 1059 (-1512 -304 248 ) (-1512 -334 248 ) (-1512 -334 256 ) (-1512 -304 256 ) 
4 1032 1052 (-1512 -48 248 ) (-1512 -288 248 ) (-1512 -288 256 ) (-1512 -48 256 ) 
4 1032 1045 (-1512 -20 248 ) (-1512 -32 248 ) (-1512 -32 256 ) (-1512 -20 256 ) 
4 1032 1034 (-1512 -334 248 ) (-1512 -20 248 ) (-1357 -20 248 ) (-1357 -334 248 ) 
4 1033 1541 (-1272 -1024 248 ) (-1272 -1024 256 ) (-1512 -1024 256 ) (-1512 -1024 248 ) 
4 1033 1076 (-1512 -816 248 ) (-1512 -1024 248 ) (-1512 -1024 256 ) (-1512 -816 256 ) 
4 1033 1068 (-1512 -560 248 ) (-1512 -800 248 ) (-1512 -800 256 ) (-1512 -560 256 ) 
4 1033 1061 (-1512 -398 248 ) (-1512 -544 248 ) (-1512 -544 256 ) (-1512 -398 256 ) 
4 1033 1034 (-1512 -1024 248 ) (-1512 -398 248 ) (-1272 -398 248 ) (-1272 -1024 248 ) 
4 1034 1541 (-1272 -1024 144 ) (-1272 -1024 248 ) (-1512 -1024 248 ) (-1512 -1024 144 ) 
4 1034 1076 (-1512 -816 144 ) (-1512 -1024 144 ) (-1512 -1024 248 ) (-1512 -816 248 ) 
4 1034 1068 (-1512 -560 144 ) (-1512 -800 144 ) (-1512 -800 248 ) (-1512 -560 248 ) 
4 1034 1060 (-1512 -334 144 ) (-1512 -398 144 ) (-1512 -398 248 ) (-1512 -334 248 ) 
4 1034 1059 (-1512 -304 144 ) (-1512 -334 144 ) (-1512 -334 248 ) (-1512 -304 248 ) 
4 1034 1061 (-1512 -398 144 ) (-1512 -544 144 ) (-1512 -544 248 ) (-1512 -398 248 ) 
4 1034 1052 (-1512 -48 144 ) (-1512 -288 144 ) (-1512 -288 248 ) (-1512 -48 248 ) 
4 1034 1046 (-1512 0 248 ) (-1512 0 144 ) (-1512 -32 144 ) (-1512 -32 248 ) 
4 1034 1038 (-1512 -1024 144 ) (-1512 -560 144 ) (-1272 -560 144 ) (-1272 -1024 144 ) 
4 1034 1036 (-1512 -288 144 ) (-1512 -48 144 ) (-1272 -48 144 ) (-1272 -288 144 ) 
4 1034 1037 (-1512 -544 144 ) (-1512 -304 144 ) (-1272 -304 144 ) (-1272 -544 144 ) 
4 1034 1035 (-1512 -32 144 ) (-1512 0 144 ) (-1272 0 144 ) (-1272 -32 144 ) 
4 1035 1039 (-1512 -32 128 ) (-1512 0 128 ) (-1272 0 128 ) (-1272 -32 128 ) 
4 1036 1039 (-1512 -288 128 ) (-1512 -48 128 ) (-1272 -48 128 ) (-1272 -288 128 ) 
4 1037 1039 (-1512 -544 128 ) (-1512 -304 128 ) (-1272 -304 128 ) (-1272 -544 128 ) 
4 1038 1541 (-1272 -1024 128 ) (-1272 -1024 144 ) (-1512 -1024 144 ) (-1512 -1024 128 ) 
4 1038 1076 (-1512 -816 128 ) (-1512 -1024 128 ) (-1512 -1024 144 ) (-1512 -816 144 ) 
4 1038 1068 (-1512 -560 128 ) (-1512 -800 128 ) (-1512 -800 144 ) (-1512 -560 144 ) 
4 1038 1039 (-1512 -1024 128 ) (-1512 -560 128 ) (-1272 -560 128 ) (-1272 -1024 128 ) 
4 1039 1541 (-1272 -1024 -632 ) (-1272 -1024 128 ) (-1512 -1024 128 ) (-1512 -1024 -632 ) 
4 1039 1076 (-1512 -816 -632 ) (-1512 -1024 -632 ) (-1512 -1024 128 ) (-1512 -816 128 ) 
4 1039 1069 (-1512 -800 -632 ) (-1512 -816 -632 ) (-1512 -816 128 ) (-1512 -800 128 ) 
4 1039 1068 (-1512 -560 -632 ) (-1512 -800 -632 ) (-1512 -800 128 ) (-1512 -560 128 ) 
4 1039 1062 (-1512 -304 -632 ) (-1512 -544 -632 ) (-1512 -544 128 ) (-1512 -304 128 ) 
4 1039 1053 (-1512 -48 -632 ) (-1512 -288 -632 ) (-1512 -288 128 ) (-1512 -48 128 ) 
4 1039 1047 (-1512 0 128 ) (-1512 0 -632 ) (-1512 -32 -632 ) (-1512 -32 128 ) 
4 1040 1077 (-1528 -32 1160 ) (-1528 -32 1608 ) (-1528 0 1608 ) (-1528 0 1160 ) 
4 1041 1084 (-1528 -32 904 ) (-1528 -32 1144 ) (-1528 0 1144 ) (-1528 0 904 ) 
4 1042 1090 (-1528 -32 656 ) (-1528 -32 799.479980 ) (-1528 0 799.479980 ) (-1528 0 656 ) 
4 1042 1089 (-1528 -32 799.479980 ) (-1528 -32 888 ) (-1528 0 888 ) (-1528 0 799.479980 ) 
4 1043 1094 (-1528 -32 535.479980 ) (-1528 -32 640 ) (-1528 0 640 ) (-1528 0 535.479980 ) 
4 1043 1099 (-1528 -32 400 ) (-1528 -32 535.479980 ) (-1528 0 535.479980 ) (-1528 0 400 ) 
4 1044 1104 (-1528 -20 384 ) (-1528 0 384 ) (-1528 0 256 ) (-1528 -20 256 ) 
4 1044 1045 (-1512 -20 256 ) (-1512 -20 384 ) (-1528 -20 384 ) (-1528 -20 256 ) 
4 1045 1116 (-1528 -32 248 ) (-1528 -32 256 ) (-1528 -20 256 ) (-1528 -20 248 ) 
4 1045 1104 (-1528 -32 256 ) (-1528 -32 384 ) (-1528 -20 384 ) (-1528 -20 256 ) 
4 1045 1046 (-1512 -32 248 ) (-1528 -32 248 ) (-1528 -20 248 ) (-1512 -20 248 ) 
4 1046 1120 (-1528 -32 144 ) (-1528 -32 248 ) (-1528 0 248 ) (-1528 0 144 ) 
4 1047 1125 (-1528 -32 -632 ) (-1528 -32 128 ) (-1528 0 128 ) (-1528 0 -632 ) 
4 1048 1077 (-1528 -288 1160 ) (-1528 -288 1608 ) (-1528 -48 1608 ) (-1528 -48 1160 ) 
4 1049 1084 (-1528 -288 904 ) (-1528 -288 1144 ) (-1528 -48 1144 ) (-1528 -48 904 ) 
4 1050 1090 (-1528 -288 656 ) (-1528 -288 799.479980 ) (-1528 -48 799.479980 ) (-1528 -48 656 ) 
4 1050 1089 (-1528 -288 799.479980 ) (-1528 -288 888 ) (-1528 -48 888 ) (-1528 -48 799.479980 ) 
4 1051 1094 (-1528 -288 535.479980 ) (-1528 -288 640 ) (-1528 -48 640 ) (-1528 -48 535.479980 ) 
4 1051 1099 (-1528 -288 400 ) (-1528 -288 535.479980 ) (-1528 -48 535.479980 ) (-1528 -48 400 ) 
4 1052 1120 (-1528 -288 144 ) (-1528 -288 248 ) (-1528 -48 248 ) (-1528 -48 144 ) 
4 1052 1116 (-1528 -288 248 ) (-1528 -288 256 ) (-1528 -48 256 ) (-1528 -48 248 ) 
4 1052 1104 (-1528 -288 256 ) (-1528 -288 384 ) (-1528 -48 384 ) (-1528 -48 256 ) 
4 1053 1125 (-1528 -288 -632 ) (-1528 -288 128 ) (-1528 -48 128 ) (-1528 -48 -632 ) 
4 1054 1077 (-1528 -544 1160 ) (-1528 -544 1608 ) (-1528 -304 1608 ) (-1528 -304 1160 ) 
4 1055 1084 (-1528 -544 904 ) (-1528 -544 1144 ) (-1528 -304 1144 ) (-1528 -304 904 ) 
4 1056 1095 (-1528 -544 656 ) (-1528 -544 799.479980 ) (-1528 -453 799.479980 ) (-1528 -453 656 ) 
4 1056 1090 (-1528 -453 799.479980 ) (-1528 -304 799.479980 ) (-1528 -304 656 ) (-1528 -453 656 ) 
4 1056 1089 (-1528 -544 799.479980 ) (-1528 -544 888 ) (-1528 -304 888 ) (-1528 -304 799.479980 ) 
4 1057 1095 (-1528 -544 535.479980 ) (-1528 -544 640 ) (-1528 -453 640 ) (-1528 -453 535.479980 ) 
4 1057 1094 (-1528 -453 640 ) (-1528 -304 640 ) (-1528 -304 535.479980 ) (-1528 -453 535.479980 ) 
4 1057 1099 (-1528 -544 400 ) (-1528 -544 535.479980 ) (-1528 -304 535.479980 ) (-1528 -304 400 ) 
4 1058 1104 (-1528 -544 256 ) (-1528 -544 384 ) (-1528 -304 384 ) (-1528 -304 256 ) 
4 1058 1059 (-1528 -334 256 ) (-1528 -304 256 ) (-1512 -304 256 ) (-1512 -334 256 ) 
4 1058 1061 (-1512 -544 256 ) (-1528 -544 256 ) (-1528 -398 256 ) (-1512 -398 256 ) 
4 1059 1120 (-1528 -304 248 ) (-1528 -304 144 ) (-1528 -334 144 ) (-1528 -334 248 ) 
4 1059 1116 (-1528 -334 256 ) (-1528 -304 256 ) (-1528 -304 248 ) (-1528 -334 248 ) 
4 1059 1060 (-1528 -334 144 ) (-1512 -334 144 ) (-1512 -334 248 ) (-1528 -334 248 ) 
4 1060 1120 (-1528 -334 248 ) (-1528 -334 144 ) (-1528 -398 144 ) (-1528 -398 248 ) 
4 1060 1061 (-1528 -398 144 ) (-1512 -398 144 ) (-1512 -398 248 ) (-1528 -398 248 ) 
4 1061 1120 (-1528 -544 144 ) (-1528 -544 248 ) (-1528 -398 248 ) (-1528 -398 144 ) 
4 1061 1117 (-1528 -544 248 ) (-1528 -544 256 ) (-1528 -398 256 ) (-1528 -398 248 ) 
4 1062 1125 (-1528 -544 -632 ) (-1528 -544 128 ) (-1528 -304 128 ) (-1528 -304 -632 ) 
4 1063 1067 (-1520 -560 1608 ) (-1520 -560 1160 ) (-1520 -800 1160 ) (-1520 -800 1608 ) 
4 1064 1067 (-1520 -560 1144 ) (-1520 -560 904 ) (-1520 -800 904 ) (-1520 -800 1144 ) 
4 1065 1067 (-1520 -560 888 ) (-1520 -560 656 ) (-1520 -800 656 ) (-1520 -800 888 ) 
4 1066 1067 (-1520 -560 640 ) (-1520 -560 400 ) (-1520 -800 400 ) (-1520 -800 640 ) 
4 1067 1112 (-1528 -800 400 ) (-1528 -800 535.479980 ) (-1528 -741 535.479980 ) (-1528 -741 400 ) 
4 1067 1110 (-1528 -800 535.479980 ) (-1528 -800 783.479980 ) (-1528 -741 783.479980 ) (-1528 -741 535.479980 ) 
4 1067 1105 (-1528 -800 783.479980 ) (-1528 -800 1144 ) (-1528 -741 1144 ) (-1528 -741 783.479980 ) 
4 1067 1098 (-1528 -560 799.479980 ) (-1528 -560 535.479980 ) (-1528 -741 535.479980 ) (-1528 -741 799.479980 ) 
4 1067 1089 (-1528 -560 888 ) (-1528 -560 799.479980 ) (-1528 -741 799.479980 ) (-1528 -741 888 ) 
4 1067 1099 (-1528 -560 535.479980 ) (-1528 -560 400 ) (-1528 -741 400 ) (-1528 -741 535.479980 ) 
4 1067 1088 (-1528 -560 904 ) (-1528 -560 888 ) (-1528 -741 888 ) (-1528 -741 904 ) 
4 1067 1084 (-1528 -741 1144 ) (-1528 -560 1144 ) (-1528 -560 904 ) (-1528 -741 904 ) 
4 1067 1081 (-1528 -800 1144 ) (-1528 -800 1160 ) (-1528 -560 1160 ) (-1528 -560 1144 ) 
4 1067 1077 (-1528 -800 1160 ) (-1528 -800 1608 ) (-1528 -560 1608 ) (-1528 -560 1160 ) 
4 1068 1125 (-1528 -800 -632 ) (-1528 -800 128 ) (-1528 -560 128 ) (-1528 -560 -632 ) 
4 1068 1124 (-1528 -800 128 ) (-1528 -800 144 ) (-1528 -560 144 ) (-1528 -560 128 ) 
4 1068 1120 (-1528 -800 144 ) (-1528 -800 248 ) (-1528 -560 248 ) (-1528 -560 144 ) 
4 1068 1117 (-1528 -800 248 ) (-1528 -800 256 ) (-1528 -560 256 ) (-1528 -560 248 ) 
4 1068 1112 (-1528 -800 256 ) (-1528 -800 384 ) (-1528 -741 384 ) (-1528 -741 256 ) 
4 1068 1104 (-1528 -741 384 ) (-1528 -560 384 ) (-1528 -560 256 ) (-1528 -741 256 ) 
4 1068 1069 (-1528 -800 128 ) (-1528 -800 -632 ) (-1512 -800 -632 ) (-1512 -800 128 ) 
4 1069 1125 (-1528 -816 -632 ) (-1528 -816 128 ) (-1528 -800 128 ) (-1528 -800 -632 ) 
4 1069 1076 (-1528 -816 128 ) (-1528 -816 -632 ) (-1512 -816 -632 ) (-1512 -816 128 ) 
4 1070 1533 (-1512 -1024 1160 ) (-1512 -1024 1608 ) (-1520 -1024 1608 ) (-1520 -1024 1160 ) 
4 1070 1072 (-1520 -1024 1160 ) (-1520 -1024 1608 ) (-1520 -816 1608 ) (-1520 -816 1160 ) 
4 1071 1534 (-1512 -1024 904 ) (-1512 -1024 1144 ) (-1520 -1024 1144 ) (-1520 -1024 904 ) 
4 1071 1072 (-1520 -1024 904 ) (-1520 -1024 1144 ) (-1520 -816 1144 ) (-1520 -816 904 ) 
4 1072 1537 (-1528 -1024 904 ) (-1528 -1024 888 ) (-1520 -1024 888 ) (-1520 -1024 904 ) 
4 1072 1535 (-1520 -1024 1608 ) (-1528 -1024 1608 ) (-1528 -1024 904 ) (-1520 -1024 904 ) 
4 1072 1108 (-1528 -1024 888 ) (-1528 -1024 1144 ) (-1528 -816 1144 ) (-1528 -816 888 ) 
4 1072 1082 (-1528 -1024 1144 ) (-1528 -1024 1160 ) (-1528 -816 1160 ) (-1528 -816 1144 ) 
4 1072 1077 (-1528 -1024 1160 ) (-1528 -1024 1608 ) (-1528 -816 1608 ) (-1528 -816 1160 ) 
4 1072 1074 (-1528 -1024 888 ) (-1528 -816 888 ) (-1520 -816 888 ) (-1520 -1024 888 ) 
4 1073 1539 (-1512 -1024 656 ) (-1512 -1024 888 ) (-1520 -1024 888 ) (-1520 -1024 656 ) 
4 1073 1074 (-1520 -1024 656 ) (-1520 -1024 888 ) (-1520 -816 888 ) (-1520 -816 656 ) 
4 1074 1540 (-1520 -1024 888 ) (-1528 -1024 888 ) (-1528 -1024 640 ) (-1520 -1024 640 ) 
4 1074 1110 (-1528 -1024 640 ) (-1528 -1024 783.479980 ) (-1528 -816 783.479980 ) (-1528 -816 640 ) 
4 1074 1108 (-1528 -1024 783.479980 ) (-1528 -1024 888 ) (-1528 -816 888 ) (-1528 -816 783.479980 ) 
4 1074 1075 (-1528 -1024 640 ) (-1528 -816 640 ) (-1520 -816 640 ) (-1520 -1024 640 ) 
4 1075 1542 (-1512 -1024 400 ) (-1512 -1024 640 ) (-1528 -1024 640 ) (-1528 -1024 400 ) 
4 1075 1115 (-1528 -1024 400 ) (-1528 -1024 535.479980 ) (-1528 -816 535.479980 ) (-1528 -816 400 ) 
4 1075 1110 (-1528 -1024 535.479980 ) (-1528 -1024 640 ) (-1528 -816 640 ) (-1528 -816 535.479980 ) 
4 1076 1543 (-1512 -1024 -632 ) (-1512 -1024 384 ) (-1528 -1024 384 ) (-1528 -1024 -632 ) 
4 1076 1125 (-1528 -1024 -632 ) (-1528 -1024 128 ) (-1528 -816 128 ) (-1528 -816 -632 ) 
4 1076 1124 (-1528 -1024 128 ) (-1528 -1024 144 ) (-1528 -816 144 ) (-1528 -816 128 ) 
4 1076 1120 (-1528 -1024 144 ) (-1528 -1024 248 ) (-1528 -816 248 ) (-1528 -816 144 ) 
4 1076 1117 (-1528 -1024 248 ) (-1528 -1024 256 ) (-1528 -816 256 ) (-1528 -816 248 ) 
4 1076 1115 (-1528 -1024 256 ) (-1528 -1024 384 ) (-1528 -816 384 ) (-1528 -816 256 ) 
4 1077 1574 (-1528 -1024 1160 ) (-1528 -1024 1608 ) (-1768 -1024 1608 ) (-1768 -1024 1160 ) 
4 1077 1144 (-1768 -1024 1160 ) (-1768 -1024 1608 ) (-1768 -560 1608 ) (-1768 -560 1160 ) 
4 1077 1138 (-1768 -544 1608 ) (-1768 -304 1608 ) (-1768 -304 1160 ) (-1768 -544 1160 ) 
4 1077 1132 (-1768 -288 1608 ) (-1768 -48 1608 ) (-1768 -48 1160 ) (-1768 -288 1160 ) 
4 1077 1126 (-1768 -32 1608 ) (-1768 0 1608 ) (-1768 0 1160 ) (-1768 -32 1160 ) 
4 1077 1083 (-1768 -816 1160 ) (-1768 -800 1160 ) (-1760 -800 1160 ) (-1760 -816 1160 ) 
4 1077 1081 (-1760 -560 1160 ) (-1528 -560 1160 ) (-1528 -800 1160 ) (-1760 -800 1160 ) 
4 1077 1082 (-1528 -816 1160 ) (-1528 -1024 1160 ) (-1760 -1024 1160 ) (-1760 -816 1160 ) 
4 1077 1079 (-1768 -288 1160 ) (-1768 -48 1160 ) (-1528 -48 1160 ) (-1528 -288 1160 ) 
4 1077 1080 (-1768 -544 1160 ) (-1768 -304 1160 ) (-1528 -304 1160 ) (-1528 -544 1160 ) 
4 1077 1078 (-1768 -32 1160 ) (-1768 0 1160 ) (-1528 0 1160 ) (-1528 -32 1160 ) 
4 1078 1084 (-1768 -32 1144 ) (-1768 0 1144 ) (-1528 0 1144 ) (-1528 -32 1144 ) 
4 1079 1084 (-1768 -288 1144 ) (-1768 -48 1144 ) (-1528 -48 1144 ) (-1528 -288 1144 ) 
4 1080 1084 (-1768 -544 1144 ) (-1768 -304 1144 ) (-1528 -304 1144 ) (-1528 -544 1144 ) 
4 1081 1109 (-1724 -800 1144 ) (-1760 -800 1144 ) (-1760 -741 1144 ) (-1724 -741 1144 ) 
4 1081 1105 (-1528 -741 1144 ) (-1528 -800 1144 ) (-1724 -800 1144 ) (-1724 -741 1144 ) 
4 1081 1084 (-1760 -560 1144 ) (-1528 -560 1144 ) (-1528 -741 1144 ) (-1760 -741 1144 ) 
4 1082 1575 (-1528 -1024 1144 ) (-1528 -1024 1160 ) (-1760 -1024 1160 ) (-1760 -1024 1144 ) 
4 1082 1109 (-1724 -1024 1144 ) (-1760 -1024 1144 ) (-1760 -816 1144 ) (-1724 -816 1144 ) 
4 1082 1108 (-1528 -816 1144 ) (-1528 -1024 1144 ) (-1724 -1024 1144 ) (-1724 -816 1144 ) 
4 1083 1145 (-1768 -816 1160 ) (-1768 -800 1160 ) (-1768 -800 1144 ) (-1768 -816 1144 ) 
4 1083 1109 (-1768 -816 1144 ) (-1768 -800 1144 ) (-1760 -800 1144 ) (-1760 -816 1144 ) 
4 1084 1147 (-1768 -741 1144 ) (-1768 -560 1144 ) (-1768 -560 904 ) (-1768 -741 904 ) 
4 1084 1139 (-1768 -544 1144 ) (-1768 -304 1144 ) (-1768 -304 904 ) (-1768 -544 904 ) 
4 1084 1133 (-1768 -288 1144 ) (-1768 -48 1144 ) (-1768 -48 904 ) (-1768 -288 904 ) 
4 1084 1127 (-1768 -32 1144 ) (-1768 0 1144 ) (-1768 0 904 ) (-1768 -32 904 ) 
4 1084 1109 (-1724 -741 1144 ) (-1768 -741 1144 ) (-1768 -741 1054.959961 ) (-1724 -741 1054.959961 ) 
4 1084 1105 (-1528 -741 904 ) (-1528 -741 1144 ) (-1724 -741 1144 ) (-1724 -741 904 ) 
4 1084 1088 (-1528 -741 904 ) (-1760 -741 904 ) (-1760 -560 904 ) (-1528 -560 904 ) 
4 1084 1086 (-1768 -288 904 ) (-1768 -48 904 ) (-1528 -48 904 ) (-1528 -288 904 ) 
4 1084 1087 (-1768 -544 904 ) (-1768 -304 904 ) (-1528 -304 904 ) (-1528 -544 904 ) 
4 1084 1085 (-1768 -32 904 ) (-1768 0 904 ) (-1528 0 904 ) (-1528 -32 904 ) 
4 1085 1089 (-1768 -32 888 ) (-1768 0 888 ) (-1528 0 888 ) (-1528 -32 888 ) 
4 1086 1089 (-1768 -288 888 ) (-1768 -48 888 ) (-1528 -48 888 ) (-1528 -288 888 ) 
4 1087 1089 (-1768 -544 888 ) (-1768 -304 888 ) (-1528 -304 888 ) (-1528 -544 888 ) 
4 1088 1105 (-1528 -741 888 ) (-1528 -741 904 ) (-1724 -741 904 ) (-1724 -741 888 ) 
4 1088 1089 (-1528 -741 888 ) (-1760 -741 888 ) (-1760 -560 888 ) (-1528 -560 888 ) 
4 1089 1149 (-1768 -560 799.479980 ) (-1768 -741 799.479980 ) (-1768 -741 888 ) (-1768 -560 888 ) 
4 1089 1140 (-1768 -304 799.479980 ) (-1768 -544 799.479980 ) (-1768 -544 888 ) (-1768 -304 888 ) 
4 1089 1134 (-1768 -48 799.479980 ) (-1768 -288 799.479980 ) (-1768 -288 888 ) (-1768 -48 888 ) 
4 1089 1128 (-1768 0 888 ) (-1768 0 799.479980 ) (-1768 -32 799.479980 ) (-1768 -32 888 ) 
4 1089 1105 (-1528 -741 799.479980 ) (-1528 -741 888 ) (-1724 -741 888 ) (-1724 -741 799.479980 ) 
4 1089 1098 (-1528 -741 799.479980 ) (-1724 -741 799.479980 ) (-1724 -560 799.479980 ) (-1528 -560 799.479980 ) 
4 1089 1096 (-1724 -544 799.479980 ) (-1528 -544 799.479980 ) (-1528 -560 799.479980 ) (-1724 -560 799.479980 ) 
4 1089 1095 (-1724 -453 799.479980 ) (-1528 -453 799.479980 ) (-1528 -544 799.479980 ) (-1724 -544 799.479980 ) 
4 1089 1090 (-1768 -453 799.479980 ) (-1768 0 799.479980 ) (-1528 0 799.479980 ) (-1528 -453 799.479980 ) 
4 1090 1141 (-1768 -304 656 ) (-1768 -453 656 ) (-1768 -453 799.479980 ) (-1768 -304 799.479980 ) 
4 1090 1134 (-1768 -48 656 ) (-1768 -288 656 ) (-1768 -288 799.479980 ) (-1768 -48 799.479980 ) 
4 1090 1128 (-1768 0 799.479980 ) (-1768 0 656 ) (-1768 -32 656 ) (-1768 -32 799.479980 ) 
4 1090 1095 (-1528 -453 656 ) (-1528 -453 799.479980 ) (-1724 -453 799.479980 ) (-1724 -453 656 ) 
4 1090 1092 (-1768 -288 656 ) (-1768 -48 656 ) (-1528 -48 656 ) (-1528 -288 656 ) 
4 1090 1093 (-1528 -453 656 ) (-1768 -453 656 ) (-1768 -304 656 ) (-1528 -304 656 ) 
4 1090 1091 (-1768 -32 656 ) (-1768 0 656 ) (-1528 0 656 ) (-1528 -32 656 ) 
4 1091 1094 (-1768 -32 640 ) (-1768 0 640 ) (-1528 0 640 ) (-1528 -32 640 ) 
4 1092 1094 (-1768 -288 640 ) (-1768 -48 640 ) (-1528 -48 640 ) (-1528 -288 640 ) 
4 1093 1095 (-1528 -453 640 ) (-1528 -453 656 ) (-1724 -453 656 ) (-1724 -453 640 ) 
4 1093 1094 (-1528 -453 640 ) (-1768 -453 640 ) (-1768 -304 640 ) (-1528 -304 640 ) 
4 1094 1142 (-1768 -304 535.479980 ) (-1768 -453 535.479980 ) (-1768 -453 640 ) (-1768 -304 640 ) 
4 1094 1135 (-1768 -48 535.479980 ) (-1768 -288 535.479980 ) (-1768 -288 640 ) (-1768 -48 640 ) 
4 1094 1129 (-1768 0 640 ) (-1768 0 535.479980 ) (-1768 -32 535.479980 ) (-1768 -32 640 ) 
4 1094 1095 (-1724 -453 535.479980 ) (-1528 -453 535.479980 ) (-1528 -453 640 ) (-1724 -453 640 ) 
4 1094 1099 (-1768 -453 535.479980 ) (-1768 0 535.479980 ) (-1528 0 535.479980 ) (-1528 -453 535.479980 ) 
4 1095 1096 (-1528 -544 656 ) (-1528 -544 799.479980 ) (-1724 -544 799.479980 ) (-1724 -544 656 ) 
4 1095 1097 (-1724 -544 535.479980 ) (-1528 -544 535.479980 ) (-1528 -544 640 ) (-1724 -544 640 ) 
4 1095 1099 (-1724 -453 535.479980 ) (-1528 -453 535.479980 ) (-1528 -544 535.479980 ) (-1724 -544 535.479980 ) 
4 1096 1098 (-1528 -560 656 ) (-1528 -560 799.479980 ) (-1724 -560 799.479980 ) (-1724 -560 656 ) 
4 1097 1098 (-1724 -560 535.479980 ) (-1528 -560 535.479980 ) (-1528 -560 640 ) (-1724 -560 640 ) 
4 1097 1099 (-1724 -544 535.479980 ) (-1528 -544 535.479980 ) (-1528 -560 535.479980 ) (-1724 -560 535.479980 ) 
4 1098 1110 (-1528 -741 535.479980 ) (-1528 -741 783.479980 ) (-1708 -741 783.479980 ) (-1708 -741 535.479980 ) 
4 1098 1105 (-1528 -741 783.479980 ) (-1528 -741 799.479980 ) (-1724 -741 799.479980 ) (-1724 -741 783.479980 ) 
4 1098 1099 (-1528 -741 535.479980 ) (-1724 -741 535.479980 ) (-1724 -560 535.479980 ) (-1528 -560 535.479980 ) 
4 1099 1150 (-1768 -560 400 ) (-1768 -741 400 ) (-1768 -741 535.479980 ) (-1768 -560 535.479980 ) 
4 1099 1143 (-1768 -453 400 ) (-1768 -544 400 ) (-1768 -544 535.479980 ) (-1768 -453 535.479980 ) 
4 1099 1142 (-1768 -304 400 ) (-1768 -453 400 ) (-1768 -453 535.479980 ) (-1768 -304 535.479980 ) 
4 1099 1135 (-1768 -48 400 ) (-1768 -288 400 ) (-1768 -288 535.479980 ) (-1768 -48 535.479980 ) 
4 1099 1129 (-1768 0 535.479980 ) (-1768 0 400 ) (-1768 -32 400 ) (-1768 -32 535.479980 ) 
4 1099 1112 (-1528 -741 400 ) (-1528 -741 535.479980 ) (-1768 -741 535.479980 ) (-1768 -741 400 ) 
4 1099 1103 (-1528 -741 400 ) (-1768 -741 400 ) (-1768 -560 400 ) (-1528 -560 400 ) 
4 1099 1101 (-1768 -288 400 ) (-1768 -48 400 ) (-1528 -48 400 ) (-1528 -288 400 ) 
4 1099 1102 (-1768 -544 400 ) (-1768 -304 400 ) (-1528 -304 400 ) (-1528 -544 400 ) 
4 1099 1100 (-1768 -32 400 ) (-1768 0 400 ) (-1528 0 400 ) (-1528 -32 400 ) 
4 1100 1104 (-1768 -32 384 ) (-1768 0 384 ) (-1528 0 384 ) (-1528 -32 384 ) 
4 1101 1104 (-1768 -288 384 ) (-1768 -48 384 ) (-1528 -48 384 ) (-1528 -288 384 ) 
4 1102 1104 (-1768 -544 384 ) (-1768 -304 384 ) (-1528 -304 384 ) (-1528 -544 384 ) 
4 1103 1112 (-1528 -741 384 ) (-1528 -741 400 ) (-1768 -741 400 ) (-1768 -741 384 ) 
4 1103 1104 (-1528 -741 384 ) (-1768 -741 384 ) (-1768 -560 384 ) (-1528 -560 384 ) 
4 1104 1156 (-1768 -560 256 ) (-1768 -741 256 ) (-1768 -741 384 ) (-1768 -560 384 ) 
4 1104 1154 (-1768 -304 256 ) (-1768 -544 256 ) (-1768 -544 384 ) (-1768 -304 384 ) 
4 1104 1136 (-1768 -48 256 ) (-1768 -288 256 ) (-1768 -288 384 ) (-1768 -48 384 ) 
4 1104 1130 (-1768 0 384 ) (-1768 0 256 ) (-1768 -32 256 ) (-1768 -32 384 ) 
4 1104 1119 (-1768 -741 256 ) (-1768 0 256 ) (-1603 0 256 ) (-1603 -741 256 ) 
4 1104 1117 (-1528 -398 256 ) (-1528 -741 256 ) (-1539 -741 256 ) (-1539 -398 256 ) 
4 1104 1116 (-1528 -20 256 ) (-1528 -334 256 ) (-1539 -334 256 ) (-1539 -20 256 ) 
4 1104 1112 (-1768 -741 256 ) (-1528 -741 256 ) (-1528 -741 384 ) (-1768 -741 384 ) 
4 1105 1110 (-1708 -741 783.479980 ) (-1528 -741 783.479980 ) (-1528 -800 783.479980 ) (-1708 -800 783.479980 ) 
4 1105 1109 (-1724 -741 1144 ) (-1724 -741 1054.959961 ) (-1724 -800 1054.959961 ) (-1724 -800 1144 ) 
4 1105 1106 (-1724 -800 1144 ) (-1724 -800 904 ) (-1528 -800 904 ) (-1528 -800 1144 ) 
4 1105 1107 (-1724 -800 888 ) (-1724 -800 783.479980 ) (-1528 -800 783.479980 ) (-1528 -800 888 ) 
4 1106 1109 (-1724 -816 1054.959961 ) (-1724 -816 1144 ) (-1724 -800 1144 ) (-1724 -800 1054.959961 ) 
4 1106 1108 (-1724 -816 1144 ) (-1724 -816 904 ) (-1528 -816 904 ) (-1528 -816 1144 ) 
4 1107 1110 (-1528 -800 783.479980 ) (-1528 -816 783.479980 ) (-1708 -816 783.479980 ) (-1708 -800 783.479980 ) 
4 1107 1108 (-1724 -816 888 ) (-1724 -816 783.479980 ) (-1528 -816 783.479980 ) (-1528 -816 888 ) 
4 1108 1579 (-1528 -1024 783.479980 ) (-1528 -1024 1144 ) (-1724 -1024 1144 ) (-1724 -1024 783.479980 ) 
4 1108 1110 (-1528 -816 783.479980 ) (-1528 -1024 783.479980 ) (-1708 -1024 783.479980 ) (-1708 -816 783.479980 ) 
4 1108 1109 (-1724 -1024 1054.959961 ) (-1724 -1024 1144 ) (-1724 -816 1144 ) (-1724 -816 1054.959961 ) 
4 1109 1583 (-1724 -1024 1144 ) (-1768 -1024 1144 ) (-1768 -1024 1054.959961 ) (-1724 -1024 1054.959961 ) 
4 1109 1151 (-1768 -1024 1054.959961 ) (-1768 -1024 1144 ) (-1768 -741 1144 ) (-1768 -741 1054.959961 ) 
4 1110 1588 (-1528 -1024 535.479980 ) (-1528 -1024 783.479980 ) (-1708 -1024 783.479980 ) (-1708 -1024 535.479980 ) 
4 1110 1113 (-1528 -800 535.479980 ) (-1528 -816 535.479980 ) (-1708 -816 535.479980 ) (-1708 -800 535.479980 ) 
4 1110 1112 (-1708 -741 535.479980 ) (-1528 -741 535.479980 ) (-1528 -800 535.479980 ) (-1708 -800 535.479980 ) 
4 1110 1115 (-1528 -816 535.479980 ) (-1528 -1024 535.479980 ) (-1708 -1024 535.479980 ) (-1708 -816 535.479980 ) 
4 1111 1590 (-1724 -1024 783.479980 ) (-1768 -1024 783.479980 ) (-1768 -1024 543.479980 ) (-1724 -1024 543.479980 ) 
4 1111 1152 (-1768 -1024 543.479980 ) (-1768 -1024 783.479980 ) (-1768 -741 783.479980 ) (-1768 -741 543.479980 ) 
4 1112 1156 (-1768 -741 384 ) (-1768 -741 256 ) (-1768 -800 256 ) (-1768 -800 384 ) 
4 1112 1153 (-1768 -800 535.479980 ) (-1768 -741 535.479980 ) (-1768 -741 400 ) (-1768 -800 400 ) 
4 1112 1119 (-1768 -800 256 ) (-1768 -741 256 ) (-1603 -741 256 ) (-1603 -800 256 ) 
4 1112 1117 (-1539 -741 256 ) (-1528 -741 256 ) (-1528 -800 256 ) (-1539 -800 256 ) 
4 1112 1113 (-1528 -800 400 ) (-1528 -800 535.479980 ) (-1768 -800 535.479980 ) (-1768 -800 400 ) 
4 1112 1114 (-1768 -800 256 ) (-1528 -800 256 ) (-1528 -800 384 ) (-1768 -800 384 ) 
4 1113 1153 (-1768 -816 535.479980 ) (-1768 -800 535.479980 ) (-1768 -800 400 ) (-1768 -816 400 ) 
4 1113 1115 (-1528 -816 400 ) (-1528 -816 535.479980 ) (-1768 -816 535.479980 ) (-1768 -816 400 ) 
4 1114 1156 (-1768 -800 384 ) (-1768 -800 256 ) (-1768 -816 256 ) (-1768 -816 384 ) 
4 1114 1119 (-1768 -816 256 ) (-1768 -800 256 ) (-1603 -800 256 ) (-1603 -816 256 ) 
4 1114 1117 (-1539 -800 256 ) (-1528 -800 256 ) (-1528 -816 256 ) (-1539 -816 256 ) 
4 1114 1115 (-1768 -816 256 ) (-1528 -816 256 ) (-1528 -816 384 ) (-1768 -816 384 ) 
4 1115 1595 (-1528 -1024 256 ) (-1528 -1024 384 ) (-1768 -1024 384 ) (-1768 -1024 256 ) 
4 1115 1593 (-1528 -1024 384 ) (-1528 -1024 400 ) (-1768 -1024 400 ) (-1768 -1024 384 ) 
4 1115 1592 (-1528 -1024 400 ) (-1528 -1024 535.479980 ) (-1768 -1024 535.479980 ) (-1768 -1024 400 ) 
4 1115 1156 (-1768 -1024 256 ) (-1768 -1024 384 ) (-1768 -816 384 ) (-1768 -816 256 ) 
4 1115 1153 (-1768 -1024 400 ) (-1768 -1024 535.479980 ) (-1768 -816 535.479980 ) (-1768 -816 400 ) 
4 1115 1118 (-1539 -826 256 ) (-1539 -1024 256 ) (-1603 -1024 256 ) (-1603 -826 256 ) 
4 1115 1119 (-1768 -1024 256 ) (-1768 -816 256 ) (-1603 -816 256 ) (-1603 -1024 256 ) 
4 1115 1117 (-1539 -816 256 ) (-1528 -816 256 ) (-1528 -1024 256 ) (-1539 -1024 256 ) 
4 1116 1120 (-1528 -20 248 ) (-1528 -334 248 ) (-1539 -334 248 ) (-1539 -20 248 ) 
4 1117 1595 (-1528 -1024 248 ) (-1528 -1024 256 ) (-1539 -1024 256 ) (-1539 -1024 248 ) 
4 1117 1120 (-1528 -398 248 ) (-1528 -1024 248 ) (-1539 -1024 248 ) (-1539 -398 248 ) 
4 1117 1118 (-1539 -826 248 ) (-1539 -1024 248 ) (-1539 -1024 256 ) (-1539 -826 256 ) 
4 1118 1595 (-1539 -1024 256 ) (-1603 -1024 256 ) (-1603 -1024 248 ) (-1539 -1024 248 ) 
4 1118 1120 (-1539 -826 248 ) (-1539 -1024 248 ) (-1603 -1024 248 ) (-1603 -826 248 ) 
4 1118 1119 (-1603 -826 248 ) (-1603 -1024 248 ) (-1603 -1024 256 ) (-1603 -826 256 ) 
4 1119 1595 (-1603 -1024 256 ) (-1768 -1024 256 ) (-1768 -1024 248 ) (-1603 -1024 248 ) 
4 1119 1156 (-1768 -1024 248 ) (-1768 -1024 256 ) (-1768 -560 256 ) (-1768 -560 248 ) 
4 1119 1154 (-1768 -544 256 ) (-1768 -304 256 ) (-1768 -304 248 ) (-1768 -544 248 ) 
4 1119 1136 (-1768 -288 256 ) (-1768 -48 256 ) (-1768 -48 248 ) (-1768 -288 248 ) 
4 1119 1130 (-1768 -32 256 ) (-1768 0 256 ) (-1768 0 248 ) (-1768 -32 248 ) 
4 1119 1120 (-1768 -1024 248 ) (-1768 0 248 ) (-1603 0 248 ) (-1603 -1024 248 ) 
4 1120 1595 (-1528 -1024 144 ) (-1528 -1024 248 ) (-1768 -1024 248 ) (-1768 -1024 144 ) 
4 1120 1156 (-1768 -1024 144 ) (-1768 -1024 248 ) (-1768 -560 248 ) (-1768 -560 144 ) 
4 1120 1154 (-1768 -544 248 ) (-1768 -304 248 ) (-1768 -304 144 ) (-1768 -544 144 ) 
4 1120 1136 (-1768 -288 248 ) (-1768 -48 248 ) (-1768 -48 144 ) (-1768 -288 144 ) 
4 1120 1130 (-1768 -32 248 ) (-1768 0 248 ) (-1768 0 144 ) (-1768 -32 144 ) 
4 1120 1124 (-1768 -1024 144 ) (-1768 -560 144 ) (-1528 -560 144 ) (-1528 -1024 144 ) 
4 1120 1122 (-1768 -288 144 ) (-1768 -48 144 ) (-1528 -48 144 ) (-1528 -288 144 ) 
4 1120 1123 (-1768 -544 144 ) (-1768 -304 144 ) (-1528 -304 144 ) (-1528 -544 144 ) 
4 1120 1121 (-1768 -32 144 ) (-1768 0 144 ) (-1528 0 144 ) (-1528 -32 144 ) 
4 1121 1125 (-1768 -32 128 ) (-1768 0 128 ) (-1528 0 128 ) (-1528 -32 128 ) 
4 1122 1125 (-1768 -288 128 ) (-1768 -48 128 ) (-1528 -48 128 ) (-1528 -288 128 ) 
4 1123 1125 (-1768 -544 128 ) (-1768 -304 128 ) (-1528 -304 128 ) (-1528 -544 128 ) 
4 1124 1595 (-1528 -1024 128 ) (-1528 -1024 144 ) (-1768 -1024 144 ) (-1768 -1024 128 ) 
4 1124 1156 (-1768 -1024 128 ) (-1768 -1024 144 ) (-1768 -560 144 ) (-1768 -560 128 ) 
4 1124 1125 (-1768 -1024 128 ) (-1768 -560 128 ) (-1528 -560 128 ) (-1528 -1024 128 ) 
4 1125 1595 (-1528 -1024 -632 ) (-1528 -1024 128 ) (-1768 -1024 128 ) (-1768 -1024 -632 ) 
4 1125 1156 (-1768 -1024 -632 ) (-1768 -1024 128 ) (-1768 -560 128 ) (-1768 -560 -632 ) 
4 1125 1155 (-1768 -544 128 ) (-1768 -304 128 ) (-1768 -304 -632 ) (-1768 -544 -632 ) 
4 1125 1137 (-1768 -288 128 ) (-1768 -48 128 ) (-1768 -48 -632 ) (-1768 -288 -632 ) 
4 1125 1131 (-1768 -32 128 ) (-1768 0 128 ) (-1768 0 -632 ) (-1768 -32 -632 ) 
4 1126 1157 (-1784 0 1608 ) (-1784 0 1160 ) (-1784 -32 1160 ) (-1784 -32 1608 ) 
4 1127 1158 (-1784 0 1055.479980 ) (-1784 0 904 ) (-1784 -32 904 ) (-1784 -32 1055.479980 ) 
4 1127 1157 (-1784 0 1144 ) (-1784 0 1055.479980 ) (-1784 -32 1055.479980 ) (-1784 -32 1144 ) 
4 1128 1174 (-1784 0 663.479980 ) (-1784 0 656 ) (-1784 -32 656 ) (-1784 -32 663.479980 ) 
4 1128 1161 (-1784 0 815.479980 ) (-1784 0 663.479980 ) (-1784 -32 663.479980 ) (-1784 -32 815.479980 ) 
4 1128 1158 (-1784 0 888 ) (-1784 0 815.479980 ) (-1784 -32 815.479980 ) (-1784 -32 888 ) 
4 1129 1195 (-1784 0 535.479980 ) (-1784 0 400 ) (-1784 -32 400 ) (-1784 -32 535.479980 ) 
4 1129 1174 (-1784 0 640 ) (-1784 0 535.479980 ) (-1784 -32 535.479980 ) (-1784 -32 640 ) 
4 1130 1208 (-1784 0 159.240021 ) (-1784 0 144 ) (-1784 -32 144 ) (-1784 -32 159.240021 ) 
4 1130 1195 (-1784 0 384 ) (-1784 0 159.240021 ) (-1784 -32 159.240021 ) (-1784 -32 384 ) 
4 1131 1208 (-1784 0 128 ) (-1784 0 -632 ) (-1784 -32 -632 ) (-1784 -32 128 ) 
4 1132 1157 (-1784 -288 1160 ) (-1784 -288 1608 ) (-1784 -48 1608 ) (-1784 -48 1160 ) 
4 1133 1158 (-1784 -288 904 ) (-1784 -288 1055.479980 ) (-1784 -48 1055.479980 ) (-1784 -48 904 ) 
4 1133 1157 (-1784 -288 1055.479980 ) (-1784 -288 1144 ) (-1784 -48 1144 ) (-1784 -48 1055.479980 ) 
4 1134 1174 (-1784 -288 656 ) (-1784 -288 663.479980 ) (-1784 -48 663.479980 ) (-1784 -48 656 ) 
4 1134 1161 (-1784 -288 663.479980 ) (-1784 -288 815.479980 ) (-1784 -48 815.479980 ) (-1784 -48 663.479980 ) 
4 1134 1158 (-1784 -288 815.479980 ) (-1784 -288 888 ) (-1784 -48 888 ) (-1784 -48 815.479980 ) 
4 1135 1195 (-1784 -288 400 ) (-1784 -288 535.479980 ) (-1784 -48 535.479980 ) (-1784 -48 400 ) 
4 1135 1174 (-1784 -288 535.479980 ) (-1784 -288 640 ) (-1784 -48 640 ) (-1784 -48 535.479980 ) 
4 1136 1208 (-1784 -288 144 ) (-1784 -288 159.240021 ) (-1784 -48 159.240021 ) (-1784 -48 144 ) 
4 1136 1195 (-1784 -288 159.240021 ) (-1784 -288 384 ) (-1784 -48 384 ) (-1784 -48 159.240021 ) 
4 1137 1208 (-1784 -288 -632 ) (-1784 -288 128 ) (-1784 -48 128 ) (-1784 -48 -632 ) 
4 1138 1157 (-1784 -544 1608 ) (-1784 -304 1608 ) (-1784 -304 1160 ) (-1784 -544 1160 ) 
4 1139 1158 (-1784 -304 1055.479980 ) (-1784 -304 904 ) (-1784 -544 904 ) (-1784 -544 1055.479980 ) 
4 1139 1157 (-1784 -304 1144 ) (-1784 -304 1055.479980 ) (-1784 -544 1055.479980 ) (-1784 -544 1144 ) 
4 1140 1162 (-1784 -453 799.479980 ) (-1784 -544 799.479980 ) (-1784 -544 815.479980 ) (-1784 -453 815.479980 ) 
4 1140 1161 (-1784 -304 815.479980 ) (-1784 -304 799.479980 ) (-1784 -453 799.479980 ) (-1784 -453 815.479980 ) 
4 1140 1158 (-1784 -304 888 ) (-1784 -304 815.479980 ) (-1784 -544 815.479980 ) (-1784 -544 888 ) 
4 1140 1141 (-1784 -453 799.479980 ) (-1784 -304 799.479980 ) (-1768 -304 799.479980 ) (-1768 -453 799.479980 ) 
4 1141 1175 (-1784 -304 663.479980 ) (-1784 -304 656 ) (-1784 -453 656 ) (-1784 -453 663.479980 ) 
4 1141 1161 (-1784 -304 799.479980 ) (-1784 -304 663.479980 ) (-1784 -453 663.479980 ) (-1784 -453 799.479980 ) 
4 1142 1196 (-1784 -304 535.479980 ) (-1784 -304 400 ) (-1784 -453 400 ) (-1784 -453 535.479980 ) 
4 1142 1175 (-1784 -304 640 ) (-1784 -304 535.479980 ) (-1784 -453 535.479980 ) (-1784 -453 640 ) 
4 1142 1143 (-1784 -453 400 ) (-1768 -453 400 ) (-1768 -453 535.479980 ) (-1784 -453 535.479980 ) 
4 1143 1196 (-1784 -453 400 ) (-1784 -544 400 ) (-1784 -544 535.479980 ) (-1784 -453 535.479980 ) 
4 1144 1574 (-1768 -1024 1160 ) (-1768 -1024 1608 ) (-1776 -1024 1608 ) (-1776 -1024 1160 ) 
4 1144 1145 (-1776 -816 1160 ) (-1776 -800 1160 ) (-1768 -800 1160 ) (-1768 -816 1160 ) 
4 1144 1146 (-1776 -560 1608 ) (-1776 -560 1160 ) (-1776 -1024 1160 ) (-1776 -1024 1608 ) 
4 1145 1151 (-1768 -800 1144 ) (-1768 -816 1144 ) (-1776 -816 1144 ) (-1776 -800 1144 ) 
4 1145 1146 (-1776 -800 1144 ) (-1776 -816 1144 ) (-1776 -816 1160 ) (-1776 -800 1160 ) 
4 1146 1578 (-1784 -1024 1160 ) (-1784 -1024 1144 ) (-1776 -1024 1144 ) (-1776 -1024 1160 ) 
4 1146 1574 (-1776 -1024 1608 ) (-1784 -1024 1608 ) (-1784 -1024 1160 ) (-1776 -1024 1160 ) 
4 1146 1185 (-1784 -1024 1144 ) (-1784 -1024 1608 ) (-1784 -741 1608 ) (-1784 -741 1144 ) 
4 1146 1177 (-1784 -741 1608 ) (-1784 -560 1608 ) (-1784 -560 1144 ) (-1784 -741 1144 ) 
4 1146 1151 (-1784 -1024 1144 ) (-1784 -741 1144 ) (-1776 -741 1144 ) (-1776 -1024 1144 ) 
4 1146 1148 (-1784 -741 1144 ) (-1784 -560 1144 ) (-1776 -560 1144 ) (-1776 -741 1144 ) 
4 1147 1151 (-1768 -741 1054.959961 ) (-1768 -741 1144 ) (-1776 -741 1144 ) (-1776 -741 1054.959961 ) 
4 1147 1148 (-1776 -741 904 ) (-1776 -741 1144 ) (-1776 -560 1144 ) (-1776 -560 904 ) 
4 1148 1177 (-1784 -741 1144 ) (-1784 -560 1144 ) (-1784 -560 888 ) (-1784 -741 888 ) 
4 1148 1151 (-1776 -741 1144 ) (-1784 -741 1144 ) (-1784 -741 1054.959961 ) (-1776 -741 1054.959961 ) 
4 1148 1149 (-1776 -741 888 ) (-1784 -741 888 ) (-1784 -560 888 ) (-1776 -560 888 ) 
4 1149 1177 (-1784 -560 888 ) (-1784 -560 799.479980 ) (-1784 -741 799.479980 ) (-1784 -741 888 ) 
4 1150 1196 (-1784 -560 535.479980 ) (-1784 -560 400 ) (-1784 -741 400 ) (-1784 -741 535.479980 ) 
4 1150 1153 (-1784 -741 400 ) (-1768 -741 400 ) (-1768 -741 535.479980 ) (-1784 -741 535.479980 ) 
4 1151 1583 (-1768 -1024 1054.959961 ) (-1768 -1024 1144 ) (-1784 -1024 1144 ) (-1784 -1024 1054.959961 ) 
4 1151 1185 (-1784 -1024 1054.959961 ) (-1784 -1024 1144 ) (-1784 -741 1144 ) (-1784 -741 1054.959961 ) 
4 1152 1590 (-1768 -1024 543.479980 ) (-1768 -1024 783.479980 ) (-1784 -1024 783.479980 ) (-1784 -1024 543.479980 ) 
4 1152 1186 (-1784 -1024 543.479980 ) (-1784 -1024 783.479980 ) (-1784 -741 783.479980 ) (-1784 -741 543.479980 ) 
4 1153 1592 (-1768 -1024 400 ) (-1768 -1024 535.479980 ) (-1784 -1024 535.479980 ) (-1784 -1024 400 ) 
4 1153 1204 (-1784 -1024 400 ) (-1784 -1024 535.479980 ) (-1784 -926 535.479980 ) (-1784 -926 400 ) 
4 1153 1200 (-1784 -926 535.479980 ) (-1784 -859 535.479980 ) (-1784 -859 400 ) (-1784 -926 400 ) 
4 1153 1196 (-1784 -859 535.479980 ) (-1784 -741 535.479980 ) (-1784 -741 400 ) (-1784 -859 400 ) 
4 1154 1208 (-1784 -544 144 ) (-1784 -544 159.240021 ) (-1784 -304 159.240021 ) (-1784 -304 144 ) 
4 1154 1196 (-1784 -544 159.240021 ) (-1784 -544 384 ) (-1784 -304 384 ) (-1784 -304 159.240021 ) 
4 1155 1208 (-1784 -544 -632 ) (-1784 -544 128 ) (-1784 -304 128 ) (-1784 -304 -632 ) 
4 1156 1595 (-1768 -1024 -632 ) (-1768 -1024 384 ) (-1784 -1024 384 ) (-1784 -1024 -632 ) 
4 1156 1208 (-1784 -1024 -632 ) (-1784 -1024 159.240021 ) (-1784 -560 159.240021 ) (-1784 -560 -632 ) 
4 1156 1204 (-1784 -1024 159.240021 ) (-1784 -1024 384 ) (-1784 -926 384 ) (-1784 -926 159.240021 ) 
4 1156 1200 (-1784 -926 384 ) (-1784 -859 384 ) (-1784 -859 159.240021 ) (-1784 -926 159.240021 ) 
4 1156 1196 (-1784 -859 384 ) (-1784 -560 384 ) (-1784 -560 159.240021 ) (-1784 -859 159.240021 ) 
4 1157 1223 (-2048 0 1608 ) (-2048 0 1055.479980 ) (-2048 -549 1055.479980 ) (-2048 -549 1608 ) 
4 1157 1182 (-2048 -549 1608 ) (-2048 -549 1055.479980 ) (-1932 -549 1055.479980 ) (-1932 -549 1608 ) 
4 1157 1178 (-1932 -549 1055.479980 ) (-1868 -549 1055.479980 ) (-1868 -549 1608 ) (-1932 -549 1608 ) 
4 1157 1177 (-1868 -549 1055.479980 ) (-1784 -549 1055.479980 ) (-1784 -549 1608 ) (-1868 -549 1608 ) 
4 1157 1159 (-2048 -37 1055.479980 ) (-2048 0 1055.479980 ) (-2036 0 1055.479980 ) (-2036 -37 1055.479980 ) 
4 1157 1160 (-2036 -549 1055.479980 ) (-2048 -549 1055.479980 ) (-2048 -277 1055.479980 ) (-2036 -277 1055.479980 ) 
4 1157 1158 (-1784 -549 1055.479980 ) (-2036 -549 1055.479980 ) (-2036 0 1055.479980 ) (-1784 0 1055.479980 ) 
4 1158 1182 (-1932 -549 904 ) (-1932 -549 1055.479980 ) (-2036 -549 1055.479980 ) (-2036 -549 904 ) 
4 1158 1178 (-1932 -549 815.479980 ) (-1868 -549 815.479980 ) (-1868 -549 1055.479980 ) (-1932 -549 1055.479980 ) 
4 1158 1177 (-1868 -549 815.479980 ) (-1784 -549 815.479980 ) (-1784 -549 1055.479980 ) (-1868 -549 1055.479980 ) 
4 1158 1169 (-2036 -485 815.479980 ) (-2036 -469 815.479980 ) (-1868 -469 815.479980 ) (-1868 -485 815.479980 ) 
4 1158 1168 (-2036 -469 815.479980 ) (-2036 -293 815.479980 ) (-1868 -293 815.479980 ) (-1868 -469 815.479980 ) 
4 1158 1167 (-2020 -277 815.479980 ) (-1868 -277 815.479980 ) (-1868 -293 815.479980 ) (-2020 -293 815.479980 ) 
4 1158 1165 (-2020 -37 815.479980 ) (-1868 -37 815.479980 ) (-1868 -277 815.479980 ) (-2020 -277 815.479980 ) 
4 1158 1164 (-2036 -21 815.479980 ) (-2036 0 815.479980 ) (-2020 0 815.479980 ) (-2020 -21 815.479980 ) 
4 1158 1163 (-2020 0 815.479980 ) (-1868 0 815.479980 ) (-1868 -37 815.479980 ) (-2020 -37 815.479980 ) 
4 1158 1162 (-1784 -549 815.479980 ) (-1868 -549 815.479980 ) (-1868 -453 815.479980 ) (-1784 -453 815.479980 ) 
4 1158 1161 (-1868 -453 815.479980 ) (-1868 0 815.479980 ) (-1784 0 815.479980 ) (-1784 -453 815.479980 ) 
4 1158 1159 (-2036 0 815.479980 ) (-2036 -37 815.479980 ) (-2036 -37 1055.479980 ) (-2036 0 1055.479980 ) 
4 1158 1160 (-2036 -277 815.479980 ) (-2036 -549 815.479980 ) (-2036 -549 1055.479980 ) (-2036 -277 1055.479980 ) 
4 1159 1225 (-2048 -21 815.479980 ) (-2048 -37 815.479980 ) (-2048 -37 1055.479980 ) (-2048 -21 1055.479980 ) 
4 1159 1224 (-2048 0 1055.479980 ) (-2048 0 815.479980 ) (-2048 -21 815.479980 ) (-2048 -21 1055.479980 ) 
4 1159 1164 (-2048 -21 815.479980 ) (-2048 0 815.479980 ) (-2036 0 815.479980 ) (-2036 -21 815.479980 ) 
4 1160 1338 (-2048 -485 815.479980 ) (-2048 -549 815.479980 ) (-2048 -549 1055.479980 ) (-2048 -485 1055.479980 ) 
4 1160 1337 (-2048 -469 815.479980 ) (-2048 -485 815.479980 ) (-2048 -485 1055.479980 ) (-2048 -469 1055.479980 ) 
4 1160 1235 (-2048 -293 815.479980 ) (-2048 -469 815.479980 ) (-2048 -469 1055.479980 ) (-2048 -293 1055.479980 ) 
4 1160 1227 (-2048 -277 815.479980 ) (-2048 -293 815.479980 ) (-2048 -293 1055.479980 ) (-2048 -277 1055.479980 ) 
4 1160 1182 (-2048 -549 1055.479980 ) (-2048 -549 904 ) (-2036 -549 904 ) (-2036 -549 1055.479980 ) 
4 1160 1171 (-2048 -485 815.479980 ) (-2048 -293 815.479980 ) (-2044 -293 815.479980 ) (-2044 -485 815.479980 ) 
4 1160 1169 (-2036 -469 815.479980 ) (-2036 -485 815.479980 ) (-2044 -485 815.479980 ) (-2044 -469 815.479980 ) 
4 1160 1168 (-2044 -293 815.479980 ) (-2036 -293 815.479980 ) (-2036 -469 815.479980 ) (-2044 -469 815.479980 ) 
4 1161 1175 (-1868 -453 663.479980 ) (-1868 -293 663.479980 ) (-1784 -293 663.479980 ) (-1784 -453 663.479980 ) 
4 1161 1174 (-1868 -293 663.479980 ) (-1868 0 663.479980 ) (-1784 0 663.479980 ) (-1784 -293 663.479980 ) 
4 1161 1168 (-1868 -293 663.479980 ) (-1868 -453 663.479980 ) (-1868 -453 815.479980 ) (-1868 -293 815.479980 ) 
4 1161 1167 (-1868 -277 663.479980 ) (-1868 -293 663.479980 ) (-1868 -293 815.479980 ) (-1868 -277 815.479980 ) 
4 1161 1165 (-1868 -37 663.479980 ) (-1868 -277 663.479980 ) (-1868 -277 815.479980 ) (-1868 -37 815.479980 ) 
4 1161 1163 (-1868 0 663.479980 ) (-1868 -37 663.479980 ) (-1868 -37 815.479980 ) (-1868 0 815.479980 ) 
4 1161 1162 (-1868 -453 815.479980 ) (-1868 -453 799.479980 ) (-1784 -453 799.479980 ) (-1784 -453 815.479980 ) 
4 1162 1177 (-1784 -549 799.479980 ) (-1784 -549 815.479980 ) (-1868 -549 815.479980 ) (-1868 -549 799.479980 ) 
4 1162 1169 (-1868 -485 815.479980 ) (-1868 -469 815.479980 ) (-1868 -469 799.479980 ) (-1868 -485 799.479980 ) 
4 1162 1168 (-1868 -469 815.479980 ) (-1868 -453 815.479980 ) (-1868 -453 799.479980 ) (-1868 -469 799.479980 ) 
4 1163 1174 (-2020 0 663.479980 ) (-1868 0 663.479980 ) (-1868 -37 663.479980 ) (-2020 -37 663.479980 ) 
4 1163 1165 (-2020 -37 663.479980 ) (-1868 -37 663.479980 ) (-1868 -37 815.479980 ) (-2020 -37 815.479980 ) 
4 1163 1164 (-2020 0 663.479980 ) (-2020 -21 663.479980 ) (-2020 -21 815.479980 ) (-2020 0 815.479980 ) 
4 1164 1224 (-2048 0 815.479980 ) (-2048 0 663.479980 ) (-2048 -21 663.479980 ) (-2048 -21 815.479980 ) 
4 1165 1174 (-2020 -37 663.479980 ) (-1868 -37 663.479980 ) (-1868 -277 663.479980 ) (-2020 -277 663.479980 ) 
4 1165 1167 (-2020 -277 663.479980 ) (-1868 -277 663.479980 ) (-1868 -277 815.479980 ) (-2020 -277 815.479980 ) 
4 1166 1226 (-2048 -277 671.479980 ) (-2048 -277 815.479980 ) (-2048 -37 815.479980 ) (-2048 -37 671.479980 ) 
4 1167 1174 (-2020 -277 663.479980 ) (-1868 -277 663.479980 ) (-1868 -293 663.479980 ) (-2020 -293 663.479980 ) 
4 1167 1168 (-2020 -293 663.479980 ) (-1868 -293 663.479980 ) (-1868 -293 815.479980 ) (-2020 -293 815.479980 ) 
4 1168 1175 (-1964 -293 663.479980 ) (-1868 -293 663.479980 ) (-1868 -453 663.479980 ) (-1964 -453 663.479980 ) 
4 1168 1171 (-2044 -293 815.479980 ) (-2044 -293 799.479980 ) (-2044 -469 799.479980 ) (-2044 -469 815.479980 ) 
4 1168 1172 (-2044 -293 671.479980 ) (-2044 -293 663.479980 ) (-2044 -469 663.479980 ) (-2044 -469 671.479980 ) 
4 1168 1169 (-2044 -469 815.479980 ) (-2044 -469 799.479980 ) (-1868 -469 799.479980 ) (-1868 -469 815.479980 ) 
4 1168 1170 (-2044 -469 671.479980 ) (-2044 -469 663.479980 ) (-1868 -469 663.479980 ) (-1868 -469 671.479980 ) 
4 1169 1171 (-2044 -485 799.479980 ) (-2044 -485 815.479980 ) (-2044 -469 815.479980 ) (-2044 -469 799.479980 ) 
4 1170 1172 (-2044 -469 663.479980 ) (-2044 -485 663.479980 ) (-2044 -485 671.479980 ) (-2044 -469 671.479980 ) 
4 1171 1337 (-2048 -485 799.479980 ) (-2048 -485 815.479980 ) (-2048 -469 815.479980 ) (-2048 -469 799.479980 ) 
4 1171 1235 (-2048 -469 815.479980 ) (-2048 -293 815.479980 ) (-2048 -293 799.479980 ) (-2048 -469 799.479980 ) 
4 1172 1344 (-2048 -469 663.479980 ) (-2048 -485 663.479980 ) (-2048 -485 671.479980 ) (-2048 -469 671.479980 ) 
4 1172 1236 (-2048 -293 663.479980 ) (-2048 -469 663.479980 ) (-2048 -469 671.479980 ) (-2048 -293 671.479980 ) 
4 1173 1339 (-2048 -549 671.479980 ) (-2048 -549 799.479980 ) (-2048 -485 799.479980 ) (-2048 -485 671.479980 ) 
4 1173 1180 (-1932 -549 671.479980 ) (-1868 -549 671.479980 ) (-1868 -549 799.479980 ) (-1932 -549 799.479980 ) 
4 1174 1209 (-2020 0 535.479980 ) (-1980 0 535.479980 ) (-1980 -293 535.479980 ) (-2020 -293 535.479980 ) 
4 1174 1195 (-1980 0 535.479980 ) (-1784 0 535.479980 ) (-1784 -293 535.479980 ) (-1980 -293 535.479980 ) 
4 1174 1175 (-1964 -293 535.479980 ) (-1784 -293 535.479980 ) (-1784 -293 663.479980 ) (-1964 -293 663.479980 ) 
4 1175 1197 (-1879 -453 535.479980 ) (-1964 -453 535.479980 ) (-1964 -293 535.479980 ) (-1879 -293 535.479980 ) 
4 1175 1196 (-1784 -293 535.479980 ) (-1784 -453 535.479980 ) (-1879 -453 535.479980 ) (-1879 -293 535.479980 ) 
4 1176 1346 (-2048 -469 535.479980 ) (-2048 -549 535.479980 ) (-2048 -549 647.479980 ) (-2048 -469 647.479980 ) 
4 1176 1248 (-2048 -453 535.479980 ) (-2048 -469 535.479980 ) (-2048 -469 647.479980 ) (-2048 -453 647.479980 ) 
4 1176 1216 (-2044 -549 535.479980 ) (-2048 -549 535.479980 ) (-2048 -533 535.479980 ) (-2044 -533 535.479980 ) 
4 1176 1215 (-1980 -549 535.479980 ) (-2044 -549 535.479980 ) (-2044 -533 535.479980 ) (-1980 -533 535.479980 ) 
4 1176 1212 (-2048 -533 535.479980 ) (-2048 -469 535.479980 ) (-1980 -469 535.479980 ) (-1980 -533 535.479980 ) 
4 1176 1210 (-2048 -469 535.479980 ) (-2048 -453 535.479980 ) (-1980 -453 535.479980 ) (-1980 -469 535.479980 ) 
4 1176 1199 (-1964 -549 535.479980 ) (-1980 -549 535.479980 ) (-1980 -453 535.479980 ) (-1964 -453 535.479980 ) 
4 1176 1183 (-2048 -549 647.479980 ) (-2048 -549 535.479980 ) (-1964 -549 535.479980 ) (-1964 -549 647.479980 ) 
4 1177 1185 (-1784 -741 1054.959961 ) (-1784 -741 1608 ) (-1868 -741 1608 ) (-1868 -741 1054.959961 ) 
5 1177 1178 (-1868 -549 1608 ) (-1868 -549 815.480042 ) (-1868 -573 799.479980 ) (-1868 -741 799.479980 ) (-1868 -741 1608 ) 
4 1178 1185 (-1868 -741 1054.959961 ) (-1868 -741 1608 ) (-1932 -741 1608 ) (-1932 -741 1054.959961 ) 
4 1178 1182 (-1932 -549 1608 ) (-1932 -549 904 ) (-1932 -741 904 ) (-1932 -741 1608 ) 
4 1178 1179 (-1932 -725 799.479980 ) (-1932 -573 799.479980 ) (-1868 -573 799.479980 ) (-1868 -725 799.479980 ) 
4 1180 1186 (-1868 -741 543.480042 ) (-1868 -741 671.479980 ) (-1932 -741 671.479919 ) (-1932 -741 543.479980 ) 
4 1181 1197 (-1879 -741 535.479980 ) (-1932 -741 535.479980 ) (-1932 -549 535.479980 ) (-1879 -549 535.479980 ) 
4 1181 1196 (-1868 -741 535.479980 ) (-1879 -741 535.479980 ) (-1879 -549 535.479980 ) (-1868 -549 535.479980 ) 
4 1182 1362 (-2048 -741 904 ) (-2048 -741 1055.479980 ) (-2048 -661 1055.479980 ) (-2048 -661 904 ) 
4 1182 1360 (-2048 -661 1055.479980 ) (-2048 -597 1055.479980 ) (-2048 -597 904 ) (-2048 -661 904 ) 
4 1182 1352 (-2048 -565 1055.479980 ) (-2048 -549 1055.479980 ) (-2048 -549 904 ) (-2048 -565 904 ) 
4 1182 1353 (-2048 -597 1055.479980 ) (-2048 -565 1055.479980 ) (-2048 -565 904 ) (-2048 -597 904 ) 
4 1182 1223 (-2048 -741 1055.479980 ) (-2048 -741 1608 ) (-2048 -549 1608 ) (-2048 -549 1055.479980 ) 
4 1182 1187 (-1948 -741 1608 ) (-1964 -741 1608 ) (-1964 -741 904 ) (-1948 -741 904 ) 
4 1182 1188 (-1964 -741 1608 ) (-2048 -741 1608 ) (-2048 -741 904 ) (-1964 -741 904 ) 
4 1182 1185 (-1932 -741 1054.959961 ) (-1932 -741 1608 ) (-1948 -741 1608 ) (-1948 -741 1054.959961 ) 
4 1182 1184 (-1964 -565 904 ) (-1964 -741 904 ) (-2048 -741 904 ) (-2048 -565 904 ) 
4 1183 1355 (-2048 -549 535.479980 ) (-2048 -565 535.479980 ) (-2048 -565 671.479980 ) (-2048 -549 671.479980 ) 
4 1183 1216 (-2048 -565 535.479980 ) (-2048 -549 535.479980 ) (-2044 -549 535.479980 ) (-2044 -565 535.479980 ) 
4 1183 1215 (-2044 -549 535.479980 ) (-1980 -549 535.479980 ) (-1980 -565 535.479980 ) (-2044 -565 535.479980 ) 
4 1183 1199 (-1980 -549 535.479980 ) (-1964 -549 535.479980 ) (-1964 -565 535.479980 ) (-1980 -565 535.479980 ) 
4 1183 1184 (-2048 -565 535.479980 ) (-1964 -565 535.479980 ) (-1964 -565 671.479980 ) (-2048 -565 671.479980 ) 
4 1184 1362 (-2048 -661 535.479980 ) (-2048 -741 535.479980 ) (-2048 -741 904 ) (-2048 -661 904 ) 
4 1184 1360 (-2048 -597 535.479980 ) (-2048 -661 535.479980 ) (-2048 -661 904 ) (-2048 -597 904 ) 
4 1184 1355 (-2048 -565 535.479980 ) (-2048 -597 535.479980 ) (-2048 -597 671.479980 ) (-2048 -565 671.479980 ) 
4 1184 1353 (-2048 -597 671.479980 ) (-2048 -597 904 ) (-2048 -565 904 ) (-2048 -565 671.479980 ) 
4 1184 1217 (-2048 -661 535.479980 ) (-2048 -597 535.479980 ) (-2044 -597 535.479980 ) (-2044 -661 535.479980 ) 
4 1184 1216 (-2048 -597 535.479980 ) (-2048 -565 535.479980 ) (-2044 -565 535.479980 ) (-2044 -597 535.479980 ) 
4 1184 1219 (-2044 -741 535.479980 ) (-2048 -741 535.479980 ) (-2048 -661 535.479980 ) (-2044 -661 535.479980 ) 
4 1184 1215 (-1980 -741 535.479980 ) (-2044 -741 535.479980 ) (-2044 -565 535.479980 ) (-1980 -565 535.479980 ) 
4 1184 1199 (-1964 -741 535.479980 ) (-1980 -741 535.479980 ) (-1980 -565 535.479980 ) (-1964 -565 535.479980 ) 
4 1184 1194 (-2048 -741 535.479980 ) (-1964 -741 535.479980 ) (-1964 -741 567.479980 ) (-2048 -741 567.479980 ) 
4 1184 1193 (-1964 -741 567.479980 ) (-1964 -741 671.479980 ) (-2048 -741 671.479980 ) (-2048 -741 567.479980 ) 
4 1184 1188 (-1964 -741 671.479980 ) (-1964 -741 904 ) (-2048 -741 904 ) (-2048 -741 671.479980 ) 
4 1185 1583 (-1784 -1024 1054.959961 ) (-1784 -1024 1144 ) (-1948 -1024 1144 ) (-1948 -1024 1054.959961 ) 
4 1185 1578 (-1784 -1024 1144 ) (-1784 -1024 1160 ) (-1948 -1024 1160 ) (-1948 -1024 1144 ) 
4 1185 1574 (-1784 -1024 1160 ) (-1784 -1024 1608 ) (-1948 -1024 1608 ) (-1948 -1024 1160 ) 
4 1185 1187 (-1948 -741 1608 ) (-1948 -741 1054.959961 ) (-1948 -1024 1054.959961 ) (-1948 -1024 1608 ) 
4 1186 1590 (-1784 -1024 543.479980 ) (-1784 -1024 783.479980 ) (-1948 -1024 783.479980 ) (-1948 -1024 543.479980 ) 
4 1186 1192 (-1948 -1013 567.479980 ) (-1948 -1024 567.479980 ) (-1948 -1024 671.479980 ) (-1948 -1013 671.479980 ) 
4 1186 1190 (-1948 -853 567.479980 ) (-1948 -917 567.479980 ) (-1948 -917 671.479980 ) (-1948 -853 671.479980 ) 
4 1186 1191 (-1948 -933 567.479980 ) (-1948 -997 567.479980 ) (-1948 -997 671.479980 ) (-1948 -933 671.479980 ) 
4 1186 1189 (-1948 -773 567.479980 ) (-1948 -837 567.479980 ) (-1948 -837 671.479980 ) (-1948 -773 671.479980 ) 
4 1187 1600 (-1948 -1024 783.479980 ) (-1948 -1024 1608 ) (-1964 -1024 1608 ) (-1964 -1024 783.479980 ) 
4 1187 1188 (-1964 -1024 783.479980 ) (-1964 -1024 1608 ) (-1964 -741 1608 ) (-1964 -741 783.479980 ) 
4 1188 1603 (-2048 -1024 1608 ) (-2048 -1024 671.479980 ) (-1964 -1024 671.479980 ) (-1964 -1024 1608 ) 
4 1188 1499 (-2048 -1024 671.479980 ) (-2048 -1024 1055.479980 ) (-2048 -965 1055.479980 ) (-2048 -965 671.479980 ) 
4 1188 1492 (-2048 -965 1055.479980 ) (-2048 -853 1055.479980 ) (-2048 -853 671.479980 ) (-2048 -965 671.479980 ) 
4 1188 1362 (-2048 -853 1055.479980 ) (-2048 -741 1055.479980 ) (-2048 -741 671.479980 ) (-2048 -853 671.479980 ) 
4 1188 1223 (-2048 -1024 1055.479980 ) (-2048 -1024 1608 ) (-2048 -741 1608 ) (-2048 -741 1055.479980 ) 
4 1188 1193 (-2048 -741 671.479980 ) (-1964 -741 671.479980 ) (-1964 -1024 671.479980 ) (-2048 -1024 671.479980 ) 
4 1189 1193 (-1964 -773 567.479980 ) (-1964 -837 567.479980 ) (-1964 -837 671.479980 ) (-1964 -773 671.479980 ) 
4 1190 1193 (-1964 -853 567.479980 ) (-1964 -917 567.479980 ) (-1964 -917 671.479980 ) (-1964 -853 671.479980 ) 
4 1191 1193 (-1964 -933 567.479980 ) (-1964 -997 567.479980 ) (-1964 -997 671.479980 ) (-1964 -933 671.479980 ) 
4 1192 1601 (-1964 -1024 567.479980 ) (-1948 -1024 567.479980 ) (-1948 -1024 671.479980 ) (-1964 -1024 671.479980 ) 
4 1192 1193 (-1964 -1013 567.479980 ) (-1964 -1024 567.479980 ) (-1964 -1024 671.479980 ) (-1964 -1013 671.479980 ) 
4 1193 1603 (-2048 -1024 671.479980 ) (-2048 -1024 567.479980 ) (-1964 -1024 567.479980 ) (-1964 -1024 671.479980 ) 
4 1193 1499 (-2048 -1024 567.479980 ) (-2048 -1024 671.479980 ) (-2048 -965 671.479980 ) (-2048 -965 567.479980 ) 
4 1193 1492 (-2048 -965 671.479980 ) (-2048 -853 671.479980 ) (-2048 -853 567.479980 ) (-2048 -965 567.479980 ) 
4 1193 1362 (-2048 -853 671.479980 ) (-2048 -741 671.479980 ) (-2048 -741 567.479980 ) (-2048 -853 567.479980 ) 
4 1193 1194 (-2048 -1024 567.479980 ) (-2048 -741 567.479980 ) (-1964 -741 567.479980 ) (-1964 -1024 567.479980 ) 
4 1194 1605 (-2048 -1024 567.479980 ) (-2048 -1024 535.479980 ) (-1980 -1024 535.479980 ) (-1980 -1024 567.479980 ) 
4 1194 1604 (-1980 -1024 535.479980 ) (-1964 -1024 535.479980 ) (-1964 -1024 567.479980 ) (-1980 -1024 567.479980 ) 
4 1194 1499 (-2048 -965 535.479980 ) (-2048 -1024 535.479980 ) (-2048 -1024 567.479980 ) (-2048 -965 567.479980 ) 
4 1194 1492 (-2048 -853 535.479980 ) (-2048 -965 535.479980 ) (-2048 -965 567.479980 ) (-2048 -853 567.479980 ) 
4 1194 1362 (-2048 -741 535.479980 ) (-2048 -853 535.479980 ) (-2048 -853 567.479980 ) (-2048 -741 567.479980 ) 
4 1194 1219 (-2044 -1024 535.479980 ) (-2048 -1024 535.479980 ) (-2048 -741 535.479980 ) (-2044 -741 535.479980 ) 
4 1194 1215 (-1980 -1024 535.479980 ) (-2044 -1024 535.479980 ) (-2044 -741 535.479980 ) (-1980 -741 535.479980 ) 
4 1194 1207 (-1964 -1024 535.479980 ) (-1980 -1024 535.479980 ) (-1980 -926 535.479980 ) (-1964 -926 535.479980 ) 
4 1194 1202 (-1980 -926 535.479980 ) (-1980 -862 535.479980 ) (-1964 -862 535.479980 ) (-1964 -926 535.479980 ) 
4 1194 1201 (-1980 -862 535.479980 ) (-1980 -859 535.479980 ) (-1964 -859 535.479980 ) (-1964 -862 535.479980 ) 
4 1194 1199 (-1980 -859 535.479980 ) (-1980 -741 535.479980 ) (-1964 -741 535.479980 ) (-1964 -859 535.479980 ) 
4 1195 1211 (-1980 0 159.480011 ) (-1980 0 159.240021 ) (-1980 -293 159.240021 ) (-1980 -293 159.480011 ) 
4 1195 1209 (-1980 -293 535.479980 ) (-1980 0 535.479980 ) (-1980 0 159.480011 ) (-1980 -293 159.480011 ) 
4 1195 1208 (-1980 -293 159.240021 ) (-1980 0 159.240021 ) (-1784 0 159.240021 ) (-1784 -293 159.240021 ) 
4 1195 1198 (-1980 -293 159.480011 ) (-1980 -293 159.240021 ) (-1964 -293 159.240021 ) (-1964 -293 159.480011 ) 
4 1195 1197 (-1879 -293 535.239990 ) (-1879 -293 535.479980 ) (-1964 -293 535.479980 ) (-1964 -293 535.239990 ) 
4 1195 1196 (-1879 -293 159.240021 ) (-1784 -293 159.240021 ) (-1784 -293 535.479980 ) (-1879 -293 535.479980 ) 
4 1196 1208 (-1879 -293 159.240021 ) (-1784 -293 159.240021 ) (-1784 -859 159.240021 ) (-1879 -859 159.240021 ) 
4 1196 1201 (-1879 -859 159.240021 ) (-1837 -859 159.240021 ) (-1837 -859 535.479980 ) (-1879 -859 535.479980 ) 
4 1196 1200 (-1837 -859 159.240021 ) (-1784 -859 159.240021 ) (-1784 -859 535.479980 ) (-1837 -859 535.479980 ) 
4 1196 1197 (-1879 -293 535.479980 ) (-1879 -293 535.239990 ) (-1879 -859 535.239990 ) (-1879 -859 535.479980 ) 
4 1197 1201 (-1879 -859 535.239990 ) (-1879 -859 535.479980 ) (-1964 -859 535.479980 ) (-1964 -859 535.239990 ) 
4 1197 1199 (-1964 -453 535.239990 ) (-1964 -859 535.239990 ) (-1964 -859 535.479980 ) (-1964 -453 535.479980 ) 
4 1198 1211 (-1980 -293 159.480011 ) (-1980 -293 159.240021 ) (-1980 -453 159.240021 ) (-1980 -453 159.480011 ) 
4 1198 1208 (-1980 -453 159.240021 ) (-1980 -293 159.240021 ) (-1964 -293 159.240021 ) (-1964 -453 159.240021 ) 
4 1198 1199 (-1980 -453 159.480011 ) (-1980 -453 159.240021 ) (-1964 -453 159.240021 ) (-1964 -453 159.480011 ) 
4 1199 1222 (-1980 -533 215.480011 ) (-1980 -533 159.240021 ) (-1980 -859 159.240021 ) (-1980 -859 215.480011 ) 
4 1199 1215 (-1980 -859 535.479980 ) (-1980 -533 535.479980 ) (-1980 -533 223.480011 ) (-1980 -859 223.480011 ) 
4 1199 1214 (-1980 -469 215.480011 ) (-1980 -469 159.240021 ) (-1980 -533 159.240021 ) (-1980 -533 215.480011 ) 
4 1199 1212 (-1980 -533 535.479980 ) (-1980 -469 535.479980 ) (-1980 -469 479.480042 ) (-1980 -533 479.480042 ) 
4 1199 1213 (-1980 -469 471.480042 ) (-1980 -469 223.480011 ) (-1980 -533 223.480011 ) (-1980 -533 471.480042 ) 
4 1199 1211 (-1980 -453 159.480011 ) (-1980 -453 159.240021 ) (-1980 -469 159.240021 ) (-1980 -469 159.480011 ) 
4 1199 1210 (-1980 -469 535.479980 ) (-1980 -453 535.479980 ) (-1980 -453 159.480011 ) (-1980 -469 159.480011 ) 
4 1199 1208 (-1980 -859 159.240021 ) (-1980 -453 159.240021 ) (-1964 -453 159.240021 ) (-1964 -859 159.240021 ) 
4 1199 1201 (-1980 -859 535.479980 ) (-1980 -859 159.240021 ) (-1964 -859 159.240021 ) (-1964 -859 535.479980 ) 
4 1200 1208 (-1837 -859 159.240021 ) (-1784 -859 159.240021 ) (-1784 -926 159.240021 ) (-1837 -926 159.240021 ) 
4 1200 1204 (-1837 -926 159.240021 ) (-1784 -926 159.240021 ) (-1784 -926 535.479980 ) (-1837 -926 535.479980 ) 
4 1200 1202 (-1837 -926 224 ) (-1837 -926 535.479980 ) (-1837 -862 535.479980 ) (-1837 -862 224 ) 
4 1200 1203 (-1837 -862 159.240021 ) (-1837 -926 159.240021 ) (-1837 -926 216 ) (-1837 -862 216 ) 
4 1200 1201 (-1837 -859 535.479980 ) (-1837 -859 159.240021 ) (-1837 -862 159.240021 ) (-1837 -862 535.479980 ) 
4 1201 1222 (-1980 -859 215.480011 ) (-1980 -859 159.240021 ) (-1980 -862 159.240021 ) (-1980 -862 215.480011 ) 
4 1201 1215 (-1980 -862 535.479980 ) (-1980 -859 535.479980 ) (-1980 -859 223.480011 ) (-1980 -862 223.480011 ) 
4 1201 1208 (-1980 -862 159.240021 ) (-1980 -859 159.240021 ) (-1837 -859 159.240021 ) (-1837 -862 159.240021 ) 
4 1201 1202 (-1980 -862 535.479980 ) (-1980 -862 224 ) (-1837 -862 224 ) (-1837 -862 535.479980 ) 
4 1201 1203 (-1980 -862 216 ) (-1980 -862 159.240021 ) (-1837 -862 159.240021 ) (-1837 -862 216 ) 
4 1202 1215 (-1980 -926 535.479980 ) (-1980 -862 535.479980 ) (-1980 -862 224 ) (-1980 -926 224 ) 
4 1202 1205 (-1948 -926 224 ) (-1863 -926 224 ) (-1863 -926 535.479980 ) (-1948 -926 535.479980 ) 
4 1202 1204 (-1863 -926 224 ) (-1837 -926 224 ) (-1837 -926 535.479980 ) (-1863 -926 535.479980 ) 
4 1202 1207 (-1980 -926 535.479980 ) (-1980 -926 224 ) (-1948 -926 224 ) (-1948 -926 535.479980 ) 
4 1203 1222 (-1980 -862 215.480011 ) (-1980 -862 159.240021 ) (-1980 -926 159.240021 ) (-1980 -926 215.480011 ) 
4 1203 1208 (-1980 -926 159.240021 ) (-1980 -862 159.240021 ) (-1837 -862 159.240021 ) (-1837 -926 159.240021 ) 
4 1203 1205 (-1948 -926 159.240021 ) (-1863 -926 159.240021 ) (-1863 -926 216 ) (-1948 -926 216 ) 
4 1203 1204 (-1863 -926 159.240021 ) (-1837 -926 159.240021 ) (-1837 -926 216 ) (-1863 -926 216 ) 
4 1203 1207 (-1980 -926 216 ) (-1980 -926 159.240021 ) (-1948 -926 159.240021 ) (-1948 -926 216 ) 
4 1204 1596 (-1784 -1024 159.240021 ) (-1784 -1024 535.479980 ) (-1863 -1024 535.479980 ) (-1863 -1024 159.240021 ) 
4 1204 1208 (-1863 -926 159.240021 ) (-1784 -926 159.240021 ) (-1784 -1024 159.240021 ) (-1863 -1024 159.240021 ) 
4 1204 1206 (-1863 -1024 535.239990 ) (-1863 -1024 535.479980 ) (-1863 -932 535.479980 ) (-1863 -932 535.239990 ) 
4 1204 1205 (-1863 -926 535.479980 ) (-1863 -926 159.240021 ) (-1863 -932 159.240021 ) (-1863 -932 535.479980 ) 
4 1205 1208 (-1948 -926 159.240021 ) (-1863 -926 159.240021 ) (-1863 -932 159.240021 ) (-1948 -932 159.240021 ) 
4 1205 1206 (-1948 -932 535.479980 ) (-1948 -932 535.239990 ) (-1863 -932 535.239990 ) (-1863 -932 535.479980 ) 
4 1205 1207 (-1948 -926 535.479980 ) (-1948 -926 159.240021 ) (-1948 -932 159.240021 ) (-1948 -932 535.479980 ) 
4 1206 1597 (-1863 -1024 535.479980 ) (-1948 -1024 535.479980 ) (-1948 -1024 535.239990 ) (-1863 -1024 535.239990 ) 
4 1206 1207 (-1948 -1024 535.239990 ) (-1948 -1024 535.479980 ) (-1948 -932 535.479980 ) (-1948 -932 535.239990 ) 
4 1207 1620 (-1980 -1024 159.480011 ) (-1980 -1024 159.240021 ) (-1948 -1024 159.240021 ) (-1948 -1024 159.480011 ) 
4 1207 1604 (-1964 -1024 535.479980 ) (-1980 -1024 535.479980 ) (-1980 -1024 159.480011 ) (-1964 -1024 159.480011 ) 
4 1207 1602 (-1948 -1024 535.479980 ) (-1964 -1024 535.479980 ) (-1964 -1024 159.480011 ) (-1948 -1024 159.480011 ) 
4 1207 1222 (-1980 -1024 159.240021 ) (-1980 -1024 215.480011 ) (-1980 -926 215.480011 ) (-1980 -926 159.240021 ) 
4 1207 1215 (-1980 -1024 223.480011 ) (-1980 -1024 535.479980 ) (-1980 -926 535.479980 ) (-1980 -926 223.480011 ) 
4 1207 1208 (-1980 -1024 159.240021 ) (-1980 -926 159.240021 ) (-1948 -926 159.240021 ) (-1948 -1024 159.240021 ) 
4 1208 1620 (-1948 -1024 159.240021 ) (-1980 -1024 159.240021 ) (-1980 -1024 -632 ) (-1948 -1024 -632 ) 
4 1208 1599 (-1784 -1024 -632 ) (-1784 -1024 159.240021 ) (-1948 -1024 159.240021 ) (-1948 -1024 -632 ) 
4 1208 1222 (-1980 -1024 -632 ) (-1980 -1024 159.240021 ) (-1980 -533 159.240021 ) (-1980 -533 -632 ) 
4 1208 1214 (-1980 -533 159.240021 ) (-1980 -469 159.240021 ) (-1980 -469 -632 ) (-1980 -533 -632 ) 
4 1208 1211 (-1980 -469 159.240021 ) (-1980 0 159.240021 ) (-1980 0 -632 ) (-1980 -469 -632 ) 
4 1209 1211 (-2020 0 159.480011 ) (-1980 0 159.480011 ) (-1980 -293 159.480011 ) (-2020 -293 159.480011 ) 
4 1210 1248 (-2048 -453 159.480011 ) (-2048 -469 159.480011 ) (-2048 -469 535.479980 ) (-2048 -453 535.479980 ) 
4 1210 1214 (-1980 -469 159.480011 ) (-1980 -469 215.480011 ) (-2048 -469 215.480011 ) (-2048 -469 159.480011 ) 
4 1210 1212 (-1980 -469 479.480042 ) (-1980 -469 535.479980 ) (-2048 -469 535.479980 ) (-2048 -469 479.480042 ) 
4 1210 1213 (-1980 -469 223.480011 ) (-1980 -469 471.480042 ) (-2048 -469 471.480042 ) (-2048 -469 223.480011 ) 
4 1210 1211 (-1980 -469 159.480011 ) (-2048 -469 159.480011 ) (-2048 -453 159.480011 ) (-1980 -453 159.480011 ) 
4 1211 1250 (-2048 0 159.480011 ) (-2048 0 -632 ) (-2048 -469 -632 ) (-2048 -469 159.480011 ) 
4 1211 1214 (-1980 -469 -632 ) (-1980 -469 159.480011 ) (-2048 -469 159.480011 ) (-2048 -469 -632 ) 
4 1212 1346 (-2048 -533 479.480042 ) (-2048 -533 535.479980 ) (-2048 -469 535.479980 ) (-2048 -469 479.480042 ) 
4 1212 1216 (-2044 -533 535.479980 ) (-2048 -533 535.479980 ) (-2048 -533 479.480042 ) (-2044 -533 479.480042 ) 
4 1212 1215 (-1980 -533 479.480042 ) (-1980 -533 535.479980 ) (-2044 -533 535.479980 ) (-2044 -533 479.480042 ) 
4 1213 1349 (-2048 -533 223.480011 ) (-2048 -533 471.480042 ) (-2048 -469 471.480042 ) (-2048 -469 223.480011 ) 
4 1213 1216 (-2044 -533 471.480042 ) (-2048 -533 471.480042 ) (-2048 -533 223.480011 ) (-2044 -533 223.480011 ) 
4 1213 1215 (-1980 -533 223.480011 ) (-1980 -533 471.480042 ) (-2044 -533 471.480042 ) (-2044 -533 223.480011 ) 
4 1214 1491 (-2048 -533 -632 ) (-2048 -533 159.480011 ) (-2048 -469 159.480011 ) (-2048 -469 -632 ) 
4 1214 1350 (-2048 -533 159.480011 ) (-2048 -533 215.480011 ) (-2048 -469 215.480011 ) (-2048 -469 159.480011 ) 
4 1214 1222 (-1980 -533 -632 ) (-1980 -533 215.480011 ) (-2048 -533 215.480011 ) (-2048 -533 -632 ) 
4 1215 1605 (-1980 -1024 223.480011 ) (-1980 -1024 535.479980 ) (-2044 -1024 535.479980 ) (-2044 -1024 223.480011 ) 
4 1215 1217 (-2044 -661 479.480042 ) (-2044 -661 535.479980 ) (-2044 -597 535.479980 ) (-2044 -597 479.480042 ) 
4 1215 1218 (-2044 -597 223.480011 ) (-2044 -661 223.480011 ) (-2044 -661 471.480042 ) (-2044 -597 471.480042 ) 
4 1215 1216 (-2044 -533 535.479980 ) (-2044 -533 223.480011 ) (-2044 -597 223.480011 ) (-2044 -597 535.479980 ) 
4 1215 1219 (-2044 -661 223.480011 ) (-2044 -1024 223.480011 ) (-2044 -1024 535.479980 ) (-2044 -661 535.479980 ) 
4 1216 1368 (-2048 -549 431.480042 ) (-2048 -549 223.480011 ) (-2048 -597 223.480011 ) (-2048 -597 431.480042 ) 
4 1216 1355 (-2048 -597 535.479980 ) (-2048 -549 535.479980 ) (-2048 -549 431.480042 ) (-2048 -597 431.480042 ) 
4 1216 1351 (-2048 -533 471.480042 ) (-2048 -533 223.480011 ) (-2048 -549 223.480011 ) (-2048 -549 471.480042 ) 
4 1216 1348 (-2048 -533 479.480042 ) (-2048 -533 471.480042 ) (-2048 -549 471.480042 ) (-2048 -549 479.480042 ) 
4 1216 1346 (-2048 -549 535.479980 ) (-2048 -533 535.479980 ) (-2048 -533 479.480042 ) (-2048 -549 479.480042 ) 
4 1216 1220 (-2048 -533 223.480011 ) (-2044 -533 223.480011 ) (-2044 -597 223.480011 ) (-2048 -597 223.480011 ) 
4 1216 1217 (-2044 -597 479.480042 ) (-2044 -597 535.479980 ) (-2048 -597 535.479980 ) (-2048 -597 479.480042 ) 
4 1216 1218 (-2048 -597 223.480011 ) (-2044 -597 223.480011 ) (-2044 -597 471.480042 ) (-2048 -597 471.480042 ) 
4 1217 1360 (-2048 -661 535.479980 ) (-2048 -597 535.479980 ) (-2048 -597 479.480042 ) (-2048 -661 479.480042 ) 
4 1217 1219 (-2044 -661 479.480042 ) (-2044 -661 535.479980 ) (-2048 -661 535.479980 ) (-2048 -661 479.480042 ) 
4 1218 1370 (-2048 -645 223.480011 ) (-2048 -661 223.480011 ) (-2048 -661 423.480042 ) (-2048 -645 423.480042 ) 
4 1218 1369 (-2048 -661 423.480042 ) (-2048 -661 431.480042 ) (-2048 -645 431.480042 ) (-2048 -645 423.480042 ) 
4 1218 1368 (-2048 -597 431.480042 ) (-2048 -597 223.480011 ) (-2048 -645 223.480011 ) (-2048 -645 431.480042 ) 
4 1218 1361 (-2048 -597 471.480042 ) (-2048 -597 431.480042 ) (-2048 -661 431.480042 ) (-2048 -661 471.480042 ) 
4 1218 1220 (-2044 -597 223.480011 ) (-2044 -661 223.480011 ) (-2048 -661 223.480011 ) (-2048 -597 223.480011 ) 
4 1218 1219 (-2048 -661 223.480011 ) (-2044 -661 223.480011 ) (-2044 -661 471.480042 ) (-2048 -661 471.480042 ) 
4 1219 1605 (-2044 -1024 535.479980 ) (-2048 -1024 535.479980 ) (-2048 -1024 223.480011 ) (-2044 -1024 223.480011 ) 
4 1219 1512 (-2048 -1024 223.480011 ) (-2048 -1024 263.480042 ) (-2048 -965 263.480042 ) (-2048 -965 223.480011 ) 
4 1219 1499 (-2048 -1024 263.480042 ) (-2048 -1024 535.479980 ) (-2048 -965 535.479980 ) (-2048 -965 263.480042 ) 
4 1219 1492 (-2048 -965 535.479980 ) (-2048 -853 535.479980 ) (-2048 -853 223.480011 ) (-2048 -965 223.480011 ) 
4 1219 1374 (-2048 -741 223.480011 ) (-2048 -853 223.480011 ) (-2048 -853 431.480042 ) (-2048 -741 431.480042 ) 
4 1219 1371 (-2048 -661 423.480042 ) (-2048 -661 223.480011 ) (-2048 -725 223.480011 ) (-2048 -725 423.480042 ) 
4 1219 1373 (-2048 -725 223.480011 ) (-2048 -741 223.480011 ) (-2048 -741 423.480042 ) (-2048 -725 423.480042 ) 
4 1219 1369 (-2048 -661 431.480042 ) (-2048 -661 423.480042 ) (-2048 -741 423.480042 ) (-2048 -741 431.480042 ) 
4 1219 1362 (-2048 -853 535.479980 ) (-2048 -661 535.479980 ) (-2048 -661 431.480042 ) (-2048 -853 431.480042 ) 
4 1219 1221 (-2044 -725 223.480011 ) (-2044 -981 223.480011 ) (-2048 -981 223.480011 ) (-2048 -725 223.480011 ) 
4 1220 1370 (-2048 -661 223.480011 ) (-2048 -645 223.480011 ) (-2048 -645 215.480011 ) (-2048 -661 215.480011 ) 
4 1220 1368 (-2048 -645 223.480011 ) (-2048 -549 223.480011 ) (-2048 -549 215.480011 ) (-2048 -645 215.480011 ) 
4 1220 1351 (-2048 -549 223.480011 ) (-2048 -533 223.480011 ) (-2048 -533 215.480011 ) (-2048 -549 215.480011 ) 
4 1220 1222 (-2048 -661 215.480011 ) (-2048 -533 215.480011 ) (-2044 -533 215.480011 ) (-2044 -661 215.480011 ) 
4 1221 1514 (-2048 -981 223.480011 ) (-2048 -965 223.480011 ) (-2048 -965 215.480011 ) (-2048 -981 215.480011 ) 
4 1221 1492 (-2048 -965 223.480011 ) (-2048 -853 223.480011 ) (-2048 -853 215.480011 ) (-2048 -965 215.480011 ) 
4 1221 1374 (-2048 -853 223.480011 ) (-2048 -741 223.480011 ) (-2048 -741 215.480011 ) (-2048 -853 215.480011 ) 
4 1221 1373 (-2048 -741 223.480011 ) (-2048 -725 223.480011 ) (-2048 -725 215.480011 ) (-2048 -741 215.480011 ) 
4 1221 1222 (-2048 -981 215.480011 ) (-2048 -725 215.480011 ) (-2044 -725 215.480011 ) (-2044 -981 215.480011 ) 
4 1222 1620 (-1980 -1024 -632 ) (-1980 -1024 159.480011 ) (-2048 -1024 159.480011 ) (-2048 -1024 -632 ) 
4 1222 1606 (-1980 -1024 159.480011 ) (-1980 -1024 215.480011 ) (-2048 -1024 215.480011 ) (-2048 -1024 159.480011 ) 
4 1222 1516 (-2048 -1024 -632 ) (-2048 -1024 215.480011 ) (-2048 -965 215.480011 ) (-2048 -965 -632 ) 
4 1222 1498 (-2048 -853 159.480011 ) (-2048 -853 -632 ) (-2048 -965 -632 ) (-2048 -965 159.480011 ) 
4 1222 1492 (-2048 -965 215.480011 ) (-2048 -853 215.480011 ) (-2048 -853 159.480011 ) (-2048 -965 159.480011 ) 
4 1222 1491 (-2048 -533 159.480011 ) (-2048 -533 -632 ) (-2048 -853 -632 ) (-2048 -853 159.480011 ) 
4 1222 1374 (-2048 -853 215.480011 ) (-2048 -741 215.480011 ) (-2048 -741 159.480011 ) (-2048 -853 159.480011 ) 
4 1222 1372 (-2048 -725 215.480011 ) (-2048 -661 215.480011 ) (-2048 -661 159.480011 ) (-2048 -725 159.480011 ) 
4 1222 1370 (-2048 -661 215.480011 ) (-2048 -645 215.480011 ) (-2048 -645 159.480011 ) (-2048 -661 159.480011 ) 
4 1222 1373 (-2048 -741 215.480011 ) (-2048 -725 215.480011 ) (-2048 -725 159.480011 ) (-2048 -741 159.480011 ) 
4 1222 1368 (-2048 -645 215.480011 ) (-2048 -549 215.480011 ) (-2048 -549 159.480011 ) (-2048 -645 159.480011 ) 
4 1222 1351 (-2048 -549 215.480011 ) (-2048 -533 215.480011 ) (-2048 -533 159.480011 ) (-2048 -549 159.480011 ) 
4 1223 2036 (-3072 -1024 1055.479980 ) (-3072 -1024 1608 ) (-3072 -277 1608 ) (-3072 -277 1055.479980 ) 
4 1223 2031 (-3072 -237 1608 ) (-3072 -173 1608 ) (-3072 -173 1055.479980 ) (-3072 -237 1055.479980 ) 
4 1223 2032 (-3072 -277 1608 ) (-3072 -237 1608 ) (-3072 -237 1055.479980 ) (-3072 -277 1055.479980 ) 
4 1223 2029 (-3072 -173 1608 ) (-3072 0 1608 ) (-3072 0 1055.479980 ) (-3072 -173 1055.479980 ) 
4 1223 1796 (-2252 -1024 1608 ) (-3072 -1024 1608 ) (-3072 -1024 1055.479980 ) (-2252 -1024 1055.479980 ) 
4 1223 1768 (-2048 -1024 1055.479980 ) (-2048 -1024 1608 ) (-2252 -1024 1608 ) (-2252 -1024 1055.479980 ) 
4 1223 1530 (-2700 -869 1055.479980 ) (-2700 -1024 1055.479980 ) (-3020 -1024 1055.479980 ) (-3020 -869 1055.479980 ) 
4 1223 1529 (-3020 -853 1055.479980 ) (-2700 -853 1055.479980 ) (-2700 -869 1055.479980 ) (-3020 -869 1055.479980 ) 
4 1223 1526 (-2684 -853 1055.479980 ) (-2620 -853 1055.479980 ) (-2620 -1024 1055.479980 ) (-2684 -1024 1055.479980 ) 
4 1223 1528 (-2700 -853 1055.479980 ) (-2684 -853 1055.479980 ) (-2684 -1024 1055.479980 ) (-2700 -1024 1055.479980 ) 
4 1223 1519 (-2620 -853 1055.479980 ) (-2492 -853 1055.479980 ) (-2492 -1024 1055.479980 ) (-2620 -1024 1055.479980 ) 
4 1223 1517 (-2476 -853 1055.479980 ) (-2252 -853 1055.479980 ) (-2252 -869 1055.479980 ) (-2476 -869 1055.479980 ) 
4 1223 1518 (-2492 -853 1055.479980 ) (-2476 -853 1055.479980 ) (-2476 -1024 1055.479980 ) (-2492 -1024 1055.479980 ) 
4 1223 1510 (-2236 -1024 1055.479980 ) (-2252 -1024 1055.479980 ) (-2252 -965 1055.479980 ) (-2236 -965 1055.479980 ) 
4 1223 1503 (-2172 -1024 1055.479980 ) (-2236 -1024 1055.479980 ) (-2236 -965 1055.479980 ) (-2172 -965 1055.479980 ) 
4 1223 1500 (-2060 -1024 1055.479980 ) (-2156 -1024 1055.479980 ) (-2156 -965 1055.479980 ) (-2060 -965 1055.479980 ) 
4 1223 1499 (-2048 -965 1055.479980 ) (-2048 -1024 1055.479980 ) (-2060 -1024 1055.479980 ) (-2060 -965 1055.479980 ) 
4 1223 1502 (-2156 -1024 1055.479980 ) (-2172 -1024 1055.479980 ) (-2172 -965 1055.479980 ) (-2156 -965 1055.479980 ) 
4 1223 1495 (-2236 -853 1055.479980 ) (-2172 -853 1055.479980 ) (-2172 -965 1055.479980 ) (-2236 -965 1055.479980 ) 
4 1223 1494 (-2172 -853 1055.479980 ) (-2156 -853 1055.479980 ) (-2156 -965 1055.479980 ) (-2172 -965 1055.479980 ) 
4 1223 1496 (-2252 -853 1055.479980 ) (-2236 -853 1055.479980 ) (-2236 -965 1055.479980 ) (-2252 -965 1055.479980 ) 
4 1223 1493 (-2156 -853 1055.479980 ) (-2060 -853 1055.479980 ) (-2060 -965 1055.479980 ) (-2156 -965 1055.479980 ) 
4 1223 1492 (-2060 -853 1055.479980 ) (-2048 -853 1055.479980 ) (-2048 -965 1055.479980 ) (-2060 -965 1055.479980 ) 
4 1223 1488 (-3004 -789 1055.479980 ) (-2940 -789 1055.479980 ) (-2940 -853 1055.479980 ) (-3004 -853 1055.479980 ) 
4 1223 1490 (-3020 -789 1055.479980 ) (-3004 -789 1055.479980 ) (-3004 -853 1055.479980 ) (-3020 -853 1055.479980 ) 
4 1223 1487 (-3072 -549 1055.479980 ) (-3072 -533 1055.479980 ) (-3020 -533 1055.479980 ) (-3020 -549 1055.479980 ) 
4 1223 1480 (-3072 -501 1055.479980 ) (-3072 -469 1055.479980 ) (-2940 -469 1055.479980 ) (-2940 -501 1055.479980 ) 
4 1223 1482 (-3072 -533 1055.479980 ) (-3072 -501 1055.479980 ) (-2940 -501 1055.479980 ) (-2940 -533 1055.479980 ) 
4 1223 1474 (-2492 -853 1055.479980 ) (-2556 -853 1055.479980 ) (-2556 -789 1055.479980 ) (-2492 -789 1055.479980 ) 
4 1223 1475 (-2556 -853 1055.479980 ) (-2940 -853 1055.479980 ) (-2940 -789 1055.479980 ) (-2556 -789 1055.479980 ) 
4 1223 1473 (-2236 -789 1055.479980 ) (-2236 -853 1055.479980 ) (-2492 -853 1055.479980 ) (-2492 -789 1055.479980 ) 
4 1223 1408 (-2236 -693 1055.479980 ) (-2236 -757 1055.479980 ) (-2716 -757 1055.479980 ) (-2716 -693 1055.479980 ) 
4 1223 1409 (-2236 -757 1055.479980 ) (-2236 -789 1055.479980 ) (-2716 -789 1055.479980 ) (-2716 -757 1055.479980 ) 
4 1223 1410 (-2716 -789 1055.479980 ) (-2940 -789 1055.479980 ) (-2940 -693 1055.479980 ) (-2716 -693 1055.479980 ) 
4 1223 1405 (-2492 -693 1055.479980 ) (-2556 -693 1055.479980 ) (-2556 -533 1055.479980 ) (-2492 -533 1055.479980 ) 
4 1223 1407 (-2556 -693 1055.479980 ) (-2940 -693 1055.479980 ) (-2940 -533 1055.479980 ) (-2556 -533 1055.479980 ) 
4 1223 1403 (-2316 -693 1055.479980 ) (-2476 -693 1055.479980 ) (-2476 -677 1055.479980 ) (-2316 -677 1055.479980 ) 
4 1223 1402 (-2300 -693 1055.479980 ) (-2316 -693 1055.479980 ) (-2316 -533 1055.479980 ) (-2300 -533 1055.479980 ) 
4 1223 1404 (-2476 -693 1055.479980 ) (-2492 -693 1055.479980 ) (-2492 -533 1055.479980 ) (-2476 -533 1055.479980 ) 
4 1223 1401 (-2236 -533 1055.479980 ) (-2236 -693 1055.479980 ) (-2300 -693 1055.479980 ) (-2300 -533 1055.479980 ) 
4 1223 1385 (-2492 -501 1055.479980 ) (-2492 -533 1055.479980 ) (-2556 -533 1055.479980 ) (-2556 -501 1055.479980 ) 
4 1223 1387 (-2556 -533 1055.479980 ) (-2940 -533 1055.479980 ) (-2940 -501 1055.479980 ) (-2556 -501 1055.479980 ) 
4 1223 1383 (-2940 -469 1055.479980 ) (-2492 -469 1055.479980 ) (-2492 -501 1055.479980 ) (-2940 -501 1055.479980 ) 
4 1223 1380 (-2300 -517 1055.479980 ) (-2300 -533 1055.479980 ) (-2316 -533 1055.479980 ) (-2316 -517 1055.479980 ) 
4 1223 1382 (-2476 -533 1055.479980 ) (-2492 -533 1055.479980 ) (-2492 -517 1055.479980 ) (-2476 -517 1055.479980 ) 
4 1223 1377 (-2492 -469 1055.479980 ) (-2300 -469 1055.479980 ) (-2300 -501 1055.479980 ) (-2492 -501 1055.479980 ) 
4 1223 1379 (-2300 -501 1055.479980 ) (-2300 -517 1055.479980 ) (-2492 -517 1055.479980 ) (-2492 -501 1055.479980 ) 
4 1223 1375 (-2300 -469 1055.479980 ) (-2236 -469 1055.479980 ) (-2236 -533 1055.479980 ) (-2300 -533 1055.479980 ) 
4 1223 1366 (-2172 -853 1055.479980 ) (-2236 -853 1055.479980 ) (-2236 -597 1055.479980 ) (-2172 -597 1055.479980 ) 
4 1223 1364 (-2060 -853 1055.479980 ) (-2156 -853 1055.479980 ) (-2156 -741 1055.479980 ) (-2060 -741 1055.479980 ) 
4 1223 1363 (-2156 -741 1055.479980 ) (-2156 -661 1055.479980 ) (-2060 -661 1055.479980 ) (-2060 -741 1055.479980 ) 
4 1223 1362 (-2048 -661 1055.479980 ) (-2048 -853 1055.479980 ) (-2060 -853 1055.479980 ) (-2060 -661 1055.479980 ) 
4 1223 1365 (-2156 -853 1055.479980 ) (-2172 -853 1055.479980 ) (-2172 -661 1055.479980 ) (-2156 -661 1055.479980 ) 
4 1223 1360 (-2048 -597 1055.479980 ) (-2048 -661 1055.479980 ) (-2172 -661 1055.479980 ) (-2172 -597 1055.479980 ) 
4 1223 1352 (-2048 -549 1055.479980 ) (-2048 -565 1055.479980 ) (-2140 -565 1055.479980 ) (-2140 -549 1055.479980 ) 
4 1223 1353 (-2048 -565 1055.479980 ) (-2048 -597 1055.479980 ) (-2140 -597 1055.479980 ) (-2140 -565 1055.479980 ) 
4 1223 1354 (-2140 -597 1055.479980 ) (-2236 -597 1055.479980 ) (-2236 -549 1055.479980 ) (-2140 -549 1055.479980 ) 
4 1223 1342 (-2140 -469 1055.479980 ) (-2124 -469 1055.479980 ) (-2124 -549 1055.479980 ) (-2140 -549 1055.479980 ) 
4 1223 1343 (-2236 -469 1055.479980 ) (-2140 -469 1055.479980 ) (-2140 -549 1055.479980 ) (-2236 -549 1055.479980 ) 
4 1223 1340 (-2124 -469 1055.479980 ) (-2060 -469 1055.479980 ) (-2060 -549 1055.479980 ) (-2124 -549 1055.479980 ) 
4 1223 1338 (-2048 -485 1055.479980 ) (-2048 -549 1055.479980 ) (-2060 -549 1055.479980 ) (-2060 -485 1055.479980 ) 
4 1223 1337 (-2060 -469 1055.479980 ) (-2048 -469 1055.479980 ) (-2048 -485 1055.479980 ) (-2060 -485 1055.479980 ) 
4 1223 1306 (-3072 -469 1055.479980 ) (-3072 -437 1055.479980 ) (-2492 -437 1055.479980 ) (-2492 -469 1055.479980 ) 
4 1223 1305 (-3072 -437 1055.479980 ) (-3072 -421 1055.479980 ) (-2492 -421 1055.479980 ) (-2492 -437 1055.479980 ) 
4 1223 1303 (-2860 -237 1055.479980 ) (-2764 -237 1055.479980 ) (-2764 -293 1055.479980 ) (-2860 -293 1055.479980 ) 
4 1223 1302 (-2764 -237 1055.479980 ) (-2668 -237 1055.479980 ) (-2668 -421 1055.479980 ) (-2764 -421 1055.479980 ) 
4 1223 1304 (-3072 -421 1055.479980 ) (-3072 -237 1055.479980 ) (-2860 -237 1055.479980 ) (-2860 -421 1055.479980 ) 
4 1223 1300 (-2668 -237 1055.479980 ) (-2572 -237 1055.479980 ) (-2572 -277 1055.479980 ) (-2668 -277 1055.479980 ) 
4 1223 1301 (-2572 -405 1055.479980 ) (-2572 -421 1055.479980 ) (-2668 -421 1055.479980 ) (-2668 -405 1055.479980 ) 
4 1223 1299 (-2572 -237 1055.479980 ) (-2492 -237 1055.479980 ) (-2492 -421 1055.479980 ) (-2572 -421 1055.479980 ) 
4 1223 1296 (-3072 -237 1055.479980 ) (-3072 -213 1055.479980 ) (-2492 -213 1055.479980 ) (-2492 -237 1055.479980 ) 
4 1223 1294 (-2404 -437 1055.479980 ) (-2404 -469 1055.479980 ) (-2492 -469 1055.479980 ) (-2492 -437 1055.479980 ) 
4 1223 1292 (-2404 -421 1055.479980 ) (-2404 -437 1055.479980 ) (-2476 -437 1055.479980 ) (-2476 -421 1055.479980 ) 
4 1223 1293 (-2476 -437 1055.479980 ) (-2492 -437 1055.479980 ) (-2492 -253 1055.479980 ) (-2476 -253 1055.479980 ) 
4 1223 1289 (-2492 -213 1055.479980 ) (-2404 -213 1055.479980 ) (-2404 -237 1055.479980 ) (-2492 -237 1055.479980 ) 
4 1223 1290 (-2404 -237 1055.479980 ) (-2404 -253 1055.479980 ) (-2492 -253 1055.479980 ) (-2492 -237 1055.479980 ) 
4 1223 1279 (-3072 -213 1055.479980 ) (-3072 -173 1055.479980 ) (-2404 -173 1055.479980 ) (-2404 -213 1055.479980 ) 
4 1223 1278 (-3072 -173 1055.479980 ) (-3072 -149 1055.479980 ) (-2404 -149 1055.479980 ) (-2404 -173 1055.479980 ) 
4 1223 1274 (-2700 -85 1055.479980 ) (-2700 -149 1055.479980 ) (-3068 -149 1055.479980 ) (-3068 -85 1055.479980 ) 
4 1223 1273 (-3068 0 1055.479980 ) (-3004 0 1055.479980 ) (-3004 -85 1055.479980 ) (-3068 -85 1055.479980 ) 
4 1223 1271 (-3004 0 1055.479980 ) (-2988 0 1055.479980 ) (-2988 -85 1055.479980 ) (-3004 -85 1055.479980 ) 
4 1223 1270 (-2700 -69 1055.479980 ) (-2700 -85 1055.479980 ) (-2988 -85 1055.479980 ) (-2988 -69 1055.479980 ) 
4 1223 1262 (-2492 -85 1055.479980 ) (-2492 -149 1055.479980 ) (-2700 -149 1055.479980 ) (-2700 -85 1055.479980 ) 
4 1223 1260 (-2492 -21 1055.479980 ) (-2492 -85 1055.479980 ) (-2604 -85 1055.479980 ) (-2604 -21 1055.479980 ) 
4 1223 1261 (-2700 0 1055.479980 ) (-2604 0 1055.479980 ) (-2604 -85 1055.479980 ) (-2700 -85 1055.479980 ) 
4 1223 1259 (-2404 -21 1055.479980 ) (-2404 -149 1055.479980 ) (-2492 -149 1055.479980 ) (-2492 -21 1055.479980 ) 
4 1223 1277 (-3072 -149 1055.479980 ) (-3072 0 1055.479980 ) (-3068 0 1055.479980 ) (-3068 -149 1055.479980 ) 
4 1223 1246 (-2300 -469 1055.479980 ) (-2404 -469 1055.479980 ) (-2404 -437 1055.479980 ) (-2300 -437 1055.479980 ) 
4 1223 1245 (-2404 -437 1055.479980 ) (-2404 -293 1055.479980 ) (-2300 -293 1055.479980 ) (-2300 -437 1055.479980 ) 
4 1223 1243 (-2236 -469 1055.479980 ) (-2300 -469 1055.479980 ) (-2300 -437 1055.479980 ) (-2236 -437 1055.479980 ) 
4 1223 1242 (-2300 -437 1055.479980 ) (-2300 -293 1055.479980 ) (-2236 -293 1055.479980 ) (-2236 -437 1055.479980 ) 
4 1223 1239 (-2124 -469 1055.479980 ) (-2140 -469 1055.479980 ) (-2140 -293 1055.479980 ) (-2124 -293 1055.479980 ) 
4 1223 1241 (-2140 -469 1055.479980 ) (-2236 -469 1055.479980 ) (-2236 -293 1055.479980 ) (-2140 -293 1055.479980 ) 
4 1223 1237 (-2060 -469 1055.479980 ) (-2124 -469 1055.479980 ) (-2124 -293 1055.479980 ) (-2060 -293 1055.479980 ) 
4 1223 1235 (-2048 -293 1055.479980 ) (-2048 -469 1055.479980 ) (-2060 -469 1055.479980 ) (-2060 -293 1055.479980 ) 
4 1223 1231 (-2388 -21 1055.479980 ) (-2388 -293 1055.479980 ) (-2404 -293 1055.479980 ) (-2404 -21 1055.479980 ) 
4 1223 1230 (-2124 -293 1055.479980 ) (-2388 -293 1055.479980 ) (-2388 -277 1055.479980 ) (-2124 -277 1055.479980 ) 
4 1223 1228 (-2060 -293 1055.479980 ) (-2124 -293 1055.479980 ) (-2124 -277 1055.479980 ) (-2060 -277 1055.479980 ) 
4 1223 1227 (-2048 -277 1055.479980 ) (-2048 -293 1055.479980 ) (-2060 -293 1055.479980 ) (-2060 -277 1055.479980 ) 
4 1223 1225 (-2048 -21 1055.479980 ) (-2048 -37 1055.479980 ) (-2388 -37 1055.479980 ) (-2388 -21 1055.479980 ) 
4 1223 1224 (-2284 0 1055.479980 ) (-2048 0 1055.479980 ) (-2048 -21 1055.479980 ) (-2284 -21 1055.479980 ) 
4 1224 1225 (-2048 -21 815.479980 ) (-2048 -21 1055.479980 ) (-2284 -21 1055.479980 ) (-2284 -21 815.479980 ) 
4 1225 1231 (-2388 -37 815.479980 ) (-2388 -37 1055.479980 ) (-2388 -21 1055.479980 ) (-2388 -21 815.479980 ) 
4 1226 1234 (-2388 -173 791.479980 ) (-2388 -173 671.479980 ) (-2388 -237 671.479980 ) (-2388 -237 791.479980 ) 
4 1226 1233 (-2388 -109 799.479980 ) (-2388 -109 695.479980 ) (-2388 -157 695.479980 ) (-2388 -157 799.479980 ) 
4 1226 1232 (-2388 -53 799.479980 ) (-2388 -53 695.479980 ) (-2388 -101 695.479980 ) (-2388 -101 799.479980 ) 
4 1226 1229 (-2124 -277 671.479980 ) (-2060 -277 671.479980 ) (-2060 -277 799.479980 ) (-2124 -277 799.479980 ) 
4 1227 1235 (-2048 -293 815.479980 ) (-2048 -293 1055.479980 ) (-2060 -293 1055.479980 ) (-2060 -293 815.479980 ) 
4 1227 1228 (-2060 -277 1055.479980 ) (-2060 -277 815.479980 ) (-2060 -293 815.479980 ) (-2060 -293 1055.479980 ) 
4 1228 1237 (-2060 -293 815.479980 ) (-2060 -293 1055.479980 ) (-2124 -293 1055.479980 ) (-2124 -293 815.479980 ) 
4 1228 1230 (-2124 -277 1055.479980 ) (-2124 -277 815.479980 ) (-2124 -293 815.479980 ) (-2124 -293 1055.479980 ) 
4 1229 1238 (-2060 -293 671.479980 ) (-2060 -293 799.479980 ) (-2124 -293 799.479980 ) (-2124 -293 671.479980 ) 
4 1230 1245 (-2300 -293 1055.479980 ) (-2388 -293 1055.479980 ) (-2388 -293 815.479980 ) (-2300 -293 815.479980 ) 
4 1230 1242 (-2236 -293 1055.479980 ) (-2300 -293 1055.479980 ) (-2300 -293 815.479980 ) (-2236 -293 815.479980 ) 
4 1230 1239 (-2124 -293 904 ) (-2124 -293 1055.479980 ) (-2140 -293 1055.479980 ) (-2140 -293 904 ) 
4 1230 1241 (-2140 -293 1055.479980 ) (-2236 -293 1055.479980 ) (-2236 -293 815.479980 ) (-2140 -293 815.479980 ) 
4 1230 1231 (-2388 -293 815.479980 ) (-2388 -293 1055.479980 ) (-2388 -277 1055.479980 ) (-2388 -277 815.479980 ) 
4 1231 1289 (-2404 -237 1055.479980 ) (-2404 -213 1055.479980 ) (-2404 -213 815.479980 ) (-2404 -237 815.479980 ) 
4 1231 1290 (-2404 -253 1055.479980 ) (-2404 -237 1055.479980 ) (-2404 -237 815.479980 ) (-2404 -253 815.479980 ) 
4 1231 1279 (-2404 -213 1055.479980 ) (-2404 -173 1055.479980 ) (-2404 -173 815.479980 ) (-2404 -213 815.479980 ) 
4 1231 1278 (-2404 -173 1055.479980 ) (-2404 -149 1055.479980 ) (-2404 -149 815.479980 ) (-2404 -173 815.479980 ) 
4 1231 1259 (-2404 -149 1055.479980 ) (-2404 -21 1055.479980 ) (-2404 -21 815.479980 ) (-2404 -149 815.479980 ) 
4 1231 1245 (-2404 -293 1055.479980 ) (-2404 -293 815.479980 ) (-2388 -293 815.479980 ) (-2388 -293 1055.479980 ) 
4 1232 1259 (-2404 -53 799.479980 ) (-2404 -53 695.479980 ) (-2404 -101 695.479980 ) (-2404 -101 799.479980 ) 
4 1233 1278 (-2404 -149 695.479980 ) (-2404 -157 695.479980 ) (-2404 -157 799.479980 ) (-2404 -149 799.479980 ) 
4 1233 1259 (-2404 -109 799.479980 ) (-2404 -109 695.479980 ) (-2404 -149 695.479980 ) (-2404 -149 799.479980 ) 
4 1234 1289 (-2404 -237 671.479980 ) (-2404 -237 791.479980 ) (-2404 -213 791.479980 ) (-2404 -213 671.479980 ) 
4 1234 1282 (-2404 -173 727.479980 ) (-2404 -173 671.479980 ) (-2404 -213 671.479980 ) (-2404 -213 727.479980 ) 
4 1234 1281 (-2404 -173 735.479980 ) (-2404 -173 727.479980 ) (-2404 -213 727.479980 ) (-2404 -213 735.479980 ) 
4 1234 1279 (-2404 -213 791.479980 ) (-2404 -173 791.479980 ) (-2404 -173 735.479980 ) (-2404 -213 735.479980 ) 
4 1235 1337 (-2048 -469 799.479980 ) (-2048 -469 1055.479980 ) (-2060 -469 1055.479980 ) (-2060 -469 799.479980 ) 
4 1235 1237 (-2060 -293 1055.479980 ) (-2060 -293 815.479980 ) (-2060 -469 815.479980 ) (-2060 -469 1055.479980 ) 
4 1236 1344 (-2048 -469 663.479980 ) (-2048 -469 671.479980 ) (-2060 -469 671.479980 ) (-2060 -469 663.479980 ) 
4 1237 1340 (-2060 -469 1055.479980 ) (-2124 -469 1055.479980 ) (-2124 -469 815.479980 ) (-2060 -469 815.479980 ) 
4 1237 1239 (-2124 -293 1055.479980 ) (-2124 -293 904 ) (-2124 -469 904 ) (-2124 -469 1055.479980 ) 
4 1238 1341 (-2124 -469 799.479980 ) (-2124 -469 671.479980 ) (-2060 -469 671.479980 ) (-2060 -469 799.479980 ) 
4 1239 1342 (-2124 -469 1055.479980 ) (-2140 -469 1055.479980 ) (-2140 -469 904 ) (-2124 -469 904 ) 
4 1239 1241 (-2140 -293 1055.479980 ) (-2140 -293 904 ) (-2140 -469 904 ) (-2140 -469 1055.479980 ) 
4 1240 1345 (-2140 -469 671.479980 ) (-2140 -469 663.479980 ) (-2124 -469 663.479980 ) (-2124 -469 671.479980 ) 
4 1240 1241 (-2140 -293 671.479980 ) (-2140 -293 663.479980 ) (-2140 -469 663.479980 ) (-2140 -469 671.479980 ) 
4 1241 1345 (-2236 -469 671.479980 ) (-2236 -469 663.479980 ) (-2140 -469 663.479980 ) (-2140 -469 671.479980 ) 
4 1241 1343 (-2140 -469 1055.479980 ) (-2236 -469 1055.479980 ) (-2236 -469 671.479980 ) (-2140 -469 671.479980 ) 
4 1241 1249 (-2140 -469 663.479980 ) (-2236 -469 663.479980 ) (-2236 -453 663.479980 ) (-2140 -453 663.479980 ) 
4 1241 1243 (-2236 -469 767.479980 ) (-2236 -469 1055.479980 ) (-2236 -437 1055.479980 ) (-2236 -437 767.479980 ) 
4 1241 1244 (-2236 -437 663.479980 ) (-2236 -469 663.479980 ) (-2236 -469 759.479980 ) (-2236 -437 759.479980 ) 
4 1241 1242 (-2236 -293 1055.479980 ) (-2236 -293 663.479980 ) (-2236 -437 663.479980 ) (-2236 -437 1055.479980 ) 
4 1242 1252 (-2300 -437 663.479980 ) (-2300 -293 663.479980 ) (-2284 -293 663.479980 ) (-2284 -437 663.479980 ) 
4 1242 1245 (-2300 -293 1055.479980 ) (-2300 -293 663.479980 ) (-2300 -437 663.479980 ) (-2300 -437 1055.479980 ) 
4 1242 1243 (-2300 -437 1055.479980 ) (-2300 -437 767.479980 ) (-2236 -437 767.479980 ) (-2236 -437 1055.479980 ) 
4 1242 1244 (-2300 -437 759.479980 ) (-2300 -437 663.479980 ) (-2236 -437 663.479980 ) (-2236 -437 759.479980 ) 
4 1243 1375 (-2236 -469 1055.479980 ) (-2300 -469 1055.479980 ) (-2300 -469 767.479980 ) (-2236 -469 767.479980 ) 
4 1243 1246 (-2300 -469 767.479980 ) (-2300 -469 1055.479980 ) (-2300 -437 1055.479980 ) (-2300 -437 767.479980 ) 
4 1244 1376 (-2300 -469 759.479980 ) (-2300 -469 663.479980 ) (-2236 -469 663.479980 ) (-2236 -469 759.479980 ) 
4 1244 1252 (-2284 -469 663.479980 ) (-2300 -469 663.479980 ) (-2300 -437 663.479980 ) (-2284 -437 663.479980 ) 
4 1244 1249 (-2236 -469 663.479980 ) (-2284 -469 663.479980 ) (-2284 -453 663.479980 ) (-2236 -453 663.479980 ) 
4 1244 1247 (-2300 -437 663.479980 ) (-2300 -469 663.479980 ) (-2300 -469 759.479980 ) (-2300 -437 759.479980 ) 
4 1245 1292 (-2404 -437 1055.479980 ) (-2404 -421 1055.479980 ) (-2404 -421 663.479980 ) (-2404 -437 663.479980 ) 
4 1245 1252 (-2404 -437 663.479980 ) (-2404 -293 663.479980 ) (-2300 -293 663.479980 ) (-2300 -437 663.479980 ) 
4 1245 1246 (-2404 -437 1055.479980 ) (-2404 -437 767.479980 ) (-2300 -437 767.479980 ) (-2300 -437 1055.479980 ) 
4 1245 1247 (-2404 -437 759.479980 ) (-2404 -437 663.479980 ) (-2300 -437 663.479980 ) (-2300 -437 759.479980 ) 
4 1246 1377 (-2300 -469 1055.479980 ) (-2404 -469 1055.479980 ) (-2404 -469 767.479980 ) (-2300 -469 767.479980 ) 
4 1246 1294 (-2404 -469 767.479980 ) (-2404 -469 1055.479980 ) (-2404 -437 1055.479980 ) (-2404 -437 767.479980 ) 
4 1247 1378 (-2404 -469 759.479980 ) (-2404 -469 663.479980 ) (-2300 -469 663.479980 ) (-2300 -469 759.479980 ) 
4 1247 1295 (-2404 -469 663.479980 ) (-2404 -469 759.479980 ) (-2404 -437 759.479980 ) (-2404 -437 663.479980 ) 
4 1247 1252 (-2300 -469 663.479980 ) (-2404 -469 663.479980 ) (-2404 -437 663.479980 ) (-2300 -437 663.479980 ) 
4 1248 1349 (-2048 -469 223.480011 ) (-2048 -469 471.480042 ) (-2140 -469 471.480042 ) (-2140 -469 223.480011 ) 
4 1248 1350 (-2048 -469 159.480011 ) (-2048 -469 215.480011 ) (-2140 -469 215.480011 ) (-2140 -469 159.480011 ) 
4 1248 1346 (-2048 -469 479.480042 ) (-2048 -469 647.479980 ) (-2140 -469 647.479980 ) (-2140 -469 479.480042 ) 
4 1248 1250 (-2048 -469 159.480011 ) (-2140 -469 159.480011 ) (-2140 -453 159.480011 ) (-2048 -453 159.480011 ) 
4 1248 1249 (-2140 -453 647.479980 ) (-2140 -453 159.480011 ) (-2140 -469 159.480011 ) (-2140 -469 647.479980 ) 
4 1249 1390 (-2284 -469 535.479980 ) (-2284 -469 511.480011 ) (-2236 -469 479.480011 ) (-2236 -469 535.479980 ) 
4 1249 1389 (-2284 -469 503.480042 ) (-2284 -469 223.480011 ) (-2236 -469 223.480011 ) (-2236 -469 471.480042 ) 
4 1249 1388 (-2284 -469 543.479980 ) (-2284 -469 535.479980 ) (-2236 -469 535.479980 ) (-2236 -469 543.479980 ) 
4 1249 1376 (-2236 -469 663.479980 ) (-2284 -469 663.479980 ) (-2284 -469 543.479980 ) (-2236 -469 543.479980 ) 
4 1249 1400 (-2284 -469 215.480011 ) (-2284 -469 159.480011 ) (-2236 -469 159.480011 ) (-2236 -469 215.480011 ) 
4 1249 1349 (-2236 -469 471.480042 ) (-2236 -469 223.480011 ) (-2140 -469 223.480011 ) (-2140 -469 471.480042 ) 
4 1249 1350 (-2236 -469 215.480011 ) (-2236 -469 159.480011 ) (-2140 -469 159.480011 ) (-2140 -469 215.480011 ) 
4 1249 1347 (-2140 -469 663.479980 ) (-2236 -469 663.479980 ) (-2236 -469 479.480042 ) (-2140 -469 479.480042 ) 
4 1249 1258 (-2284 -469 159.480011 ) (-2284 -469 215.480011 ) (-2284 -453 215.480011 ) (-2284 -453 159.480011 ) 
4 1249 1255 (-2284 -469 215.480011 ) (-2284 -469 223.480011 ) (-2284 -453 223.480011 ) (-2284 -453 215.480011 ) 
4 1249 1252 (-2284 -469 223.480011 ) (-2284 -469 663.479980 ) (-2284 -453 663.479980 ) (-2284 -453 223.480011 ) 
4 1249 1250 (-2140 -469 159.480011 ) (-2284 -469 159.480011 ) (-2284 -453 159.480011 ) (-2140 -453 159.480011 ) 
4 1250 1491 (-2048 -469 -632 ) (-2048 -469 159.480011 ) (-2284 -469 159.480011 ) (-2284 -469 -632 ) 
4 1250 1257 (-2284 -21 159.480011 ) (-2284 0 159.480011 ) (-2284 0 -632 ) (-2284 -21 -632 ) 
4 1250 1258 (-2284 -469 -632 ) (-2284 -469 159.480011 ) (-2284 -21 159.480011 ) (-2284 -21 -632 ) 
4 1251 1288 (-2404 -213 223.480011 ) (-2404 -237 223.480011 ) (-2404 -237 575.479980 ) (-2404 -213 575.479980 ) 
4 1251 1290 (-2404 -237 223.480011 ) (-2404 -253 223.480011 ) (-2404 -253 575.479980 ) (-2404 -237 575.479980 ) 
4 1251 1283 (-2404 -149 223.480011 ) (-2404 -213 223.480011 ) (-2404 -213 351.480042 ) (-2404 -149 351.480042 ) 
4 1251 1280 (-2404 -213 351.480042 ) (-2404 -213 575.479980 ) (-2404 -173 575.479980 ) (-2404 -173 351.480042 ) 
4 1251 1278 (-2404 -173 575.479980 ) (-2404 -149 575.479980 ) (-2404 -149 351.480042 ) (-2404 -173 351.480042 ) 
4 1251 1259 (-2404 -21 575.479980 ) (-2404 -21 223.480011 ) (-2404 -149 223.480011 ) (-2404 -149 575.479980 ) 
4 1251 1255 (-2300 -213 223.480011 ) (-2284 -213 223.480011 ) (-2284 -293 223.480011 ) (-2300 -293 223.480011 ) 
4 1251 1256 (-2404 -293 223.480011 ) (-2404 -213 223.480011 ) (-2364 -213 223.480011 ) (-2364 -293 223.480011 ) 
4 1251 1254 (-2300 -149 223.480011 ) (-2284 -149 223.480011 ) (-2284 -213 223.480011 ) (-2300 -213 223.480011 ) 
4 1251 1253 (-2404 -149 223.480011 ) (-2404 -21 223.480011 ) (-2284 -21 223.480011 ) (-2284 -149 223.480011 ) 
4 1251 1252 (-2404 -293 223.480011 ) (-2284 -293 223.480011 ) (-2284 -293 575.479980 ) (-2404 -293 575.479980 ) 
3 1252 1390 (-2284 -469 511.480042 ) (-2284 -469 535.479980 ) (-2320 -469 535.479980 ) 
5 1252 1389 (-2404 -469 535.479980 ) (-2404 -469 223.480011 ) (-2284 -469 223.480011 ) (-2284 -469 503.480072 ) (-2332 -469 535.479980 ) 
4 1252 1388 (-2320 -469 535.479980 ) (-2284 -469 535.479980 ) (-2284 -469 543.479980 ) (-2332 -469 543.479980 ) 
4 1252 1378 (-2300 -469 663.479980 ) (-2404 -469 663.479980 ) (-2404 -469 543.479980 ) (-2300 -469 543.479980 ) 
4 1252 1376 (-2284 -469 663.479980 ) (-2300 -469 663.479980 ) (-2300 -469 543.479980 ) (-2284 -469 543.479980 ) 
4 1252 1295 (-2404 -469 223.480011 ) (-2404 -469 663.479980 ) (-2404 -437 663.479980 ) (-2404 -437 223.480011 ) 
4 1252 1292 (-2404 -437 663.479980 ) (-2404 -421 663.479980 ) (-2404 -421 223.480011 ) (-2404 -437 223.480011 ) 
4 1252 1255 (-2300 -293 223.480011 ) (-2284 -293 223.480011 ) (-2284 -469 223.480011 ) (-2300 -469 223.480011 ) 
4 1252 1256 (-2404 -469 223.480011 ) (-2404 -293 223.480011 ) (-2364 -293 223.480011 ) (-2364 -469 223.480011 ) 
4 1253 1259 (-2404 -149 223.480011 ) (-2404 -21 223.480011 ) (-2404 -21 215.480011 ) (-2404 -149 215.480011 ) 
4 1253 1258 (-2404 -149 215.480011 ) (-2404 -21 215.480011 ) (-2284 -21 215.480011 ) (-2284 -149 215.480011 ) 
4 1253 1254 (-2300 -149 215.480011 ) (-2284 -149 215.480011 ) (-2284 -149 223.480011 ) (-2300 -149 223.480011 ) 
4 1254 1258 (-2300 -149 215.480011 ) (-2284 -149 215.480011 ) (-2284 -213 215.480011 ) (-2300 -213 215.480011 ) 
4 1254 1255 (-2300 -213 215.480011 ) (-2284 -213 215.480011 ) (-2284 -213 223.480011 ) (-2300 -213 223.480011 ) 
4 1255 1258 (-2300 -213 215.480011 ) (-2284 -213 215.480011 ) (-2284 -469 215.480011 ) (-2300 -469 215.480011 ) 
4 1256 1295 (-2404 -469 215.480011 ) (-2404 -469 223.480011 ) (-2404 -437 223.480011 ) (-2404 -437 215.480011 ) 
4 1256 1292 (-2404 -437 223.480011 ) (-2404 -421 223.480011 ) (-2404 -421 215.480011 ) (-2404 -437 215.480011 ) 
4 1256 1288 (-2404 -237 223.480011 ) (-2404 -213 223.480011 ) (-2404 -213 215.480011 ) (-2404 -237 215.480011 ) 
4 1256 1290 (-2404 -253 223.480011 ) (-2404 -237 223.480011 ) (-2404 -237 215.480011 ) (-2404 -253 215.480011 ) 
4 1256 1258 (-2404 -469 215.480011 ) (-2404 -213 215.480011 ) (-2364 -213 215.480011 ) (-2364 -469 215.480011 ) 
4 1257 1268 (-2404 0 160 ) (-2404 0 -56.520000 ) (-2404 -21 -56.520000 ) (-2404 -21 160 ) 
4 1257 1276 (-2404 0 -56.520000 ) (-2404 0 -632 ) (-2404 -21 -632 ) (-2404 -21 -56.520000 ) 
4 1257 1258 (-2404 -21 -632 ) (-2284 -21 -632 ) (-2284 -21 160 ) (-2404 -21 160 ) 
4 1258 1491 (-2404 -469 159.480011 ) (-2404 -469 -632 ) (-2284 -469 -632 ) (-2284 -469 159.480011 ) 
4 1258 1400 (-2404 -469 215.480011 ) (-2404 -469 159.480011 ) (-2284 -469 159.480011 ) (-2284 -469 215.480011 ) 
4 1258 1295 (-2404 -469 -632 ) (-2404 -469 215.480011 ) (-2404 -437 215.480011 ) (-2404 -437 -632 ) 
4 1258 1291 (-2404 -253 159.480011 ) (-2404 -253 -632 ) (-2404 -421 -632 ) (-2404 -421 159.480011 ) 
4 1258 1292 (-2404 -437 215.480011 ) (-2404 -421 215.480011 ) (-2404 -421 -632 ) (-2404 -437 -632 ) 
4 1258 1288 (-2404 -237 215.480011 ) (-2404 -213 215.480011 ) (-2404 -213 -632 ) (-2404 -237 -632 ) 
4 1258 1290 (-2404 -253 215.480011 ) (-2404 -237 215.480011 ) (-2404 -237 -632 ) (-2404 -253 -632 ) 
4 1258 1287 (-2404 -213 215.480011 ) (-2404 -149 215.480011 ) (-2404 -149 -632 ) (-2404 -213 -632 ) 
4 1258 1259 (-2404 -149 215.480011 ) (-2404 -21 215.480011 ) (-2404 -21 160 ) (-2404 -149 160 ) 
4 1258 1268 (-2404 -21 160 ) (-2404 -21 -56.520000 ) (-2404 -149 -56.520000 ) (-2404 -149 160 ) 
4 1258 1276 (-2404 -21 -56.520000 ) (-2404 -21 -632 ) (-2404 -149 -632 ) (-2404 -149 -56.520000 ) 
4 1259 1287 (-2404 -149 160 ) (-2404 -149 215.480011 ) (-2492 -149 215.480011 ) (-2492 -149 160 ) 
4 1259 1283 (-2404 -149 223.480011 ) (-2404 -149 351.480042 ) (-2492 -149 351.480042 ) (-2492 -149 223.480011 ) 
4 1259 1278 (-2404 -149 351.480042 ) (-2404 -149 1055.479980 ) (-2492 -149 1055.479980 ) (-2492 -149 351.480042 ) 
4 1259 1264 (-2492 -21 160 ) (-2492 -149 160 ) (-2492 -149 223.480011 ) (-2492 -21 223.480011 ) 
4 1259 1262 (-2492 -149 351.480042 ) (-2492 -149 1055.479980 ) (-2492 -85 1055.479980 ) (-2492 -85 351.480042 ) 
4 1259 1263 (-2492 -149 223.480011 ) (-2492 -149 343.480042 ) (-2492 -85 343.480042 ) (-2492 -85 223.480011 ) 
4 1259 1260 (-2492 -85 1055.479980 ) (-2492 -21 1055.479980 ) (-2492 -21 223.480011 ) (-2492 -85 223.480011 ) 
4 1259 1268 (-2404 -149 160 ) (-2492 -149 160 ) (-2492 -21 160 ) (-2404 -21 160 ) 
4 1260 1264 (-2492 -21 223.480011 ) (-2492 -85 223.480011 ) (-2604 -85 223.480011 ) (-2604 -21 223.480011 ) 
4 1260 1262 (-2492 -85 351.480042 ) (-2492 -85 1055.479980 ) (-2604 -85 1055.479980 ) (-2604 -85 351.480042 ) 
4 1260 1263 (-2604 -85 223.480011 ) (-2492 -85 223.480011 ) (-2492 -85 343.480042 ) (-2604 -85 343.480042 ) 
4 1260 1261 (-2604 -21 223.480011 ) (-2604 -85 223.480011 ) (-2604 -85 1055.479980 ) (-2604 -21 1055.479980 ) 
4 1261 1269 (-2700 0 607.479980 ) (-2700 0 279.480042 ) (-2700 -69 279.480042 ) (-2700 -69 607.479980 ) 
4 1261 1270 (-2700 -85 1055.479980 ) (-2700 -69 1055.479980 ) (-2700 -69 223.480011 ) (-2700 -85 223.480011 ) 
4 1261 1267 (-2700 -85 223.480011 ) (-2700 0 223.480011 ) (-2684 0 223.480011 ) (-2684 -85 223.480011 ) 
4 1261 1265 (-2620 0 223.480011 ) (-2604 0 223.480011 ) (-2604 -85 223.480011 ) (-2620 -85 223.480011 ) 
4 1261 1262 (-2700 -85 1055.479980 ) (-2700 -85 351.480042 ) (-2604 -85 351.480042 ) (-2604 -85 1055.479980 ) 
4 1261 1263 (-2700 -85 343.480042 ) (-2700 -85 223.480011 ) (-2604 -85 223.480011 ) (-2604 -85 343.480042 ) 
4 1262 1278 (-2492 -149 1055.479980 ) (-2700 -149 1055.479980 ) (-2700 -149 351.480042 ) (-2492 -149 351.480042 ) 
4 1262 1274 (-2700 -149 351.480042 ) (-2700 -149 1055.479980 ) (-2700 -85 1055.479980 ) (-2700 -85 351.480042 ) 
4 1263 1284 (-2556 -149 223.480011 ) (-2492 -149 223.480011 ) (-2492 -149 343.480042 ) (-2556 -149 343.480042 ) 
4 1263 1285 (-2700 -149 343.480042 ) (-2700 -149 223.480011 ) (-2556 -149 223.480011 ) (-2556 -149 343.480042 ) 
4 1263 1275 (-2700 -149 223.480011 ) (-2700 -149 343.480042 ) (-2700 -85 343.480042 ) (-2700 -85 223.480011 ) 
4 1263 1267 (-2700 -149 223.480011 ) (-2700 -85 223.480011 ) (-2684 -85 223.480011 ) (-2684 -149 223.480011 ) 
4 1263 1264 (-2604 -85 223.480011 ) (-2492 -85 223.480011 ) (-2492 -149 223.480011 ) (-2604 -149 223.480011 ) 
4 1263 1265 (-2620 -85 223.480011 ) (-2604 -85 223.480011 ) (-2604 -149 223.480011 ) (-2620 -149 223.480011 ) 
4 1264 1287 (-2604 -149 160 ) (-2492 -149 160 ) (-2492 -149 215.480011 ) (-2604 -149 215.480011 ) 
4 1264 1265 (-2604 -21 160 ) (-2604 -149 160 ) (-2604 -149 223.480011 ) (-2604 -21 223.480011 ) 
4 1264 1268 (-2492 -149 160 ) (-2604 -149 160 ) (-2604 -21 160 ) (-2492 -21 160 ) 
4 1265 1287 (-2620 -149 160 ) (-2604 -149 160 ) (-2604 -149 215.480011 ) (-2620 -149 215.480011 ) 
4 1265 1266 (-2620 0 160 ) (-2620 -149 160 ) (-2620 -149 215.480011 ) (-2620 0 215.480011 ) 
4 1265 1268 (-2604 -149 160 ) (-2620 -149 160 ) (-2620 0 160 ) (-2604 0 160 ) 
4 1266 1287 (-2684 -149 160 ) (-2620 -149 160 ) (-2620 -149 215.480011 ) (-2684 -149 215.480011 ) 
4 1266 1267 (-2684 0 160 ) (-2684 -149 160 ) (-2684 -149 215.480011 ) (-2684 0 215.480011 ) 
4 1266 1268 (-2620 -149 160 ) (-2684 -149 160 ) (-2684 0 160 ) (-2620 0 160 ) 
4 1267 1287 (-2700 -149 215.480011 ) (-2700 -149 160 ) (-2684 -149 160 ) (-2684 -149 215.480011 ) 
4 1267 1275 (-2700 -149 160 ) (-2700 -149 223.480011 ) (-2700 -85 223.480011 ) (-2700 -85 160 ) 
4 1267 1270 (-2700 -85 223.480011 ) (-2700 -69 223.480011 ) (-2700 -69 160 ) (-2700 -85 160 ) 
4 1267 1268 (-2684 -149 160 ) (-2700 -149 160 ) (-2700 0 160 ) (-2684 0 160 ) 
4 1268 1287 (-2404 -149 -56.520000 ) (-2404 -149 160 ) (-2700 -149 160 ) (-2700 -149 -56.520000 ) 
4 1268 1275 (-2700 -85 -56.520000 ) (-2700 -149 -56.520000 ) (-2700 -149 160 ) (-2700 -85 160 ) 
4 1268 1270 (-2700 -69 -56.520000 ) (-2700 -85 -56.520000 ) (-2700 -85 160 ) (-2700 -69 160 ) 
4 1268 1276 (-2404 -149 -56.520000 ) (-2700 -149 -56.520000 ) (-2700 0 -56.520000 ) (-2404 0 -56.520000 ) 
4 1269 1271 (-2988 -69 279.480042 ) (-2988 -69 607.479980 ) (-2988 0 607.479980 ) (-2988 0 279.480042 ) 
4 1269 1270 (-2988 -69 607.479980 ) (-2988 -69 279.480042 ) (-2700 -69 279.480042 ) (-2700 -69 607.479980 ) 
4 1270 1274 (-2700 -85 351.480042 ) (-2700 -85 1055.479980 ) (-2988 -85 1055.479980 ) (-2988 -85 351.480042 ) 
4 1270 1275 (-2988 -85 -56.520000 ) (-2700 -85 -56.520000 ) (-2700 -85 343.480042 ) (-2988 -85 343.480042 ) 
4 1270 1271 (-2988 -69 -56.520000 ) (-2988 -85 -56.520000 ) (-2988 -85 1055.479980 ) (-2988 -69 1055.479980 ) 
4 1270 1276 (-2700 -69 -56.520000 ) (-2700 -85 -56.520000 ) (-2988 -85 -56.520000 ) (-2988 -69 -56.520000 ) 
4 1271 1274 (-2988 -85 351.480042 ) (-2988 -85 1055.479980 ) (-3004 -85 1055.479980 ) (-3004 -85 351.480042 ) 
4 1271 1275 (-3004 -85 -56.520000 ) (-2988 -85 -56.520000 ) (-2988 -85 343.480042 ) (-3004 -85 343.480042 ) 
4 1271 1273 (-3004 -85 351.480133 ) (-3004 -85 1055.479980 ) (-3004 0 1055.479980 ) (-3004 0 294.813354 ) 
4 1271 1272 (-3004 0 -56.520000 ) (-3004 -85 -56.520000 ) (-3004 -85 343.480194 ) (-3004 0 286.813416 ) 
4 1271 1276 (-3004 0 -56.520000 ) (-2988 0 -56.520000 ) (-2988 -85 -56.520000 ) (-3004 -85 -56.520000 ) 
4 1272 1275 (-3068 -85 343.480103 ) (-3068 -85 -56.520000 ) (-3004 -85 -56.520000 ) (-3004 -85 343.480194 ) 
4 1272 1276 (-3068 -85 -56.520000 ) (-3068 0 -56.520000 ) (-3004 0 -56.520000 ) (-3004 -85 -56.520000 ) 
4 1272 1277 (-3068 0 286.813416 ) (-3068 0 -56.520000 ) (-3068 -85 -56.520000 ) (-3068 -85 343.480194 ) 
4 1273 1274 (-3068 -85 1055.479980 ) (-3068 -85 351.480164 ) (-3004 -85 351.480133 ) (-3004 -85 1055.479980 ) 
4 1273 1277 (-3068 -85 1055.479980 ) (-3068 0 1055.479980 ) (-3068 0 294.813354 ) (-3068 -85 351.480133 ) 
4 1274 1278 (-2700 -149 1055.479980 ) (-3068 -149 1055.479980 ) (-3068 -149 351.480042 ) (-2700 -149 351.480042 ) 
4 1274 1277 (-3068 -149 351.480042 ) (-3068 -149 1055.479980 ) (-3068 -85 1055.479980 ) (-3068 -85 351.480042 ) 
4 1275 1286 (-3068 -149 223.480011 ) (-3068 -149 215.480011 ) (-3004 -149 215.480011 ) (-3004 -149 223.480011 ) 
4 1275 1287 (-3068 -149 215.480011 ) (-3068 -149 -56.520000 ) (-2700 -149 -56.520000 ) (-2700 -149 215.480011 ) 
4 1275 1285 (-3068 -149 343.480042 ) (-3068 -149 223.480011 ) (-2700 -149 223.480011 ) (-2700 -149 343.480042 ) 
4 1275 1276 (-2700 -149 -56.520000 ) (-3068 -149 -56.520000 ) (-3068 -85 -56.520000 ) (-2700 -85 -56.520000 ) 
4 1275 1277 (-3068 -149 -56.520000 ) (-3068 -149 343.480042 ) (-3068 -85 343.480042 ) (-3068 -85 -56.520000 ) 
4 1276 1287 (-2404 -149 -632 ) (-2404 -149 -56.520000 ) (-3068 -149 -56.520000 ) (-3068 -149 -632 ) 
4 1276 1277 (-3068 0 -632 ) (-3068 -149 -632 ) (-3068 -149 -56.520000 ) (-3068 0 -56.520000 ) 
4 1277 2049 (-3072 -149 -632 ) (-3072 -149 159.480011 ) (-3072 0 159.480011 ) (-3072 0 -632 ) 
4 1277 2033 (-3072 -149 159.480011 ) (-3072 -149 727.479980 ) (-3072 0 727.479980 ) (-3072 0 159.480011 ) 
4 1277 2029 (-3072 -149 727.479980 ) (-3072 -149 1055.479980 ) (-3072 0 1055.479980 ) (-3072 0 727.479980 ) 
4 1277 1286 (-3072 -149 223.480011 ) (-3072 -149 215.480011 ) (-3068 -149 215.480011 ) (-3068 -149 223.480011 ) 
4 1277 1287 (-3072 -149 215.480011 ) (-3072 -149 -632 ) (-3068 -149 -632 ) (-3068 -149 215.480011 ) 
4 1277 1285 (-3072 -149 351.480042 ) (-3072 -149 223.480011 ) (-3068 -149 223.480011 ) (-3068 -149 351.480042 ) 
4 1277 1278 (-3068 -149 1055.479980 ) (-3072 -149 1055.479980 ) (-3072 -149 351.480042 ) (-3068 -149 351.480042 ) 
4 1278 2033 (-3072 -149 727.479980 ) (-3072 -149 351.480042 ) (-3072 -173 351.480042 ) (-3072 -173 727.479980 ) 
4 1278 2029 (-3072 -173 1055.479980 ) (-3072 -149 1055.479980 ) (-3072 -149 727.479980 ) (-3072 -173 727.479980 ) 
4 1278 1283 (-2492 -149 351.480042 ) (-2404 -149 351.480042 ) (-2404 -173 351.480042 ) (-2492 -173 351.480042 ) 
4 1278 1285 (-3072 -173 351.480042 ) (-3072 -149 351.480042 ) (-2556 -149 351.480042 ) (-2556 -173 351.480042 ) 
3 1278 1282 (-2404 -173 671.479919 ) (-2404 -173 727.479980 ) (-2488 -173 727.479980 ) 
4 1278 1281 (-2404 -173 727.479980 ) (-2404 -173 735.479980 ) (-2500 -173 735.479980 ) (-2488 -173 727.479980 ) 
5 1278 1280 (-3072 -173 351.480042 ) (-2404 -173 351.480042 ) (-2404 -173 663.479980 ) (-2500 -173 727.479980 ) (-3072 -173 727.479980 ) 
4 1278 1279 (-2404 -173 735.479980 ) (-2404 -173 1055.479980 ) (-3072 -173 1055.479980 ) (-3072 -173 735.479980 ) 
4 1279 2031 (-3072 -213 1055.479980 ) (-3072 -173 1055.479980 ) (-3072 -173 735.479980 ) (-3072 -213 735.479980 ) 
4 1279 1296 (-2492 -213 1055.479980 ) (-3072 -213 1055.479980 ) (-3072 -213 735.479980 ) (-2492 -213 735.479980 ) 
4 1279 1289 (-2404 -213 735.479980 ) (-2404 -213 1055.479980 ) (-2492 -213 1055.479980 ) (-2492 -213 735.479980 ) 
4 1279 1281 (-2404 -213 735.479980 ) (-2500 -213 735.479980 ) (-2500 -173 735.479980 ) (-2404 -173 735.479980 ) 
4 1280 2033 (-3072 -173 727.479980 ) (-3072 -173 351.480042 ) (-3072 -213 351.480042 ) (-3072 -213 727.479980 ) 
4 1280 1329 (-3072 -213 583.479980 ) (-3072 -213 351.480042 ) (-2940 -213 351.480042 ) (-2940 -213 583.479980 ) 
4 1280 1319 (-2940 -213 351.480042 ) (-2748 -213 351.480042 ) (-2748 -213 583.479980 ) (-2940 -213 583.479980 ) 
4 1280 1317 (-2748 -213 351.480042 ) (-2684 -213 351.480042 ) (-2684 -213 583.479980 ) (-2748 -213 583.479980 ) 
4 1280 1313 (-2668 -213 351.480042 ) (-2572 -213 351.480042 ) (-2572 -213 583.479980 ) (-2668 -213 583.479980 ) 
4 1280 1312 (-2572 -213 351.480042 ) (-2556 -213 351.480042 ) (-2556 -213 583.479980 ) (-2572 -213 583.479980 ) 
4 1280 1316 (-2684 -213 351.480042 ) (-2668 -213 351.480042 ) (-2668 -213 583.479980 ) (-2684 -213 583.479980 ) 
4 1280 1309 (-2556 -213 351.480042 ) (-2492 -213 351.480042 ) (-2492 -213 583.479980 ) (-2556 -213 583.479980 ) 
5 1280 1298 (-2492 -213 722.146667 ) (-2500 -213 727.479980 ) (-3072 -213 727.479980 ) (-3072 -213 583.479980 ) (-2492 -213 583.479980 ) 
4 1280 1288 (-2404 -213 351.480042 ) (-2404 -213 663.479980 ) (-2492 -213 722.146667 ) (-2492 -213 351.480042 ) 
4 1280 1283 (-2404 -213 351.480042 ) (-2492 -213 351.480042 ) (-2492 -173 351.480042 ) (-2404 -173 351.480042 ) 
4 1280 1285 (-2556 -213 351.480042 ) (-3072 -213 351.480042 ) (-3072 -173 351.480042 ) (-2556 -173 351.480042 ) 
3 1281 1297 (-2492 -213 735.479980 ) (-2500 -213 735.479980 ) (-2492 -213 730.146667 ) 
5 1281 1289 (-2404 -213 727.479980 ) (-2404 -213 735.479980 ) (-2492 -213 735.479980 ) (-2492 -213 730.146667 ) (-2488 -213 727.479980 ) 
4 1281 1282 (-2404 -213 727.479980 ) (-2488 -213 727.479980 ) (-2488 -173 727.479980 ) (-2404 -173 727.479980 ) 
3 1282 1289 (-2404 -213 671.479919 ) (-2404 -213 727.479980 ) (-2488 -213 727.479980 ) 
4 1283 1288 (-2404 -213 223.480011 ) (-2404 -213 351.480042 ) (-2492 -213 351.480042 ) (-2492 -213 223.480011 ) 
4 1283 1284 (-2492 -149 223.480011 ) (-2492 -213 223.480011 ) (-2492 -213 343.480042 ) (-2492 -149 343.480042 ) 
4 1284 1311 (-2556 -213 343.480042 ) (-2556 -213 223.480011 ) (-2492 -213 223.480011 ) (-2492 -213 343.480042 ) 
4 1284 1285 (-2556 -149 223.480011 ) (-2556 -213 223.480011 ) (-2556 -213 343.480042 ) (-2556 -149 343.480042 ) 
4 1285 2033 (-3072 -149 351.480042 ) (-3072 -149 223.480011 ) (-3072 -213 223.480011 ) (-3072 -213 351.480042 ) 
4 1285 1329 (-2940 -213 351.480042 ) (-3072 -213 351.480042 ) (-3072 -213 223.480011 ) (-2940 -213 223.480011 ) 
4 1285 1320 (-2940 -213 343.480042 ) (-2940 -213 223.480011 ) (-2748 -213 223.480011 ) (-2748 -213 343.480042 ) 
4 1285 1318 (-2748 -213 343.480042 ) (-2748 -213 223.480011 ) (-2684 -213 223.480011 ) (-2684 -213 343.480042 ) 
4 1285 1313 (-2572 -213 351.480042 ) (-2668 -213 351.480042 ) (-2668 -213 223.480011 ) (-2572 -213 223.480011 ) 
4 1285 1312 (-2556 -213 351.480042 ) (-2572 -213 351.480042 ) (-2572 -213 223.480011 ) (-2556 -213 223.480011 ) 
4 1285 1316 (-2668 -213 351.480042 ) (-2684 -213 351.480042 ) (-2684 -213 223.480011 ) (-2668 -213 223.480011 ) 
4 1285 1286 (-3004 -213 223.480011 ) (-3072 -213 223.480011 ) (-3072 -149 223.480011 ) (-3004 -149 223.480011 ) 
4 1286 2033 (-3072 -149 223.480011 ) (-3072 -149 215.480011 ) (-3072 -213 215.480011 ) (-3072 -213 223.480011 ) 
4 1286 1334 (-3004 -213 223.480011 ) (-3072 -213 223.480011 ) (-3072 -213 215.480011 ) (-3004 -213 215.480011 ) 
4 1286 1287 (-3004 -213 215.480011 ) (-3072 -213 215.480011 ) (-3072 -149 215.480011 ) (-3004 -149 215.480011 ) 
4 1287 2049 (-3072 -149 159.480011 ) (-3072 -149 -632 ) (-3072 -213 -632 ) (-3072 -213 159.480011 ) 
4 1287 2033 (-3072 -149 215.480011 ) (-3072 -149 159.480011 ) (-3072 -213 159.480011 ) (-3072 -213 215.480011 ) 
4 1287 1333 (-2940 -213 215.480011 ) (-3004 -213 215.480011 ) (-3004 -213 159.480011 ) (-2940 -213 159.480011 ) 
4 1287 1334 (-3004 -213 215.480011 ) (-3072 -213 215.480011 ) (-3072 -213 159.480011 ) (-3004 -213 159.480011 ) 
4 1287 1320 (-2748 -213 215.480011 ) (-2940 -213 215.480011 ) (-2940 -213 159.480011 ) (-2748 -213 159.480011 ) 
4 1287 1335 (-3072 -213 159.480011 ) (-3072 -213 -104.520004 ) (-2748 -213 -104.520004 ) (-2748 -213 159.480011 ) 
4 1287 1318 (-2684 -213 215.480011 ) (-2748 -213 215.480011 ) (-2748 -213 -104.520004 ) (-2684 -213 -104.520004 ) 
4 1287 1313 (-2572 -213 215.480011 ) (-2668 -213 215.480011 ) (-2668 -213 -104.520004 ) (-2572 -213 -104.520004 ) 
4 1287 1312 (-2556 -213 215.480011 ) (-2572 -213 215.480011 ) (-2572 -213 -104.520004 ) (-2556 -213 -104.520004 ) 
4 1287 1316 (-2668 -213 215.480011 ) (-2684 -213 215.480011 ) (-2684 -213 -104.520004 ) (-2668 -213 -104.520004 ) 
4 1287 1311 (-2492 -213 -104.520004 ) (-2492 -213 215.480011 ) (-2556 -213 215.480011 ) (-2556 -213 -104.520004 ) 
4 1287 1336 (-3072 -213 -632 ) (-2492 -213 -632 ) (-2492 -213 -104.520004 ) (-3072 -213 -104.520004 ) 
4 1287 1288 (-2492 -213 -632 ) (-2404 -213 -632 ) (-2404 -213 215.480011 ) (-2492 -213 215.480011 ) 
4 1288 1309 (-2492 -213 583.479980 ) (-2492 -213 351.480042 ) (-2492 -237 351.480042 ) (-2492 -237 583.479980 ) 
4 1288 1311 (-2492 -213 343.480042 ) (-2492 -213 -104.520004 ) (-2492 -237 -104.520004 ) (-2492 -237 343.480042 ) 
4 1288 1298 (-2492 -213 722.146606 ) (-2492 -213 583.479980 ) (-2492 -237 583.479980 ) (-2492 -237 722.146606 ) 
4 1288 1336 (-2492 -213 -104.520004 ) (-2492 -213 -632 ) (-2492 -237 -632 ) (-2492 -237 -104.520004 ) 
4 1288 1290 (-2492 -237 722.146606 ) (-2492 -237 -632 ) (-2404 -237 -632 ) (-2404 -237 663.479858 ) 
4 1289 1297 (-2492 -213 735.479980 ) (-2492 -213 730.146606 ) (-2492 -237 730.146545 ) (-2492 -237 735.479980 ) 
4 1289 1296 (-2492 -213 1055.479980 ) (-2492 -213 735.479980 ) (-2492 -237 735.479980 ) (-2492 -237 1055.479980 ) 
4 1289 1290 (-2492 -237 1055.479980 ) (-2492 -237 730.146606 ) (-2404 -237 671.479980 ) (-2404 -237 1055.479980 ) 
4 1290 1309 (-2492 -253 351.480042 ) (-2492 -253 583.479980 ) (-2492 -237 583.479980 ) (-2492 -237 351.480042 ) 
4 1290 1311 (-2492 -253 -104.520004 ) (-2492 -253 343.480042 ) (-2492 -237 343.480042 ) (-2492 -237 -104.520004 ) 
4 1290 1299 (-2492 -253 583.479980 ) (-2492 -253 1055.479980 ) (-2492 -237 1055.479980 ) (-2492 -237 583.479980 ) 
4 1290 1336 (-2492 -237 -632 ) (-2492 -253 -632 ) (-2492 -253 -104.520004 ) (-2492 -237 -104.520004 ) 
4 1290 1291 (-2476 -253 -632 ) (-2404 -253 -632 ) (-2404 -253 159.480011 ) (-2476 -253 159.480011 ) 
4 1290 1293 (-2492 -253 1055.479980 ) (-2492 -253 -632 ) (-2476 -253 -632 ) (-2476 -253 1055.479980 ) 
4 1291 1292 (-2476 -421 159.480011 ) (-2476 -421 -632 ) (-2404 -421 -632 ) (-2404 -421 159.480011 ) 
4 1291 1293 (-2476 -253 159.480011 ) (-2476 -253 -632 ) (-2476 -421 -632 ) (-2476 -421 159.480011 ) 
4 1292 1294 (-2404 -437 767.479980 ) (-2404 -437 1055.479980 ) (-2476 -437 1055.479980 ) (-2476 -437 767.479980 ) 
4 1292 1295 (-2476 -437 -632 ) (-2404 -437 -632 ) (-2404 -437 759.479980 ) (-2476 -437 759.479980 ) 
4 1292 1293 (-2476 -421 -632 ) (-2476 -437 -632 ) (-2476 -437 1055.479980 ) (-2476 -421 1055.479980 ) 
4 1293 1310 (-2492 -437 343.480042 ) (-2492 -437 351.480042 ) (-2492 -417 351.480042 ) (-2492 -405 343.480042 ) 
5 1293 1309 (-2492 -437 372.813324 ) (-2492 -437 583.479980 ) (-2492 -253 583.479980 ) (-2492 -253 351.480042 ) (-2492 -405 351.480042 ) 
3 1293 1308 (-2492 -437 351.480042 ) (-2492 -437 364.813354 ) (-2492 -417 351.480042 ) 
4 1293 1311 (-2492 -437 -104.520004 ) (-2492 -437 343.480042 ) (-2492 -253 343.480042 ) (-2492 -253 -104.520004 ) 
4 1293 1305 (-2492 -437 583.479980 ) (-2492 -437 1055.479980 ) (-2492 -421 1055.479980 ) (-2492 -421 583.479980 ) 
4 1293 1299 (-2492 -421 1055.479980 ) (-2492 -253 1055.479980 ) (-2492 -253 583.479980 ) (-2492 -421 583.479980 ) 
4 1293 1336 (-2492 -253 -632 ) (-2492 -437 -632 ) (-2492 -437 -104.520004 ) (-2492 -253 -104.520004 ) 
4 1293 1294 (-2492 -437 1055.479980 ) (-2492 -437 767.479980 ) (-2476 -437 767.479980 ) (-2476 -437 1055.479980 ) 
4 1293 1295 (-2492 -437 759.479980 ) (-2492 -437 -632 ) (-2476 -437 -632 ) (-2476 -437 759.479980 ) 
4 1294 1377 (-2404 -469 1055.479980 ) (-2492 -469 1055.479980 ) (-2492 -469 767.479980 ) (-2404 -469 767.479980 ) 
4 1294 1306 (-2492 -469 871.479980 ) (-2492 -469 1055.479980 ) (-2492 -437 1055.479980 ) (-2492 -437 871.479980 ) 
4 1294 1307 (-2492 -469 767.479980 ) (-2492 -469 863.479980 ) (-2492 -437 863.479980 ) (-2492 -437 767.479980 ) 
4 1295 1491 (-2492 -469 159.480011 ) (-2492 -469 -632 ) (-2404 -469 -632 ) (-2404 -469 159.480011 ) 
4 1295 1389 (-2492 -469 535.479980 ) (-2492 -469 223.480011 ) (-2404 -469 223.480011 ) (-2404 -469 535.479980 ) 
4 1295 1378 (-2492 -469 759.479980 ) (-2492 -469 543.479980 ) (-2404 -469 543.479980 ) (-2404 -469 759.479980 ) 
4 1295 1400 (-2492 -469 215.480011 ) (-2492 -469 159.480011 ) (-2404 -469 159.480011 ) (-2404 -469 215.480011 ) 
4 1295 1310 (-2492 -469 343.480042 ) (-2492 -469 351.480042 ) (-2492 -437 351.480042 ) (-2492 -437 343.480042 ) 
4 1295 1309 (-2492 -469 394.146637 ) (-2492 -469 583.479980 ) (-2492 -437 583.479980 ) (-2492 -437 372.813354 ) 
4 1295 1308 (-2492 -469 351.480042 ) (-2492 -469 386.146667 ) (-2492 -437 364.813354 ) (-2492 -437 351.480042 ) 
4 1295 1311 (-2492 -469 -104.520004 ) (-2492 -469 343.480042 ) (-2492 -437 343.480042 ) (-2492 -437 -104.520004 ) 
4 1295 1307 (-2492 -469 583.479980 ) (-2492 -469 759.479980 ) (-2492 -437 759.479980 ) (-2492 -437 583.479980 ) 
4 1295 1336 (-2492 -437 -632 ) (-2492 -469 -632 ) (-2492 -469 -104.520004 ) (-2492 -437 -104.520004 ) 
4 1296 2031 (-3072 -237 1055.479980 ) (-3072 -213 1055.479980 ) (-3072 -213 735.479980 ) (-3072 -237 735.479980 ) 
4 1296 1303 (-2764 -237 1055.479980 ) (-2860 -237 1055.479980 ) (-2860 -237 735.479980 ) (-2764 -237 735.479980 ) 
4 1296 1302 (-2668 -237 1055.479980 ) (-2764 -237 1055.479980 ) (-2764 -237 735.479980 ) (-2668 -237 735.479980 ) 
4 1296 1304 (-2860 -237 1055.479980 ) (-3072 -237 1055.479980 ) (-3072 -237 735.479980 ) (-2860 -237 735.479980 ) 
4 1296 1300 (-2572 -237 1055.479980 ) (-2668 -237 1055.479980 ) (-2668 -237 735.479980 ) (-2572 -237 735.479980 ) 
4 1296 1299 (-2492 -237 735.479980 ) (-2492 -237 1055.479980 ) (-2572 -237 1055.479980 ) (-2572 -237 735.479980 ) 
4 1296 1297 (-2492 -237 735.479980 ) (-2500 -237 735.479980 ) (-2500 -213 735.479980 ) (-2492 -213 735.479980 ) 
3 1297 1299 (-2492 -237 730.146606 ) (-2492 -237 735.479980 ) (-2500 -237 735.479980 ) 
4 1298 2033 (-3072 -213 727.479980 ) (-3072 -213 583.479980 ) (-3072 -237 583.479980 ) (-3072 -237 727.479980 ) 
4 1298 1329 (-3072 -213 583.479980 ) (-2940 -213 583.479980 ) (-2940 -237 583.479980 ) (-3072 -237 583.479980 ) 
4 1298 1319 (-2940 -213 583.479980 ) (-2748 -213 583.479980 ) (-2748 -237 583.479980 ) (-2940 -237 583.479980 ) 
4 1298 1317 (-2748 -213 583.479980 ) (-2684 -213 583.479980 ) (-2684 -237 583.479980 ) (-2748 -237 583.479980 ) 
4 1298 1313 (-2668 -213 583.479980 ) (-2572 -213 583.479980 ) (-2572 -237 583.479980 ) (-2668 -237 583.479980 ) 
4 1298 1312 (-2572 -213 583.479980 ) (-2556 -213 583.479980 ) (-2556 -237 583.479980 ) (-2572 -237 583.479980 ) 
4 1298 1316 (-2684 -213 583.479980 ) (-2668 -213 583.479980 ) (-2668 -237 583.479980 ) (-2684 -237 583.479980 ) 
4 1298 1309 (-2556 -213 583.479980 ) (-2492 -213 583.479980 ) (-2492 -237 583.479980 ) (-2556 -237 583.479980 ) 
4 1298 1303 (-2860 -237 583.479980 ) (-2764 -237 583.479980 ) (-2764 -237 727.479980 ) (-2860 -237 727.479980 ) 
4 1298 1302 (-2764 -237 583.479980 ) (-2668 -237 583.479980 ) (-2668 -237 727.479980 ) (-2764 -237 727.479980 ) 
4 1298 1304 (-3072 -237 583.479980 ) (-2860 -237 583.479980 ) (-2860 -237 727.479980 ) (-3072 -237 727.479980 ) 
4 1298 1300 (-2668 -237 583.479980 ) (-2572 -237 583.479980 ) (-2572 -237 727.479980 ) (-2668 -237 727.479980 ) 
5 1298 1299 (-2572 -237 583.479980 ) (-2492 -237 583.479980 ) (-2492 -237 722.146606 ) (-2500 -237 727.479980 ) (-2572 -237 727.479980 ) 
4 1299 1312 (-2556 -421 583.479980 ) (-2572 -421 583.479980 ) (-2572 -237 583.479980 ) (-2556 -237 583.479980 ) 
4 1299 1309 (-2492 -237 583.479980 ) (-2492 -421 583.479980 ) (-2556 -421 583.479980 ) (-2556 -237 583.479980 ) 
4 1299 1305 (-2572 -421 583.479980 ) (-2492 -421 583.479980 ) (-2492 -421 1055.479980 ) (-2572 -421 1055.479980 ) 
4 1299 1300 (-2572 -237 1055.479980 ) (-2572 -237 583.479980 ) (-2572 -277 583.479980 ) (-2572 -277 1055.479980 ) 
4 1299 1301 (-2572 -405 583.479980 ) (-2572 -421 583.479980 ) (-2572 -421 1055.479980 ) (-2572 -405 1055.479980 ) 
4 1300 1313 (-2668 -277 583.479980 ) (-2668 -237 583.479980 ) (-2572 -237 583.479980 ) (-2572 -277 583.479980 ) 
4 1300 1302 (-2668 -237 1055.479980 ) (-2668 -237 583.479980 ) (-2668 -277 583.479980 ) (-2668 -277 1055.479980 ) 
4 1301 1315 (-2572 -421 583.479980 ) (-2668 -421 583.479980 ) (-2668 -405 583.479980 ) (-2572 -405 583.479980 ) 
4 1301 1305 (-2668 -421 583.479980 ) (-2572 -421 583.479980 ) (-2572 -421 1055.479980 ) (-2668 -421 1055.479980 ) 
4 1301 1302 (-2668 -405 583.479980 ) (-2668 -421 583.479980 ) (-2668 -421 1055.479980 ) (-2668 -405 1055.479980 ) 
4 1302 1321 (-2748 -421 583.479980 ) (-2764 -421 583.479980 ) (-2764 -277 583.479980 ) (-2748 -277 583.479980 ) 
4 1302 1319 (-2764 -277 583.479980 ) (-2764 -237 583.479980 ) (-2748 -237 583.479980 ) (-2748 -277 583.479980 ) 
4 1302 1317 (-2684 -421 583.479980 ) (-2748 -421 583.479980 ) (-2748 -237 583.479980 ) (-2684 -237 583.479980 ) 
4 1302 1316 (-2668 -421 583.479980 ) (-2684 -421 583.479980 ) (-2684 -237 583.479980 ) (-2668 -237 583.479980 ) 
4 1302 1305 (-2764 -421 583.479980 ) (-2668 -421 583.479980 ) (-2668 -421 1055.479980 ) (-2764 -421 1055.479980 ) 
4 1302 1303 (-2764 -237 1055.479980 ) (-2764 -237 583.479980 ) (-2764 -293 583.479980 ) (-2764 -293 1055.479980 ) 
4 1303 1322 (-2860 -293 583.479980 ) (-2860 -277 583.479980 ) (-2764 -277 583.479980 ) (-2764 -293 583.479980 ) 
4 1303 1319 (-2860 -277 583.479980 ) (-2860 -237 583.479980 ) (-2764 -237 583.479980 ) (-2764 -277 583.479980 ) 
4 1303 1304 (-2860 -237 1055.479980 ) (-2860 -237 583.479980 ) (-2860 -293 583.479980 ) (-2860 -293 1055.479980 ) 
4 1304 2044 (-3072 -405 863.479980 ) (-3072 -405 583.479980 ) (-3072 -421 583.479980 ) (-3072 -421 863.479980 ) 
4 1304 2040 (-3072 -421 1055.479980 ) (-3072 -405 1055.479980 ) (-3072 -405 863.479980 ) (-3072 -421 863.479980 ) 
4 1304 2037 (-3072 -405 1055.479980 ) (-3072 -277 1055.479980 ) (-3072 -277 583.479980 ) (-3072 -405 583.479980 ) 
4 1304 2033 (-3072 -237 727.479980 ) (-3072 -237 583.479980 ) (-3072 -277 583.479980 ) (-3072 -277 727.479980 ) 
4 1304 2032 (-3072 -277 1055.479980 ) (-3072 -237 1055.479980 ) (-3072 -237 727.479980 ) (-3072 -277 727.479980 ) 
4 1304 1330 (-2940 -421 583.479980 ) (-3072 -421 583.479980 ) (-3072 -405 583.479980 ) (-2940 -405 583.479980 ) 
4 1304 1329 (-3072 -405 583.479980 ) (-3072 -237 583.479980 ) (-2940 -237 583.479980 ) (-2940 -405 583.479980 ) 
4 1304 1327 (-2876 -421 583.479980 ) (-2940 -421 583.479980 ) (-2940 -405 583.479980 ) (-2876 -405 583.479980 ) 
4 1304 1325 (-2940 -405 583.479980 ) (-2940 -277 583.479980 ) (-2876 -277 583.479980 ) (-2876 -405 583.479980 ) 
4 1304 1324 (-2860 -421 583.479980 ) (-2876 -421 583.479980 ) (-2876 -277 583.479980 ) (-2860 -277 583.479980 ) 
4 1304 1319 (-2940 -277 583.479980 ) (-2940 -237 583.479980 ) (-2860 -237 583.479980 ) (-2860 -277 583.479980 ) 
4 1304 1305 (-3072 -421 583.479980 ) (-2860 -421 583.479980 ) (-2860 -421 1055.479980 ) (-3072 -421 1055.479980 ) 
4 1305 2044 (-3072 -421 863.479980 ) (-3072 -421 583.479980 ) (-3072 -437 583.479980 ) (-3072 -437 863.479980 ) 
4 1305 2040 (-3072 -437 1055.479980 ) (-3072 -421 1055.479980 ) (-3072 -421 863.479980 ) (-3072 -437 863.479980 ) 
4 1305 1330 (-2940 -437 583.479980 ) (-3072 -437 583.479980 ) (-3072 -421 583.479980 ) (-2940 -421 583.479980 ) 
4 1305 1327 (-2876 -437 583.479980 ) (-2940 -437 583.479980 ) (-2940 -421 583.479980 ) (-2876 -421 583.479980 ) 
4 1305 1323 (-2764 -437 583.479980 ) (-2860 -437 583.479980 ) (-2860 -421 583.479980 ) (-2764 -421 583.479980 ) 
4 1305 1321 (-2748 -437 583.479980 ) (-2764 -437 583.479980 ) (-2764 -421 583.479980 ) (-2748 -421 583.479980 ) 
4 1305 1324 (-2860 -437 583.479980 ) (-2876 -437 583.479980 ) (-2876 -421 583.479980 ) (-2860 -421 583.479980 ) 
4 1305 1317 (-2684 -437 583.479980 ) (-2748 -437 583.479980 ) (-2748 -421 583.479980 ) (-2684 -421 583.479980 ) 
4 1305 1315 (-2572 -437 583.479980 ) (-2668 -437 583.479980 ) (-2668 -421 583.479980 ) (-2572 -421 583.479980 ) 
4 1305 1312 (-2556 -437 583.479980 ) (-2572 -437 583.479980 ) (-2572 -421 583.479980 ) (-2556 -421 583.479980 ) 
4 1305 1316 (-2668 -437 583.479980 ) (-2684 -437 583.479980 ) (-2684 -421 583.479980 ) (-2668 -421 583.479980 ) 
4 1305 1309 (-2492 -421 583.479980 ) (-2492 -437 583.479980 ) (-2556 -437 583.479980 ) (-2556 -421 583.479980 ) 
4 1305 1306 (-2492 -437 871.479980 ) (-2492 -437 1055.479980 ) (-3072 -437 1055.479980 ) (-3072 -437 871.479980 ) 
4 1305 1307 (-3072 -437 583.479980 ) (-2492 -437 583.479980 ) (-2492 -437 863.479980 ) (-3072 -437 863.479980 ) 
4 1306 2041 (-3072 -469 871.479980 ) (-3072 -469 1055.479980 ) (-3072 -437 1055.479980 ) (-3072 -437 871.479980 ) 
4 1306 1480 (-2940 -469 1055.479980 ) (-3072 -469 1055.479980 ) (-3072 -469 871.479980 ) (-2940 -469 871.479980 ) 
4 1306 1383 (-2492 -469 1055.479980 ) (-2940 -469 1055.479980 ) (-2940 -469 871.479980 ) (-2492 -469 871.479980 ) 
4 1307 2044 (-3072 -469 583.479980 ) (-3072 -469 863.479980 ) (-3072 -437 863.479980 ) (-3072 -437 583.479980 ) 
4 1307 1481 (-3072 -469 863.479980 ) (-3072 -469 583.479980 ) (-2940 -469 583.479980 ) (-2940 -469 863.479980 ) 
4 1307 1384 (-2940 -469 583.479980 ) (-2492 -469 583.479980 ) (-2492 -469 863.479980 ) (-2940 -469 863.479980 ) 
4 1307 1330 (-2940 -469 583.479980 ) (-3072 -469 583.479980 ) (-3072 -437 583.479980 ) (-2940 -437 583.479980 ) 
4 1307 1327 (-2876 -469 583.479980 ) (-2940 -469 583.479980 ) (-2940 -437 583.479980 ) (-2876 -437 583.479980 ) 
4 1307 1323 (-2764 -469 583.479980 ) (-2860 -469 583.479980 ) (-2860 -437 583.479980 ) (-2764 -437 583.479980 ) 
4 1307 1321 (-2748 -469 583.479980 ) (-2764 -469 583.479980 ) (-2764 -437 583.479980 ) (-2748 -437 583.479980 ) 
4 1307 1324 (-2860 -469 583.479980 ) (-2876 -469 583.479980 ) (-2876 -437 583.479980 ) (-2860 -437 583.479980 ) 
4 1307 1317 (-2684 -469 583.479980 ) (-2748 -469 583.479980 ) (-2748 -437 583.479980 ) (-2684 -437 583.479980 ) 
4 1307 1315 (-2572 -469 583.479980 ) (-2668 -469 583.479980 ) (-2668 -437 583.479980 ) (-2572 -437 583.479980 ) 
4 1307 1312 (-2556 -469 583.479980 ) (-2572 -469 583.479980 ) (-2572 -437 583.479980 ) (-2556 -437 583.479980 ) 
4 1307 1316 (-2668 -469 583.479980 ) (-2684 -469 583.479980 ) (-2684 -437 583.479980 ) (-2668 -437 583.479980 ) 
4 1307 1309 (-2492 -437 583.479980 ) (-2492 -469 583.479980 ) (-2556 -469 583.479980 ) (-2556 -437 583.479980 ) 
4 1308 1391 (-2492 -469 351.480042 ) (-2492 -469 386.146667 ) (-2556 -469 386.146667 ) (-2556 -469 351.480042 ) 
3 1308 1312 (-2556 -469 351.480042 ) (-2556 -469 386.146667 ) (-2556 -417 351.480042 ) 
4 1308 1310 (-2556 -469 351.480042 ) (-2556 -417 351.480042 ) (-2492 -417 351.480042 ) (-2492 -469 351.480042 ) 
4 1309 1392 (-2492 -469 394.146637 ) (-2492 -469 535.479980 ) (-2556 -469 535.479980 ) (-2556 -469 394.146667 ) 
4 1309 1384 (-2492 -469 543.479980 ) (-2492 -469 583.479980 ) (-2556 -469 583.479980 ) (-2556 -469 543.479980 ) 
5 1309 1312 (-2556 -469 394.146637 ) (-2556 -469 583.479980 ) (-2556 -213 583.479980 ) (-2556 -213 351.480042 ) (-2556 -405 351.480042 ) 
4 1310 1391 (-2492 -469 343.480042 ) (-2492 -469 351.480042 ) (-2556 -469 351.480042 ) (-2556 -469 343.480042 ) 
4 1310 1312 (-2556 -469 343.480042 ) (-2556 -469 351.480042 ) (-2556 -417 351.480042 ) (-2556 -405 343.480042 ) 
4 1310 1311 (-2556 -469 343.480042 ) (-2556 -405 343.480042 ) (-2492 -405 343.480042 ) (-2492 -469 343.480042 ) 
4 1311 1491 (-2556 -469 -104.520004 ) (-2492 -469 -104.520004 ) (-2492 -469 159.480011 ) (-2556 -469 159.480011 ) 
4 1311 1391 (-2492 -469 223.480011 ) (-2492 -469 343.480042 ) (-2556 -469 343.480042 ) (-2556 -469 223.480011 ) 
4 1311 1400 (-2492 -469 159.480011 ) (-2492 -469 215.480011 ) (-2556 -469 215.480011 ) (-2556 -469 159.480011 ) 
4 1311 1312 (-2556 -213 -104.520004 ) (-2556 -469 -104.520004 ) (-2556 -469 343.480042 ) (-2556 -213 343.480042 ) 
4 1311 1336 (-2556 -213 -104.520004 ) (-2492 -213 -104.520004 ) (-2492 -469 -104.520004 ) (-2556 -469 -104.520004 ) 
4 1312 1491 (-2572 -469 -104.520004 ) (-2556 -469 -104.520004 ) (-2556 -469 159.480011 ) (-2572 -469 159.480011 ) 
4 1312 1393 (-2556 -469 223.480011 ) (-2556 -469 535.479980 ) (-2572 -469 535.479980 ) (-2572 -469 223.480011 ) 
4 1312 1384 (-2556 -469 543.479980 ) (-2556 -469 583.479980 ) (-2572 -469 583.479980 ) (-2572 -469 543.479980 ) 
4 1312 1400 (-2556 -469 159.480011 ) (-2556 -469 215.480011 ) (-2572 -469 215.480011 ) (-2572 -469 159.480011 ) 
4 1312 1314 (-2572 -405 367.480042 ) (-2572 -405 583.479980 ) (-2572 -277 583.479980 ) (-2572 -277 367.480042 ) 
4 1312 1313 (-2572 -213 -104.520004 ) (-2572 -277 -104.520004 ) (-2572 -277 583.479980 ) (-2572 -213 583.479980 ) 
4 1312 1315 (-2572 -405 -104.520004 ) (-2572 -469 -104.520004 ) (-2572 -469 583.479980 ) (-2572 -405 583.479980 ) 
4 1312 1336 (-2572 -213 -104.520004 ) (-2556 -213 -104.520004 ) (-2556 -469 -104.520004 ) (-2572 -469 -104.520004 ) 
4 1313 1314 (-2668 -277 583.479980 ) (-2668 -277 367.480042 ) (-2572 -277 367.480042 ) (-2572 -277 583.479980 ) 
4 1313 1316 (-2668 -213 -104.520004 ) (-2668 -277 -104.520004 ) (-2668 -277 583.479980 ) (-2668 -213 583.479980 ) 
4 1313 1336 (-2668 -213 -104.520004 ) (-2572 -213 -104.520004 ) (-2572 -277 -104.520004 ) (-2668 -277 -104.520004 ) 
4 1314 1316 (-2668 -405 367.480042 ) (-2668 -405 583.479980 ) (-2668 -277 583.479980 ) (-2668 -277 367.480042 ) 
4 1314 1315 (-2668 -405 583.479980 ) (-2668 -405 367.480042 ) (-2572 -405 367.480042 ) (-2572 -405 583.479980 ) 
4 1315 1491 (-2668 -469 -104.520004 ) (-2572 -469 -104.520004 ) (-2572 -469 159.480011 ) (-2668 -469 159.480011 ) 
4 1315 1393 (-2572 -469 223.480011 ) (-2572 -469 535.479980 ) (-2668 -469 535.479980 ) (-2668 -469 223.480011 ) 
4 1315 1384 (-2572 -469 543.479980 ) (-2572 -469 583.479980 ) (-2668 -469 583.479980 ) (-2668 -469 543.479980 ) 
4 1315 1400 (-2572 -469 159.480011 ) (-2572 -469 215.480011 ) (-2668 -469 215.480011 ) (-2668 -469 159.480011 ) 
4 1315 1336 (-2572 -405 -104.520004 ) (-2572 -469 -104.520004 ) (-2668 -469 -104.520004 ) (-2668 -405 -104.520004 ) 
4 1315 1316 (-2668 -405 -104.520004 ) (-2668 -469 -104.520004 ) (-2668 -469 583.479980 ) (-2668 -405 583.479980 ) 
4 1316 1491 (-2684 -469 -104.520004 ) (-2668 -469 -104.520004 ) (-2668 -469 159.480011 ) (-2684 -469 159.480011 ) 
4 1316 1393 (-2668 -469 223.480011 ) (-2668 -469 535.479980 ) (-2684 -469 535.479980 ) (-2684 -469 223.480011 ) 
4 1316 1384 (-2668 -469 543.479980 ) (-2668 -469 583.479980 ) (-2684 -469 583.479980 ) (-2684 -469 543.479980 ) 
4 1316 1400 (-2668 -469 159.480011 ) (-2668 -469 215.480011 ) (-2684 -469 215.480011 ) (-2684 -469 159.480011 ) 
4 1316 1317 (-2684 -469 351.480042 ) (-2684 -469 583.479980 ) (-2684 -213 583.479980 ) (-2684 -213 351.480042 ) 
4 1316 1318 (-2684 -213 -104.520004 ) (-2684 -469 -104.520004 ) (-2684 -469 343.480042 ) (-2684 -213 343.480042 ) 
4 1316 1336 (-2684 -213 -104.520004 ) (-2668 -213 -104.520004 ) (-2668 -469 -104.520004 ) (-2684 -469 -104.520004 ) 
3 1317 1396 (-2684 -469 351.480042 ) (-2684 -469 394.146606 ) (-2748 -469 351.480042 ) 
4 1317 1395 (-2684 -469 394.146606 ) (-2684 -469 535.479980 ) (-2748 -469 535.479980 ) (-2748 -469 351.480042 ) 
4 1317 1384 (-2684 -469 543.479980 ) (-2684 -469 583.479980 ) (-2748 -469 583.479980 ) (-2748 -469 543.479980 ) 
4 1317 1321 (-2748 -469 351.480042 ) (-2748 -469 583.479980 ) (-2748 -277 583.479980 ) (-2748 -277 351.480042 ) 
4 1317 1319 (-2748 -277 583.479980 ) (-2748 -213 583.479980 ) (-2748 -213 351.480042 ) (-2748 -277 351.480042 ) 
4 1318 1491 (-2748 -469 -104.520004 ) (-2684 -469 -104.520004 ) (-2684 -469 159.480011 ) (-2748 -469 159.480011 ) 
4 1318 1399 (-2684 -469 215.480011 ) (-2684 -469 223.480011 ) (-2748 -469 223.480011 ) (-2748 -469 215.480011 ) 
4 1318 1397 (-2684 -469 223.480011 ) (-2684 -469 343.480042 ) (-2748 -469 343.480042 ) (-2748 -469 223.480011 ) 
4 1318 1400 (-2684 -469 159.480011 ) (-2684 -469 215.480011 ) (-2748 -469 215.480011 ) (-2748 -469 159.480011 ) 
4 1318 1321 (-2748 -469 159.480011 ) (-2748 -469 343.480042 ) (-2748 -277 343.480042 ) (-2748 -277 159.480011 ) 
4 1318 1320 (-2748 -277 343.480042 ) (-2748 -213 343.480042 ) (-2748 -213 159.480011 ) (-2748 -277 159.480011 ) 
4 1318 1335 (-2748 -213 -104.520004 ) (-2748 -469 -104.520004 ) (-2748 -469 159.480011 ) (-2748 -213 159.480011 ) 
4 1318 1336 (-2748 -213 -104.520004 ) (-2684 -213 -104.520004 ) (-2684 -469 -104.520004 ) (-2748 -469 -104.520004 ) 
4 1319 1329 (-2940 -277 351.480042 ) (-2940 -277 583.479980 ) (-2940 -213 583.479980 ) (-2940 -213 351.480042 ) 
4 1319 1325 (-2940 -277 583.479980 ) (-2940 -277 351.480042 ) (-2876 -277 351.480042 ) (-2876 -277 583.479980 ) 
4 1319 1322 (-2860 -277 351.480042 ) (-2764 -277 351.480042 ) (-2764 -277 583.479980 ) (-2860 -277 583.479980 ) 
4 1319 1321 (-2764 -277 351.480042 ) (-2748 -277 351.480042 ) (-2748 -277 583.479980 ) (-2764 -277 583.479980 ) 
4 1319 1324 (-2876 -277 351.480042 ) (-2860 -277 351.480042 ) (-2860 -277 583.479980 ) (-2876 -277 583.479980 ) 
4 1320 1333 (-2940 -213 159.480011 ) (-2940 -277 159.480011 ) (-2940 -277 215.480011 ) (-2940 -213 215.480011 ) 
4 1320 1329 (-2940 -277 223.480011 ) (-2940 -277 343.480042 ) (-2940 -213 343.480042 ) (-2940 -213 223.480011 ) 
4 1320 1326 (-2940 -277 343.480042 ) (-2940 -277 159.480011 ) (-2876 -277 159.480011 ) (-2876 -277 343.480042 ) 
4 1320 1322 (-2860 -277 159.480011 ) (-2764 -277 159.480011 ) (-2764 -277 343.480042 ) (-2860 -277 343.480042 ) 
4 1320 1321 (-2764 -277 159.480011 ) (-2748 -277 159.480011 ) (-2748 -277 343.480042 ) (-2764 -277 343.480042 ) 
4 1320 1324 (-2876 -277 159.480011 ) (-2860 -277 159.480011 ) (-2860 -277 343.480042 ) (-2876 -277 343.480042 ) 
4 1320 1335 (-2940 -213 159.480011 ) (-2748 -213 159.480011 ) (-2748 -277 159.480011 ) (-2940 -277 159.480011 ) 
4 1321 1399 (-2748 -469 215.480011 ) (-2748 -469 223.480011 ) (-2764 -469 223.480011 ) (-2764 -469 215.480011 ) 
3 1321 1398 (-2760 -469 343.480042 ) (-2764 -469 343.480042 ) (-2764 -469 340.813416 ) 
4 1321 1397 (-2748 -469 223.480011 ) (-2748 -469 343.480042 ) (-2764 -469 332.813446 ) (-2764 -469 223.480011 ) 
5 1321 1395 (-2748 -469 351.480011 ) (-2748 -469 535.479980 ) (-2764 -469 535.479980 ) (-2764 -469 343.480042 ) (-2760 -469 343.480042 ) 
4 1321 1384 (-2748 -469 543.479980 ) (-2748 -469 583.479980 ) (-2764 -469 583.479980 ) (-2764 -469 543.479980 ) 
4 1321 1400 (-2764 -469 159.480011 ) (-2748 -469 159.480011 ) (-2748 -469 215.480011 ) (-2764 -469 215.480011 ) 
4 1321 1322 (-2764 -277 583.479980 ) (-2764 -277 159.480011 ) (-2764 -293 159.480011 ) (-2764 -293 583.479980 ) 
4 1321 1323 (-2764 -421 159.480011 ) (-2764 -469 159.480011 ) (-2764 -469 583.479980 ) (-2764 -421 583.479980 ) 
4 1321 1335 (-2748 -277 159.480011 ) (-2748 -469 159.480011 ) (-2764 -469 159.480011 ) (-2764 -277 159.480011 ) 
4 1322 1324 (-2860 -277 583.479980 ) (-2860 -277 159.480011 ) (-2860 -293 159.480011 ) (-2860 -293 583.479980 ) 
4 1322 1335 (-2860 -293 159.480011 ) (-2860 -277 159.480011 ) (-2764 -277 159.480011 ) (-2764 -293 159.480011 ) 
4 1323 1399 (-2764 -469 215.480011 ) (-2764 -469 223.480011 ) (-2860 -469 223.480011 ) (-2860 -469 215.480011 ) 
4 1323 1398 (-2764 -469 340.813446 ) (-2764 -469 343.480042 ) (-2860 -469 343.480042 ) (-2860 -469 276.813354 ) 
4 1323 1397 (-2764 -469 223.480011 ) (-2764 -469 332.813477 ) (-2860 -469 268.813385 ) (-2860 -469 223.480011 ) 
4 1323 1395 (-2764 -469 343.480042 ) (-2764 -469 535.479980 ) (-2860 -469 535.479980 ) (-2860 -469 343.480042 ) 
4 1323 1394 (-2780 -469 543.479980 ) (-2860 -469 543.479980 ) (-2860 -469 535.479980 ) (-2780 -469 535.479980 ) 
4 1323 1384 (-2764 -469 543.479980 ) (-2764 -469 583.479980 ) (-2860 -469 583.479980 ) (-2860 -469 543.479980 ) 
4 1323 1400 (-2860 -469 159.480011 ) (-2764 -469 159.480011 ) (-2764 -469 215.480011 ) (-2860 -469 215.480011 ) 
4 1323 1335 (-2764 -469 159.480011 ) (-2860 -469 159.480011 ) (-2860 -421 159.480011 ) (-2764 -421 159.480011 ) 
4 1323 1324 (-2860 -421 159.480011 ) (-2860 -469 159.480011 ) (-2860 -469 583.479980 ) (-2860 -421 583.479980 ) 
4 1324 1399 (-2860 -469 215.480011 ) (-2860 -469 223.480011 ) (-2876 -469 223.480011 ) (-2876 -469 215.480011 ) 
4 1324 1398 (-2860 -469 276.813354 ) (-2860 -469 343.480042 ) (-2876 -469 343.480042 ) (-2876 -469 266.146637 ) 
4 1324 1397 (-2860 -469 223.480011 ) (-2860 -469 268.813385 ) (-2876 -469 258.146667 ) (-2876 -469 223.480011 ) 
4 1324 1395 (-2860 -469 343.480042 ) (-2860 -469 535.479980 ) (-2876 -469 535.479980 ) (-2876 -469 343.480042 ) 
4 1324 1394 (-2860 -469 535.479980 ) (-2860 -469 543.479980 ) (-2876 -469 543.479980 ) (-2876 -469 535.479980 ) 
4 1324 1384 (-2860 -469 543.479980 ) (-2860 -469 583.479980 ) (-2876 -469 583.479980 ) (-2876 -469 543.479980 ) 
4 1324 1400 (-2876 -469 159.480011 ) (-2860 -469 159.480011 ) (-2860 -469 215.480011 ) (-2876 -469 215.480011 ) 
4 1324 1327 (-2876 -469 351.480042 ) (-2876 -469 583.479980 ) (-2876 -405 583.479980 ) (-2876 -405 351.480042 ) 
4 1324 1328 (-2876 -405 159.480011 ) (-2876 -469 159.480011 ) (-2876 -469 343.480042 ) (-2876 -405 343.480042 ) 
4 1324 1325 (-2876 -277 583.479980 ) (-2876 -277 351.480042 ) (-2876 -405 351.480042 ) (-2876 -405 583.479980 ) 
4 1324 1326 (-2876 -277 343.480042 ) (-2876 -277 159.480011 ) (-2876 -405 159.480011 ) (-2876 -405 343.480042 ) 
4 1324 1335 (-2860 -469 159.480011 ) (-2876 -469 159.480011 ) (-2876 -277 159.480011 ) (-2860 -277 159.480011 ) 
4 1325 1329 (-2940 -405 351.480042 ) (-2940 -405 583.479980 ) (-2940 -277 583.479980 ) (-2940 -277 351.480042 ) 
4 1325 1327 (-2940 -405 583.479980 ) (-2940 -405 351.480042 ) (-2876 -405 351.480042 ) (-2876 -405 583.479980 ) 
4 1326 1333 (-2940 -277 159.480011 ) (-2940 -405 159.480011 ) (-2940 -405 215.480011 ) (-2940 -277 215.480011 ) 
4 1326 1329 (-2940 -405 223.480011 ) (-2940 -405 343.480042 ) (-2940 -277 343.480042 ) (-2940 -277 223.480011 ) 
4 1326 1328 (-2940 -405 343.480042 ) (-2940 -405 159.480011 ) (-2876 -405 159.480011 ) (-2876 -405 343.480042 ) 
4 1326 1335 (-2940 -405 159.480011 ) (-2940 -277 159.480011 ) (-2876 -277 159.480011 ) (-2876 -405 159.480011 ) 
4 1327 1395 (-2876 -469 351.480042 ) (-2876 -469 535.479980 ) (-2940 -469 535.479980 ) (-2940 -469 351.480042 ) 
4 1327 1394 (-2876 -469 535.479980 ) (-2876 -469 543.479980 ) (-2940 -469 543.479980 ) (-2940 -469 535.479980 ) 
4 1327 1384 (-2876 -469 543.479980 ) (-2876 -469 583.479980 ) (-2940 -469 583.479980 ) (-2940 -469 543.479980 ) 
4 1327 1330 (-2940 -469 351.480042 ) (-2940 -469 583.479980 ) (-2940 -405 583.479980 ) (-2940 -405 351.480042 ) 
4 1328 1399 (-2876 -469 215.480011 ) (-2876 -469 223.480011 ) (-2928 -469 223.480011 ) (-2940 -469 215.480011 ) 
4 1328 1398 (-2876 -469 266.146637 ) (-2876 -469 343.480042 ) (-2940 -469 343.480042 ) (-2940 -469 223.480011 ) 
3 1328 1397 (-2876 -469 223.480011 ) (-2876 -469 258.146667 ) (-2928 -469 223.480011 ) 
4 1328 1400 (-2940 -469 159.480011 ) (-2876 -469 159.480011 ) (-2876 -469 215.480011 ) (-2940 -469 215.480011 ) 
4 1328 1333 (-2940 -405 159.480011 ) (-2940 -469 159.480011 ) (-2940 -469 215.480011 ) (-2940 -405 215.480011 ) 
4 1328 1332 (-2940 -469 223.480011 ) (-2940 -469 343.480042 ) (-2940 -405 343.480042 ) (-2940 -405 223.480011 ) 
4 1328 1335 (-2876 -469 159.480011 ) (-2940 -469 159.480011 ) (-2940 -405 159.480011 ) (-2876 -405 159.480011 ) 
4 1329 2037 (-3072 -405 583.479980 ) (-3072 -277 583.479980 ) (-3072 -277 223.480011 ) (-3072 -405 223.480011 ) 
4 1329 2033 (-3072 -277 583.479980 ) (-3072 -213 583.479980 ) (-3072 -213 223.480011 ) (-3072 -277 223.480011 ) 
4 1329 1334 (-3072 -213 223.480011 ) (-3004 -213 223.480011 ) (-3004 -405 223.480011 ) (-3072 -405 223.480011 ) 
5 1329 1332 (-3072 -405 223.480011 ) (-2940 -405 223.480011 ) (-2940 -405 343.480042 ) (-3068 -405 343.480042 ) (-3072 -405 340.813293 ) 
3 1329 1331 (-3068 -405 351.480042 ) (-3072 -405 351.480042 ) (-3072 -405 348.813263 ) 
4 1329 1330 (-2940 -405 351.480042 ) (-2940 -405 583.479980 ) (-3072 -405 583.479980 ) (-3072 -405 351.480042 ) 
4 1330 2044 (-3072 -469 351.480042 ) (-3072 -469 583.479980 ) (-3072 -405 583.479980 ) (-3072 -405 351.480042 ) 
4 1330 1481 (-3072 -469 583.479980 ) (-3072 -469 351.480042 ) (-2940 -469 351.480042 ) (-2940 -469 583.479980 ) 
4 1330 1331 (-3072 -405 351.480042 ) (-3068 -405 351.480042 ) (-3068 -469 351.480042 ) (-3072 -469 351.480042 ) 
4 1331 2044 (-3072 -469 348.813263 ) (-3072 -469 351.480042 ) (-3072 -405 351.480042 ) (-3072 -405 348.813263 ) 
3 1331 1481 (-3072 -469 351.480042 ) (-3072 -469 348.813263 ) (-3068 -469 351.480042 ) 
4 1332 2043 (-3072 -469 223.480011 ) (-3072 -469 340.813293 ) (-3072 -405 340.813293 ) (-3072 -405 223.480011 ) 
5 1332 1481 (-3072 -469 340.813293 ) (-3072 -469 223.480011 ) (-2940 -469 223.480011 ) (-2940 -469 343.480042 ) (-3068 -469 343.480042 ) 
4 1332 1334 (-3004 -469 223.480011 ) (-3072 -469 223.480011 ) (-3072 -405 223.480011 ) (-3004 -405 223.480011 ) 
4 1333 1483 (-3004 -469 159.480011 ) (-2940 -469 159.480011 ) (-2940 -469 215.480011 ) (-3004 -469 215.480011 ) 
4 1333 1334 (-3004 -213 159.480011 ) (-3004 -469 159.480011 ) (-3004 -469 215.480011 ) (-3004 -213 215.480011 ) 
4 1333 1335 (-3004 -213 159.480011 ) (-2940 -213 159.480011 ) (-2940 -469 159.480011 ) (-3004 -469 159.480011 ) 
4 1334 2043 (-3072 -469 159.480011 ) (-3072 -469 223.480011 ) (-3072 -405 223.480011 ) (-3072 -405 159.480011 ) 
4 1334 2037 (-3072 -405 223.480011 ) (-3072 -277 223.480011 ) (-3072 -277 159.480011 ) (-3072 -405 159.480011 ) 
4 1334 2033 (-3072 -277 223.480011 ) (-3072 -213 223.480011 ) (-3072 -213 159.480011 ) (-3072 -277 159.480011 ) 
4 1334 1483 (-3072 -469 215.480011 ) (-3072 -469 159.480011 ) (-3004 -469 159.480011 ) (-3004 -469 215.480011 ) 
4 1334 1335 (-3072 -213 159.480011 ) (-3004 -213 159.480011 ) (-3004 -469 159.480011 ) (-3072 -469 159.480011 ) 
4 1335 2049 (-3072 -469 -104.520004 ) (-3072 -469 159.480011 ) (-3072 -213 159.480011 ) (-3072 -213 -104.520004 ) 
4 1335 1491 (-3072 -469 159.480011 ) (-3072 -469 -104.520004 ) (-2748 -469 -104.520004 ) (-2748 -469 159.480011 ) 
4 1335 1336 (-3072 -213 -104.520004 ) (-2748 -213 -104.520004 ) (-2748 -469 -104.520004 ) (-3072 -469 -104.520004 ) 
4 1336 2049 (-3072 -469 -632 ) (-3072 -469 -104.520004 ) (-3072 -213 -104.520004 ) (-3072 -213 -632 ) 
4 1336 1491 (-3072 -469 -104.520004 ) (-3072 -469 -632 ) (-2492 -469 -632 ) (-2492 -469 -104.520004 ) 
4 1337 1340 (-2060 -469 1055.479980 ) (-2060 -469 815.479980 ) (-2060 -485 815.479980 ) (-2060 -485 1055.479980 ) 
4 1337 1338 (-2060 -485 1055.479980 ) (-2060 -485 815.479980 ) (-2048 -485 815.479980 ) (-2048 -485 1055.479980 ) 
4 1338 1352 (-2048 -549 904 ) (-2048 -549 1055.479980 ) (-2060 -549 1055.479980 ) (-2060 -549 904 ) 
4 1338 1340 (-2060 -549 815.479980 ) (-2060 -549 1055.479980 ) (-2060 -485 1055.479980 ) (-2060 -485 815.479980 ) 
4 1339 1341 (-2060 -485 671.479980 ) (-2060 -549 671.479980 ) (-2060 -549 799.479980 ) (-2060 -485 799.479980 ) 
4 1340 1352 (-2060 -549 904 ) (-2060 -549 1055.479980 ) (-2124 -549 1055.479980 ) (-2124 -549 904 ) 
4 1340 1342 (-2124 -469 1055.479980 ) (-2124 -469 904 ) (-2124 -549 904 ) (-2124 -549 1055.479980 ) 
4 1342 1352 (-2124 -549 904 ) (-2124 -549 1055.479980 ) (-2140 -549 1055.479980 ) (-2140 -549 904 ) 
4 1342 1343 (-2140 -469 1055.479980 ) (-2140 -469 904 ) (-2140 -549 904 ) (-2140 -549 1055.479980 ) 
4 1343 1411 (-2236 -533 671.479980 ) (-2236 -549 671.479980 ) (-2236 -549 759.479980 ) (-2236 -533 759.479980 ) 
4 1343 1401 (-2236 -549 767.479980 ) (-2236 -549 1055.479980 ) (-2236 -533 1055.479980 ) (-2236 -533 767.479980 ) 
4 1343 1375 (-2236 -469 1055.479980 ) (-2236 -469 767.479980 ) (-2236 -533 767.479980 ) (-2236 -533 1055.479980 ) 
4 1343 1376 (-2236 -469 759.479980 ) (-2236 -469 671.479980 ) (-2236 -533 671.479980 ) (-2236 -533 759.479980 ) 
4 1343 1354 (-2236 -549 1055.479980 ) (-2236 -549 671.479980 ) (-2140 -549 671.479980 ) (-2140 -549 1055.479980 ) 
4 1343 1345 (-2140 -549 671.479980 ) (-2236 -549 671.479980 ) (-2236 -469 671.479980 ) (-2140 -469 671.479980 ) 
4 1345 1411 (-2236 -533 663.479980 ) (-2236 -549 663.479980 ) (-2236 -549 671.479980 ) (-2236 -533 671.479980 ) 
4 1345 1376 (-2236 -469 671.479980 ) (-2236 -469 663.479980 ) (-2236 -533 663.479980 ) (-2236 -533 671.479980 ) 
4 1345 1358 (-2236 -549 671.479980 ) (-2236 -549 663.479980 ) (-2172 -549 663.479980 ) (-2172 -549 671.479980 ) 
4 1345 1357 (-2172 -549 663.479980 ) (-2156 -549 663.479980 ) (-2156 -549 671.479980 ) (-2172 -549 671.479980 ) 
4 1345 1347 (-2140 -549 663.479980 ) (-2236 -549 663.479980 ) (-2236 -469 663.479980 ) (-2140 -469 663.479980 ) 
4 1346 1355 (-2084 -549 479.480042 ) (-2048 -549 479.480042 ) (-2048 -549 647.479980 ) (-2084 -549 647.479980 ) 
4 1346 1348 (-2048 -549 479.480042 ) (-2140 -549 479.480042 ) (-2140 -533 479.480042 ) (-2048 -533 479.480042 ) 
4 1346 1347 (-2140 -469 479.480042 ) (-2140 -549 479.480042 ) (-2140 -549 647.479980 ) (-2140 -469 647.479980 ) 
4 1347 1411 (-2236 -533 479.480042 ) (-2236 -549 479.480042 ) (-2236 -549 663.479980 ) (-2236 -533 663.479980 ) 
4 1347 1390 (-2236 -469 535.479980 ) (-2236 -469 479.480042 ) (-2236 -533 479.480042 ) (-2236 -533 535.479980 ) 
4 1347 1388 (-2236 -469 543.479980 ) (-2236 -469 535.479980 ) (-2236 -533 535.479980 ) (-2236 -533 543.479980 ) 
4 1347 1376 (-2236 -469 663.479980 ) (-2236 -469 543.479980 ) (-2236 -533 543.479980 ) (-2236 -533 663.479980 ) 
4 1347 1358 (-2236 -549 663.479980 ) (-2236 -549 479.480042 ) (-2172 -549 479.480042 ) (-2172 -549 663.479980 ) 
4 1347 1357 (-2172 -549 479.480042 ) (-2156 -549 479.480042 ) (-2156 -549 663.479980 ) (-2172 -549 663.479980 ) 
4 1347 1348 (-2140 -549 479.480042 ) (-2172 -549 479.480042 ) (-2172 -533 479.480042 ) (-2140 -533 479.480042 ) 
4 1348 1355 (-2084 -549 471.480042 ) (-2048 -549 471.480042 ) (-2048 -549 479.480042 ) (-2084 -549 479.480042 ) 
4 1348 1357 (-2172 -549 471.480042 ) (-2156 -549 471.480042 ) (-2156 -549 479.480042 ) (-2172 -549 479.480042 ) 
4 1348 1351 (-2048 -549 471.480042 ) (-2172 -549 471.480042 ) (-2172 -533 471.480042 ) (-2048 -533 471.480042 ) 
4 1349 1389 (-2236 -469 471.480042 ) (-2236 -469 223.480011 ) (-2236 -533 223.480011 ) (-2236 -533 471.480042 ) 
4 1349 1351 (-2048 -533 471.480042 ) (-2236 -533 471.480042 ) (-2236 -533 223.480011 ) (-2048 -533 223.480011 ) 
4 1350 1491 (-2236 -533 159.480011 ) (-2236 -469 159.480011 ) (-2048 -469 159.480011 ) (-2048 -533 159.480011 ) 
4 1350 1400 (-2236 -469 215.480011 ) (-2236 -469 159.480011 ) (-2236 -533 159.480011 ) (-2236 -533 215.480011 ) 
4 1350 1351 (-2236 -533 215.480011 ) (-2236 -533 159.480011 ) (-2048 -533 159.480011 ) (-2048 -533 215.480011 ) 
4 1351 1491 (-2236 -549 159.480011 ) (-2236 -533 159.480011 ) (-2048 -533 159.480011 ) (-2048 -549 159.480011 ) 
4 1351 1433 (-2236 -533 159.480011 ) (-2236 -549 159.480011 ) (-2236 -549 439.480042 ) (-2236 -533 439.480042 ) 
4 1351 1411 (-2236 -549 439.480042 ) (-2236 -549 471.480042 ) (-2236 -533 471.480042 ) (-2236 -533 439.480042 ) 
4 1351 1368 (-2060 -549 159.480011 ) (-2048 -549 159.480011 ) (-2048 -549 431.480042 ) (-2060 -549 431.480042 ) 
4 1351 1359 (-2236 -549 471.480042 ) (-2236 -549 431.480042 ) (-2172 -549 431.480042 ) (-2172 -549 471.480042 ) 
4 1351 1355 (-2084 -549 431.480042 ) (-2048 -549 431.480042 ) (-2048 -549 471.480042 ) (-2084 -549 471.480042 ) 
4 1351 1357 (-2172 -549 431.480042 ) (-2156 -549 431.480042 ) (-2156 -549 471.480042 ) (-2172 -549 471.480042 ) 
4 1352 1353 (-2140 -565 1055.479980 ) (-2140 -565 904 ) (-2048 -565 904 ) (-2048 -565 1055.479980 ) 
4 1352 1354 (-2140 -549 1055.479980 ) (-2140 -549 904 ) (-2140 -565 904 ) (-2140 -565 1055.479980 ) 
4 1353 1360 (-2140 -597 671.479980 ) (-2048 -597 671.479980 ) (-2048 -597 1055.479980 ) (-2140 -597 1055.479980 ) 
4 1353 1356 (-2084 -597 671.479980 ) (-2140 -597 671.479980 ) (-2140 -581 671.479980 ) (-2084 -581 671.479980 ) 
4 1353 1355 (-2048 -597 671.479980 ) (-2084 -597 671.479980 ) (-2084 -565 671.479980 ) (-2048 -565 671.479980 ) 
4 1353 1354 (-2140 -565 671.479980 ) (-2140 -597 671.479980 ) (-2140 -597 1055.479980 ) (-2140 -565 1055.479980 ) 
4 1354 1415 (-2236 -549 735.479980 ) (-2236 -549 671.479980 ) (-2236 -597 671.479980 ) (-2236 -597 735.479980 ) 
4 1354 1413 (-2236 -549 759.479980 ) (-2236 -549 735.479980 ) (-2236 -597 735.479980 ) (-2236 -597 759.479980 ) 
4 1354 1401 (-2236 -597 1055.479980 ) (-2236 -549 1055.479980 ) (-2236 -549 767.479980 ) (-2236 -597 767.479980 ) 
4 1354 1366 (-2236 -597 1055.479980 ) (-2236 -597 671.479980 ) (-2172 -597 671.479980 ) (-2172 -597 1055.479980 ) 
4 1354 1360 (-2172 -597 671.479980 ) (-2140 -597 671.479980 ) (-2140 -597 1055.479980 ) (-2172 -597 1055.479980 ) 
4 1354 1358 (-2172 -597 671.479980 ) (-2236 -597 671.479980 ) (-2236 -549 671.479980 ) (-2172 -549 671.479980 ) 
4 1354 1356 (-2140 -597 671.479980 ) (-2156 -597 671.479980 ) (-2156 -581 671.479980 ) (-2140 -581 671.479980 ) 
4 1354 1357 (-2156 -597 671.479980 ) (-2172 -597 671.479980 ) (-2172 -549 671.479980 ) (-2156 -549 671.479980 ) 
4 1355 1368 (-2060 -549 431.480042 ) (-2048 -549 431.480042 ) (-2048 -597 431.480042 ) (-2060 -597 431.480042 ) 
4 1355 1360 (-2048 -597 479.480042 ) (-2048 -597 671.479980 ) (-2084 -597 671.479980 ) (-2084 -597 479.480042 ) 
4 1355 1361 (-2084 -597 431.480042 ) (-2048 -597 431.480042 ) (-2048 -597 471.480042 ) (-2084 -597 471.480042 ) 
4 1355 1356 (-2084 -581 431.480042 ) (-2084 -597 431.480042 ) (-2084 -597 671.479980 ) (-2084 -581 671.479980 ) 
4 1356 1360 (-2084 -597 479.480042 ) (-2084 -597 671.479980 ) (-2156 -597 671.479980 ) (-2156 -597 479.480042 ) 
4 1356 1361 (-2156 -597 431.480042 ) (-2084 -597 431.480042 ) (-2084 -597 471.480042 ) (-2156 -597 471.480042 ) 
4 1356 1357 (-2156 -581 431.480042 ) (-2156 -597 431.480042 ) (-2156 -597 671.479980 ) (-2156 -581 671.479980 ) 
4 1357 1360 (-2156 -597 479.480042 ) (-2156 -597 671.479980 ) (-2172 -597 671.479980 ) (-2172 -597 479.480042 ) 
4 1357 1361 (-2172 -597 431.480042 ) (-2156 -597 431.480042 ) (-2156 -597 471.480042 ) (-2172 -597 471.480042 ) 
4 1357 1358 (-2172 -597 479.480042 ) (-2172 -597 671.479980 ) (-2172 -549 671.479980 ) (-2172 -549 479.480042 ) 
4 1357 1359 (-2172 -549 431.480042 ) (-2172 -597 431.480042 ) (-2172 -597 471.480042 ) (-2172 -549 471.480042 ) 
4 1358 1422 (-2236 -549 647.479980 ) (-2236 -549 479.480042 ) (-2236 -597 479.480042 ) (-2236 -597 647.479980 ) 
4 1358 1415 (-2236 -549 671.479980 ) (-2236 -549 647.479980 ) (-2236 -597 647.479980 ) (-2236 -597 671.479980 ) 
4 1358 1366 (-2236 -597 671.479980 ) (-2236 -597 479.480042 ) (-2172 -597 479.480042 ) (-2172 -597 671.479980 ) 
4 1359 1434 (-2236 -549 439.480042 ) (-2236 -549 431.480042 ) (-2236 -597 431.480042 ) (-2236 -597 439.480042 ) 
4 1359 1422 (-2236 -549 471.480042 ) (-2236 -549 439.480042 ) (-2236 -597 439.480042 ) (-2236 -597 471.480042 ) 
4 1359 1367 (-2236 -597 471.480042 ) (-2236 -597 431.480042 ) (-2172 -597 431.480042 ) (-2172 -597 471.480042 ) 
4 1360 1366 (-2172 -597 1055.479980 ) (-2172 -597 479.480042 ) (-2172 -661 479.480042 ) (-2172 -661 1055.479980 ) 
4 1360 1363 (-2156 -661 479.480042 ) (-2060 -661 479.480042 ) (-2060 -661 1055.479980 ) (-2156 -661 1055.479980 ) 
4 1360 1362 (-2060 -661 479.480042 ) (-2048 -661 479.480042 ) (-2048 -661 1055.479980 ) (-2060 -661 1055.479980 ) 
4 1360 1365 (-2172 -661 1055.479980 ) (-2172 -661 479.480042 ) (-2156 -661 479.480042 ) (-2156 -661 1055.479980 ) 
4 1361 1369 (-2172 -661 431.480042 ) (-2172 -645 431.480042 ) (-2048 -645 431.480042 ) (-2048 -661 431.480042 ) 
4 1361 1368 (-2060 -597 431.480042 ) (-2048 -597 431.480042 ) (-2048 -645 431.480042 ) (-2060 -645 431.480042 ) 
4 1361 1367 (-2172 -597 471.480042 ) (-2172 -597 431.480042 ) (-2172 -661 431.480042 ) (-2172 -661 471.480042 ) 
4 1361 1363 (-2156 -661 431.480042 ) (-2060 -661 431.480042 ) (-2060 -661 471.480042 ) (-2156 -661 471.480042 ) 
4 1361 1362 (-2060 -661 431.480042 ) (-2048 -661 431.480042 ) (-2048 -661 471.480042 ) (-2060 -661 471.480042 ) 
4 1361 1365 (-2172 -661 471.480042 ) (-2172 -661 431.480042 ) (-2156 -661 431.480042 ) (-2156 -661 471.480042 ) 
4 1362 1492 (-2048 -853 431.480042 ) (-2048 -853 1055.479980 ) (-2060 -853 1055.479980 ) (-2060 -853 431.480042 ) 
4 1362 1374 (-2048 -853 431.480042 ) (-2060 -853 431.480042 ) (-2060 -741 431.480042 ) (-2048 -741 431.480042 ) 
4 1362 1369 (-2060 -741 431.480042 ) (-2060 -661 431.480042 ) (-2048 -661 431.480042 ) (-2048 -741 431.480042 ) 
4 1362 1364 (-2060 -853 688 ) (-2060 -853 1055.479980 ) (-2060 -741 1055.479980 ) (-2060 -741 688 ) 
4 1362 1363 (-2060 -661 1055.479980 ) (-2060 -661 431.480042 ) (-2060 -741 431.480042 ) (-2060 -741 1055.479980 ) 
4 1363 1369 (-2156 -741 431.480042 ) (-2156 -661 431.480042 ) (-2060 -661 431.480042 ) (-2060 -741 431.480042 ) 
4 1363 1364 (-2156 -741 1055.479980 ) (-2156 -741 688 ) (-2060 -741 688 ) (-2060 -741 1055.479980 ) 
4 1363 1365 (-2156 -661 1055.479980 ) (-2156 -661 431.480042 ) (-2156 -741 431.480042 ) (-2156 -741 1055.479980 ) 
4 1364 1493 (-2060 -853 1055.479980 ) (-2156 -853 1055.479980 ) (-2156 -853 688 ) (-2060 -853 688 ) 
4 1364 1365 (-2156 -853 688 ) (-2156 -853 1055.479980 ) (-2156 -741 1055.479980 ) (-2156 -741 688 ) 
4 1365 1497 (-2172 -853 471.480042 ) (-2172 -853 431.480042 ) (-2156 -853 431.480042 ) (-2156 -853 471.480042 ) 
4 1365 1494 (-2156 -853 1055.479980 ) (-2172 -853 1055.479980 ) (-2172 -853 471.480042 ) (-2156 -853 471.480042 ) 
4 1365 1369 (-2172 -741 431.480042 ) (-2172 -661 431.480042 ) (-2156 -661 431.480042 ) (-2156 -741 431.480042 ) 
4 1365 1366 (-2172 -853 479.480042 ) (-2172 -853 1055.479980 ) (-2172 -661 1055.479980 ) (-2172 -661 479.480042 ) 
4 1365 1367 (-2172 -661 431.480042 ) (-2172 -853 431.480042 ) (-2172 -853 471.480042 ) (-2172 -661 471.480042 ) 
4 1366 1495 (-2172 -853 1055.479980 ) (-2236 -853 1055.479980 ) (-2236 -853 479.480042 ) (-2172 -853 479.480042 ) 
4 1366 1473 (-2236 -853 479.480042 ) (-2236 -853 1055.479980 ) (-2236 -789 1055.479980 ) (-2236 -789 479.480042 ) 
4 1366 1425 (-2236 -661 479.480042 ) (-2236 -789 479.480042 ) (-2236 -789 647.479980 ) (-2236 -661 647.479980 ) 
4 1366 1423 (-2236 -597 647.479980 ) (-2236 -597 479.480042 ) (-2236 -661 479.480042 ) (-2236 -661 647.479980 ) 
4 1366 1415 (-2236 -597 735.479980 ) (-2236 -597 647.479980 ) (-2236 -789 647.479980 ) (-2236 -789 735.479980 ) 
4 1366 1413 (-2236 -597 759.479980 ) (-2236 -597 735.479980 ) (-2236 -789 735.479980 ) (-2236 -789 759.479980 ) 
4 1366 1408 (-2236 -757 1055.479980 ) (-2236 -693 1055.479980 ) (-2236 -693 767.479980 ) (-2236 -757 767.479980 ) 
4 1366 1409 (-2236 -789 1055.479980 ) (-2236 -757 1055.479980 ) (-2236 -757 759.479980 ) (-2236 -789 759.479980 ) 
4 1366 1401 (-2236 -693 1055.479980 ) (-2236 -597 1055.479980 ) (-2236 -597 767.479980 ) (-2236 -693 767.479980 ) 
4 1367 1497 (-2236 -853 471.480042 ) (-2236 -853 431.480042 ) (-2172 -853 431.480042 ) (-2172 -853 471.480042 ) 
4 1367 1476 (-2236 -853 431.480042 ) (-2236 -853 471.480042 ) (-2236 -789 471.480042 ) (-2236 -789 431.480042 ) 
4 1367 1440 (-2236 -741 431.480042 ) (-2236 -789 431.480042 ) (-2236 -789 439.480042 ) (-2236 -741 439.480042 ) 
4 1367 1439 (-2236 -725 431.480042 ) (-2236 -741 431.480042 ) (-2236 -741 439.480042 ) (-2236 -725 439.480042 ) 
4 1367 1437 (-2236 -661 431.480042 ) (-2236 -725 431.480042 ) (-2236 -725 439.480042 ) (-2236 -661 439.480042 ) 
4 1367 1434 (-2236 -597 439.480042 ) (-2236 -597 431.480042 ) (-2236 -645 431.480042 ) (-2236 -645 439.480042 ) 
4 1367 1435 (-2236 -645 431.480042 ) (-2236 -661 431.480042 ) (-2236 -661 439.480042 ) (-2236 -645 439.480042 ) 
4 1367 1425 (-2236 -789 471.480042 ) (-2236 -661 471.480042 ) (-2236 -661 439.480042 ) (-2236 -789 439.480042 ) 
4 1367 1424 (-2236 -661 471.480042 ) (-2236 -597 471.480042 ) (-2236 -597 439.480042 ) (-2236 -661 439.480042 ) 
4 1367 1369 (-2196 -645 431.480042 ) (-2172 -645 431.480042 ) (-2172 -741 431.480042 ) (-2196 -741 431.480042 ) 
4 1368 1491 (-2060 -549 159.480011 ) (-2048 -549 159.480011 ) (-2048 -645 159.480011 ) (-2060 -645 159.480011 ) 
4 1368 1370 (-2060 -645 423.480042 ) (-2060 -645 159.480011 ) (-2048 -645 159.480011 ) (-2048 -645 423.480042 ) 
4 1368 1369 (-2048 -645 431.480042 ) (-2060 -645 431.480042 ) (-2060 -645 423.480042 ) (-2048 -645 423.480042 ) 
4 1369 1374 (-2048 -741 431.480042 ) (-2060 -741 431.480042 ) (-2060 -741 423.480042 ) (-2048 -741 423.480042 ) 
4 1369 1371 (-2196 -725 423.480042 ) (-2196 -661 423.480042 ) (-2048 -661 423.480042 ) (-2048 -725 423.480042 ) 
4 1369 1370 (-2196 -661 423.480042 ) (-2196 -645 423.480042 ) (-2048 -645 423.480042 ) (-2048 -661 423.480042 ) 
4 1369 1373 (-2048 -741 423.480042 ) (-2196 -741 423.480042 ) (-2196 -725 423.480042 ) (-2048 -725 423.480042 ) 
4 1370 1491 (-2236 -661 159.480011 ) (-2236 -645 159.480011 ) (-2048 -645 159.480011 ) (-2048 -661 159.480011 ) 
4 1370 1435 (-2236 -645 159.480011 ) (-2236 -661 159.480011 ) (-2236 -661 423.480042 ) (-2236 -645 423.480042 ) 
4 1370 1371 (-2048 -661 423.480042 ) (-2236 -661 423.480042 ) (-2236 -661 223.480011 ) (-2048 -661 223.480011 ) 
4 1370 1372 (-2236 -661 215.480011 ) (-2236 -661 159.480011 ) (-2048 -661 159.480011 ) (-2048 -661 215.480011 ) 
4 1371 1437 (-2236 -725 223.480011 ) (-2236 -725 423.480042 ) (-2236 -661 423.480042 ) (-2236 -661 223.480011 ) 
4 1371 1373 (-2048 -725 423.480042 ) (-2236 -725 423.480042 ) (-2236 -725 223.480011 ) (-2048 -725 223.480011 ) 
4 1372 1491 (-2236 -725 159.480011 ) (-2236 -661 159.480011 ) (-2048 -661 159.480011 ) (-2048 -725 159.480011 ) 
4 1372 1438 (-2236 -661 159.480011 ) (-2236 -725 159.480011 ) (-2236 -725 215.480011 ) (-2236 -661 215.480011 ) 
4 1372 1373 (-2236 -725 215.480011 ) (-2236 -725 159.480011 ) (-2048 -725 159.480011 ) (-2048 -725 215.480011 ) 
4 1373 1491 (-2236 -741 159.480011 ) (-2236 -725 159.480011 ) (-2048 -725 159.480011 ) (-2048 -741 159.480011 ) 
4 1373 1439 (-2236 -725 159.480011 ) (-2236 -741 159.480011 ) (-2236 -741 423.480042 ) (-2236 -725 423.480042 ) 
4 1373 1374 (-2060 -741 159.480011 ) (-2048 -741 159.480011 ) (-2048 -741 423.480042 ) (-2060 -741 423.480042 ) 
4 1374 1492 (-2048 -853 159.480011 ) (-2048 -853 431.480042 ) (-2060 -853 431.480042 ) (-2060 -853 159.480011 ) 
4 1374 1491 (-2048 -853 159.480011 ) (-2060 -853 159.480011 ) (-2060 -741 159.480011 ) (-2048 -741 159.480011 ) 
4 1375 1401 (-2236 -533 767.479980 ) (-2236 -533 1055.479980 ) (-2300 -533 1055.479980 ) (-2300 -533 767.479980 ) 
4 1375 1380 (-2300 -517 767.479980 ) (-2300 -533 767.479980 ) (-2300 -533 1055.479980 ) (-2300 -517 1055.479980 ) 
4 1375 1377 (-2300 -469 1055.479980 ) (-2300 -469 767.479980 ) (-2300 -501 767.479980 ) (-2300 -501 1055.479980 ) 
4 1375 1379 (-2300 -501 767.479980 ) (-2300 -517 767.479980 ) (-2300 -517 1055.479980 ) (-2300 -501 1055.479980 ) 
4 1376 1411 (-2300 -533 543.479980 ) (-2236 -533 543.479980 ) (-2236 -533 759.479980 ) (-2300 -533 759.479980 ) 
4 1376 1388 (-2236 -533 543.479980 ) (-2300 -533 543.479980 ) (-2300 -469 543.479980 ) (-2236 -469 543.479980 ) 
4 1376 1380 (-2300 -517 543.479980 ) (-2300 -533 543.479980 ) (-2300 -533 759.479980 ) (-2300 -517 759.479980 ) 
4 1376 1378 (-2300 -469 759.479980 ) (-2300 -469 543.479980 ) (-2300 -501 543.479980 ) (-2300 -501 759.479980 ) 
4 1376 1379 (-2300 -501 543.479980 ) (-2300 -517 543.479980 ) (-2300 -517 759.479980 ) (-2300 -501 759.479980 ) 
4 1377 1383 (-2492 -469 1055.479980 ) (-2492 -469 871.479980 ) (-2492 -501 871.479980 ) (-2492 -501 1055.479980 ) 
4 1377 1384 (-2492 -469 863.479980 ) (-2492 -469 767.479980 ) (-2492 -501 767.479980 ) (-2492 -501 863.479980 ) 
4 1377 1379 (-2492 -501 1055.479980 ) (-2492 -501 767.479980 ) (-2300 -501 767.479980 ) (-2300 -501 1055.479980 ) 
4 1378 1388 (-2332 -469 543.479980 ) (-2300 -469 543.479980 ) (-2300 -501 543.479980 ) (-2332 -501 543.479980 ) 
4 1378 1384 (-2492 -469 759.479980 ) (-2492 -469 543.479980 ) (-2492 -501 543.479980 ) (-2492 -501 759.479980 ) 
4 1378 1379 (-2492 -501 759.479980 ) (-2492 -501 543.479980 ) (-2300 -501 543.479980 ) (-2300 -501 759.479980 ) 
4 1379 1388 (-2332 -501 543.479980 ) (-2300 -501 543.479980 ) (-2300 -517 543.479980 ) (-2332 -517 543.479980 ) 
4 1379 1385 (-2492 -517 871.479980 ) (-2492 -517 1055.479980 ) (-2492 -501 1055.479980 ) (-2492 -501 871.479980 ) 
4 1379 1386 (-2492 -501 543.479980 ) (-2492 -517 543.479980 ) (-2492 -517 863.479980 ) (-2492 -501 863.479980 ) 
4 1379 1381 (-2476 -517 543.479980 ) (-2316 -517 543.479980 ) (-2316 -517 719.479980 ) (-2476 -517 719.479980 ) 
4 1379 1380 (-2316 -517 543.479980 ) (-2300 -517 543.479980 ) (-2300 -517 1055.479980 ) (-2316 -517 1055.479980 ) 
4 1379 1382 (-2492 -517 1055.479980 ) (-2492 -517 543.479980 ) (-2476 -517 543.479980 ) (-2476 -517 1055.479980 ) 
4 1380 1411 (-2316 -533 543.479980 ) (-2300 -533 543.479980 ) (-2300 -533 759.479980 ) (-2316 -533 759.479980 ) 
4 1380 1402 (-2300 -533 759.479980 ) (-2300 -533 1055.479980 ) (-2316 -533 1055.479980 ) (-2316 -533 759.479980 ) 
4 1380 1388 (-2300 -533 543.479980 ) (-2316 -533 543.479980 ) (-2316 -517 543.479980 ) (-2300 -517 543.479980 ) 
4 1380 1381 (-2316 -517 719.479980 ) (-2316 -517 543.479980 ) (-2316 -533 543.479980 ) (-2316 -533 719.479980 ) 
4 1381 1412 (-2476 -533 543.479980 ) (-2316 -533 543.479980 ) (-2316 -533 719.479980 ) (-2476 -533 719.479980 ) 
4 1381 1388 (-2316 -533 543.479980 ) (-2332 -533 543.479980 ) (-2332 -517 543.479980 ) (-2316 -517 543.479980 ) 
4 1381 1382 (-2476 -517 719.479980 ) (-2476 -517 543.479980 ) (-2476 -533 543.479980 ) (-2476 -533 719.479980 ) 
4 1382 1454 (-2492 -533 543.479980 ) (-2476 -533 543.479980 ) (-2476 -533 759.479980 ) (-2492 -533 759.479980 ) 
4 1382 1404 (-2476 -533 759.479980 ) (-2476 -533 1055.479980 ) (-2492 -533 1055.479980 ) (-2492 -533 759.479980 ) 
4 1382 1385 (-2492 -533 871.479980 ) (-2492 -533 1055.479980 ) (-2492 -517 1055.479980 ) (-2492 -517 871.479980 ) 
4 1382 1386 (-2492 -517 543.479980 ) (-2492 -533 543.479980 ) (-2492 -533 863.479980 ) (-2492 -517 863.479980 ) 
4 1383 1480 (-2940 -469 1055.479980 ) (-2940 -469 871.479980 ) (-2940 -501 871.479980 ) (-2940 -501 1055.479980 ) 
4 1383 1385 (-2556 -501 871.479980 ) (-2492 -501 871.479980 ) (-2492 -501 1055.479980 ) (-2556 -501 1055.479980 ) 
4 1383 1387 (-2940 -501 1055.479980 ) (-2940 -501 871.479980 ) (-2556 -501 871.479980 ) (-2556 -501 1055.479980 ) 
4 1384 1481 (-2940 -469 863.479980 ) (-2940 -469 543.479980 ) (-2940 -501 543.479980 ) (-2940 -501 863.479980 ) 
4 1384 1394 (-2940 -501 543.479980 ) (-2940 -469 543.479980 ) (-2780 -469 543.479980 ) (-2780 -501 543.479980 ) 
4 1384 1386 (-2556 -501 543.479980 ) (-2492 -501 543.479980 ) (-2492 -501 863.479980 ) (-2556 -501 863.479980 ) 
4 1384 1387 (-2940 -501 863.479980 ) (-2940 -501 543.479980 ) (-2556 -501 543.479980 ) (-2556 -501 863.479980 ) 
4 1385 1405 (-2492 -533 871.479980 ) (-2492 -533 1055.479980 ) (-2556 -533 1055.479980 ) (-2556 -533 871.479980 ) 
4 1385 1387 (-2556 -501 1055.479980 ) (-2556 -501 871.479980 ) (-2556 -533 871.479980 ) (-2556 -533 1055.479980 ) 
4 1386 1454 (-2556 -533 543.479980 ) (-2492 -533 543.479980 ) (-2492 -533 759.479980 ) (-2556 -533 759.479980 ) 
4 1386 1406 (-2492 -533 759.479980 ) (-2492 -533 863.479980 ) (-2556 -533 863.479980 ) (-2556 -533 759.479980 ) 
4 1386 1387 (-2556 -501 863.479980 ) (-2556 -501 543.479980 ) (-2556 -533 543.479980 ) (-2556 -533 863.479980 ) 
4 1387 1482 (-2940 -501 543.479980 ) (-2940 -533 543.479980 ) (-2940 -533 1055.479980 ) (-2940 -501 1055.479980 ) 
4 1387 1468 (-2940 -533 759.479980 ) (-2940 -533 543.479980 ) (-2684 -533 543.479980 ) (-2684 -533 759.479980 ) 
4 1387 1466 (-2684 -533 543.479980 ) (-2620 -533 543.479980 ) (-2620 -533 759.479980 ) (-2684 -533 759.479980 ) 
4 1387 1454 (-2588 -533 543.479980 ) (-2556 -533 543.479980 ) (-2556 -533 759.479980 ) (-2588 -533 759.479980 ) 
4 1387 1465 (-2620 -533 543.479980 ) (-2588 -533 543.479980 ) (-2588 -533 759.479980 ) (-2620 -533 759.479980 ) 
4 1387 1407 (-2940 -533 1055.479980 ) (-2940 -533 759.479980 ) (-2556 -533 759.479980 ) (-2556 -533 1055.479980 ) 
4 1387 1394 (-2780 -533 543.479980 ) (-2940 -533 543.479980 ) (-2940 -501 543.479980 ) (-2780 -501 543.479980 ) 
4 1388 1412 (-2316 -533 543.479980 ) (-2332 -533 543.479980 ) (-2320 -533 535.479980 ) (-2316 -533 535.479980 ) 
4 1388 1411 (-2236 -533 535.479980 ) (-2236 -533 543.479980 ) (-2316 -533 543.479980 ) (-2316 -533 535.479980 ) 
4 1388 1390 (-2236 -533 535.479980 ) (-2320 -533 535.479980 ) (-2320 -469 535.479980 ) (-2236 -469 535.479980 ) 
4 1389 1458 (-2492 -533 223.480011 ) (-2476 -533 223.480011 ) (-2476 -533 436.813354 ) (-2492 -533 436.813354 ) 
4 1389 1454 (-2476 -533 436.813354 ) (-2476 -533 535.479980 ) (-2492 -533 535.479980 ) (-2492 -533 436.813354 ) 
4 1389 1452 (-2476 -533 223.480011 ) (-2380 -533 223.480011 ) (-2380 -533 439.480042 ) (-2476 -533 439.480042 ) 
4 1389 1446 (-2348 -533 223.480011 ) (-2300 -533 223.480011 ) (-2300 -533 439.480042 ) (-2348 -533 439.480042 ) 
4 1389 1449 (-2364 -533 223.480011 ) (-2348 -533 223.480011 ) (-2348 -533 439.480042 ) (-2364 -533 439.480042 ) 
4 1389 1433 (-2260 -533 223.480011 ) (-2236 -533 223.480011 ) (-2236 -533 439.480042 ) (-2260 -533 439.480042 ) 
4 1389 1436 (-2300 -533 223.480011 ) (-2260 -533 223.480011 ) (-2260 -533 439.480042 ) (-2300 -533 439.480042 ) 
4 1389 1451 (-2380 -533 223.480011 ) (-2364 -533 223.480011 ) (-2364 -533 439.480042 ) (-2380 -533 439.480042 ) 
5 1389 1412 (-2316 -533 524.813477 ) (-2332 -533 535.479980 ) (-2476 -533 535.479980 ) (-2476 -533 439.480042 ) (-2316 -533 439.480042 ) 
4 1389 1411 (-2236 -533 439.480042 ) (-2236 -533 471.480042 ) (-2316 -533 524.813477 ) (-2316 -533 439.480042 ) 
4 1389 1392 (-2492 -533 436.813324 ) (-2492 -533 535.479980 ) (-2492 -469 535.479980 ) (-2492 -469 394.146667 ) 
4 1389 1391 (-2492 -469 223.480011 ) (-2492 -533 223.480011 ) (-2492 -533 428.813354 ) (-2492 -469 386.146667 ) 
3 1390 1412 (-2316 -533 535.479980 ) (-2320 -533 535.479980 ) (-2316 -533 532.813293 ) 
4 1390 1411 (-2236 -533 479.480011 ) (-2236 -533 535.479980 ) (-2316 -533 535.479980 ) (-2316 -533 532.813293 ) 
4 1391 1459 (-2556 -533 223.480011 ) (-2492 -533 223.480011 ) (-2492 -533 428.813354 ) (-2556 -533 428.813354 ) 
4 1391 1393 (-2556 -469 223.480011 ) (-2556 -533 223.480011 ) (-2556 -533 428.813354 ) (-2556 -469 386.146667 ) 
4 1392 1454 (-2492 -533 436.813324 ) (-2492 -533 535.479980 ) (-2556 -533 535.479980 ) (-2556 -533 436.813354 ) 
4 1392 1393 (-2556 -533 436.813324 ) (-2556 -533 535.479980 ) (-2556 -469 535.479980 ) (-2556 -469 394.146667 ) 
4 1393 1466 (-2684 -533 223.480011 ) (-2620 -533 223.480011 ) (-2620 -533 535.479980 ) (-2684 -533 535.479980 ) 
4 1393 1462 (-2588 -533 223.480011 ) (-2556 -533 223.480011 ) (-2556 -533 436.813354 ) (-2588 -533 436.813354 ) 
4 1393 1454 (-2556 -533 436.813354 ) (-2556 -533 535.479980 ) (-2588 -533 535.479980 ) (-2588 -533 436.813354 ) 
4 1393 1465 (-2620 -533 223.480011 ) (-2588 -533 223.480011 ) (-2588 -533 535.479980 ) (-2620 -533 535.479980 ) 
4 1393 1397 (-2684 -469 223.480011 ) (-2684 -533 223.480011 ) (-2684 -533 343.480042 ) (-2684 -469 343.480042 ) 
4 1393 1396 (-2684 -533 351.480042 ) (-2684 -533 394.146698 ) (-2684 -469 394.146698 ) (-2684 -469 351.480042 ) 
4 1393 1395 (-2684 -533 394.146698 ) (-2684 -533 535.479980 ) (-2684 -469 535.479980 ) (-2684 -469 394.146698 ) 
4 1394 1481 (-2940 -469 543.479980 ) (-2940 -469 535.479980 ) (-2940 -501 535.479980 ) (-2940 -501 543.479980 ) 
4 1394 1482 (-2940 -501 535.479980 ) (-2940 -533 535.479980 ) (-2940 -533 543.479980 ) (-2940 -501 543.479980 ) 
4 1394 1395 (-2780 -533 535.479980 ) (-2940 -533 535.479980 ) (-2940 -469 535.479980 ) (-2780 -469 535.479980 ) 
4 1395 1481 (-2940 -469 535.479980 ) (-2940 -469 343.480042 ) (-2940 -501 343.480042 ) (-2940 -501 535.479980 ) 
4 1395 1482 (-2940 -501 343.480042 ) (-2940 -533 343.480042 ) (-2940 -533 535.479980 ) (-2940 -501 535.479980 ) 
5 1395 1470 (-2924 -533 343.480042 ) (-2760 -533 343.480042 ) (-2700 -533 383.480042 ) (-2700 -533 535.479980 ) (-2924 -533 535.479980 ) 
4 1395 1469 (-2700 -533 383.480042 ) (-2684 -533 394.146698 ) (-2684 -533 535.479980 ) (-2700 -533 535.479980 ) 
4 1395 1472 (-2940 -533 535.479980 ) (-2940 -533 343.480042 ) (-2924 -533 343.480042 ) (-2924 -533 535.479980 ) 
4 1395 1398 (-2760 -533 343.480042 ) (-2940 -533 343.480042 ) (-2940 -469 343.480042 ) (-2760 -469 343.480042 ) 
4 1395 1396 (-2748 -469 351.480042 ) (-2684 -469 394.146698 ) (-2684 -533 394.146698 ) (-2748 -533 351.480042 ) 
3 1396 1470 (-2700 -533 383.480042 ) (-2748 -533 351.480042 ) (-2700 -533 351.480042 ) 
4 1396 1469 (-2684 -533 351.480042 ) (-2684 -533 394.146698 ) (-2700 -533 383.480042 ) (-2700 -533 351.480042 ) 
5 1397 1470 (-2924 -533 223.480011 ) (-2700 -533 223.480011 ) (-2700 -533 343.480042 ) (-2748 -533 343.480042 ) (-2924 -533 226.146667 ) 
4 1397 1469 (-2700 -533 223.480011 ) (-2684 -533 223.480011 ) (-2684 -533 343.480042 ) (-2700 -533 343.480042 ) 
3 1397 1472 (-2928 -533 223.480011 ) (-2924 -533 223.480011 ) (-2924 -533 226.146667 ) 
4 1397 1399 (-2684 -533 223.480011 ) (-2928 -533 223.480011 ) (-2928 -469 223.480011 ) (-2684 -469 223.480011 ) 
4 1398 1481 (-2940 -469 343.480042 ) (-2940 -469 223.480011 ) (-2940 -501 223.480011 ) (-2940 -501 343.480042 ) 
4 1398 1482 (-2940 -501 223.480011 ) (-2940 -533 223.480011 ) (-2940 -533 343.480042 ) (-2940 -501 343.480042 ) 
3 1398 1470 (-2924 -533 234.146683 ) (-2760 -533 343.480042 ) (-2924 -533 343.480042 ) 
4 1398 1472 (-2940 -533 343.480042 ) (-2940 -533 223.480011 ) (-2924 -533 234.146683 ) (-2924 -533 343.480042 ) 
4 1399 1470 (-2924 -533 215.480011 ) (-2700 -533 215.480011 ) (-2700 -533 223.480011 ) (-2924 -533 223.480011 ) 
4 1399 1469 (-2700 -533 215.480011 ) (-2684 -533 215.480011 ) (-2684 -533 223.480011 ) (-2700 -533 223.480011 ) 
4 1399 1472 (-2940 -533 215.480011 ) (-2924 -533 215.480011 ) (-2924 -533 223.480011 ) (-2928 -533 223.480011 ) 
4 1399 1400 (-2684 -533 215.480011 ) (-2940 -533 215.480011 ) (-2940 -469 215.480011 ) (-2684 -469 215.480011 ) 
4 1400 1491 (-2940 -533 159.480011 ) (-2940 -469 159.480011 ) (-2236 -469 159.480011 ) (-2236 -533 159.480011 ) 
4 1400 1483 (-2940 -469 215.480011 ) (-2940 -469 159.480011 ) (-2940 -533 159.480011 ) (-2940 -533 215.480011 ) 
4 1400 1470 (-2924 -533 159.480011 ) (-2700 -533 159.480011 ) (-2700 -533 215.480011 ) (-2924 -533 215.480011 ) 
4 1400 1469 (-2700 -533 159.480011 ) (-2684 -533 159.480011 ) (-2684 -533 215.480011 ) (-2700 -533 215.480011 ) 
4 1400 1472 (-2940 -533 215.480011 ) (-2940 -533 159.480011 ) (-2924 -533 159.480011 ) (-2924 -533 215.480011 ) 
4 1400 1467 (-2684 -533 159.480011 ) (-2620 -533 159.480011 ) (-2620 -533 215.480011 ) (-2684 -533 215.480011 ) 
4 1400 1462 (-2588 -533 159.480011 ) (-2556 -533 159.480011 ) (-2556 -533 215.480011 ) (-2588 -533 215.480011 ) 
4 1400 1459 (-2556 -533 159.480011 ) (-2492 -533 159.480011 ) (-2492 -533 215.480011 ) (-2556 -533 215.480011 ) 
4 1400 1458 (-2492 -533 159.480011 ) (-2476 -533 159.480011 ) (-2476 -533 215.480011 ) (-2492 -533 215.480011 ) 
4 1400 1465 (-2620 -533 159.480011 ) (-2588 -533 159.480011 ) (-2588 -533 215.480011 ) (-2620 -533 215.480011 ) 
4 1400 1452 (-2476 -533 159.480011 ) (-2380 -533 159.480011 ) (-2380 -533 215.480011 ) (-2476 -533 215.480011 ) 
4 1400 1450 (-2364 -533 159.480011 ) (-2300 -533 159.480011 ) (-2300 -533 215.480011 ) (-2364 -533 215.480011 ) 
4 1400 1433 (-2260 -533 159.480011 ) (-2236 -533 159.480011 ) (-2236 -533 215.480011 ) (-2260 -533 215.480011 ) 
4 1400 1436 (-2300 -533 159.480011 ) (-2260 -533 159.480011 ) (-2260 -533 215.480011 ) (-2300 -533 215.480011 ) 
4 1400 1451 (-2380 -533 159.480011 ) (-2364 -533 159.480011 ) (-2364 -533 215.480011 ) (-2380 -533 215.480011 ) 
4 1401 1408 (-2236 -693 767.479980 ) (-2236 -693 1055.479980 ) (-2300 -693 1055.479980 ) (-2300 -693 767.479980 ) 
4 1401 1402 (-2300 -533 1055.479980 ) (-2300 -533 767.479980 ) (-2300 -693 767.479980 ) (-2300 -693 1055.479980 ) 
4 1402 1413 (-2300 -549 759.479980 ) (-2300 -693 759.479980 ) (-2316 -693 759.479980 ) (-2316 -549 759.479980 ) 
4 1402 1411 (-2316 -533 759.479980 ) (-2300 -533 759.479980 ) (-2300 -549 759.479980 ) (-2316 -549 759.479980 ) 
4 1402 1408 (-2300 -693 767.479980 ) (-2300 -693 1055.479980 ) (-2316 -693 1055.479980 ) (-2316 -693 767.479980 ) 
4 1402 1403 (-2316 -677 759.479980 ) (-2316 -693 759.479980 ) (-2316 -693 1055.479980 ) (-2316 -677 1055.479980 ) 
4 1403 1414 (-2316 -677 759.479980 ) (-2316 -693 759.479980 ) (-2476 -693 759.479980 ) (-2476 -677 759.479980 ) 
4 1403 1408 (-2316 -693 767.479980 ) (-2316 -693 1055.479980 ) (-2476 -693 1055.479980 ) (-2476 -693 767.479980 ) 
4 1403 1404 (-2476 -677 759.479980 ) (-2476 -693 759.479980 ) (-2476 -693 1055.479980 ) (-2476 -677 1055.479980 ) 
4 1404 1454 (-2492 -533 759.479980 ) (-2476 -533 759.479980 ) (-2476 -693 759.479980 ) (-2492 -693 759.479980 ) 
4 1404 1408 (-2476 -693 767.479980 ) (-2476 -693 1055.479980 ) (-2492 -693 1055.479980 ) (-2492 -693 767.479980 ) 
4 1404 1405 (-2492 -533 1055.479980 ) (-2492 -533 871.479980 ) (-2492 -693 871.479980 ) (-2492 -693 1055.479980 ) 
4 1404 1406 (-2492 -533 863.479980 ) (-2492 -533 759.479980 ) (-2492 -693 759.479980 ) (-2492 -693 863.479980 ) 
4 1405 1408 (-2492 -693 871.479980 ) (-2492 -693 1055.479980 ) (-2556 -693 1055.479980 ) (-2556 -693 871.479980 ) 
4 1405 1407 (-2556 -533 1055.479980 ) (-2556 -533 871.479980 ) (-2556 -693 871.479980 ) (-2556 -693 1055.479980 ) 
4 1406 1454 (-2556 -533 759.479980 ) (-2492 -533 759.479980 ) (-2492 -693 759.479980 ) (-2556 -693 759.479980 ) 
4 1406 1408 (-2492 -693 767.479980 ) (-2492 -693 863.479980 ) (-2556 -693 863.479980 ) (-2556 -693 767.479980 ) 
4 1406 1407 (-2556 -533 863.479980 ) (-2556 -533 759.479980 ) (-2556 -693 759.479980 ) (-2556 -693 863.479980 ) 
4 1407 1468 (-2940 -693 759.479980 ) (-2940 -533 759.479980 ) (-2684 -533 759.479980 ) (-2684 -693 759.479980 ) 
4 1407 1466 (-2684 -533 759.479980 ) (-2620 -533 759.479980 ) (-2620 -693 759.479980 ) (-2684 -693 759.479980 ) 
4 1407 1454 (-2588 -533 759.479980 ) (-2556 -533 759.479980 ) (-2556 -693 759.479980 ) (-2588 -693 759.479980 ) 
4 1407 1465 (-2620 -533 759.479980 ) (-2588 -533 759.479980 ) (-2588 -693 759.479980 ) (-2620 -693 759.479980 ) 
4 1407 1408 (-2556 -693 767.479980 ) (-2556 -693 1055.479980 ) (-2716 -693 1055.479980 ) (-2716 -693 767.479980 ) 
4 1407 1410 (-2940 -693 1055.479980 ) (-2940 -693 759.479980 ) (-2716 -693 759.479980 ) (-2716 -693 1055.479980 ) 
4 1408 1409 (-2716 -757 1055.479980 ) (-2716 -757 767.479980 ) (-2236 -757 767.479980 ) (-2236 -757 1055.479980 ) 
4 1408 1410 (-2716 -693 1055.479980 ) (-2716 -693 767.479980 ) (-2716 -757 767.479980 ) (-2716 -757 1055.479980 ) 
4 1409 1474 (-2556 -789 759.479980 ) (-2492 -789 759.479980 ) (-2492 -789 1055.479980 ) (-2556 -789 1055.479980 ) 
4 1409 1475 (-2716 -789 759.479980 ) (-2556 -789 759.479980 ) (-2556 -789 1055.479980 ) (-2716 -789 1055.479980 ) 
4 1409 1473 (-2492 -789 759.479980 ) (-2236 -789 759.479980 ) (-2236 -789 1055.479980 ) (-2492 -789 1055.479980 ) 
4 1409 1468 (-2684 -789 759.479980 ) (-2716 -789 759.479980 ) (-2716 -757 759.479980 ) (-2684 -757 759.479980 ) 
4 1409 1466 (-2620 -789 759.479980 ) (-2684 -789 759.479980 ) (-2684 -757 759.479980 ) (-2620 -757 759.479980 ) 
4 1409 1454 (-2476 -789 759.479980 ) (-2588 -789 759.479980 ) (-2588 -757 759.479980 ) (-2476 -757 759.479980 ) 
4 1409 1465 (-2588 -789 759.479980 ) (-2620 -789 759.479980 ) (-2620 -757 759.479980 ) (-2588 -757 759.479980 ) 
4 1409 1414 (-2316 -789 759.479980 ) (-2476 -789 759.479980 ) (-2476 -757 759.479980 ) (-2316 -757 759.479980 ) 
4 1409 1413 (-2236 -789 759.479980 ) (-2316 -789 759.479980 ) (-2316 -757 759.479980 ) (-2236 -757 759.479980 ) 
4 1409 1410 (-2716 -757 759.479980 ) (-2716 -789 759.479980 ) (-2716 -789 1055.479980 ) (-2716 -757 1055.479980 ) 
4 1410 1475 (-2940 -789 1055.479980 ) (-2940 -789 759.479980 ) (-2716 -789 759.479980 ) (-2716 -789 1055.479980 ) 
4 1410 1468 (-2716 -789 759.479980 ) (-2940 -789 759.479980 ) (-2940 -693 759.479980 ) (-2716 -693 759.479980 ) 
4 1411 1446 (-2316 -533 439.480042 ) (-2300 -533 439.480042 ) (-2300 -549 439.480042 ) (-2316 -549 439.480042 ) 
4 1411 1433 (-2260 -533 439.480042 ) (-2236 -533 439.480042 ) (-2236 -549 439.480042 ) (-2260 -549 439.480042 ) 
4 1411 1436 (-2300 -533 439.480042 ) (-2260 -533 439.480042 ) (-2260 -549 439.480042 ) (-2300 -549 439.480042 ) 
4 1411 1422 (-2316 -549 439.480042 ) (-2236 -549 439.480042 ) (-2236 -549 647.479980 ) (-2316 -549 647.479980 ) 
4 1411 1418 (-2316 -549 719.479980 ) (-2316 -549 647.479980 ) (-2252 -549 647.479980 ) (-2252 -549 719.479980 ) 
4 1411 1416 (-2252 -549 735.479980 ) (-2316 -549 735.479980 ) (-2316 -549 719.479980 ) (-2252 -549 719.479980 ) 
4 1411 1415 (-2236 -549 647.479980 ) (-2236 -549 735.479980 ) (-2252 -549 735.479980 ) (-2252 -549 647.479980 ) 
4 1411 1413 (-2236 -549 735.479980 ) (-2236 -549 759.479980 ) (-2316 -549 759.479980 ) (-2316 -549 735.479980 ) 
4 1411 1412 (-2316 -533 439.480042 ) (-2316 -549 439.480042 ) (-2316 -549 719.479980 ) (-2316 -533 719.479980 ) 
3 1412 1458 (-2476 -537 439.480042 ) (-2476 -549 439.480042 ) (-2476 -549 447.479980 ) 
5 1412 1454 (-2476 -533 719.479980 ) (-2476 -533 439.480042 ) (-2476 -537 439.480042 ) (-2476 -549 447.479980 ) (-2476 -549 719.479980 ) 
4 1412 1452 (-2476 -549 439.480042 ) (-2476 -533 439.480042 ) (-2380 -533 439.480042 ) (-2380 -549 439.480042 ) 
4 1412 1446 (-2348 -533 439.480042 ) (-2316 -533 439.480042 ) (-2316 -549 439.480042 ) (-2348 -549 439.480042 ) 
4 1412 1449 (-2364 -533 439.480042 ) (-2348 -533 439.480042 ) (-2348 -549 439.480042 ) (-2364 -549 439.480042 ) 
4 1412 1451 (-2380 -533 439.480042 ) (-2364 -533 439.480042 ) (-2364 -549 439.480042 ) (-2380 -549 439.480042 ) 
4 1412 1431 (-2444 -549 439.480042 ) (-2428 -549 439.480042 ) (-2428 -549 647.479980 ) (-2444 -549 647.479980 ) 
4 1412 1422 (-2428 -549 439.480042 ) (-2316 -549 439.480042 ) (-2316 -549 647.479980 ) (-2428 -549 647.479980 ) 
4 1412 1419 (-2380 -549 647.479980 ) (-2348 -549 647.479980 ) (-2348 -549 719.479980 ) (-2380 -549 719.479980 ) 
4 1412 1418 (-2348 -549 647.479980 ) (-2316 -549 647.479980 ) (-2316 -549 719.479980 ) (-2348 -549 719.479980 ) 
4 1413 1473 (-2236 -789 735.479980 ) (-2236 -789 759.479980 ) (-2316 -789 759.479980 ) (-2316 -789 735.479980 ) 
4 1413 1416 (-2316 -677 735.479980 ) (-2316 -549 735.479980 ) (-2252 -549 735.479980 ) (-2252 -677 735.479980 ) 
4 1413 1421 (-2252 -789 735.479980 ) (-2316 -789 735.479980 ) (-2316 -773 735.479980 ) (-2252 -773 735.479980 ) 
4 1413 1415 (-2236 -789 735.479980 ) (-2252 -789 735.479980 ) (-2252 -549 735.479980 ) (-2236 -549 735.479980 ) 
4 1413 1414 (-2316 -677 735.479980 ) (-2316 -789 735.479980 ) (-2316 -789 759.479980 ) (-2316 -677 759.479980 ) 
4 1414 1473 (-2316 -789 759.479980 ) (-2476 -789 759.479980 ) (-2476 -789 735.479980 ) (-2316 -789 735.479980 ) 
4 1414 1454 (-2476 -789 735.479980 ) (-2476 -789 759.479980 ) (-2476 -677 759.479980 ) (-2476 -677 735.479980 ) 
4 1414 1417 (-2476 -773 735.479980 ) (-2476 -677 735.479980 ) (-2348 -677 735.479980 ) (-2348 -773 735.479980 ) 
4 1414 1421 (-2316 -789 735.479980 ) (-2476 -789 735.479980 ) (-2476 -773 735.479980 ) (-2316 -773 735.479980 ) 
4 1415 1473 (-2236 -789 647.479980 ) (-2236 -789 735.479980 ) (-2252 -789 735.479980 ) (-2252 -789 647.479980 ) 
4 1415 1425 (-2236 -789 647.479980 ) (-2252 -789 647.479980 ) (-2252 -661 647.479980 ) (-2236 -661 647.479980 ) 
4 1415 1423 (-2252 -661 647.479980 ) (-2252 -597 647.479980 ) (-2236 -597 647.479980 ) (-2236 -661 647.479980 ) 
4 1415 1422 (-2252 -597 647.479980 ) (-2252 -549 647.479980 ) (-2236 -549 647.479980 ) (-2236 -597 647.479980 ) 
4 1415 1418 (-2252 -549 647.479980 ) (-2252 -677 647.479980 ) (-2252 -677 719.479980 ) (-2252 -549 719.479980 ) 
4 1415 1416 (-2252 -677 735.479980 ) (-2252 -549 735.479980 ) (-2252 -549 719.479980 ) (-2252 -677 719.479980 ) 
4 1415 1421 (-2252 -773 647.479980 ) (-2252 -789 647.479980 ) (-2252 -789 735.479980 ) (-2252 -773 735.479980 ) 
4 1416 1418 (-2316 -549 719.479980 ) (-2252 -549 719.479980 ) (-2252 -677 719.479980 ) (-2316 -677 719.479980 ) 
4 1417 1454 (-2476 -773 735.479980 ) (-2476 -677 735.479980 ) (-2476 -677 719.479980 ) (-2476 -773 719.479980 ) 
4 1417 1420 (-2380 -773 719.479980 ) (-2476 -773 719.479980 ) (-2476 -765 719.479980 ) (-2380 -765 719.479980 ) 
4 1417 1419 (-2348 -773 719.479980 ) (-2380 -773 719.479980 ) (-2380 -677 719.479980 ) (-2348 -677 719.479980 ) 
4 1417 1421 (-2348 -773 735.479980 ) (-2476 -773 735.479980 ) (-2476 -773 719.479980 ) (-2348 -773 719.479980 ) 
4 1418 1426 (-2252 -661 647.479980 ) (-2252 -677 647.479980 ) (-2348 -677 647.479980 ) (-2348 -661 647.479980 ) 
4 1418 1423 (-2252 -597 647.479980 ) (-2252 -661 647.479980 ) (-2348 -661 647.479980 ) (-2348 -597 647.479980 ) 
4 1418 1422 (-2348 -549 647.479980 ) (-2252 -549 647.479980 ) (-2252 -597 647.479980 ) (-2348 -597 647.479980 ) 
4 1418 1419 (-2348 -549 647.479980 ) (-2348 -677 647.479980 ) (-2348 -677 719.479980 ) (-2348 -549 719.479980 ) 
4 1419 1429 (-2364 -773 647.479980 ) (-2380 -773 647.479980 ) (-2380 -661 647.479980 ) (-2364 -661 647.479980 ) 
4 1419 1428 (-2348 -661 647.479980 ) (-2348 -773 647.479980 ) (-2364 -773 647.479980 ) (-2364 -661 647.479980 ) 
4 1419 1423 (-2348 -597 647.479980 ) (-2348 -661 647.479980 ) (-2380 -661 647.479980 ) (-2380 -597 647.479980 ) 
4 1419 1422 (-2380 -549 647.479980 ) (-2348 -549 647.479980 ) (-2348 -597 647.479980 ) (-2380 -597 647.479980 ) 
4 1419 1420 (-2380 -765 647.479980 ) (-2380 -773 647.479980 ) (-2380 -773 719.479980 ) (-2380 -765 719.479980 ) 
4 1419 1421 (-2380 -773 647.479980 ) (-2348 -773 647.479980 ) (-2348 -773 719.479980 ) (-2380 -773 719.479980 ) 
4 1420 1454 (-2476 -765 647.479980 ) (-2476 -773 647.479980 ) (-2476 -773 719.479980 ) (-2476 -765 719.479980 ) 
4 1420 1432 (-2476 -773 647.479980 ) (-2476 -765 647.479980 ) (-2444 -765 647.479980 ) (-2444 -773 647.479980 ) 
4 1420 1431 (-2444 -765 647.479980 ) (-2428 -765 647.479980 ) (-2428 -773 647.479980 ) (-2444 -773 647.479980 ) 
4 1420 1429 (-2428 -765 647.479980 ) (-2380 -765 647.479980 ) (-2380 -773 647.479980 ) (-2428 -773 647.479980 ) 
4 1420 1421 (-2476 -773 647.479980 ) (-2380 -773 647.479980 ) (-2380 -773 719.479980 ) (-2476 -773 719.479980 ) 
4 1421 1473 (-2252 -789 735.479980 ) (-2476 -789 735.479980 ) (-2476 -789 647.479980 ) (-2252 -789 647.479980 ) 
4 1421 1454 (-2476 -789 647.479980 ) (-2476 -789 735.479980 ) (-2476 -773 735.479980 ) (-2476 -773 647.479980 ) 
4 1421 1432 (-2444 -789 647.479980 ) (-2476 -789 647.479980 ) (-2476 -773 647.479980 ) (-2444 -773 647.479980 ) 
4 1421 1431 (-2428 -789 647.479980 ) (-2444 -789 647.479980 ) (-2444 -773 647.479980 ) (-2428 -773 647.479980 ) 
4 1421 1429 (-2364 -789 647.479980 ) (-2428 -789 647.479980 ) (-2428 -773 647.479980 ) (-2364 -773 647.479980 ) 
4 1421 1427 (-2252 -789 647.479980 ) (-2348 -789 647.479980 ) (-2348 -773 647.479980 ) (-2252 -773 647.479980 ) 
4 1421 1428 (-2348 -789 647.479980 ) (-2364 -789 647.479980 ) (-2364 -773 647.479980 ) (-2348 -773 647.479980 ) 
4 1422 1446 (-2348 -549 439.480042 ) (-2300 -549 439.480042 ) (-2300 -597 439.480042 ) (-2348 -597 439.480042 ) 
4 1422 1449 (-2364 -549 439.480042 ) (-2348 -549 439.480042 ) (-2348 -597 439.480042 ) (-2364 -597 439.480042 ) 
4 1422 1434 (-2260 -549 439.480042 ) (-2236 -549 439.480042 ) (-2236 -597 439.480042 ) (-2260 -597 439.480042 ) 
4 1422 1436 (-2300 -549 439.480042 ) (-2260 -549 439.480042 ) (-2260 -597 439.480042 ) (-2300 -597 439.480042 ) 
4 1422 1451 (-2380 -549 439.480042 ) (-2364 -549 439.480042 ) (-2364 -597 439.480042 ) (-2380 -597 439.480042 ) 
4 1422 1431 (-2428 -597 647.479980 ) (-2428 -549 647.479980 ) (-2428 -549 439.480042 ) (-2428 -597 439.480042 ) 
4 1422 1423 (-2428 -597 647.479980 ) (-2428 -597 479.480042 ) (-2236 -597 479.480042 ) (-2236 -597 647.479980 ) 
4 1422 1424 (-2428 -597 471.480042 ) (-2428 -597 439.480042 ) (-2236 -597 439.480042 ) (-2236 -597 471.480042 ) 
4 1423 1431 (-2428 -661 647.479980 ) (-2428 -597 647.479980 ) (-2428 -597 479.480042 ) (-2428 -661 479.480042 ) 
4 1423 1429 (-2428 -661 647.479980 ) (-2428 -661 479.480042 ) (-2364 -661 479.480042 ) (-2364 -661 647.479980 ) 
4 1423 1426 (-2348 -661 479.480042 ) (-2252 -661 479.480042 ) (-2252 -661 647.479980 ) (-2348 -661 647.479980 ) 
4 1423 1425 (-2252 -661 479.480042 ) (-2236 -661 479.480042 ) (-2236 -661 647.479980 ) (-2252 -661 647.479980 ) 
4 1423 1428 (-2364 -661 479.480042 ) (-2348 -661 479.480042 ) (-2348 -661 647.479980 ) (-2364 -661 647.479980 ) 
4 1424 1446 (-2348 -597 439.480042 ) (-2300 -597 439.480042 ) (-2300 -661 439.480042 ) (-2348 -661 439.480042 ) 
4 1424 1449 (-2364 -597 439.480042 ) (-2348 -597 439.480042 ) (-2348 -661 439.480042 ) (-2364 -661 439.480042 ) 
4 1424 1434 (-2260 -597 439.480042 ) (-2236 -597 439.480042 ) (-2236 -645 439.480042 ) (-2260 -645 439.480042 ) 
4 1424 1435 (-2236 -645 439.480042 ) (-2236 -661 439.480042 ) (-2260 -661 439.480042 ) (-2260 -645 439.480042 ) 
4 1424 1436 (-2300 -597 439.480042 ) (-2260 -597 439.480042 ) (-2260 -661 439.480042 ) (-2300 -661 439.480042 ) 
4 1424 1451 (-2380 -597 439.480042 ) (-2364 -597 439.480042 ) (-2364 -661 439.480042 ) (-2380 -661 439.480042 ) 
4 1424 1431 (-2428 -597 471.480042 ) (-2428 -597 439.480042 ) (-2428 -661 439.480042 ) (-2428 -661 471.480042 ) 
4 1424 1430 (-2428 -661 471.480042 ) (-2428 -661 439.480042 ) (-2364 -661 439.480042 ) (-2364 -661 471.480042 ) 
4 1424 1426 (-2348 -661 439.480042 ) (-2252 -661 439.480042 ) (-2252 -661 471.480042 ) (-2348 -661 471.480042 ) 
4 1424 1425 (-2252 -661 439.480042 ) (-2236 -661 439.480042 ) (-2236 -661 471.480042 ) (-2252 -661 471.480042 ) 
4 1424 1428 (-2364 -661 439.480042 ) (-2348 -661 439.480042 ) (-2348 -661 471.480042 ) (-2364 -661 471.480042 ) 
4 1425 1476 (-2236 -789 439.480042 ) (-2236 -789 471.480042 ) (-2252 -789 471.480042 ) (-2252 -789 439.480042 ) 
4 1425 1473 (-2236 -789 479.480042 ) (-2236 -789 647.479980 ) (-2252 -789 647.479980 ) (-2252 -789 479.480042 ) 
4 1425 1440 (-2236 -789 439.480042 ) (-2252 -789 439.480042 ) (-2252 -741 439.480042 ) (-2236 -741 439.480042 ) 
4 1425 1439 (-2252 -741 439.480042 ) (-2252 -725 439.480042 ) (-2236 -725 439.480042 ) (-2236 -741 439.480042 ) 
4 1425 1437 (-2252 -725 439.480042 ) (-2252 -661 439.480042 ) (-2236 -661 439.480042 ) (-2236 -725 439.480042 ) 
4 1425 1426 (-2252 -661 647.479980 ) (-2252 -661 439.480042 ) (-2252 -677 439.480042 ) (-2252 -677 647.479980 ) 
4 1425 1427 (-2252 -773 439.480042 ) (-2252 -789 439.480042 ) (-2252 -789 647.479980 ) (-2252 -773 647.479980 ) 
4 1426 1446 (-2348 -677 439.480042 ) (-2348 -661 439.480042 ) (-2300 -661 439.480042 ) (-2300 -677 439.480042 ) 
4 1426 1441 (-2300 -661 439.480042 ) (-2252 -661 439.480042 ) (-2252 -677 439.480042 ) (-2300 -677 439.480042 ) 
4 1426 1428 (-2348 -661 647.479980 ) (-2348 -661 439.480042 ) (-2348 -677 439.480042 ) (-2348 -677 647.479980 ) 
4 1427 1477 (-2348 -789 471.480042 ) (-2348 -789 439.480042 ) (-2252 -789 439.480042 ) (-2252 -789 471.480042 ) 
4 1427 1473 (-2252 -789 647.479980 ) (-2348 -789 647.479980 ) (-2348 -789 479.480042 ) (-2252 -789 479.480042 ) 
4 1427 1448 (-2300 -789 439.480042 ) (-2348 -789 439.480042 ) (-2348 -773 439.480042 ) (-2300 -773 439.480042 ) 
4 1427 1443 (-2252 -789 439.480042 ) (-2300 -789 439.480042 ) (-2300 -773 439.480042 ) (-2252 -773 439.480042 ) 
4 1427 1428 (-2348 -773 439.480042 ) (-2348 -789 439.480042 ) (-2348 -789 647.479980 ) (-2348 -773 647.479980 ) 
4 1428 1477 (-2364 -789 471.480042 ) (-2364 -789 439.480042 ) (-2348 -789 439.480042 ) (-2348 -789 471.480042 ) 
4 1428 1473 (-2348 -789 647.479980 ) (-2364 -789 647.479980 ) (-2364 -789 479.480042 ) (-2348 -789 479.480042 ) 
4 1428 1449 (-2348 -789 439.480042 ) (-2364 -789 439.480042 ) (-2364 -661 439.480042 ) (-2348 -661 439.480042 ) 
4 1428 1429 (-2364 -661 647.479980 ) (-2364 -661 479.480042 ) (-2364 -789 479.480042 ) (-2364 -789 647.479980 ) 
4 1428 1430 (-2364 -661 471.480042 ) (-2364 -661 439.480042 ) (-2364 -789 439.480042 ) (-2364 -789 471.480042 ) 
4 1429 1473 (-2364 -789 647.479980 ) (-2428 -789 647.479980 ) (-2428 -789 479.480042 ) (-2364 -789 479.480042 ) 
4 1429 1431 (-2428 -789 647.479980 ) (-2428 -661 647.479980 ) (-2428 -661 479.480042 ) (-2428 -789 479.480042 ) 
4 1430 1477 (-2428 -789 471.480042 ) (-2428 -789 439.480042 ) (-2364 -789 439.480042 ) (-2364 -789 471.480042 ) 
4 1430 1453 (-2380 -789 439.480042 ) (-2428 -789 439.480042 ) (-2428 -765 439.480042 ) (-2380 -765 439.480042 ) 
4 1430 1451 (-2364 -789 439.480042 ) (-2380 -789 439.480042 ) (-2380 -661 439.480042 ) (-2364 -661 439.480042 ) 
4 1430 1431 (-2428 -661 471.480042 ) (-2428 -661 439.480042 ) (-2428 -789 439.480042 ) (-2428 -789 471.480042 ) 
4 1431 1477 (-2444 -789 471.480042 ) (-2444 -789 439.480042 ) (-2428 -789 439.480042 ) (-2428 -789 471.480042 ) 
4 1431 1473 (-2428 -789 647.479980 ) (-2444 -789 647.479980 ) (-2444 -789 479.480042 ) (-2428 -789 479.480042 ) 
4 1431 1453 (-2428 -789 439.480042 ) (-2444 -789 439.480042 ) (-2444 -765 439.480042 ) (-2428 -765 439.480042 ) 
4 1431 1432 (-2444 -789 647.479980 ) (-2444 -765 647.479980 ) (-2444 -765 439.480042 ) (-2444 -789 439.480042 ) 
4 1432 1477 (-2476 -789 471.480042 ) (-2476 -789 439.480042 ) (-2444 -789 439.480042 ) (-2444 -789 471.480042 ) 
4 1432 1473 (-2444 -789 647.479980 ) (-2476 -789 647.479980 ) (-2476 -789 479.480042 ) (-2444 -789 479.480042 ) 
4 1432 1464 (-2476 -789 439.480042 ) (-2476 -789 471.480042 ) (-2476 -765 471.480042 ) (-2476 -765 439.480042 ) 
4 1432 1455 (-2476 -789 471.480042 ) (-2476 -789 607.480042 ) (-2476 -765 591.480042 ) (-2476 -765 471.480042 ) 
4 1432 1454 (-2476 -789 607.480042 ) (-2476 -789 647.479980 ) (-2476 -765 647.479980 ) (-2476 -765 591.480042 ) 
4 1432 1453 (-2444 -789 439.480042 ) (-2476 -789 439.480042 ) (-2476 -765 439.480042 ) (-2444 -765 439.480042 ) 
4 1433 1491 (-2260 -533 159.480011 ) (-2236 -533 159.480011 ) (-2236 -549 159.480011 ) (-2260 -549 159.480011 ) 
4 1433 1434 (-2260 -549 439.480042 ) (-2260 -549 431.480042 ) (-2236 -549 431.480042 ) (-2236 -549 439.480042 ) 
4 1433 1436 (-2260 -549 439.480042 ) (-2260 -533 439.480042 ) (-2260 -533 159.480011 ) (-2260 -549 159.480011 ) 
4 1434 1436 (-2260 -645 439.480042 ) (-2260 -549 439.480042 ) (-2260 -549 431.480042 ) (-2260 -645 431.480042 ) 
4 1434 1435 (-2260 -645 439.480042 ) (-2260 -645 431.480042 ) (-2236 -645 431.480042 ) (-2236 -645 439.480042 ) 
4 1435 1491 (-2236 -645 159.480011 ) (-2236 -661 159.480011 ) (-2260 -661 159.480011 ) (-2260 -645 159.480011 ) 
4 1435 1444 (-2260 -661 159.480011 ) (-2252 -661 159.480011 ) (-2252 -661 215.480011 ) (-2260 -661 215.480011 ) 
4 1435 1441 (-2252 -661 223.480011 ) (-2252 -661 439.480042 ) (-2260 -661 439.480042 ) (-2260 -661 223.480011 ) 
4 1435 1437 (-2236 -661 223.480011 ) (-2236 -661 439.480042 ) (-2252 -661 439.480042 ) (-2252 -661 223.480011 ) 
4 1435 1438 (-2252 -661 159.480011 ) (-2236 -661 159.480011 ) (-2236 -661 215.480011 ) (-2252 -661 215.480011 ) 
4 1435 1436 (-2260 -661 159.480011 ) (-2260 -661 439.480042 ) (-2260 -645 439.480042 ) (-2260 -645 159.480011 ) 
4 1436 1491 (-2300 -533 159.480011 ) (-2260 -533 159.480011 ) (-2260 -661 159.480011 ) (-2300 -661 159.480011 ) 
4 1436 1450 (-2300 -533 215.480011 ) (-2300 -533 159.480011 ) (-2300 -661 159.480011 ) (-2300 -661 215.480011 ) 
4 1436 1446 (-2300 -661 439.480042 ) (-2300 -533 439.480042 ) (-2300 -533 223.480011 ) (-2300 -661 223.480011 ) 
4 1436 1444 (-2300 -661 215.480011 ) (-2300 -661 159.480011 ) (-2260 -661 159.480011 ) (-2260 -661 215.480011 ) 
4 1436 1441 (-2300 -661 439.480042 ) (-2300 -661 223.480011 ) (-2260 -661 223.480011 ) (-2260 -661 439.480042 ) 
4 1437 1442 (-2252 -677 223.480011 ) (-2252 -725 223.480011 ) (-2252 -725 415.480042 ) (-2252 -677 415.480042 ) 
4 1437 1441 (-2252 -661 439.480042 ) (-2252 -661 223.480011 ) (-2252 -677 223.480011 ) (-2252 -677 439.480042 ) 
4 1437 1439 (-2252 -725 439.480042 ) (-2252 -725 223.480011 ) (-2236 -725 223.480011 ) (-2236 -725 439.480042 ) 
4 1438 1491 (-2236 -661 159.480011 ) (-2236 -725 159.480011 ) (-2252 -725 159.480011 ) (-2252 -661 159.480011 ) 
4 1438 1444 (-2252 -661 215.480011 ) (-2252 -661 159.480011 ) (-2252 -725 159.480011 ) (-2252 -725 215.480011 ) 
4 1438 1439 (-2252 -725 215.480011 ) (-2252 -725 159.480011 ) (-2236 -725 159.480011 ) (-2236 -725 215.480011 ) 
4 1439 1491 (-2236 -725 159.480011 ) (-2236 -741 159.480011 ) (-2252 -741 159.480011 ) (-2252 -725 159.480011 ) 
4 1439 1445 (-2252 -725 159.480011 ) (-2252 -741 159.480011 ) (-2252 -741 223.480011 ) (-2252 -725 223.480011 ) 
4 1439 1442 (-2252 -741 223.480011 ) (-2252 -741 415.480042 ) (-2252 -725 415.480042 ) (-2252 -725 223.480011 ) 
4 1439 1440 (-2252 -741 439.480042 ) (-2252 -741 431.480042 ) (-2236 -741 431.480042 ) (-2236 -741 439.480042 ) 
4 1440 1476 (-2236 -789 431.480042 ) (-2236 -789 439.480042 ) (-2252 -789 439.480042 ) (-2252 -789 431.480042 ) 
4 1440 1443 (-2252 -789 431.480042 ) (-2252 -789 439.480042 ) (-2252 -773 439.480042 ) (-2252 -773 431.480042 ) 
4 1441 1446 (-2300 -677 439.480042 ) (-2300 -661 439.480042 ) (-2300 -661 223.480011 ) (-2300 -677 223.480011 ) 
4 1441 1442 (-2300 -677 415.480042 ) (-2300 -677 223.480011 ) (-2252 -677 223.480011 ) (-2252 -677 415.480042 ) 
4 1442 1447 (-2300 -677 415.480042 ) (-2300 -677 223.480011 ) (-2300 -773 223.480011 ) (-2300 -773 415.480042 ) 
4 1442 1445 (-2300 -773 223.480011 ) (-2300 -725 223.480011 ) (-2252 -725 223.480011 ) (-2252 -773 223.480011 ) 
4 1442 1443 (-2300 -773 415.480042 ) (-2300 -773 223.480011 ) (-2252 -773 223.480011 ) (-2252 -773 415.480042 ) 
4 1443 1477 (-2252 -789 223.480011 ) (-2252 -789 439.480042 ) (-2300 -789 439.480042 ) (-2300 -789 223.480011 ) 
4 1443 1448 (-2300 -789 223.480011 ) (-2300 -789 439.480042 ) (-2300 -773 439.480042 ) (-2300 -773 223.480011 ) 
4 1443 1445 (-2300 -789 223.480011 ) (-2300 -773 223.480011 ) (-2252 -773 223.480011 ) (-2252 -789 223.480011 ) 
4 1444 1491 (-2300 -725 159.480011 ) (-2300 -661 159.480011 ) (-2252 -661 159.480011 ) (-2252 -725 159.480011 ) 
4 1444 1450 (-2300 -661 215.480011 ) (-2300 -661 159.480011 ) (-2300 -725 159.480011 ) (-2300 -725 215.480011 ) 
4 1444 1445 (-2252 -725 159.480011 ) (-2252 -725 215.480011 ) (-2300 -725 215.480011 ) (-2300 -725 159.480011 ) 
4 1445 1491 (-2252 -789 159.480011 ) (-2300 -789 159.480011 ) (-2300 -725 159.480011 ) (-2252 -725 159.480011 ) 
4 1445 1479 (-2300 -789 159.480011 ) (-2252 -789 159.480011 ) (-2252 -789 215.480011 ) (-2300 -789 215.480011 ) 
4 1445 1478 (-2252 -789 215.480011 ) (-2252 -789 223.480011 ) (-2300 -789 223.480011 ) (-2300 -789 215.480011 ) 
4 1445 1450 (-2300 -789 159.480011 ) (-2300 -789 215.480011 ) (-2300 -725 215.480011 ) (-2300 -725 159.480011 ) 
4 1446 1447 (-2348 -677 415.480042 ) (-2348 -677 223.480011 ) (-2300 -677 223.480011 ) (-2300 -677 415.480042 ) 
4 1446 1449 (-2348 -533 223.480011 ) (-2348 -677 223.480011 ) (-2348 -677 439.480042 ) (-2348 -533 439.480042 ) 
4 1447 1449 (-2348 -677 223.480011 ) (-2348 -773 223.480011 ) (-2348 -773 415.480042 ) (-2348 -677 415.480042 ) 
4 1447 1448 (-2348 -773 415.480042 ) (-2348 -773 223.480011 ) (-2300 -773 223.480011 ) (-2300 -773 415.480042 ) 
4 1448 1477 (-2300 -789 223.480011 ) (-2300 -789 439.480042 ) (-2348 -789 439.480042 ) (-2348 -789 223.480011 ) 
4 1448 1449 (-2348 -773 223.480011 ) (-2348 -789 223.480011 ) (-2348 -789 439.480042 ) (-2348 -773 439.480042 ) 
4 1449 1477 (-2348 -789 439.480042 ) (-2364 -789 439.480042 ) (-2364 -789 223.480011 ) (-2348 -789 223.480011 ) 
4 1449 1451 (-2364 -789 223.480011 ) (-2364 -789 439.480042 ) (-2364 -533 439.480042 ) (-2364 -533 223.480011 ) 
4 1450 1491 (-2364 -533 159.480011 ) (-2300 -533 159.480011 ) (-2300 -789 159.480011 ) (-2364 -789 159.480011 ) 
4 1450 1479 (-2364 -789 159.480011 ) (-2300 -789 159.480011 ) (-2300 -789 215.480011 ) (-2364 -789 215.480011 ) 
4 1450 1451 (-2364 -789 159.480011 ) (-2364 -789 215.480011 ) (-2364 -533 215.480011 ) (-2364 -533 159.480011 ) 
4 1451 1491 (-2380 -533 159.480011 ) (-2364 -533 159.480011 ) (-2364 -789 159.480011 ) (-2380 -789 159.480011 ) 
4 1451 1479 (-2380 -789 159.480011 ) (-2364 -789 159.480011 ) (-2364 -789 215.480011 ) (-2380 -789 215.480011 ) 
4 1451 1477 (-2364 -789 223.480011 ) (-2364 -789 439.480042 ) (-2380 -789 439.480042 ) (-2380 -789 223.480011 ) 
4 1451 1452 (-2380 -549 439.480042 ) (-2380 -533 439.480042 ) (-2380 -533 159.480011 ) (-2380 -549 159.480011 ) 
4 1451 1453 (-2380 -789 159.480011 ) (-2380 -789 439.480042 ) (-2380 -765 439.480042 ) (-2380 -765 159.480011 ) 
4 1452 1491 (-2476 -533 159.480011 ) (-2380 -533 159.480011 ) (-2380 -549 159.480011 ) (-2476 -549 159.480011 ) 
5 1452 1458 (-2476 -549 439.480042 ) (-2476 -537 439.480042 ) (-2476 -533 436.813354 ) (-2476 -533 159.480011 ) (-2476 -549 159.480011 ) 
3 1452 1454 (-2476 -537 439.480042 ) (-2476 -533 439.480042 ) (-2476 -533 436.813354 ) 
4 1453 1491 (-2380 -765 159.480011 ) (-2380 -789 159.480011 ) (-2476 -789 159.480011 ) (-2476 -765 159.480011 ) 
4 1453 1479 (-2476 -789 159.480011 ) (-2380 -789 159.480011 ) (-2380 -789 215.480011 ) (-2476 -789 215.480011 ) 
4 1453 1477 (-2380 -789 223.480011 ) (-2380 -789 439.480042 ) (-2476 -789 439.480042 ) (-2476 -789 223.480011 ) 
4 1453 1464 (-2476 -789 159.480011 ) (-2476 -789 439.480042 ) (-2476 -765 439.480042 ) (-2476 -765 159.480011 ) 
4 1454 1474 (-2492 -789 759.479980 ) (-2556 -789 759.479980 ) (-2556 -789 607.479980 ) (-2492 -789 607.479980 ) 
4 1454 1475 (-2556 -789 759.479980 ) (-2588 -789 759.479980 ) (-2588 -789 607.479980 ) (-2556 -789 607.479980 ) 
4 1454 1473 (-2476 -789 607.479980 ) (-2476 -789 759.479980 ) (-2492 -789 759.479980 ) (-2492 -789 607.479980 ) 
4 1454 1463 (-2588 -585 471.480042 ) (-2588 -549 447.479980 ) (-2556 -549 447.479767 ) (-2556 -585 471.480042 ) 
4 1454 1462 (-2588 -549 447.479980 ) (-2588 -533 436.813324 ) (-2556 -533 436.813080 ) (-2556 -549 447.479767 ) 
4 1454 1460 (-2476 -549 447.479187 ) (-2476 -585.001160 471.480042 ) (-2492 -585 471.480042 ) (-2492 -549 447.479309 ) 
4 1454 1458 (-2492 -533 436.812622 ) (-2476 -533 436.812500 ) (-2476 -549 447.479187 ) (-2492 -549 447.479309 ) 
4 1454 1456 (-2492 -597 479.480042 ) (-2492 -789 607.479675 ) (-2556 -789 607.479858 ) (-2556 -597 479.480042 ) 
4 1454 1455 (-2492 -585 471.480042 ) (-2476 -585.001160 471.480042 ) (-2476 -789 607.479614 ) (-2492 -789 607.479675 ) 
4 1454 1457 (-2588 -789 607.479980 ) (-2588 -585 471.480042 ) (-2556 -585 471.480042 ) (-2556 -789 607.479858 ) 
4 1454 1465 (-2588 -789 607.479980 ) (-2588 -789 759.479980 ) (-2588 -533 759.479980 ) (-2588 -533 436.813324 ) 
4 1455 1473 (-2476 -789 479.480042 ) (-2476 -789 607.479980 ) (-2492 -789 607.479980 ) (-2492 -789 479.480042 ) 
4 1455 1460 (-2492 -584.998108 471.480042 ) (-2476 -584.998108 471.480042 ) (-2476 -765 471.480042 ) (-2492 -765 471.480042 ) 
4 1455 1464 (-2476 -765 471.480042 ) (-2476 -789 471.480042 ) (-2492 -789 471.480042 ) (-2492 -765 471.480042 ) 
3 1455 1456 (-2492 -789 479.480042 ) (-2492 -789 607.482605 ) (-2492 -596.996094 479.480042 ) 
4 1456 1474 (-2492 -789 607.479980 ) (-2556 -789 607.479980 ) (-2556 -789 479.480042 ) (-2492 -789 479.480042 ) 
3 1456 1457 (-2556 -789 479.480042 ) (-2556 -789 607.482605 ) (-2556 -596.996094 479.480042 ) 
4 1457 1475 (-2556 -789 607.479980 ) (-2588 -789 607.479980 ) (-2588 -789 471.480042 ) (-2556 -789 471.480042 ) 
4 1457 1463 (-2588 -765 471.480042 ) (-2588 -584.998108 471.480042 ) (-2556 -584.998108 471.480042 ) (-2556 -765 471.480042 ) 
4 1457 1464 (-2588 -789 471.480042 ) (-2588 -765 471.480042 ) (-2556 -765 471.480042 ) (-2556 -789 471.480042 ) 
3 1457 1465 (-2588 -789 471.480042 ) (-2588 -789 607.479980 ) (-2588 -585 471.480042 ) 
4 1458 1491 (-2492 -533 159.480011 ) (-2476 -533 159.480011 ) (-2476 -549 159.480011 ) (-2492 -549 159.480011 ) 
4 1458 1460 (-2476 -549 439.480042 ) (-2476 -549 447.479980 ) (-2492 -549 447.479980 ) (-2492 -549 439.480042 ) 
4 1458 1459 (-2492 -549 159.480011 ) (-2492 -549 439.480011 ) (-2492 -533 428.813354 ) (-2492 -533 159.480011 ) 
4 1459 1491 (-2556 -533 159.480011 ) (-2492 -533 159.480011 ) (-2492 -549 159.480011 ) (-2556 -549 159.480011 ) 
4 1459 1462 (-2556 -533 428.813354 ) (-2556 -533 159.480011 ) (-2556 -549 159.480011 ) (-2556 -549 439.479980 ) 
4 1460 1461 (-2492 -549 439.480042 ) (-2492 -765 439.480042 ) (-2492 -765 471.480042 ) (-2492 -597 471.480042 ) 
4 1460 1464 (-2476 -765 439.480042 ) (-2476 -765 471.480042 ) (-2492 -765 471.480042 ) (-2492 -765 439.480042 ) 
4 1461 1463 (-2556 -765 439.480042 ) (-2556 -765 471.480042 ) (-2556 -597 471.480042 ) (-2556 -549 439.480042 ) 
4 1461 1464 (-2492 -765 471.480042 ) (-2556 -765 471.480042 ) (-2556 -765 439.480042 ) (-2492 -765 439.480042 ) 
4 1462 1491 (-2588 -533 159.480011 ) (-2556 -533 159.480011 ) (-2556 -549 159.480011 ) (-2588 -549 159.480011 ) 
4 1462 1463 (-2556 -549 439.480042 ) (-2556 -549 447.480469 ) (-2588 -549 447.480469 ) (-2588 -549 439.480042 ) 
4 1462 1465 (-2588 -549 447.479980 ) (-2588 -533 436.813324 ) (-2588 -533 159.480011 ) (-2588 -549 159.480011 ) 
4 1463 1464 (-2556 -765 471.480042 ) (-2588 -765 471.480042 ) (-2588 -765 439.480042 ) (-2556 -765 439.480042 ) 
5 1463 1465 (-2588 -765 471.480042 ) (-2588 -585 471.480042 ) (-2588 -549 447.479980 ) (-2588 -549 439.480042 ) (-2588 -765 439.480042 ) 
4 1464 1491 (-2476 -765 159.480011 ) (-2476 -789 159.480011 ) (-2588 -789 159.480011 ) (-2588 -765 159.480011 ) 
4 1464 1479 (-2588 -789 159.480011 ) (-2476 -789 159.480011 ) (-2476 -789 215.480011 ) (-2588 -789 215.480011 ) 
4 1464 1477 (-2476 -789 223.480011 ) (-2476 -789 471.480042 ) (-2588 -789 471.480042 ) (-2588 -789 223.480011 ) 
4 1464 1465 (-2588 -789 159.480011 ) (-2588 -789 471.480042 ) (-2588 -765 471.480042 ) (-2588 -765 159.480011 ) 
4 1465 1491 (-2620 -533 159.480011 ) (-2588 -533 159.480011 ) (-2588 -789 159.480011 ) (-2620 -789 159.480011 ) 
4 1465 1479 (-2620 -789 159.480011 ) (-2588 -789 159.480011 ) (-2588 -789 215.480011 ) (-2620 -789 215.480011 ) 
4 1465 1477 (-2588 -789 223.480011 ) (-2588 -789 471.480042 ) (-2620 -789 471.480042 ) (-2620 -789 223.480011 ) 
4 1465 1475 (-2588 -789 471.480042 ) (-2588 -789 759.479980 ) (-2620 -789 759.479980 ) (-2620 -789 471.480042 ) 
4 1465 1466 (-2620 -789 223.480011 ) (-2620 -789 759.479980 ) (-2620 -533 759.479980 ) (-2620 -533 223.480011 ) 
4 1465 1467 (-2620 -789 159.480011 ) (-2620 -789 215.480011 ) (-2620 -533 215.480011 ) (-2620 -533 159.480011 ) 
4 1466 1477 (-2620 -789 223.480011 ) (-2620 -789 471.480042 ) (-2684 -789 471.480042 ) (-2684 -789 223.480011 ) 
4 1466 1475 (-2620 -789 471.480042 ) (-2620 -789 759.479980 ) (-2684 -789 759.479980 ) (-2684 -789 471.480042 ) 
4 1466 1469 (-2684 -789 223.480011 ) (-2684 -789 535.479980 ) (-2684 -533 535.479980 ) (-2684 -533 223.480011 ) 
4 1466 1468 (-2684 -789 543.479980 ) (-2684 -789 759.479980 ) (-2684 -533 759.479980 ) (-2684 -533 543.479980 ) 
4 1467 1491 (-2684 -533 159.480011 ) (-2620 -533 159.480011 ) (-2620 -789 159.480011 ) (-2684 -789 159.480011 ) 
4 1467 1479 (-2684 -789 159.480011 ) (-2620 -789 159.480011 ) (-2620 -789 215.480011 ) (-2684 -789 215.480011 ) 
4 1467 1469 (-2684 -789 159.480011 ) (-2684 -789 215.480011 ) (-2684 -533 215.480011 ) (-2684 -533 159.480011 ) 
4 1468 1475 (-2940 -789 759.479980 ) (-2940 -789 543.479980 ) (-2684 -789 543.479980 ) (-2684 -789 759.479980 ) 
4 1469 1491 (-2700 -533 159.480011 ) (-2684 -533 159.480011 ) (-2684 -789 159.480011 ) (-2700 -789 159.480011 ) 
4 1469 1479 (-2700 -789 159.480011 ) (-2684 -789 159.480011 ) (-2684 -789 215.480011 ) (-2700 -789 215.480011 ) 
4 1469 1477 (-2684 -789 223.480011 ) (-2684 -789 471.480042 ) (-2700 -789 471.480042 ) (-2700 -789 223.480011 ) 
4 1469 1475 (-2684 -789 471.480042 ) (-2684 -789 535.479980 ) (-2700 -789 535.479980 ) (-2700 -789 471.480042 ) 
4 1469 1470 (-2700 -549 535.479980 ) (-2700 -533 535.479980 ) (-2700 -533 159.480011 ) (-2700 -549 159.480011 ) 
4 1469 1471 (-2700 -789 159.480011 ) (-2700 -789 535.479980 ) (-2700 -773 535.479980 ) (-2700 -773 159.480011 ) 
4 1470 1491 (-2924 -533 159.480011 ) (-2700 -533 159.480011 ) (-2700 -549 159.480011 ) (-2924 -549 159.480011 ) 
4 1470 1472 (-2924 -549 535.479980 ) (-2924 -533 535.479980 ) (-2924 -533 159.480011 ) (-2924 -549 159.480011 ) 
4 1471 1491 (-2700 -773 159.480011 ) (-2700 -789 159.480011 ) (-2924 -789 159.480011 ) (-2924 -773 159.480011 ) 
4 1471 1479 (-2924 -789 159.480011 ) (-2700 -789 159.480011 ) (-2700 -789 215.480011 ) (-2924 -789 215.480011 ) 
4 1471 1477 (-2700 -789 223.480011 ) (-2700 -789 471.480042 ) (-2924 -789 471.480042 ) (-2924 -789 223.480011 ) 
4 1471 1475 (-2700 -789 471.480042 ) (-2700 -789 535.479980 ) (-2924 -789 535.479980 ) (-2924 -789 471.480042 ) 
4 1471 1472 (-2924 -789 159.480011 ) (-2924 -789 535.479980 ) (-2924 -773 535.479980 ) (-2924 -773 159.480011 ) 
4 1472 1491 (-2940 -789 159.480011 ) (-2940 -533 159.480011 ) (-2924 -533 159.480011 ) (-2924 -789 159.480011 ) 
4 1472 1485 (-2940 -533 159.480011 ) (-2940 -789 159.480011 ) (-2940 -789 215.480011 ) (-2940 -533 215.480011 ) 
4 1472 1484 (-2940 -789 223.480011 ) (-2940 -789 535.479980 ) (-2940 -533 535.479980 ) (-2940 -533 223.480011 ) 
4 1472 1479 (-2940 -789 215.480011 ) (-2940 -789 159.480011 ) (-2924 -789 159.480011 ) (-2924 -789 215.480011 ) 
4 1472 1477 (-2940 -789 471.480042 ) (-2940 -789 223.480011 ) (-2924 -789 223.480011 ) (-2924 -789 471.480042 ) 
4 1472 1475 (-2940 -789 535.479980 ) (-2940 -789 471.480042 ) (-2924 -789 471.480042 ) (-2924 -789 535.479980 ) 
4 1473 1517 (-2252 -853 1055.479980 ) (-2476 -853 1055.479980 ) (-2476 -853 479.480042 ) (-2252 -853 479.480042 ) 
4 1473 1518 (-2476 -853 1055.479980 ) (-2492 -853 1055.479980 ) (-2492 -853 479.480042 ) (-2476 -853 479.480042 ) 
4 1473 1496 (-2236 -853 1055.479980 ) (-2252 -853 1055.479980 ) (-2252 -853 479.480042 ) (-2236 -853 479.480042 ) 
4 1473 1474 (-2492 -789 1055.479980 ) (-2492 -789 479.480042 ) (-2492 -853 479.480042 ) (-2492 -853 1055.479980 ) 
4 1474 1521 (-2556 -853 543.479980 ) (-2556 -853 479.480042 ) (-2492 -853 479.480042 ) (-2492 -853 543.479980 ) 
4 1474 1519 (-2492 -853 1055.479980 ) (-2556 -853 1055.479980 ) (-2556 -853 543.479980 ) (-2492 -853 543.479980 ) 
4 1474 1475 (-2556 -789 1055.479980 ) (-2556 -789 479.480042 ) (-2556 -853 479.480042 ) (-2556 -853 1055.479980 ) 
4 1475 1529 (-2700 -853 1055.479980 ) (-2940 -853 1055.479980 ) (-2940 -853 471.480042 ) (-2700 -853 471.480042 ) 
4 1475 1526 (-2620 -853 1055.479980 ) (-2684 -853 1055.479980 ) (-2684 -853 471.480042 ) (-2620 -853 471.480042 ) 
4 1475 1528 (-2684 -853 1055.479980 ) (-2700 -853 1055.479980 ) (-2700 -853 471.480042 ) (-2684 -853 471.480042 ) 
4 1475 1522 (-2620 -853 543.479980 ) (-2620 -853 471.480042 ) (-2556 -853 471.480042 ) (-2556 -853 543.479980 ) 
4 1475 1519 (-2556 -853 1055.479980 ) (-2620 -853 1055.479980 ) (-2620 -853 543.479980 ) (-2556 -853 543.479980 ) 
4 1475 1488 (-2940 -853 471.480042 ) (-2940 -853 1055.479980 ) (-2940 -789 1055.479980 ) (-2940 -789 471.480042 ) 
4 1475 1477 (-2940 -853 471.480042 ) (-2940 -789 471.480042 ) (-2556 -789 471.480042 ) (-2556 -853 471.480042 ) 
4 1476 1497 (-2236 -853 431.480042 ) (-2236 -853 471.480042 ) (-2252 -853 471.480042 ) (-2252 -853 431.480042 ) 
4 1476 1477 (-2252 -853 431.480042 ) (-2252 -853 471.480042 ) (-2252 -789 471.480042 ) (-2252 -789 431.480042 ) 
4 1477 1529 (-2940 -853 471.480042 ) (-2940 -853 223.480011 ) (-2700 -853 223.480011 ) (-2700 -853 471.480042 ) 
4 1477 1526 (-2684 -853 223.480011 ) (-2620 -853 223.480011 ) (-2620 -853 471.480042 ) (-2684 -853 471.480042 ) 
4 1477 1528 (-2700 -853 223.480011 ) (-2684 -853 223.480011 ) (-2684 -853 471.480042 ) (-2700 -853 471.480042 ) 
4 1477 1524 (-2604 -853 223.480011 ) (-2508 -853 223.480011 ) (-2508 -853 439.480042 ) (-2604 -853 439.480042 ) 
4 1477 1523 (-2508 -853 223.480011 ) (-2492 -853 223.480011 ) (-2492 -853 439.480042 ) (-2508 -853 439.480042 ) 
4 1477 1525 (-2620 -853 223.480011 ) (-2604 -853 223.480011 ) (-2604 -853 439.480042 ) (-2620 -853 439.480042 ) 
4 1477 1520 (-2492 -853 439.480042 ) (-2492 -853 471.480042 ) (-2556 -853 471.480042 ) (-2556 -853 439.480042 ) 
4 1477 1522 (-2556 -853 471.480042 ) (-2620 -853 471.480042 ) (-2620 -853 439.480042 ) (-2556 -853 439.480042 ) 
4 1477 1517 (-2476 -853 223.480011 ) (-2252 -853 223.480011 ) (-2252 -853 471.480042 ) (-2476 -853 471.480042 ) 
4 1477 1518 (-2492 -853 223.480011 ) (-2476 -853 223.480011 ) (-2476 -853 471.480042 ) (-2492 -853 471.480042 ) 
4 1477 1488 (-2940 -853 223.480011 ) (-2940 -853 471.480042 ) (-2940 -789 471.480042 ) (-2940 -789 223.480011 ) 
4 1477 1478 (-2300 -789 223.480011 ) (-2252 -789 223.480011 ) (-2252 -853 223.480011 ) (-2300 -853 223.480011 ) 
4 1478 1517 (-2300 -853 215.480011 ) (-2252 -853 215.480011 ) (-2252 -853 223.480011 ) (-2300 -853 223.480011 ) 
4 1478 1479 (-2300 -789 215.480011 ) (-2252 -789 215.480011 ) (-2252 -853 215.480011 ) (-2300 -853 215.480011 ) 
4 1479 1529 (-2940 -853 215.480011 ) (-2940 -853 159.480011 ) (-2700 -853 159.480011 ) (-2700 -853 215.480011 ) 
4 1479 1527 (-2684 -853 159.480011 ) (-2620 -853 159.480011 ) (-2620 -853 215.480011 ) (-2684 -853 215.480011 ) 
4 1479 1528 (-2700 -853 159.480011 ) (-2684 -853 159.480011 ) (-2684 -853 215.480011 ) (-2700 -853 215.480011 ) 
4 1479 1524 (-2604 -853 159.480011 ) (-2508 -853 159.480011 ) (-2508 -853 215.480011 ) (-2604 -853 215.480011 ) 
4 1479 1523 (-2508 -853 159.480011 ) (-2492 -853 159.480011 ) (-2492 -853 215.480011 ) (-2508 -853 215.480011 ) 
4 1479 1525 (-2620 -853 159.480011 ) (-2604 -853 159.480011 ) (-2604 -853 215.480011 ) (-2620 -853 215.480011 ) 
4 1479 1517 (-2476 -853 159.480011 ) (-2252 -853 159.480011 ) (-2252 -853 215.480011 ) (-2476 -853 215.480011 ) 
4 1479 1518 (-2492 -853 159.480011 ) (-2476 -853 159.480011 ) (-2476 -853 215.480011 ) (-2492 -853 215.480011 ) 
4 1479 1491 (-2252 -853 159.480011 ) (-2940 -853 159.480011 ) (-2940 -789 159.480011 ) (-2252 -789 159.480011 ) 
4 1479 1489 (-2940 -789 159.480011 ) (-2940 -853 159.480011 ) (-2940 -853 215.480011 ) (-2940 -789 215.480011 ) 
4 1480 2041 (-3072 -501 1055.479980 ) (-3072 -469 1055.479980 ) (-3072 -469 871.479980 ) (-3072 -501 871.479980 ) 
4 1480 1482 (-2940 -501 871.479980 ) (-2940 -501 1055.479980 ) (-3072 -501 1055.479980 ) (-3072 -501 871.479980 ) 
4 1481 2045 (-3072 -469 863.479980 ) (-3072 -469 223.480011 ) (-3072 -501 223.480011 ) (-3072 -501 863.479980 ) 
4 1481 1482 (-3072 -501 223.480011 ) (-2940 -501 223.480011 ) (-2940 -501 863.479980 ) (-3072 -501 863.479980 ) 
4 1482 2045 (-3072 -501 863.479980 ) (-3072 -501 223.480011 ) (-3072 -533 223.480011 ) (-3072 -533 863.479980 ) 
4 1482 2042 (-3072 -533 1055.479980 ) (-3072 -501 1055.479980 ) (-3072 -501 863.479980 ) (-3072 -533 863.479980 ) 
4 1482 1487 (-3020 -533 1055.479980 ) (-3072 -533 1055.479980 ) (-3072 -533 223.480011 ) (-3020 -533 223.480011 ) 
4 1482 1484 (-2940 -533 223.480011 ) (-2940 -533 535.479980 ) (-3020 -533 535.479980 ) (-3020 -533 223.480011 ) 
4 1483 2046 (-3072 -469 215.480011 ) (-3072 -469 159.480011 ) (-3072 -533 159.480011 ) (-3072 -533 215.480011 ) 
4 1483 1491 (-3072 -533 159.480011 ) (-3072 -469 159.480011 ) (-2940 -469 159.480011 ) (-2940 -533 159.480011 ) 
4 1483 1487 (-3072 -533 159.480011 ) (-3020 -533 159.480011 ) (-3020 -533 215.480011 ) (-3072 -533 215.480011 ) 
4 1483 1485 (-3004 -533 159.480011 ) (-2940 -533 159.480011 ) (-2940 -533 215.480011 ) (-3004 -533 215.480011 ) 
4 1483 1486 (-3020 -533 159.480011 ) (-3004 -533 159.480011 ) (-3004 -533 215.480011 ) (-3020 -533 215.480011 ) 
4 1484 1488 (-2940 -789 223.480011 ) (-2940 -789 535.479980 ) (-3004 -789 535.479980 ) (-3004 -789 223.480011 ) 
4 1484 1490 (-3004 -789 535.479980 ) (-3020 -789 535.479980 ) (-3020 -789 223.480011 ) (-3004 -789 223.480011 ) 
4 1484 1487 (-3020 -533 535.479980 ) (-3020 -533 223.480011 ) (-3020 -549 223.480011 ) (-3020 -549 535.479980 ) 
4 1484 1486 (-3004 -789 223.480011 ) (-3020 -789 223.480011 ) (-3020 -533 223.480011 ) (-3004 -533 223.480011 ) 
4 1485 1491 (-3004 -533 159.480011 ) (-2940 -533 159.480011 ) (-2940 -789 159.480011 ) (-3004 -789 159.480011 ) 
4 1485 1489 (-3004 -789 159.480011 ) (-2940 -789 159.480011 ) (-2940 -789 215.480011 ) (-3004 -789 215.480011 ) 
4 1485 1486 (-3004 -789 159.480011 ) (-3004 -789 215.480011 ) (-3004 -533 215.480011 ) (-3004 -533 159.480011 ) 
4 1486 1491 (-3020 -533 159.480011 ) (-3004 -533 159.480011 ) (-3004 -789 159.480011 ) (-3020 -789 159.480011 ) 
4 1486 1490 (-3020 -789 159.480011 ) (-3004 -789 159.480011 ) (-3004 -789 223.480011 ) (-3020 -789 223.480011 ) 
4 1486 1487 (-3020 -533 223.480011 ) (-3020 -533 159.480011 ) (-3020 -549 159.480011 ) (-3020 -549 223.480011 ) 
4 1487 2047 (-3072 -533 863.479980 ) (-3072 -533 159.480011 ) (-3072 -549 159.480011 ) (-3072 -549 863.479980 ) 
4 1487 2042 (-3072 -549 1055.479980 ) (-3072 -533 1055.479980 ) (-3072 -533 863.479980 ) (-3072 -549 863.479980 ) 
4 1487 1491 (-3072 -549 159.480011 ) (-3072 -533 159.480011 ) (-3020 -533 159.480011 ) (-3020 -549 159.480011 ) 
4 1488 1529 (-2940 -853 1055.479980 ) (-3004 -853 1055.479980 ) (-3004 -853 223.480011 ) (-2940 -853 223.480011 ) 
4 1488 1490 (-3004 -789 1055.479980 ) (-3004 -789 223.480011 ) (-3004 -853 223.480011 ) (-3004 -853 1055.479980 ) 
4 1489 1529 (-3004 -853 215.480011 ) (-3004 -853 159.480011 ) (-2940 -853 159.480011 ) (-2940 -853 215.480011 ) 
4 1489 1491 (-2940 -853 159.480011 ) (-3004 -853 159.480011 ) (-3004 -789 159.480011 ) (-2940 -789 159.480011 ) 
4 1489 1490 (-3004 -789 215.480011 ) (-3004 -789 159.480011 ) (-3004 -853 159.480011 ) (-3004 -853 215.480011 ) 
4 1490 1529 (-3004 -853 1055.479980 ) (-3020 -853 1055.479980 ) (-3020 -853 159.480011 ) (-3004 -853 159.480011 ) 
4 1490 1491 (-3004 -853 159.480011 ) (-3020 -853 159.480011 ) (-3020 -789 159.480011 ) (-3004 -789 159.480011 ) 
4 1491 2049 (-3072 -853 -632 ) (-3072 -853 159.480011 ) (-3072 -469 159.480011 ) (-3072 -469 -632 ) 
4 1491 1531 (-2252 -853 159.480011 ) (-3072 -853 159.480011 ) (-3072 -853 -632 ) (-2252 -853 -632 ) 
4 1491 1498 (-2048 -853 -632 ) (-2048 -853 159.480011 ) (-2252 -853 159.480011 ) (-2252 -853 -632 ) 
4 1492 1516 (-2060 -965 159.480011 ) (-2048 -965 159.480011 ) (-2048 -965 215.480011 ) (-2060 -965 215.480011 ) 
4 1492 1514 (-2048 -965 215.480011 ) (-2048 -965 223.480011 ) (-2060 -965 223.480011 ) (-2060 -965 215.480011 ) 
4 1492 1512 (-2048 -965 223.480011 ) (-2048 -965 263.480042 ) (-2060 -965 263.480042 ) (-2060 -965 223.480011 ) 
4 1492 1499 (-2048 -965 263.480042 ) (-2048 -965 1055.479980 ) (-2060 -965 1055.479980 ) (-2060 -965 263.480042 ) 
4 1492 1498 (-2048 -965 159.480011 ) (-2060 -965 159.480011 ) (-2060 -853 159.480011 ) (-2048 -853 159.480011 ) 
4 1492 1493 (-2060 -853 1055.479980 ) (-2060 -853 688 ) (-2060 -965 688 ) (-2060 -965 1055.479980 ) 
4 1493 1500 (-2060 -965 688 ) (-2060 -965 1055.479980 ) (-2156 -965 1055.479980 ) (-2156 -965 688 ) 
4 1493 1494 (-2156 -853 1055.479980 ) (-2156 -853 688 ) (-2156 -965 688 ) (-2156 -965 1055.479980 ) 
4 1494 1502 (-2172 -965 471.480042 ) (-2156 -965 471.480042 ) (-2156 -965 1055.479980 ) (-2172 -965 1055.479980 ) 
4 1494 1497 (-2156 -853 471.480042 ) (-2156 -965 471.480042 ) (-2172 -965 471.480042 ) (-2172 -853 471.480042 ) 
4 1494 1495 (-2172 -853 1055.479980 ) (-2172 -853 479.480042 ) (-2172 -965 479.480042 ) (-2172 -965 1055.479980 ) 
4 1495 1503 (-2172 -965 479.480042 ) (-2172 -965 1055.479980 ) (-2236 -965 1055.479980 ) (-2236 -965 479.480042 ) 
4 1495 1496 (-2236 -853 1055.479980 ) (-2236 -853 479.480042 ) (-2236 -965 479.480042 ) (-2236 -965 1055.479980 ) 
4 1496 1517 (-2252 -853 1055.479980 ) (-2252 -853 471.480042 ) (-2252 -869 471.480042 ) (-2252 -869 1055.479980 ) 
4 1496 1510 (-2252 -965 1055.479980 ) (-2252 -965 471.480042 ) (-2236 -965 471.480042 ) (-2236 -965 1055.479980 ) 
4 1496 1497 (-2236 -965 471.480042 ) (-2252 -965 471.480042 ) (-2252 -853 471.480042 ) (-2236 -853 471.480042 ) 
4 1497 1517 (-2252 -853 471.480042 ) (-2252 -853 431.480042 ) (-2252 -869 431.480042 ) (-2252 -869 471.480042 ) 
4 1497 1510 (-2252 -965 471.480042 ) (-2252 -965 431.480042 ) (-2236 -965 431.480042 ) (-2236 -965 471.480042 ) 
4 1497 1505 (-2236 -965 431.480042 ) (-2172 -965 431.480042 ) (-2172 -965 471.480042 ) (-2236 -965 471.480042 ) 
4 1497 1502 (-2172 -965 431.480042 ) (-2156 -965 431.480042 ) (-2156 -965 471.480042 ) (-2172 -965 471.480042 ) 
4 1498 1531 (-2252 -853 159.480011 ) (-2252 -853 -632 ) (-2252 -965 -632 ) (-2252 -965 159.480011 ) 
4 1498 1516 (-2252 -965 159.480011 ) (-2252 -965 -632 ) (-2048 -965 -632 ) (-2048 -965 159.480011 ) 
4 1499 1769 (-2048 -1024 263.480042 ) (-2048 -1024 671.479980 ) (-2060 -1024 671.479980 ) (-2060 -1024 263.480042 ) 
4 1499 1768 (-2048 -1024 671.479980 ) (-2048 -1024 1055.479980 ) (-2060 -1024 1055.479980 ) (-2060 -1024 671.479980 ) 
4 1499 1512 (-2060 -965 263.480042 ) (-2048 -965 263.480042 ) (-2048 -1024 263.480042 ) (-2060 -1024 263.480042 ) 
4 1499 1500 (-2060 -965 1055.479980 ) (-2060 -965 671.479980 ) (-2060 -1024 671.479980 ) (-2060 -1024 1055.479980 ) 
4 1499 1501 (-2060 -965 305.765991 ) (-2060 -965 263.480042 ) (-2060 -1024 263.480042 ) (-2060 -1024 305.765991 ) 
4 1500 1768 (-2060 -1024 1055.479980 ) (-2156 -1024 1055.479980 ) (-2156 -1024 671.479980 ) (-2060 -1024 671.479980 ) 
4 1500 1502 (-2156 -965 1055.479980 ) (-2156 -965 671.479980 ) (-2156 -1024 671.479980 ) (-2156 -1024 1055.479980 ) 
4 1501 1771 (-2156 -1024 305.765991 ) (-2156 -1024 263.480042 ) (-2060 -1024 263.480042 ) (-2060 -1024 305.765991 ) 
4 1501 1512 (-2156 -965 263.480042 ) (-2060 -965 263.480042 ) (-2060 -1024 263.480042 ) (-2156 -1024 263.480042 ) 
4 1501 1502 (-2156 -965 305.765991 ) (-2156 -965 263.480042 ) (-2156 -1024 263.480042 ) (-2156 -1024 305.765991 ) 
4 1502 1772 (-2172 -1024 671.479980 ) (-2172 -1024 263.480042 ) (-2156 -1024 263.480042 ) (-2156 -1024 671.479980 ) 
4 1502 1768 (-2156 -1024 1055.479980 ) (-2172 -1024 1055.479980 ) (-2172 -1024 671.479980 ) (-2156 -1024 671.479980 ) 
4 1502 1512 (-2172 -965 263.480042 ) (-2156 -965 263.480042 ) (-2156 -1024 263.480042 ) (-2172 -1024 263.480042 ) 
4 1502 1509 (-2172 -965 295.480042 ) (-2172 -965 263.480042 ) (-2172 -1024 263.480042 ) (-2172 -1024 295.480042 ) 
4 1502 1506 (-2172 -965 391.480042 ) (-2172 -965 295.480042 ) (-2172 -1024 295.480042 ) (-2172 -1024 391.480042 ) 
3 1502 1504 (-2172 -1013 471.480042 ) (-2172 -1024 471.480042 ) (-2172 -1024 478.813354 ) 
4 1502 1505 (-2172 -965 471.480042 ) (-2172 -965 391.480042 ) (-2172 -1024 391.480042 ) (-2172 -1024 471.480042 ) 
5 1502 1503 (-2172 -965 1055.479980 ) (-2172 -965 479.480042 ) (-2172 -1013 479.480042 ) (-2172 -1024 486.813354 ) (-2172 -1024 1055.479980 ) 
4 1503 1774 (-2236 -1024 671.479980 ) (-2236 -1024 486.813354 ) (-2172 -1024 486.813354 ) (-2172 -1024 671.479980 ) 
4 1503 1768 (-2172 -1024 1055.479980 ) (-2236 -1024 1055.479980 ) (-2236 -1024 671.479980 ) (-2172 -1024 671.479980 ) 
5 1503 1510 (-2236 -965 1055.479980 ) (-2236 -965 479.480042 ) (-2236 -1013 479.480042 ) (-2236 -1024 486.813354 ) (-2236 -1024 1055.479980 ) 
4 1504 1773 (-2236 -1024 478.813354 ) (-2236 -1024 471.480042 ) (-2172 -1024 471.480042 ) (-2172 -1024 478.813354 ) 
3 1504 1510 (-2236 -1013 471.480042 ) (-2236 -1024 471.480042 ) (-2236 -1024 478.813354 ) 
4 1504 1505 (-2236 -1024 471.480042 ) (-2236 -1013 471.480042 ) (-2172 -1013 471.480042 ) (-2172 -1024 471.480042 ) 
4 1505 1773 (-2236 -1024 471.480042 ) (-2236 -1024 391.480042 ) (-2172 -1024 391.480042 ) (-2172 -1024 471.480042 ) 
4 1505 1510 (-2236 -965 471.480042 ) (-2236 -965 391.480042 ) (-2236 -1024 391.480042 ) (-2236 -1024 471.480042 ) 
4 1505 1508 (-2236 -1024 391.480042 ) (-2236 -981 391.480042 ) (-2188 -981 391.480042 ) (-2188 -1024 391.480042 ) 
4 1505 1506 (-2188 -965 391.480042 ) (-2172 -965 391.480042 ) (-2172 -1024 391.480042 ) (-2188 -1024 391.480042 ) 
4 1506 1777 (-2188 -1024 295.480042 ) (-2172 -1024 295.480042 ) (-2172 -1024 311.480042 ) (-2188 -1024 311.480042 ) 
4 1506 1776 (-2172 -1024 311.480042 ) (-2172 -1024 359.480042 ) (-2188 -1024 359.480042 ) (-2188 -1024 311.480042 ) 
4 1506 1773 (-2172 -1024 359.480042 ) (-2172 -1024 391.480042 ) (-2188 -1024 391.480042 ) (-2188 -1024 359.480042 ) 
4 1506 1509 (-2188 -965 295.480042 ) (-2172 -965 295.480042 ) (-2172 -1024 295.480042 ) (-2188 -1024 295.480042 ) 
4 1506 1507 (-2188 -965 295.480042 ) (-2188 -981 295.480042 ) (-2188 -981 311.480042 ) (-2188 -965 311.480042 ) 
4 1506 1508 (-2188 -981 295.480042 ) (-2188 -1024 295.480042 ) (-2188 -1024 391.480042 ) (-2188 -981 391.480042 ) 
4 1507 1511 (-2236 -965 311.480042 ) (-2236 -965 295.480042 ) (-2236 -981 295.480042 ) (-2236 -981 311.480042 ) 
4 1507 1509 (-2212 -965 295.480042 ) (-2188 -965 295.480042 ) (-2188 -981 295.480042 ) (-2212 -981 295.480042 ) 
4 1507 1508 (-2236 -981 295.480042 ) (-2188 -981 295.480042 ) (-2188 -981 311.480042 ) (-2236 -981 311.480042 ) 
4 1508 1778 (-2236 -1024 311.480042 ) (-2236 -1024 295.480042 ) (-2212 -1024 295.480042 ) (-2212 -1024 311.480042 ) 
4 1508 1777 (-2212 -1024 295.480042 ) (-2188 -1024 295.480042 ) (-2188 -1024 311.480042 ) (-2212 -1024 311.480042 ) 
4 1508 1776 (-2236 -1024 359.480042 ) (-2236 -1024 311.480042 ) (-2188 -1024 311.480042 ) (-2188 -1024 359.480042 ) 
4 1508 1773 (-2236 -1024 391.480042 ) (-2236 -1024 359.480042 ) (-2188 -1024 359.480042 ) (-2188 -1024 391.480042 ) 
4 1508 1510 (-2236 -1024 359.480042 ) (-2236 -1024 391.480042 ) (-2236 -981 391.480042 ) (-2236 -981 359.480042 ) 
4 1508 1511 (-2236 -981 295.480042 ) (-2236 -1024 295.480042 ) (-2236 -1024 311.480042 ) (-2236 -981 311.480042 ) 
4 1508 1509 (-2212 -981 295.480042 ) (-2188 -981 295.480042 ) (-2188 -1024 295.480042 ) (-2212 -1024 295.480042 ) 
4 1509 1777 (-2212 -1024 263.480042 ) (-2172 -1024 263.480042 ) (-2172 -1024 295.480042 ) (-2212 -1024 295.480042 ) 
4 1509 1512 (-2188 -965 263.480042 ) (-2172 -965 263.480042 ) (-2172 -1024 263.480042 ) (-2188 -1024 263.480042 ) 
4 1510 1775 (-2252 -1024 671.479980 ) (-2252 -1024 359.480042 ) (-2236 -1024 359.480042 ) (-2236 -1024 671.479980 ) 
4 1510 1768 (-2236 -1024 1055.479980 ) (-2252 -1024 1055.479980 ) (-2252 -1024 671.479980 ) (-2236 -1024 671.479980 ) 
4 1511 1778 (-2252 -1024 311.480042 ) (-2252 -1024 295.480042 ) (-2236 -1024 295.480042 ) (-2236 -1024 311.480042 ) 
4 1512 1793 (-2172 -1024 263.480042 ) (-2188 -1024 263.480042 ) (-2188 -1024 223.480011 ) (-2172 -1024 223.480011 ) 
4 1512 1791 (-2108 -1024 263.480042 ) (-2172 -1024 263.480042 ) (-2172 -1024 223.480011 ) (-2108 -1024 223.480011 ) 
4 1512 1786 (-2048 -1024 223.480011 ) (-2048 -1024 263.480042 ) (-2108 -1024 263.480042 ) (-2108 -1024 223.480011 ) 
4 1512 1515 (-2172 -1024 223.480011 ) (-2188 -1024 223.480011 ) (-2188 -981 223.480011 ) (-2172 -981 223.480011 ) 
4 1512 1514 (-2188 -965 223.480011 ) (-2048 -965 223.480011 ) (-2048 -981 223.480011 ) (-2188 -981 223.480011 ) 
4 1512 1513 (-2188 -965 223.480011 ) (-2188 -1024 223.480011 ) (-2188 -1024 231.480011 ) (-2188 -965 231.480011 ) 
4 1513 1794 (-2252 -1024 231.480011 ) (-2252 -1024 223.480011 ) (-2188 -1024 223.480011 ) (-2188 -1024 231.480011 ) 
4 1513 1515 (-2252 -1024 223.480011 ) (-2252 -981 223.480011 ) (-2188 -981 223.480011 ) (-2188 -1024 223.480011 ) 
4 1513 1514 (-2252 -981 223.480011 ) (-2252 -965 223.480011 ) (-2188 -965 223.480011 ) (-2188 -981 223.480011 ) 
4 1514 1516 (-2252 -981 215.480011 ) (-2252 -965 215.480011 ) (-2048 -965 215.480011 ) (-2048 -981 215.480011 ) 
4 1514 1515 (-2252 -981 215.480011 ) (-2172 -981 215.480011 ) (-2172 -981 223.480011 ) (-2252 -981 223.480011 ) 
4 1515 1794 (-2188 -1024 223.480011 ) (-2252 -1024 223.480011 ) (-2252 -1024 215.480011 ) (-2188 -1024 215.480011 ) 
4 1515 1793 (-2172 -1024 223.480011 ) (-2188 -1024 223.480011 ) (-2188 -1024 215.480011 ) (-2172 -1024 215.480011 ) 
4 1515 1516 (-2172 -1024 215.480011 ) (-2252 -1024 215.480011 ) (-2252 -981 215.480011 ) (-2172 -981 215.480011 ) 
4 1516 1828 (-2048 -1024 -632 ) (-2048 -1024 159.480011 ) (-2252 -1024 159.480011 ) (-2252 -1024 -632 ) 
4 1516 1794 (-2188 -1024 215.480011 ) (-2252 -1024 215.480011 ) (-2252 -1024 159.480011 ) (-2188 -1024 159.480011 ) 
4 1516 1793 (-2172 -1024 215.480011 ) (-2188 -1024 215.480011 ) (-2188 -1024 159.480011 ) (-2172 -1024 159.480011 ) 
4 1516 1792 (-2108 -1024 215.480011 ) (-2172 -1024 215.480011 ) (-2172 -1024 159.480011 ) (-2108 -1024 159.480011 ) 
4 1516 1787 (-2048 -1024 159.480011 ) (-2048 -1024 215.480011 ) (-2108 -1024 215.480011 ) (-2108 -1024 159.480011 ) 
4 1516 1531 (-2252 -1024 -632 ) (-2252 -1024 159.480011 ) (-2252 -965 159.480011 ) (-2252 -965 -632 ) 
4 1517 1531 (-2476 -853 159.480011 ) (-2252 -853 159.480011 ) (-2252 -869 159.480011 ) (-2476 -869 159.480011 ) 
4 1517 1518 (-2476 -853 1055.479980 ) (-2476 -853 159.480011 ) (-2476 -869 159.480011 ) (-2476 -869 1055.479980 ) 
4 1518 1797 (-2476 -1024 1055.479980 ) (-2492 -1024 1055.479980 ) (-2492 -1024 159.480011 ) (-2476 -1024 159.480011 ) 
4 1518 1531 (-2492 -853 159.480011 ) (-2476 -853 159.480011 ) (-2476 -1024 159.480011 ) (-2492 -1024 159.480011 ) 
4 1518 1523 (-2492 -853 439.480042 ) (-2492 -853 159.480011 ) (-2492 -1024 159.480011 ) (-2492 -1024 439.480042 ) 
3 1518 1521 (-2492 -853 543.479980 ) (-2492 -853 479.480042 ) (-2492 -949 543.479980 ) 
5 1518 1520 (-2492 -853 471.480042 ) (-2492 -853 439.480042 ) (-2492 -1024 439.480042 ) (-2492 -1024 535.479980 ) (-2492 -949 535.479980 ) 
4 1518 1519 (-2492 -853 1055.479980 ) (-2492 -853 543.479980 ) (-2492 -1024 543.479980 ) (-2492 -1024 1055.479980 ) 
4 1519 1806 (-2604 -1024 1055.479980 ) (-2620 -1024 1055.479980 ) (-2620 -1024 543.479980 ) (-2604 -1024 543.479980 ) 
4 1519 1801 (-2492 -1024 1055.479980 ) (-2556 -1024 1055.479980 ) (-2556 -1024 543.479980 ) (-2492 -1024 543.479980 ) 
4 1519 1802 (-2556 -1024 1055.479980 ) (-2604 -1024 1055.479980 ) (-2604 -1024 543.479980 ) (-2556 -1024 543.479980 ) 
4 1519 1526 (-2620 -853 1055.479980 ) (-2620 -853 543.479980 ) (-2620 -1024 543.479980 ) (-2620 -1024 1055.479980 ) 
4 1519 1521 (-2556 -853 543.479980 ) (-2492 -853 543.479980 ) (-2492 -949 543.479980 ) (-2556 -949 543.479980 ) 
4 1519 1522 (-2620 -1024 543.479980 ) (-2620 -853 543.479980 ) (-2556 -853 543.479980 ) (-2556 -1024 543.479980 ) 
4 1520 1804 (-2556 -1024 439.480042 ) (-2508 -1024 439.480042 ) (-2508 -1024 535.479980 ) (-2556 -1024 535.479980 ) 
4 1520 1803 (-2508 -1024 439.480042 ) (-2492 -1024 439.480042 ) (-2492 -1024 535.479980 ) (-2508 -1024 535.479980 ) 
4 1520 1524 (-2556 -853 439.480042 ) (-2508 -853 439.480042 ) (-2508 -869 439.480042 ) (-2556 -869 439.480042 ) 
4 1520 1523 (-2508 -853 439.480042 ) (-2492 -853 439.480042 ) (-2492 -1024 439.480042 ) (-2508 -1024 439.480042 ) 
5 1520 1522 (-2556 -853 439.480042 ) (-2556 -1024 439.480042 ) (-2556 -1024 535.479980 ) (-2556 -949 535.479980 ) (-2556 -853 471.480042 ) 
3 1521 1522 (-2556 -949 543.479980 ) (-2556 -853 543.479980 ) (-2556 -853 479.480042 ) 
4 1522 1806 (-2620 -1024 543.479980 ) (-2620 -1024 439.480042 ) (-2604 -1024 439.480042 ) (-2604 -1024 543.479980 ) 
4 1522 1804 (-2604 -1024 439.480042 ) (-2556 -1024 439.480042 ) (-2556 -1024 535.479980 ) (-2604 -1024 535.479980 ) 
4 1522 1802 (-2556 -1024 535.479980 ) (-2556 -1024 543.479980 ) (-2604 -1024 543.479980 ) (-2604 -1024 535.479980 ) 
4 1522 1526 (-2620 -853 543.479980 ) (-2620 -853 439.480042 ) (-2620 -1024 439.480042 ) (-2620 -1024 543.479980 ) 
4 1522 1524 (-2604 -853 439.480042 ) (-2556 -853 439.480042 ) (-2556 -869 439.480042 ) (-2604 -869 439.480042 ) 
4 1522 1525 (-2620 -1024 439.480042 ) (-2620 -853 439.480042 ) (-2604 -853 439.480042 ) (-2604 -1024 439.480042 ) 
4 1523 1803 (-2508 -1024 159.480011 ) (-2492 -1024 159.480011 ) (-2492 -1024 439.480042 ) (-2508 -1024 439.480042 ) 
4 1523 1531 (-2508 -853 159.480011 ) (-2492 -853 159.480011 ) (-2492 -1024 159.480011 ) (-2508 -1024 159.480011 ) 
4 1523 1524 (-2508 -853 159.480011 ) (-2508 -869 159.480011 ) (-2508 -869 439.480042 ) (-2508 -853 439.480042 ) 
4 1524 1531 (-2604 -853 159.480011 ) (-2508 -853 159.480011 ) (-2508 -869 159.480011 ) (-2604 -869 159.480011 ) 
4 1524 1525 (-2604 -853 159.480011 ) (-2604 -869 159.480011 ) (-2604 -869 439.480042 ) (-2604 -853 439.480042 ) 
4 1525 1806 (-2620 -1024 439.480042 ) (-2620 -1024 159.480011 ) (-2604 -1024 159.480011 ) (-2604 -1024 439.480042 ) 
4 1525 1531 (-2620 -853 159.480011 ) (-2604 -853 159.480011 ) (-2604 -1024 159.480011 ) (-2620 -1024 159.480011 ) 
4 1525 1526 (-2620 -853 439.480042 ) (-2620 -853 223.480011 ) (-2620 -1024 223.480011 ) (-2620 -1024 439.480042 ) 
4 1525 1527 (-2620 -853 215.480011 ) (-2620 -853 159.480011 ) (-2620 -1024 159.480011 ) (-2620 -1024 215.480011 ) 
4 1526 1807 (-2620 -1024 1055.479980 ) (-2684 -1024 1055.479980 ) (-2684 -1024 223.480011 ) (-2620 -1024 223.480011 ) 
4 1526 1528 (-2684 -853 1055.479980 ) (-2684 -853 223.480011 ) (-2684 -1024 223.480011 ) (-2684 -1024 1055.479980 ) 
4 1527 1808 (-2684 -1024 215.480011 ) (-2684 -1024 159.480011 ) (-2620 -1024 159.480011 ) (-2620 -1024 215.480011 ) 
4 1527 1531 (-2684 -853 159.480011 ) (-2620 -853 159.480011 ) (-2620 -1024 159.480011 ) (-2684 -1024 159.480011 ) 
4 1527 1528 (-2684 -853 215.480011 ) (-2684 -853 159.480011 ) (-2684 -1024 159.480011 ) (-2684 -1024 215.480011 ) 
4 1528 1809 (-2684 -1024 1055.479980 ) (-2700 -1024 1055.479980 ) (-2700 -1024 159.480011 ) (-2684 -1024 159.480011 ) 
4 1528 1531 (-2700 -853 159.480011 ) (-2684 -853 159.480011 ) (-2684 -1024 159.480011 ) (-2700 -1024 159.480011 ) 
4 1528 1530 (-2700 -1024 827.979980 ) (-2700 -1024 1055.479980 ) (-2700 -869 1055.479980 ) (-2700 -869 827.979980 ) 
4 1528 1529 (-2700 -853 1055.479980 ) (-2700 -853 159.480011 ) (-2700 -869 159.480011 ) (-2700 -869 1055.479980 ) 
4 1529 1531 (-3020 -853 159.480011 ) (-2700 -853 159.480011 ) (-2700 -869 159.480011 ) (-3020 -869 159.480011 ) 
4 1529 1530 (-3020 -869 1055.479980 ) (-3020 -869 827.979980 ) (-2700 -869 827.979980 ) (-2700 -869 1055.479980 ) 
4 1530 1810 (-2700 -1024 1055.479980 ) (-3020 -1024 1055.479980 ) (-3020 -1024 827.979980 ) (-2700 -1024 827.979980 ) 
4 1531 2049 (-3072 -1024 -632 ) (-3072 -1024 159.480011 ) (-3072 -853 159.480011 ) (-3072 -853 -632 ) 
4 1531 1828 (-2252 -1024 -632 ) (-2252 -1024 159.480011 ) (-3072 -1024 159.480011 ) (-3072 -1024 -632 ) 
4 1532 1550 (-1272 -1056 1160 ) (-1272 -1056 1608 ) (-1504 -1056 1608 ) (-1504 -1056 1160 ) 
4 1532 1551 (-1504 -1056 904 ) (-1272 -1056 904 ) (-1272 -1056 1144 ) (-1504 -1056 1144 ) 
4 1532 1544 (-1024 -1056 1160 ) (-1024 -1056 1608 ) (-1256 -1056 1608 ) (-1256 -1056 1160 ) 
4 1532 1545 (-1256 -1056 904 ) (-1024 -1056 904 ) (-1024 -1056 1144 ) (-1256 -1056 1144 ) 
4 1532 1536 (-1024 -1056 904 ) (-1504 -1056 904 ) (-1504 -1024 904 ) (-1024 -1024 904 ) 
4 1532 1533 (-1504 -1056 1160 ) (-1504 -1056 1608 ) (-1504 -1024 1608 ) (-1504 -1024 1160 ) 
4 1532 1534 (-1504 -1024 904 ) (-1504 -1056 904 ) (-1504 -1056 1144 ) (-1504 -1024 1144 ) 
4 1533 1552 (-1504 -1056 1160 ) (-1504 -1056 1608 ) (-1512 -1056 1608 ) (-1512 -1056 1160 ) 
4 1533 1535 (-1520 -1056 1160 ) (-1520 -1056 1608 ) (-1520 -1024 1608 ) (-1520 -1024 1160 ) 
4 1534 1552 (-1512 -1056 904 ) (-1504 -1056 904 ) (-1504 -1056 1144 ) (-1512 -1056 1144 ) 
4 1534 1535 (-1520 -1024 904 ) (-1520 -1056 904 ) (-1520 -1056 1144 ) (-1520 -1024 1144 ) 
4 1535 1579 (-1528 -1024 1144 ) (-1528 -1024 904 ) (-1528 -1056 904 ) (-1528 -1056 1144 ) 
4 1535 1575 (-1528 -1024 1160 ) (-1528 -1024 1144 ) (-1528 -1056 1144 ) (-1528 -1056 1160 ) 
4 1535 1574 (-1528 -1024 1608 ) (-1528 -1024 1160 ) (-1528 -1056 1160 ) (-1528 -1056 1608 ) 
4 1535 1537 (-1520 -1056 904 ) (-1528 -1056 904 ) (-1528 -1024 904 ) (-1520 -1024 904 ) 
4 1536 1538 (-1024 -1056 888 ) (-1504 -1056 888 ) (-1504 -1024 888 ) (-1024 -1024 888 ) 
4 1537 1579 (-1528 -1024 904 ) (-1528 -1024 888 ) (-1528 -1056 888 ) (-1528 -1056 904 ) 
4 1537 1540 (-1520 -1056 888 ) (-1528 -1056 888 ) (-1528 -1024 888 ) (-1520 -1024 888 ) 
4 1538 1553 (-1272 -1056 656 ) (-1272 -1056 888 ) (-1504 -1056 888 ) (-1504 -1056 656 ) 
4 1538 1546 (-1024 -1056 656 ) (-1024 -1056 888 ) (-1256 -1056 888 ) (-1256 -1056 656 ) 
4 1538 1541 (-1024 -1056 640 ) (-1504 -1056 640 ) (-1504 -1024 640 ) (-1024 -1024 640 ) 
4 1538 1539 (-1504 -1056 656 ) (-1504 -1056 888 ) (-1504 -1024 888 ) (-1504 -1024 656 ) 
4 1539 1554 (-1504 -1056 656 ) (-1504 -1056 888 ) (-1512 -1056 888 ) (-1512 -1056 656 ) 
4 1539 1540 (-1520 -1056 656 ) (-1520 -1056 888 ) (-1520 -1024 888 ) (-1520 -1024 656 ) 
4 1540 1588 (-1528 -1024 783.479980 ) (-1528 -1024 640 ) (-1528 -1056 640 ) (-1528 -1056 783.479980 ) 
4 1540 1579 (-1528 -1024 888 ) (-1528 -1024 783.479980 ) (-1528 -1056 783.479980 ) (-1528 -1056 888 ) 
4 1540 1542 (-1520 -1056 640 ) (-1528 -1056 640 ) (-1528 -1024 640 ) (-1520 -1024 640 ) 
4 1541 1557 (-1512 -1056 -632 ) (-1272 -1056 -632 ) (-1272 -1056 128 ) (-1512 -1056 128 ) 
4 1541 1555 (-1272 -1056 400 ) (-1272 -1056 640 ) (-1512 -1056 640 ) (-1512 -1056 400 ) 
4 1541 1556 (-1272 -1056 144 ) (-1272 -1056 384 ) (-1512 -1056 384 ) (-1512 -1056 144 ) 
4 1541 1548 (-1024 -1056 144 ) (-1024 -1056 384 ) (-1256 -1056 384 ) (-1256 -1056 144 ) 
4 1541 1549 (-1256 -1056 -632 ) (-1024 -1056 -632 ) (-1024 -1056 128 ) (-1256 -1056 128 ) 
4 1541 1547 (-1024 -1056 400 ) (-1024 -1056 640 ) (-1256 -1056 640 ) (-1256 -1056 400 ) 
4 1541 1542 (-1512 -1056 400 ) (-1512 -1056 640 ) (-1512 -1024 640 ) (-1512 -1024 400 ) 
4 1541 1543 (-1512 -1024 -632 ) (-1512 -1056 -632 ) (-1512 -1056 384 ) (-1512 -1024 384 ) 
4 1542 1592 (-1528 -1024 535.479980 ) (-1528 -1024 400 ) (-1528 -1056 400 ) (-1528 -1056 535.479980 ) 
4 1542 1588 (-1528 -1024 640 ) (-1528 -1024 535.479980 ) (-1528 -1056 535.479980 ) (-1528 -1056 640 ) 
4 1543 1595 (-1528 -1024 384 ) (-1528 -1024 -632 ) (-1528 -1056 -632 ) (-1528 -1056 384 ) 
4 1544 1558 (-1024 -1072 1160 ) (-1024 -1072 1608 ) (-1256 -1072 1608 ) (-1256 -1072 1160 ) 
4 1545 1562 (-1024 -1072 904 ) (-1024 -1072 1144 ) (-1256 -1072 1144 ) (-1256 -1072 904 ) 
4 1546 1566 (-1024 -1072 656 ) (-1024 -1072 888 ) (-1256 -1072 888 ) (-1256 -1072 656 ) 
4 1547 1570 (-1024 -1072 400 ) (-1024 -1072 640 ) (-1256 -1072 640 ) (-1256 -1072 400 ) 
4 1548 1573 (-1024 -1072 144 ) (-1024 -1072 384 ) (-1256 -1072 384 ) (-1256 -1072 144 ) 
4 1549 1573 (-1024 -1072 -632 ) (-1024 -1072 128 ) (-1256 -1072 128 ) (-1256 -1072 -632 ) 
4 1550 1558 (-1272 -1072 1160 ) (-1272 -1072 1608 ) (-1504 -1072 1608 ) (-1504 -1072 1160 ) 
4 1550 1552 (-1504 -1072 1160 ) (-1504 -1072 1608 ) (-1504 -1056 1608 ) (-1504 -1056 1160 ) 
4 1551 1562 (-1272 -1072 904 ) (-1272 -1072 1144 ) (-1504 -1072 1144 ) (-1504 -1072 904 ) 
4 1551 1552 (-1504 -1072 904 ) (-1504 -1072 1144 ) (-1504 -1056 1144 ) (-1504 -1056 904 ) 
4 1552 1562 (-1512 -1072 1144 ) (-1512 -1072 904 ) (-1504 -1072 904 ) (-1504 -1072 1144 ) 
4 1552 1558 (-1504 -1072 1608 ) (-1512 -1072 1608 ) (-1512 -1072 1160 ) (-1504 -1072 1160 ) 
4 1552 1554 (-1512 -1072 888 ) (-1512 -1056 888 ) (-1504 -1056 888 ) (-1504 -1072 888 ) 
4 1553 1566 (-1272 -1072 656 ) (-1272 -1072 888 ) (-1504 -1072 888 ) (-1504 -1072 656 ) 
4 1553 1554 (-1504 -1072 656 ) (-1504 -1072 888 ) (-1504 -1056 888 ) (-1504 -1056 656 ) 
4 1554 1566 (-1504 -1072 888 ) (-1512 -1072 888 ) (-1512 -1072 656 ) (-1504 -1072 656 ) 
4 1554 1555 (-1512 -1072 640 ) (-1512 -1056 640 ) (-1504 -1056 640 ) (-1504 -1072 640 ) 
4 1555 1570 (-1272 -1072 400 ) (-1272 -1072 640 ) (-1512 -1072 640 ) (-1512 -1072 400 ) 
4 1556 1573 (-1272 -1072 144 ) (-1272 -1072 384 ) (-1512 -1072 384 ) (-1512 -1072 144 ) 
4 1557 1573 (-1512 -1072 -632 ) (-1272 -1072 -632 ) (-1272 -1072 128 ) (-1512 -1072 128 ) 
4 1558 1627 (-1272 -1312 1608 ) (-1504 -1312 1608 ) (-1504 -1312 1160 ) (-1272 -1312 1160 ) 
4 1558 1630 (-1504 -1312 1608 ) (-1512 -1312 1608 ) (-1512 -1312 1160 ) (-1504 -1312 1160 ) 
4 1558 1621 (-1024 -1312 1160 ) (-1024 -1312 1608 ) (-1256 -1312 1608 ) (-1256 -1312 1160 ) 
4 1558 1574 (-1528 -1312 1160 ) (-1528 -1312 1608 ) (-1528 -1072 1608 ) (-1528 -1072 1160 ) 
4 1558 1560 (-1272 -1312 1160 ) (-1504 -1312 1160 ) (-1504 -1072 1160 ) (-1272 -1072 1160 ) 
4 1558 1561 (-1520 -1312 1160 ) (-1528 -1312 1160 ) (-1528 -1072 1160 ) (-1520 -1072 1160 ) 
4 1558 1559 (-1024 -1312 1160 ) (-1256 -1312 1160 ) (-1256 -1072 1160 ) (-1024 -1072 1160 ) 
4 1559 1562 (-1024 -1312 1144 ) (-1256 -1312 1144 ) (-1256 -1072 1144 ) (-1024 -1072 1144 ) 
4 1560 1562 (-1272 -1312 1144 ) (-1504 -1312 1144 ) (-1504 -1072 1144 ) (-1272 -1072 1144 ) 
4 1561 1576 (-1528 -1312 1144 ) (-1528 -1312 1160 ) (-1528 -1072 1160 ) (-1528 -1072 1144 ) 
4 1561 1562 (-1520 -1312 1144 ) (-1528 -1312 1144 ) (-1528 -1072 1144 ) (-1520 -1072 1144 ) 
4 1562 1628 (-1272 -1312 1144 ) (-1504 -1312 1144 ) (-1504 -1312 904 ) (-1272 -1312 904 ) 
4 1562 1630 (-1504 -1312 1144 ) (-1512 -1312 1144 ) (-1512 -1312 904 ) (-1504 -1312 904 ) 
4 1562 1622 (-1024 -1312 904 ) (-1024 -1312 1144 ) (-1256 -1312 1144 ) (-1256 -1312 904 ) 
4 1562 1582 (-1528 -1312 904 ) (-1528 -1312 1144 ) (-1528 -1072 1144 ) (-1528 -1072 904 ) 
4 1562 1565 (-1520 -1312 904 ) (-1528 -1312 904 ) (-1528 -1072 904 ) (-1520 -1072 904 ) 
4 1562 1563 (-1024 -1312 904 ) (-1256 -1312 904 ) (-1256 -1072 904 ) (-1024 -1072 904 ) 
4 1562 1564 (-1272 -1312 904 ) (-1504 -1312 904 ) (-1504 -1072 904 ) (-1272 -1072 904 ) 
4 1563 1566 (-1024 -1312 888 ) (-1256 -1312 888 ) (-1256 -1072 888 ) (-1024 -1072 888 ) 
4 1564 1566 (-1272 -1312 888 ) (-1504 -1312 888 ) (-1504 -1072 888 ) (-1272 -1072 888 ) 
4 1565 1582 (-1528 -1312 888 ) (-1528 -1312 904 ) (-1528 -1072 904 ) (-1528 -1072 888 ) 
4 1565 1566 (-1520 -1312 888 ) (-1528 -1312 888 ) (-1528 -1072 888 ) (-1520 -1072 888 ) 
4 1566 1629 (-1272 -1312 888 ) (-1504 -1312 888 ) (-1504 -1312 656 ) (-1272 -1312 656 ) 
4 1566 1630 (-1504 -1312 888 ) (-1512 -1312 888 ) (-1512 -1312 656 ) (-1504 -1312 656 ) 
4 1566 1623 (-1024 -1312 656 ) (-1024 -1312 888 ) (-1256 -1312 888 ) (-1256 -1312 656 ) 
4 1566 1588 (-1528 -1312 656 ) (-1528 -1312 783.479980 ) (-1528 -1072 783.479980 ) (-1528 -1072 656 ) 
4 1566 1582 (-1528 -1312 783.479980 ) (-1528 -1312 888 ) (-1528 -1072 888 ) (-1528 -1072 783.479980 ) 
4 1566 1568 (-1272 -1312 656 ) (-1504 -1312 656 ) (-1504 -1072 656 ) (-1272 -1072 656 ) 
4 1566 1569 (-1520 -1312 656 ) (-1528 -1312 656 ) (-1528 -1072 656 ) (-1520 -1072 656 ) 
4 1566 1567 (-1024 -1312 656 ) (-1256 -1312 656 ) (-1256 -1072 656 ) (-1024 -1072 656 ) 
4 1567 1570 (-1024 -1312 640 ) (-1256 -1312 640 ) (-1256 -1072 640 ) (-1024 -1072 640 ) 
4 1568 1570 (-1272 -1312 640 ) (-1504 -1312 640 ) (-1504 -1072 640 ) (-1272 -1072 640 ) 
4 1569 1588 (-1528 -1312 640 ) (-1528 -1312 656 ) (-1528 -1072 656 ) (-1528 -1072 640 ) 
4 1569 1570 (-1520 -1312 640 ) (-1528 -1312 640 ) (-1528 -1072 640 ) (-1520 -1072 640 ) 
4 1570 1631 (-1272 -1312 640 ) (-1512 -1312 640 ) (-1512 -1312 400 ) (-1272 -1312 400 ) 
4 1570 1624 (-1024 -1312 400 ) (-1024 -1312 640 ) (-1256 -1312 640 ) (-1256 -1312 400 ) 
4 1570 1592 (-1528 -1312 400 ) (-1528 -1312 535.479980 ) (-1528 -1072 535.479980 ) (-1528 -1072 400 ) 
4 1570 1588 (-1528 -1312 535.479980 ) (-1528 -1312 640 ) (-1528 -1072 640 ) (-1528 -1072 535.479980 ) 
4 1570 1572 (-1272 -1312 400 ) (-1512 -1312 400 ) (-1512 -1072 400 ) (-1272 -1072 400 ) 
4 1570 1571 (-1024 -1312 400 ) (-1256 -1312 400 ) (-1256 -1072 400 ) (-1024 -1072 400 ) 
4 1571 1573 (-1024 -1312 384 ) (-1256 -1312 384 ) (-1256 -1072 384 ) (-1024 -1072 384 ) 
4 1572 1573 (-1272 -1312 384 ) (-1512 -1312 384 ) (-1512 -1072 384 ) (-1272 -1072 384 ) 
4 1573 1633 (-1512 -1312 128 ) (-1512 -1312 -632 ) (-1272 -1312 -632 ) (-1272 -1312 128 ) 
4 1573 1632 (-1272 -1312 384 ) (-1512 -1312 384 ) (-1512 -1312 144 ) (-1272 -1312 144 ) 
4 1573 1625 (-1024 -1312 144 ) (-1024 -1312 384 ) (-1256 -1312 384 ) (-1256 -1312 144 ) 
4 1573 1626 (-1024 -1312 -632 ) (-1024 -1312 128 ) (-1256 -1312 128 ) (-1256 -1312 -632 ) 
4 1573 1595 (-1528 -1312 -632 ) (-1528 -1312 384 ) (-1528 -1072 384 ) (-1528 -1072 -632 ) 
4 1574 1641 (-1784 -1312 1608 ) (-1948 -1312 1608 ) (-1948 -1312 1160 ) (-1784 -1312 1160 ) 
4 1574 1634 (-1528 -1312 1160 ) (-1528 -1312 1608 ) (-1760 -1312 1608 ) (-1760 -1312 1160 ) 
4 1574 1637 (-1760 -1312 1608 ) (-1768 -1312 1608 ) (-1768 -1312 1160 ) (-1760 -1312 1160 ) 
4 1574 1618 (-1948 -1301 1608 ) (-1948 -1189 1608 ) (-1948 -1189 1160 ) (-1948 -1301 1160 ) 
4 1574 1619 (-1948 -1312 1160 ) (-1948 -1312 1608 ) (-1948 -1301 1608 ) (-1948 -1301 1160 ) 
4 1574 1613 (-1948 -1189 1608 ) (-1948 -1173 1608 ) (-1948 -1173 1160 ) (-1948 -1189 1160 ) 
4 1574 1610 (-1948 -1173 1608 ) (-1948 -1109 1608 ) (-1948 -1109 1160 ) (-1948 -1173 1160 ) 
4 1574 1600 (-1948 -1109 1608 ) (-1948 -1024 1608 ) (-1948 -1024 1160 ) (-1948 -1109 1160 ) 
4 1574 1577 (-1760 -1056 1160 ) (-1760 -1072 1160 ) (-1776 -1072 1160 ) (-1776 -1056 1160 ) 
4 1574 1578 (-1948 -1312 1160 ) (-1948 -1024 1160 ) (-1776 -1024 1160 ) (-1776 -1312 1160 ) 
4 1574 1575 (-1760 -1024 1160 ) (-1528 -1024 1160 ) (-1528 -1056 1160 ) (-1760 -1056 1160 ) 
4 1574 1576 (-1528 -1072 1160 ) (-1528 -1312 1160 ) (-1760 -1312 1160 ) (-1760 -1072 1160 ) 
4 1575 1583 (-1760 -1024 1144 ) (-1724 -1024 1144 ) (-1724 -1056 1144 ) (-1760 -1056 1144 ) 
4 1575 1579 (-1724 -1024 1144 ) (-1528 -1024 1144 ) (-1528 -1056 1144 ) (-1724 -1056 1144 ) 
4 1576 1584 (-1724 -1312 1144 ) (-1760 -1312 1144 ) (-1760 -1213 1144 ) (-1724 -1213 1144 ) 
4 1576 1583 (-1760 -1213 1144 ) (-1760 -1072 1144 ) (-1724 -1072 1144 ) (-1724 -1213 1144 ) 
4 1576 1582 (-1528 -1072 1144 ) (-1528 -1312 1144 ) (-1724 -1312 1144 ) (-1724 -1072 1144 ) 
4 1577 1583 (-1760 -1056 1144 ) (-1760 -1072 1144 ) (-1776 -1072 1144 ) (-1776 -1056 1144 ) 
4 1577 1578 (-1776 -1056 1144 ) (-1776 -1072 1144 ) (-1776 -1072 1160 ) (-1776 -1056 1160 ) 
4 1578 1641 (-1784 -1312 1160 ) (-1948 -1312 1160 ) (-1948 -1312 1144 ) (-1784 -1312 1144 ) 
4 1578 1618 (-1948 -1301 1160 ) (-1948 -1189 1160 ) (-1948 -1189 1144 ) (-1948 -1301 1144 ) 
4 1578 1619 (-1948 -1312 1144 ) (-1948 -1312 1160 ) (-1948 -1301 1160 ) (-1948 -1301 1144 ) 
4 1578 1613 (-1948 -1189 1160 ) (-1948 -1173 1160 ) (-1948 -1173 1144 ) (-1948 -1189 1144 ) 
4 1578 1610 (-1948 -1173 1160 ) (-1948 -1109 1160 ) (-1948 -1109 1144 ) (-1948 -1173 1144 ) 
4 1578 1600 (-1948 -1109 1160 ) (-1948 -1024 1160 ) (-1948 -1024 1144 ) (-1948 -1109 1144 ) 
4 1578 1587 (-1948 -1312 1144 ) (-1948 -1213 1144 ) (-1776 -1213 1144 ) (-1776 -1312 1144 ) 
4 1578 1583 (-1948 -1213 1144 ) (-1948 -1024 1144 ) (-1776 -1024 1144 ) (-1776 -1213 1144 ) 
4 1579 1588 (-1708 -1024 783.479980 ) (-1528 -1024 783.479980 ) (-1528 -1056 783.479980 ) (-1708 -1056 783.479980 ) 
4 1579 1583 (-1724 -1056 1054.959961 ) (-1724 -1056 1144 ) (-1724 -1024 1144 ) (-1724 -1024 1054.959961 ) 
4 1579 1580 (-1724 -1056 1144 ) (-1724 -1056 904 ) (-1528 -1056 904 ) (-1528 -1056 1144 ) 
4 1579 1581 (-1724 -1056 888 ) (-1724 -1056 783.479980 ) (-1528 -1056 783.479980 ) (-1528 -1056 888 ) 
4 1580 1583 (-1724 -1072 1054.959961 ) (-1724 -1072 1144 ) (-1724 -1056 1144 ) (-1724 -1056 1054.959961 ) 
4 1580 1582 (-1724 -1072 1144 ) (-1724 -1072 904 ) (-1528 -1072 904 ) (-1528 -1072 1144 ) 
4 1581 1588 (-1528 -1056 783.479980 ) (-1528 -1072 783.479980 ) (-1708 -1072 783.479980 ) (-1708 -1056 783.479980 ) 
4 1581 1582 (-1724 -1072 888 ) (-1724 -1072 783.479980 ) (-1528 -1072 783.479980 ) (-1528 -1072 888 ) 
4 1582 1636 (-1528 -1312 783.479980 ) (-1528 -1312 888 ) (-1724 -1312 888 ) (-1724 -1312 783.479980 ) 
4 1582 1635 (-1528 -1312 904 ) (-1528 -1312 1144 ) (-1724 -1312 1144 ) (-1724 -1312 904 ) 
4 1582 1589 (-1708 -1312 783.479980 ) (-1724 -1312 783.479980 ) (-1724 -1213 783.479980 ) (-1708 -1213 783.479980 ) 
4 1582 1588 (-1528 -1072 783.479980 ) (-1528 -1312 783.479980 ) (-1708 -1312 783.479980 ) (-1708 -1072 783.479980 ) 
4 1582 1584 (-1724 -1213 783.479980 ) (-1724 -1312 783.479980 ) (-1724 -1312 1144 ) (-1724 -1213 1144 ) 
4 1582 1583 (-1724 -1213 1054.959961 ) (-1724 -1213 1144 ) (-1724 -1072 1144 ) (-1724 -1072 1054.959961 ) 
4 1583 1618 (-1948 -1213 1144 ) (-1948 -1189 1144 ) (-1948 -1189 1055.479980 ) (-1948 -1213 1055.479980 ) 
4 1583 1613 (-1948 -1189 1144 ) (-1948 -1173 1144 ) (-1948 -1173 1054.959961 ) (-1948 -1189 1054.959961 ) 
4 1583 1610 (-1948 -1173 1144 ) (-1948 -1109 1144 ) (-1948 -1109 1054.959961 ) (-1948 -1173 1054.959961 ) 
4 1583 1600 (-1948 -1109 1144 ) (-1948 -1024 1144 ) (-1948 -1024 1054.959961 ) (-1948 -1109 1054.959961 ) 
4 1583 1585 (-1760 -1213 1144 ) (-1776 -1213 1144 ) (-1776 -1213 1054.959961 ) (-1760 -1213 1054.959961 ) 
4 1583 1584 (-1724 -1213 1054.959961 ) (-1724 -1213 1144 ) (-1760 -1213 1144 ) (-1760 -1213 1054.959961 ) 
4 1583 1587 (-1776 -1213 1144 ) (-1948 -1213 1144 ) (-1948 -1213 1054.959961 ) (-1776 -1213 1054.959961 ) 
4 1584 1636 (-1760 -1312 888 ) (-1760 -1312 783.479980 ) (-1724 -1312 783.479980 ) (-1724 -1312 888 ) 
4 1584 1635 (-1724 -1312 1144 ) (-1760 -1312 1144 ) (-1760 -1312 904 ) (-1724 -1312 904 ) 
4 1584 1591 (-1724 -1229 783.479980 ) (-1724 -1312 783.479980 ) (-1760 -1312 783.479980 ) (-1760 -1229 783.479980 ) 
4 1584 1585 (-1760 -1213 1144 ) (-1760 -1213 904 ) (-1760 -1312 904 ) (-1760 -1312 1144 ) 
4 1584 1586 (-1760 -1213 888 ) (-1760 -1213 783.479980 ) (-1760 -1312 783.479980 ) (-1760 -1312 888 ) 
4 1585 1637 (-1760 -1312 1144 ) (-1768 -1312 1144 ) (-1768 -1312 904 ) (-1760 -1312 904 ) 
4 1585 1587 (-1776 -1213 1144 ) (-1776 -1213 904 ) (-1776 -1312 904 ) (-1776 -1312 1144 ) 
4 1586 1637 (-1768 -1312 783.479980 ) (-1760 -1312 783.479980 ) (-1760 -1312 888 ) (-1768 -1312 888 ) 
4 1586 1591 (-1760 -1229 783.479980 ) (-1760 -1312 783.479980 ) (-1776 -1312 783.479980 ) (-1776 -1229 783.479980 ) 
4 1586 1587 (-1776 -1213 888 ) (-1776 -1213 783.479980 ) (-1776 -1312 783.479980 ) (-1776 -1312 888 ) 
4 1587 1641 (-1784 -1312 1144 ) (-1948 -1312 1144 ) (-1948 -1312 783.479980 ) (-1784 -1312 783.479980 ) 
4 1587 1618 (-1948 -1301 1144 ) (-1948 -1213 1144 ) (-1948 -1213 1055.479980 ) (-1948 -1301 1055.479980 ) 
4 1587 1619 (-1948 -1312 783.479980 ) (-1948 -1312 1144 ) (-1948 -1301 1144 ) (-1948 -1301 783.479980 ) 
4 1587 1591 (-1948 -1312 783.479980 ) (-1948 -1229 783.479980 ) (-1776 -1229 783.479980 ) (-1776 -1312 783.479980 ) 
4 1588 1638 (-1528 -1312 535.479980 ) (-1528 -1312 640 ) (-1708 -1312 640 ) (-1708 -1312 535.479980 ) 
4 1588 1636 (-1528 -1312 656 ) (-1528 -1312 783.479980 ) (-1708 -1312 783.479980 ) (-1708 -1312 656 ) 
4 1588 1592 (-1708 -1024 535.479980 ) (-1528 -1024 535.479980 ) (-1528 -1312 535.479980 ) (-1708 -1312 535.479980 ) 
4 1588 1589 (-1708 -1213 535.479980 ) (-1708 -1312 535.479980 ) (-1708 -1312 783.479980 ) (-1708 -1213 783.479980 ) 
4 1589 1638 (-1724 -1312 640 ) (-1724 -1312 535.479980 ) (-1708 -1312 535.479980 ) (-1708 -1312 640 ) 
4 1589 1636 (-1708 -1312 783.479980 ) (-1724 -1312 783.479980 ) (-1724 -1312 656 ) (-1708 -1312 656 ) 
4 1589 1592 (-1708 -1213 535.479980 ) (-1708 -1312 535.479980 ) (-1724 -1312 535.479980 ) (-1724 -1213 535.479980 ) 
4 1589 1591 (-1724 -1229 535.479980 ) (-1724 -1312 535.479980 ) (-1724 -1312 783.479980 ) (-1724 -1229 783.479980 ) 
4 1590 1612 (-1948 -1109 671.479980 ) (-1948 -1109 543.479980 ) (-1948 -1173 543.479980 ) (-1948 -1173 671.479980 ) 
4 1590 1601 (-1948 -1024 671.479980 ) (-1948 -1024 567.479980 ) (-1948 -1077 567.479980 ) (-1948 -1077 671.479980 ) 
4 1591 1641 (-1784 -1312 783.479980 ) (-1948 -1312 783.479980 ) (-1948 -1312 535.479980 ) (-1784 -1312 535.479980 ) 
4 1591 1638 (-1768 -1312 640 ) (-1768 -1312 535.479980 ) (-1724 -1312 535.479980 ) (-1724 -1312 640 ) 
4 1591 1636 (-1724 -1312 783.479980 ) (-1760 -1312 783.479980 ) (-1760 -1312 656 ) (-1724 -1312 656 ) 
4 1591 1637 (-1760 -1312 783.479980 ) (-1768 -1312 783.479980 ) (-1768 -1312 640 ) (-1760 -1312 640 ) 
4 1591 1619 (-1948 -1312 535.479980 ) (-1948 -1312 783.479980 ) (-1948 -1301 783.479980 ) (-1948 -1301 535.479980 ) 
4 1591 1598 (-1948 -1312 535.479980 ) (-1948 -1229 535.479980 ) (-1863 -1229 535.479980 ) (-1863 -1312 535.479980 ) 
4 1591 1596 (-1863 -1229 535.479980 ) (-1784 -1229 535.479980 ) (-1784 -1312 535.479980 ) (-1863 -1312 535.479980 ) 
4 1591 1592 (-1784 -1229 535.479980 ) (-1724 -1229 535.479980 ) (-1724 -1312 535.479980 ) (-1784 -1312 535.479980 ) 
4 1592 1638 (-1528 -1312 400 ) (-1528 -1312 535.479980 ) (-1768 -1312 535.479980 ) (-1768 -1312 400 ) 
4 1592 1596 (-1784 -1312 400 ) (-1784 -1312 535.479980 ) (-1784 -1024 535.479980 ) (-1784 -1024 400 ) 
4 1592 1594 (-1768 -1072 400 ) (-1528 -1072 400 ) (-1528 -1312 400 ) (-1768 -1312 400 ) 
4 1592 1593 (-1768 -1024 400 ) (-1528 -1024 400 ) (-1528 -1056 400 ) (-1768 -1056 400 ) 
4 1593 1595 (-1768 -1024 384 ) (-1528 -1024 384 ) (-1528 -1056 384 ) (-1768 -1056 384 ) 
4 1594 1595 (-1768 -1072 384 ) (-1528 -1072 384 ) (-1528 -1312 384 ) (-1768 -1312 384 ) 
4 1595 1640 (-1528 -1312 -632 ) (-1528 -1312 128 ) (-1768 -1312 128 ) (-1768 -1312 -632 ) 
4 1595 1639 (-1528 -1312 144 ) (-1528 -1312 384 ) (-1768 -1312 384 ) (-1768 -1312 144 ) 
4 1595 1599 (-1784 -1312 -632 ) (-1784 -1312 159.240021 ) (-1784 -1024 159.240021 ) (-1784 -1024 -632 ) 
4 1595 1596 (-1784 -1312 159.240021 ) (-1784 -1312 384 ) (-1784 -1024 384 ) (-1784 -1024 159.240021 ) 
4 1596 1641 (-1784 -1312 159.240021 ) (-1784 -1312 535.479980 ) (-1863 -1312 535.479980 ) (-1863 -1312 159.240021 ) 
4 1596 1599 (-1863 -1024 159.240021 ) (-1784 -1024 159.240021 ) (-1784 -1312 159.240021 ) (-1863 -1312 159.240021 ) 
4 1596 1597 (-1863 -1189 535.239990 ) (-1863 -1189 535.479980 ) (-1863 -1024 535.479980 ) (-1863 -1024 535.239990 ) 
4 1596 1598 (-1863 -1189 159.240021 ) (-1863 -1312 159.240021 ) (-1863 -1312 535.479980 ) (-1863 -1189 535.479980 ) 
4 1597 1615 (-1948 -1189 535.479980 ) (-1948 -1109 535.479980 ) (-1948 -1109 535.239990 ) (-1948 -1189 535.239990 ) 
4 1597 1602 (-1948 -1109 535.479980 ) (-1948 -1024 535.479980 ) (-1948 -1024 535.239990 ) (-1948 -1109 535.239990 ) 
4 1597 1598 (-1863 -1189 535.239990 ) (-1863 -1189 535.479980 ) (-1948 -1189 535.479980 ) (-1948 -1189 535.239990 ) 
4 1598 1641 (-1863 -1312 535.479980 ) (-1948 -1312 535.479980 ) (-1948 -1312 159.240021 ) (-1863 -1312 159.240021 ) 
4 1598 1620 (-1948 -1312 159.240021 ) (-1948 -1312 159.480011 ) (-1948 -1189 159.480011 ) (-1948 -1189 159.240021 ) 
4 1598 1619 (-1948 -1312 159.480011 ) (-1948 -1312 535.479980 ) (-1948 -1301 535.479980 ) (-1948 -1301 159.480011 ) 
4 1598 1599 (-1948 -1312 159.240021 ) (-1948 -1189 159.240021 ) (-1863 -1189 159.240021 ) (-1863 -1312 159.240021 ) 
4 1599 1641 (-1784 -1312 -632 ) (-1784 -1312 159.240021 ) (-1948 -1312 159.240021 ) (-1948 -1312 -632 ) 
4 1599 1620 (-1948 -1312 -632 ) (-1948 -1312 159.240021 ) (-1948 -1024 159.240021 ) (-1948 -1024 -632 ) 
4 1600 1610 (-1948 -1109 783.479980 ) (-1948 -1109 1608 ) (-1964 -1109 1608 ) (-1964 -1109 783.479980 ) 
4 1600 1608 (-1964 -1093 783.479980 ) (-1964 -1109 783.479980 ) (-1964 -1109 1608 ) (-1964 -1093 1608 ) 
4 1600 1603 (-1964 -1024 1608 ) (-1964 -1024 783.479980 ) (-1964 -1093 783.479980 ) (-1964 -1093 1608 ) 
4 1601 1603 (-1964 -1024 671.479980 ) (-1964 -1024 567.479980 ) (-1964 -1077 567.479980 ) (-1964 -1077 671.479980 ) 
4 1602 1620 (-1964 -1024 159.480011 ) (-1948 -1024 159.480011 ) (-1948 -1109 159.480011 ) (-1964 -1109 159.480011 ) 
4 1602 1615 (-1964 -1109 159.480011 ) (-1948 -1109 159.480011 ) (-1948 -1109 535.479980 ) (-1964 -1109 535.479980 ) 
4 1602 1609 (-1964 -1093 159.480011 ) (-1964 -1109 159.480011 ) (-1964 -1109 415.480042 ) (-1964 -1093 415.480042 ) 
4 1602 1608 (-1964 -1109 439.480042 ) (-1964 -1109 535.479980 ) (-1964 -1093 535.479980 ) (-1964 -1093 439.480042 ) 
4 1602 1607 (-1964 -1045 159.480011 ) (-1964 -1061 159.480011 ) (-1964 -1061 535.479980 ) (-1964 -1045 535.479980 ) 
4 1602 1604 (-1964 -1024 535.479980 ) (-1964 -1024 159.480011 ) (-1964 -1045 159.480011 ) (-1964 -1045 535.479980 ) 
4 1603 1770 (-2048 -1061 567.479980 ) (-2048 -1093 567.479980 ) (-2048 -1093 671.479980 ) (-2048 -1061 671.479980 ) 
4 1603 1769 (-2048 -1024 671.479980 ) (-2048 -1024 567.479980 ) (-2048 -1061 567.479980 ) (-2048 -1061 671.479980 ) 
4 1603 1768 (-2048 -1024 1608 ) (-2048 -1024 671.479980 ) (-2048 -1093 671.479980 ) (-2048 -1093 1608 ) 
4 1603 1608 (-2048 -1093 1608 ) (-2048 -1093 567.479980 ) (-1964 -1093 567.479980 ) (-1964 -1093 1608 ) 
4 1603 1607 (-2048 -1061 567.479980 ) (-2048 -1045 567.479980 ) (-1964 -1045 567.479980 ) (-1964 -1061 567.479980 ) 
4 1603 1605 (-2048 -1045 567.479980 ) (-2048 -1024 567.479980 ) (-1980 -1024 567.479980 ) (-1980 -1045 567.479980 ) 
4 1603 1604 (-1980 -1024 567.479980 ) (-1964 -1024 567.479980 ) (-1964 -1045 567.479980 ) (-1980 -1045 567.479980 ) 
4 1604 1620 (-1980 -1024 159.480011 ) (-1964 -1024 159.480011 ) (-1964 -1045 159.480011 ) (-1980 -1045 159.480011 ) 
4 1604 1607 (-1980 -1045 159.480011 ) (-1964 -1045 159.480011 ) (-1964 -1045 567.479980 ) (-1980 -1045 567.479980 ) 
4 1604 1605 (-1980 -1045 223.480011 ) (-1980 -1045 567.479980 ) (-1980 -1024 567.479980 ) (-1980 -1024 223.480011 ) 
4 1604 1606 (-1980 -1024 159.480011 ) (-1980 -1045 159.480011 ) (-1980 -1045 215.480011 ) (-1980 -1024 215.480011 ) 
4 1605 1786 (-2048 -1024 263.480042 ) (-2048 -1024 223.480011 ) (-2048 -1045 223.480011 ) (-2048 -1045 263.480042 ) 
4 1605 1769 (-2048 -1024 567.479980 ) (-2048 -1024 263.480042 ) (-2048 -1045 263.480042 ) (-2048 -1045 567.479980 ) 
4 1605 1607 (-1980 -1045 223.480011 ) (-1980 -1045 567.479980 ) (-2048 -1045 567.479980 ) (-2048 -1045 223.480011 ) 
4 1606 1787 (-2048 -1024 215.480011 ) (-2048 -1024 159.480011 ) (-2048 -1045 159.480011 ) (-2048 -1045 215.480011 ) 
4 1606 1620 (-2048 -1024 159.480011 ) (-1980 -1024 159.480011 ) (-1980 -1045 159.480011 ) (-2048 -1045 159.480011 ) 
4 1606 1607 (-2048 -1045 159.480011 ) (-1980 -1045 159.480011 ) (-1980 -1045 215.480011 ) (-2048 -1045 215.480011 ) 
4 1607 1788 (-2048 -1045 159.480011 ) (-2048 -1061 159.480011 ) (-2048 -1061 263.480042 ) (-2048 -1045 263.480042 ) 
4 1607 1769 (-2048 -1061 263.480042 ) (-2048 -1061 567.479980 ) (-2048 -1045 567.479980 ) (-2048 -1045 263.480042 ) 
4 1607 1620 (-1964 -1045 159.480011 ) (-1964 -1061 159.480011 ) (-2048 -1061 159.480011 ) (-2048 -1045 159.480011 ) 
4 1608 1781 (-2048 -1093 671.479980 ) (-2048 -1093 439.480042 ) (-2048 -1109 439.480042 ) (-2048 -1109 671.479980 ) 
4 1608 1768 (-2048 -1093 1608 ) (-2048 -1093 671.479980 ) (-2048 -1109 671.479980 ) (-2048 -1109 1608 ) 
4 1608 1616 (-2048 -1109 535.479980 ) (-2048 -1109 439.480042 ) (-1964 -1109 439.480042 ) (-1964 -1109 535.479980 ) 
4 1608 1612 (-2048 -1109 671.479980 ) (-2048 -1109 543.479980 ) (-1964 -1109 543.479980 ) (-1964 -1109 671.479980 ) 
4 1608 1611 (-2048 -1109 1608 ) (-2048 -1109 671.479980 ) (-1964 -1109 671.479980 ) (-1964 -1109 1608 ) 
4 1609 1789 (-2048 -1093 263.480042 ) (-2048 -1093 159.480011 ) (-2048 -1109 159.480011 ) (-2048 -1109 263.480042 ) 
4 1609 1785 (-2048 -1093 415.480042 ) (-2048 -1093 263.480042 ) (-2048 -1109 263.480042 ) (-2048 -1109 415.480042 ) 
4 1609 1620 (-1964 -1093 159.480011 ) (-1964 -1109 159.480011 ) (-2048 -1109 159.480011 ) (-2048 -1093 159.480011 ) 
4 1609 1617 (-2048 -1109 415.480042 ) (-2048 -1109 159.480011 ) (-1964 -1109 159.480011 ) (-1964 -1109 415.480042 ) 
4 1610 1613 (-1948 -1173 783.479980 ) (-1948 -1173 1608 ) (-1964 -1173 1608 ) (-1964 -1173 783.479980 ) 
4 1610 1611 (-1964 -1173 783.479980 ) (-1964 -1173 1608 ) (-1964 -1109 1608 ) (-1964 -1109 783.479980 ) 
4 1611 1813 (-2048 -1109 1608 ) (-2048 -1109 671.479980 ) (-2048 -1173 671.479980 ) (-2048 -1173 1608 ) 
4 1611 1614 (-1964 -1173 1608 ) (-2048 -1173 1608 ) (-2048 -1173 671.479980 ) (-1964 -1173 671.479980 ) 
4 1611 1612 (-1964 -1173 671.479980 ) (-2048 -1173 671.479980 ) (-2048 -1109 671.479980 ) (-1964 -1109 671.479980 ) 
4 1612 1813 (-2048 -1109 671.479980 ) (-2048 -1109 543.479980 ) (-2048 -1173 543.479980 ) (-2048 -1173 671.479980 ) 
4 1612 1614 (-1964 -1173 671.479980 ) (-2048 -1173 671.479980 ) (-2048 -1173 543.479980 ) (-1964 -1173 543.479980 ) 
4 1613 1618 (-1948 -1189 1055.479980 ) (-1948 -1189 1608 ) (-1964 -1189 1608 ) (-1964 -1189 1055.479980 ) 
4 1613 1614 (-1964 -1189 1608 ) (-1964 -1173 1608 ) (-1964 -1173 783.479980 ) (-1964 -1189 783.479980 ) 
4 1614 1815 (-2048 -1173 1608 ) (-2048 -1173 535.479980 ) (-2048 -1189 535.479980 ) (-2048 -1189 1608 ) 
4 1614 1618 (-1964 -1189 1608 ) (-2048 -1189 1608 ) (-2048 -1189 1055.479980 ) (-1964 -1189 1055.479980 ) 
4 1614 1616 (-1964 -1189 535.479980 ) (-2048 -1189 535.479980 ) (-2048 -1173 535.479980 ) (-1964 -1173 535.479980 ) 
4 1615 1620 (-1948 -1109 159.480011 ) (-1948 -1189 159.480011 ) (-1964 -1189 159.480011 ) (-1964 -1109 159.480011 ) 
4 1615 1616 (-1964 -1189 439.480042 ) (-1964 -1189 535.479980 ) (-1964 -1109 535.479980 ) (-1964 -1109 439.480042 ) 
4 1615 1617 (-1964 -1189 159.480011 ) (-1964 -1189 415.480042 ) (-1964 -1109 415.480042 ) (-1964 -1109 159.480011 ) 
4 1616 1814 (-2048 -1109 535.479980 ) (-2048 -1109 439.480042 ) (-2048 -1173 439.480042 ) (-2048 -1173 535.479980 ) 
4 1616 1815 (-2048 -1173 439.480042 ) (-2048 -1189 439.480042 ) (-2048 -1189 535.479980 ) (-2048 -1173 535.479980 ) 
4 1617 1825 (-2048 -1173 159.480011 ) (-2048 -1189 159.480011 ) (-2048 -1189 223.480011 ) (-2048 -1173 223.480011 ) 
4 1617 1822 (-2048 -1109 223.480011 ) (-2048 -1109 215.480011 ) (-2048 -1173 215.480011 ) (-2048 -1173 223.480011 ) 
4 1617 1824 (-2048 -1109 215.480011 ) (-2048 -1109 159.480011 ) (-2048 -1173 159.480011 ) (-2048 -1173 215.480011 ) 
4 1617 1817 (-2048 -1109 415.480042 ) (-2048 -1109 223.480011 ) (-2048 -1189 223.480011 ) (-2048 -1189 415.480042 ) 
4 1617 1620 (-1964 -1189 159.480011 ) (-2048 -1189 159.480011 ) (-2048 -1109 159.480011 ) (-1964 -1109 159.480011 ) 
4 1618 1819 (-2048 -1301 1608 ) (-2048 -1189 1608 ) (-2048 -1189 1055.479980 ) (-2048 -1301 1055.479980 ) 
4 1618 1619 (-1948 -1301 1055.479980 ) (-1948 -1301 1608 ) (-2048 -1301 1608 ) (-2048 -1301 1055.479980 ) 
4 1619 1826 (-2048 -1312 159.480011 ) (-2048 -1312 223.480011 ) (-2048 -1301 223.480011 ) (-2048 -1301 159.480011 ) 
4 1619 1820 (-2048 -1312 223.480011 ) (-2048 -1312 1055.479980 ) (-2048 -1301 1055.479980 ) (-2048 -1301 223.480011 ) 
4 1619 1819 (-2048 -1312 1055.479980 ) (-2048 -1312 1608 ) (-2048 -1301 1608 ) (-2048 -1301 1055.479980 ) 
4 1619 1641 (-2048 -1312 1608 ) (-2048 -1312 159.480011 ) (-1948 -1312 159.480011 ) (-1948 -1312 1608 ) 
4 1619 1620 (-1948 -1301 159.480011 ) (-1948 -1312 159.480011 ) (-2048 -1312 159.480011 ) (-2048 -1301 159.480011 ) 
4 1620 1828 (-2048 -1312 -632 ) (-2048 -1312 159.480011 ) (-2048 -1024 159.480011 ) (-2048 -1024 -632 ) 
4 1620 1641 (-2048 -1312 159.480011 ) (-2048 -1312 -632 ) (-1948 -1312 -632 ) (-1948 -1312 159.480011 ) 
4 1621 1642 (-1024 -1328 1160 ) (-1024 -1328 1608 ) (-1256 -1328 1608 ) (-1256 -1328 1160 ) 
4 1622 1647 (-1024 -1328 904 ) (-1024 -1328 1144 ) (-1256 -1328 1144 ) (-1256 -1328 904 ) 
4 1623 1652 (-1024 -1328 656 ) (-1024 -1328 888 ) (-1256 -1328 888 ) (-1256 -1328 656 ) 
4 1624 1657 (-1024 -1328 400 ) (-1024 -1328 640 ) (-1256 -1328 640 ) (-1256 -1328 400 ) 
4 1625 1662 (-1024 -1328 144 ) (-1024 -1328 384 ) (-1256 -1328 384 ) (-1256 -1328 144 ) 
4 1626 1667 (-1024 -1328 -632 ) (-1024 -1328 128 ) (-1256 -1328 128 ) (-1256 -1328 -632 ) 
4 1627 1642 (-1272 -1328 1160 ) (-1272 -1328 1608 ) (-1504 -1328 1608 ) (-1504 -1328 1160 ) 
4 1627 1630 (-1504 -1328 1160 ) (-1504 -1328 1608 ) (-1504 -1312 1608 ) (-1504 -1312 1160 ) 
4 1628 1647 (-1272 -1328 904 ) (-1272 -1328 1144 ) (-1504 -1328 1144 ) (-1504 -1328 904 ) 
4 1628 1630 (-1504 -1328 904 ) (-1504 -1328 1144 ) (-1504 -1312 1144 ) (-1504 -1312 904 ) 
4 1629 1652 (-1272 -1328 656 ) (-1272 -1328 888 ) (-1504 -1328 888 ) (-1504 -1328 656 ) 
4 1629 1630 (-1504 -1328 656 ) (-1504 -1328 888 ) (-1504 -1312 888 ) (-1504 -1312 656 ) 
4 1630 1652 (-1512 -1328 888 ) (-1512 -1328 656 ) (-1504 -1328 656 ) (-1504 -1328 888 ) 
4 1630 1647 (-1512 -1328 1144 ) (-1512 -1328 904 ) (-1504 -1328 904 ) (-1504 -1328 1144 ) 
4 1630 1642 (-1504 -1328 1608 ) (-1512 -1328 1608 ) (-1512 -1328 1160 ) (-1504 -1328 1160 ) 
4 1630 1631 (-1512 -1328 640 ) (-1512 -1312 640 ) (-1504 -1312 640 ) (-1504 -1328 640 ) 
4 1631 1657 (-1272 -1328 400 ) (-1272 -1328 640 ) (-1512 -1328 640 ) (-1512 -1328 400 ) 
4 1632 1662 (-1272 -1328 144 ) (-1272 -1328 384 ) (-1512 -1328 384 ) (-1512 -1328 144 ) 
4 1633 1667 (-1272 -1328 -632 ) (-1272 -1328 128 ) (-1512 -1328 128 ) (-1512 -1328 -632 ) 
4 1634 1642 (-1528 -1328 1160 ) (-1528 -1328 1608 ) (-1760 -1328 1608 ) (-1760 -1328 1160 ) 
4 1634 1637 (-1760 -1328 1160 ) (-1760 -1328 1608 ) (-1760 -1312 1608 ) (-1760 -1312 1160 ) 
4 1635 1647 (-1528 -1328 904 ) (-1528 -1328 1144 ) (-1760 -1328 1144 ) (-1760 -1328 904 ) 
4 1635 1637 (-1760 -1328 904 ) (-1760 -1328 1144 ) (-1760 -1312 1144 ) (-1760 -1312 904 ) 
4 1636 1652 (-1528 -1328 656 ) (-1528 -1328 888 ) (-1760 -1328 888 ) (-1760 -1328 656 ) 
4 1636 1637 (-1760 -1328 656 ) (-1760 -1328 888 ) (-1760 -1312 888 ) (-1760 -1312 656 ) 
4 1637 1652 (-1768 -1328 888 ) (-1768 -1328 656 ) (-1760 -1328 656 ) (-1760 -1328 888 ) 
4 1637 1647 (-1768 -1328 1144 ) (-1768 -1328 904 ) (-1760 -1328 904 ) (-1760 -1328 1144 ) 
4 1637 1642 (-1760 -1328 1608 ) (-1768 -1328 1608 ) (-1768 -1328 1160 ) (-1760 -1328 1160 ) 
4 1637 1638 (-1768 -1328 640 ) (-1768 -1312 640 ) (-1760 -1312 640 ) (-1760 -1328 640 ) 
4 1638 1657 (-1528 -1328 400 ) (-1528 -1328 640 ) (-1768 -1328 640 ) (-1768 -1328 400 ) 
4 1639 1662 (-1528 -1328 144 ) (-1528 -1328 384 ) (-1768 -1328 384 ) (-1768 -1328 144 ) 
4 1640 1667 (-1528 -1328 -632 ) (-1528 -1328 128 ) (-1768 -1328 128 ) (-1768 -1328 -632 ) 
4 1641 1828 (-2048 -1328 -632 ) (-2048 -1328 159.480011 ) (-2048 -1312 159.480011 ) (-2048 -1312 -632 ) 
4 1641 1826 (-2048 -1328 159.480011 ) (-2048 -1328 223.480011 ) (-2048 -1312 223.480011 ) (-2048 -1312 159.480011 ) 
4 1641 1820 (-2048 -1328 223.480011 ) (-2048 -1328 1055.479980 ) (-2048 -1312 1055.479980 ) (-2048 -1312 223.480011 ) 
4 1641 1819 (-2048 -1328 1055.479980 ) (-2048 -1328 1608 ) (-2048 -1312 1608 ) (-2048 -1312 1055.479980 ) 
4 1641 1667 (-2048 -1328 128 ) (-2048 -1328 -632 ) (-1784 -1328 -632 ) (-1784 -1328 128 ) 
4 1641 1666 (-2048 -1328 144 ) (-2048 -1328 128 ) (-1784 -1328 128 ) (-1784 -1328 144 ) 
4 1641 1662 (-2048 -1328 384 ) (-2048 -1328 144 ) (-1784 -1328 144 ) (-1784 -1328 384 ) 
4 1641 1661 (-2048 -1328 400 ) (-2048 -1328 384 ) (-1784 -1328 384 ) (-1784 -1328 400 ) 
4 1641 1656 (-2048 -1328 656 ) (-2048 -1328 640 ) (-1784 -1328 640 ) (-1784 -1328 656 ) 
4 1641 1652 (-2048 -1328 888 ) (-2048 -1328 656 ) (-1784 -1328 656 ) (-1784 -1328 888 ) 
4 1641 1657 (-2048 -1328 640 ) (-2048 -1328 400 ) (-1784 -1328 400 ) (-1784 -1328 640 ) 
4 1641 1651 (-2048 -1328 904 ) (-2048 -1328 888 ) (-1784 -1328 888 ) (-1784 -1328 904 ) 
4 1641 1646 (-2048 -1328 1160 ) (-2048 -1328 1144 ) (-1784 -1328 1144 ) (-1784 -1328 1160 ) 
4 1641 1647 (-2048 -1328 1144 ) (-2048 -1328 904 ) (-1784 -1328 904 ) (-1784 -1328 1144 ) 
4 1641 1642 (-1784 -1328 1608 ) (-2048 -1328 1608 ) (-2048 -1328 1160 ) (-1784 -1328 1160 ) 
4 1642 1819 (-2048 -1568 1160 ) (-2048 -1568 1608 ) (-2048 -1328 1608 ) (-2048 -1328 1160 ) 
4 1642 1696 (-2040 -1568 1608 ) (-2048 -1568 1608 ) (-2048 -1568 1160 ) (-2040 -1568 1160 ) 
4 1642 1688 (-1784 -1568 1608 ) (-2016 -1568 1608 ) (-2016 -1568 1160 ) (-1784 -1568 1160 ) 
4 1642 1690 (-2016 -1568 1608 ) (-2024 -1568 1608 ) (-2024 -1568 1160 ) (-2016 -1568 1160 ) 
4 1642 1681 (-1528 -1568 1608 ) (-1760 -1568 1608 ) (-1760 -1568 1160 ) (-1528 -1568 1160 ) 
4 1642 1684 (-1760 -1568 1608 ) (-1768 -1568 1608 ) (-1768 -1568 1160 ) (-1760 -1568 1160 ) 
4 1642 1674 (-1272 -1568 1608 ) (-1504 -1568 1608 ) (-1504 -1568 1160 ) (-1272 -1568 1160 ) 
4 1642 1677 (-1504 -1568 1608 ) (-1512 -1568 1608 ) (-1512 -1568 1160 ) (-1504 -1568 1160 ) 
4 1642 1668 (-1024 -1568 1160 ) (-1024 -1568 1608 ) (-1256 -1568 1608 ) (-1256 -1568 1160 ) 
4 1642 1646 (-1776 -1568 1160 ) (-2048 -1568 1160 ) (-2048 -1328 1160 ) (-1776 -1328 1160 ) 
4 1642 1644 (-1272 -1568 1160 ) (-1504 -1568 1160 ) (-1504 -1328 1160 ) (-1272 -1328 1160 ) 
4 1642 1645 (-1520 -1568 1160 ) (-1760 -1568 1160 ) (-1760 -1328 1160 ) (-1520 -1328 1160 ) 
4 1642 1643 (-1024 -1568 1160 ) (-1256 -1568 1160 ) (-1256 -1328 1160 ) (-1024 -1328 1160 ) 
4 1643 1647 (-1024 -1568 1144 ) (-1256 -1568 1144 ) (-1256 -1328 1144 ) (-1024 -1328 1144 ) 
4 1644 1647 (-1272 -1568 1144 ) (-1504 -1568 1144 ) (-1504 -1328 1144 ) (-1272 -1328 1144 ) 
4 1645 1647 (-1520 -1568 1144 ) (-1760 -1568 1144 ) (-1760 -1328 1144 ) (-1520 -1328 1144 ) 
4 1646 1819 (-2048 -1568 1144 ) (-2048 -1568 1160 ) (-2048 -1328 1160 ) (-2048 -1328 1144 ) 
4 1646 1690 (-2016 -1568 1160 ) (-2024 -1568 1160 ) (-2024 -1568 1144 ) (-2016 -1568 1144 ) 
4 1646 1647 (-1776 -1568 1144 ) (-2048 -1568 1144 ) (-2048 -1328 1144 ) (-1776 -1328 1144 ) 
4 1647 1820 (-2048 -1568 904 ) (-2048 -1568 1055.479980 ) (-2048 -1328 1055.479980 ) (-2048 -1328 904 ) 
4 1647 1819 (-2048 -1568 1055.479980 ) (-2048 -1568 1144 ) (-2048 -1328 1144 ) (-2048 -1328 1055.479980 ) 
4 1647 1697 (-2040 -1568 1144 ) (-2048 -1568 1144 ) (-2048 -1568 904 ) (-2040 -1568 904 ) 
4 1647 1689 (-1784 -1568 1144 ) (-2016 -1568 1144 ) (-2016 -1568 904 ) (-1784 -1568 904 ) 
4 1647 1690 (-2016 -1568 1144 ) (-2024 -1568 1144 ) (-2024 -1568 904 ) (-2016 -1568 904 ) 
4 1647 1682 (-1528 -1568 1144 ) (-1760 -1568 1144 ) (-1760 -1568 904 ) (-1528 -1568 904 ) 
4 1647 1684 (-1760 -1568 1144 ) (-1768 -1568 1144 ) (-1768 -1568 904 ) (-1760 -1568 904 ) 
4 1647 1675 (-1272 -1568 1144 ) (-1504 -1568 1144 ) (-1504 -1568 904 ) (-1272 -1568 904 ) 
4 1647 1677 (-1504 -1568 1144 ) (-1512 -1568 1144 ) (-1512 -1568 904 ) (-1504 -1568 904 ) 
4 1647 1669 (-1024 -1568 904 ) (-1024 -1568 1144 ) (-1256 -1568 1144 ) (-1256 -1568 904 ) 
4 1647 1651 (-1776 -1568 904 ) (-2048 -1568 904 ) (-2048 -1328 904 ) (-1776 -1328 904 ) 
4 1647 1649 (-1272 -1568 904 ) (-1504 -1568 904 ) (-1504 -1328 904 ) (-1272 -1328 904 ) 
4 1647 1650 (-1520 -1568 904 ) (-1760 -1568 904 ) (-1760 -1328 904 ) (-1520 -1328 904 ) 
4 1647 1648 (-1024 -1568 904 ) (-1256 -1568 904 ) (-1256 -1328 904 ) (-1024 -1328 904 ) 
4 1648 1652 (-1024 -1568 888 ) (-1256 -1568 888 ) (-1256 -1328 888 ) (-1024 -1328 888 ) 
4 1649 1652 (-1272 -1568 888 ) (-1504 -1568 888 ) (-1504 -1328 888 ) (-1272 -1328 888 ) 
4 1650 1652 (-1520 -1568 888 ) (-1760 -1568 888 ) (-1760 -1328 888 ) (-1520 -1328 888 ) 
4 1651 1820 (-2048 -1568 888 ) (-2048 -1568 904 ) (-2048 -1328 904 ) (-2048 -1328 888 ) 
4 1651 1690 (-2016 -1568 904 ) (-2024 -1568 904 ) (-2024 -1568 888 ) (-2016 -1568 888 ) 
4 1651 1652 (-1776 -1568 888 ) (-2048 -1568 888 ) (-2048 -1328 888 ) (-1776 -1328 888 ) 
4 1652 1820 (-2048 -1568 656 ) (-2048 -1568 888 ) (-2048 -1328 888 ) (-2048 -1328 656 ) 
4 1652 1698 (-2040 -1568 888 ) (-2048 -1568 888 ) (-2048 -1568 656 ) (-2040 -1568 656 ) 
4 1652 1691 (-1784 -1568 888 ) (-2016 -1568 888 ) (-2016 -1568 656 ) (-1784 -1568 656 ) 
4 1652 1692 (-2016 -1568 888 ) (-2024 -1568 888 ) (-2024 -1568 656 ) (-2016 -1568 656 ) 
4 1652 1683 (-1528 -1568 888 ) (-1760 -1568 888 ) (-1760 -1568 656 ) (-1528 -1568 656 ) 
4 1652 1684 (-1760 -1568 888 ) (-1768 -1568 888 ) (-1768 -1568 656 ) (-1760 -1568 656 ) 
4 1652 1676 (-1272 -1568 888 ) (-1504 -1568 888 ) (-1504 -1568 656 ) (-1272 -1568 656 ) 
4 1652 1677 (-1504 -1568 888 ) (-1512 -1568 888 ) (-1512 -1568 656 ) (-1504 -1568 656 ) 
4 1652 1670 (-1024 -1568 656 ) (-1024 -1568 888 ) (-1256 -1568 888 ) (-1256 -1568 656 ) 
4 1652 1656 (-1776 -1568 656 ) (-2048 -1568 656 ) (-2048 -1328 656 ) (-1776 -1328 656 ) 
4 1652 1654 (-1272 -1568 656 ) (-1504 -1568 656 ) (-1504 -1328 656 ) (-1272 -1328 656 ) 
4 1652 1655 (-1520 -1568 656 ) (-1760 -1568 656 ) (-1760 -1328 656 ) (-1520 -1328 656 ) 
4 1652 1653 (-1024 -1568 656 ) (-1256 -1568 656 ) (-1256 -1328 656 ) (-1024 -1328 656 ) 
4 1653 1657 (-1024 -1568 640 ) (-1256 -1568 640 ) (-1256 -1328 640 ) (-1024 -1328 640 ) 
4 1654 1657 (-1272 -1568 640 ) (-1504 -1568 640 ) (-1504 -1328 640 ) (-1272 -1328 640 ) 
4 1655 1657 (-1520 -1568 640 ) (-1760 -1568 640 ) (-1760 -1328 640 ) (-1520 -1328 640 ) 
4 1656 1820 (-2048 -1568 640 ) (-2048 -1568 656 ) (-2048 -1328 656 ) (-2048 -1328 640 ) 
4 1656 1692 (-2016 -1568 656 ) (-2024 -1568 656 ) (-2024 -1568 640 ) (-2016 -1568 640 ) 
4 1656 1657 (-1776 -1568 640 ) (-2048 -1568 640 ) (-2048 -1328 640 ) (-1776 -1328 640 ) 
4 1657 1820 (-2048 -1568 400 ) (-2048 -1568 640 ) (-2048 -1328 640 ) (-2048 -1328 400 ) 
4 1657 1699 (-2040 -1568 640 ) (-2048 -1568 640 ) (-2048 -1568 400 ) (-2040 -1568 400 ) 
4 1657 1693 (-1784 -1568 640 ) (-2024 -1568 640 ) (-2024 -1568 400 ) (-1784 -1568 400 ) 
4 1657 1685 (-1528 -1568 640 ) (-1768 -1568 640 ) (-1768 -1568 400 ) (-1528 -1568 400 ) 
4 1657 1678 (-1272 -1568 640 ) (-1512 -1568 640 ) (-1512 -1568 400 ) (-1272 -1568 400 ) 
4 1657 1671 (-1024 -1568 400 ) (-1024 -1568 640 ) (-1256 -1568 640 ) (-1256 -1568 400 ) 
4 1657 1661 (-1784 -1568 400 ) (-2048 -1568 400 ) (-2048 -1328 400 ) (-1784 -1328 400 ) 
4 1657 1659 (-1272 -1568 400 ) (-1512 -1568 400 ) (-1512 -1328 400 ) (-1272 -1328 400 ) 
4 1657 1660 (-1528 -1568 400 ) (-1768 -1568 400 ) (-1768 -1328 400 ) (-1528 -1328 400 ) 
4 1657 1658 (-1024 -1568 400 ) (-1256 -1568 400 ) (-1256 -1328 400 ) (-1024 -1328 400 ) 
4 1658 1662 (-1024 -1568 384 ) (-1256 -1568 384 ) (-1256 -1328 384 ) (-1024 -1328 384 ) 
4 1659 1662 (-1272 -1568 384 ) (-1512 -1568 384 ) (-1512 -1328 384 ) (-1272 -1328 384 ) 
4 1660 1662 (-1528 -1568 384 ) (-1768 -1568 384 ) (-1768 -1328 384 ) (-1528 -1328 384 ) 
4 1661 1820 (-2048 -1568 384 ) (-2048 -1568 400 ) (-2048 -1328 400 ) (-2048 -1328 384 ) 
4 1661 1662 (-1784 -1568 384 ) (-2048 -1568 384 ) (-2048 -1328 384 ) (-1784 -1328 384 ) 
4 1662 1828 (-2048 -1568 144 ) (-2048 -1568 159.480011 ) (-2048 -1328 159.480011 ) (-2048 -1328 144 ) 
4 1662 1826 (-2048 -1568 159.480011 ) (-2048 -1568 223.480011 ) (-2048 -1328 223.480011 ) (-2048 -1328 159.480011 ) 
4 1662 1820 (-2048 -1568 223.480011 ) (-2048 -1568 384 ) (-2048 -1328 384 ) (-2048 -1328 223.480011 ) 
4 1662 1700 (-2040 -1568 384 ) (-2048 -1568 384 ) (-2048 -1568 144 ) (-2040 -1568 144 ) 
4 1662 1694 (-1784 -1568 384 ) (-2024 -1568 384 ) (-2024 -1568 144 ) (-1784 -1568 144 ) 
4 1662 1686 (-1528 -1568 384 ) (-1768 -1568 384 ) (-1768 -1568 144 ) (-1528 -1568 144 ) 
4 1662 1679 (-1272 -1568 384 ) (-1512 -1568 384 ) (-1512 -1568 144 ) (-1272 -1568 144 ) 
4 1662 1672 (-1024 -1568 144 ) (-1024 -1568 384 ) (-1256 -1568 384 ) (-1256 -1568 144 ) 
4 1662 1666 (-1784 -1568 144 ) (-2048 -1568 144 ) (-2048 -1328 144 ) (-1784 -1328 144 ) 
4 1662 1664 (-1272 -1568 144 ) (-1512 -1568 144 ) (-1512 -1328 144 ) (-1272 -1328 144 ) 
4 1662 1665 (-1528 -1568 144 ) (-1768 -1568 144 ) (-1768 -1328 144 ) (-1528 -1328 144 ) 
4 1662 1663 (-1024 -1568 144 ) (-1256 -1568 144 ) (-1256 -1328 144 ) (-1024 -1328 144 ) 
4 1663 1667 (-1024 -1568 128 ) (-1256 -1568 128 ) (-1256 -1328 128 ) (-1024 -1328 128 ) 
4 1664 1667 (-1272 -1568 128 ) (-1512 -1568 128 ) (-1512 -1328 128 ) (-1272 -1328 128 ) 
4 1665 1667 (-1528 -1568 128 ) (-1768 -1568 128 ) (-1768 -1328 128 ) (-1528 -1328 128 ) 
4 1666 1828 (-2048 -1568 128 ) (-2048 -1568 144 ) (-2048 -1328 144 ) (-2048 -1328 128 ) 
4 1666 1667 (-1784 -1568 128 ) (-2048 -1568 128 ) (-2048 -1328 128 ) (-1784 -1328 128 ) 
4 1667 1828 (-2048 -1568 -632 ) (-2048 -1568 128 ) (-2048 -1328 128 ) (-2048 -1328 -632 ) 
4 1667 1701 (-2040 -1568 128 ) (-2048 -1568 128 ) (-2048 -1568 -632 ) (-2040 -1568 -632 ) 
4 1667 1695 (-1784 -1568 128 ) (-2024 -1568 128 ) (-2024 -1568 -632 ) (-1784 -1568 -632 ) 
4 1667 1687 (-1528 -1568 128 ) (-1768 -1568 128 ) (-1768 -1568 -632 ) (-1528 -1568 -632 ) 
4 1667 1680 (-1272 -1568 128 ) (-1512 -1568 128 ) (-1512 -1568 -632 ) (-1272 -1568 -632 ) 
4 1667 1673 (-1024 -1568 -632 ) (-1024 -1568 128 ) (-1256 -1568 128 ) (-1256 -1568 -632 ) 
4 1668 1702 (-1024 -1584 1160 ) (-1024 -1584 1608 ) (-1256 -1584 1608 ) (-1256 -1584 1160 ) 
4 1669 1708 (-1024 -1584 904 ) (-1024 -1584 1144 ) (-1256 -1584 1144 ) (-1256 -1584 904 ) 
4 1670 1714 (-1024 -1584 656 ) (-1024 -1584 888 ) (-1256 -1584 888 ) (-1256 -1584 656 ) 
4 1671 1720 (-1024 -1584 400 ) (-1024 -1584 640 ) (-1256 -1584 640 ) (-1256 -1584 400 ) 
4 1672 1726 (-1024 -1584 144 ) (-1024 -1584 384 ) (-1256 -1584 384 ) (-1256 -1584 144 ) 
4 1673 1732 (-1024 -1584 -632 ) (-1024 -1584 128 ) (-1256 -1584 128 ) (-1256 -1584 -632 ) 
4 1674 1702 (-1272 -1584 1160 ) (-1272 -1584 1608 ) (-1504 -1584 1608 ) (-1504 -1584 1160 ) 
4 1674 1677 (-1504 -1584 1160 ) (-1504 -1584 1608 ) (-1504 -1568 1608 ) (-1504 -1568 1160 ) 
4 1675 1708 (-1272 -1584 904 ) (-1272 -1584 1144 ) (-1504 -1584 1144 ) (-1504 -1584 904 ) 
4 1675 1677 (-1504 -1584 904 ) (-1504 -1584 1144 ) (-1504 -1568 1144 ) (-1504 -1568 904 ) 
4 1676 1714 (-1272 -1584 656 ) (-1272 -1584 888 ) (-1504 -1584 888 ) (-1504 -1584 656 ) 
4 1676 1677 (-1504 -1584 656 ) (-1504 -1584 888 ) (-1504 -1568 888 ) (-1504 -1568 656 ) 
4 1677 1714 (-1512 -1584 888 ) (-1512 -1584 656 ) (-1504 -1584 656 ) (-1504 -1584 888 ) 
4 1677 1708 (-1512 -1584 1144 ) (-1512 -1584 904 ) (-1504 -1584 904 ) (-1504 -1584 1144 ) 
4 1677 1702 (-1504 -1584 1608 ) (-1512 -1584 1608 ) (-1512 -1584 1160 ) (-1504 -1584 1160 ) 
4 1677 1678 (-1512 -1584 640 ) (-1512 -1568 640 ) (-1504 -1568 640 ) (-1504 -1584 640 ) 
4 1678 1720 (-1272 -1584 400 ) (-1272 -1584 640 ) (-1512 -1584 640 ) (-1512 -1584 400 ) 
4 1679 1726 (-1272 -1584 144 ) (-1272 -1584 384 ) (-1512 -1584 384 ) (-1512 -1584 144 ) 
4 1680 1732 (-1272 -1584 -632 ) (-1272 -1584 128 ) (-1512 -1584 128 ) (-1512 -1584 -632 ) 
4 1681 1702 (-1528 -1584 1160 ) (-1528 -1584 1608 ) (-1760 -1584 1608 ) (-1760 -1584 1160 ) 
4 1681 1684 (-1760 -1584 1160 ) (-1760 -1584 1608 ) (-1760 -1568 1608 ) (-1760 -1568 1160 ) 
4 1682 1708 (-1528 -1584 904 ) (-1528 -1584 1144 ) (-1760 -1584 1144 ) (-1760 -1584 904 ) 
4 1682 1684 (-1760 -1584 904 ) (-1760 -1584 1144 ) (-1760 -1568 1144 ) (-1760 -1568 904 ) 
4 1683 1714 (-1528 -1584 656 ) (-1528 -1584 888 ) (-1760 -1584 888 ) (-1760 -1584 656 ) 
4 1683 1684 (-1760 -1584 656 ) (-1760 -1584 888 ) (-1760 -1568 888 ) (-1760 -1568 656 ) 
4 1684 1714 (-1768 -1584 888 ) (-1768 -1584 656 ) (-1760 -1584 656 ) (-1760 -1584 888 ) 
4 1684 1708 (-1768 -1584 1144 ) (-1768 -1584 904 ) (-1760 -1584 904 ) (-1760 -1584 1144 ) 
4 1684 1702 (-1760 -1584 1608 ) (-1768 -1584 1608 ) (-1768 -1584 1160 ) (-1760 -1584 1160 ) 
4 1684 1685 (-1768 -1584 640 ) (-1768 -1568 640 ) (-1760 -1568 640 ) (-1760 -1584 640 ) 
4 1685 1720 (-1528 -1584 400 ) (-1528 -1584 640 ) (-1768 -1584 640 ) (-1768 -1584 400 ) 
4 1686 1726 (-1528 -1584 144 ) (-1528 -1584 384 ) (-1768 -1584 384 ) (-1768 -1584 144 ) 
4 1687 1732 (-1528 -1584 -632 ) (-1528 -1584 128 ) (-1768 -1584 128 ) (-1768 -1584 -632 ) 
4 1688 1702 (-1784 -1584 1160 ) (-1784 -1584 1608 ) (-2016 -1584 1608 ) (-2016 -1584 1160 ) 
4 1688 1690 (-2016 -1584 1160 ) (-2016 -1584 1608 ) (-2016 -1568 1608 ) (-2016 -1568 1160 ) 
4 1689 1708 (-1784 -1584 904 ) (-1784 -1584 1144 ) (-2016 -1584 1144 ) (-2016 -1584 904 ) 
4 1689 1690 (-2016 -1584 904 ) (-2016 -1584 1144 ) (-2016 -1568 1144 ) (-2016 -1568 904 ) 
4 1690 1708 (-2024 -1584 1144 ) (-2024 -1584 904 ) (-2016 -1584 904 ) (-2016 -1584 1144 ) 
4 1690 1702 (-2016 -1584 1608 ) (-2024 -1584 1608 ) (-2024 -1584 1160 ) (-2016 -1584 1160 ) 
4 1690 1692 (-2024 -1584 888 ) (-2024 -1568 888 ) (-2016 -1568 888 ) (-2016 -1584 888 ) 
4 1691 1714 (-1784 -1584 656 ) (-1784 -1584 888 ) (-2016 -1584 888 ) (-2016 -1584 656 ) 
4 1691 1692 (-2016 -1584 656 ) (-2016 -1584 888 ) (-2016 -1568 888 ) (-2016 -1568 656 ) 
4 1692 1714 (-2016 -1584 888 ) (-2024 -1584 888 ) (-2024 -1584 656 ) (-2016 -1584 656 ) 
4 1692 1693 (-2024 -1584 640 ) (-2024 -1568 640 ) (-2016 -1568 640 ) (-2016 -1584 640 ) 
4 1693 1720 (-1784 -1584 400 ) (-1784 -1584 640 ) (-2024 -1584 640 ) (-2024 -1584 400 ) 
4 1694 1726 (-1784 -1584 144 ) (-1784 -1584 384 ) (-2024 -1584 384 ) (-2024 -1584 144 ) 
4 1695 1732 (-1784 -1584 -632 ) (-1784 -1584 128 ) (-2024 -1584 128 ) (-2024 -1584 -632 ) 
4 1696 1829 (-2048 -1584 1160 ) (-2048 -1584 1608 ) (-2048 -1568 1608 ) (-2048 -1568 1160 ) 
4 1696 1702 (-2040 -1584 1160 ) (-2040 -1584 1608 ) (-2048 -1584 1608 ) (-2048 -1584 1160 ) 
4 1697 1830 (-2048 -1584 904 ) (-2048 -1584 1144 ) (-2048 -1568 1144 ) (-2048 -1568 904 ) 
4 1697 1708 (-2040 -1584 904 ) (-2040 -1584 1144 ) (-2048 -1584 1144 ) (-2048 -1584 904 ) 
4 1698 1831 (-2048 -1584 656 ) (-2048 -1584 888 ) (-2048 -1568 888 ) (-2048 -1568 656 ) 
4 1698 1714 (-2040 -1584 656 ) (-2040 -1584 888 ) (-2048 -1584 888 ) (-2048 -1584 656 ) 
4 1699 1834 (-2048 -1584 400 ) (-2048 -1584 640 ) (-2048 -1568 640 ) (-2048 -1568 400 ) 
4 1699 1720 (-2040 -1584 400 ) (-2040 -1584 640 ) (-2048 -1584 640 ) (-2048 -1584 400 ) 
4 1700 1835 (-2048 -1584 144 ) (-2048 -1584 384 ) (-2048 -1568 384 ) (-2048 -1568 144 ) 
4 1700 1726 (-2040 -1584 144 ) (-2040 -1584 384 ) (-2048 -1584 384 ) (-2048 -1584 144 ) 
4 1701 1836 (-2048 -1584 -632 ) (-2048 -1584 128 ) (-2048 -1568 128 ) (-2048 -1568 -632 ) 
4 1701 1732 (-2040 -1584 -632 ) (-2040 -1584 128 ) (-2048 -1584 128 ) (-2048 -1584 -632 ) 
4 1702 1866 (-2048 -1824 1160 ) (-2048 -1824 1608 ) (-2048 -1584 1608 ) (-2048 -1584 1160 ) 
4 1702 1761 (-2048 -1824 1608 ) (-2048 -1824 1160 ) (-2040 -1824 1160 ) (-2040 -1824 1608 ) 
4 1702 1753 (-2016 -1824 1160 ) (-1784 -1824 1160 ) (-1784 -1824 1608 ) (-2016 -1824 1608 ) 
4 1702 1756 (-2024 -1824 1160 ) (-2016 -1824 1160 ) (-2016 -1824 1608 ) (-2024 -1824 1608 ) 
4 1702 1746 (-1760 -1824 1160 ) (-1528 -1824 1160 ) (-1528 -1824 1608 ) (-1760 -1824 1608 ) 
4 1702 1749 (-1768 -1824 1160 ) (-1760 -1824 1160 ) (-1760 -1824 1608 ) (-1768 -1824 1608 ) 
4 1702 1739 (-1504 -1824 1160 ) (-1272 -1824 1160 ) (-1272 -1824 1608 ) (-1504 -1824 1608 ) 
4 1702 1742 (-1512 -1824 1160 ) (-1504 -1824 1160 ) (-1504 -1824 1608 ) (-1512 -1824 1608 ) 
4 1702 1733 (-1256 -1824 1160 ) (-1024 -1824 1160 ) (-1024 -1824 1608 ) (-1256 -1824 1608 ) 
4 1702 1707 (-2032 -1824 1160 ) (-2048 -1824 1160 ) (-2048 -1584 1160 ) (-2032 -1584 1160 ) 
4 1702 1706 (-1776 -1824 1160 ) (-2016 -1824 1160 ) (-2016 -1584 1160 ) (-1776 -1584 1160 ) 
4 1702 1705 (-1520 -1824 1160 ) (-1760 -1824 1160 ) (-1760 -1584 1160 ) (-1520 -1584 1160 ) 
4 1702 1703 (-1024 -1824 1160 ) (-1256 -1824 1160 ) (-1256 -1584 1160 ) (-1024 -1584 1160 ) 
4 1702 1704 (-1272 -1824 1160 ) (-1504 -1824 1160 ) (-1504 -1584 1160 ) (-1272 -1584 1160 ) 
4 1703 1708 (-1024 -1824 1144 ) (-1256 -1824 1144 ) (-1256 -1584 1144 ) (-1024 -1584 1144 ) 
4 1704 1708 (-1272 -1824 1144 ) (-1504 -1824 1144 ) (-1504 -1584 1144 ) (-1272 -1584 1144 ) 
4 1705 1708 (-1520 -1824 1144 ) (-1760 -1824 1144 ) (-1760 -1584 1144 ) (-1520 -1584 1144 ) 
4 1706 1708 (-1776 -1824 1144 ) (-2016 -1824 1144 ) (-2016 -1584 1144 ) (-1776 -1584 1144 ) 
4 1707 1867 (-2048 -1824 1144 ) (-2048 -1824 1160 ) (-2048 -1584 1160 ) (-2048 -1584 1144 ) 
4 1707 1708 (-2032 -1824 1144 ) (-2048 -1824 1144 ) (-2048 -1584 1144 ) (-2032 -1584 1144 ) 
4 1708 1872 (-2048 -1824 904 ) (-2048 -1824 1144 ) (-2048 -1584 1144 ) (-2048 -1584 904 ) 
4 1708 1762 (-2048 -1824 1144 ) (-2048 -1824 904 ) (-2040 -1824 904 ) (-2040 -1824 1144 ) 
4 1708 1754 (-2016 -1824 904 ) (-1784 -1824 904 ) (-1784 -1824 1144 ) (-2016 -1824 1144 ) 
4 1708 1756 (-2024 -1824 904 ) (-2016 -1824 904 ) (-2016 -1824 1144 ) (-2024 -1824 1144 ) 
4 1708 1747 (-1760 -1824 904 ) (-1528 -1824 904 ) (-1528 -1824 1144 ) (-1760 -1824 1144 ) 
4 1708 1749 (-1768 -1824 904 ) (-1760 -1824 904 ) (-1760 -1824 1144 ) (-1768 -1824 1144 ) 
4 1708 1740 (-1504 -1824 904 ) (-1272 -1824 904 ) (-1272 -1824 1144 ) (-1504 -1824 1144 ) 
4 1708 1742 (-1512 -1824 904 ) (-1504 -1824 904 ) (-1504 -1824 1144 ) (-1512 -1824 1144 ) 
4 1708 1734 (-1256 -1824 904 ) (-1024 -1824 904 ) (-1024 -1824 1144 ) (-1256 -1824 1144 ) 
4 1708 1713 (-2032 -1824 904 ) (-2048 -1824 904 ) (-2048 -1584 904 ) (-2032 -1584 904 ) 
4 1708 1712 (-1776 -1824 904 ) (-2016 -1824 904 ) (-2016 -1584 904 ) (-1776 -1584 904 ) 
4 1708 1711 (-1520 -1824 904 ) (-1760 -1824 904 ) (-1760 -1584 904 ) (-1520 -1584 904 ) 
4 1708 1709 (-1024 -1824 904 ) (-1256 -1824 904 ) (-1256 -1584 904 ) (-1024 -1584 904 ) 
4 1708 1710 (-1272 -1824 904 ) (-1504 -1824 904 ) (-1504 -1584 904 ) (-1272 -1584 904 ) 
4 1709 1714 (-1024 -1824 888 ) (-1256 -1824 888 ) (-1256 -1584 888 ) (-1024 -1584 888 ) 
4 1710 1714 (-1272 -1824 888 ) (-1504 -1824 888 ) (-1504 -1584 888 ) (-1272 -1584 888 ) 
4 1711 1714 (-1520 -1824 888 ) (-1760 -1824 888 ) (-1760 -1584 888 ) (-1520 -1584 888 ) 
4 1712 1714 (-1776 -1824 888 ) (-2016 -1824 888 ) (-2016 -1584 888 ) (-1776 -1584 888 ) 
4 1713 1873 (-2048 -1824 888 ) (-2048 -1824 904 ) (-2048 -1584 904 ) (-2048 -1584 888 ) 
4 1713 1714 (-2032 -1824 888 ) (-2048 -1824 888 ) (-2048 -1584 888 ) (-2032 -1584 888 ) 
4 1714 1878 (-2048 -1824 656 ) (-2048 -1824 888 ) (-2048 -1584 888 ) (-2048 -1584 656 ) 
4 1714 1763 (-2048 -1824 888 ) (-2048 -1824 656 ) (-2040 -1824 656 ) (-2040 -1824 888 ) 
4 1714 1755 (-2016 -1824 656 ) (-1784 -1824 656 ) (-1784 -1824 888 ) (-2016 -1824 888 ) 
4 1714 1756 (-2024 -1824 656 ) (-2016 -1824 656 ) (-2016 -1824 888 ) (-2024 -1824 888 ) 
4 1714 1748 (-1760 -1824 656 ) (-1528 -1824 656 ) (-1528 -1824 888 ) (-1760 -1824 888 ) 
4 1714 1749 (-1768 -1824 656 ) (-1760 -1824 656 ) (-1760 -1824 888 ) (-1768 -1824 888 ) 
4 1714 1741 (-1504 -1824 656 ) (-1272 -1824 656 ) (-1272 -1824 888 ) (-1504 -1824 888 ) 
4 1714 1742 (-1512 -1824 656 ) (-1504 -1824 656 ) (-1504 -1824 888 ) (-1512 -1824 888 ) 
4 1714 1735 (-1256 -1824 656 ) (-1024 -1824 656 ) (-1024 -1824 888 ) (-1256 -1824 888 ) 
4 1714 1719 (-2032 -1824 656 ) (-2048 -1824 656 ) (-2048 -1584 656 ) (-2032 -1584 656 ) 
4 1714 1718 (-1776 -1824 656 ) (-2016 -1824 656 ) (-2016 -1584 656 ) (-1776 -1584 656 ) 
4 1714 1716 (-1272 -1824 656 ) (-1504 -1824 656 ) (-1504 -1584 656 ) (-1272 -1584 656 ) 
4 1714 1717 (-1520 -1824 656 ) (-1760 -1824 656 ) (-1760 -1584 656 ) (-1520 -1584 656 ) 
4 1714 1715 (-1024 -1824 656 ) (-1256 -1824 656 ) (-1256 -1584 656 ) (-1024 -1584 656 ) 
4 1715 1720 (-1024 -1824 640 ) (-1256 -1824 640 ) (-1256 -1584 640 ) (-1024 -1584 640 ) 
4 1716 1720 (-1272 -1824 640 ) (-1504 -1824 640 ) (-1504 -1584 640 ) (-1272 -1584 640 ) 
4 1717 1720 (-1520 -1824 640 ) (-1760 -1824 640 ) (-1760 -1584 640 ) (-1520 -1584 640 ) 
4 1718 1720 (-1776 -1824 640 ) (-2016 -1824 640 ) (-2016 -1584 640 ) (-1776 -1584 640 ) 
4 1719 1879 (-2048 -1824 640 ) (-2048 -1824 656 ) (-2048 -1584 656 ) (-2048 -1584 640 ) 
4 1719 1720 (-2032 -1824 640 ) (-2048 -1824 640 ) (-2048 -1584 640 ) (-2032 -1584 640 ) 
4 1720 1884 (-2048 -1824 400 ) (-2048 -1824 640 ) (-2048 -1584 640 ) (-2048 -1584 400 ) 
4 1720 1764 (-2048 -1824 640 ) (-2048 -1824 400 ) (-2040 -1824 400 ) (-2040 -1824 640 ) 
4 1720 1758 (-2024 -1824 400 ) (-1784 -1824 400 ) (-1784 -1824 640 ) (-2024 -1824 640 ) 
4 1720 1750 (-1768 -1824 400 ) (-1528 -1824 400 ) (-1528 -1824 640 ) (-1768 -1824 640 ) 
4 1720 1743 (-1512 -1824 400 ) (-1272 -1824 400 ) (-1272 -1824 640 ) (-1512 -1824 640 ) 
4 1720 1736 (-1256 -1824 400 ) (-1024 -1824 400 ) (-1024 -1824 640 ) (-1256 -1824 640 ) 
4 1720 1724 (-1784 -1824 400 ) (-2024 -1824 400 ) (-2024 -1584 400 ) (-1784 -1584 400 ) 
4 1720 1725 (-2040 -1824 400 ) (-2048 -1824 400 ) (-2048 -1584 400 ) (-2040 -1584 400 ) 
4 1720 1722 (-1272 -1824 400 ) (-1512 -1824 400 ) (-1512 -1584 400 ) (-1272 -1584 400 ) 
4 1720 1723 (-1528 -1824 400 ) (-1768 -1824 400 ) (-1768 -1584 400 ) (-1528 -1584 400 ) 
4 1720 1721 (-1024 -1824 400 ) (-1256 -1824 400 ) (-1256 -1584 400 ) (-1024 -1584 400 ) 
4 1721 1726 (-1024 -1824 384 ) (-1256 -1824 384 ) (-1256 -1584 384 ) (-1024 -1584 384 ) 
4 1722 1726 (-1272 -1824 384 ) (-1512 -1824 384 ) (-1512 -1584 384 ) (-1272 -1584 384 ) 
4 1723 1726 (-1528 -1824 384 ) (-1768 -1824 384 ) (-1768 -1584 384 ) (-1528 -1584 384 ) 
4 1724 1726 (-1784 -1824 384 ) (-2024 -1824 384 ) (-2024 -1584 384 ) (-1784 -1584 384 ) 
4 1725 1885 (-2048 -1824 384 ) (-2048 -1824 400 ) (-2048 -1584 400 ) (-2048 -1584 384 ) 
4 1725 1726 (-2040 -1824 384 ) (-2048 -1824 384 ) (-2048 -1584 384 ) (-2040 -1584 384 ) 
4 1726 1890 (-2048 -1824 144 ) (-2048 -1824 384 ) (-2048 -1584 384 ) (-2048 -1584 144 ) 
4 1726 1765 (-2048 -1824 384 ) (-2048 -1824 144 ) (-2040 -1824 144 ) (-2040 -1824 384 ) 
4 1726 1759 (-2024 -1824 144 ) (-1784 -1824 144 ) (-1784 -1824 384 ) (-2024 -1824 384 ) 
4 1726 1751 (-1768 -1824 144 ) (-1528 -1824 144 ) (-1528 -1824 384 ) (-1768 -1824 384 ) 
4 1726 1744 (-1512 -1824 144 ) (-1272 -1824 144 ) (-1272 -1824 384 ) (-1512 -1824 384 ) 
4 1726 1737 (-1256 -1824 144 ) (-1024 -1824 144 ) (-1024 -1824 384 ) (-1256 -1824 384 ) 
4 1726 1730 (-1784 -1824 144 ) (-2024 -1824 144 ) (-2024 -1584 144 ) (-1784 -1584 144 ) 
4 1726 1731 (-2040 -1824 144 ) (-2048 -1824 144 ) (-2048 -1584 144 ) (-2040 -1584 144 ) 
4 1726 1728 (-1272 -1824 144 ) (-1512 -1824 144 ) (-1512 -1584 144 ) (-1272 -1584 144 ) 
4 1726 1729 (-1528 -1824 144 ) (-1768 -1824 144 ) (-1768 -1584 144 ) (-1528 -1584 144 ) 
4 1726 1727 (-1024 -1824 144 ) (-1256 -1824 144 ) (-1256 -1584 144 ) (-1024 -1584 144 ) 
4 1727 1732 (-1024 -1824 128 ) (-1256 -1824 128 ) (-1256 -1584 128 ) (-1024 -1584 128 ) 
4 1728 1732 (-1272 -1824 128 ) (-1512 -1824 128 ) (-1512 -1584 128 ) (-1272 -1584 128 ) 
4 1729 1732 (-1528 -1824 128 ) (-1768 -1824 128 ) (-1768 -1584 128 ) (-1528 -1584 128 ) 
4 1730 1732 (-1784 -1824 128 ) (-2024 -1824 128 ) (-2024 -1584 128 ) (-1784 -1584 128 ) 
4 1731 1891 (-2048 -1824 128 ) (-2048 -1824 144 ) (-2048 -1584 144 ) (-2048 -1584 128 ) 
4 1731 1732 (-2040 -1824 128 ) (-2048 -1824 128 ) (-2048 -1584 128 ) (-2040 -1584 128 ) 
4 1732 1896 (-2048 -1824 -632 ) (-2048 -1824 128 ) (-2048 -1584 128 ) (-2048 -1584 -632 ) 
4 1732 1766 (-2048 -1824 128 ) (-2048 -1824 -632 ) (-2040 -1824 -632 ) (-2040 -1824 128 ) 
4 1732 1760 (-2024 -1824 -632 ) (-1784 -1824 -632 ) (-1784 -1824 128 ) (-2024 -1824 128 ) 
4 1732 1752 (-1768 -1824 -632 ) (-1528 -1824 -632 ) (-1528 -1824 128 ) (-1768 -1824 128 ) 
4 1732 1745 (-1512 -1824 -632 ) (-1272 -1824 -632 ) (-1272 -1824 128 ) (-1512 -1824 128 ) 
4 1732 1738 (-1256 -1824 -632 ) (-1024 -1824 -632 ) (-1024 -1824 128 ) (-1256 -1824 128 ) 
4 1733 1767 (-1024 -1840 1160 ) (-1024 -1840 1608 ) (-1256 -1840 1608 ) (-1256 -1840 1160 ) 
4 1734 1767 (-1024 -1840 904 ) (-1024 -1840 1144 ) (-1256 -1840 1144 ) (-1256 -1840 904 ) 
4 1735 1767 (-1024 -1840 656 ) (-1024 -1840 888 ) (-1256 -1840 888 ) (-1256 -1840 656 ) 
4 1736 1767 (-1024 -1840 400 ) (-1024 -1840 640 ) (-1256 -1840 640 ) (-1256 -1840 400 ) 
4 1737 1767 (-1024 -1840 144 ) (-1024 -1840 384 ) (-1256 -1840 384 ) (-1256 -1840 144 ) 
4 1738 1767 (-1024 -1840 -632 ) (-1024 -1840 128 ) (-1256 -1840 128 ) (-1256 -1840 -632 ) 
4 1739 1767 (-1272 -1840 1160 ) (-1272 -1840 1608 ) (-1504 -1840 1608 ) (-1504 -1840 1160 ) 
4 1739 1742 (-1504 -1840 1160 ) (-1504 -1840 1608 ) (-1504 -1824 1608 ) (-1504 -1824 1160 ) 
4 1740 1767 (-1272 -1840 904 ) (-1272 -1840 1144 ) (-1504 -1840 1144 ) (-1504 -1840 904 ) 
4 1740 1742 (-1504 -1840 904 ) (-1504 -1840 1144 ) (-1504 -1824 1144 ) (-1504 -1824 904 ) 
4 1741 1767 (-1272 -1840 656 ) (-1272 -1840 888 ) (-1504 -1840 888 ) (-1504 -1840 656 ) 
4 1741 1742 (-1504 -1840 656 ) (-1504 -1840 888 ) (-1504 -1824 888 ) (-1504 -1824 656 ) 
4 1742 1767 (-1504 -1840 1608 ) (-1512 -1840 1608 ) (-1512 -1840 640 ) (-1504 -1840 640 ) 
4 1742 1743 (-1512 -1840 640 ) (-1512 -1824 640 ) (-1504 -1824 640 ) (-1504 -1840 640 ) 
4 1743 1767 (-1272 -1840 400 ) (-1272 -1840 640 ) (-1512 -1840 640 ) (-1512 -1840 400 ) 
4 1744 1767 (-1272 -1840 144 ) (-1272 -1840 384 ) (-1512 -1840 384 ) (-1512 -1840 144 ) 
4 1745 1767 (-1272 -1840 -632 ) (-1272 -1840 128 ) (-1512 -1840 128 ) (-1512 -1840 -632 ) 
4 1746 1767 (-1528 -1840 1160 ) (-1528 -1840 1608 ) (-1760 -1840 1608 ) (-1760 -1840 1160 ) 
4 1746 1749 (-1760 -1840 1160 ) (-1760 -1840 1608 ) (-1760 -1824 1608 ) (-1760 -1824 1160 ) 
4 1747 1767 (-1528 -1840 904 ) (-1528 -1840 1144 ) (-1760 -1840 1144 ) (-1760 -1840 904 ) 
4 1747 1749 (-1760 -1840 904 ) (-1760 -1840 1144 ) (-1760 -1824 1144 ) (-1760 -1824 904 ) 
4 1748 1767 (-1528 -1840 656 ) (-1528 -1840 888 ) (-1760 -1840 888 ) (-1760 -1840 656 ) 
4 1748 1749 (-1760 -1840 656 ) (-1760 -1840 888 ) (-1760 -1824 888 ) (-1760 -1824 656 ) 
4 1749 1767 (-1760 -1840 1608 ) (-1768 -1840 1608 ) (-1768 -1840 640 ) (-1760 -1840 640 ) 
4 1749 1750 (-1768 -1840 640 ) (-1768 -1824 640 ) (-1760 -1824 640 ) (-1760 -1840 640 ) 
4 1750 1767 (-1528 -1840 400 ) (-1528 -1840 640 ) (-1768 -1840 640 ) (-1768 -1840 400 ) 
4 1751 1767 (-1528 -1840 144 ) (-1528 -1840 384 ) (-1768 -1840 384 ) (-1768 -1840 144 ) 
4 1752 1767 (-1528 -1840 -632 ) (-1528 -1840 128 ) (-1768 -1840 128 ) (-1768 -1840 -632 ) 
4 1753 1767 (-1784 -1840 1160 ) (-1784 -1840 1608 ) (-2016 -1840 1608 ) (-2016 -1840 1160 ) 
4 1753 1756 (-2016 -1840 1160 ) (-2016 -1840 1608 ) (-2016 -1824 1608 ) (-2016 -1824 1160 ) 
4 1754 1767 (-1784 -1840 904 ) (-1784 -1840 1144 ) (-2016 -1840 1144 ) (-2016 -1840 904 ) 
4 1754 1756 (-2016 -1840 904 ) (-2016 -1840 1144 ) (-2016 -1824 1144 ) (-2016 -1824 904 ) 
4 1755 1767 (-1784 -1840 656 ) (-1784 -1840 888 ) (-2016 -1840 888 ) (-2016 -1840 656 ) 
4 1755 1756 (-2016 -1824 656 ) (-2016 -1840 656 ) (-2016 -1840 888 ) (-2016 -1824 888 ) 
4 1756 1767 (-2016 -1840 1608 ) (-2024 -1840 1608 ) (-2024 -1840 656 ) (-2016 -1840 656 ) 
4 1756 1757 (-2024 -1840 656 ) (-2024 -1824 656 ) (-2016 -1824 656 ) (-2016 -1840 656 ) 
4 1757 1767 (-2016 -1840 656 ) (-2024 -1840 656 ) (-2024 -1840 640 ) (-2016 -1840 640 ) 
4 1757 1758 (-2024 -1840 640 ) (-2024 -1824 640 ) (-2016 -1824 640 ) (-2016 -1840 640 ) 
4 1758 1767 (-1784 -1840 400 ) (-1784 -1840 640 ) (-2024 -1840 640 ) (-2024 -1840 400 ) 
4 1759 1767 (-1784 -1840 144 ) (-1784 -1840 384 ) (-2024 -1840 384 ) (-2024 -1840 144 ) 
4 1760 1767 (-1784 -1840 -632 ) (-1784 -1840 128 ) (-2024 -1840 128 ) (-2024 -1840 -632 ) 
4 1761 1897 (-2048 -1840 1160 ) (-2048 -1840 1608 ) (-2048 -1824 1608 ) (-2048 -1824 1160 ) 
4 1761 1767 (-2040 -1840 1160 ) (-2040 -1840 1608 ) (-2048 -1840 1608 ) (-2048 -1840 1160 ) 
4 1762 1898 (-2048 -1840 904 ) (-2048 -1840 1144 ) (-2048 -1824 1144 ) (-2048 -1824 904 ) 
4 1762 1767 (-2040 -1840 904 ) (-2040 -1840 1144 ) (-2048 -1840 1144 ) (-2048 -1840 904 ) 
4 1763 1899 (-2048 -1840 656 ) (-2048 -1840 888 ) (-2048 -1824 888 ) (-2048 -1824 656 ) 
4 1763 1767 (-2040 -1840 656 ) (-2040 -1840 888 ) (-2048 -1840 888 ) (-2048 -1840 656 ) 
4 1764 1900 (-2048 -1840 400 ) (-2048 -1840 640 ) (-2048 -1824 640 ) (-2048 -1824 400 ) 
4 1764 1767 (-2040 -1840 400 ) (-2040 -1840 640 ) (-2048 -1840 640 ) (-2048 -1840 400 ) 
4 1765 1902 (-2048 -1840 144 ) (-2048 -1840 384 ) (-2048 -1824 384 ) (-2048 -1824 144 ) 
4 1765 1767 (-2040 -1840 144 ) (-2040 -1840 384 ) (-2048 -1840 384 ) (-2048 -1840 144 ) 
4 1766 1903 (-2048 -1840 -632 ) (-2048 -1840 128 ) (-2048 -1824 128 ) (-2048 -1824 -632 ) 
4 1766 1767 (-2040 -1840 -632 ) (-2040 -1840 128 ) (-2048 -1840 128 ) (-2048 -1840 -632 ) 
4 1767 1932 (-2048 -1964 -632 ) (-2048 -1964 1608 ) (-2048 -1840 1608 ) (-2048 -1840 -632 ) 
4 1768 1813 (-2048 -1109 671.479980 ) (-2048 -1109 1608 ) (-2252 -1109 1608 ) (-2252 -1109 671.479980 ) 
4 1768 1798 (-2252 -1093 671.479980 ) (-2252 -1109 671.479980 ) (-2252 -1109 1055.479980 ) (-2252 -1093 1055.479980 ) 
4 1768 1796 (-2252 -1024 1608 ) (-2252 -1024 1055.479980 ) (-2252 -1109 1055.479980 ) (-2252 -1109 1608 ) 
4 1768 1783 (-2172 -1109 671.479980 ) (-2236 -1109 671.479980 ) (-2236 -1093 671.479980 ) (-2172 -1093 671.479980 ) 
4 1768 1781 (-2048 -1109 671.479980 ) (-2172 -1109 671.479980 ) (-2172 -1093 671.479980 ) (-2048 -1093 671.479980 ) 
4 1768 1784 (-2236 -1109 671.479980 ) (-2252 -1109 671.479980 ) (-2252 -1093 671.479980 ) (-2236 -1093 671.479980 ) 
4 1768 1774 (-2236 -1024 671.479980 ) (-2172 -1024 671.479980 ) (-2172 -1093 671.479980 ) (-2236 -1093 671.479980 ) 
4 1768 1775 (-2252 -1093 671.479980 ) (-2252 -1024 671.479980 ) (-2236 -1024 671.479980 ) (-2236 -1093 671.479980 ) 
4 1768 1772 (-2172 -1024 671.479980 ) (-2156 -1024 671.479980 ) (-2156 -1093 671.479980 ) (-2172 -1093 671.479980 ) 
4 1768 1770 (-2048 -1061 671.479980 ) (-2048 -1093 671.479980 ) (-2060 -1093 671.479980 ) (-2060 -1061 671.479980 ) 
4 1768 1769 (-2060 -1024 671.479980 ) (-2048 -1024 671.479980 ) (-2048 -1061 671.479980 ) (-2060 -1061 671.479980 ) 
4 1769 1788 (-2048 -1045 263.480042 ) (-2048 -1061 263.480042 ) (-2060 -1061 263.480042 ) (-2060 -1045 263.480042 ) 
4 1769 1786 (-2060 -1024 263.480042 ) (-2048 -1024 263.480042 ) (-2048 -1045 263.480042 ) (-2060 -1045 263.480042 ) 
4 1769 1771 (-2060 -1024 263.480042 ) (-2060 -1061 263.480042 ) (-2060 -1061 305.765991 ) (-2060 -1024 305.765991 ) 
4 1769 1770 (-2060 -1061 671.479980 ) (-2060 -1061 567.479980 ) (-2048 -1061 567.479980 ) (-2048 -1061 671.479980 ) 
4 1770 1781 (-2048 -1093 567.479980 ) (-2048 -1093 671.479980 ) (-2060 -1093 671.479980 ) (-2060 -1093 567.479980 ) 
4 1771 1791 (-2156 -1024 263.480042 ) (-2108 -1024 263.480042 ) (-2108 -1093 263.480042 ) (-2156 -1093 263.480042 ) 
4 1771 1790 (-2060 -1045 263.480042 ) (-2060 -1093 263.480042 ) (-2108 -1093 263.480042 ) (-2108 -1045 263.480042 ) 
4 1771 1786 (-2108 -1024 263.480042 ) (-2060 -1024 263.480042 ) (-2060 -1045 263.480042 ) (-2108 -1045 263.480042 ) 
4 1771 1785 (-2156 -1093 263.480042 ) (-2060 -1093 263.480042 ) (-2060 -1093 305.765991 ) (-2156 -1093 305.765991 ) 
4 1771 1772 (-2156 -1024 263.480042 ) (-2156 -1093 263.480042 ) (-2156 -1093 305.765991 ) (-2156 -1024 305.765991 ) 
4 1772 1791 (-2172 -1024 263.480042 ) (-2156 -1024 263.480042 ) (-2156 -1093 263.480042 ) (-2172 -1093 263.480042 ) 
4 1772 1785 (-2172 -1093 263.480042 ) (-2156 -1093 263.480042 ) (-2156 -1093 415.480042 ) (-2172 -1093 415.480042 ) 
4 1772 1781 (-2156 -1093 439.480042 ) (-2156 -1093 671.479980 ) (-2172 -1093 671.479980 ) (-2172 -1093 439.480042 ) 
4 1772 1779 (-2172 -1029 263.480042 ) (-2172 -1093 263.480042 ) (-2172 -1093 359.480042 ) (-2172 -1029 359.480042 ) 
4 1772 1777 (-2172 -1024 263.480042 ) (-2172 -1029 263.480042 ) (-2172 -1029 311.480042 ) (-2172 -1024 311.480042 ) 
4 1772 1776 (-2172 -1029 311.480042 ) (-2172 -1029 359.480042 ) (-2172 -1024 359.480042 ) (-2172 -1024 311.480042 ) 
4 1772 1774 (-2172 -1093 532.813293 ) (-2172 -1093 671.479980 ) (-2172 -1024 671.479980 ) (-2172 -1024 486.813324 ) 
4 1772 1773 (-2172 -1093 359.480042 ) (-2172 -1093 524.813293 ) (-2172 -1024 478.813324 ) (-2172 -1024 359.480042 ) 
4 1773 1785 (-2172 -1093 359.480042 ) (-2172 -1093 415.480042 ) (-2236 -1093 415.480042 ) (-2236 -1093 359.480042 ) 
4 1773 1782 (-2172 -1093 439.480042 ) (-2172 -1093 524.813293 ) (-2236 -1093 524.813293 ) (-2236 -1093 439.480042 ) 
4 1773 1780 (-2212 -1093 359.480042 ) (-2236 -1093 359.480042 ) (-2236 -1029 359.480042 ) (-2212 -1029 359.480042 ) 
4 1773 1779 (-2172 -1029 359.480042 ) (-2172 -1093 359.480042 ) (-2212 -1093 359.480042 ) (-2212 -1029 359.480042 ) 
4 1773 1776 (-2172 -1024 359.480042 ) (-2172 -1029 359.480042 ) (-2236 -1029 359.480042 ) (-2236 -1024 359.480042 ) 
4 1773 1775 (-2236 -1024 359.480042 ) (-2236 -1093 359.480042 ) (-2236 -1093 524.813293 ) (-2236 -1024 478.813324 ) 
4 1774 1783 (-2172 -1093 532.813293 ) (-2172 -1093 671.479980 ) (-2236 -1093 671.479980 ) (-2236 -1093 532.813293 ) 
4 1774 1775 (-2236 -1093 532.813293 ) (-2236 -1093 671.479980 ) (-2236 -1024 671.479980 ) (-2236 -1024 486.813324 ) 
4 1775 1785 (-2252 -1093 415.480042 ) (-2252 -1093 359.480042 ) (-2236 -1093 359.480042 ) (-2236 -1093 415.480042 ) 
4 1775 1784 (-2236 -1093 671.479980 ) (-2252 -1093 671.479980 ) (-2252 -1093 439.480042 ) (-2236 -1093 439.480042 ) 
4 1775 1780 (-2236 -1093 359.480042 ) (-2252 -1093 359.480042 ) (-2252 -1029 359.480042 ) (-2236 -1029 359.480042 ) 
4 1776 1780 (-2212 -1029 359.480042 ) (-2236 -1029 359.480042 ) (-2236 -1029 327.480042 ) (-2212 -1029 327.480042 ) 
4 1776 1779 (-2172 -1029 311.480042 ) (-2172 -1029 359.480042 ) (-2212 -1029 359.480042 ) (-2212 -1029 311.480042 ) 
4 1776 1778 (-2212 -1029 311.480042 ) (-2236 -1029 311.480042 ) (-2236 -1024 311.480042 ) (-2212 -1024 311.480042 ) 
4 1776 1777 (-2172 -1029 311.480042 ) (-2212 -1029 311.480042 ) (-2212 -1024 311.480042 ) (-2172 -1024 311.480042 ) 
4 1777 1793 (-2188 -1024 263.480042 ) (-2172 -1024 263.480042 ) (-2172 -1029 263.480042 ) (-2188 -1029 263.480042 ) 
4 1777 1779 (-2212 -1029 263.480042 ) (-2172 -1029 263.480042 ) (-2172 -1029 311.480042 ) (-2212 -1029 311.480042 ) 
4 1777 1778 (-2212 -1029 295.480042 ) (-2212 -1029 311.480042 ) (-2212 -1024 311.480042 ) (-2212 -1024 295.480042 ) 
4 1779 1795 (-2188 -1077 263.480042 ) (-2188 -1093 263.480042 ) (-2212 -1093 263.480042 ) (-2212 -1077 263.480042 ) 
4 1779 1793 (-2188 -1029 263.480042 ) (-2172 -1029 263.480042 ) (-2172 -1093 263.480042 ) (-2188 -1093 263.480042 ) 
4 1779 1785 (-2212 -1093 263.480042 ) (-2172 -1093 263.480042 ) (-2172 -1093 359.480042 ) (-2212 -1093 359.480042 ) 
4 1779 1780 (-2212 -1029 359.480042 ) (-2212 -1029 327.480042 ) (-2212 -1093 327.480042 ) (-2212 -1093 359.480042 ) 
4 1780 1785 (-2212 -1093 327.480042 ) (-2212 -1093 359.480042 ) (-2252 -1093 359.480042 ) (-2252 -1093 327.480042 ) 
4 1781 1813 (-2048 -1109 543.479980 ) (-2048 -1109 671.479980 ) (-2172 -1109 671.479980 ) (-2172 -1109 543.479980 ) 
4 1781 1814 (-2048 -1109 439.480042 ) (-2048 -1109 535.479980 ) (-2172 -1109 535.479980 ) (-2172 -1109 439.480042 ) 
4 1781 1783 (-2172 -1093 671.479980 ) (-2172 -1093 532.813293 ) (-2172 -1109 543.479980 ) (-2172 -1109 671.479980 ) 
4 1781 1782 (-2172 -1093 524.813293 ) (-2172 -1093 439.480042 ) (-2172 -1109 439.480042 ) (-2172 -1109 535.479919 ) 
4 1782 1814 (-2236 -1109 535.479980 ) (-2236 -1109 439.480042 ) (-2172 -1109 439.480042 ) (-2172 -1109 535.479919 ) 
4 1782 1784 (-2236 -1093 524.813293 ) (-2236 -1093 439.480042 ) (-2236 -1109 439.480042 ) (-2236 -1109 535.479919 ) 
4 1783 1813 (-2172 -1109 671.479980 ) (-2236 -1109 671.479980 ) (-2236 -1109 543.479919 ) (-2172 -1109 543.479980 ) 
4 1783 1784 (-2236 -1093 671.479980 ) (-2236 -1093 532.813293 ) (-2236 -1109 543.479980 ) (-2236 -1109 671.479980 ) 
4 1784 1813 (-2236 -1109 671.479980 ) (-2252 -1109 671.479980 ) (-2252 -1109 543.479980 ) (-2236 -1109 543.479980 ) 
4 1784 1814 (-2252 -1109 535.479980 ) (-2252 -1109 439.480042 ) (-2236 -1109 439.480042 ) (-2236 -1109 535.479980 ) 
4 1784 1798 (-2252 -1109 439.480042 ) (-2252 -1109 671.479980 ) (-2252 -1093 671.479980 ) (-2252 -1093 439.480042 ) 
4 1785 1817 (-2048 -1109 263.480042 ) (-2048 -1109 415.480042 ) (-2252 -1109 415.480042 ) (-2252 -1109 263.480042 ) 
4 1785 1799 (-2252 -1093 263.480042 ) (-2252 -1109 263.480042 ) (-2252 -1109 415.480042 ) (-2252 -1093 415.480042 ) 
4 1785 1795 (-2188 -1109 263.480042 ) (-2252 -1109 263.480042 ) (-2252 -1093 263.480042 ) (-2188 -1093 263.480042 ) 
4 1785 1793 (-2172 -1109 263.480042 ) (-2188 -1109 263.480042 ) (-2188 -1093 263.480042 ) (-2172 -1093 263.480042 ) 
4 1785 1791 (-2108 -1109 263.480042 ) (-2172 -1109 263.480042 ) (-2172 -1093 263.480042 ) (-2108 -1093 263.480042 ) 
4 1785 1789 (-2048 -1109 263.480042 ) (-2060 -1109 263.480042 ) (-2060 -1093 263.480042 ) (-2048 -1093 263.480042 ) 
4 1785 1790 (-2060 -1109 263.480042 ) (-2108 -1109 263.480042 ) (-2108 -1093 263.480042 ) (-2060 -1093 263.480042 ) 
4 1786 1791 (-2108 -1045 223.480011 ) (-2108 -1045 263.480042 ) (-2108 -1024 263.480042 ) (-2108 -1024 223.480011 ) 
4 1786 1788 (-2060 -1045 223.480011 ) (-2048 -1045 223.480011 ) (-2048 -1045 263.480042 ) (-2060 -1045 263.480042 ) 
4 1786 1790 (-2108 -1045 263.480042 ) (-2108 -1045 223.480011 ) (-2060 -1045 223.480011 ) (-2060 -1045 263.480042 ) 
4 1787 1828 (-2108 -1024 159.480011 ) (-2048 -1024 159.480011 ) (-2048 -1045 159.480011 ) (-2108 -1045 159.480011 ) 
4 1787 1792 (-2108 -1024 159.480011 ) (-2108 -1045 159.480011 ) (-2108 -1045 215.480011 ) (-2108 -1024 215.480011 ) 
4 1787 1788 (-2060 -1045 159.480011 ) (-2048 -1045 159.480011 ) (-2048 -1045 215.480011 ) (-2060 -1045 215.480011 ) 
4 1787 1790 (-2108 -1045 215.480011 ) (-2108 -1045 159.480011 ) (-2060 -1045 159.480011 ) (-2060 -1045 215.480011 ) 
4 1788 1828 (-2048 -1045 159.480011 ) (-2048 -1061 159.480011 ) (-2060 -1061 159.480011 ) (-2060 -1045 159.480011 ) 
4 1788 1790 (-2060 -1045 263.480042 ) (-2060 -1045 159.480011 ) (-2060 -1061 159.480011 ) (-2060 -1061 263.480042 ) 
4 1789 1828 (-2048 -1093 159.480011 ) (-2048 -1109 159.480011 ) (-2060 -1109 159.480011 ) (-2060 -1093 159.480011 ) 
4 1789 1822 (-2048 -1109 215.480011 ) (-2048 -1109 223.480011 ) (-2060 -1109 223.480011 ) (-2060 -1109 215.480011 ) 
4 1789 1824 (-2060 -1109 159.480011 ) (-2048 -1109 159.480011 ) (-2048 -1109 215.480011 ) (-2060 -1109 215.480011 ) 
4 1789 1817 (-2048 -1109 223.480011 ) (-2048 -1109 263.480042 ) (-2060 -1109 263.480042 ) (-2060 -1109 223.480011 ) 
4 1789 1790 (-2060 -1093 159.480011 ) (-2060 -1109 159.480011 ) (-2060 -1109 263.480042 ) (-2060 -1093 263.480042 ) 
4 1790 1828 (-2060 -1109 159.480011 ) (-2108 -1109 159.480011 ) (-2108 -1045 159.480011 ) (-2060 -1045 159.480011 ) 
4 1790 1822 (-2060 -1109 215.480011 ) (-2060 -1109 223.480011 ) (-2108 -1109 223.480011 ) (-2108 -1109 215.480011 ) 
4 1790 1824 (-2108 -1109 159.480011 ) (-2060 -1109 159.480011 ) (-2060 -1109 215.480011 ) (-2108 -1109 215.480011 ) 
4 1790 1817 (-2060 -1109 223.480011 ) (-2060 -1109 263.480042 ) (-2108 -1109 263.480042 ) (-2108 -1109 223.480011 ) 
4 1790 1791 (-2108 -1109 223.480011 ) (-2108 -1109 263.480042 ) (-2108 -1045 263.480042 ) (-2108 -1045 223.480011 ) 
4 1790 1792 (-2108 -1045 159.480011 ) (-2108 -1109 159.480011 ) (-2108 -1109 215.480011 ) (-2108 -1045 215.480011 ) 
4 1791 1817 (-2108 -1109 223.480011 ) (-2108 -1109 263.480042 ) (-2172 -1109 263.480042 ) (-2172 -1109 223.480011 ) 
4 1791 1793 (-2172 -1109 223.480011 ) (-2172 -1109 263.480042 ) (-2172 -1024 263.480042 ) (-2172 -1024 223.480011 ) 
4 1792 1828 (-2172 -1024 159.480011 ) (-2108 -1024 159.480011 ) (-2108 -1109 159.480011 ) (-2172 -1109 159.480011 ) 
4 1792 1824 (-2172 -1109 159.480011 ) (-2108 -1109 159.480011 ) (-2108 -1109 215.480011 ) (-2172 -1109 215.480011 ) 
4 1792 1793 (-2172 -1024 159.480011 ) (-2172 -1109 159.480011 ) (-2172 -1109 215.480011 ) (-2172 -1024 215.480011 ) 
4 1793 1828 (-2188 -1024 159.480011 ) (-2172 -1024 159.480011 ) (-2172 -1109 159.480011 ) (-2188 -1109 159.480011 ) 
4 1793 1824 (-2188 -1109 159.480011 ) (-2172 -1109 159.480011 ) (-2172 -1109 215.480011 ) (-2188 -1109 215.480011 ) 
4 1793 1817 (-2172 -1109 223.480011 ) (-2172 -1109 263.480042 ) (-2188 -1109 263.480042 ) (-2188 -1109 223.480011 ) 
4 1793 1794 (-2188 -1024 159.480011 ) (-2188 -1077 159.480011 ) (-2188 -1077 231.480011 ) (-2188 -1024 231.480011 ) 
4 1793 1795 (-2188 -1077 159.480011 ) (-2188 -1109 159.480011 ) (-2188 -1109 263.480042 ) (-2188 -1077 263.480042 ) 
4 1794 1828 (-2252 -1024 159.480011 ) (-2188 -1024 159.480011 ) (-2188 -1077 159.480011 ) (-2252 -1077 159.480011 ) 
4 1794 1795 (-2188 -1077 159.480011 ) (-2188 -1077 231.480011 ) (-2252 -1077 231.480011 ) (-2252 -1077 159.480011 ) 
4 1795 1828 (-2188 -1077 159.480011 ) (-2188 -1109 159.480011 ) (-2252 -1109 159.480011 ) (-2252 -1077 159.480011 ) 
4 1795 1824 (-2252 -1109 159.480011 ) (-2188 -1109 159.480011 ) (-2188 -1109 215.480011 ) (-2252 -1109 215.480011 ) 
4 1795 1817 (-2188 -1109 223.480011 ) (-2188 -1109 263.480042 ) (-2252 -1109 263.480042 ) (-2252 -1109 223.480011 ) 
4 1795 1799 (-2252 -1093 159.480011 ) (-2252 -1109 159.480011 ) (-2252 -1109 263.480042 ) (-2252 -1093 263.480042 ) 
4 1796 2105 (-3072 -1024 1608 ) (-3072 -1024 1055.479980 ) (-3072 -1109 1055.479980 ) (-3072 -1109 1608 ) 
4 1796 1813 (-2252 -1109 1055.479980 ) (-2252 -1109 1608 ) (-2556 -1109 1608 ) (-2556 -1109 1055.479980 ) 
4 1796 1816 (-2556 -1109 1608 ) (-3072 -1109 1608 ) (-3072 -1109 1055.479980 ) (-2556 -1109 1055.479980 ) 
4 1796 1812 (-3020 -1109 1055.479980 ) (-3072 -1109 1055.479980 ) (-3072 -1093 1055.479980 ) (-3020 -1093 1055.479980 ) 
4 1796 1810 (-3020 -1093 1055.479980 ) (-3020 -1024 1055.479980 ) (-2700 -1024 1055.479980 ) (-2700 -1093 1055.479980 ) 
4 1796 1811 (-2700 -1109 1055.479980 ) (-3020 -1109 1055.479980 ) (-3020 -1093 1055.479980 ) (-2700 -1093 1055.479980 ) 
4 1796 1809 (-2684 -1109 1055.479980 ) (-2700 -1109 1055.479980 ) (-2700 -1024 1055.479980 ) (-2684 -1024 1055.479980 ) 
4 1796 1807 (-2620 -1109 1055.479980 ) (-2684 -1109 1055.479980 ) (-2684 -1024 1055.479980 ) (-2620 -1024 1055.479980 ) 
4 1796 1806 (-2604 -1109 1055.479980 ) (-2620 -1109 1055.479980 ) (-2620 -1024 1055.479980 ) (-2604 -1024 1055.479980 ) 
4 1796 1801 (-2492 -1109 1055.479980 ) (-2556 -1109 1055.479980 ) (-2556 -1024 1055.479980 ) (-2492 -1024 1055.479980 ) 
4 1796 1802 (-2556 -1109 1055.479980 ) (-2604 -1109 1055.479980 ) (-2604 -1024 1055.479980 ) (-2556 -1024 1055.479980 ) 
4 1796 1798 (-2252 -1093 1055.479980 ) (-2252 -1109 1055.479980 ) (-2316 -1109 1055.479980 ) (-2316 -1093 1055.479980 ) 
4 1796 1800 (-2316 -1109 1055.479980 ) (-2492 -1109 1055.479980 ) (-2492 -1093 1055.479980 ) (-2316 -1093 1055.479980 ) 
4 1796 1797 (-2476 -1093 1055.479980 ) (-2492 -1093 1055.479980 ) (-2492 -1024 1055.479980 ) (-2476 -1024 1055.479980 ) 
4 1797 1828 (-2492 -1024 159.480011 ) (-2476 -1024 159.480011 ) (-2476 -1093 159.480011 ) (-2492 -1093 159.480011 ) 
4 1797 1803 (-2492 -1024 159.480011 ) (-2492 -1093 159.480011 ) (-2492 -1093 535.479980 ) (-2492 -1024 535.479980 ) 
4 1797 1801 (-2492 -1093 543.479980 ) (-2492 -1093 1055.479980 ) (-2492 -1024 1055.479980 ) (-2492 -1024 543.479980 ) 
4 1797 1800 (-2492 -1093 1055.479980 ) (-2492 -1093 159.480011 ) (-2476 -1093 159.480011 ) (-2476 -1093 1055.479980 ) 
4 1798 1813 (-2252 -1109 543.479980 ) (-2252 -1109 1055.479980 ) (-2316 -1109 1055.479980 ) (-2316 -1109 543.479980 ) 
4 1798 1814 (-2252 -1109 439.480042 ) (-2252 -1109 535.479980 ) (-2316 -1109 535.479980 ) (-2316 -1109 439.480042 ) 
4 1798 1800 (-2316 -1093 1055.479980 ) (-2316 -1093 439.480042 ) (-2316 -1109 439.480042 ) (-2316 -1109 1055.479980 ) 
4 1799 1828 (-2252 -1093 159.480011 ) (-2252 -1109 159.480011 ) (-2316 -1109 159.480011 ) (-2316 -1093 159.480011 ) 
4 1799 1824 (-2316 -1109 159.480011 ) (-2252 -1109 159.480011 ) (-2252 -1109 215.480011 ) (-2316 -1109 215.480011 ) 
4 1799 1817 (-2252 -1109 223.480011 ) (-2252 -1109 415.480042 ) (-2316 -1109 415.480042 ) (-2316 -1109 223.480011 ) 
4 1799 1800 (-2316 -1093 415.480042 ) (-2316 -1093 159.480011 ) (-2316 -1109 159.480011 ) (-2316 -1109 415.480042 ) 
4 1800 1828 (-2316 -1109 159.480011 ) (-2492 -1109 159.480011 ) (-2492 -1093 159.480011 ) (-2316 -1093 159.480011 ) 
4 1800 1824 (-2492 -1109 159.480011 ) (-2316 -1109 159.480011 ) (-2316 -1109 215.480011 ) (-2492 -1109 215.480011 ) 
4 1800 1818 (-2316 -1109 223.480011 ) (-2316 -1109 439.480042 ) (-2492 -1109 439.480042 ) (-2492 -1109 223.480011 ) 
4 1800 1813 (-2316 -1109 543.479980 ) (-2316 -1109 1055.479980 ) (-2492 -1109 1055.479980 ) (-2492 -1109 543.479980 ) 
4 1800 1814 (-2316 -1109 439.480042 ) (-2316 -1109 535.479980 ) (-2492 -1109 535.479980 ) (-2492 -1109 439.480042 ) 
4 1800 1803 (-2492 -1093 159.480011 ) (-2492 -1109 159.480011 ) (-2492 -1109 535.479980 ) (-2492 -1093 535.479980 ) 
4 1800 1801 (-2492 -1109 543.479980 ) (-2492 -1109 1055.479980 ) (-2492 -1093 1055.479980 ) (-2492 -1093 543.479980 ) 
4 1801 1813 (-2492 -1109 543.479980 ) (-2492 -1109 1055.479980 ) (-2556 -1109 1055.479980 ) (-2556 -1109 543.479980 ) 
4 1801 1802 (-2556 -1109 543.479980 ) (-2556 -1109 1055.479980 ) (-2556 -1024 1055.479980 ) (-2556 -1024 543.479980 ) 
4 1802 1816 (-2556 -1109 1055.479980 ) (-2604 -1109 1055.479980 ) (-2604 -1109 535.479980 ) (-2556 -1109 535.479980 ) 
4 1802 1806 (-2604 -1109 535.479980 ) (-2604 -1109 1055.479980 ) (-2604 -1024 1055.479980 ) (-2604 -1024 535.479980 ) 
4 1802 1804 (-2604 -1093 535.479980 ) (-2604 -1024 535.479980 ) (-2556 -1024 535.479980 ) (-2556 -1093 535.479980 ) 
4 1802 1805 (-2604 -1109 535.479980 ) (-2604 -1093 535.479980 ) (-2556 -1093 535.479980 ) (-2556 -1109 535.479980 ) 
4 1803 1828 (-2508 -1024 159.480011 ) (-2492 -1024 159.480011 ) (-2492 -1109 159.480011 ) (-2508 -1109 159.480011 ) 
4 1803 1824 (-2508 -1109 159.480011 ) (-2492 -1109 159.480011 ) (-2492 -1109 215.480011 ) (-2508 -1109 215.480011 ) 
4 1803 1818 (-2492 -1109 223.480011 ) (-2492 -1109 439.480042 ) (-2508 -1109 439.480042 ) (-2508 -1109 223.480011 ) 
4 1803 1814 (-2492 -1109 439.480042 ) (-2492 -1109 535.479980 ) (-2508 -1109 535.479980 ) (-2508 -1109 439.480042 ) 
4 1803 1804 (-2508 -1093 439.480042 ) (-2508 -1093 535.479980 ) (-2508 -1024 535.479980 ) (-2508 -1024 439.480042 ) 
4 1803 1805 (-2508 -1093 159.480011 ) (-2508 -1109 159.480011 ) (-2508 -1109 535.479980 ) (-2508 -1093 535.479980 ) 
4 1804 1806 (-2604 -1093 439.480042 ) (-2604 -1093 535.479980 ) (-2604 -1024 535.479980 ) (-2604 -1024 439.480042 ) 
4 1804 1805 (-2508 -1093 439.480042 ) (-2508 -1093 535.479980 ) (-2604 -1093 535.479980 ) (-2604 -1093 439.480042 ) 
4 1805 1828 (-2508 -1093 159.480011 ) (-2508 -1109 159.480011 ) (-2604 -1109 159.480011 ) (-2604 -1093 159.480011 ) 
4 1805 1824 (-2604 -1109 159.480011 ) (-2508 -1109 159.480011 ) (-2508 -1109 215.480011 ) (-2604 -1109 215.480011 ) 
4 1805 1818 (-2508 -1109 223.480011 ) (-2508 -1109 439.480042 ) (-2604 -1109 439.480042 ) (-2604 -1109 223.480011 ) 
4 1805 1814 (-2508 -1109 439.480042 ) (-2508 -1109 535.479980 ) (-2556 -1109 535.479980 ) (-2556 -1109 439.480042 ) 
4 1805 1816 (-2556 -1109 535.479980 ) (-2604 -1109 535.479980 ) (-2604 -1109 439.480042 ) (-2556 -1109 439.480042 ) 
4 1805 1806 (-2604 -1093 159.480011 ) (-2604 -1109 159.480011 ) (-2604 -1109 535.479980 ) (-2604 -1093 535.479980 ) 
4 1806 1828 (-2620 -1024 159.480011 ) (-2604 -1024 159.480011 ) (-2604 -1109 159.480011 ) (-2620 -1109 159.480011 ) 
4 1806 1824 (-2620 -1109 159.480011 ) (-2604 -1109 159.480011 ) (-2604 -1109 215.480011 ) (-2620 -1109 215.480011 ) 
4 1806 1818 (-2604 -1109 223.480011 ) (-2604 -1109 439.480042 ) (-2620 -1109 439.480042 ) (-2620 -1109 223.480011 ) 
4 1806 1816 (-2604 -1109 439.480042 ) (-2604 -1109 1055.479980 ) (-2620 -1109 1055.479980 ) (-2620 -1109 439.480042 ) 
4 1806 1807 (-2620 -1109 223.480011 ) (-2620 -1109 1055.479980 ) (-2620 -1024 1055.479980 ) (-2620 -1024 223.480011 ) 
4 1806 1808 (-2620 -1024 159.480011 ) (-2620 -1109 159.480011 ) (-2620 -1109 215.480011 ) (-2620 -1024 215.480011 ) 
4 1807 1818 (-2620 -1109 223.480011 ) (-2620 -1109 439.480042 ) (-2684 -1109 439.480042 ) (-2684 -1109 223.480011 ) 
4 1807 1816 (-2620 -1109 439.480042 ) (-2620 -1109 1055.479980 ) (-2684 -1109 1055.479980 ) (-2684 -1109 439.480042 ) 
4 1807 1809 (-2684 -1109 223.480011 ) (-2684 -1109 1055.479980 ) (-2684 -1024 1055.479980 ) (-2684 -1024 223.480011 ) 
4 1808 1828 (-2684 -1024 159.480011 ) (-2620 -1024 159.480011 ) (-2620 -1109 159.480011 ) (-2684 -1109 159.480011 ) 
4 1808 1824 (-2684 -1109 159.480011 ) (-2620 -1109 159.480011 ) (-2620 -1109 215.480011 ) (-2684 -1109 215.480011 ) 
4 1808 1809 (-2684 -1024 159.480011 ) (-2684 -1109 159.480011 ) (-2684 -1109 215.480011 ) (-2684 -1024 215.480011 ) 
4 1809 1828 (-2700 -1024 159.480011 ) (-2684 -1024 159.480011 ) (-2684 -1109 159.480011 ) (-2700 -1109 159.480011 ) 
4 1809 1823 (-2684 -1109 215.480011 ) (-2684 -1109 223.480011 ) (-2700 -1109 223.480011 ) (-2700 -1109 215.480011 ) 
4 1809 1824 (-2700 -1109 159.480011 ) (-2684 -1109 159.480011 ) (-2684 -1109 215.480011 ) (-2700 -1109 215.480011 ) 
4 1809 1818 (-2684 -1109 223.480011 ) (-2684 -1109 439.480042 ) (-2700 -1109 439.480042 ) (-2700 -1109 223.480011 ) 
4 1809 1816 (-2684 -1109 439.480042 ) (-2684 -1109 1055.479980 ) (-2700 -1109 1055.479980 ) (-2700 -1109 439.480042 ) 
4 1809 1810 (-2700 -1093 827.979980 ) (-2700 -1093 1055.479980 ) (-2700 -1024 1055.479980 ) (-2700 -1024 827.979980 ) 
4 1809 1811 (-2700 -1093 159.480011 ) (-2700 -1109 159.480011 ) (-2700 -1109 1055.479980 ) (-2700 -1093 1055.479980 ) 
4 1810 1811 (-3020 -1093 1055.479980 ) (-3020 -1093 827.979980 ) (-2700 -1093 827.979980 ) (-2700 -1093 1055.479980 ) 
4 1811 1828 (-2700 -1093 159.480011 ) (-2700 -1109 159.480011 ) (-3020 -1109 159.480011 ) (-3020 -1093 159.480011 ) 
4 1811 1823 (-2700 -1109 215.480011 ) (-2700 -1109 223.480011 ) (-2940 -1109 223.480011 ) (-2940 -1109 215.480011 ) 
4 1811 1824 (-3020 -1109 159.480011 ) (-2700 -1109 159.480011 ) (-2700 -1109 215.480011 ) (-3020 -1109 215.480011 ) 
4 1811 1818 (-2700 -1109 223.480011 ) (-2700 -1109 439.480042 ) (-3020 -1109 439.480042 ) (-3020 -1109 223.480011 ) 
4 1811 1816 (-2700 -1109 439.480042 ) (-2700 -1109 1055.479980 ) (-3020 -1109 1055.479980 ) (-3020 -1109 439.480042 ) 
4 1811 1812 (-3020 -1093 159.480011 ) (-3020 -1109 159.480011 ) (-3020 -1109 1055.479980 ) (-3020 -1093 1055.479980 ) 
4 1812 2107 (-3072 -1093 159.480011 ) (-3072 -1109 159.480011 ) (-3072 -1109 1055.479980 ) (-3072 -1093 1055.479980 ) 
4 1812 1828 (-3072 -1109 159.480011 ) (-3072 -1093 159.480011 ) (-3020 -1093 159.480011 ) (-3020 -1109 159.480011 ) 
4 1812 1824 (-3072 -1109 159.480011 ) (-3020 -1109 159.480011 ) (-3020 -1109 215.480011 ) (-3072 -1109 215.480011 ) 
4 1812 1818 (-3020 -1109 223.480011 ) (-3020 -1109 439.480042 ) (-3072 -1109 439.480042 ) (-3072 -1109 223.480011 ) 
4 1812 1816 (-3020 -1109 439.480042 ) (-3020 -1109 1055.479980 ) (-3072 -1109 1055.479980 ) (-3072 -1109 439.480042 ) 
4 1813 1816 (-2556 -1173 543.479980 ) (-2556 -1173 1608 ) (-2556 -1109 1608 ) (-2556 -1109 543.479980 ) 
4 1813 1815 (-2556 -1173 1608 ) (-2556 -1173 543.479980 ) (-2048 -1173 543.479980 ) (-2048 -1173 1608 ) 
4 1814 1818 (-2556 -1173 439.480042 ) (-2556 -1109 439.480042 ) (-2316 -1109 439.480042 ) (-2316 -1173 439.480042 ) 
4 1814 1815 (-2556 -1173 535.479980 ) (-2556 -1173 439.480042 ) (-2048 -1173 439.480042 ) (-2048 -1173 535.479980 ) 
4 1814 1816 (-2556 -1109 439.480042 ) (-2556 -1173 439.480042 ) (-2556 -1173 535.479980 ) (-2556 -1109 535.479980 ) 
4 1815 1819 (-2048 -1189 1055.479980 ) (-2048 -1189 1608 ) (-2556 -1189 1608 ) (-2556 -1189 1055.479980 ) 
4 1815 1818 (-2316 -1189 439.480042 ) (-2556 -1189 439.480042 ) (-2556 -1173 439.480042 ) (-2316 -1173 439.480042 ) 
4 1815 1816 (-2556 -1173 439.480042 ) (-2556 -1189 439.480042 ) (-2556 -1189 1608 ) (-2556 -1173 1608 ) 
4 1816 2109 (-3072 -1109 1055.479980 ) (-3072 -1109 439.480042 ) (-3072 -1173 439.480042 ) (-3072 -1173 1055.479980 ) 
4 1816 2111 (-3072 -1173 439.480042 ) (-3072 -1189 439.480042 ) (-3072 -1189 1055.479980 ) (-3072 -1173 1055.479980 ) 
4 1816 2105 (-3072 -1109 1608 ) (-3072 -1109 1055.479980 ) (-3072 -1189 1055.479980 ) (-3072 -1189 1608 ) 
4 1816 1821 (-3072 -1189 1055.479980 ) (-3072 -1189 439.480042 ) (-3020 -1189 439.480042 ) (-3020 -1189 1055.479980 ) 
4 1816 1819 (-2556 -1189 1608 ) (-3072 -1189 1608 ) (-3072 -1189 1055.479980 ) (-2556 -1189 1055.479980 ) 
4 1816 1818 (-2556 -1189 439.480042 ) (-3072 -1189 439.480042 ) (-3072 -1109 439.480042 ) (-2556 -1109 439.480042 ) 
4 1817 1825 (-2048 -1173 223.480011 ) (-2048 -1189 223.480011 ) (-2316 -1189 223.480011 ) (-2316 -1173 223.480011 ) 
4 1817 1822 (-2108 -1109 223.480011 ) (-2048 -1109 223.480011 ) (-2048 -1173 223.480011 ) (-2108 -1173 223.480011 ) 
4 1817 1818 (-2316 -1109 223.480011 ) (-2316 -1189 223.480011 ) (-2316 -1189 415.480042 ) (-2316 -1109 415.480042 ) 
4 1818 2109 (-3072 -1109 439.480042 ) (-3072 -1109 223.480011 ) (-3072 -1173 223.480011 ) (-3072 -1173 439.480042 ) 
4 1818 2111 (-3072 -1173 223.480011 ) (-3072 -1189 223.480011 ) (-3072 -1189 439.480042 ) (-3072 -1173 439.480042 ) 
4 1818 1825 (-3020 -1173 223.480011 ) (-2316 -1173 223.480011 ) (-2316 -1189 223.480011 ) (-3020 -1189 223.480011 ) 
4 1818 1827 (-3072 -1189 223.480011 ) (-3072 -1173 223.480011 ) (-3020 -1173 223.480011 ) (-3020 -1189 223.480011 ) 
4 1818 1823 (-2940 -1109 223.480011 ) (-2684 -1109 223.480011 ) (-2684 -1173 223.480011 ) (-2940 -1173 223.480011 ) 
4 1818 1821 (-3072 -1189 223.480011 ) (-3020 -1189 223.480011 ) (-3020 -1189 439.480042 ) (-3072 -1189 439.480042 ) 
4 1819 2122 (-3072 -1568 1055.479980 ) (-3072 -1568 1608 ) (-3072 -1328 1608 ) (-3072 -1328 1055.479980 ) 
4 1819 2105 (-3072 -1328 1608 ) (-3072 -1189 1608 ) (-3072 -1189 1055.479980 ) (-3072 -1328 1055.479980 ) 
4 1819 1860 (-3064 -1568 1608 ) (-3072 -1568 1608 ) (-3072 -1568 1160 ) (-3064 -1568 1160 ) 
4 1819 1861 (-3072 -1568 1144 ) (-3072 -1568 1055.479980 ) (-3064 -1568 1055.479980 ) (-3064 -1568 1144 ) 
4 1819 1854 (-3040 -1568 1144 ) (-3040 -1568 1055.479980 ) (-2808 -1568 1055.479980 ) (-2808 -1568 1144 ) 
4 1819 1853 (-2808 -1568 1608 ) (-3040 -1568 1608 ) (-3040 -1568 1160 ) (-2808 -1568 1160 ) 
4 1819 1856 (-3040 -1568 1608 ) (-3048 -1568 1608 ) (-3048 -1568 1055.479980 ) (-3040 -1568 1055.479980 ) 
4 1819 1846 (-2784 -1568 1144 ) (-2784 -1568 1055.479980 ) (-2552 -1568 1055.479980 ) (-2552 -1568 1144 ) 
4 1819 1845 (-2552 -1568 1608 ) (-2784 -1568 1608 ) (-2784 -1568 1160 ) (-2552 -1568 1160 ) 
4 1819 1847 (-2784 -1568 1608 ) (-2792 -1568 1608 ) (-2792 -1568 1055.479980 ) (-2784 -1568 1055.479980 ) 
4 1819 1837 (-2296 -1568 1608 ) (-2528 -1568 1608 ) (-2528 -1568 1160 ) (-2296 -1568 1160 ) 
4 1819 1838 (-2528 -1568 1144 ) (-2528 -1568 1055.479980 ) (-2296 -1568 1055.479980 ) (-2296 -1568 1144 ) 
4 1819 1839 (-2528 -1568 1608 ) (-2536 -1568 1608 ) (-2536 -1568 1055.479980 ) (-2528 -1568 1055.479980 ) 
4 1819 1830 (-2048 -1568 1055.479980 ) (-2048 -1568 1144 ) (-2272 -1568 1144 ) (-2272 -1568 1055.479980 ) 
4 1819 1829 (-2048 -1568 1160 ) (-2048 -1568 1608 ) (-2272 -1568 1608 ) (-2272 -1568 1160 ) 
4 1819 1832 (-2272 -1568 1608 ) (-2280 -1568 1608 ) (-2280 -1568 1055.479980 ) (-2272 -1568 1055.479980 ) 
4 1819 1820 (-2048 -1568 1055.479980 ) (-3020 -1568 1055.479980 ) (-3020 -1301 1055.479980 ) (-2048 -1301 1055.479980 ) 
4 1819 1821 (-3020 -1568 1055.479980 ) (-3072 -1568 1055.479980 ) (-3072 -1189 1055.479980 ) (-3020 -1189 1055.479980 ) 
4 1820 1858 (-3020 -1568 384 ) (-3020 -1568 223.480011 ) (-2808 -1568 223.480011 ) (-2808 -1568 384 ) 
4 1820 1857 (-3020 -1568 640 ) (-3020 -1568 400 ) (-2808 -1568 400 ) (-2808 -1568 640 ) 
4 1820 1855 (-3020 -1568 888 ) (-3020 -1568 656 ) (-2808 -1568 656 ) (-2808 -1568 888 ) 
4 1820 1854 (-2808 -1568 1055.479980 ) (-3020 -1568 1055.479980 ) (-3020 -1568 904 ) (-2808 -1568 904 ) 
4 1820 1850 (-2792 -1568 640 ) (-2792 -1568 400 ) (-2552 -1568 400 ) (-2552 -1568 640 ) 
4 1820 1851 (-2792 -1568 384 ) (-2792 -1568 223.480011 ) (-2552 -1568 223.480011 ) (-2552 -1568 384 ) 
4 1820 1848 (-2552 -1568 656 ) (-2552 -1568 888 ) (-2784 -1568 888 ) (-2784 -1568 656 ) 
4 1820 1849 (-2792 -1568 888 ) (-2792 -1568 640 ) (-2784 -1568 640 ) (-2784 -1568 888 ) 
4 1820 1846 (-2552 -1568 1055.479980 ) (-2784 -1568 1055.479980 ) (-2784 -1568 904 ) (-2552 -1568 904 ) 
4 1820 1847 (-2784 -1568 1055.479980 ) (-2792 -1568 1055.479980 ) (-2792 -1568 888 ) (-2784 -1568 888 ) 
4 1820 1842 (-2536 -1568 640 ) (-2536 -1568 400 ) (-2296 -1568 400 ) (-2296 -1568 640 ) 
4 1820 1843 (-2536 -1568 384 ) (-2536 -1568 223.480011 ) (-2296 -1568 223.480011 ) (-2296 -1568 384 ) 
4 1820 1840 (-2296 -1568 656 ) (-2296 -1568 888 ) (-2528 -1568 888 ) (-2528 -1568 656 ) 
4 1820 1841 (-2536 -1568 888 ) (-2536 -1568 640 ) (-2528 -1568 640 ) (-2528 -1568 888 ) 
4 1820 1838 (-2296 -1568 1055.479980 ) (-2528 -1568 1055.479980 ) (-2528 -1568 904 ) (-2296 -1568 904 ) 
4 1820 1839 (-2528 -1568 1055.479980 ) (-2536 -1568 1055.479980 ) (-2536 -1568 888 ) (-2528 -1568 888 ) 
4 1820 1835 (-2048 -1568 223.480011 ) (-2048 -1568 384 ) (-2280 -1568 384 ) (-2280 -1568 223.480011 ) 
4 1820 1834 (-2048 -1568 400 ) (-2048 -1568 640 ) (-2280 -1568 640 ) (-2280 -1568 400 ) 
4 1820 1833 (-2272 -1568 656 ) (-2280 -1568 656 ) (-2280 -1568 640 ) (-2272 -1568 640 ) 
4 1820 1830 (-2048 -1568 904 ) (-2048 -1568 1055.479980 ) (-2272 -1568 1055.479980 ) (-2272 -1568 904 ) 
4 1820 1831 (-2048 -1568 656 ) (-2048 -1568 888 ) (-2272 -1568 888 ) (-2272 -1568 656 ) 
4 1820 1832 (-2272 -1568 1055.479980 ) (-2280 -1568 1055.479980 ) (-2280 -1568 656 ) (-2272 -1568 656 ) 
4 1820 1826 (-2048 -1568 223.480011 ) (-3020 -1568 223.480011 ) (-3020 -1301 223.480011 ) (-2048 -1301 223.480011 ) 
4 1820 1821 (-3020 -1568 1055.479980 ) (-3020 -1301 1055.479980 ) (-3020 -1301 223.480011 ) (-3020 -1568 223.480011 ) 
4 1821 2129 (-3072 -1568 223.480011 ) (-3072 -1568 640 ) (-3072 -1328 640 ) (-3072 -1328 223.480011 ) 
4 1821 2126 (-3072 -1568 640 ) (-3072 -1568 888 ) (-3072 -1328 888 ) (-3072 -1328 640 ) 
4 1821 2122 (-3072 -1568 888 ) (-3072 -1568 1055.479980 ) (-3072 -1328 1055.479980 ) (-3072 -1328 888 ) 
4 1821 2111 (-3072 -1328 1055.479980 ) (-3072 -1189 1055.479980 ) (-3072 -1189 223.480011 ) (-3072 -1328 223.480011 ) 
4 1821 1863 (-3072 -1568 640 ) (-3072 -1568 400 ) (-3064 -1568 400 ) (-3064 -1568 640 ) 
4 1821 1864 (-3072 -1568 384 ) (-3072 -1568 223.480011 ) (-3064 -1568 223.480011 ) (-3064 -1568 384 ) 
4 1821 1862 (-3072 -1568 888 ) (-3072 -1568 656 ) (-3064 -1568 656 ) (-3064 -1568 888 ) 
4 1821 1861 (-3064 -1568 1055.479980 ) (-3072 -1568 1055.479980 ) (-3072 -1568 904 ) (-3064 -1568 904 ) 
4 1821 1858 (-3048 -1568 384 ) (-3048 -1568 223.480011 ) (-3020 -1568 223.480011 ) (-3020 -1568 384 ) 
4 1821 1857 (-3048 -1568 640 ) (-3048 -1568 400 ) (-3020 -1568 400 ) (-3020 -1568 640 ) 
4 1821 1855 (-3040 -1568 888 ) (-3040 -1568 656 ) (-3020 -1568 656 ) (-3020 -1568 888 ) 
4 1821 1854 (-3020 -1568 1055.479980 ) (-3040 -1568 1055.479980 ) (-3040 -1568 904 ) (-3020 -1568 904 ) 
4 1821 1856 (-3040 -1568 1055.479980 ) (-3048 -1568 1055.479980 ) (-3048 -1568 640 ) (-3040 -1568 640 ) 
4 1821 1827 (-3020 -1568 223.480011 ) (-3072 -1568 223.480011 ) (-3072 -1189 223.480011 ) (-3020 -1189 223.480011 ) 
4 1822 1825 (-2048 -1173 215.480011 ) (-2048 -1173 223.480011 ) (-2108 -1173 223.480011 ) (-2108 -1173 215.480011 ) 
4 1822 1824 (-2048 -1173 215.480011 ) (-2108 -1173 215.480011 ) (-2108 -1109 215.480011 ) (-2048 -1109 215.480011 ) 
4 1823 1825 (-2684 -1173 223.480011 ) (-2940 -1173 223.480011 ) (-2940 -1173 215.480011 ) (-2684 -1173 215.480011 ) 
4 1823 1824 (-2684 -1173 215.480011 ) (-2940 -1173 215.480011 ) (-2940 -1109 215.480011 ) (-2684 -1109 215.480011 ) 
4 1824 2110 (-3072 -1109 215.480011 ) (-3072 -1109 159.480011 ) (-3072 -1173 159.480011 ) (-3072 -1173 215.480011 ) 
4 1824 1828 (-3072 -1173 159.480011 ) (-3072 -1109 159.480011 ) (-2048 -1109 159.480011 ) (-2048 -1173 159.480011 ) 
4 1824 1825 (-3020 -1173 159.480011 ) (-2048 -1173 159.480011 ) (-2048 -1173 215.480011 ) (-3020 -1173 215.480011 ) 
4 1824 1827 (-3072 -1173 159.480011 ) (-3020 -1173 159.480011 ) (-3020 -1173 215.480011 ) (-3072 -1173 215.480011 ) 
4 1825 1828 (-3020 -1189 159.480011 ) (-3020 -1173 159.480011 ) (-2048 -1173 159.480011 ) (-2048 -1189 159.480011 ) 
4 1825 1827 (-3020 -1173 223.480011 ) (-3020 -1173 159.480011 ) (-3020 -1189 159.480011 ) (-3020 -1189 223.480011 ) 
4 1826 1858 (-2808 -1568 223.480011 ) (-3020 -1568 223.480011 ) (-3020 -1568 159.480011 ) (-2808 -1568 159.480011 ) 
4 1826 1851 (-2552 -1568 223.480011 ) (-2792 -1568 223.480011 ) (-2792 -1568 159.480011 ) (-2552 -1568 159.480011 ) 
4 1826 1843 (-2296 -1568 223.480011 ) (-2536 -1568 223.480011 ) (-2536 -1568 159.480011 ) (-2296 -1568 159.480011 ) 
4 1826 1835 (-2048 -1568 159.480011 ) (-2048 -1568 223.480011 ) (-2280 -1568 223.480011 ) (-2280 -1568 159.480011 ) 
4 1826 1828 (-2048 -1568 159.480011 ) (-3020 -1568 159.480011 ) (-3020 -1301 159.480011 ) (-2048 -1301 159.480011 ) 
4 1826 1827 (-3020 -1301 159.480011 ) (-3020 -1568 159.480011 ) (-3020 -1568 223.480011 ) (-3020 -1301 223.480011 ) 
4 1827 2129 (-3072 -1568 159.480011 ) (-3072 -1568 223.480011 ) (-3072 -1328 223.480011 ) (-3072 -1328 159.480011 ) 
4 1827 2111 (-3072 -1328 223.480011 ) (-3072 -1173 223.480011 ) (-3072 -1173 159.480011 ) (-3072 -1328 159.480011 ) 
4 1827 1864 (-3064 -1568 223.480011 ) (-3072 -1568 223.480011 ) (-3072 -1568 159.480011 ) (-3064 -1568 159.480011 ) 
4 1827 1858 (-3020 -1568 223.480011 ) (-3048 -1568 223.480011 ) (-3048 -1568 159.480011 ) (-3020 -1568 159.480011 ) 
4 1827 1828 (-3020 -1568 159.480011 ) (-3072 -1568 159.480011 ) (-3072 -1173 159.480011 ) (-3020 -1173 159.480011 ) 
4 1828 2135 (-3072 -1568 -632 ) (-3072 -1568 128 ) (-3072 -1328 128 ) (-3072 -1328 -632 ) 
4 1828 2133 (-3072 -1568 128 ) (-3072 -1568 144 ) (-3072 -1328 144 ) (-3072 -1328 128 ) 
4 1828 2129 (-3072 -1568 144 ) (-3072 -1568 159.480011 ) (-3072 -1328 159.480011 ) (-3072 -1328 144 ) 
4 1828 2110 (-3072 -1173 159.480011 ) (-3072 -1109 159.480011 ) (-3072 -1109 -632 ) (-3072 -1173 -632 ) 
4 1828 2111 (-3072 -1328 159.480011 ) (-3072 -1173 159.480011 ) (-3072 -1173 -632 ) (-3072 -1328 -632 ) 
4 1828 2106 (-3072 -1093 159.480011 ) (-3072 -1024 159.480011 ) (-3072 -1024 -632 ) (-3072 -1093 -632 ) 
4 1828 2107 (-3072 -1109 159.480011 ) (-3072 -1093 159.480011 ) (-3072 -1093 -632 ) (-3072 -1109 -632 ) 
4 1828 1865 (-3072 -1568 128 ) (-3072 -1568 -632 ) (-3064 -1568 -632 ) (-3064 -1568 128 ) 
4 1828 1864 (-3064 -1568 159.480011 ) (-3072 -1568 159.480011 ) (-3072 -1568 144 ) (-3064 -1568 144 ) 
4 1828 1859 (-3048 -1568 128 ) (-3048 -1568 -632 ) (-2808 -1568 -632 ) (-2808 -1568 128 ) 
4 1828 1858 (-2808 -1568 159.480011 ) (-3048 -1568 159.480011 ) (-3048 -1568 144 ) (-2808 -1568 144 ) 
4 1828 1852 (-2792 -1568 128 ) (-2792 -1568 -632 ) (-2552 -1568 -632 ) (-2552 -1568 128 ) 
4 1828 1851 (-2552 -1568 159.480011 ) (-2792 -1568 159.480011 ) (-2792 -1568 144 ) (-2552 -1568 144 ) 
4 1828 1844 (-2536 -1568 128 ) (-2536 -1568 -632 ) (-2296 -1568 -632 ) (-2296 -1568 128 ) 
4 1828 1843 (-2296 -1568 159.480011 ) (-2536 -1568 159.480011 ) (-2536 -1568 144 ) (-2296 -1568 144 ) 
4 1828 1835 (-2048 -1568 144 ) (-2048 -1568 159.480011 ) (-2280 -1568 159.480011 ) (-2280 -1568 144 ) 
4 1828 1836 (-2048 -1568 -632 ) (-2048 -1568 128 ) (-2280 -1568 128 ) (-2280 -1568 -632 ) 
4 1829 1866 (-2048 -1584 1160 ) (-2048 -1584 1608 ) (-2272 -1584 1608 ) (-2272 -1584 1160 ) 
4 1829 1832 (-2272 -1584 1160 ) (-2272 -1584 1608 ) (-2272 -1568 1608 ) (-2272 -1568 1160 ) 
4 1830 1872 (-2048 -1584 904 ) (-2048 -1584 1144 ) (-2272 -1584 1144 ) (-2272 -1584 904 ) 
4 1830 1832 (-2272 -1584 904 ) (-2272 -1584 1144 ) (-2272 -1568 1144 ) (-2272 -1568 904 ) 
4 1831 1878 (-2048 -1584 656 ) (-2048 -1584 888 ) (-2272 -1584 888 ) (-2272 -1584 656 ) 
4 1831 1832 (-2272 -1568 656 ) (-2272 -1584 656 ) (-2272 -1584 888 ) (-2272 -1568 888 ) 
4 1832 1872 (-2280 -1584 1144 ) (-2280 -1584 904 ) (-2272 -1584 904 ) (-2272 -1584 1144 ) 
4 1832 1878 (-2280 -1584 888 ) (-2280 -1584 656 ) (-2272 -1584 656 ) (-2272 -1584 888 ) 
4 1832 1866 (-2272 -1584 1608 ) (-2280 -1584 1608 ) (-2280 -1584 1160 ) (-2272 -1584 1160 ) 
4 1832 1833 (-2272 -1584 656 ) (-2280 -1584 656 ) (-2280 -1568 656 ) (-2272 -1568 656 ) 
4 1833 1834 (-2272 -1584 640 ) (-2280 -1584 640 ) (-2280 -1568 640 ) (-2272 -1568 640 ) 
4 1834 1884 (-2048 -1584 400 ) (-2048 -1584 640 ) (-2280 -1584 640 ) (-2280 -1584 400 ) 
4 1835 1890 (-2048 -1584 144 ) (-2048 -1584 384 ) (-2280 -1584 384 ) (-2280 -1584 144 ) 
4 1836 1896 (-2048 -1584 -632 ) (-2048 -1584 128 ) (-2280 -1584 128 ) (-2280 -1584 -632 ) 
4 1837 1866 (-2296 -1584 1160 ) (-2296 -1584 1608 ) (-2528 -1584 1608 ) (-2528 -1584 1160 ) 
4 1837 1839 (-2528 -1584 1160 ) (-2528 -1584 1608 ) (-2528 -1568 1608 ) (-2528 -1568 1160 ) 
4 1838 1872 (-2296 -1584 904 ) (-2296 -1584 1144 ) (-2528 -1584 1144 ) (-2528 -1584 904 ) 
4 1838 1839 (-2528 -1584 904 ) (-2528 -1584 1144 ) (-2528 -1568 1144 ) (-2528 -1568 904 ) 
4 1839 1872 (-2536 -1584 1144 ) (-2536 -1584 904 ) (-2528 -1584 904 ) (-2528 -1584 1144 ) 
4 1839 1866 (-2528 -1584 1608 ) (-2536 -1584 1608 ) (-2536 -1584 1160 ) (-2528 -1584 1160 ) 
4 1839 1841 (-2536 -1584 888 ) (-2536 -1568 888 ) (-2528 -1568 888 ) (-2528 -1584 888 ) 
4 1840 1878 (-2296 -1584 656 ) (-2296 -1584 888 ) (-2528 -1584 888 ) (-2528 -1584 656 ) 
4 1840 1841 (-2528 -1584 656 ) (-2528 -1584 888 ) (-2528 -1568 888 ) (-2528 -1568 656 ) 
4 1841 1878 (-2528 -1584 888 ) (-2536 -1584 888 ) (-2536 -1584 656 ) (-2528 -1584 656 ) 
4 1841 1842 (-2536 -1584 640 ) (-2536 -1568 640 ) (-2528 -1568 640 ) (-2528 -1584 640 ) 
4 1842 1884 (-2296 -1584 400 ) (-2296 -1584 640 ) (-2536 -1584 640 ) (-2536 -1584 400 ) 
4 1843 1890 (-2296 -1584 144 ) (-2296 -1584 384 ) (-2536 -1584 384 ) (-2536 -1584 144 ) 
4 1844 1896 (-2296 -1584 -632 ) (-2296 -1584 128 ) (-2536 -1584 128 ) (-2536 -1584 -632 ) 
4 1845 1866 (-2552 -1584 1160 ) (-2552 -1584 1608 ) (-2784 -1584 1608 ) (-2784 -1584 1160 ) 
4 1845 1847 (-2784 -1584 1160 ) (-2784 -1584 1608 ) (-2784 -1568 1608 ) (-2784 -1568 1160 ) 
4 1846 1872 (-2552 -1584 904 ) (-2552 -1584 1144 ) (-2784 -1584 1144 ) (-2784 -1584 904 ) 
4 1846 1847 (-2784 -1584 904 ) (-2784 -1584 1144 ) (-2784 -1568 1144 ) (-2784 -1568 904 ) 
4 1847 1872 (-2792 -1584 1144 ) (-2792 -1584 904 ) (-2784 -1584 904 ) (-2784 -1584 1144 ) 
4 1847 1866 (-2784 -1584 1608 ) (-2792 -1584 1608 ) (-2792 -1584 1160 ) (-2784 -1584 1160 ) 
4 1847 1849 (-2792 -1584 888 ) (-2792 -1568 888 ) (-2784 -1568 888 ) (-2784 -1584 888 ) 
4 1848 1878 (-2552 -1584 656 ) (-2552 -1584 888 ) (-2784 -1584 888 ) (-2784 -1584 656 ) 
4 1848 1849 (-2784 -1584 656 ) (-2784 -1584 888 ) (-2784 -1568 888 ) (-2784 -1568 656 ) 
4 1849 1878 (-2784 -1584 888 ) (-2792 -1584 888 ) (-2792 -1584 656 ) (-2784 -1584 656 ) 
4 1849 1850 (-2792 -1584 640 ) (-2792 -1568 640 ) (-2784 -1568 640 ) (-2784 -1584 640 ) 
4 1850 1884 (-2552 -1584 400 ) (-2552 -1584 640 ) (-2792 -1584 640 ) (-2792 -1584 400 ) 
4 1851 1890 (-2552 -1584 144 ) (-2552 -1584 384 ) (-2792 -1584 384 ) (-2792 -1584 144 ) 
4 1852 1896 (-2552 -1584 -632 ) (-2552 -1584 128 ) (-2792 -1584 128 ) (-2792 -1584 -632 ) 
4 1853 1866 (-2808 -1584 1160 ) (-2808 -1584 1608 ) (-3040 -1584 1608 ) (-3040 -1584 1160 ) 
4 1853 1856 (-3040 -1584 1160 ) (-3040 -1584 1608 ) (-3040 -1568 1608 ) (-3040 -1568 1160 ) 
4 1854 1872 (-2808 -1584 904 ) (-2808 -1584 1144 ) (-3040 -1584 1144 ) (-3040 -1584 904 ) 
4 1854 1856 (-3040 -1584 904 ) (-3040 -1584 1144 ) (-3040 -1568 1144 ) (-3040 -1568 904 ) 
4 1855 1878 (-2808 -1584 656 ) (-2808 -1584 888 ) (-3040 -1584 888 ) (-3040 -1584 656 ) 
4 1855 1856 (-3040 -1584 656 ) (-3040 -1584 888 ) (-3040 -1568 888 ) (-3040 -1568 656 ) 
4 1856 1872 (-3048 -1584 1144 ) (-3048 -1584 904 ) (-3040 -1584 904 ) (-3040 -1584 1144 ) 
4 1856 1878 (-3048 -1584 888 ) (-3048 -1584 656 ) (-3040 -1584 656 ) (-3040 -1584 888 ) 
4 1856 1866 (-3040 -1584 1608 ) (-3048 -1584 1608 ) (-3048 -1584 1160 ) (-3040 -1584 1160 ) 
4 1856 1857 (-3048 -1584 640 ) (-3048 -1568 640 ) (-3040 -1568 640 ) (-3040 -1584 640 ) 
4 1857 1884 (-2808 -1584 400 ) (-2808 -1584 640 ) (-3048 -1584 640 ) (-3048 -1584 400 ) 
4 1858 1890 (-2808 -1584 144 ) (-2808 -1584 384 ) (-3048 -1584 384 ) (-3048 -1584 144 ) 
4 1859 1896 (-2808 -1584 -632 ) (-2808 -1584 128 ) (-3048 -1584 128 ) (-3048 -1584 -632 ) 
4 1860 2138 (-3072 -1584 1160 ) (-3072 -1584 1608 ) (-3072 -1568 1608 ) (-3072 -1568 1160 ) 
4 1860 1866 (-3072 -1584 1608 ) (-3072 -1584 1160 ) (-3064 -1584 1160 ) (-3064 -1584 1608 ) 
4 1861 2139 (-3072 -1584 904 ) (-3072 -1584 1144 ) (-3072 -1568 1144 ) (-3072 -1568 904 ) 
4 1861 1872 (-3072 -1584 1144 ) (-3072 -1584 904 ) (-3064 -1584 904 ) (-3064 -1584 1144 ) 
4 1862 2140 (-3072 -1584 656 ) (-3072 -1584 888 ) (-3072 -1568 888 ) (-3072 -1568 656 ) 
4 1862 1878 (-3072 -1584 888 ) (-3072 -1584 656 ) (-3064 -1584 656 ) (-3064 -1584 888 ) 
4 1863 2141 (-3072 -1584 400 ) (-3072 -1584 640 ) (-3072 -1568 640 ) (-3072 -1568 400 ) 
4 1863 1884 (-3072 -1584 640 ) (-3072 -1584 400 ) (-3064 -1584 400 ) (-3064 -1584 640 ) 
4 1864 2143 (-3072 -1584 144 ) (-3072 -1584 384 ) (-3072 -1568 384 ) (-3072 -1568 144 ) 
4 1864 1890 (-3072 -1584 384 ) (-3072 -1584 144 ) (-3064 -1584 144 ) (-3064 -1584 384 ) 
4 1865 2144 (-3072 -1584 -632 ) (-3072 -1584 128 ) (-3072 -1568 128 ) (-3072 -1568 -632 ) 
4 1865 1896 (-3072 -1584 128 ) (-3072 -1584 -632 ) (-3064 -1584 -632 ) (-3064 -1584 128 ) 
4 1866 2148 (-3072 -1824 1160 ) (-3072 -1824 1608 ) (-3072 -1584 1608 ) (-3072 -1584 1160 ) 
4 1866 1926 (-3064 -1824 1608 ) (-3072 -1824 1608 ) (-3072 -1824 1160 ) (-3064 -1824 1160 ) 
4 1866 1918 (-2808 -1824 1608 ) (-3040 -1824 1608 ) (-3040 -1824 1160 ) (-2808 -1824 1160 ) 
4 1866 1921 (-3040 -1824 1608 ) (-3048 -1824 1608 ) (-3048 -1824 1160 ) (-3040 -1824 1160 ) 
4 1866 1911 (-2552 -1824 1608 ) (-2784 -1824 1608 ) (-2784 -1824 1160 ) (-2552 -1824 1160 ) 
4 1866 1914 (-2784 -1824 1608 ) (-2792 -1824 1608 ) (-2792 -1824 1160 ) (-2784 -1824 1160 ) 
4 1866 1904 (-2296 -1824 1608 ) (-2528 -1824 1608 ) (-2528 -1824 1160 ) (-2296 -1824 1160 ) 
4 1866 1907 (-2528 -1824 1608 ) (-2536 -1824 1608 ) (-2536 -1824 1160 ) (-2528 -1824 1160 ) 
4 1866 1897 (-2048 -1824 1160 ) (-2048 -1824 1608 ) (-2272 -1824 1608 ) (-2272 -1824 1160 ) 
4 1866 1901 (-2272 -1824 1608 ) (-2280 -1824 1608 ) (-2280 -1824 1160 ) (-2272 -1824 1160 ) 
4 1866 1870 (-2800 -1824 1160 ) (-3040 -1824 1160 ) (-3040 -1584 1160 ) (-2800 -1584 1160 ) 
4 1866 1871 (-3056 -1824 1160 ) (-3072 -1824 1160 ) (-3072 -1584 1160 ) (-3056 -1584 1160 ) 
4 1866 1868 (-2288 -1824 1160 ) (-2528 -1824 1160 ) (-2528 -1584 1160 ) (-2288 -1584 1160 ) 
4 1866 1869 (-2544 -1824 1160 ) (-2784 -1824 1160 ) (-2784 -1584 1160 ) (-2544 -1584 1160 ) 
4 1866 1867 (-2048 -1824 1160 ) (-2272 -1824 1160 ) (-2272 -1584 1160 ) (-2048 -1584 1160 ) 
4 1867 1872 (-2048 -1824 1144 ) (-2272 -1824 1144 ) (-2272 -1584 1144 ) (-2048 -1584 1144 ) 
4 1868 1872 (-2288 -1824 1144 ) (-2528 -1824 1144 ) (-2528 -1584 1144 ) (-2288 -1584 1144 ) 
4 1869 1872 (-2544 -1824 1144 ) (-2784 -1824 1144 ) (-2784 -1584 1144 ) (-2544 -1584 1144 ) 
4 1870 1872 (-2800 -1824 1144 ) (-3040 -1824 1144 ) (-3040 -1584 1144 ) (-2800 -1584 1144 ) 
4 1871 2148 (-3072 -1824 1144 ) (-3072 -1824 1160 ) (-3072 -1584 1160 ) (-3072 -1584 1144 ) 
4 1871 1872 (-3056 -1824 1144 ) (-3072 -1824 1144 ) (-3072 -1584 1144 ) (-3056 -1584 1144 ) 
4 1872 2148 (-3072 -1824 904 ) (-3072 -1824 1144 ) (-3072 -1584 1144 ) (-3072 -1584 904 ) 
4 1872 1927 (-3064 -1824 1144 ) (-3072 -1824 1144 ) (-3072 -1824 904 ) (-3064 -1824 904 ) 
4 1872 1919 (-2808 -1824 1144 ) (-3040 -1824 1144 ) (-3040 -1824 904 ) (-2808 -1824 904 ) 
4 1872 1921 (-3040 -1824 1144 ) (-3048 -1824 1144 ) (-3048 -1824 904 ) (-3040 -1824 904 ) 
4 1872 1912 (-2552 -1824 1144 ) (-2784 -1824 1144 ) (-2784 -1824 904 ) (-2552 -1824 904 ) 
4 1872 1914 (-2784 -1824 1144 ) (-2792 -1824 1144 ) (-2792 -1824 904 ) (-2784 -1824 904 ) 
4 1872 1905 (-2296 -1824 1144 ) (-2528 -1824 1144 ) (-2528 -1824 904 ) (-2296 -1824 904 ) 
4 1872 1907 (-2528 -1824 1144 ) (-2536 -1824 1144 ) (-2536 -1824 904 ) (-2528 -1824 904 ) 
4 1872 1898 (-2048 -1824 904 ) (-2048 -1824 1144 ) (-2272 -1824 1144 ) (-2272 -1824 904 ) 
4 1872 1901 (-2272 -1824 1144 ) (-2280 -1824 1144 ) (-2280 -1824 904 ) (-2272 -1824 904 ) 
4 1872 1876 (-2800 -1824 904 ) (-3040 -1824 904 ) (-3040 -1584 904 ) (-2800 -1584 904 ) 
4 1872 1877 (-3056 -1824 904 ) (-3072 -1824 904 ) (-3072 -1584 904 ) (-3056 -1584 904 ) 
4 1872 1874 (-2288 -1824 904 ) (-2528 -1824 904 ) (-2528 -1584 904 ) (-2288 -1584 904 ) 
4 1872 1875 (-2544 -1824 904 ) (-2784 -1824 904 ) (-2784 -1584 904 ) (-2544 -1584 904 ) 
4 1872 1873 (-2048 -1824 904 ) (-2272 -1824 904 ) (-2272 -1584 904 ) (-2048 -1584 904 ) 
4 1873 1878 (-2048 -1824 888 ) (-2272 -1824 888 ) (-2272 -1584 888 ) (-2048 -1584 888 ) 
4 1874 1878 (-2288 -1824 888 ) (-2528 -1824 888 ) (-2528 -1584 888 ) (-2288 -1584 888 ) 
4 1875 1878 (-2544 -1824 888 ) (-2784 -1824 888 ) (-2784 -1584 888 ) (-2544 -1584 888 ) 
4 1876 1878 (-2800 -1824 888 ) (-3040 -1824 888 ) (-3040 -1584 888 ) (-2800 -1584 888 ) 
4 1877 2148 (-3072 -1824 888 ) (-3072 -1824 904 ) (-3072 -1584 904 ) (-3072 -1584 888 ) 
4 1877 1878 (-3056 -1824 888 ) (-3072 -1824 888 ) (-3072 -1584 888 ) (-3056 -1584 888 ) 
4 1878 2152 (-3072 -1824 656 ) (-3072 -1824 888 ) (-3072 -1584 888 ) (-3072 -1584 656 ) 
4 1878 1928 (-3064 -1824 888 ) (-3072 -1824 888 ) (-3072 -1824 656 ) (-3064 -1824 656 ) 
4 1878 1920 (-2808 -1824 888 ) (-3040 -1824 888 ) (-3040 -1824 656 ) (-2808 -1824 656 ) 
4 1878 1921 (-3040 -1824 888 ) (-3048 -1824 888 ) (-3048 -1824 656 ) (-3040 -1824 656 ) 
4 1878 1913 (-2552 -1824 888 ) (-2784 -1824 888 ) (-2784 -1824 656 ) (-2552 -1824 656 ) 
4 1878 1914 (-2784 -1824 888 ) (-2792 -1824 888 ) (-2792 -1824 656 ) (-2784 -1824 656 ) 
4 1878 1906 (-2296 -1824 888 ) (-2528 -1824 888 ) (-2528 -1824 656 ) (-2296 -1824 656 ) 
4 1878 1907 (-2528 -1824 888 ) (-2536 -1824 888 ) (-2536 -1824 656 ) (-2528 -1824 656 ) 
4 1878 1899 (-2048 -1824 656 ) (-2048 -1824 888 ) (-2272 -1824 888 ) (-2272 -1824 656 ) 
4 1878 1901 (-2272 -1824 888 ) (-2280 -1824 888 ) (-2280 -1824 656 ) (-2272 -1824 656 ) 
4 1878 1883 (-3056 -1824 656 ) (-3072 -1824 656 ) (-3072 -1584 656 ) (-3056 -1584 656 ) 
4 1878 1881 (-2544 -1824 656 ) (-2784 -1824 656 ) (-2784 -1584 656 ) (-2544 -1584 656 ) 
4 1878 1882 (-2800 -1824 656 ) (-3040 -1824 656 ) (-3040 -1584 656 ) (-2800 -1584 656 ) 
4 1878 1879 (-2048 -1824 656 ) (-2272 -1824 656 ) (-2272 -1584 656 ) (-2048 -1584 656 ) 
4 1878 1880 (-2288 -1824 656 ) (-2528 -1824 656 ) (-2528 -1584 656 ) (-2288 -1584 656 ) 
4 1879 1884 (-2048 -1824 640 ) (-2272 -1824 640 ) (-2272 -1584 640 ) (-2048 -1584 640 ) 
4 1880 1884 (-2288 -1824 640 ) (-2528 -1824 640 ) (-2528 -1584 640 ) (-2288 -1584 640 ) 
4 1881 1884 (-2544 -1824 640 ) (-2784 -1824 640 ) (-2784 -1584 640 ) (-2544 -1584 640 ) 
4 1882 1884 (-2800 -1824 640 ) (-3040 -1824 640 ) (-3040 -1584 640 ) (-2800 -1584 640 ) 
4 1883 2152 (-3072 -1824 640 ) (-3072 -1824 656 ) (-3072 -1584 656 ) (-3072 -1584 640 ) 
4 1883 1884 (-3056 -1824 640 ) (-3072 -1824 640 ) (-3072 -1584 640 ) (-3056 -1584 640 ) 
4 1884 2155 (-3072 -1824 400 ) (-3072 -1824 640 ) (-3072 -1584 640 ) (-3072 -1584 400 ) 
4 1884 1929 (-3064 -1824 640 ) (-3072 -1824 640 ) (-3072 -1824 400 ) (-3064 -1824 400 ) 
4 1884 1923 (-2808 -1824 640 ) (-3048 -1824 640 ) (-3048 -1824 400 ) (-2808 -1824 400 ) 
4 1884 1915 (-2552 -1824 640 ) (-2792 -1824 640 ) (-2792 -1824 400 ) (-2552 -1824 400 ) 
4 1884 1908 (-2296 -1824 640 ) (-2536 -1824 640 ) (-2536 -1824 400 ) (-2296 -1824 400 ) 
4 1884 1900 (-2048 -1824 400 ) (-2048 -1824 640 ) (-2272 -1824 640 ) (-2272 -1824 400 ) 
4 1884 1901 (-2272 -1824 640 ) (-2280 -1824 640 ) (-2280 -1824 400 ) (-2272 -1824 400 ) 
4 1884 1888 (-2808 -1824 400 ) (-3048 -1824 400 ) (-3048 -1584 400 ) (-2808 -1584 400 ) 
4 1884 1889 (-3064 -1824 400 ) (-3072 -1824 400 ) (-3072 -1584 400 ) (-3064 -1584 400 ) 
4 1884 1887 (-2552 -1824 400 ) (-2792 -1824 400 ) (-2792 -1584 400 ) (-2552 -1584 400 ) 
4 1884 1885 (-2048 -1824 400 ) (-2280 -1824 400 ) (-2280 -1584 400 ) (-2048 -1584 400 ) 
4 1884 1886 (-2296 -1824 400 ) (-2536 -1824 400 ) (-2536 -1584 400 ) (-2296 -1584 400 ) 
4 1885 1890 (-2048 -1824 384 ) (-2280 -1824 384 ) (-2280 -1584 384 ) (-2048 -1584 384 ) 
4 1886 1890 (-2296 -1824 384 ) (-2536 -1824 384 ) (-2536 -1584 384 ) (-2296 -1584 384 ) 
4 1887 1890 (-2552 -1824 384 ) (-2792 -1824 384 ) (-2792 -1584 384 ) (-2552 -1584 384 ) 
4 1888 1890 (-2808 -1824 384 ) (-3048 -1824 384 ) (-3048 -1584 384 ) (-2808 -1584 384 ) 
4 1889 2155 (-3072 -1824 384 ) (-3072 -1824 400 ) (-3072 -1584 400 ) (-3072 -1584 384 ) 
4 1889 1890 (-3064 -1824 384 ) (-3072 -1824 384 ) (-3072 -1584 384 ) (-3064 -1584 384 ) 
4 1890 2155 (-3072 -1824 144 ) (-3072 -1824 384 ) (-3072 -1584 384 ) (-3072 -1584 144 ) 
4 1890 1930 (-3064 -1824 384 ) (-3072 -1824 384 ) (-3072 -1824 144 ) (-3064 -1824 144 ) 
4 1890 1924 (-2808 -1824 384 ) (-3048 -1824 384 ) (-3048 -1824 144 ) (-2808 -1824 144 ) 
4 1890 1916 (-2552 -1824 384 ) (-2792 -1824 384 ) (-2792 -1824 144 ) (-2552 -1824 144 ) 
4 1890 1909 (-2296 -1824 384 ) (-2536 -1824 384 ) (-2536 -1824 144 ) (-2296 -1824 144 ) 
4 1890 1902 (-2048 -1824 144 ) (-2048 -1824 384 ) (-2280 -1824 384 ) (-2280 -1824 144 ) 
4 1890 1894 (-2808 -1824 144 ) (-3048 -1824 144 ) (-3048 -1584 144 ) (-2808 -1584 144 ) 
4 1890 1895 (-3064 -1824 144 ) (-3072 -1824 144 ) (-3072 -1584 144 ) (-3064 -1584 144 ) 
4 1890 1893 (-2552 -1824 144 ) (-2792 -1824 144 ) (-2792 -1584 144 ) (-2552 -1584 144 ) 
4 1890 1891 (-2048 -1824 144 ) (-2280 -1824 144 ) (-2280 -1584 144 ) (-2048 -1584 144 ) 
4 1890 1892 (-2296 -1824 144 ) (-2536 -1824 144 ) (-2536 -1584 144 ) (-2296 -1584 144 ) 
4 1891 1896 (-2048 -1824 128 ) (-2280 -1824 128 ) (-2280 -1584 128 ) (-2048 -1584 128 ) 
4 1892 1896 (-2296 -1824 128 ) (-2536 -1824 128 ) (-2536 -1584 128 ) (-2296 -1584 128 ) 
4 1893 1896 (-2552 -1824 128 ) (-2792 -1824 128 ) (-2792 -1584 128 ) (-2552 -1584 128 ) 
4 1894 1896 (-2808 -1824 128 ) (-3048 -1824 128 ) (-3048 -1584 128 ) (-2808 -1584 128 ) 
4 1895 2159 (-3072 -1824 128 ) (-3072 -1824 144 ) (-3072 -1584 144 ) (-3072 -1584 128 ) 
4 1895 1896 (-3064 -1824 128 ) (-3072 -1824 128 ) (-3072 -1584 128 ) (-3064 -1584 128 ) 
4 1896 2161 (-3072 -1824 -632 ) (-3072 -1824 128 ) (-3072 -1584 128 ) (-3072 -1584 -632 ) 
4 1896 1931 (-3064 -1824 128 ) (-3072 -1824 128 ) (-3072 -1824 -632 ) (-3064 -1824 -632 ) 
4 1896 1925 (-2808 -1824 128 ) (-3048 -1824 128 ) (-3048 -1824 -632 ) (-2808 -1824 -632 ) 
4 1896 1917 (-2552 -1824 128 ) (-2792 -1824 128 ) (-2792 -1824 -632 ) (-2552 -1824 -632 ) 
4 1896 1910 (-2296 -1824 128 ) (-2536 -1824 128 ) (-2536 -1824 -632 ) (-2296 -1824 -632 ) 
4 1896 1903 (-2048 -1824 -632 ) (-2048 -1824 128 ) (-2280 -1824 128 ) (-2280 -1824 -632 ) 
4 1897 1932 (-2048 -1840 1160 ) (-2048 -1840 1608 ) (-2272 -1840 1608 ) (-2272 -1840 1160 ) 
4 1897 1901 (-2272 -1840 1160 ) (-2272 -1840 1608 ) (-2272 -1824 1608 ) (-2272 -1824 1160 ) 
4 1898 1932 (-2048 -1840 904 ) (-2048 -1840 1144 ) (-2272 -1840 1144 ) (-2272 -1840 904 ) 
4 1898 1901 (-2272 -1840 904 ) (-2272 -1840 1144 ) (-2272 -1824 1144 ) (-2272 -1824 904 ) 
4 1899 1932 (-2048 -1840 656 ) (-2048 -1840 888 ) (-2272 -1840 888 ) (-2272 -1840 656 ) 
4 1899 1901 (-2272 -1840 656 ) (-2272 -1840 888 ) (-2272 -1824 888 ) (-2272 -1824 656 ) 
4 1900 1932 (-2048 -1840 400 ) (-2048 -1840 640 ) (-2272 -1840 640 ) (-2272 -1840 400 ) 
4 1900 1901 (-2272 -1824 400 ) (-2272 -1840 400 ) (-2272 -1840 640 ) (-2272 -1824 640 ) 
4 1901 1932 (-2272 -1840 1608 ) (-2280 -1840 1608 ) (-2280 -1840 400 ) (-2272 -1840 400 ) 
4 1902 1932 (-2048 -1840 144 ) (-2048 -1840 384 ) (-2280 -1840 384 ) (-2280 -1840 144 ) 
4 1903 1932 (-2048 -1840 -632 ) (-2048 -1840 128 ) (-2280 -1840 128 ) (-2280 -1840 -632 ) 
4 1904 1932 (-2296 -1840 1160 ) (-2296 -1840 1608 ) (-2528 -1840 1608 ) (-2528 -1840 1160 ) 
4 1904 1907 (-2528 -1840 1160 ) (-2528 -1840 1608 ) (-2528 -1824 1608 ) (-2528 -1824 1160 ) 
4 1905 1932 (-2296 -1840 904 ) (-2296 -1840 1144 ) (-2528 -1840 1144 ) (-2528 -1840 904 ) 
4 1905 1907 (-2528 -1840 904 ) (-2528 -1840 1144 ) (-2528 -1824 1144 ) (-2528 -1824 904 ) 
4 1906 1932 (-2296 -1840 656 ) (-2296 -1840 888 ) (-2528 -1840 888 ) (-2528 -1840 656 ) 
4 1906 1907 (-2528 -1840 656 ) (-2528 -1840 888 ) (-2528 -1824 888 ) (-2528 -1824 656 ) 
4 1907 1932 (-2528 -1840 1608 ) (-2536 -1840 1608 ) (-2536 -1840 640 ) (-2528 -1840 640 ) 
4 1907 1908 (-2536 -1840 640 ) (-2536 -1824 640 ) (-2528 -1824 640 ) (-2528 -1840 640 ) 
4 1908 1932 (-2296 -1840 400 ) (-2296 -1840 640 ) (-2536 -1840 640 ) (-2536 -1840 400 ) 
4 1909 1932 (-2296 -1840 144 ) (-2296 -1840 384 ) (-2536 -1840 384 ) (-2536 -1840 144 ) 
4 1910 1932 (-2296 -1840 -632 ) (-2296 -1840 128 ) (-2536 -1840 128 ) (-2536 -1840 -632 ) 
4 1911 1932 (-2552 -1840 1160 ) (-2552 -1840 1608 ) (-2784 -1840 1608 ) (-2784 -1840 1160 ) 
4 1911 1914 (-2784 -1840 1160 ) (-2784 -1840 1608 ) (-2784 -1824 1608 ) (-2784 -1824 1160 ) 
4 1912 1932 (-2552 -1840 904 ) (-2552 -1840 1144 ) (-2784 -1840 1144 ) (-2784 -1840 904 ) 
4 1912 1914 (-2784 -1840 904 ) (-2784 -1840 1144 ) (-2784 -1824 1144 ) (-2784 -1824 904 ) 
4 1913 1932 (-2552 -1840 656 ) (-2552 -1840 888 ) (-2784 -1840 888 ) (-2784 -1840 656 ) 
4 1913 1914 (-2784 -1840 656 ) (-2784 -1840 888 ) (-2784 -1824 888 ) (-2784 -1824 656 ) 
4 1914 1932 (-2784 -1840 1608 ) (-2792 -1840 1608 ) (-2792 -1840 640 ) (-2784 -1840 640 ) 
4 1914 1915 (-2792 -1840 640 ) (-2792 -1824 640 ) (-2784 -1824 640 ) (-2784 -1840 640 ) 
4 1915 1932 (-2552 -1840 400 ) (-2552 -1840 640 ) (-2792 -1840 640 ) (-2792 -1840 400 ) 
4 1916 1932 (-2552 -1840 144 ) (-2552 -1840 384 ) (-2792 -1840 384 ) (-2792 -1840 144 ) 
4 1917 1932 (-2552 -1840 -632 ) (-2552 -1840 128 ) (-2792 -1840 128 ) (-2792 -1840 -632 ) 
4 1918 1932 (-2808 -1840 1160 ) (-2808 -1840 1608 ) (-3040 -1840 1608 ) (-3040 -1840 1160 ) 
4 1918 1921 (-3040 -1840 1160 ) (-3040 -1840 1608 ) (-3040 -1824 1608 ) (-3040 -1824 1160 ) 
4 1919 1932 (-2808 -1840 904 ) (-2808 -1840 1144 ) (-3040 -1840 1144 ) (-3040 -1840 904 ) 
4 1919 1921 (-3040 -1840 904 ) (-3040 -1840 1144 ) (-3040 -1824 1144 ) (-3040 -1824 904 ) 
4 1920 1932 (-2808 -1840 656 ) (-2808 -1840 888 ) (-3040 -1840 888 ) (-3040 -1840 656 ) 
4 1920 1921 (-3040 -1824 656 ) (-3040 -1840 656 ) (-3040 -1840 888 ) (-3040 -1824 888 ) 
4 1921 1932 (-3040 -1840 1608 ) (-3048 -1840 1608 ) (-3048 -1840 656 ) (-3040 -1840 656 ) 
4 1921 1922 (-3048 -1840 656 ) (-3048 -1824 656 ) (-3040 -1824 656 ) (-3040 -1840 656 ) 
4 1922 1932 (-3040 -1840 656 ) (-3048 -1840 656 ) (-3048 -1840 640 ) (-3040 -1840 640 ) 
4 1922 1923 (-3048 -1840 640 ) (-3048 -1824 640 ) (-3040 -1824 640 ) (-3040 -1840 640 ) 
4 1923 1932 (-2808 -1840 400 ) (-2808 -1840 640 ) (-3048 -1840 640 ) (-3048 -1840 400 ) 
4 1924 1932 (-2808 -1840 144 ) (-2808 -1840 384 ) (-3048 -1840 384 ) (-3048 -1840 144 ) 
4 1925 1932 (-2808 -1840 -632 ) (-2808 -1840 128 ) (-3048 -1840 128 ) (-3048 -1840 -632 ) 
4 1926 2164 (-3072 -1840 1160 ) (-3072 -1840 1608 ) (-3072 -1824 1608 ) (-3072 -1824 1160 ) 
4 1926 1932 (-3072 -1840 1608 ) (-3072 -1840 1160 ) (-3064 -1840 1160 ) (-3064 -1840 1608 ) 
4 1927 2165 (-3072 -1840 904 ) (-3072 -1840 1144 ) (-3072 -1824 1144 ) (-3072 -1824 904 ) 
4 1927 1932 (-3072 -1840 1144 ) (-3072 -1840 904 ) (-3064 -1840 904 ) (-3064 -1840 1144 ) 
4 1928 2166 (-3072 -1840 656 ) (-3072 -1840 888 ) (-3072 -1824 888 ) (-3072 -1824 656 ) 
4 1928 1932 (-3072 -1840 888 ) (-3072 -1840 656 ) (-3064 -1840 656 ) (-3064 -1840 888 ) 
4 1929 2167 (-3072 -1840 400 ) (-3072 -1840 640 ) (-3072 -1824 640 ) (-3072 -1824 400 ) 
4 1929 1932 (-3072 -1840 640 ) (-3072 -1840 400 ) (-3064 -1840 400 ) (-3064 -1840 640 ) 
4 1930 2169 (-3072 -1840 144 ) (-3072 -1840 384 ) (-3072 -1824 384 ) (-3072 -1824 144 ) 
4 1930 1932 (-3072 -1840 384 ) (-3072 -1840 144 ) (-3064 -1840 144 ) (-3064 -1840 384 ) 
4 1931 2170 (-3072 -1840 -632 ) (-3072 -1840 128 ) (-3072 -1824 128 ) (-3072 -1824 -632 ) 
4 1931 1932 (-3072 -1840 128 ) (-3072 -1840 -632 ) (-3064 -1840 -632 ) (-3064 -1840 128 ) 
4 1932 2172 (-3072 -1964 -632 ) (-3072 -1964 1608 ) (-3072 -1840 1608 ) (-3072 -1840 -632 ) 
4 1933 1937 (-3124 512 -360 ) (-3188 512 -360 ) (-3188 820 -360 ) (-3124 820 -360 ) 
4 1934 1937 (-3124 248 -360 ) (-3188 248 -360 ) (-3188 504 -360 ) (-3124 504 -360 ) 
4 1934 1935 (-3284 248 864 ) (-3284 248 736 ) (-3188 248 736 ) (-3188 248 864 ) 
4 1935 1946 (-3292 240 864 ) (-3292 240 736 ) (-3188 240 736 ) (-3188 240 864 ) 
4 1936 1945 (-3124 240 -368 ) (-3072 240 -368 ) (-3072 240 -360 ) (-3124 240 -360 ) 
4 1936 1942 (-3072 240 -368 ) (-3124 240 -368 ) (-3124 248 -368 ) (-3072 248 -368 ) 
4 1937 1940 (-3188 248 -368 ) (-3188 820 -368 ) (-3124 820 -368 ) (-3124 248 -368 ) 
4 1938 1947 (-3292 240 -368 ) (-3188 240 -368 ) (-3188 240 -360 ) (-3292 240 -360 ) 
4 1938 1944 (-3188 240 -368 ) (-3196 240 -368 ) (-3196 248 -368 ) (-3188 248 -368 ) 
4 1939 1942 (-3116 248 -632 ) (-3072 248 -632 ) (-3072 248 -368 ) (-3116 248 -368 ) 
4 1939 1941 (-3116 504 -632 ) (-3116 248 -632 ) (-3116 248 -480 ) (-3116 504 -480 ) 
4 1941 1944 (-3196 248 -632 ) (-3188 248 -632 ) (-3188 248 -480 ) (-3196 248 -480 ) 
4 1941 1943 (-3188 248 -632 ) (-3124 248 -632 ) (-3124 248 -480 ) (-3188 248 -480 ) 
4 1941 1942 (-3124 248 -632 ) (-3116 248 -632 ) (-3116 248 -480 ) (-3124 248 -480 ) 
4 1942 1945 (-3124 240 -632 ) (-3072 240 -632 ) (-3072 240 -368 ) (-3124 240 -368 ) 
4 1942 1943 (-3124 248 -472 ) (-3124 248 -632 ) (-3124 240 -632 ) (-3124 240 -472 ) 
4 1943 1945 (-3188 240 -632 ) (-3124 240 -632 ) (-3124 240 -472 ) (-3188 240 -472 ) 
4 1943 1944 (-3188 248 -472 ) (-3188 248 -632 ) (-3188 240 -632 ) (-3188 240 -472 ) 
4 1944 1947 (-3196 240 -632 ) (-3188 240 -632 ) (-3188 240 -368 ) (-3196 240 -368 ) 
4 1945 1955 (-3188 224 -632 ) (-3072 224 -632 ) (-3072 224 128 ) (-3188 224 128 ) 
4 1945 1954 (-3072 224 144 ) (-3072 224 384 ) (-3188 224 384 ) (-3188 224 144 ) 
4 1945 1953 (-3072 224 400 ) (-3072 224 640 ) (-3188 224 640 ) (-3188 224 400 ) 
4 1945 1951 (-3072 224 904 ) (-3072 224 1144 ) (-3188 224 1144 ) (-3188 224 904 ) 
4 1945 1952 (-3072 224 656 ) (-3072 224 888 ) (-3188 224 888 ) (-3188 224 656 ) 
4 1945 1950 (-3072 224 1160 ) (-3072 224 1608 ) (-3188 224 1608 ) (-3188 224 1160 ) 
4 1945 1946 (-3188 232 736 ) (-3188 232 1608 ) (-3188 240 1608 ) (-3188 240 736 ) 
4 1945 1947 (-3188 240 -632 ) (-3188 232 -632 ) (-3188 232 728 ) (-3188 240 728 ) 
4 1945 1948 (-3188 232 -632 ) (-3188 224 -632 ) (-3188 224 1608 ) (-3188 232 1608 ) 
4 1946 1949 (-3292 232 736 ) (-3292 232 1608 ) (-3292 240 1608 ) (-3292 240 736 ) 
4 1946 1948 (-3292 232 1608 ) (-3292 232 736 ) (-3188 232 736 ) (-3188 232 1608 ) 
4 1947 1948 (-3292 232 728 ) (-3292 232 -632 ) (-3188 232 -632 ) (-3188 232 728 ) 
4 1947 1949 (-3292 240 -632 ) (-3292 232 -632 ) (-3292 232 728 ) (-3292 240 728 ) 
4 1948 1955 (-3292 224 -632 ) (-3188 224 -632 ) (-3188 224 128 ) (-3292 224 128 ) 
4 1948 1954 (-3188 224 144 ) (-3188 224 384 ) (-3292 224 384 ) (-3292 224 144 ) 
4 1948 1953 (-3188 224 400 ) (-3188 224 640 ) (-3292 224 640 ) (-3292 224 400 ) 
4 1948 1951 (-3188 224 904 ) (-3188 224 1144 ) (-3292 224 1144 ) (-3292 224 904 ) 
4 1948 1952 (-3188 224 656 ) (-3188 224 888 ) (-3292 224 888 ) (-3292 224 656 ) 
4 1948 1950 (-3188 224 1160 ) (-3188 224 1608 ) (-3292 224 1608 ) (-3292 224 1160 ) 
4 1948 1949 (-3292 232 -632 ) (-3292 224 -632 ) (-3292 224 1608 ) (-3292 232 1608 ) 
4 1949 1956 (-3304 240 1608 ) (-3304 240 -632 ) (-3304 224 -632 ) (-3304 224 1608 ) 
4 1949 1955 (-3304 224 128 ) (-3304 224 -632 ) (-3292 224 -632 ) (-3292 224 128 ) 
4 1949 1954 (-3304 224 384 ) (-3304 224 144 ) (-3292 224 144 ) (-3292 224 384 ) 
4 1949 1953 (-3304 224 640 ) (-3304 224 400 ) (-3292 224 400 ) (-3292 224 640 ) 
4 1949 1951 (-3304 224 1144 ) (-3304 224 904 ) (-3292 224 904 ) (-3292 224 1144 ) 
4 1949 1952 (-3304 224 888 ) (-3304 224 656 ) (-3292 224 656 ) (-3292 224 888 ) 
4 1949 1950 (-3304 224 1608 ) (-3304 224 1160 ) (-3292 224 1160 ) (-3292 224 1608 ) 
4 1950 1973 (-3260 208 1608 ) (-3304 208 1608 ) (-3304 208 1160 ) (-3260 208 1160 ) 
4 1950 1959 (-3072 208 1160 ) (-3072 208 1608 ) (-3260 208 1608 ) (-3260 208 1160 ) 
4 1951 1977 (-3288 208 1144 ) (-3304 208 1144 ) (-3304 208 904 ) (-3288 208 904 ) 
4 1951 1976 (-3260 208 1144 ) (-3288 208 1144 ) (-3288 208 904 ) (-3260 208 904 ) 
4 1951 1959 (-3072 208 904 ) (-3072 208 1144 ) (-3260 208 1144 ) (-3260 208 904 ) 
4 1952 1994 (-3260 208 888 ) (-3304 208 888 ) (-3304 208 656 ) (-3260 208 656 ) 
4 1952 1959 (-3072 208 656 ) (-3072 208 888 ) (-3260 208 888 ) (-3260 208 656 ) 
4 1953 2002 (-3260 208 640 ) (-3304 208 640 ) (-3304 208 400 ) (-3260 208 400 ) 
4 1953 1959 (-3072 208 400 ) (-3072 208 640 ) (-3260 208 640 ) (-3260 208 400 ) 
4 1954 2025 (-3304 208 160 ) (-3304 208 144 ) (-3260 208 144 ) (-3260 208 160 ) 
4 1954 2016 (-3304 208 223.480011 ) (-3304 208 160 ) (-3260 208 160 ) (-3260 208 223.480011 ) 
4 1954 2002 (-3260 208 384 ) (-3304 208 384 ) (-3304 208 223.480011 ) (-3260 208 223.480011 ) 
4 1954 1959 (-3072 208 144 ) (-3072 208 384 ) (-3260 208 384 ) (-3260 208 144 ) 
4 1955 2026 (-3072 208 -632 ) (-3072 208 128 ) (-3304 208 128 ) (-3304 208 -632 ) 
4 1956 1957 (-3320 240 -632 ) (-3320 224 -632 ) (-3320 224 1608 ) (-3320 240 1608 ) 
4 1957 2028 (-3336 208 144 ) (-3336 208 -632 ) (-3320 208 -632 ) (-3320 208 144 ) 
4 1957 2025 (-3336 208 160 ) (-3336 208 144 ) (-3320 208 144 ) (-3320 208 160 ) 
4 1957 2020 (-3336 208 223.480011 ) (-3336 208 160 ) (-3324 208 160 ) (-3324 208 223.480011 ) 
4 1957 2016 (-3324 208 160 ) (-3320 208 160 ) (-3320 208 223.480011 ) (-3324 208 223.480011 ) 
4 1957 2011 (-3336 208 656 ) (-3336 208 223.480011 ) (-3320 208 223.480011 ) (-3320 208 656 ) 
4 1957 1994 (-3336 208 888 ) (-3336 208 656 ) (-3320 208 656 ) (-3320 208 888 ) 
4 1957 1985 (-3336 208 1144 ) (-3336 208 888 ) (-3320 208 888 ) (-3320 208 1144 ) 
4 1957 1975 (-3320 208 1608 ) (-3336 208 1608 ) (-3336 208 1144 ) (-3320 208 1144 ) 
4 1957 1958 (-3336 240 1055 ) (-3336 240 160 ) (-3336 208 160 ) (-3336 208 1055 ) 
4 1958 2023 (-3340 208 223.480011 ) (-3352 208 223.480011 ) (-3352 208 160 ) (-3340 208 160 ) 
4 1958 2020 (-3336 208 160 ) (-3336 208 223.480011 ) (-3340 208 223.480011 ) (-3340 208 160 ) 
4 1958 2014 (-3340 208 656 ) (-3352 208 656 ) (-3352 208 223.480011 ) (-3340 208 223.480011 ) 
4 1958 2011 (-3336 208 223.480011 ) (-3336 208 656 ) (-3340 208 656 ) (-3340 208 223.480011 ) 
4 1958 2000 (-3340 208 888 ) (-3352 208 888 ) (-3352 208 656 ) (-3340 208 656 ) 
4 1958 1994 (-3336 208 656 ) (-3336 208 888 ) (-3340 208 888 ) (-3340 208 656 ) 
4 1958 1992 (-3340 208 1055 ) (-3352 208 1055 ) (-3352 208 888 ) (-3340 208 888 ) 
4 1958 1989 (-3336 208 888 ) (-3336 208 1055 ) (-3340 208 1055 ) (-3340 208 888 ) 
4 1959 2026 (-3260 192 144 ) (-3260 208 144 ) (-3072 208 144 ) (-3072 192 144 ) 
4 1959 2025 (-3260 208 144 ) (-3260 192 144 ) (-3260 192 160 ) (-3260 208 160 ) 
4 1959 2016 (-3260 192 160 ) (-3260 192 223.480011 ) (-3260 208 223.480011 ) (-3260 208 160 ) 
4 1959 2002 (-3260 192 223.480011 ) (-3260 192 656 ) (-3260 208 656 ) (-3260 208 223.480011 ) 
4 1959 1994 (-3260 192 656 ) (-3260 192 888 ) (-3260 208 888 ) (-3260 208 656 ) 
4 1959 1976 (-3260 192 888 ) (-3260 192 1144 ) (-3260 208 1144 ) (-3260 208 888 ) 
4 1959 1973 (-3260 192 1144 ) (-3260 192 1608 ) (-3260 208 1608 ) (-3260 208 1144 ) 
4 1959 1961 (-3260 192 663 ) (-3260 192 160 ) (-3072 192 160 ) (-3072 192 663 ) 
4 1959 1960 (-3260 192 1608 ) (-3260 192 663 ) (-3072 192 663 ) (-3072 192 1608 ) 
4 1959 1962 (-3260 192 160 ) (-3260 192 144 ) (-3072 192 144 ) (-3072 192 160 ) 
4 1960 1997 (-3260 187 663 ) (-3260 187 663.239990 ) (-3260 192 663.239990 ) (-3260 192 663 ) 
4 1960 1995 (-3260 187 663.239990 ) (-3260 187 888 ) (-3260 192 888 ) (-3260 192 663.239990 ) 
4 1960 1976 (-3260 187 888 ) (-3260 187 1144 ) (-3260 192 1144 ) (-3260 192 888 ) 
4 1960 1973 (-3260 187 1144 ) (-3260 187 1608 ) (-3260 192 1608 ) (-3260 192 1144 ) 
4 1960 1963 (-3260 187 1608 ) (-3260 187 663 ) (-3072 187 663 ) (-3072 187 1608 ) 
4 1960 1961 (-3072 187 663 ) (-3260 187 663 ) (-3260 192 663 ) (-3072 192 663 ) 
4 1961 2017 (-3260 187 160 ) (-3260 187 223.480011 ) (-3260 192 223.480011 ) (-3260 192 160 ) 
4 1961 2003 (-3260 187 223.480011 ) (-3260 187 656 ) (-3260 192 656 ) (-3260 192 223.480011 ) 
4 1961 1998 (-3260 187 656 ) (-3260 187 663 ) (-3260 192 663 ) (-3260 192 656 ) 
4 1961 1962 (-3072 187 160 ) (-3260 187 160 ) (-3260 192 160 ) (-3072 192 160 ) 
4 1961 1963 (-3260 187 663 ) (-3260 187 160 ) (-3072 187 160 ) (-3072 187 663 ) 
4 1962 2026 (-3260 187 144 ) (-3260 192 144 ) (-3072 192 144 ) (-3072 187 144 ) 
4 1962 2025 (-3260 192 144 ) (-3260 187 144 ) (-3260 187 160 ) (-3260 192 160 ) 
4 1962 1963 (-3260 187 160 ) (-3260 187 144 ) (-3072 187 144 ) (-3072 187 160 ) 
4 1963 2026 (-3260 171 144 ) (-3260 187 144 ) (-3072 187 144 ) (-3072 171 144 ) 
4 1963 2025 (-3260 187 144 ) (-3260 171 144 ) (-3260 171 160 ) (-3260 187 160 ) 
4 1963 2018 (-3260 171 160 ) (-3260 171 223.480011 ) (-3260 187 223.480011 ) (-3260 187 160 ) 
4 1963 2004 (-3260 171 223.480011 ) (-3260 171 656 ) (-3260 187 656 ) (-3260 187 223.480011 ) 
4 1963 1999 (-3260 171 656 ) (-3260 171 888 ) (-3260 187 888 ) (-3260 187 656 ) 
4 1963 1976 (-3260 171 888 ) (-3260 171 1144 ) (-3260 187 1144 ) (-3260 187 888 ) 
4 1963 1973 (-3260 171 1144 ) (-3260 171 1608 ) (-3260 187 1608 ) (-3260 187 1144 ) 
4 1963 1967 (-3260 171 479.480042 ) (-3260 171 223.480011 ) (-3072 171 223.480011 ) (-3072 171 479.480042 ) 
4 1963 1968 (-3260 171 215.480011 ) (-3260 171 144 ) (-3072 171 144 ) (-3072 171 215.480011 ) 
4 1963 1965 (-3260 171 1608 ) (-3260 171 735.479980 ) (-3196 171 735.479980 ) (-3196 171 1608 ) 
4 1963 1966 (-3260 171 727.479980 ) (-3260 171 479.480042 ) (-3196 171 479.480042 ) (-3196 171 727.479980 ) 
4 1963 1964 (-3196 171 479.480042 ) (-3072 171 479.480042 ) (-3072 171 1608 ) (-3196 171 1608 ) 
4 1964 2034 (-3084 0 727.479980 ) (-3196 0 727.479980 ) (-3196 0 479.480042 ) (-3084 0 479.480042 ) 
4 1964 2033 (-3072 0 479.480042 ) (-3072 0 727.479980 ) (-3084 0 727.479980 ) (-3084 0 479.480042 ) 
4 1964 2029 (-3072 0 727.479980 ) (-3072 0 1608 ) (-3196 0 1608 ) (-3196 0 727.479980 ) 
4 1964 1970 (-3196 91 479.480042 ) (-3196 107 479.480042 ) (-3084 107 479.480042 ) (-3084 91 479.480042 ) 
4 1964 1969 (-3072 107 479.480042 ) (-3072 0 479.480042 ) (-3084 0 479.480042 ) (-3084 107 479.480042 ) 
4 1964 1967 (-3196 171 479.480042 ) (-3072 171 479.480042 ) (-3072 107 479.480042 ) (-3196 107 479.480042 ) 
4 1964 1965 (-3196 171 1608 ) (-3196 171 735.479980 ) (-3196 0 735.479980 ) (-3196 0 1608 ) 
4 1964 1966 (-3196 171 727.479980 ) (-3196 171 479.480042 ) (-3196 0 479.480042 ) (-3196 0 727.479980 ) 
4 1965 2030 (-3196 0 1608 ) (-3260 0 1608 ) (-3260 0 735.479980 ) (-3196 0 735.479980 ) 
4 1965 1999 (-3260 0 735.479980 ) (-3260 0 888 ) (-3260 171 888 ) (-3260 171 735.479980 ) 
4 1965 1976 (-3260 0 888 ) (-3260 0 1144 ) (-3260 171 1144 ) (-3260 171 888 ) 
4 1965 1973 (-3260 0 1144 ) (-3260 0 1608 ) (-3260 171 1608 ) (-3260 171 1144 ) 
4 1966 2034 (-3244 0 479.480042 ) (-3196 0 479.480042 ) (-3196 0 727.479980 ) (-3244 0 727.479980 ) 
4 1966 2035 (-3260 0 727.479980 ) (-3260 0 479.480042 ) (-3244 0 479.480042 ) (-3244 0 727.479980 ) 
4 1966 2004 (-3260 0 479.480042 ) (-3260 0 656 ) (-3260 171 656 ) (-3260 171 479.480042 ) 
4 1966 1999 (-3260 0 656 ) (-3260 0 727.479980 ) (-3260 171 727.479980 ) (-3260 171 656 ) 
4 1966 1970 (-3244 107 479.480042 ) (-3196 107 479.480042 ) (-3196 91 479.480042 ) (-3244 91 479.480042 ) 
4 1966 1972 (-3260 0 479.480042 ) (-3260 107 479.480042 ) (-3244 107 479.480042 ) (-3244 0 479.480042 ) 
4 1966 1967 (-3260 107 479.480042 ) (-3260 171 479.480042 ) (-3196 171 479.480042 ) (-3196 107 479.480042 ) 
4 1967 2004 (-3260 107 223.480011 ) (-3260 107 479.480042 ) (-3260 171 479.480042 ) (-3260 171 223.480011 ) 
4 1967 1970 (-3084 107 479.480042 ) (-3244 107 479.480042 ) (-3244 107 223.480011 ) (-3084 107 223.480011 ) 
4 1967 1969 (-3072 107 479.480042 ) (-3084 107 479.480042 ) (-3084 107 223.480011 ) (-3072 107 223.480011 ) 
4 1967 1972 (-3244 107 479.480042 ) (-3260 107 479.480042 ) (-3260 107 223.480011 ) (-3244 107 223.480011 ) 
4 1968 2026 (-3260 107 144 ) (-3260 171 144 ) (-3072 171 144 ) (-3072 107 144 ) 
4 1968 2025 (-3260 171 144 ) (-3260 107 144 ) (-3260 107 160 ) (-3260 171 160 ) 
4 1968 2019 (-3260 107 160 ) (-3260 107 215.480011 ) (-3260 171 215.480011 ) (-3260 171 160 ) 
4 1968 1970 (-3244 107 144 ) (-3084 107 144 ) (-3084 107 215.480011 ) (-3244 107 215.480011 ) 
4 1968 1969 (-3084 107 144 ) (-3072 107 144 ) (-3072 107 215.480011 ) (-3084 107 215.480011 ) 
4 1968 1972 (-3260 107 215.480011 ) (-3260 107 144 ) (-3244 107 144 ) (-3244 107 215.480011 ) 
4 1969 2049 (-3072 0 144 ) (-3072 0 159.480011 ) (-3084 0 159.480011 ) (-3084 0 144 ) 
4 1969 2033 (-3072 0 159.480011 ) (-3072 0 479.480042 ) (-3084 0 479.480042 ) (-3084 0 159.480011 ) 
4 1969 2026 (-3072 0 144 ) (-3084 0 144 ) (-3084 107 144 ) (-3072 107 144 ) 
4 1969 1971 (-3084 91 144 ) (-3084 0 144 ) (-3084 0 159.480011 ) (-3084 91 159.480011 ) 
4 1969 1970 (-3084 107 479.480042 ) (-3084 107 144 ) (-3084 91 144 ) (-3084 91 479.480042 ) 
4 1970 2026 (-3244 91 144 ) (-3244 107 144 ) (-3084 107 144 ) (-3084 91 144 ) 
4 1970 1971 (-3244 91 159.480011 ) (-3244 91 144 ) (-3084 91 144 ) (-3084 91 159.480011 ) 
4 1970 1972 (-3244 107 479.480042 ) (-3244 107 144 ) (-3244 91 144 ) (-3244 91 479.480042 ) 
4 1971 2049 (-3244 0 159.480011 ) (-3244 0 144 ) (-3084 0 144 ) (-3084 0 159.480011 ) 
4 1971 2026 (-3084 0 144 ) (-3244 0 144 ) (-3244 91 144 ) (-3084 91 144 ) 
4 1971 1972 (-3244 91 144 ) (-3244 0 144 ) (-3244 0 159.480011 ) (-3244 91 159.480011 ) 
4 1972 2049 (-3260 0 159.480011 ) (-3260 0 144 ) (-3244 0 144 ) (-3244 0 159.480011 ) 
4 1972 2035 (-3244 0 479.480042 ) (-3260 0 479.480042 ) (-3260 0 159.480011 ) (-3244 0 159.480011 ) 
4 1972 2026 (-3244 0 144 ) (-3260 0 144 ) (-3260 107 144 ) (-3244 107 144 ) 
4 1972 2025 (-3260 107 144 ) (-3260 0 144 ) (-3260 0 160 ) (-3260 107 160 ) 
4 1972 2019 (-3260 0 160 ) (-3260 0 215.480011 ) (-3260 107 215.480011 ) (-3260 107 160 ) 
4 1972 2004 (-3260 0 223.480011 ) (-3260 0 479.480042 ) (-3260 107 479.480042 ) (-3260 107 223.480011 ) 
4 1973 2050 (-3260 0 1608 ) (-3304 0 1608 ) (-3304 0 1144 ) (-3260 0 1144 ) 
4 1973 1978 (-3288 192 1144 ) (-3288 187 1144 ) (-3304 187 1144 ) (-3304 192 1144 ) 
4 1973 1977 (-3304 208 1144 ) (-3288 208 1144 ) (-3288 192 1144 ) (-3304 192 1144 ) 
4 1973 1980 (-3288 187 1144 ) (-3288 0 1144 ) (-3304 0 1144 ) (-3304 187 1144 ) 
4 1973 1976 (-3288 208 1144 ) (-3260 208 1144 ) (-3260 0 1144 ) (-3288 0 1144 ) 
4 1973 1974 (-3304 0 1160 ) (-3304 0 1608 ) (-3304 208 1608 ) (-3304 208 1160 ) 
4 1974 2052 (-3304 0 1608 ) (-3320 0 1608 ) (-3320 0 1160 ) (-3304 0 1160 ) 
4 1974 1975 (-3320 0 1160 ) (-3320 0 1608 ) (-3320 208 1608 ) (-3320 208 1160 ) 
4 1975 2101 (-3324 0 1608 ) (-3336 0 1608 ) (-3336 0 1144 ) (-3324 0 1144 ) 
4 1975 2059 (-3320 0 1608 ) (-3324 0 1608 ) (-3324 0 1144 ) (-3320 0 1144 ) 
4 1975 1986 (-3320 192 1144 ) (-3320 187 1144 ) (-3336 187 1144 ) (-3336 192 1144 ) 
4 1975 1985 (-3336 208 1144 ) (-3320 208 1144 ) (-3320 192 1144 ) (-3336 192 1144 ) 
4 1975 1988 (-3320 187 1144 ) (-3320 0 1144 ) (-3336 0 1144 ) (-3336 187 1144 ) 
4 1976 2050 (-3288 0 888 ) (-3260 0 888 ) (-3260 0 1144 ) (-3288 0 1144 ) 
4 1976 1995 (-3260 192 888 ) (-3260 187 888 ) (-3288 187 888 ) (-3288 192 888 ) 
4 1976 1994 (-3288 208 888 ) (-3260 208 888 ) (-3260 192 888 ) (-3288 192 888 ) 
4 1976 1999 (-3260 187 888 ) (-3260 0 888 ) (-3288 0 888 ) (-3288 187 888 ) 
4 1976 1979 (-3288 192 888 ) (-3288 187 888 ) (-3288 187 1055.239990 ) (-3288 192 1055.239990 ) 
4 1976 1978 (-3288 187 1055.239990 ) (-3288 187 1144 ) (-3288 192 1144 ) (-3288 192 1055.239990 ) 
4 1976 1977 (-3288 208 888 ) (-3288 192 888 ) (-3288 192 1144 ) (-3288 208 1144 ) 
4 1976 1980 (-3288 187 888 ) (-3288 0 888 ) (-3288 0 1144 ) (-3288 187 1144 ) 
4 1977 1994 (-3304 208 888 ) (-3288 208 888 ) (-3288 192 888 ) (-3304 192 888 ) 
4 1977 1981 (-3304 192 904 ) (-3304 192 1144 ) (-3304 208 1144 ) (-3304 208 904 ) 
4 1977 1979 (-3304 192 1055.239990 ) (-3304 192 888 ) (-3288 192 888 ) (-3288 192 1055.239990 ) 
4 1977 1978 (-3304 192 1144 ) (-3304 192 1055.239990 ) (-3288 192 1055.239990 ) (-3288 192 1144 ) 
4 1978 1982 (-3304 187 1055.239990 ) (-3304 187 1144 ) (-3304 192 1144 ) (-3304 192 1055.239990 ) 
4 1978 1980 (-3304 187 1144 ) (-3304 187 1055.239990 ) (-3288 187 1055.239990 ) (-3288 187 1144 ) 
4 1978 1979 (-3288 187 1055.239990 ) (-3304 187 1055.239990 ) (-3304 192 1055.239990 ) (-3288 192 1055.239990 ) 
4 1979 1996 (-3288 192 888 ) (-3288 187 888 ) (-3304 187 888 ) (-3304 192 888 ) 
4 1979 1983 (-3304 187 904 ) (-3304 187 1055.239990 ) (-3304 192 1055.239990 ) (-3304 192 904 ) 
4 1979 1980 (-3304 187 1055.239990 ) (-3304 187 888 ) (-3288 187 888 ) (-3288 187 1055.239990 ) 
4 1980 2050 (-3304 0 888 ) (-3288 0 888 ) (-3288 0 1144 ) (-3304 0 1144 ) 
4 1980 1999 (-3288 187 888 ) (-3288 0 888 ) (-3304 0 888 ) (-3304 187 888 ) 
4 1980 1984 (-3304 0 904 ) (-3304 0 1144 ) (-3304 187 1144 ) (-3304 187 904 ) 
4 1981 1985 (-3320 192 1144 ) (-3320 208 1144 ) (-3320 208 904 ) (-3320 192 904 ) 
4 1981 1983 (-3320 192 1055.239990 ) (-3320 192 904 ) (-3304 192 904 ) (-3304 192 1055.239990 ) 
4 1981 1982 (-3320 192 1144 ) (-3320 192 1055.239990 ) (-3304 192 1055.239990 ) (-3304 192 1144 ) 
4 1982 1986 (-3320 187 1144 ) (-3320 192 1144 ) (-3320 192 1055.239990 ) (-3320 187 1055.239990 ) 
4 1982 1984 (-3320 187 1144 ) (-3320 187 1055.239990 ) (-3304 187 1055.239990 ) (-3304 187 1144 ) 
4 1982 1983 (-3304 187 1055.239990 ) (-3320 187 1055.239990 ) (-3320 192 1055.239990 ) (-3304 192 1055.239990 ) 
4 1983 1987 (-3320 192 1055.239990 ) (-3320 192 904 ) (-3320 187 904 ) (-3320 187 1055.239990 ) 
4 1983 1984 (-3320 187 1055.239990 ) (-3320 187 904 ) (-3304 187 904 ) (-3304 187 1055.239990 ) 
4 1984 2053 (-3304 0 904 ) (-3304 0 1144 ) (-3320 0 1144 ) (-3320 0 904 ) 
4 1984 1988 (-3320 0 904 ) (-3320 0 1144 ) (-3320 187 1144 ) (-3320 187 904 ) 
4 1985 1994 (-3336 208 888 ) (-3320 208 888 ) (-3320 192 888 ) (-3336 192 888 ) 
4 1985 1989 (-3336 208 888 ) (-3336 192 888 ) (-3336 192 1055 ) (-3336 208 1055 ) 
4 1985 1987 (-3336 192 1055.239990 ) (-3336 192 888 ) (-3320 192 888 ) (-3320 192 1055.239990 ) 
4 1985 1986 (-3336 192 1144 ) (-3336 192 1055.239990 ) (-3320 192 1055.239990 ) (-3320 192 1144 ) 
4 1986 1988 (-3336 187 1144 ) (-3336 187 1055.239990 ) (-3320 187 1055.239990 ) (-3320 187 1144 ) 
4 1986 1987 (-3320 187 1055.239990 ) (-3336 187 1055.239990 ) (-3336 192 1055.239990 ) (-3320 192 1055.239990 ) 
4 1987 1996 (-3320 192 888 ) (-3320 187 888 ) (-3336 187 888 ) (-3336 192 888 ) 
4 1987 1990 (-3336 192 888 ) (-3336 187 888 ) (-3336 187 1055 ) (-3336 192 1055 ) 
4 1987 1988 (-3336 187 1055.239990 ) (-3336 187 888 ) (-3320 187 888 ) (-3320 187 1055.239990 ) 
4 1988 2102 (-3336 0 888 ) (-3324 0 888 ) (-3324 0 1055 ) (-3336 0 1055 ) 
4 1988 2101 (-3324 0 1055 ) (-3324 0 1144 ) (-3336 0 1144 ) (-3336 0 1055 ) 
4 1988 2059 (-3324 0 888 ) (-3320 0 888 ) (-3320 0 1144 ) (-3324 0 1144 ) 
4 1988 1999 (-3320 187 888 ) (-3320 0 888 ) (-3336 0 888 ) (-3336 187 888 ) 
4 1988 1991 (-3336 187 888 ) (-3336 0 888 ) (-3336 0 1055 ) (-3336 187 1055 ) 
4 1989 1994 (-3340 208 888 ) (-3336 208 888 ) (-3336 192 888 ) (-3340 192 888 ) 
4 1989 1992 (-3340 208 888 ) (-3340 192 888 ) (-3340 192 1055 ) (-3340 208 1055 ) 
4 1989 1990 (-3340 192 1055 ) (-3340 192 888 ) (-3336 192 888 ) (-3336 192 1055 ) 
4 1990 1996 (-3336 192 888 ) (-3336 187 888 ) (-3340 187 888 ) (-3340 192 888 ) 
4 1990 1993 (-3340 192 888 ) (-3340 187 888 ) (-3340 187 1055 ) (-3340 192 1055 ) 
4 1990 1991 (-3340 187 1055 ) (-3340 187 888 ) (-3336 187 888 ) (-3336 187 1055 ) 
4 1991 2102 (-3340 0 888 ) (-3336 0 888 ) (-3336 0 1055 ) (-3340 0 1055 ) 
4 1991 1999 (-3336 187 888 ) (-3336 0 888 ) (-3340 0 888 ) (-3340 187 888 ) 
4 1991 1993 (-3340 187 888 ) (-3340 0 888 ) (-3340 0 1055 ) (-3340 187 1055 ) 
4 1992 2000 (-3352 192 888 ) (-3352 208 888 ) (-3340 208 888 ) (-3340 192 888 ) 
4 1992 1993 (-3352 192 888 ) (-3340 192 888 ) (-3340 192 1055 ) (-3352 192 1055 ) 
4 1993 2103 (-3352 0 1055 ) (-3352 0 888 ) (-3340 0 888 ) (-3340 0 1055 ) 
4 1993 2001 (-3352 0 888 ) (-3352 192 888 ) (-3340 192 888 ) (-3340 0 888 ) 
4 1994 2011 (-3340 208 656 ) (-3320 208 656 ) (-3320 192 656 ) (-3340 192 656 ) 
4 1994 2002 (-3304 208 656 ) (-3260 208 656 ) (-3260 192 656 ) (-3304 192 656 ) 
4 1994 2000 (-3340 208 656 ) (-3340 192 656 ) (-3340 192 888 ) (-3340 208 888 ) 
4 1994 1998 (-3340 192 663 ) (-3340 192 656 ) (-3260 192 656 ) (-3260 192 663 ) 
4 1994 1997 (-3340 192 663.239990 ) (-3340 192 663 ) (-3260 192 663 ) (-3260 192 663.239990 ) 
4 1994 1996 (-3340 192 888 ) (-3340 192 663.239990 ) (-3288 192 663.239990 ) (-3288 192 888 ) 
4 1994 1995 (-3288 192 663.239990 ) (-3260 192 663.239990 ) (-3260 192 888 ) (-3288 192 888 ) 
4 1995 1997 (-3260 187 663.239990 ) (-3288 187 663.239990 ) (-3288 192 663.239990 ) (-3260 192 663.239990 ) 
4 1995 1999 (-3288 187 663.239990 ) (-3260 187 663.239990 ) (-3260 187 888 ) (-3288 187 888 ) 
4 1995 1996 (-3288 192 888 ) (-3288 192 663.239990 ) (-3288 187 663.239990 ) (-3288 187 888 ) 
4 1996 2001 (-3340 187 663.239990 ) (-3340 187 888 ) (-3340 192 888 ) (-3340 192 663.239990 ) 
4 1996 1997 (-3288 187 663.239990 ) (-3340 187 663.239990 ) (-3340 192 663.239990 ) (-3288 192 663.239990 ) 
4 1996 1999 (-3340 187 888 ) (-3340 187 663.239990 ) (-3288 187 663.239990 ) (-3288 187 888 ) 
4 1997 2001 (-3340 187 663 ) (-3340 187 663.239990 ) (-3340 192 663.239990 ) (-3340 192 663 ) 
4 1997 1999 (-3340 187 663.239990 ) (-3340 187 663 ) (-3260 187 663 ) (-3260 187 663.239990 ) 
4 1997 1998 (-3260 187 663 ) (-3340 187 663 ) (-3340 192 663 ) (-3260 192 663 ) 
4 1998 2012 (-3320 187 656 ) (-3340 187 656 ) (-3340 192 656 ) (-3320 192 656 ) 
4 1998 2003 (-3260 192 656 ) (-3260 187 656 ) (-3304 187 656 ) (-3304 192 656 ) 
4 1998 2001 (-3340 192 656 ) (-3340 187 656 ) (-3340 187 663 ) (-3340 192 663 ) 
4 1998 1999 (-3340 187 663 ) (-3340 187 656 ) (-3260 187 656 ) (-3260 187 663 ) 
4 1999 2102 (-3340 0 656 ) (-3324 0 656 ) (-3324 0 888 ) (-3340 0 888 ) 
4 1999 2059 (-3324 0 656 ) (-3320 0 656 ) (-3320 0 888 ) (-3324 0 888 ) 
4 1999 2054 (-3320 0 656 ) (-3304 0 656 ) (-3304 0 888 ) (-3320 0 888 ) 
4 1999 2050 (-3304 0 656 ) (-3260 0 656 ) (-3260 0 888 ) (-3304 0 888 ) 
4 1999 2013 (-3320 0 656 ) (-3340 0 656 ) (-3340 187 656 ) (-3320 187 656 ) 
4 1999 2004 (-3260 187 656 ) (-3260 0 656 ) (-3304 0 656 ) (-3304 187 656 ) 
4 1999 2001 (-3340 187 656 ) (-3340 0 656 ) (-3340 0 888 ) (-3340 187 888 ) 
4 2000 2014 (-3352 192 656 ) (-3352 208 656 ) (-3340 208 656 ) (-3340 192 656 ) 
4 2000 2001 (-3352 192 656 ) (-3340 192 656 ) (-3340 192 888 ) (-3352 192 888 ) 
4 2001 2103 (-3352 0 888 ) (-3352 0 656 ) (-3340 0 656 ) (-3340 0 888 ) 
4 2001 2015 (-3352 0 656 ) (-3352 192 656 ) (-3340 192 656 ) (-3340 0 656 ) 
4 2002 2016 (-3304 208 223.480011 ) (-3260 208 223.480011 ) (-3260 192 223.480011 ) (-3304 192 223.480011 ) 
4 2002 2008 (-3304 208 223.480011 ) (-3304 192 223.480011 ) (-3304 192 384 ) (-3304 208 384 ) 
4 2002 2005 (-3304 192 400 ) (-3304 192 640 ) (-3304 208 640 ) (-3304 208 400 ) 
4 2002 2003 (-3304 192 656 ) (-3304 192 223.480011 ) (-3260 192 223.480011 ) (-3260 192 656 ) 
4 2003 2017 (-3260 192 223.480011 ) (-3260 187 223.480011 ) (-3304 187 223.480011 ) (-3304 192 223.480011 ) 
4 2003 2009 (-3304 192 223.480011 ) (-3304 187 223.480011 ) (-3304 187 384 ) (-3304 192 384 ) 
4 2003 2006 (-3304 187 400 ) (-3304 187 640 ) (-3304 192 640 ) (-3304 192 400 ) 
4 2003 2004 (-3304 187 656 ) (-3304 187 223.480011 ) (-3260 187 223.480011 ) (-3260 187 656 ) 
4 2004 2050 (-3304 0 223.480011 ) (-3260 0 223.480011 ) (-3260 0 656 ) (-3304 0 656 ) 
4 2004 2018 (-3260 187 223.480011 ) (-3260 171 223.480011 ) (-3304 171 223.480011 ) (-3304 187 223.480011 ) 
4 2004 2010 (-3304 187 223.480011 ) (-3304 0 223.480011 ) (-3304 0 384 ) (-3304 187 384 ) 
4 2004 2007 (-3304 0 400 ) (-3304 0 640 ) (-3304 187 640 ) (-3304 187 400 ) 
4 2005 2011 (-3320 192 640 ) (-3320 208 640 ) (-3320 208 400 ) (-3320 192 400 ) 
4 2005 2006 (-3320 192 400 ) (-3304 192 400 ) (-3304 192 640 ) (-3320 192 640 ) 
4 2006 2012 (-3320 187 640 ) (-3320 192 640 ) (-3320 192 400 ) (-3320 187 400 ) 
4 2006 2007 (-3320 187 400 ) (-3304 187 400 ) (-3304 187 640 ) (-3320 187 640 ) 
4 2007 2055 (-3304 0 400 ) (-3304 0 640 ) (-3320 0 640 ) (-3320 0 400 ) 
4 2007 2013 (-3320 0 400 ) (-3320 0 640 ) (-3320 187 640 ) (-3320 187 400 ) 
4 2008 2016 (-3320 208 223.480011 ) (-3304 208 223.480011 ) (-3304 192 223.480011 ) (-3320 192 223.480011 ) 
4 2008 2011 (-3320 208 223.480011 ) (-3320 192 223.480011 ) (-3320 192 384 ) (-3320 208 384 ) 
4 2008 2009 (-3304 192 223.480011 ) (-3304 192 384 ) (-3320 192 384 ) (-3320 192 223.480011 ) 
4 2009 2017 (-3304 192 223.480011 ) (-3304 187 223.480011 ) (-3320 187 223.480011 ) (-3320 192 223.480011 ) 
4 2009 2012 (-3320 192 223.480011 ) (-3320 187 223.480011 ) (-3320 187 384 ) (-3320 192 384 ) 
4 2009 2010 (-3304 187 223.480011 ) (-3304 187 384 ) (-3320 187 384 ) (-3320 187 223.480011 ) 
4 2010 2056 (-3320 0 223.480011 ) (-3304 0 223.480011 ) (-3304 0 384 ) (-3320 0 384 ) 
4 2010 2018 (-3304 187 223.480011 ) (-3304 171 223.480011 ) (-3320 171 223.480011 ) (-3320 187 223.480011 ) 
4 2010 2013 (-3320 187 223.480011 ) (-3320 0 223.480011 ) (-3320 0 384 ) (-3320 187 384 ) 
4 2011 2020 (-3340 208 223.480011 ) (-3324 208 223.480011 ) (-3324 192 223.480011 ) (-3340 192 223.480011 ) 
4 2011 2016 (-3324 208 223.480011 ) (-3320 208 223.480011 ) (-3320 192 223.480011 ) (-3324 192 223.480011 ) 
4 2011 2014 (-3340 208 223.480011 ) (-3340 192 223.480011 ) (-3340 192 656 ) (-3340 208 656 ) 
4 2011 2012 (-3340 192 656 ) (-3340 192 223.480011 ) (-3320 192 223.480011 ) (-3320 192 656 ) 
4 2012 2021 (-3324 187 223.480011 ) (-3340 187 223.480011 ) (-3340 192 223.480011 ) (-3324 192 223.480011 ) 
4 2012 2017 (-3320 192 223.480011 ) (-3320 187 223.480011 ) (-3324 187 223.480011 ) (-3324 192 223.480011 ) 
4 2012 2015 (-3340 192 223.480011 ) (-3340 187 223.480011 ) (-3340 187 656 ) (-3340 192 656 ) 
4 2012 2013 (-3340 187 656 ) (-3340 187 223.480011 ) (-3320 187 223.480011 ) (-3320 187 656 ) 
4 2013 2102 (-3340 0 223.480011 ) (-3324 0 223.480011 ) (-3324 0 656 ) (-3340 0 656 ) 
4 2013 2059 (-3324 0 223.480011 ) (-3320 0 223.480011 ) (-3320 0 656 ) (-3324 0 656 ) 
4 2013 2022 (-3324 0 223.480011 ) (-3340 0 223.480011 ) (-3340 187 223.480011 ) (-3324 187 223.480011 ) 
4 2013 2018 (-3320 187 223.480011 ) (-3320 171 223.480011 ) (-3324 171 223.480011 ) (-3324 187 223.480011 ) 
4 2013 2015 (-3340 187 223.480011 ) (-3340 0 223.480011 ) (-3340 0 656 ) (-3340 187 656 ) 
4 2014 2023 (-3352 192 223.480011 ) (-3352 208 223.480011 ) (-3340 208 223.480011 ) (-3340 192 223.480011 ) 
4 2014 2015 (-3352 192 223.480011 ) (-3340 192 223.480011 ) (-3340 192 656 ) (-3352 192 656 ) 
4 2015 2103 (-3352 0 656 ) (-3352 0 223.480011 ) (-3340 0 223.480011 ) (-3340 0 656 ) 
4 2015 2024 (-3352 0 223.480011 ) (-3352 192 223.480011 ) (-3340 192 223.480011 ) (-3340 0 223.480011 ) 
4 2016 2025 (-3324 208 160 ) (-3260 208 160 ) (-3260 192 160 ) (-3324 192 160 ) 
4 2016 2020 (-3324 208 160 ) (-3324 192 160 ) (-3324 192 223.480011 ) (-3324 208 223.480011 ) 
4 2016 2017 (-3324 192 223.480011 ) (-3324 192 160 ) (-3260 192 160 ) (-3260 192 223.480011 ) 
4 2017 2025 (-3260 192 160 ) (-3260 187 160 ) (-3324 187 160 ) (-3324 192 160 ) 
4 2017 2021 (-3324 192 160 ) (-3324 187 160 ) (-3324 187 223.480011 ) (-3324 192 223.480011 ) 
4 2017 2018 (-3324 187 223.480011 ) (-3324 187 160 ) (-3260 187 160 ) (-3260 187 223.480011 ) 
4 2018 2025 (-3260 187 160 ) (-3260 171 160 ) (-3324 171 160 ) (-3324 187 160 ) 
4 2018 2022 (-3324 187 160 ) (-3324 171 160 ) (-3324 171 223.480011 ) (-3324 187 223.480011 ) 
4 2018 2019 (-3324 171 215.480011 ) (-3324 171 160 ) (-3260 171 160 ) (-3260 171 215.480011 ) 
4 2019 2060 (-3324 0 160 ) (-3320 0 160 ) (-3320 0 215.480011 ) (-3324 0 215.480011 ) 
4 2019 2057 (-3320 0 160 ) (-3304 0 160 ) (-3304 0 215.480011 ) (-3320 0 215.480011 ) 
4 2019 2051 (-3304 0 160 ) (-3260 0 160 ) (-3260 0 215.480011 ) (-3304 0 215.480011 ) 
4 2019 2025 (-3260 171 160 ) (-3260 0 160 ) (-3324 0 160 ) (-3324 171 160 ) 
4 2019 2022 (-3324 171 160 ) (-3324 0 160 ) (-3324 0 215.480011 ) (-3324 171 215.480011 ) 
4 2020 2025 (-3336 208 160 ) (-3324 208 160 ) (-3324 192 160 ) (-3336 192 160 ) 
4 2020 2023 (-3340 208 160 ) (-3340 192 160 ) (-3340 192 223.480011 ) (-3340 208 223.480011 ) 
4 2020 2021 (-3340 192 223.480011 ) (-3340 192 160 ) (-3324 192 160 ) (-3324 192 223.480011 ) 
4 2021 2025 (-3324 192 160 ) (-3324 187 160 ) (-3336 187 160 ) (-3336 192 160 ) 
4 2021 2024 (-3340 192 160 ) (-3340 187 160 ) (-3340 187 223.480011 ) (-3340 192 223.480011 ) 
4 2021 2022 (-3340 187 223.480011 ) (-3340 187 160 ) (-3324 187 160 ) (-3324 187 223.480011 ) 
4 2022 2102 (-3340 0 160 ) (-3324 0 160 ) (-3324 0 223.480011 ) (-3340 0 223.480011 ) 
4 2022 2025 (-3324 187 160 ) (-3324 0 160 ) (-3336 0 160 ) (-3336 187 160 ) 
4 2022 2024 (-3340 187 160 ) (-3340 0 160 ) (-3340 0 223.480011 ) (-3340 187 223.480011 ) 
4 2023 2024 (-3352 192 160 ) (-3340 192 160 ) (-3340 192 223.480011 ) (-3352 192 223.480011 ) 
4 2024 2103 (-3352 0 223.480011 ) (-3352 0 160 ) (-3340 0 160 ) (-3340 0 223.480011 ) 
4 2025 2104 (-3336 0 144 ) (-3324 0 144 ) (-3324 0 160 ) (-3336 0 160 ) 
4 2025 2060 (-3324 0 144 ) (-3320 0 144 ) (-3320 0 160 ) (-3324 0 160 ) 
4 2025 2057 (-3320 0 144 ) (-3304 0 144 ) (-3304 0 160 ) (-3320 0 160 ) 
4 2025 2051 (-3304 0 144 ) (-3260 0 144 ) (-3260 0 160 ) (-3304 0 160 ) 
4 2025 2026 (-3260 0 144 ) (-3304 0 144 ) (-3304 208 144 ) (-3260 208 144 ) 
4 2025 2028 (-3320 0 144 ) (-3336 0 144 ) (-3336 208 144 ) (-3320 208 144 ) 
4 2026 2051 (-3260 0 144 ) (-3304 0 144 ) (-3304 0 -632 ) (-3260 0 -632 ) 
4 2026 2049 (-3072 0 -632 ) (-3072 0 144 ) (-3260 0 144 ) (-3260 0 -632 ) 
4 2026 2027 (-3304 208 -632 ) (-3304 0 -632 ) (-3304 0 128 ) (-3304 208 128 ) 
4 2027 2058 (-3320 0 128 ) (-3320 0 -632 ) (-3304 0 -632 ) (-3304 0 128 ) 
4 2027 2028 (-3320 208 -632 ) (-3320 0 -632 ) (-3320 0 128 ) (-3320 208 128 ) 
4 2028 2104 (-3324 0 144 ) (-3336 0 144 ) (-3336 0 -632 ) (-3324 0 -632 ) 
4 2028 2060 (-3320 0 144 ) (-3324 0 144 ) (-3324 0 -632 ) (-3320 0 -632 ) 
4 2029 2034 (-3196 0 727.479980 ) (-3084 0 727.479980 ) (-3084 -173 727.479980 ) (-3196 -173 727.479980 ) 
4 2029 2033 (-3084 0 727.479980 ) (-3072 0 727.479980 ) (-3072 -173 727.479980 ) (-3084 -173 727.479980 ) 
4 2029 2031 (-3072 -173 735.479980 ) (-3072 -173 1608 ) (-3196 -173 1608 ) (-3196 -173 735.479980 ) 
4 2029 2030 (-3196 -173 735.479980 ) (-3196 -173 1608 ) (-3196 0 1608 ) (-3196 0 735.479980 ) 
4 2030 2065 (-3260 -173 1608 ) (-3260 -48 1608 ) (-3260 -48 735.479980 ) (-3260 -173 735.479980 ) 
4 2030 2061 (-3260 -48 1608 ) (-3260 -32 1608 ) (-3260 -32 735.479980 ) (-3260 -48 735.479980 ) 
4 2030 2050 (-3260 -32 1608 ) (-3260 0 1608 ) (-3260 0 735.479980 ) (-3260 -32 735.479980 ) 
4 2030 2031 (-3260 -173 1608 ) (-3260 -173 735.479980 ) (-3196 -173 735.479980 ) (-3196 -173 1608 ) 
4 2031 2065 (-3260 -237 1608 ) (-3260 -173 1608 ) (-3260 -173 735.479980 ) (-3260 -237 735.479980 ) 
4 2031 2032 (-3260 -237 1608 ) (-3260 -237 735.479980 ) (-3072 -237 735.479980 ) (-3072 -237 1608 ) 
4 2032 2065 (-3260 -277 1608 ) (-3260 -237 1608 ) (-3260 -237 727.479980 ) (-3260 -277 727.479980 ) 
4 2032 2037 (-3084 -277 727.479980 ) (-3072 -277 727.479980 ) (-3072 -277 1055.479980 ) (-3084 -277 1055.479980 ) 
4 2032 2039 (-3260 -277 1055.479980 ) (-3260 -277 727.479980 ) (-3244 -277 727.479980 ) (-3244 -277 1055.479980 ) 
4 2032 2036 (-3260 -277 1608 ) (-3260 -277 1055.479980 ) (-3072 -277 1055.479980 ) (-3072 -277 1608 ) 
4 2032 2034 (-3084 -277 727.479980 ) (-3244 -277 727.479980 ) (-3244 -237 727.479980 ) (-3084 -237 727.479980 ) 
4 2032 2033 (-3072 -277 727.479980 ) (-3084 -277 727.479980 ) (-3084 -237 727.479980 ) (-3072 -237 727.479980 ) 
4 2032 2035 (-3244 -277 727.479980 ) (-3260 -277 727.479980 ) (-3260 -237 727.479980 ) (-3244 -237 727.479980 ) 
4 2033 2049 (-3084 0 159.480011 ) (-3072 0 159.480011 ) (-3072 -277 159.480011 ) (-3084 -277 159.480011 ) 
4 2033 2037 (-3084 -277 159.480011 ) (-3072 -277 159.480011 ) (-3072 -277 727.479980 ) (-3084 -277 727.479980 ) 
4 2033 2034 (-3084 -277 479.480042 ) (-3084 -277 727.479980 ) (-3084 0 727.479980 ) (-3084 0 479.480042 ) 
4 2034 2035 (-3244 -277 479.480042 ) (-3244 -277 727.479980 ) (-3244 0 727.479980 ) (-3244 0 479.480042 ) 
4 2035 2072 (-3260 -48 159.480011 ) (-3260 -277 159.480011 ) (-3260 -277 215.480011 ) (-3260 -48 215.480011 ) 
4 2035 2065 (-3260 -277 223.480011 ) (-3260 -277 727.479980 ) (-3260 -48 727.479980 ) (-3260 -48 223.480011 ) 
4 2035 2063 (-3260 -32 159.480011 ) (-3260 -48 159.480011 ) (-3260 -48 215.480011 ) (-3260 -32 215.480011 ) 
4 2035 2061 (-3260 -48 223.480011 ) (-3260 -48 727.479980 ) (-3260 -32 727.479980 ) (-3260 -32 223.480011 ) 
4 2035 2050 (-3260 0 727.479980 ) (-3260 0 223.480011 ) (-3260 -32 223.480011 ) (-3260 -32 727.479980 ) 
4 2035 2051 (-3260 0 215.480011 ) (-3260 0 159.480011 ) (-3260 -32 159.480011 ) (-3260 -32 215.480011 ) 
4 2035 2049 (-3260 -277 159.480011 ) (-3260 0 159.480011 ) (-3244 0 159.480011 ) (-3244 -277 159.480011 ) 
4 2035 2039 (-3260 -277 727.479980 ) (-3260 -277 159.480011 ) (-3244 -277 159.480011 ) (-3244 -277 727.479980 ) 
4 2036 2105 (-3072 -1024 1055.479980 ) (-3072 -1024 1608 ) (-3260 -1024 1608 ) (-3260 -1024 1055.479980 ) 
4 2036 2094 (-3260 -1024 1055.479980 ) (-3260 -1024 1608 ) (-3260 -560 1608 ) (-3260 -560 1055.479980 ) 
4 2036 2092 (-3260 -560 1608 ) (-3260 -544 1608 ) (-3260 -544 1055.479980 ) (-3260 -560 1055.479980 ) 
4 2036 2080 (-3260 -544 1608 ) (-3260 -304 1608 ) (-3260 -304 1055.479980 ) (-3260 -544 1055.479980 ) 
4 2036 2076 (-3260 -304 1608 ) (-3260 -288 1608 ) (-3260 -288 1055.479980 ) (-3260 -304 1055.479980 ) 
4 2036 2065 (-3260 -288 1608 ) (-3260 -277 1608 ) (-3260 -277 1055.479980 ) (-3260 -288 1055.479980 ) 
4 2036 2048 (-3260 -1024 1055.479980 ) (-3260 -549 1055.479980 ) (-3244 -549 1055.479980 ) (-3244 -1024 1055.479980 ) 
4 2036 2041 (-3260 -501 1055.479980 ) (-3260 -437 1055.479980 ) (-3072 -437 1055.479980 ) (-3072 -501 1055.479980 ) 
4 2036 2040 (-3260 -437 1055.479980 ) (-3260 -405 1055.479980 ) (-3072 -405 1055.479980 ) (-3072 -437 1055.479980 ) 
4 2036 2042 (-3260 -549 1055.479980 ) (-3260 -501 1055.479980 ) (-3072 -501 1055.479980 ) (-3072 -549 1055.479980 ) 
4 2036 2038 (-3084 -389 1055.479980 ) (-3084 -405 1055.479980 ) (-3244 -405 1055.479980 ) (-3244 -389 1055.479980 ) 
4 2036 2037 (-3084 -277 1055.479980 ) (-3072 -277 1055.479980 ) (-3072 -405 1055.479980 ) (-3084 -405 1055.479980 ) 
4 2036 2039 (-3260 -405 1055.479980 ) (-3260 -277 1055.479980 ) (-3244 -277 1055.479980 ) (-3244 -405 1055.479980 ) 
4 2037 2049 (-3084 -277 159.480011 ) (-3072 -277 159.480011 ) (-3072 -405 159.480011 ) (-3084 -405 159.480011 ) 
4 2037 2044 (-3072 -405 348.813263 ) (-3072 -405 863.479980 ) (-3084 -405 863.479980 ) (-3084 -405 340.813232 ) 
4 2037 2043 (-3084 -405 159.480011 ) (-3072 -405 159.480011 ) (-3072 -405 340.813293 ) (-3084 -405 332.813232 ) 
4 2037 2040 (-3072 -405 863.479980 ) (-3072 -405 1055.479980 ) (-3084 -405 1055.479980 ) (-3084 -405 863.479980 ) 
4 2037 2038 (-3084 -405 159.480011 ) (-3084 -405 1055.479980 ) (-3084 -389 1055.479980 ) (-3084 -389 159.480011 ) 
4 2038 2049 (-3084 -389 159.480011 ) (-3084 -405 159.480011 ) (-3244 -405 159.480011 ) (-3244 -389 159.480011 ) 
4 2038 2044 (-3084 -405 340.813202 ) (-3084 -405 863.479980 ) (-3244 -405 863.479980 ) (-3244 -405 234.146729 ) 
4 2038 2043 (-3244 -405 159.480011 ) (-3084 -405 159.480011 ) (-3084 -405 332.813232 ) (-3244 -405 226.146606 ) 
4 2038 2040 (-3084 -405 863.479980 ) (-3084 -405 1055.479980 ) (-3244 -405 1055.479980 ) (-3244 -405 863.479980 ) 
4 2038 2039 (-3244 -405 159.480011 ) (-3244 -405 1055.479980 ) (-3244 -389 1055.479980 ) (-3244 -389 159.480011 ) 
4 2039 2088 (-3260 -304 215.480011 ) (-3260 -304 159.480011 ) (-3260 -405 159.480011 ) (-3260 -405 215.480011 ) 
4 2039 2080 (-3260 -405 1055.479980 ) (-3260 -304 1055.479980 ) (-3260 -304 223.480011 ) (-3260 -405 223.480011 ) 
4 2039 2078 (-3260 -288 215.480011 ) (-3260 -288 159.480011 ) (-3260 -304 159.480011 ) (-3260 -304 215.480011 ) 
4 2039 2076 (-3260 -304 1055.479980 ) (-3260 -288 1055.479980 ) (-3260 -288 223.480011 ) (-3260 -304 223.480011 ) 
4 2039 2072 (-3260 -277 215.480011 ) (-3260 -277 159.480011 ) (-3260 -288 159.480011 ) (-3260 -288 215.480011 ) 
4 2039 2065 (-3260 -288 1055.479980 ) (-3260 -277 1055.479980 ) (-3260 -277 223.480011 ) (-3260 -288 223.480011 ) 
4 2039 2049 (-3260 -405 159.480011 ) (-3260 -277 159.480011 ) (-3244 -277 159.480011 ) (-3244 -405 159.480011 ) 
4 2039 2044 (-3244 -405 234.146606 ) (-3244 -405 863.479980 ) (-3260 -405 863.479980 ) (-3260 -405 223.479980 ) 
4 2039 2043 (-3260 -405 159.480011 ) (-3244 -405 159.480011 ) (-3244 -405 226.146637 ) (-3260 -405 215.479858 ) 
4 2039 2040 (-3244 -405 863.479980 ) (-3244 -405 1055.479980 ) (-3260 -405 1055.479980 ) (-3260 -405 863.479980 ) 
4 2040 2080 (-3260 -437 1055.479980 ) (-3260 -405 1055.479980 ) (-3260 -405 863.479980 ) (-3260 -437 863.479980 ) 
4 2040 2044 (-3260 -437 863.479980 ) (-3260 -405 863.479980 ) (-3072 -405 863.479980 ) (-3072 -437 863.479980 ) 
4 2040 2041 (-3072 -437 871.479980 ) (-3072 -437 1055.479980 ) (-3260 -437 1055.479980 ) (-3260 -437 871.479980 ) 
4 2041 2080 (-3260 -501 1055.479980 ) (-3260 -437 1055.479980 ) (-3260 -437 871.479980 ) (-3260 -501 871.479980 ) 
4 2041 2042 (-3072 -501 871.479980 ) (-3072 -501 1055.479980 ) (-3260 -501 1055.479980 ) (-3260 -501 871.479980 ) 
4 2042 2092 (-3260 -549 1055.479980 ) (-3260 -544 1055.479980 ) (-3260 -544 863.479980 ) (-3260 -549 863.479980 ) 
4 2042 2080 (-3260 -544 1055.479980 ) (-3260 -501 1055.479980 ) (-3260 -501 863.479980 ) (-3260 -544 863.479980 ) 
4 2042 2048 (-3244 -549 1055.479980 ) (-3260 -549 1055.479980 ) (-3260 -549 863.479980 ) (-3244 -549 863.479980 ) 
4 2042 2045 (-3260 -533 863.479980 ) (-3260 -501 863.479980 ) (-3072 -501 863.479980 ) (-3072 -533 863.479980 ) 
4 2042 2047 (-3072 -549 863.479980 ) (-3260 -549 863.479980 ) (-3260 -533 863.479980 ) (-3072 -533 863.479980 ) 
4 2043 2088 (-3260 -405 215.479858 ) (-3260 -405 159.480011 ) (-3260 -469 159.480011 ) (-3260 -469 215.479919 ) 
4 2043 2049 (-3260 -469 159.480011 ) (-3260 -405 159.480011 ) (-3072 -405 159.480011 ) (-3072 -469 159.480011 ) 
3 2043 2045 (-3072 -469 223.480011 ) (-3072 -469 340.813293 ) (-3248 -469 223.480011 ) 
4 2043 2046 (-3260 -469 159.480011 ) (-3072 -469 159.480011 ) (-3072 -469 215.480011 ) (-3260 -469 215.479858 ) 
4 2044 2080 (-3260 -405 863.479980 ) (-3260 -405 223.479980 ) (-3260 -469 223.479889 ) (-3260 -469 863.479980 ) 
4 2044 2045 (-3072 -469 348.813263 ) (-3072 -469 863.479980 ) (-3260 -469 863.479980 ) (-3260 -469 223.479980 ) 
4 2045 2080 (-3260 -533 223.480011 ) (-3260 -533 863.479980 ) (-3260 -469 863.479980 ) (-3260 -469 223.480011 ) 
4 2045 2047 (-3072 -533 223.480011 ) (-3072 -533 863.479980 ) (-3260 -533 863.479980 ) (-3260 -533 223.480011 ) 
4 2046 2088 (-3260 -469 159.480011 ) (-3260 -533 159.480011 ) (-3260 -533 215.480011 ) (-3260 -469 215.480011 ) 
4 2046 2049 (-3260 -533 159.480011 ) (-3260 -469 159.480011 ) (-3072 -469 159.480011 ) (-3072 -533 159.480011 ) 
4 2046 2047 (-3260 -533 159.480011 ) (-3072 -533 159.480011 ) (-3072 -533 215.480011 ) (-3260 -533 215.480011 ) 
4 2047 2092 (-3260 -544 159.480011 ) (-3260 -549 159.480011 ) (-3260 -549 863.479980 ) (-3260 -544 863.479980 ) 
4 2047 2088 (-3260 -533 159.480011 ) (-3260 -544 159.480011 ) (-3260 -544 215.480011 ) (-3260 -533 215.480011 ) 
4 2047 2087 (-3260 -544 215.480011 ) (-3260 -544 223.480011 ) (-3260 -533 223.480011 ) (-3260 -533 215.480011 ) 
4 2047 2080 (-3260 -544 223.480011 ) (-3260 -544 863.479980 ) (-3260 -533 863.479980 ) (-3260 -533 223.480011 ) 
4 2047 2049 (-3260 -549 159.480011 ) (-3260 -533 159.480011 ) (-3072 -533 159.480011 ) (-3072 -549 159.480011 ) 
4 2047 2048 (-3260 -549 159.480011 ) (-3244 -549 159.480011 ) (-3244 -549 863.479980 ) (-3260 -549 863.479980 ) 
4 2048 2108 (-3244 -1024 1055.479980 ) (-3260 -1024 1055.479980 ) (-3260 -1024 159.480011 ) (-3244 -1024 159.480011 ) 
4 2048 2099 (-3260 -789 223.480011 ) (-3260 -560 223.480011 ) (-3260 -560 215.480011 ) (-3260 -789 215.480011 ) 
4 2048 2100 (-3260 -1024 159.480011 ) (-3260 -1024 215.480011 ) (-3260 -560 215.480011 ) (-3260 -560 159.480011 ) 
4 2048 2094 (-3260 -1024 223.480011 ) (-3260 -1024 1055.479980 ) (-3260 -560 1055.479980 ) (-3260 -560 223.480011 ) 
4 2048 2092 (-3260 -560 1055.479980 ) (-3260 -549 1055.479980 ) (-3260 -549 159.480011 ) (-3260 -560 159.480011 ) 
4 2048 2049 (-3260 -1024 159.480011 ) (-3260 -549 159.480011 ) (-3244 -549 159.480011 ) (-3244 -1024 159.480011 ) 
4 2049 2106 (-3072 -1024 -632 ) (-3072 -1024 159.480011 ) (-3244 -1024 159.480011 ) (-3244 -1024 -632 ) 
4 2049 2108 (-3244 -1024 159.480011 ) (-3260 -1024 159.480011 ) (-3260 -1024 -632 ) (-3244 -1024 -632 ) 
4 2049 2100 (-3260 -1024 -632 ) (-3260 -1024 159.480011 ) (-3260 -560 159.480011 ) (-3260 -560 -632 ) 
4 2049 2092 (-3260 -560 159.480011 ) (-3260 -544 159.480011 ) (-3260 -544 -632 ) (-3260 -560 -632 ) 
4 2049 2091 (-3260 -304 128 ) (-3260 -304 -632 ) (-3260 -544 -632 ) (-3260 -544 128 ) 
4 2049 2088 (-3260 -544 159.480011 ) (-3260 -304 159.480011 ) (-3260 -304 128 ) (-3260 -544 128 ) 
4 2049 2078 (-3260 -304 159.480011 ) (-3260 -288 159.480011 ) (-3260 -288 -632 ) (-3260 -304 -632 ) 
4 2049 2072 (-3260 -288 159.480011 ) (-3260 -48 159.480011 ) (-3260 -48 -632 ) (-3260 -288 -632 ) 
4 2049 2063 (-3260 -48 159.480011 ) (-3260 -32 159.480011 ) (-3260 -32 -632 ) (-3260 -48 -632 ) 
4 2049 2051 (-3260 -32 159.480011 ) (-3260 0 159.480011 ) (-3260 0 -632 ) (-3260 -32 -632 ) 
4 2050 2061 (-3260 -32 223.480011 ) (-3260 -32 1608 ) (-3304 -32 1608 ) (-3304 -32 223.480011 ) 
4 2050 2056 (-3304 -32 223.480011 ) (-3304 -32 384 ) (-3304 0 384 ) (-3304 0 223.480011 ) 
4 2050 2055 (-3304 -32 400 ) (-3304 -32 640 ) (-3304 0 640 ) (-3304 0 400 ) 
4 2050 2053 (-3304 -32 904 ) (-3304 -32 1144 ) (-3304 0 1144 ) (-3304 0 904 ) 
4 2050 2054 (-3304 -32 656 ) (-3304 -32 888 ) (-3304 0 888 ) (-3304 0 656 ) 
4 2050 2052 (-3304 -32 1160 ) (-3304 -32 1608 ) (-3304 0 1608 ) (-3304 0 1160 ) 
4 2051 2063 (-3260 -32 -632 ) (-3260 -32 215.480011 ) (-3304 -32 215.480011 ) (-3304 -32 -632 ) 
4 2051 2058 (-3304 -32 -632 ) (-3304 -32 128 ) (-3304 0 128 ) (-3304 0 -632 ) 
4 2051 2057 (-3304 -32 144 ) (-3304 -32 215.480011 ) (-3304 0 215.480011 ) (-3304 0 144 ) 
4 2052 2059 (-3320 -32 1160 ) (-3320 -32 1608 ) (-3320 0 1608 ) (-3320 0 1160 ) 
4 2053 2059 (-3320 -32 904 ) (-3320 -32 1144 ) (-3320 0 1144 ) (-3320 0 904 ) 
4 2054 2059 (-3320 -32 656 ) (-3320 -32 888 ) (-3320 0 888 ) (-3320 0 656 ) 
4 2055 2059 (-3320 -32 400 ) (-3320 -32 640 ) (-3320 0 640 ) (-3320 0 400 ) 
4 2056 2059 (-3320 -32 223.480011 ) (-3320 -32 384 ) (-3320 0 384 ) (-3320 0 223.480011 ) 
4 2057 2060 (-3320 -32 144 ) (-3320 -32 215.480011 ) (-3320 0 215.480011 ) (-3320 0 144 ) 
4 2058 2060 (-3320 -32 -632 ) (-3320 -32 128 ) (-3320 0 128 ) (-3320 0 -632 ) 
4 2059 2102 (-3324 0 1055 ) (-3324 0 223.480011 ) (-3324 -32 223.480011 ) (-3324 -32 1055 ) 
4 2059 2101 (-3324 -32 1608 ) (-3324 0 1608 ) (-3324 0 1055 ) (-3324 -32 1055 ) 
4 2059 2062 (-3324 -32 1608 ) (-3324 -32 223.480011 ) (-3320 -32 223.480011 ) (-3320 -32 1608 ) 
4 2060 2104 (-3324 0 160 ) (-3324 0 -632 ) (-3324 -32 -632 ) (-3324 -32 160 ) 
4 2060 2102 (-3324 0 215.480011 ) (-3324 0 160 ) (-3324 -32 160 ) (-3324 -32 215.480011 ) 
4 2060 2064 (-3324 -32 215.480011 ) (-3324 -32 -632 ) (-3320 -32 -632 ) (-3320 -32 215.480011 ) 
4 2061 2065 (-3260 -48 223.480011 ) (-3260 -48 1608 ) (-3304 -48 1608 ) (-3304 -48 223.480011 ) 
4 2062 2102 (-3324 -32 1055 ) (-3324 -32 223.480011 ) (-3324 -48 223.480011 ) (-3324 -48 1055 ) 
4 2062 2101 (-3324 -48 1608 ) (-3324 -32 1608 ) (-3324 -32 1055 ) (-3324 -48 1055 ) 
4 2062 2071 (-3324 -48 1608 ) (-3324 -48 223.480011 ) (-3320 -48 223.480011 ) (-3320 -48 1608 ) 
4 2063 2072 (-3304 -48 -632 ) (-3260 -48 -632 ) (-3260 -48 215.480011 ) (-3304 -48 215.480011 ) 
4 2064 2104 (-3324 -32 160 ) (-3324 -32 -632 ) (-3324 -48 -632 ) (-3324 -48 160 ) 
4 2064 2102 (-3324 -32 215.480011 ) (-3324 -32 160 ) (-3324 -48 160 ) (-3324 -48 215.480011 ) 
4 2064 2075 (-3324 -48 215.480011 ) (-3324 -48 -632 ) (-3320 -48 -632 ) (-3320 -48 215.480011 ) 
4 2065 2076 (-3304 -288 223.480011 ) (-3260 -288 223.480011 ) (-3260 -288 1608 ) (-3304 -288 1608 ) 
4 2065 2070 (-3304 -48 384 ) (-3304 -48 223.480011 ) (-3304 -288 223.480011 ) (-3304 -288 384 ) 
4 2065 2068 (-3304 -48 888 ) (-3304 -48 656 ) (-3304 -288 656 ) (-3304 -288 888 ) 
4 2065 2069 (-3304 -48 640 ) (-3304 -48 400 ) (-3304 -288 400 ) (-3304 -288 640 ) 
4 2065 2066 (-3304 -48 1608 ) (-3304 -48 1160 ) (-3304 -288 1160 ) (-3304 -288 1608 ) 
4 2065 2067 (-3304 -48 1144 ) (-3304 -48 904 ) (-3304 -288 904 ) (-3304 -288 1144 ) 
4 2066 2071 (-3320 -48 1608 ) (-3320 -48 1160 ) (-3320 -288 1160 ) (-3320 -288 1608 ) 
4 2067 2071 (-3320 -48 1144 ) (-3320 -48 904 ) (-3320 -288 904 ) (-3320 -288 1144 ) 
4 2068 2071 (-3320 -48 888 ) (-3320 -48 656 ) (-3320 -288 656 ) (-3320 -288 888 ) 
4 2069 2071 (-3320 -48 640 ) (-3320 -48 400 ) (-3320 -288 400 ) (-3320 -288 640 ) 
4 2070 2071 (-3320 -48 384 ) (-3320 -48 223.480011 ) (-3320 -288 223.480011 ) (-3320 -288 384 ) 
4 2071 2102 (-3324 -48 1055 ) (-3324 -48 223.480011 ) (-3324 -288 223.480011 ) (-3324 -288 1055 ) 
4 2071 2101 (-3324 -288 1608 ) (-3324 -48 1608 ) (-3324 -48 1055 ) (-3324 -288 1055 ) 
4 2071 2077 (-3324 -288 1608 ) (-3324 -288 223.480011 ) (-3320 -288 223.480011 ) (-3320 -288 1608 ) 
4 2072 2078 (-3304 -288 -632 ) (-3260 -288 -632 ) (-3260 -288 215.480011 ) (-3304 -288 215.480011 ) 
4 2072 2073 (-3304 -288 144 ) (-3304 -288 215.480011 ) (-3304 -48 215.480011 ) (-3304 -48 144 ) 
4 2072 2074 (-3304 -48 -632 ) (-3304 -288 -632 ) (-3304 -288 128 ) (-3304 -48 128 ) 
4 2073 2075 (-3320 -288 144 ) (-3320 -288 215.480011 ) (-3320 -48 215.480011 ) (-3320 -48 144 ) 
4 2074 2075 (-3320 -48 -632 ) (-3320 -288 -632 ) (-3320 -288 128 ) (-3320 -48 128 ) 
4 2075 2104 (-3324 -48 160 ) (-3324 -48 -632 ) (-3324 -288 -632 ) (-3324 -288 160 ) 
4 2075 2102 (-3324 -48 215.480011 ) (-3324 -48 160 ) (-3324 -288 160 ) (-3324 -288 215.480011 ) 
4 2075 2079 (-3324 -288 215.480011 ) (-3324 -288 -632 ) (-3320 -288 -632 ) (-3320 -288 215.480011 ) 
4 2076 2080 (-3260 -304 223.480011 ) (-3260 -304 1608 ) (-3304 -304 1608 ) (-3304 -304 223.480011 ) 
4 2077 2102 (-3324 -288 1055 ) (-3324 -288 223.480011 ) (-3324 -304 223.480011 ) (-3324 -304 1055 ) 
4 2077 2101 (-3324 -304 1608 ) (-3324 -288 1608 ) (-3324 -288 1055 ) (-3324 -304 1055 ) 
4 2077 2086 (-3324 -304 1608 ) (-3324 -304 223.480011 ) (-3320 -304 223.480011 ) (-3320 -304 1608 ) 
4 2078 2091 (-3304 -304 -632 ) (-3260 -304 -632 ) (-3260 -304 128 ) (-3304 -304 128 ) 
4 2078 2088 (-3260 -304 128 ) (-3260 -304 215.480011 ) (-3304 -304 215.480011 ) (-3304 -304 128 ) 
4 2079 2104 (-3324 -288 160 ) (-3324 -288 -632 ) (-3324 -304 -632 ) (-3324 -304 160 ) 
4 2079 2102 (-3324 -288 215.480011 ) (-3324 -288 160 ) (-3324 -304 160 ) (-3324 -304 215.480011 ) 
4 2079 2091 (-3324 -304 128 ) (-3324 -304 -632 ) (-3320 -304 -632 ) (-3320 -304 128 ) 
4 2079 2090 (-3324 -304 215.480011 ) (-3324 -304 128 ) (-3320 -304 128 ) (-3320 -304 215.480011 ) 
4 2080 2092 (-3304 -544 223.480011 ) (-3260 -544 223.480011 ) (-3260 -544 1608 ) (-3304 -544 1608 ) 
4 2080 2087 (-3260 -544 223.480011 ) (-3304 -544 223.480011 ) (-3304 -533 223.480011 ) (-3260 -533 223.480011 ) 
4 2080 2084 (-3304 -304 640 ) (-3304 -304 400 ) (-3304 -544 400 ) (-3304 -544 640 ) 
4 2080 2085 (-3304 -304 384 ) (-3304 -304 223.480011 ) (-3304 -544 223.480011 ) (-3304 -544 384 ) 
4 2080 2082 (-3304 -304 1144 ) (-3304 -304 904 ) (-3304 -544 904 ) (-3304 -544 1144 ) 
4 2080 2083 (-3304 -304 888 ) (-3304 -304 656 ) (-3304 -544 656 ) (-3304 -544 888 ) 
4 2080 2081 (-3304 -304 1608 ) (-3304 -304 1160 ) (-3304 -544 1160 ) (-3304 -544 1608 ) 
4 2081 2086 (-3320 -304 1608 ) (-3320 -304 1160 ) (-3320 -544 1160 ) (-3320 -544 1608 ) 
4 2082 2086 (-3320 -304 1144 ) (-3320 -304 904 ) (-3320 -544 904 ) (-3320 -544 1144 ) 
4 2083 2086 (-3320 -304 888 ) (-3320 -304 656 ) (-3320 -544 656 ) (-3320 -544 888 ) 
4 2084 2086 (-3320 -304 640 ) (-3320 -304 400 ) (-3320 -544 400 ) (-3320 -544 640 ) 
4 2085 2087 (-3304 -544 223.480011 ) (-3320 -544 223.480011 ) (-3320 -533 223.480011 ) (-3304 -533 223.480011 ) 
4 2085 2086 (-3320 -304 384 ) (-3320 -304 223.480011 ) (-3320 -544 223.480011 ) (-3320 -544 384 ) 
4 2086 2102 (-3324 -304 1055 ) (-3324 -304 223.480011 ) (-3324 -544 223.480011 ) (-3324 -544 1055 ) 
4 2086 2101 (-3324 -544 1608 ) (-3324 -304 1608 ) (-3324 -304 1055 ) (-3324 -544 1055 ) 
4 2086 2093 (-3324 -544 1608 ) (-3324 -544 223.480011 ) (-3320 -544 223.480011 ) (-3320 -544 1608 ) 
4 2086 2087 (-3320 -544 223.480011 ) (-3324 -544 223.480011 ) (-3324 -533 223.480011 ) (-3320 -533 223.480011 ) 
4 2087 2102 (-3324 -533 215.480011 ) (-3324 -544 215.480011 ) (-3324 -544 223.480011 ) (-3324 -533 223.480011 ) 
4 2087 2092 (-3304 -544 215.480011 ) (-3260 -544 215.480011 ) (-3260 -544 223.480011 ) (-3304 -544 223.480011 ) 
4 2087 2093 (-3324 -544 223.480011 ) (-3324 -544 215.480011 ) (-3320 -544 215.480011 ) (-3320 -544 223.480011 ) 
4 2087 2089 (-3304 -544 215.480011 ) (-3320 -544 215.480011 ) (-3320 -533 215.480011 ) (-3304 -533 215.480011 ) 
4 2087 2088 (-3260 -544 215.480011 ) (-3304 -544 215.480011 ) (-3304 -533 215.480011 ) (-3260 -533 215.480011 ) 
4 2087 2090 (-3320 -544 215.480011 ) (-3324 -544 215.480011 ) (-3324 -533 215.480011 ) (-3320 -533 215.480011 ) 
4 2088 2092 (-3304 -544 128 ) (-3260 -544 128 ) (-3260 -544 215.480011 ) (-3304 -544 215.480011 ) 
4 2088 2091 (-3260 -544 128 ) (-3304 -544 128 ) (-3304 -304 128 ) (-3260 -304 128 ) 
4 2088 2089 (-3304 -544 144 ) (-3304 -544 215.480011 ) (-3304 -304 215.480011 ) (-3304 -304 144 ) 
4 2089 2090 (-3320 -544 144 ) (-3320 -544 215.480011 ) (-3320 -304 215.480011 ) (-3320 -304 144 ) 
4 2090 2104 (-3324 -304 160 ) (-3324 -304 128 ) (-3324 -544 128 ) (-3324 -544 160 ) 
4 2090 2102 (-3324 -304 215.480011 ) (-3324 -304 160 ) (-3324 -544 160 ) (-3324 -544 215.480011 ) 
4 2090 2093 (-3324 -544 215.480011 ) (-3324 -544 128 ) (-3320 -544 128 ) (-3320 -544 215.480011 ) 
4 2090 2091 (-3320 -544 128 ) (-3324 -544 128 ) (-3324 -304 128 ) (-3320 -304 128 ) 
4 2091 2104 (-3324 -304 128 ) (-3324 -304 -632 ) (-3324 -544 -632 ) (-3324 -544 128 ) 
4 2091 2092 (-3304 -544 -632 ) (-3260 -544 -632 ) (-3260 -544 128 ) (-3304 -544 128 ) 
4 2091 2093 (-3324 -544 128 ) (-3324 -544 -632 ) (-3320 -544 -632 ) (-3320 -544 128 ) 
4 2092 2099 (-3260 -560 215.480011 ) (-3260 -560 223.480011 ) (-3304 -560 223.480011 ) (-3304 -560 215.480011 ) 
4 2092 2100 (-3304 -560 -632 ) (-3260 -560 -632 ) (-3260 -560 215.480011 ) (-3304 -560 215.480011 ) 
4 2092 2095 (-3296 -560 1608 ) (-3304 -560 1608 ) (-3304 -560 1160 ) (-3296 -560 1160 ) 
4 2092 2097 (-3304 -560 1144 ) (-3304 -560 223.480011 ) (-3296 -560 223.480011 ) (-3296 -560 1144 ) 
4 2092 2094 (-3260 -560 223.480011 ) (-3260 -560 1608 ) (-3296 -560 1608 ) (-3296 -560 223.480011 ) 
4 2093 2104 (-3324 -544 160 ) (-3324 -544 -632 ) (-3324 -560 -632 ) (-3324 -560 160 ) 
4 2093 2102 (-3324 -544 1055 ) (-3324 -544 160 ) (-3324 -560 160 ) (-3324 -560 1055 ) 
4 2093 2101 (-3324 -560 1608 ) (-3324 -544 1608 ) (-3324 -544 1055 ) (-3324 -560 1055 ) 
4 2093 2099 (-3324 -560 223.480011 ) (-3324 -560 215.480011 ) (-3320 -560 215.480011 ) (-3320 -560 223.480011 ) 
4 2093 2100 (-3324 -560 215.480011 ) (-3324 -560 -632 ) (-3320 -560 -632 ) (-3320 -560 215.480011 ) 
4 2093 2098 (-3324 -560 1608 ) (-3324 -560 223.480011 ) (-3320 -560 223.480011 ) (-3320 -560 1608 ) 
4 2094 2116 (-3260 -1024 223.480011 ) (-3260 -1024 1144 ) (-3296 -1024 1144 ) (-3296 -1024 223.480011 ) 
4 2094 2112 (-3260 -1024 1144 ) (-3260 -1024 1608 ) (-3296 -1024 1608 ) (-3296 -1024 1144 ) 
4 2094 2099 (-3296 -560 223.480011 ) (-3260 -560 223.480011 ) (-3260 -789 223.480011 ) (-3296 -789 223.480011 ) 
4 2094 2096 (-3296 -800 1144 ) (-3296 -816 1144 ) (-3296 -816 1160 ) (-3296 -800 1160 ) 
4 2094 2095 (-3296 -560 1608 ) (-3296 -560 1160 ) (-3296 -1024 1160 ) (-3296 -1024 1608 ) 
4 2094 2097 (-3296 -560 1144 ) (-3296 -560 223.480011 ) (-3296 -1024 223.480011 ) (-3296 -1024 1144 ) 
4 2095 2113 (-3296 -1024 1608 ) (-3312 -1024 1608 ) (-3312 -1024 1160 ) (-3296 -1024 1160 ) 
4 2095 2096 (-3312 -816 1160 ) (-3312 -800 1160 ) (-3296 -800 1160 ) (-3296 -816 1160 ) 
4 2095 2098 (-3312 -560 1608 ) (-3312 -560 1160 ) (-3312 -1024 1160 ) (-3312 -1024 1608 ) 
4 2096 2097 (-3312 -816 1144 ) (-3312 -800 1144 ) (-3296 -800 1144 ) (-3296 -816 1144 ) 
4 2096 2098 (-3312 -800 1144 ) (-3312 -816 1144 ) (-3312 -816 1160 ) (-3312 -800 1160 ) 
4 2097 2116 (-3312 -1024 1144 ) (-3312 -1024 223.480011 ) (-3296 -1024 223.480011 ) (-3296 -1024 1144 ) 
4 2097 2099 (-3312 -560 223.480011 ) (-3296 -560 223.480011 ) (-3296 -789 223.480011 ) (-3312 -789 223.480011 ) 
4 2097 2098 (-3312 -560 1144 ) (-3312 -560 223.480011 ) (-3312 -1024 223.480011 ) (-3312 -1024 1144 ) 
4 2098 2116 (-3324 -1024 1144 ) (-3324 -1024 223.480011 ) (-3312 -1024 223.480011 ) (-3312 -1024 1144 ) 
4 2098 2115 (-3312 -1024 1608 ) (-3324 -1024 1608 ) (-3324 -1024 1144 ) (-3312 -1024 1144 ) 
4 2098 2102 (-3324 -560 1055 ) (-3324 -560 223.480011 ) (-3324 -1024 223.480011 ) (-3324 -1024 1055 ) 
4 2098 2101 (-3324 -1024 1608 ) (-3324 -560 1608 ) (-3324 -560 1055 ) (-3324 -1024 1055 ) 
4 2098 2099 (-3324 -789 223.480011 ) (-3324 -560 223.480011 ) (-3312 -560 223.480011 ) (-3312 -789 223.480011 ) 
4 2099 2102 (-3324 -560 223.480011 ) (-3324 -560 215.480011 ) (-3324 -789 215.480011 ) (-3324 -789 223.480011 ) 
4 2099 2100 (-3324 -789 215.480011 ) (-3324 -560 215.480011 ) (-3260 -560 215.480011 ) (-3260 -789 215.480011 ) 
4 2100 2118 (-3260 -1024 -632 ) (-3260 -1024 215.480011 ) (-3324 -1024 215.480011 ) (-3324 -1024 -632 ) 
4 2100 2104 (-3324 -560 160 ) (-3324 -560 -632 ) (-3324 -1024 -632 ) (-3324 -1024 160 ) 
4 2100 2102 (-3324 -560 215.480011 ) (-3324 -560 160 ) (-3324 -1024 160 ) (-3324 -1024 215.480011 ) 
4 2101 2119 (-3324 -1024 1055 ) (-3324 -1024 1144 ) (-3336 -1024 1144 ) (-3336 -1024 1055 ) 
4 2101 2115 (-3324 -1024 1144 ) (-3324 -1024 1608 ) (-3336 -1024 1608 ) (-3336 -1024 1144 ) 
4 2101 2102 (-3336 0 1055 ) (-3324 0 1055 ) (-3324 -1024 1055 ) (-3336 -1024 1055 ) 
4 2102 2136 (-3336 -1024 1055 ) (-3340 -1024 1055 ) (-3340 -1024 160 ) (-3336 -1024 160 ) 
4 2102 2119 (-3324 -1024 160 ) (-3324 -1024 1055 ) (-3336 -1024 1055 ) (-3336 -1024 160 ) 
4 2102 2104 (-3324 0 160 ) (-3324 -1024 160 ) (-3336 -1024 160 ) (-3336 0 160 ) 
4 2102 2103 (-3340 0 160 ) (-3340 -1024 160 ) (-3340 -1024 1055 ) (-3340 0 1055 ) 
4 2103 2137 (-3340 -1024 1055 ) (-3352 -1024 1055 ) (-3352 -1024 160 ) (-3340 -1024 160 ) 
4 2104 2119 (-3324 -1024 -632 ) (-3324 -1024 160 ) (-3336 -1024 160 ) (-3336 -1024 -632 ) 
4 2105 2122 (-3072 -1328 1055.479980 ) (-3072 -1328 1608 ) (-3260 -1328 1608 ) (-3260 -1328 1055.479980 ) 
4 2105 2120 (-3260 -1328 1055.479980 ) (-3260 -1328 1608 ) (-3260 -1312 1608 ) (-3260 -1312 1055.479980 ) 
4 2105 2116 (-3260 -1024 1144 ) (-3260 -1024 1055.479980 ) (-3260 -1312 1055.479980 ) (-3260 -1312 1144 ) 
4 2105 2112 (-3260 -1312 1608 ) (-3260 -1024 1608 ) (-3260 -1024 1144 ) (-3260 -1312 1144 ) 
4 2105 2109 (-3260 -1173 1055.479980 ) (-3260 -1109 1055.479980 ) (-3072 -1109 1055.479980 ) (-3072 -1173 1055.479980 ) 
4 2105 2111 (-3072 -1328 1055.479980 ) (-3260 -1328 1055.479980 ) (-3260 -1173 1055.479980 ) (-3072 -1173 1055.479980 ) 
4 2105 2107 (-3072 -1093 1055.479980 ) (-3072 -1109 1055.479980 ) (-3244 -1109 1055.479980 ) (-3244 -1093 1055.479980 ) 
4 2105 2108 (-3260 -1109 1055.479980 ) (-3260 -1024 1055.479980 ) (-3244 -1024 1055.479980 ) (-3244 -1109 1055.479980 ) 
4 2106 2107 (-3244 -1093 159.480011 ) (-3244 -1093 -632 ) (-3072 -1093 -632 ) (-3072 -1093 159.480011 ) 
4 2106 2108 (-3244 -1024 -632 ) (-3244 -1093 -632 ) (-3244 -1093 159.480011 ) (-3244 -1024 159.480011 ) 
4 2107 2109 (-3072 -1109 1055.479980 ) (-3244 -1109 1055.479980 ) (-3244 -1109 223.480011 ) (-3072 -1109 223.480011 ) 
4 2107 2110 (-3244 -1109 215.480011 ) (-3244 -1109 -632 ) (-3072 -1109 -632 ) (-3072 -1109 215.480011 ) 
4 2107 2108 (-3244 -1093 -632 ) (-3244 -1109 -632 ) (-3244 -1109 1055.479980 ) (-3244 -1093 1055.479980 ) 
4 2108 2116 (-3260 -1109 223.480011 ) (-3260 -1109 1055.479980 ) (-3260 -1024 1055.479980 ) (-3260 -1024 223.480011 ) 
4 2108 2118 (-3260 -1024 -632 ) (-3260 -1109 -632 ) (-3260 -1109 215.480011 ) (-3260 -1024 215.480011 ) 
4 2108 2109 (-3244 -1109 1055.479980 ) (-3260 -1109 1055.479980 ) (-3260 -1109 223.480011 ) (-3244 -1109 223.480011 ) 
4 2108 2110 (-3260 -1109 215.480011 ) (-3260 -1109 -632 ) (-3244 -1109 -632 ) (-3244 -1109 215.480011 ) 
4 2109 2116 (-3260 -1173 223.480011 ) (-3260 -1173 1055.479980 ) (-3260 -1109 1055.479980 ) (-3260 -1109 223.480011 ) 
4 2109 2111 (-3072 -1173 1055.479980 ) (-3260 -1173 1055.479980 ) (-3260 -1173 223.480011 ) (-3072 -1173 223.480011 ) 
4 2110 2118 (-3260 -1109 -632 ) (-3260 -1173 -632 ) (-3260 -1173 215.480011 ) (-3260 -1109 215.480011 ) 
4 2110 2111 (-3260 -1173 215.480011 ) (-3260 -1173 -632 ) (-3072 -1173 -632 ) (-3072 -1173 215.480011 ) 
4 2111 2135 (-3260 -1328 -632 ) (-3072 -1328 -632 ) (-3072 -1328 128 ) (-3260 -1328 128 ) 
4 2111 2133 (-3072 -1328 128 ) (-3072 -1328 144 ) (-3260 -1328 144 ) (-3260 -1328 128 ) 
4 2111 2129 (-3072 -1328 144 ) (-3072 -1328 640 ) (-3260 -1328 640 ) (-3260 -1328 144 ) 
4 2111 2126 (-3072 -1328 640 ) (-3072 -1328 888 ) (-3260 -1328 888 ) (-3260 -1328 640 ) 
4 2111 2122 (-3072 -1328 888 ) (-3072 -1328 1055.479980 ) (-3260 -1328 1055.479980 ) (-3260 -1328 888 ) 
4 2111 2120 (-3260 -1312 -632 ) (-3260 -1328 -632 ) (-3260 -1328 1055.479980 ) (-3260 -1312 1055.479980 ) 
4 2111 2117 (-3260 -1312 215.480011 ) (-3260 -1312 223.480011 ) (-3260 -1173 223.480011 ) (-3260 -1173 215.480011 ) 
4 2111 2116 (-3260 -1312 223.480011 ) (-3260 -1312 1055.479980 ) (-3260 -1173 1055.479980 ) (-3260 -1173 223.480011 ) 
4 2111 2118 (-3260 -1173 -632 ) (-3260 -1312 -632 ) (-3260 -1312 215.480011 ) (-3260 -1173 215.480011 ) 
4 2112 2120 (-3260 -1312 1144 ) (-3260 -1312 1608 ) (-3296 -1312 1608 ) (-3296 -1312 1144 ) 
4 2112 2116 (-3260 -1312 1144 ) (-3296 -1312 1144 ) (-3296 -1024 1144 ) (-3260 -1024 1144 ) 
4 2112 2114 (-3296 -1056 1144 ) (-3296 -1072 1144 ) (-3296 -1072 1160 ) (-3296 -1056 1160 ) 
4 2112 2113 (-3296 -1312 1160 ) (-3296 -1312 1608 ) (-3296 -1024 1608 ) (-3296 -1024 1160 ) 
4 2113 2120 (-3296 -1312 1608 ) (-3304 -1312 1608 ) (-3304 -1312 1160 ) (-3296 -1312 1160 ) 
4 2113 2114 (-3312 -1072 1160 ) (-3312 -1056 1160 ) (-3296 -1056 1160 ) (-3296 -1072 1160 ) 
4 2113 2115 (-3312 -1312 1160 ) (-3312 -1312 1608 ) (-3312 -1024 1608 ) (-3312 -1024 1160 ) 
4 2114 2116 (-3312 -1072 1144 ) (-3312 -1056 1144 ) (-3296 -1056 1144 ) (-3296 -1072 1144 ) 
4 2114 2115 (-3312 -1056 1144 ) (-3312 -1072 1144 ) (-3312 -1072 1160 ) (-3312 -1056 1160 ) 
4 2115 2121 (-3320 -1312 1608 ) (-3336 -1312 1608 ) (-3336 -1312 1144 ) (-3320 -1312 1144 ) 
4 2115 2116 (-3312 -1312 1144 ) (-3324 -1312 1144 ) (-3324 -1024 1144 ) (-3312 -1024 1144 ) 
4 2115 2119 (-3324 -1312 1144 ) (-3336 -1312 1144 ) (-3336 -1024 1144 ) (-3324 -1024 1144 ) 
4 2116 2120 (-3260 -1312 223.480011 ) (-3260 -1312 1144 ) (-3304 -1312 1144 ) (-3304 -1312 223.480011 ) 
4 2116 2121 (-3320 -1312 1144 ) (-3324 -1312 1144 ) (-3324 -1312 223.480011 ) (-3320 -1312 223.480011 ) 
4 2116 2117 (-3260 -1312 223.480011 ) (-3324 -1312 223.480011 ) (-3324 -1173 223.480011 ) (-3260 -1173 223.480011 ) 
4 2116 2119 (-3324 -1312 223.480011 ) (-3324 -1312 1144 ) (-3324 -1024 1144 ) (-3324 -1024 223.480011 ) 
4 2117 2120 (-3260 -1312 215.480011 ) (-3260 -1312 223.480011 ) (-3304 -1312 223.480011 ) (-3304 -1312 215.480011 ) 
4 2117 2121 (-3320 -1312 223.480011 ) (-3324 -1312 223.480011 ) (-3324 -1312 215.480011 ) (-3320 -1312 215.480011 ) 
4 2117 2119 (-3324 -1312 215.480011 ) (-3324 -1312 223.480011 ) (-3324 -1173 223.480011 ) (-3324 -1173 215.480011 ) 
4 2117 2118 (-3260 -1312 215.480011 ) (-3324 -1312 215.480011 ) (-3324 -1173 215.480011 ) (-3260 -1173 215.480011 ) 
4 2118 2120 (-3304 -1312 -632 ) (-3260 -1312 -632 ) (-3260 -1312 215.480011 ) (-3304 -1312 215.480011 ) 
4 2118 2121 (-3324 -1312 -632 ) (-3320 -1312 -632 ) (-3320 -1312 215.480011 ) (-3324 -1312 215.480011 ) 
4 2118 2119 (-3324 -1024 -632 ) (-3324 -1312 -632 ) (-3324 -1312 215.480011 ) (-3324 -1024 215.480011 ) 
4 2119 2136 (-3336 -1024 1055 ) (-3336 -1024 160 ) (-3336 -1312 160 ) (-3336 -1312 1055 ) 
4 2119 2121 (-3336 -1312 -632 ) (-3324 -1312 -632 ) (-3324 -1312 1144 ) (-3336 -1312 1144 ) 
4 2120 2135 (-3304 -1328 -632 ) (-3260 -1328 -632 ) (-3260 -1328 128 ) (-3304 -1328 128 ) 
4 2120 2133 (-3260 -1328 128 ) (-3260 -1328 144 ) (-3304 -1328 144 ) (-3304 -1328 128 ) 
4 2120 2129 (-3260 -1328 144 ) (-3260 -1328 640 ) (-3304 -1328 640 ) (-3304 -1328 144 ) 
4 2120 2127 (-3296 -1328 888 ) (-3304 -1328 888 ) (-3304 -1328 656 ) (-3296 -1328 656 ) 
4 2120 2126 (-3260 -1328 640 ) (-3260 -1328 888 ) (-3296 -1328 888 ) (-3296 -1328 640 ) 
4 2120 2124 (-3304 -1328 1144 ) (-3304 -1328 904 ) (-3296 -1328 904 ) (-3296 -1328 1144 ) 
4 2120 2123 (-3296 -1328 1608 ) (-3304 -1328 1608 ) (-3304 -1328 1160 ) (-3296 -1328 1160 ) 
4 2120 2122 (-3260 -1328 888 ) (-3260 -1328 1608 ) (-3296 -1328 1608 ) (-3296 -1328 888 ) 
4 2121 2136 (-3336 -1328 160 ) (-3336 -1328 1055 ) (-3336 -1312 1055 ) (-3336 -1312 160 ) 
4 2121 2135 (-3336 -1328 128 ) (-3336 -1328 -632 ) (-3320 -1328 -632 ) (-3320 -1328 128 ) 
4 2121 2134 (-3336 -1328 144 ) (-3336 -1328 128 ) (-3320 -1328 128 ) (-3320 -1328 144 ) 
4 2121 2132 (-3336 -1328 640 ) (-3336 -1328 144 ) (-3320 -1328 144 ) (-3320 -1328 640 ) 
4 2121 2128 (-3336 -1328 888 ) (-3336 -1328 640 ) (-3320 -1328 640 ) (-3320 -1328 888 ) 
4 2121 2125 (-3336 -1328 1608 ) (-3336 -1328 888 ) (-3320 -1328 888 ) (-3320 -1328 1608 ) 
4 2122 2139 (-3072 -1568 904 ) (-3072 -1568 1144 ) (-3296 -1568 1144 ) (-3296 -1568 904 ) 
4 2122 2138 (-3072 -1568 1160 ) (-3072 -1568 1608 ) (-3296 -1568 1608 ) (-3296 -1568 1160 ) 
4 2122 2126 (-3072 -1568 888 ) (-3296 -1568 888 ) (-3296 -1328 888 ) (-3072 -1328 888 ) 
4 2122 2124 (-3296 -1568 904 ) (-3296 -1568 1144 ) (-3296 -1328 1144 ) (-3296 -1328 904 ) 
4 2122 2123 (-3296 -1568 1160 ) (-3296 -1568 1608 ) (-3296 -1328 1608 ) (-3296 -1328 1160 ) 
4 2123 2142 (-3296 -1568 1608 ) (-3304 -1568 1608 ) (-3304 -1568 1160 ) (-3296 -1568 1160 ) 
4 2123 2125 (-3312 -1568 1160 ) (-3312 -1568 1608 ) (-3312 -1328 1608 ) (-3312 -1328 1160 ) 
4 2124 2142 (-3304 -1568 904 ) (-3296 -1568 904 ) (-3296 -1568 1144 ) (-3304 -1568 1144 ) 
4 2124 2125 (-3312 -1568 904 ) (-3312 -1568 1144 ) (-3312 -1328 1144 ) (-3312 -1328 904 ) 
4 2125 2145 (-3320 -1568 1608 ) (-3336 -1568 1608 ) (-3336 -1568 888 ) (-3320 -1568 888 ) 
4 2125 2136 (-3336 -1568 888 ) (-3336 -1568 1055 ) (-3336 -1328 1055 ) (-3336 -1328 888 ) 
4 2125 2128 (-3312 -1568 888 ) (-3336 -1568 888 ) (-3336 -1328 888 ) (-3312 -1328 888 ) 
4 2126 2140 (-3072 -1568 656 ) (-3072 -1568 888 ) (-3296 -1568 888 ) (-3296 -1568 656 ) 
4 2126 2129 (-3072 -1568 640 ) (-3296 -1568 640 ) (-3296 -1328 640 ) (-3072 -1328 640 ) 
4 2126 2127 (-3296 -1568 656 ) (-3296 -1568 888 ) (-3296 -1328 888 ) (-3296 -1328 656 ) 
4 2127 2142 (-3296 -1568 888 ) (-3304 -1568 888 ) (-3304 -1568 656 ) (-3296 -1568 656 ) 
4 2127 2128 (-3312 -1568 656 ) (-3312 -1568 888 ) (-3312 -1328 888 ) (-3312 -1328 656 ) 
4 2128 2145 (-3320 -1568 888 ) (-3336 -1568 888 ) (-3336 -1568 640 ) (-3320 -1568 640 ) 
4 2128 2136 (-3336 -1568 640 ) (-3336 -1568 888 ) (-3336 -1328 888 ) (-3336 -1328 640 ) 
4 2128 2130 (-3312 -1568 640 ) (-3320 -1568 640 ) (-3320 -1328 640 ) (-3312 -1328 640 ) 
4 2128 2132 (-3320 -1568 640 ) (-3336 -1568 640 ) (-3336 -1328 640 ) (-3320 -1328 640 ) 
4 2129 2143 (-3072 -1568 144 ) (-3072 -1568 384 ) (-3304 -1568 384 ) (-3304 -1568 144 ) 
4 2129 2141 (-3072 -1568 400 ) (-3072 -1568 640 ) (-3296 -1568 640 ) (-3296 -1568 400 ) 
4 2129 2142 (-3296 -1568 640 ) (-3304 -1568 640 ) (-3304 -1568 400 ) (-3296 -1568 400 ) 
4 2129 2133 (-3072 -1568 144 ) (-3304 -1568 144 ) (-3304 -1328 144 ) (-3072 -1328 144 ) 
4 2129 2130 (-3304 -1568 400 ) (-3304 -1568 640 ) (-3304 -1328 640 ) (-3304 -1328 400 ) 
4 2129 2131 (-3304 -1328 144 ) (-3304 -1568 144 ) (-3304 -1568 384 ) (-3304 -1328 384 ) 
4 2130 2132 (-3320 -1568 400 ) (-3320 -1568 640 ) (-3320 -1328 640 ) (-3320 -1328 400 ) 
4 2131 2132 (-3320 -1328 144 ) (-3320 -1568 144 ) (-3320 -1568 384 ) (-3320 -1328 384 ) 
4 2132 2145 (-3320 -1568 640 ) (-3336 -1568 640 ) (-3336 -1568 144 ) (-3320 -1568 144 ) 
4 2132 2136 (-3336 -1568 160 ) (-3336 -1568 640 ) (-3336 -1328 640 ) (-3336 -1328 160 ) 
4 2132 2134 (-3320 -1568 144 ) (-3336 -1568 144 ) (-3336 -1328 144 ) (-3320 -1328 144 ) 
4 2133 2135 (-3072 -1568 128 ) (-3304 -1568 128 ) (-3304 -1328 128 ) (-3072 -1328 128 ) 
4 2134 2145 (-3320 -1568 144 ) (-3336 -1568 144 ) (-3336 -1568 128 ) (-3320 -1568 128 ) 
4 2134 2135 (-3320 -1568 128 ) (-3336 -1568 128 ) (-3336 -1328 128 ) (-3320 -1328 128 ) 
4 2135 2145 (-3320 -1568 128 ) (-3336 -1568 128 ) (-3336 -1568 -632 ) (-3320 -1568 -632 ) 
4 2135 2144 (-3072 -1568 -632 ) (-3072 -1568 128 ) (-3304 -1568 128 ) (-3304 -1568 -632 ) 
4 2136 2146 (-3336 -1568 160 ) (-3336 -1568 1055 ) (-3340 -1568 1055 ) (-3340 -1568 160 ) 
4 2136 2137 (-3340 -1024 160 ) (-3340 -1568 160 ) (-3340 -1568 1055 ) (-3340 -1024 1055 ) 
4 2137 2147 (-3340 -1568 1055 ) (-3352 -1568 1055 ) (-3352 -1568 160 ) (-3340 -1568 160 ) 
4 2138 2148 (-3072 -1584 1160 ) (-3072 -1584 1608 ) (-3296 -1584 1608 ) (-3296 -1584 1160 ) 
4 2138 2142 (-3296 -1584 1160 ) (-3296 -1584 1608 ) (-3296 -1568 1608 ) (-3296 -1568 1160 ) 
4 2139 2148 (-3072 -1584 904 ) (-3072 -1584 1144 ) (-3296 -1584 1144 ) (-3296 -1584 904 ) 
4 2139 2142 (-3296 -1584 904 ) (-3296 -1584 1144 ) (-3296 -1568 1144 ) (-3296 -1568 904 ) 
4 2140 2152 (-3072 -1584 656 ) (-3072 -1584 888 ) (-3296 -1584 888 ) (-3296 -1584 656 ) 
4 2140 2142 (-3296 -1584 656 ) (-3296 -1584 888 ) (-3296 -1568 888 ) (-3296 -1568 656 ) 
4 2141 2155 (-3072 -1584 400 ) (-3072 -1584 640 ) (-3296 -1584 640 ) (-3296 -1584 400 ) 
4 2141 2142 (-3296 -1568 400 ) (-3296 -1584 400 ) (-3296 -1584 640 ) (-3296 -1568 640 ) 
4 2142 2155 (-3304 -1584 640 ) (-3304 -1584 400 ) (-3296 -1584 400 ) (-3296 -1584 640 ) 
4 2142 2153 (-3304 -1584 888 ) (-3304 -1584 656 ) (-3296 -1584 656 ) (-3296 -1584 888 ) 
4 2142 2150 (-3304 -1584 1144 ) (-3304 -1584 904 ) (-3296 -1584 904 ) (-3296 -1584 1144 ) 
4 2142 2149 (-3296 -1584 1608 ) (-3304 -1584 1608 ) (-3304 -1584 1160 ) (-3296 -1584 1160 ) 
4 2143 2155 (-3072 -1584 144 ) (-3072 -1584 384 ) (-3304 -1584 384 ) (-3304 -1584 144 ) 
4 2144 2161 (-3072 -1584 -632 ) (-3072 -1584 128 ) (-3304 -1584 128 ) (-3304 -1584 -632 ) 
4 2145 2161 (-3336 -1584 128 ) (-3336 -1584 -632 ) (-3320 -1584 -632 ) (-3320 -1584 128 ) 
4 2145 2160 (-3336 -1584 144 ) (-3336 -1584 128 ) (-3320 -1584 128 ) (-3320 -1584 144 ) 
4 2145 2158 (-3336 -1584 640 ) (-3336 -1584 144 ) (-3320 -1584 144 ) (-3320 -1584 640 ) 
4 2145 2154 (-3336 -1584 888 ) (-3336 -1584 640 ) (-3320 -1584 640 ) (-3320 -1584 888 ) 
4 2145 2151 (-3320 -1584 1608 ) (-3336 -1584 1608 ) (-3336 -1584 888 ) (-3320 -1584 888 ) 
4 2145 2146 (-3336 -1568 1055 ) (-3336 -1568 160 ) (-3336 -1584 160 ) (-3336 -1584 1055 ) 
4 2146 2162 (-3340 -1584 160 ) (-3336 -1584 160 ) (-3336 -1584 1055 ) (-3340 -1584 1055 ) 
4 2146 2147 (-3340 -1568 160 ) (-3340 -1584 160 ) (-3340 -1584 1055 ) (-3340 -1568 1055 ) 
4 2147 2163 (-3352 -1584 160 ) (-3340 -1584 160 ) (-3340 -1584 1055 ) (-3352 -1584 1055 ) 
4 2148 2165 (-3072 -1824 904 ) (-3072 -1824 1144 ) (-3296 -1824 1144 ) (-3296 -1824 904 ) 
4 2148 2164 (-3072 -1824 1160 ) (-3072 -1824 1608 ) (-3296 -1824 1608 ) (-3296 -1824 1160 ) 
4 2148 2152 (-3072 -1824 888 ) (-3296 -1824 888 ) (-3296 -1584 888 ) (-3072 -1584 888 ) 
4 2148 2150 (-3296 -1824 904 ) (-3296 -1824 1144 ) (-3296 -1584 1144 ) (-3296 -1584 904 ) 
4 2148 2149 (-3296 -1824 1160 ) (-3296 -1824 1608 ) (-3296 -1584 1608 ) (-3296 -1584 1160 ) 
4 2149 2168 (-3296 -1824 1608 ) (-3304 -1824 1608 ) (-3304 -1824 1160 ) (-3296 -1824 1160 ) 
4 2149 2151 (-3312 -1824 1160 ) (-3312 -1824 1608 ) (-3312 -1584 1608 ) (-3312 -1584 1160 ) 
4 2150 2168 (-3304 -1824 904 ) (-3296 -1824 904 ) (-3296 -1824 1144 ) (-3304 -1824 1144 ) 
4 2150 2151 (-3312 -1824 904 ) (-3312 -1824 1144 ) (-3312 -1584 1144 ) (-3312 -1584 904 ) 
4 2151 2171 (-3320 -1824 1608 ) (-3336 -1824 1608 ) (-3336 -1824 888 ) (-3320 -1824 888 ) 
4 2151 2162 (-3336 -1584 1055 ) (-3336 -1584 888 ) (-3336 -1824 888 ) (-3336 -1824 1055 ) 
4 2151 2154 (-3312 -1824 888 ) (-3336 -1824 888 ) (-3336 -1584 888 ) (-3312 -1584 888 ) 
4 2152 2166 (-3072 -1824 656 ) (-3072 -1824 888 ) (-3296 -1824 888 ) (-3296 -1824 656 ) 
4 2152 2155 (-3072 -1824 640 ) (-3296 -1824 640 ) (-3296 -1584 640 ) (-3072 -1584 640 ) 
4 2152 2153 (-3296 -1824 656 ) (-3296 -1824 888 ) (-3296 -1584 888 ) (-3296 -1584 656 ) 
4 2153 2168 (-3296 -1824 888 ) (-3304 -1824 888 ) (-3304 -1824 656 ) (-3296 -1824 656 ) 
4 2153 2154 (-3312 -1824 656 ) (-3312 -1824 888 ) (-3312 -1584 888 ) (-3312 -1584 656 ) 
4 2154 2171 (-3320 -1824 888 ) (-3336 -1824 888 ) (-3336 -1824 640 ) (-3320 -1824 640 ) 
4 2154 2162 (-3336 -1584 888 ) (-3336 -1584 640 ) (-3336 -1824 640 ) (-3336 -1824 888 ) 
4 2154 2156 (-3312 -1824 640 ) (-3320 -1824 640 ) (-3320 -1584 640 ) (-3312 -1584 640 ) 
4 2154 2158 (-3320 -1824 640 ) (-3336 -1824 640 ) (-3336 -1584 640 ) (-3320 -1584 640 ) 
4 2155 2169 (-3072 -1824 144 ) (-3072 -1824 384 ) (-3304 -1824 384 ) (-3304 -1824 144 ) 
4 2155 2167 (-3072 -1824 400 ) (-3072 -1824 640 ) (-3296 -1824 640 ) (-3296 -1824 400 ) 
4 2155 2168 (-3296 -1824 640 ) (-3304 -1824 640 ) (-3304 -1824 400 ) (-3296 -1824 400 ) 
4 2155 2159 (-3072 -1824 144 ) (-3304 -1824 144 ) (-3304 -1584 144 ) (-3072 -1584 144 ) 
4 2155 2156 (-3304 -1824 400 ) (-3304 -1824 640 ) (-3304 -1584 640 ) (-3304 -1584 400 ) 
4 2155 2157 (-3304 -1584 144 ) (-3304 -1824 144 ) (-3304 -1824 384 ) (-3304 -1584 384 ) 
4 2156 2158 (-3320 -1824 400 ) (-3320 -1824 640 ) (-3320 -1584 640 ) (-3320 -1584 400 ) 
4 2157 2158 (-3320 -1584 144 ) (-3320 -1824 144 ) (-3320 -1824 384 ) (-3320 -1584 384 ) 
4 2158 2171 (-3320 -1824 640 ) (-3336 -1824 640 ) (-3336 -1824 144 ) (-3320 -1824 144 ) 
4 2158 2162 (-3336 -1584 640 ) (-3336 -1584 160 ) (-3336 -1824 160 ) (-3336 -1824 640 ) 
4 2158 2160 (-3320 -1824 144 ) (-3336 -1824 144 ) (-3336 -1584 144 ) (-3320 -1584 144 ) 
4 2159 2161 (-3072 -1824 128 ) (-3304 -1824 128 ) (-3304 -1584 128 ) (-3072 -1584 128 ) 
4 2160 2171 (-3320 -1824 144 ) (-3336 -1824 144 ) (-3336 -1824 128 ) (-3320 -1824 128 ) 
4 2160 2161 (-3320 -1824 128 ) (-3336 -1824 128 ) (-3336 -1584 128 ) (-3320 -1584 128 ) 
4 2161 2171 (-3320 -1824 128 ) (-3336 -1824 128 ) (-3336 -1824 -632 ) (-3320 -1824 -632 ) 
4 2161 2170 (-3072 -1824 -632 ) (-3072 -1824 128 ) (-3304 -1824 128 ) (-3304 -1824 -632 ) 
4 2162 2173 (-3340 -1824 160 ) (-3336 -1824 160 ) (-3336 -1824 1055 ) (-3340 -1824 1055 ) 
4 2162 2163 (-3340 -1584 160 ) (-3340 -1824 160 ) (-3340 -1824 1055 ) (-3340 -1584 1055 ) 
4 2163 2174 (-3352 -1824 160 ) (-3340 -1824 160 ) (-3340 -1824 1055 ) (-3352 -1824 1055 ) 
4 2164 2172 (-3072 -1840 1160 ) (-3072 -1840 1608 ) (-3296 -1840 1608 ) (-3296 -1840 1160 ) 
4 2164 2168 (-3296 -1840 1160 ) (-3296 -1840 1608 ) (-3296 -1824 1608 ) (-3296 -1824 1160 ) 
4 2165 2172 (-3072 -1840 904 ) (-3072 -1840 1144 ) (-3296 -1840 1144 ) (-3296 -1840 904 ) 
4 2165 2168 (-3296 -1840 904 ) (-3296 -1840 1144 ) (-3296 -1824 1144 ) (-3296 -1824 904 ) 
4 2166 2172 (-3072 -1840 656 ) (-3072 -1840 888 ) (-3296 -1840 888 ) (-3296 -1840 656 ) 
4 2166 2168 (-3296 -1840 656 ) (-3296 -1840 888 ) (-3296 -1824 888 ) (-3296 -1824 656 ) 
4 2167 2172 (-3072 -1840 400 ) (-3072 -1840 640 ) (-3296 -1840 640 ) (-3296 -1840 400 ) 
4 2167 2168 (-3296 -1824 400 ) (-3296 -1840 400 ) (-3296 -1840 640 ) (-3296 -1824 640 ) 
4 2168 2172 (-3296 -1840 1608 ) (-3304 -1840 1608 ) (-3304 -1840 400 ) (-3296 -1840 400 ) 
4 2169 2172 (-3072 -1840 144 ) (-3072 -1840 384 ) (-3304 -1840 384 ) (-3304 -1840 144 ) 
4 2170 2172 (-3072 -1840 -632 ) (-3072 -1840 128 ) (-3304 -1840 128 ) (-3304 -1840 -632 ) 
4 2171 2173 (-3336 -1824 1055 ) (-3336 -1824 160 ) (-3336 -1840 160 ) (-3336 -1840 1055 ) 
4 2171 2172 (-3336 -1840 1608 ) (-3336 -1840 -632 ) (-3320 -1840 -632 ) (-3320 -1840 1608 ) 
4 2172 2173 (-3336 -1964 160 ) (-3336 -1964 1055 ) (-3336 -1840 1055 ) (-3336 -1840 160 ) 
4 2173 2174 (-3340 -1824 160 ) (-3340 -1964 160 ) (-3340 -1964 1055 ) (-3340 -1824 1055 ) 
